"BRCA","CHOL","COAD","ESCA","HNSC"
"ENSG00000034971.17","ENSG00000224943.1","ENSG00000182938.7","ENSG00000186009.5","ENSG00000126550.10"
"ENSG00000241151.1","ENSG00000194297.2","ENSG00000183034.13","ENSG00000230572.5","ENSG00000197870.12"
"ENSG00000237560.7","ENSG00000258179.1","ENSG00000167916.5","ENSG00000153446.16","ENSG00000151365.2"
"ENSG00000089199.10","ENSG00000141434.12","ENSG00000131482.10","ENSG00000187957.8","ENSG00000157330.10"
"ENSG00000275465.7","ENSG00000253939.1","ENSG00000182271.13","ENSG00000220113.2","ENSG00000181378.14"
"ENSG00000176194.18","ENSG00000197838.5","ENSG00000081800.9","ENSG00000152578.13","ENSG00000187533.14"
"ENSG00000186466.5","ENSG00000277737.3","ENSG00000103375.11","ENSG00000182836.10","ENSG00000178965.14"
"ENSG00000126545.14","ENSG00000286510.1","ENSG00000157005.4","ENSG00000157005.4","ENSG00000165309.14"
"ENSG00000153820.13","ENSG00000287718.1","ENSG00000257335.8","ENSG00000259702.3","ENSG00000157423.18"
"ENSG00000196616.14","ENSG00000285854.1","ENSG00000133742.14","ENSG00000237361.3","ENSG00000204711.9"
"ENSG00000236333.4","ENSG00000251424.1","ENSG00000044012.4","ENSG00000147606.9","ENSG00000160838.14"
"ENSG00000226482.1","ENSG00000262881.1","ENSG00000181092.10","ENSG00000140465.14","ENSG00000188523.9"
"ENSG00000253434.8","ENSG00000159650.9","ENSG00000256518.3","ENSG00000214510.10","ENSG00000004838.14"
"ENSG00000144908.14","ENSG00000237494.1","ENSG00000107611.16","ENSG00000111249.14","ENSG00000153822.14"
"ENSG00000259916.1","ENSG00000253959.1","ENSG00000131096.10","ENSG00000145242.13","ENSG00000160188.10"
"ENSG00000134548.11","ENSG00000042781.14","ENSG00000179520.11","ENSG00000267132.1","ENSG00000152611.12"
"ENSG00000246022.3","ENSG00000251443.2","ENSG00000141434.12","ENSG00000184608.9","ENSG00000230873.9"
"ENSG00000184601.11","ENSG00000118271.12","ENSG00000160868.15","ENSG00000110975.8","ENSG00000173702.7"
"ENSG00000187758.8","ENSG00000278965.1","ENSG00000060566.14","ENSG00000253105.6","ENSG00000131050.11"
"ENSG00000124440.16","ENSG00000230645.2","ENSG00000073734.10","ENSG00000174514.13","ENSG00000270765.6"
"ENSG00000184811.4","ENSG00000236267.1","ENSG00000139144.11","ENSG00000132855.5","ENSG00000012223.13"
"ENSG00000286322.1","ENSG00000224273.2","ENSG00000121871.4","ENSG00000177133.11","ENSG00000103089.9"
"ENSG00000187288.12","ENSG00000251049.2","ENSG00000184601.11","ENSG00000214708.4","ENSG00000164972.13"
"ENSG00000163710.9","ENSG00000271681.1","ENSG00000224721.1","ENSG00000157315.5","ENSG00000119915.5"
"ENSG00000133317.16","ENSG00000256863.1","ENSG00000161649.13","ENSG00000105707.14","ENSG00000187492.9"
"ENSG00000166819.12","ENSG00000287316.1","ENSG00000034971.17","ENSG00000239571.1","ENSG00000162896.6"
"ENSG00000172901.20","ENSG00000256847.1","ENSG00000109132.7","ENSG00000269933.1","ENSG00000156076.10"
"ENSG00000173641.18","ENSG00000205358.4","ENSG00000175161.14","ENSG00000145920.15","ENSG00000197748.13"
"ENSG00000287570.1","ENSG00000112246.10","ENSG00000088386.17","ENSG00000139219.19","ENSG00000187288.12"
"ENSG00000214128.11","ENSG00000238099.3","ENSG00000196660.11","ENSG00000259359.2","ENSG00000187905.10"
"ENSG00000163884.4","ENSG00000175003.15","ENSG00000067842.17","ENSG00000257126.6","ENSG00000127318.11"
"ENSG00000286559.1","ENSG00000150656.15","ENSG00000171246.6","ENSG00000283526.1","ENSG00000203985.11"
"ENSG00000198848.13","ENSG00000116882.15","ENSG00000104332.12","ENSG00000259763.2","ENSG00000101441.4"
"ENSG00000000005.6","ENSG00000084110.11","ENSG00000110975.8","ENSG00000140798.16","ENSG00000250803.6"
"ENSG00000181092.10","ENSG00000164089.9","ENSG00000197273.4","ENSG00000184811.4","ENSG00000198488.10"
"ENSG00000260102.2","ENSG00000249173.6","ENSG00000123560.14","ENSG00000130037.5","ENSG00000100012.12"
"ENSG00000167676.4","ENSG00000174992.8","ENSG00000187714.7","ENSG00000232131.1","ENSG00000124664.11"
"ENSG00000124253.11","ENSG00000254607.2","ENSG00000101098.13","ENSG00000146469.13","ENSG00000229453.2"
"ENSG00000224525.2","ENSG00000144852.19","ENSG00000040731.10","ENSG00000105290.13","ENSG00000114638.8"
"ENSG00000152785.8","ENSG00000253357.1","ENSG00000125851.10","ENSG00000279930.1","ENSG00000176136.6"
"ENSG00000254135.3","ENSG00000120907.18","ENSG00000249948.6","ENSG00000130226.17","ENSG00000124939.6"
"ENSG00000115361.8","ENSG00000249364.6","ENSG00000258274.1","ENSG00000275465.7","ENSG00000127324.9"
"ENSG00000198650.11","ENSG00000021461.17","ENSG00000243955.6","ENSG00000034971.17","ENSG00000215187.12"
"ENSG00000165197.5","ENSG00000238097.2","ENSG00000150625.16","ENSG00000164188.9","ENSG00000140297.13"
"ENSG00000167434.10","ENSG00000181656.7","ENSG00000176194.18","ENSG00000164850.15","ENSG00000160180.15"
"ENSG00000278928.1","ENSG00000253813.1","ENSG00000071991.9","ENSG00000188488.14","ENSG00000140835.10"
"ENSG00000206172.8","ENSG00000248884.1","ENSG00000197953.6","ENSG00000255545.8","ENSG00000157765.13"
"ENSG00000164434.12","ENSG00000139445.18","ENSG00000122585.8","ENSG00000287127.1","ENSG00000062096.15"
"ENSG00000254814.1","ENSG00000279372.1","ENSG00000142959.5","ENSG00000144596.13","ENSG00000165269.13"
"ENSG00000182021.10","ENSG00000230921.1","ENSG00000137675.5","ENSG00000165186.12","ENSG00000198848.13"
"ENSG00000122756.15","ENSG00000160097.20","ENSG00000266200.6","ENSG00000282639.1","ENSG00000187889.13"
"ENSG00000181856.15","ENSG00000140505.7","ENSG00000240498.9","ENSG00000170890.14","ENSG00000180251.5"
"ENSG00000109846.9","ENSG00000228842.3","ENSG00000114771.14","ENSG00000249448.1","ENSG00000103316.12"
"ENSG00000180914.10","ENSG00000235357.2","ENSG00000133800.9","ENSG00000140287.11","ENSG00000205364.4"
"ENSG00000267603.1","ENSG00000099937.11","ENSG00000166573.6","ENSG00000260412.1","ENSG00000100604.13"
"ENSG00000039537.14","ENSG00000284779.2","ENSG00000104267.10","ENSG00000186732.14","ENSG00000178796.13"
"ENSG00000257743.8","ENSG00000196600.12","ENSG00000100604.13","ENSG00000259275.4","ENSG00000237515.9"
"ENSG00000160307.10","ENSG00000142182.9","ENSG00000167281.19","ENSG00000160097.20","ENSG00000112530.11"
"ENSG00000232079.7","ENSG00000249956.4","ENSG00000144339.12","ENSG00000173452.14","ENSG00000186952.15"
"ENSG00000130173.13","ENSG00000188676.13","ENSG00000162706.13","ENSG00000225005.1","ENSG00000267709.1"
"ENSG00000175084.12","ENSG00000118520.15","ENSG00000147588.7","ENSG00000183549.10","ENSG00000157150.5"
"ENSG00000211445.12","ENSG00000218819.6","ENSG00000254645.2","ENSG00000027644.5","ENSG00000179593.16"
"ENSG00000130226.17","ENSG00000172425.12","ENSG00000064205.10","ENSG00000136457.10","ENSG00000184905.9"
"ENSG00000022267.19","ENSG00000240935.6","ENSG00000112232.10","ENSG00000170011.14","ENSG00000174502.19"
"ENSG00000004776.13","ENSG00000172482.5","ENSG00000155816.20","ENSG00000138615.6","ENSG00000149305.7"
"ENSG00000114547.10","ENSG00000110245.12","ENSG00000256843.1","ENSG00000273771.1","ENSG00000160808.11"
"ENSG00000100604.13","ENSG00000143278.5","ENSG00000147724.12","ENSG00000267385.1","ENSG00000176387.7"
"ENSG00000270885.2","ENSG00000100012.12","ENSG00000163295.5","ENSG00000101489.20","ENSG00000287331.1"
"ENSG00000116745.7","ENSG00000266964.6","ENSG00000114200.10","ENSG00000013293.6","ENSG00000177459.11"
"ENSG00000138039.15","ENSG00000279218.1","ENSG00000187783.12","ENSG00000101098.13","ENSG00000158486.13"
"ENSG00000226622.6","ENSG00000104938.18","ENSG00000167654.18","ENSG00000247809.9","ENSG00000135480.16"
"ENSG00000171819.5","ENSG00000079557.5","ENSG00000225731.1","ENSG00000122012.14","ENSG00000140057.9"
"ENSG00000072657.9","ENSG00000187758.8","ENSG00000262543.2","ENSG00000251544.1","ENSG00000197177.15"
"ENSG00000180440.4","ENSG00000286081.1","ENSG00000116194.13","ENSG00000006071.15","ENSG00000183196.10"
"ENSG00000215483.11","ENSG00000256811.1","ENSG00000122852.15","ENSG00000270230.1","ENSG00000124678.20"
"ENSG00000188257.12","ENSG00000111700.13","ENSG00000168447.11","ENSG00000253317.1","ENSG00000268628.2"
"ENSG00000271826.5","ENSG00000167014.11","ENSG00000164326.5","ENSG00000163884.4","ENSG00000214456.8"
"ENSG00000091138.13","ENSG00000232650.6","ENSG00000271952.2","ENSG00000066032.18","ENSG00000100218.12"
"ENSG00000101938.15","ENSG00000229740.3","ENSG00000245870.4","ENSG00000161649.13","ENSG00000203952.9"
"ENSG00000179796.12","ENSG00000248676.1","ENSG00000173237.4","ENSG00000180712.4","ENSG00000198643.7"
"ENSG00000156076.10","ENSG00000158104.11","ENSG00000206579.9","ENSG00000180287.17","ENSG00000185942.13"
"ENSG00000261054.1","ENSG00000156006.5","ENSG00000119121.22","ENSG00000211669.3","ENSG00000136457.10"
"ENSG00000226005.5","ENSG00000166183.16","ENSG00000164756.12","ENSG00000277135.1","ENSG00000019102.12"
"ENSG00000135447.17","ENSG00000055957.11","ENSG00000260230.5","ENSG00000004799.8","ENSG00000134824.14"
"ENSG00000187957.8","ENSG00000227712.2","ENSG00000108018.15","ENSG00000227392.2","ENSG00000119147.10"
"ENSG00000280302.1","ENSG00000203972.10","ENSG00000256193.6","ENSG00000232177.1","ENSG00000268555.2"
"ENSG00000168497.5","ENSG00000215124.2","ENSG00000165072.10","ENSG00000120907.18","ENSG00000225969.2"
"ENSG00000131095.13","ENSG00000145192.13","ENSG00000279835.1","ENSG00000170743.17","ENSG00000215559.8"
"ENSG00000197766.8","ENSG00000286789.1","ENSG00000155850.8","ENSG00000167654.18","ENSG00000094755.17"
"ENSG00000236751.2","ENSG00000151892.15","ENSG00000165478.7","ENSG00000148288.13","ENSG00000203697.12"
"ENSG00000004799.8","ENSG00000128313.2","ENSG00000213996.13","ENSG00000270906.1","ENSG00000143520.6"
"ENSG00000267069.1","ENSG00000270385.1","ENSG00000173930.9","ENSG00000214491.8","ENSG00000114771.14"
"ENSG00000277270.2","ENSG00000101323.5","ENSG00000214381.6","ENSG00000134571.11","ENSG00000164879.7"
"ENSG00000287313.1","ENSG00000224570.1","ENSG00000135220.11","ENSG00000173826.15","ENSG00000001626.16"
"ENSG00000255216.2","ENSG00000146166.17","ENSG00000018625.15","ENSG00000130643.9","ENSG00000171811.14"
"ENSG00000124003.13","ENSG00000257878.1","ENSG00000268555.2","ENSG00000115361.8","ENSG00000099960.13"
"ENSG00000254211.6","ENSG00000231487.1","ENSG00000169760.17","ENSG00000236882.8","ENSG00000277639.2"
"ENSG00000119927.14","ENSG00000253199.2","ENSG00000106278.12","ENSG00000163792.6","ENSG00000171533.11"
"ENSG00000224318.6","ENSG00000243384.1","ENSG00000250961.2","ENSG00000187783.12","ENSG00000109906.14"
"ENSG00000158445.10","ENSG00000217228.1","ENSG00000186198.4","ENSG00000211655.3","ENSG00000092054.13"
"ENSG00000153822.14","ENSG00000230333.6","ENSG00000248174.6","ENSG00000144331.20","ENSG00000172915.18"
"ENSG00000187134.14","ENSG00000123454.12","ENSG00000249690.1","ENSG00000175161.14","ENSG00000167183.3"
"ENSG00000104332.12","ENSG00000223922.1","ENSG00000111404.7","ENSG00000077943.8","ENSG00000120885.22"
"ENSG00000135424.18","ENSG00000228980.4","ENSG00000169933.16","ENSG00000189398.5","ENSG00000163071.11"
"ENSG00000265554.2","ENSG00000232451.2","ENSG00000108231.14","ENSG00000168702.18","ENSG00000233834.6"
"ENSG00000111404.7","ENSG00000106927.12","ENSG00000118733.17","ENSG00000170091.11","ENSG00000109794.13"
"ENSG00000231290.6","ENSG00000244067.3","ENSG00000172995.16","ENSG00000187922.14","ENSG00000108602.18"
"ENSG00000234235.1","ENSG00000158571.11","ENSG00000287281.1","ENSG00000112562.19","ENSG00000105388.16"
"ENSG00000228639.8","ENSG00000135447.17","ENSG00000015592.16","ENSG00000213069.3","ENSG00000091262.16"
"ENSG00000168309.18","ENSG00000132837.15","ENSG00000168079.17","ENSG00000164326.5","ENSG00000204542.3"
"ENSG00000179270.7","ENSG00000287933.1","ENSG00000135298.14","ENSG00000161896.12","ENSG00000158423.17"
"ENSG00000259129.6","ENSG00000131482.10","ENSG00000198049.7","ENSG00000122176.12","ENSG00000228541.1"
"ENSG00000237813.4","ENSG00000123453.18","ENSG00000182050.13","ENSG00000278989.1","ENSG00000108244.17"
"ENSG00000267122.1","ENSG00000005421.9","ENSG00000170091.11","ENSG00000262118.1","ENSG00000148346.12"
"ENSG00000231367.6","ENSG00000162365.12","ENSG00000091138.13","ENSG00000127083.7","ENSG00000189377.9"
"ENSG00000172137.19","ENSG00000066813.14","ENSG00000225383.8","ENSG00000234571.2","ENSG00000143412.10"
"ENSG00000266573.6","ENSG00000236117.1","ENSG00000133169.6","ENSG00000155816.20","ENSG00000065717.15"
"ENSG00000101280.8","ENSG00000145826.9","ENSG00000138650.9","ENSG00000104112.9","ENSG00000079385.23"
"ENSG00000229544.9","ENSG00000009724.17","ENSG00000183230.17","ENSG00000102452.18","ENSG00000253368.4"
"ENSG00000094963.14","ENSG00000286714.1","ENSG00000164106.8","ENSG00000139220.17","ENSG00000285873.1"
"ENSG00000272411.1","ENSG00000256020.1","ENSG00000184809.13","ENSG00000180210.15","ENSG00000173013.6"
"ENSG00000229246.2","ENSG00000250333.2","ENSG00000168060.16","ENSG00000280048.1","ENSG00000166816.15"
"ENSG00000259446.6","ENSG00000280587.1","ENSG00000112936.19","ENSG00000278967.1","ENSG00000168309.18"
"ENSG00000168874.13","ENSG00000109758.9","ENSG00000036672.16","ENSG00000155428.12","ENSG00000143416.21"
"ENSG00000287609.1","ENSG00000261058.1","ENSG00000235140.2","ENSG00000133116.8","ENSG00000257017.9"
"ENSG00000225472.2","ENSG00000187048.13","ENSG00000239205.1","ENSG00000189292.16","ENSG00000189143.9"
"ENSG00000181195.11","ENSG00000151948.12","ENSG00000108381.11","ENSG00000174944.9","ENSG00000149260.18"
"ENSG00000258545.6","ENSG00000188338.15","ENSG00000169181.13","ENSG00000255350.1","ENSG00000225028.1"
"ENSG00000101542.10","ENSG00000224916.9","ENSG00000132915.11","ENSG00000205929.11","ENSG00000230825.2"
"ENSG00000225194.3","ENSG00000138207.14","ENSG00000007306.15","ENSG00000181234.9","ENSG00000263155.6"
"ENSG00000280429.1","ENSG00000228291.1","ENSG00000225398.3","ENSG00000267461.1","ENSG00000115255.12"
"ENSG00000009950.16","ENSG00000198610.11","ENSG00000013293.6","ENSG00000197599.12","ENSG00000166920.13"
"ENSG00000143125.6","ENSG00000250436.1","ENSG00000232175.1","ENSG00000065609.14","ENSG00000188277.10"
"ENSG00000232821.1","ENSG00000277526.5","ENSG00000156959.9","ENSG00000141338.14","ENSG00000124107.5"
"ENSG00000167614.14","ENSG00000151726.15","ENSG00000165462.5","ENSG00000053918.18","ENSG00000141854.9"
"ENSG00000287666.1","ENSG00000139344.8","ENSG00000185149.6","ENSG00000152779.14","ENSG00000183742.13"
"ENSG00000255960.1","ENSG00000226622.6","ENSG00000162461.8","ENSG00000279976.1","ENSG00000149654.11"
"ENSG00000250266.2","ENSG00000271992.1","ENSG00000120057.5","ENSG00000139055.7","ENSG00000091137.14"
"ENSG00000146678.10","ENSG00000235310.1","ENSG00000277586.4","ENSG00000104435.14","ENSG00000137501.17"
"ENSG00000248869.7","ENSG00000288669.1","ENSG00000111732.11","ENSG00000231777.1","ENSG00000145864.14"
"ENSG00000229312.2","ENSG00000121871.4","ENSG00000078549.15","ENSG00000185818.8","ENSG00000196352.16"
"ENSG00000228695.10","ENSG00000253525.1","ENSG00000092009.10","ENSG00000176563.10","ENSG00000159212.13"
"ENSG00000189367.15","ENSG00000100652.5","ENSG00000036828.17","ENSG00000251008.1","ENSG00000189283.10"
"ENSG00000182253.15","ENSG00000257817.2","ENSG00000122756.15","ENSG00000249867.6","ENSG00000178821.13"
"ENSG00000123838.11","ENSG00000143257.12","ENSG00000271615.1","ENSG00000244968.7","ENSG00000138771.16"
"ENSG00000073734.10","ENSG00000117009.12","ENSG00000279756.1","ENSG00000185345.23","ENSG00000172478.18"
"ENSG00000158516.12","ENSG00000251637.6","ENSG00000170482.17","ENSG00000144891.18","ENSG00000112699.11"
"ENSG00000238099.3","ENSG00000261978.1","ENSG00000164107.9","ENSG00000248923.1","ENSG00000070193.5"
"ENSG00000087494.16","ENSG00000284743.1","ENSG00000080493.18","ENSG00000159409.15","ENSG00000225526.5"
"ENSG00000104044.16","ENSG00000111181.12","ENSG00000172901.20","ENSG00000210144.1","ENSG00000215045.8"
"ENSG00000153303.17","ENSG00000144908.14","ENSG00000030304.14","ENSG00000230916.2","ENSG00000246375.3"
"ENSG00000172318.5","ENSG00000203900.2","ENSG00000269404.7","ENSG00000270350.1","ENSG00000186352.9"
"ENSG00000224958.6","ENSG00000007001.13","ENSG00000179796.12","ENSG00000169302.16","ENSG00000120756.13"
"ENSG00000179921.15","ENSG00000160868.15","ENSG00000156395.13","ENSG00000255203.1","ENSG00000025039.15"
"ENSG00000286214.1","ENSG00000233445.1","ENSG00000186912.6","ENSG00000166432.15","ENSG00000156049.7"
"ENSG00000102290.22","ENSG00000228445.1","ENSG00000147256.12","ENSG00000162482.5","ENSG00000144460.12"
"ENSG00000157064.11","ENSG00000233569.2","ENSG00000130055.14","ENSG00000128606.13","ENSG00000168447.11"
"ENSG00000166091.21","ENSG00000179577.3","ENSG00000147262.4","ENSG00000244734.4","ENSG00000262188.2"
"ENSG00000171596.7","ENSG00000137561.5","ENSG00000146352.13","ENSG00000268043.7","ENSG00000171476.22"
"ENSG00000071991.9","ENSG00000166840.13","ENSG00000224585.1","ENSG00000235142.10","ENSG00000234478.1"
"ENSG00000085741.13","ENSG00000213512.3","ENSG00000171819.5","ENSG00000253671.3","ENSG00000053918.18"
"ENSG00000178828.7","ENSG00000072080.11","ENSG00000077080.10","ENSG00000232352.1","ENSG00000227959.1"
"ENSG00000123243.15","ENSG00000165682.14","ENSG00000135406.14","ENSG00000109738.11","ENSG00000152642.11"
"ENSG00000170153.11","ENSG00000103569.10","ENSG00000146469.13","ENSG00000185739.13","ENSG00000173432.12"
"ENSG00000170509.12","ENSG00000169738.8","ENSG00000250538.6","ENSG00000166292.12","ENSG00000159387.8"
"ENSG00000163661.4","ENSG00000286024.1","ENSG00000004846.16","ENSG00000123453.18","ENSG00000111404.7"
"ENSG00000171403.10","ENSG00000253196.1","ENSG00000138075.14","ENSG00000104237.11","ENSG00000185432.12"
"ENSG00000225731.1","ENSG00000160870.15","ENSG00000170382.12","ENSG00000242282.6","ENSG00000114805.18"
"ENSG00000164638.10","ENSG00000164344.16","ENSG00000065325.13","ENSG00000187486.5","ENSG00000166347.19"
"ENSG00000277494.2","ENSG00000003989.18","ENSG00000152954.12","ENSG00000196616.14","ENSG00000180287.17"
"ENSG00000006210.7","ENSG00000163032.12","ENSG00000162460.7","ENSG00000138741.11","ENSG00000166979.13"
"ENSG00000178403.4","ENSG00000143627.19","ENSG00000224968.2","ENSG00000154258.17","ENSG00000181856.15"
"ENSG00000279036.1","ENSG00000179636.15","ENSG00000166292.12","ENSG00000164742.16","ENSG00000172738.12"
"ENSG00000186205.13","ENSG00000142494.13","ENSG00000183476.12","ENSG00000186715.11","ENSG00000242550.6"
"ENSG00000109906.14","ENSG00000248050.1","ENSG00000203808.12","ENSG00000198523.6","ENSG00000102362.15"
"ENSG00000148053.17","ENSG00000258604.1","ENSG00000226629.1","ENSG00000237701.1","ENSG00000272482.1"
"ENSG00000260877.2","ENSG00000007933.13","ENSG00000230910.4","ENSG00000130653.16","ENSG00000134463.15"
"ENSG00000179428.2","ENSG00000109193.12","ENSG00000183454.18","ENSG00000055163.20","ENSG00000172927.8"
"ENSG00000149295.14","ENSG00000021852.13","ENSG00000163017.14","ENSG00000210127.1","ENSG00000281386.1"
"ENSG00000227260.2","ENSG00000187545.5","ENSG00000187140.6","ENSG00000131018.24","ENSG00000135917.16"
"ENSG00000144031.12","ENSG00000100024.15","ENSG00000234638.1","ENSG00000145864.14","ENSG00000080224.17"
"ENSG00000104112.9","ENSG00000249198.1","ENSG00000139910.20","ENSG00000254343.2","ENSG00000258818.4"
"ENSG00000189129.14","ENSG00000160339.16","ENSG00000231758.3","ENSG00000156113.24","ENSG00000130005.13"
"ENSG00000287115.1","ENSG00000286790.1","ENSG00000170743.17","ENSG00000226149.6","ENSG00000283633.1"
"ENSG00000101605.13","ENSG00000165841.11","ENSG00000229274.2","ENSG00000076864.19","ENSG00000143153.13"
"ENSG00000198099.9","ENSG00000186466.5","ENSG00000241158.7","ENSG00000262097.2","ENSG00000182195.9"
"ENSG00000124743.6","ENSG00000157103.12","ENSG00000145242.13","ENSG00000234102.1","ENSG00000163704.12"
"ENSG00000253177.2","ENSG00000132840.10","ENSG00000168477.19","ENSG00000188171.16","ENSG00000182508.14"
"ENSG00000013293.6","ENSG00000112293.15","ENSG00000134343.14","ENSG00000272732.1","ENSG00000008394.13"
"ENSG00000156284.6","ENSG00000113790.11","ENSG00000147883.12","ENSG00000007314.12","ENSG00000125246.15"
"ENSG00000256508.2","ENSG00000162460.7","ENSG00000286449.1","ENSG00000225901.1","ENSG00000178467.18"
"ENSG00000185053.14","ENSG00000110243.12","ENSG00000100146.18","ENSG00000234492.4","ENSG00000086544.3"
"ENSG00000174611.12","ENSG00000146233.8","ENSG00000204065.3","ENSG00000279319.1","ENSG00000167861.16"
"ENSG00000158458.21","ENSG00000166819.12","ENSG00000059915.17","ENSG00000134917.10","ENSG00000243566.7"
"ENSG00000134121.10","ENSG00000167711.14","ENSG00000104833.12","ENSG00000278948.1","ENSG00000188573.8"
"ENSG00000177301.16","ENSG00000139194.8","ENSG00000169432.18","ENSG00000211965.4","ENSG00000171766.17"
"ENSG00000280623.1","ENSG00000253821.2","ENSG00000050030.16","ENSG00000112981.5","ENSG00000070081.17"
"ENSG00000279204.1","ENSG00000199488.1","ENSG00000255986.6","ENSG00000170271.11","ENSG00000099864.18"
"ENSG00000258604.1","ENSG00000168306.13","ENSG00000270403.1","ENSG00000206172.8","ENSG00000128016.7"
"ENSG00000145708.11","ENSG00000172497.9","ENSG00000163815.6","ENSG00000185551.15","ENSG00000184845.4"
"ENSG00000188517.16","ENSG00000135423.13","ENSG00000180287.17","ENSG00000198300.14","ENSG00000267421.6"
"ENSG00000259374.2","ENSG00000072315.3","ENSG00000178965.14","ENSG00000206559.8","ENSG00000107281.10"
"ENSG00000226031.5","ENSG00000171560.16","ENSG00000152578.13","ENSG00000166831.9","ENSG00000268104.3"
"ENSG00000188763.5","ENSG00000131183.11","ENSG00000122367.20","ENSG00000168309.18","ENSG00000143867.7"
"ENSG00000228971.3","ENSG00000088926.14","ENSG00000232070.9","ENSG00000270672.1","ENSG00000205502.4"
"ENSG00000189292.16","ENSG00000103154.9","ENSG00000134042.14","ENSG00000265972.6","ENSG00000121413.13"
"ENSG00000136842.14","ENSG00000138030.13","ENSG00000153446.16","ENSG00000203709.12","ENSG00000184254.17"
"ENSG00000282840.1","ENSG00000287440.1","ENSG00000047457.14","ENSG00000164484.12","ENSG00000106686.16"
"ENSG00000068976.14","ENSG00000227117.6","ENSG00000181234.9","ENSG00000239920.2","ENSG00000006747.15"
"ENSG00000253831.3","ENSG00000196553.15","ENSG00000157851.17","ENSG00000169760.17","ENSG00000152931.9"
"ENSG00000164488.12","ENSG00000116761.12","ENSG00000186462.9","ENSG00000249192.1","ENSG00000257084.1"
"ENSG00000165507.9","ENSG00000106633.17","ENSG00000132639.13","ENSG00000237832.1","ENSG00000124839.13"
"ENSG00000231013.2","ENSG00000236497.2","ENSG00000186038.9","ENSG00000227258.6","ENSG00000106688.12"
"ENSG00000152270.9","ENSG00000204099.12","ENSG00000180332.6","ENSG00000115461.5","ENSG00000069702.11"
"ENSG00000248144.6","ENSG00000078898.7","ENSG00000135333.14","ENSG00000210049.1","ENSG00000145911.6"
"ENSG00000234810.4","ENSG00000249746.1","ENSG00000130876.11","ENSG00000225362.10","ENSG00000160460.16"
"ENSG00000235904.3","ENSG00000173531.15","ENSG00000184544.12","ENSG00000283636.1","ENSG00000196353.11"
"ENSG00000281969.1","ENSG00000257906.3","ENSG00000129167.9","ENSG00000255823.5","ENSG00000185015.8"
"ENSG00000226409.3","ENSG00000186480.13","ENSG00000164303.11","ENSG00000128591.16","ENSG00000196502.12"
"ENSG00000213791.4","ENSG00000230435.1","ENSG00000239571.1","ENSG00000256148.1","ENSG00000144655.15"
"ENSG00000279484.2","ENSG00000236341.1","ENSG00000154975.14","ENSG00000119711.13","ENSG00000146090.16"
"ENSG00000158571.11","ENSG00000108515.18","ENSG00000145087.13","ENSG00000131831.18","ENSG00000223254.1"
"ENSG00000165376.11","ENSG00000084674.15","ENSG00000186439.14","ENSG00000133083.15","ENSG00000185275.6"
"ENSG00000285051.2","ENSG00000272430.1","ENSG00000280061.1","ENSG00000172508.10","ENSG00000255650.6"
"ENSG00000164007.11","ENSG00000100362.13","ENSG00000172137.19","ENSG00000177669.4","ENSG00000196542.8"
"ENSG00000117507.6","ENSG00000271732.1","ENSG00000152137.8","ENSG00000271538.6","ENSG00000124249.7"
"ENSG00000143171.13","ENSG00000229484.1","ENSG00000196361.10","ENSG00000235485.1","ENSG00000125648.15"
"ENSG00000105974.13","ENSG00000287956.1","ENSG00000166831.9","ENSG00000110786.18","ENSG00000188037.12"
"ENSG00000154188.10","ENSG00000164120.14","ENSG00000228495.2","ENSG00000135821.19","ENSG00000102934.10"
"ENSG00000109061.10","ENSG00000154262.13","ENSG00000125144.14","ENSG00000198721.13","ENSG00000176153.12"
"ENSG00000127241.18","ENSG00000286398.1","ENSG00000148798.11","ENSG00000185669.6","ENSG00000106351.13"
"ENSG00000169618.7","ENSG00000117594.10","ENSG00000197614.11","ENSG00000271699.5","ENSG00000172201.12"
"ENSG00000149596.7","ENSG00000233377.1","ENSG00000242366.3","ENSG00000187098.17","ENSG00000085871.9"
"ENSG00000125845.7","ENSG00000130203.10","ENSG00000109182.12","ENSG00000248673.2","ENSG00000151729.11"
"ENSG00000080166.16","ENSG00000226798.1","ENSG00000144834.14","ENSG00000119919.11","ENSG00000128311.14"
"ENSG00000228307.2","ENSG00000257715.1","ENSG00000154165.5","ENSG00000205959.4","ENSG00000213860.4"
"ENSG00000227467.3","ENSG00000164188.9","ENSG00000130294.17","ENSG00000271858.5","ENSG00000072201.14"
"ENSG00000143196.5","ENSG00000187193.9","ENSG00000100095.19","ENSG00000216809.1","ENSG00000182836.10"
"ENSG00000182118.8","ENSG00000261469.1","ENSG00000124253.11","ENSG00000164404.8","ENSG00000204991.11"
"ENSG00000095637.22","ENSG00000091831.24","ENSG00000223462.2","ENSG00000274461.2","ENSG00000124749.17"
"ENSG00000111339.12","ENSG00000259670.1","ENSG00000162374.18","ENSG00000123243.15","ENSG00000145335.17"
"ENSG00000280339.1","ENSG00000260733.1","ENSG00000101489.20","ENSG00000137103.20","ENSG00000276855.1"
"ENSG00000196549.12","ENSG00000249119.1","ENSG00000170231.16","ENSG00000111846.19","ENSG00000236830.7"
"ENSG00000258479.6","ENSG00000241186.10","ENSG00000186675.7","ENSG00000176533.13","ENSG00000169908.12"
"ENSG00000154080.14","ENSG00000229314.5","ENSG00000133317.16","ENSG00000156959.9","ENSG00000143819.12"
"ENSG00000286289.1","ENSG00000264006.8","ENSG00000065371.17","ENSG00000267508.6","ENSG00000133112.17"
"ENSG00000167641.11","ENSG00000282097.1","ENSG00000198074.10","ENSG00000167554.15","ENSG00000241656.1"
"ENSG00000122592.8","ENSG00000196344.11","ENSG00000163710.9","ENSG00000198695.2","ENSG00000269985.1"
"ENSG00000168477.19","ENSG00000258867.6","ENSG00000169618.7","ENSG00000276365.1","ENSG00000000003.15"
"ENSG00000179094.16","ENSG00000227240.2","ENSG00000115556.14","ENSG00000205517.13","ENSG00000135951.16"
"ENSG00000186081.12","ENSG00000161267.12","ENSG00000197165.11","ENSG00000230118.1","ENSG00000251615.3"
"ENSG00000179636.15","ENSG00000106327.13","ENSG00000144406.19","ENSG00000135549.15","ENSG00000142765.18"
"ENSG00000149488.13","ENSG00000240915.2","ENSG00000145936.9","ENSG00000198440.9","ENSG00000168273.8"
"ENSG00000154258.17","ENSG00000228826.3","ENSG00000286069.2","ENSG00000209082.1","ENSG00000160799.11"
"ENSG00000276365.1","ENSG00000187823.3","ENSG00000135218.19","ENSG00000101638.14","ENSG00000250479.9"
"ENSG00000095713.14","ENSG00000105697.9","ENSG00000100626.17","ENSG00000139438.6","ENSG00000095637.22"
"ENSG00000163017.14","ENSG00000248319.2","ENSG00000154080.14","ENSG00000252448.1","ENSG00000272398.6"
"ENSG00000234884.2","ENSG00000278690.1","ENSG00000205037.2","ENSG00000167964.13","ENSG00000182853.12"
"ENSG00000205364.4","ENSG00000196177.13","ENSG00000070729.14","ENSG00000144749.14","ENSG00000213757.3"
"ENSG00000227094.1","ENSG00000168746.8","ENSG00000089199.10","ENSG00000248309.7","ENSG00000074964.17"
"ENSG00000169252.6","ENSG00000258001.1","ENSG00000138722.10","ENSG00000015532.10","ENSG00000142657.21"
"ENSG00000154678.18","ENSG00000176635.18","ENSG00000235523.1","ENSG00000260932.1","ENSG00000224094.1"
"ENSG00000230910.4","ENSG00000205622.11","ENSG00000167701.14","ENSG00000257277.2","ENSG00000156675.16"
"ENSG00000240654.6","ENSG00000132854.19","ENSG00000271178.1","ENSG00000109339.24","ENSG00000259883.2"
"ENSG00000230333.6","ENSG00000253111.2","ENSG00000155980.13","ENSG00000172164.15","ENSG00000114779.19"
"ENSG00000231768.2","ENSG00000109576.14","ENSG00000281721.1","ENSG00000261208.1","ENSG00000197520.10"
"ENSG00000167281.19","ENSG00000093134.15","ENSG00000230916.2","ENSG00000270020.1","ENSG00000156453.14"
"ENSG00000235387.5","ENSG00000261701.7","ENSG00000120498.14","ENSG00000255234.6","ENSG00000165807.8"
"ENSG00000230461.9","ENSG00000275944.1","ENSG00000149654.11","ENSG00000112541.17","ENSG00000176920.13"
"ENSG00000163735.7","ENSG00000183971.10","ENSG00000038295.8","ENSG00000269028.3","ENSG00000100116.17"
"ENSG00000186832.9","ENSG00000228477.1","ENSG00000196109.9","ENSG00000133019.12","ENSG00000170545.17"
"ENSG00000286805.1","ENSG00000168237.18","ENSG00000224321.1","ENSG00000271474.1","ENSG00000183172.9"
"ENSG00000182732.18","ENSG00000233376.1","ENSG00000139352.4","ENSG00000236349.1","ENSG00000269313.5"
"ENSG00000108381.11","ENSG00000286478.1","ENSG00000133878.9","ENSG00000198336.9","ENSG00000188846.14"
"ENSG00000129455.15","ENSG00000140263.15","ENSG00000179314.14","ENSG00000240409.1","ENSG00000262902.1"
"ENSG00000188783.6","ENSG00000223723.1","ENSG00000185985.11","ENSG00000235731.3","ENSG00000057294.15"
"ENSG00000124935.4","ENSG00000154269.15","ENSG00000124205.18","ENSG00000268926.3","ENSG00000243069.8"
"ENSG00000165124.18","ENSG00000100889.12","ENSG00000158089.15","ENSG00000188536.13","ENSG00000060762.19"
"ENSG00000080293.10","ENSG00000248810.2","ENSG00000258537.5","ENSG00000096060.15","ENSG00000151498.12"
"ENSG00000178878.13","ENSG00000167701.14","ENSG00000231412.2","ENSG00000109794.13","ENSG00000234618.1"
"ENSG00000224613.7","ENSG00000145321.13","ENSG00000158458.21","ENSG00000255587.9","ENSG00000184557.4"
"ENSG00000146233.8","ENSG00000148965.10","ENSG00000187151.7","ENSG00000187229.3","ENSG00000072778.20"
"ENSG00000167772.12","ENSG00000125851.10","ENSG00000168314.17","ENSG00000267694.1","ENSG00000119986.7"
"ENSG00000187185.4","ENSG00000279082.4","ENSG00000286848.1","ENSG00000155875.15","ENSG00000135373.13"
"ENSG00000165072.10","ENSG00000165140.11","ENSG00000150627.16","ENSG00000169432.18","ENSG00000273045.7"
"ENSG00000109610.6","ENSG00000134548.11","ENSG00000172403.11","ENSG00000198786.2","ENSG00000182795.13"
"ENSG00000139874.6","ENSG00000226321.5","ENSG00000236120.7","ENSG00000287458.1","ENSG00000129595.14"
"ENSG00000188828.12","ENSG00000235263.1","ENSG00000007314.12","ENSG00000266907.1","ENSG00000134324.12"
"ENSG00000077264.15","ENSG00000231100.1","ENSG00000181195.11","ENSG00000279026.1","ENSG00000007255.10"
"ENSG00000262097.2","ENSG00000151365.2","ENSG00000227243.3","ENSG00000255669.2","ENSG00000078804.13"
"ENSG00000186847.6","ENSG00000134612.12","ENSG00000198523.6","ENSG00000167281.19","ENSG00000169020.10"
"ENSG00000165349.12","ENSG00000283991.1","ENSG00000204687.4","ENSG00000281181.1","ENSG00000162244.12"
"ENSG00000108551.5","ENSG00000005471.19","ENSG00000245080.7","ENSG00000100307.13","ENSG00000127418.15"
"ENSG00000241684.6","ENSG00000141505.12","ENSG00000260947.1","ENSG00000101542.10","ENSG00000119514.7"
"ENSG00000149090.12","ENSG00000197254.4","ENSG00000185290.4","ENSG00000217181.1","ENSG00000127184.13"
"ENSG00000164736.6","ENSG00000135929.9","ENSG00000069018.19","ENSG00000173258.13","ENSG00000159921.19"
"ENSG00000287232.1","ENSG00000287928.1","ENSG00000243832.1","ENSG00000225603.3","ENSG00000122359.18"
"ENSG00000198768.11","ENSG00000204710.2","ENSG00000162391.12","ENSG00000187942.12","ENSG00000197892.13"
"ENSG00000258572.1","ENSG00000213398.8","ENSG00000104112.9","ENSG00000224295.3","ENSG00000175806.15"
"ENSG00000007314.12","ENSG00000225603.3","ENSG00000239975.2","ENSG00000253404.1","ENSG00000144366.16"
"ENSG00000154263.17","ENSG00000198744.5","ENSG00000130643.9","ENSG00000077684.16","ENSG00000117013.17"
"ENSG00000249669.10","ENSG00000130812.10","ENSG00000113296.14","ENSG00000269971.1","ENSG00000241837.7"
"ENSG00000187699.10","ENSG00000224893.7","ENSG00000212916.4","ENSG00000179954.16","ENSG00000107537.14"
"ENSG00000167755.15","ENSG00000113492.14","ENSG00000151090.20","ENSG00000112394.17","ENSG00000034152.19"
"ENSG00000163734.4","ENSG00000172955.17","ENSG00000277494.2","ENSG00000275110.1","ENSG00000213722.10"
"ENSG00000091513.16","ENSG00000182902.14","ENSG00000288045.1","ENSG00000222465.1","ENSG00000144451.19"
"ENSG00000205221.12","ENSG00000143171.13","ENSG00000167414.4","ENSG00000180769.10","ENSG00000196177.13"
"ENSG00000124615.20","ENSG00000185899.1","ENSG00000113396.13","ENSG00000157514.16","ENSG00000278535.5"
"ENSG00000180287.17","ENSG00000163581.14","ENSG00000101955.15","ENSG00000282024.1","ENSG00000272143.1"
"ENSG00000105971.15","ENSG00000230647.2","ENSG00000172005.11","ENSG00000226026.6","ENSG00000099849.15"
"ENSG00000146147.15","ENSG00000111249.14","ENSG00000166473.17","ENSG00000091181.20","ENSG00000197019.5"
"ENSG00000258819.2","ENSG00000108231.14","ENSG00000100079.7","ENSG00000287620.1","ENSG00000089220.5"
"ENSG00000153823.19","ENSG00000141338.14","ENSG00000250137.1","ENSG00000258708.1","ENSG00000152234.16"
"ENSG00000145777.15","ENSG00000188257.12","ENSG00000134028.14","ENSG00000155792.10","ENSG00000144713.13"
"ENSG00000277631.5","ENSG00000204583.10","ENSG00000116748.21","ENSG00000077044.11","ENSG00000133315.12"
"ENSG00000187715.13","ENSG00000283003.2","ENSG00000105737.9","ENSG00000184084.7","ENSG00000073350.14"
"ENSG00000167779.9","ENSG00000105852.11","ENSG00000104435.14","ENSG00000111052.7","ENSG00000134243.12"
"ENSG00000204767.4","ENSG00000205669.4","ENSG00000197561.7","ENSG00000225972.1","ENSG00000165929.13"
"ENSG00000257060.7","ENSG00000251685.3","ENSG00000068976.14","ENSG00000188039.16",""
"ENSG00000173267.14","ENSG00000287709.1","ENSG00000168546.11","ENSG00000198597.9",""
"ENSG00000134765.10","ENSG00000205702.11","ENSG00000111863.13","ENSG00000158445.10",""
"ENSG00000197561.7","ENSG00000173406.16","ENSG00000168309.18","ENSG00000248522.1",""
"ENSG00000288048.1","ENSG00000146678.10","ENSG00000168903.9","ENSG00000288109.1",""
"ENSG00000083067.23","ENSG00000251448.2","ENSG00000250722.6","ENSG00000187151.7",""
"ENSG00000154928.18","ENSG00000080618.17","ENSG00000167723.15","ENSG00000108187.16",""
"ENSG00000106006.6","ENSG00000272021.1","ENSG00000233670.7","ENSG00000218749.1",""
"ENSG00000250056.8","ENSG00000250799.11","ENSG00000180616.9","ENSG00000243904.1",""
"ENSG00000106004.5","ENSG00000272456.1","ENSG00000109832.14","ENSG00000273674.5",""
"ENSG00000127743.6","ENSG00000166816.15","ENSG00000165457.14","ENSG00000240175.1",""
"ENSG00000245293.3","ENSG00000214888.3","ENSG00000269667.2","ENSG00000259065.2",""
"ENSG00000147862.17","ENSG00000176974.20","ENSG00000180660.8","ENSG00000162373.13",""
"ENSG00000164330.17","ENSG00000234235.1","ENSG00000233999.3","ENSG00000206127.11",""
"ENSG00000133067.17","ENSG00000231948.2","ENSG00000004799.8","ENSG00000197816.16",""
"ENSG00000261616.1","ENSG00000165972.13","ENSG00000117322.18","ENSG00000279796.1",""
"ENSG00000186150.5","ENSG00000248485.2","ENSG00000253549.6","ENSG00000186628.12",""
"ENSG00000129757.14","ENSG00000236155.6","ENSG00000187699.10","ENSG00000180354.16",""
"ENSG00000099260.11","ENSG00000160862.13","ENSG00000278318.5","ENSG00000232186.1",""
"ENSG00000154856.13","ENSG00000116771.6","ENSG00000184434.8","ENSG00000130222.11",""
"ENSG00000130176.8","ENSG00000175287.19","ENSG00000279668.3","ENSG00000273372.1",""
"ENSG00000286288.1","ENSG00000237742.7","ENSG00000143171.13","ENSG00000275120.3",""
"ENSG00000261390.6","ENSG00000036473.8","ENSG00000146090.16","ENSG00000283945.1",""
"ENSG00000144339.12","ENSG00000236136.1","ENSG00000261795.1","ENSG00000150995.20",""
"ENSG00000090659.18","ENSG00000143845.15","ENSG00000267505.1","ENSG00000101298.15",""
"ENSG00000128573.26","ENSG00000243696.5","ENSG00000111249.14","ENSG00000259660.2",""
"ENSG00000186642.16","ENSG00000136457.10","ENSG00000230417.12","ENSG00000070915.10",""
"ENSG00000119771.15","ENSG00000233929.1","ENSG00000080293.10","ENSG00000265527.1",""
"ENSG00000117594.10","ENSG00000186204.15","ENSG00000169397.3","ENSG00000139112.11",""
"ENSG00000109956.13","ENSG00000247317.3","ENSG00000164270.18","ENSG00000230832.3",""
"ENSG00000259683.1","ENSG00000055955.17","ENSG00000105609.17","ENSG00000259665.1",""
"ENSG00000166960.16","ENSG00000099954.18","ENSG00000286039.1","ENSG00000232097.1",""
"ENSG00000245812.3","ENSG00000284196.3","ENSG00000283525.1","ENSG00000157445.15",""
"ENSG00000198624.13","ENSG00000177138.17","ENSG00000211445.12","ENSG00000198868.3",""
"ENSG00000127955.17","ENSG00000062282.15","ENSG00000166183.16","ENSG00000262700.1",""
"ENSG00000233766.7","ENSG00000232724.1","ENSG00000198569.10","ENSG00000170935.8",""
"ENSG00000152463.15","ENSG00000248538.8","ENSG00000149596.7","ENSG00000196263.8",""
"ENSG00000181778.5","ENSG00000287313.1","ENSG00000105894.12","ENSG00000181982.19",""
"ENSG00000138640.15","ENSG00000172828.13","ENSG00000165300.7","ENSG00000263232.2",""
"ENSG00000165621.8","ENSG00000183044.12","ENSG00000145362.20","ENSG00000249494.6",""
"ENSG00000133392.18","ENSG00000168389.18","ENSG00000164418.21","ENSG00000159388.6",""
"ENSG00000101955.15","ENSG00000107537.14","ENSG00000166035.11","ENSG00000108551.5",""
"ENSG00000184905.9","ENSG00000121570.12","ENSG00000184347.15","ENSG00000285719.2",""
"ENSG00000172201.12","ENSG00000164406.8","ENSG00000163792.6","ENSG00000247828.8",""
"ENSG00000266265.4","ENSG00000273582.1","ENSG00000205038.12","ENSG00000213480.3",""
"ENSG00000182950.3","ENSG00000121690.11","ENSG00000053328.8","ENSG00000164849.10",""
"ENSG00000138678.11","ENSG00000171402.15","ENSG00000112818.10","ENSG00000172554.12",""
"ENSG00000236882.8","ENSG00000147481.17","ENSG00000058404.20","ENSG00000267529.3",""
"ENSG00000186417.14","ENSG00000152760.10","ENSG00000224940.9","ENSG00000168405.17",""
"ENSG00000182263.14","ENSG00000260802.1","ENSG00000214575.9","ENSG00000266256.3",""
"ENSG00000109819.9","ENSG00000171234.14","ENSG00000286583.1","ENSG00000249505.1",""
"ENSG00000189134.4","ENSG00000136011.15","ENSG00000287059.1","ENSG00000197928.10",""
"ENSG00000079308.19","ENSG00000183281.14","ENSG00000164929.17","ENSG00000204403.9",""
"ENSG00000242242.6","ENSG00000286153.1","ENSG00000082293.13","ENSG00000198521.12",""
"ENSG00000233926.1","ENSG00000227242.4","ENSG00000135842.17","ENSG00000287508.1",""
"ENSG00000223656.1","ENSG00000134532.19","ENSG00000185518.12","ENSG00000260903.3",""
"ENSG00000260192.3","ENSG00000102743.15","ENSG00000072041.17","ENSG00000266876.1",""
"ENSG00000094755.17","ENSG00000275088.1","ENSG00000283422.1","ENSG00000168497.5",""
"ENSG00000232528.3","ENSG00000254704.3","ENSG00000154262.13","ENSG00000276396.1",""
"ENSG00000163431.13","ENSG00000256340.8","ENSG00000022267.19","ENSG00000225808.1",""
"ENSG00000134760.6","ENSG00000228923.1","ENSG00000174145.8","ENSG00000248527.1",""
"ENSG00000148180.21","ENSG00000039537.14","ENSG00000170153.11","ENSG00000148219.17",""
"ENSG00000101349.17","ENSG00000238102.2","ENSG00000099139.14","ENSG00000079308.19",""
"ENSG00000104490.18","ENSG00000230102.8","ENSG00000176641.11","ENSG00000139132.14",""
"ENSG00000171885.18","ENSG00000182156.10","ENSG00000205683.11","ENSG00000268182.6",""
"ENSG00000149575.9","ENSG00000171557.17","ENSG00000163106.11","ENSG00000121671.12",""
"ENSG00000146005.4","ENSG00000225756.1","ENSG00000223573.7","ENSG00000232196.4",""
"ENSG00000048540.15","ENSG00000139914.6","ENSG00000127129.10","ENSG00000176293.20",""
"ENSG00000176076.7","ENSG00000254990.5","ENSG00000137441.8","ENSG00000122786.20",""
"ENSG00000103034.14","ENSG00000099834.19","ENSG00000253102.1","ENSG00000277039.1",""
"ENSG00000158887.19","ENSG00000258460.2","ENSG00000267405.1","ENSG00000196177.13",""
"ENSG00000248668.3","ENSG00000213938.3","ENSG00000170954.11","ENSG00000175198.17",""
"ENSG00000168546.11","ENSG00000205436.7","ENSG00000168356.13","ENSG00000259635.1",""
"ENSG00000241644.2","ENSG00000163687.14","ENSG00000082397.17","ENSG00000226443.3",""
"ENSG00000168824.14","ENSG00000259881.1","ENSG00000261469.1","ENSG00000164176.13",""
"ENSG00000164849.10","ENSG00000260105.6","ENSG00000074276.10","ENSG00000203506.5",""
"ENSG00000149970.16","ENSG00000254042.2","ENSG00000173267.14","ENSG00000171596.7",""
"ENSG00000240602.7","ENSG00000176381.6","ENSG00000250413.1","ENSG00000196507.11",""
"ENSG00000146477.6","ENSG00000270513.1","ENSG00000158887.19","ENSG00000197054.12",""
"ENSG00000251257.2","ENSG00000159423.17","ENSG00000186417.14","ENSG00000182902.14",""
"ENSG00000101049.17","ENSG00000246022.3","ENSG00000260057.6","ENSG00000116983.13",""
"ENSG00000260105.6","ENSG00000189419.8","ENSG00000241684.6","ENSG00000172340.15",""
"ENSG00000183960.9","ENSG00000259974.3","ENSG00000258987.2","ENSG00000115457.10",""
"ENSG00000232803.1","ENSG00000197444.10","ENSG00000067840.12","ENSG00000210082.2",""
"ENSG00000229116.3","ENSG00000205835.9","ENSG00000136457.10","ENSG00000138640.15",""
"ENSG00000070182.21","ENSG00000120054.12","ENSG00000130595.19","ENSG00000255366.1",""
"ENSG00000166173.11","ENSG00000219607.4","ENSG00000197992.7","ENSG00000205362.11",""
"ENSG00000274021.1","ENSG00000155666.12","ENSG00000178473.7","ENSG00000284691.1",""
"ENSG00000235033.7","ENSG00000121270.16","ENSG00000181374.8","ENSG00000226935.6",""
"ENSG00000077274.9","ENSG00000187889.13","ENSG00000075035.10","ENSG00000198727.2",""
"ENSG00000099957.16","ENSG00000166035.11","ENSG00000253958.2","ENSG00000160460.16",""
"ENSG00000137960.6","ENSG00000166278.15","ENSG00000178462.12","ENSG00000279357.1",""
"ENSG00000113594.10","ENSG00000273407.1","ENSG00000185774.16","ENSG00000133943.21",""
"ENSG00000112964.14","ENSG00000241754.2","ENSG00000185046.18","ENSG00000164039.15",""
"ENSG00000162706.13","ENSG00000091262.16","ENSG00000170214.5","ENSG00000164180.14",""
"ENSG00000153291.16","ENSG00000259479.6","ENSG00000134201.12","ENSG00000168427.9",""
"ENSG00000166924.9","ENSG00000100003.18","ENSG00000127083.7","ENSG00000132405.19",""
"ENSG00000267304.1","ENSG00000164237.9","ENSG00000173320.12","ENSG00000232926.1",""
"ENSG00000254369.6","ENSG00000285624.2","ENSG00000154118.13","ENSG00000256222.3",""
"ENSG00000003096.14","ENSG00000197594.13","ENSG00000089169.15","ENSG00000144792.9",""
"ENSG00000278266.1","ENSG00000251209.9","ENSG00000248994.2","ENSG00000247679.3",""
"ENSG00000145936.9","ENSG00000187824.9","ENSG00000235904.3","ENSG00000215580.11",""
"ENSG00000106714.17","ENSG00000138075.14","ENSG00000184226.15","ENSG00000185442.13",""
"ENSG00000180525.13","ENSG00000269964.3","ENSG00000249797.2","ENSG00000170624.13",""
"ENSG00000136158.12","ENSG00000198948.12","ENSG00000164161.10","ENSG00000094841.14",""
"ENSG00000078399.19","ENSG00000260850.2","ENSG00000287367.1","ENSG00000240225.10",""
"ENSG00000105894.12","ENSG00000269353.1","ENSG00000039537.14","ENSG00000083720.13",""
"ENSG00000112530.11","ENSG00000244731.8","ENSG00000146151.14","ENSG00000198804.2",""
"ENSG00000154529.15","ENSG00000073754.6","ENSG00000198650.11","ENSG00000106804.8",""
"ENSG00000226329.2","ENSG00000268230.5","ENSG00000071967.12","ENSG00000258458.8",""
"ENSG00000254862.5","ENSG00000197099.8","ENSG00000072195.15","ENSG00000183111.12",""
"ENSG00000151623.15","ENSG00000115363.14","ENSG00000226306.6","ENSG00000265413.1",""
"ENSG00000165795.23","ENSG00000159261.12","ENSG00000228222.1","ENSG00000224609.8",""
"ENSG00000135046.14","ENSG00000162882.15","ENSG00000235049.1","ENSG00000196275.14",""
"ENSG00000230587.2","ENSG00000132541.11","ENSG00000153993.13","ENSG00000182463.16",""
"ENSG00000196139.14","ENSG00000143819.12","ENSG00000282608.2","ENSG00000250303.4",""
"ENSG00000246228.6","ENSG00000171954.13","ENSG00000166959.8","ENSG00000271420.1",""
"ENSG00000106511.6","ENSG00000203995.10","ENSG00000211974.3","ENSG00000213463.5",""
"ENSG00000188626.6","ENSG00000234076.1","ENSG00000226519.2","ENSG00000235033.7",""
"ENSG00000286406.1","ENSG00000205364.4","ENSG00000187097.13","ENSG00000196268.12",""
"ENSG00000131730.16","ENSG00000287770.1","ENSG00000250486.5","ENSG00000198947.16",""
"ENSG00000154262.13","ENSG00000229886.1","ENSG00000166111.10","ENSG00000205710.4",""
"ENSG00000004846.16","ENSG00000017427.17","ENSG00000145850.9","ENSG00000227354.7",""
"ENSG00000178722.13","ENSG00000232721.2","ENSG00000112964.14","ENSG00000260339.1",""
"ENSG00000119138.4","ENSG00000158296.14","ENSG00000227467.3","ENSG00000204219.11",""
"ENSG00000283031.2","ENSG00000282301.3","ENSG00000278535.5","ENSG00000259448.3",""
"ENSG00000162878.13","ENSG00000125337.19","ENSG00000116183.11","ENSG00000287875.1",""
"ENSG00000154330.13","ENSG00000134716.11","ENSG00000139200.14","ENSG00000243431.1",""
"ENSG00000128422.17","ENSG00000264404.3","ENSG00000154175.18","ENSG00000255967.1",""
"ENSG00000135298.14","ENSG00000224177.8","ENSG00000171951.5","ENSG00000182054.10",""
"ENSG00000147257.15","ENSG00000148803.12","ENSG00000185176.13","ENSG00000139160.13",""
"ENSG00000111275.13","ENSG00000213071.11","ENSG00000142583.18","ENSG00000229956.11",""
"ENSG00000198732.11","ENSG00000261238.1","ENSG00000140538.16","ENSG00000275131.3",""
"ENSG00000132561.14","ENSG00000237361.3","ENSG00000211895.5","ENSG00000010319.7",""
"ENSG00000005249.13","ENSG00000165828.15","ENSG00000276975.3","ENSG00000196220.16",""
"ENSG00000272143.1","ENSG00000183230.17","ENSG00000104888.10","ENSG00000148090.12",""
"ENSG00000197696.10","ENSG00000267586.7","ENSG00000125675.18","ENSG00000198938.2",""
"ENSG00000116678.20","ENSG00000167964.13","ENSG00000263508.6","ENSG00000229344.1",""
"ENSG00000264345.2","ENSG00000118777.12","ENSG00000152932.8","ENSG00000237489.5",""
"ENSG00000169933.16","ENSG00000169252.6","ENSG00000102678.7","ENSG00000261338.2",""
"ENSG00000106034.18","ENSG00000099194.6","ENSG00000240505.9","ENSG00000116117.18",""
"ENSG00000276476.3","ENSG00000287320.1","ENSG00000142973.14","ENSG00000080546.13",""
"ENSG00000272701.3","ENSG00000234647.2","ENSG00000144619.15","ENSG00000234604.2",""
"ENSG00000224063.6","ENSG00000228888.1","ENSG00000145681.11","",""
"ENSG00000182836.10","ENSG00000106853.20","ENSG00000198597.9","",""
"ENSG00000088992.18","ENSG00000171236.10","ENSG00000117115.13","",""
"ENSG00000105996.7","ENSG00000160200.18","ENSG00000173175.15","",""
"ENSG00000169550.14","ENSG00000084734.9","ENSG00000166405.15","",""
"ENSG00000108001.15","ENSG00000146147.15","ENSG00000172260.15","",""
"ENSG00000122733.12","ENSG00000267675.1","ENSG00000172554.12","",""
"ENSG00000101230.6","ENSG00000130707.18","ENSG00000145708.11","",""
"ENSG00000010319.7","ENSG00000141622.14","ENSG00000226530.2","",""
"ENSG00000274312.1","ENSG00000121361.5","ENSG00000154277.13","",""
"ENSG00000223658.8","ENSG00000090534.20","ENSG00000234323.8","",""
"ENSG00000116183.11","ENSG00000092607.15","ENSG00000156486.8","",""
"ENSG00000233608.4","ENSG00000121410.12","ENSG00000158125.10","",""
"ENSG00000267272.5","ENSG00000148123.15","ENSG00000197766.8","",""
"ENSG00000168490.14","ENSG00000149809.16","ENSG00000134121.10","",""
"ENSG00000280916.2","ENSG00000181778.5","ENSG00000104921.15","",""
"ENSG00000225398.3","ENSG00000133328.4","ENSG00000009694.13","",""
"ENSG00000076706.17","ENSG00000184374.3","ENSG00000040199.18","",""
"ENSG00000225914.3","ENSG00000280306.1","ENSG00000036473.8","",""
"ENSG00000161281.11","ENSG00000023330.15","ENSG00000181541.6","",""
"ENSG00000243836.5","ENSG00000214264.4","ENSG00000240654.6","",""
"ENSG00000163827.13","ENSG00000152782.16","ENSG00000124302.13","",""
"ENSG00000170145.5","ENSG00000171766.17","ENSG00000167555.14","",""
"ENSG00000253649.5","ENSG00000134962.7","ENSG00000182674.6","",""
"ENSG00000133401.16","ENSG00000161653.11","ENSG00000094963.14","",""
"ENSG00000185345.23","ENSG00000129910.8","ENSG00000228146.8","",""
"ENSG00000162733.19","ENSG00000182704.8","ENSG00000158008.10","",""
"ENSG00000106823.12","ENSG00000166347.19","ENSG00000107562.16","",""
"ENSG00000223756.7","ENSG00000205362.11","ENSG00000189129.14","",""
"ENSG00000259407.1","ENSG00000230306.1","ENSG00000127074.15","",""
"ENSG00000198885.10","ENSG00000250722.6","ENSG00000286035.1","",""
"ENSG00000081853.15","ENSG00000279611.1","ENSG00000232855.7","",""
"ENSG00000254847.1","ENSG00000140470.15","ENSG00000147576.17","",""
"ENSG00000145113.22","ENSG00000243135.6","ENSG00000225523.2","",""
"ENSG00000241158.7","ENSG00000129988.6","ENSG00000166257.9","",""
"ENSG00000116741.8","ENSG00000147576.17","ENSG00000287750.1","",""
"ENSG00000203930.12","ENSG00000127241.18","ENSG00000118308.15","",""
"ENSG00000141485.17","ENSG00000170011.14","ENSG00000179542.16","",""
"ENSG00000253293.5","ENSG00000226519.2","ENSG00000163687.14","",""
"ENSG00000146592.17","ENSG00000267405.1","ENSG00000099834.19","",""
"ENSG00000137225.13","ENSG00000236754.5","ENSG00000225111.1","",""
"ENSG00000102010.15","ENSG00000100665.12","ENSG00000102010.15","",""
"ENSG00000231826.6","ENSG00000259417.3","ENSG00000235532.1","",""
"ENSG00000144642.22","ENSG00000168913.7","ENSG00000158270.12","",""
"ENSG00000151962.8","ENSG00000121691.7","ENSG00000133328.4","",""
"ENSG00000116690.13","ENSG00000227634.3","ENSG00000175600.16","",""
"ENSG00000155970.12","ENSG00000166123.14","ENSG00000137634.10","",""
"ENSG00000157152.17","ENSG00000131979.20","ENSG00000125355.16","",""
"ENSG00000146374.14","ENSG00000145777.15","ENSG00000171126.8","",""
"ENSG00000248309.7","ENSG00000227999.1","ENSG00000198865.10","",""
"ENSG00000283383.1","ENSG00000175899.15","ENSG00000063015.20","",""
"ENSG00000285000.1","ENSG00000147223.6","ENSG00000178404.10","",""
"ENSG00000169432.18","ENSG00000109929.10","ENSG00000065609.14","",""
"ENSG00000171303.7","ENSG00000198515.16","ENSG00000165702.14","",""
"ENSG00000102287.19","ENSG00000269976.1","ENSG00000144218.19","",""
"ENSG00000115353.11","ENSG00000262995.1","ENSG00000166816.15","",""
"ENSG00000164776.10","ENSG00000241399.7","ENSG00000124568.12","",""
"ENSG00000136826.15","ENSG00000115361.8","ENSG00000175329.13","",""
"ENSG00000116711.10","ENSG00000227192.1","ENSG00000156687.11","",""
"ENSG00000106633.17","ENSG00000274225.1","ENSG00000152779.14","",""
"ENSG00000112293.15","ENSG00000240602.7","ENSG00000160712.13","",""
"ENSG00000167874.7","ENSG00000156222.12","ENSG00000160801.14","",""
"ENSG00000131016.17","ENSG00000185652.12","ENSG00000224057.1","",""
"ENSG00000180354.16","ENSG00000000971.16","ENSG00000120885.22","",""
"ENSG00000154645.14","ENSG00000261578.1","ENSG00000162761.14","",""
"ENSG00000248994.2","ENSG00000260876.6","ENSG00000249167.2","",""
"ENSG00000257219.6","ENSG00000120158.12","ENSG00000080644.16","",""
"ENSG00000228649.9","ENSG00000279949.1","ENSG00000100628.12","",""
"ENSG00000174804.4","ENSG00000272510.1","ENSG00000154258.17","",""
"ENSG00000282556.3","ENSG00000140479.18","ENSG00000162398.11","",""
"ENSG00000073282.14","ENSG00000133027.18","ENSG00000225698.3","",""
"ENSG00000205611.5","ENSG00000184227.8","ENSG00000198768.11","",""
"ENSG00000126218.12","ENSG00000081051.8","ENSG00000273445.1","",""
"ENSG00000146530.14","ENSG00000137491.15","ENSG00000151789.12","",""
"ENSG00000184384.14","ENSG00000011347.10","ENSG00000129990.15","",""
"ENSG00000238198.2","ENSG00000165953.10","ENSG00000082482.14","",""
"ENSG00000153162.9","ENSG00000111058.8","ENSG00000114455.13","",""
"ENSG00000166257.9","ENSG00000222236.1","ENSG00000006747.15","",""
"ENSG00000260633.1","ENSG00000279878.1","ENSG00000163803.13","",""
"ENSG00000187824.9","ENSG00000156885.6","ENSG00000092051.17","",""
"ENSG00000203876.10","ENSG00000173599.15","ENSG00000272143.1","",""
"ENSG00000197245.6","ENSG00000148339.12","ENSG00000270472.2","",""
"ENSG00000152465.18","ENSG00000251061.2","ENSG00000138622.4","",""
"ENSG00000182463.16","ENSG00000100577.19","ENSG00000241635.8","",""
"ENSG00000277851.2","ENSG00000171759.10","ENSG00000123119.12","",""
"ENSG00000065534.19","ENSG00000162897.16","ENSG00000152580.8","",""
"ENSG00000129680.16","ENSG00000226699.1","ENSG00000226237.2","",""
"ENSG00000254602.2","ENSG00000259706.1","ENSG00000171658.8","",""
"ENSG00000172399.6","ENSG00000154654.15","ENSG00000280032.1","",""
"ENSG00000259920.1","ENSG00000173597.9","ENSG00000113805.8","",""
"ENSG00000162772.17","ENSG00000135218.19","ENSG00000176490.5","",""
"ENSG00000115596.4","ENSG00000181035.14","ENSG00000237111.1","",""
"ENSG00000198483.13","ENSG00000134042.14","ENSG00000141668.10","",""
"ENSG00000141052.18","ENSG00000108187.16","ENSG00000047936.11","",""
"ENSG00000149451.18","ENSG00000248685.6","ENSG00000227742.2","",""
"ENSG00000146411.6","ENSG00000228133.3","ENSG00000101680.15","",""
"ENSG00000140545.15","ENSG00000147100.11","ENSG00000287090.1","",""
"ENSG00000235172.8","ENSG00000002933.9","ENSG00000108242.13","",""
"ENSG00000182885.17","ENSG00000266151.1","ENSG00000211599.2","",""
"ENSG00000186462.9","ENSG00000205403.13","ENSG00000165495.16","",""
"ENSG00000072163.20","ENSG00000259444.1","ENSG00000151892.15","",""
"ENSG00000175785.13","ENSG00000134824.14","ENSG00000132185.18","",""
"ENSG00000152580.8","ENSG00000152620.13","ENSG00000228307.2","",""
"ENSG00000198838.14","ENSG00000198695.2","ENSG00000179639.10","",""
"ENSG00000178947.9","ENSG00000259478.2","ENSG00000233760.2","",""
"ENSG00000265972.6","ENSG00000275830.2","ENSG00000012124.17","",""
"ENSG00000204403.9","ENSG00000110244.7","ENSG00000258819.2","",""
"ENSG00000267365.1","ENSG00000075239.14","ENSG00000018236.15","",""
"ENSG00000113231.14","ENSG00000253944.1","ENSG00000156298.13","",""
"ENSG00000136160.17","ENSG00000270720.1","ENSG00000213088.12","",""
"ENSG00000132170.23","ENSG00000152078.10","ENSG00000188783.6","",""
"ENSG00000229619.4","ENSG00000137860.12","ENSG00000178031.17","",""
"ENSG00000146648.19","ENSG00000130222.11","ENSG00000204136.11","",""
"ENSG00000198881.10","ENSG00000258818.4","ENSG00000085265.11","",""
"ENSG00000253250.3","ENSG00000120915.14","ENSG00000224607.4","",""
"ENSG00000147251.15","ENSG00000060971.19","ENSG00000106511.6","",""
"ENSG00000158966.16","ENSG00000152270.9","ENSG00000149294.17","",""
"ENSG00000136014.12","ENSG00000106565.18","ENSG00000174944.9","",""
"ENSG00000127472.11","ENSG00000139508.15","ENSG00000180155.20","",""
"ENSG00000287998.1","ENSG00000276980.1","ENSG00000165023.7","",""
"ENSG00000250802.7","ENSG00000163958.14","ENSG00000077157.22","",""
"ENSG00000185518.12","ENSG00000052802.13","ENSG00000120907.18","",""
"ENSG00000127920.6","ENSG00000224389.9","ENSG00000207296.1","",""
"ENSG00000122121.11","ENSG00000132386.11","ENSG00000240253.6","",""
"ENSG00000234456.8","ENSG00000255746.1","ENSG00000171714.12","",""
"ENSG00000103647.13","ENSG00000182326.15","ENSG00000147614.4","",""
"ENSG00000128016.7","ENSG00000144649.9","ENSG00000248211.1","",""
"ENSG00000177666.17","ENSG00000111275.13","ENSG00000109846.9","",""
"ENSG00000184347.15","ENSG00000251409.1","ENSG00000244116.3","",""
"ENSG00000165152.9","ENSG00000164100.9","ENSG00000158467.16","",""
"ENSG00000025039.15","ENSG00000245293.3","ENSG00000164850.15","",""
"ENSG00000008394.13","ENSG00000164619.10","ENSG00000148680.16","",""
"ENSG00000154134.15","ENSG00000131910.5","ENSG00000213225.7","",""
"ENSG00000134324.12","ENSG00000166856.3","ENSG00000163661.4","",""
"ENSG00000109794.13","ENSG00000197249.14","ENSG00000082175.15","",""
"ENSG00000186994.11","ENSG00000125551.19","ENSG00000101605.13","",""
"ENSG00000197576.14","ENSG00000163217.2","ENSG00000250320.6","",""
"ENSG00000118804.8","ENSG00000173281.5","ENSG00000253177.2","",""
"ENSG00000144655.15","ENSG00000181192.12","ENSG00000102886.15","",""
"ENSG00000279013.1","ENSG00000159403.18","ENSG00000211899.10","",""
"ENSG00000263400.8","ENSG00000285791.1","ENSG00000183379.9","",""
"ENSG00000111716.14","ENSG00000182551.14","ENSG00000263400.8","",""
"ENSG00000258498.8","ENSG00000285467.1","ENSG00000145287.11","",""
"ENSG00000198478.8","ENSG00000169083.18","ENSG00000166866.13","",""
"ENSG00000116574.6","ENSG00000162433.15","ENSG00000127951.8","",""
"ENSG00000258311.5","ENSG00000245017.2","ENSG00000188730.5","",""
"ENSG00000136002.20","ENSG00000179399.15","ENSG00000254827.6","",""
"ENSG00000250334.6","ENSG00000288046.1","ENSG00000111962.8","",""
"ENSG00000226953.8","ENSG00000106538.10","ENSG00000144331.20","",""
"ENSG00000180875.5","ENSG00000140961.14","ENSG00000231346.5","",""
"ENSG00000177627.11","ENSG00000093217.11","ENSG00000124440.16","",""
"ENSG00000170989.10","ENSG00000112294.14","ENSG00000198624.13","",""
"ENSG00000249464.6","ENSG00000279022.1","ENSG00000169715.15","",""
"ENSG00000229847.9","ENSG00000251165.6","ENSG00000148948.8","",""
"ENSG00000013297.12","ENSG00000254480.2","ENSG00000112183.15","",""
"ENSG00000238120.1","ENSG00000135409.11","ENSG00000125775.15","",""
"ENSG00000073464.13","ENSG00000275880.1","ENSG00000137727.12","",""
"ENSG00000156298.13","ENSG00000279607.1","ENSG00000162520.15","",""
"ENSG00000164056.11","ENSG00000109991.9","ENSG00000006016.11","",""
"ENSG00000009694.13","ENSG00000008311.15","ENSG00000231672.8","",""
"ENSG00000144229.12","ENSG00000158125.10","ENSG00000169860.7","",""
"ENSG00000276649.1","ENSG00000107736.21","ENSG00000170891.11","",""
"ENSG00000185271.9","ENSG00000285676.1","ENSG00000287401.1","",""
"ENSG00000153956.16","ENSG00000250803.6","ENSG00000102003.11","",""
"ENSG00000179242.16","ENSG00000009950.16","ENSG00000253537.3","",""
"ENSG00000115226.10","ENSG00000161649.13","ENSG00000185432.12","",""
"ENSG00000238290.1","ENSG00000132437.18","ENSG00000183798.5","",""
"ENSG00000136274.9","ENSG00000263535.2","ENSG00000102383.14","",""
"ENSG00000003436.16","ENSG00000277210.3","ENSG00000162817.7","",""
"ENSG00000134531.10","ENSG00000109667.12","ENSG00000261729.2","",""
"ENSG00000164106.8","ENSG00000164038.16","ENSG00000250073.3","",""
"ENSG00000226237.2","ENSG00000159921.19","ENSG00000188828.12","",""
"ENSG00000248202.2","ENSG00000148795.7","ENSG00000101938.15","",""
"ENSG00000240583.13","ENSG00000280087.1","ENSG00000072163.20","",""
"ENSG00000243422.2","ENSG00000143994.14","ENSG00000225194.3","",""
"ENSG00000234076.1","ENSG00000253311.3","ENSG00000157152.17","",""
"ENSG00000128268.12","ENSG00000117305.15","ENSG00000106404.14","",""
"ENSG00000185920.16","ENSG00000224122.2","ENSG00000230798.5","",""
"ENSG00000272482.1","ENSG00000259370.2","ENSG00000255408.4","",""
"ENSG00000279026.1","ENSG00000226015.2","ENSG00000248309.7","",""
"ENSG00000182636.8","ENSG00000279026.1","ENSG00000173597.9","",""
"ENSG00000141404.17","ENSG00000261572.1","ENSG00000152583.12","",""
"ENSG00000173320.12","ENSG00000102967.12","ENSG00000215218.4","",""
"ENSG00000245025.3","ENSG00000255650.6","ENSG00000136842.14","",""
"ENSG00000074416.14","ENSG00000124564.17","ENSG00000146938.16","",""
"ENSG00000184254.17","ENSG00000235529.1","ENSG00000116833.14","",""
"ENSG00000078401.7","ENSG00000273350.1","ENSG00000124615.20","",""
"ENSG00000180537.13","ENSG00000178445.10","ENSG00000122733.12","",""
"ENSG00000165457.14","ENSG00000108924.14","ENSG00000205002.4","",""
"ENSG00000123360.12","ENSG00000198732.11","ENSG00000170381.14","",""
"ENSG00000069431.11","ENSG00000127884.5","ENSG00000162733.19","",""
"ENSG00000213088.12","ENSG00000287200.1","ENSG00000146122.17","",""
"ENSG00000104055.16","ENSG00000237076.1","ENSG00000109099.16","",""
"ENSG00000177707.11","ENSG00000177465.4","ENSG00000184113.9","",""
"ENSG00000230082.1","ENSG00000159200.18","ENSG00000249346.7","",""
"ENSG00000157368.11","ENSG00000198786.2","ENSG00000145423.5","",""
"ENSG00000236444.5","ENSG00000157379.14","ENSG00000239961.3","",""
"ENSG00000185432.12","ENSG00000167676.4","ENSG00000175356.14","",""
"ENSG00000163513.19","ENSG00000114812.13","ENSG00000065154.12","",""
"ENSG00000127990.19","ENSG00000151552.12","ENSG00000099864.18","",""
"ENSG00000182600.9","ENSG00000275392.1","ENSG00000185760.17","",""
"ENSG00000122591.12","ENSG00000183154.1","ENSG00000168913.7","",""
"ENSG00000154917.11","ENSG00000188672.19","ENSG00000111339.12","",""
"ENSG00000248441.7","ENSG00000205106.4","ENSG00000117281.16","",""
"ENSG00000073712.15","ENSG00000144040.13","ENSG00000161640.15","",""
"ENSG00000140009.18","ENSG00000103485.19","ENSG00000113580.15","",""
"ENSG00000177469.13","ENSG00000162068.2","ENSG00000174099.12","",""
"ENSG00000169282.18","ENSG00000245768.7","ENSG00000262097.2","",""
"ENSG00000078596.11","ENSG00000103876.13","ENSG00000188848.16","",""
"ENSG00000179314.14","ENSG00000286751.1","ENSG00000144821.10","",""
"ENSG00000272914.1","ENSG00000178537.10","ENSG00000116741.8","",""
"ENSG00000166265.13","ENSG00000165874.13","ENSG00000168280.18","",""
"ENSG00000113578.18","ENSG00000119673.14","ENSG00000215861.6","",""
"ENSG00000105997.22","ENSG00000272129.1","ENSG00000171189.17","",""
"ENSG00000064218.5","ENSG00000165475.15","ENSG00000196502.12","",""
"ENSG00000119715.15","ENSG00000178301.4","ENSG00000138744.16","",""
"ENSG00000215237.6","ENSG00000186714.12","ENSG00000271474.1","",""
"ENSG00000228063.2","ENSG00000100714.17","ENSG00000211933.2","",""
"ENSG00000243244.7","ENSG00000160233.8","ENSG00000155719.18","",""
"ENSG00000169744.13","ENSG00000282793.1","ENSG00000125148.7","",""
"ENSG00000286039.1","ENSG00000108242.13","ENSG00000134532.19","",""
"ENSG00000145362.20","ENSG00000176422.14","ENSG00000126895.15","",""
"ENSG00000225889.9","ENSG00000257943.2","ENSG00000105784.15","",""
"ENSG00000182902.14","ENSG00000204682.8","ENSG00000225914.3","",""
"ENSG00000197083.11","ENSG00000170099.6","ENSG00000261888.1","",""
"ENSG00000141431.12","ENSG00000060762.19","ENSG00000091986.16","",""
"ENSG00000168356.13","ENSG00000146085.8","ENSG00000162687.19","",""
"ENSG00000259728.5","ENSG00000187546.14","ENSG00000170703.15","",""
"ENSG00000229052.2","ENSG00000116171.19","ENSG00000241294.1","",""
"ENSG00000154240.17","ENSG00000259359.2","ENSG00000214787.10","",""
"ENSG00000286511.1","ENSG00000090539.15","ENSG00000172831.14","",""
"ENSG00000120162.10","ENSG00000196632.10","ENSG00000169418.10","",""
"ENSG00000166831.9","ENSG00000105607.13","ENSG00000161243.9","",""
"ENSG00000077157.22","ENSG00000137106.18","ENSG00000237513.2","",""
"ENSG00000189056.14","ENSG00000274286.2","ENSG00000172987.13","",""
"ENSG00000173530.6","ENSG00000187097.13","ENSG00000196747.4","",""
"ENSG00000132688.11","ENSG00000123561.15","ENSG00000258732.1","",""
"ENSG00000120129.6","ENSG00000273901.1","ENSG00000164627.18","",""
"ENSG00000146122.17","ENSG00000125675.18","ENSG00000053438.11","",""
"ENSG00000253368.4","ENSG00000256262.1","ENSG00000266256.3","",""
"ENSG00000197872.11","ENSG00000187017.17","ENSG00000196376.11","",""
"ENSG00000163687.14","ENSG00000138670.18","ENSG00000134962.7","",""
"ENSG00000135063.19","ENSG00000267659.5","ENSG00000128218.8","",""
"ENSG00000140876.11","ENSG00000241570.8","ENSG00000171303.7","",""
"ENSG00000054598.9","ENSG00000148672.9","ENSG00000018869.17","",""
"ENSG00000259070.7","ENSG00000278214.1","ENSG00000108852.15","",""
"ENSG00000162614.19","ENSG00000162840.4","ENSG00000189056.14","",""
"ENSG00000067113.17","ENSG00000160323.19","ENSG00000153956.16","",""
"ENSG00000115380.20","ENSG00000251393.4","ENSG00000264500.1","",""
"ENSG00000139737.22","ENSG00000279419.1","ENSG00000132932.17","",""
"ENSG00000165084.16","ENSG00000008394.13","ENSG00000168229.4","",""
"ENSG00000281392.2","ENSG00000235199.1","ENSG00000115841.21","",""
"ENSG00000073792.16","ENSG00000132703.4","ENSG00000187837.4","",""
"ENSG00000133116.8","ENSG00000106034.18","ENSG00000259363.6","",""
"ENSG00000148541.13","ENSG00000058404.20","ENSG00000205795.4","",""
"ENSG00000129194.8","ENSG00000285219.2","ENSG00000150045.12","",""
"ENSG00000231007.5","ENSG00000177943.14","ENSG00000196263.8","",""
"ENSG00000133027.18","ENSG00000111885.7","ENSG00000070808.16","",""
"ENSG00000177990.12","ENSG00000064225.12","ENSG00000241163.8","",""
"ENSG00000163590.14","ENSG00000138606.19","ENSG00000145384.4","",""
"ENSG00000126561.17","ENSG00000238198.2","ENSG00000211938.2","",""
"ENSG00000105538.10","ENSG00000185432.12","ENSG00000276547.1","",""
"ENSG00000226833.6","ENSG00000259343.7","ENSG00000213760.11","",""
"ENSG00000139946.10","ENSG00000260886.2","ENSG00000229155.1","",""
"ENSG00000135324.6","ENSG00000260500.1","ENSG00000115295.20","",""
"ENSG00000067082.15","ENSG00000121446.20","ENSG00000123643.13","",""
"ENSG00000101331.17","ENSG00000163884.4","ENSG00000197465.14","",""
"ENSG00000214140.11","ENSG00000171903.16","ENSG00000141574.8","",""
"ENSG00000144857.14","ENSG00000138796.17","ENSG00000126861.5","",""
"ENSG00000274286.2","ENSG00000073849.16","ENSG00000196353.11","",""
"ENSG00000122863.6","ENSG00000122971.9","ENSG00000213901.11","",""
"ENSG00000198932.13","ENSG00000271868.1","ENSG00000258630.3","",""
"ENSG00000234754.2","ENSG00000134463.15","ENSG00000176438.12","",""
"ENSG00000109686.19","ENSG00000174327.7","ENSG00000167779.9","",""
"ENSG00000107796.13","ENSG00000197580.13","ENSG00000166770.11","",""
"ENSG00000233554.6","ENSG00000181856.15","ENSG00000139155.9","",""
"ENSG00000147113.17","ENSG00000163683.12","ENSG00000100678.19","",""
"ENSG00000147027.4","ENSG00000135069.14","ENSG00000176293.20","",""
"ENSG00000204136.11","ENSG00000214456.8","ENSG00000144063.4","",""
"ENSG00000272505.1","ENSG00000230188.1","ENSG00000140459.18","",""
"ENSG00000176974.20","ENSG00000281756.1","ENSG00000171451.14","",""
"ENSG00000160191.18","ENSG00000005981.13","ENSG00000164176.13","",""
"ENSG00000183873.18","ENSG00000149150.9","ENSG00000088854.12","",""
"ENSG00000152932.8","ENSG00000168234.13","ENSG00000136011.15","",""
"ENSG00000171867.17","ENSG00000176894.10","ENSG00000163749.17","",""
"ENSG00000166856.3","ENSG00000180346.4","ENSG00000182487.12","",""
"ENSG00000255389.1","ENSG00000260325.2","ENSG00000167261.14","",""
"ENSG00000092421.17","ENSG00000176919.13","ENSG00000230204.1","",""
"ENSG00000157927.17","ENSG00000122756.15","ENSG00000115590.14","",""
"ENSG00000225670.4","ENSG00000231327.1","ENSG00000181804.15","",""
"ENSG00000090530.10","ENSG00000144648.16","ENSG00000228013.1","",""
"ENSG00000170919.16","ENSG00000112299.8","ENSG00000174640.15","",""
"ENSG00000005513.10","ENSG00000145703.16","ENSG00000136732.16","",""
"ENSG00000173269.14","ENSG00000114378.17","ENSG00000135678.12","",""
"ENSG00000081818.4","ENSG00000198417.7","ENSG00000173114.13","",""
"ENSG00000180638.19","ENSG00000284959.2","ENSG00000238078.1","",""
"ENSG00000113369.9","ENSG00000125430.9","ENSG00000171431.4","",""
"ENSG00000109654.16","ENSG00000138792.10","ENSG00000153902.14","",""
"ENSG00000152672.8","ENSG00000135111.16","ENSG00000240225.10","",""
"ENSG00000184500.16","ENSG00000059769.20","ENSG00000178226.11","",""
"ENSG00000121691.7","ENSG00000215386.13","ENSG00000138193.16","",""
"ENSG00000277954.1","ENSG00000127948.16","ENSG00000124749.17","",""
"ENSG00000254122.3","ENSG00000274560.1","ENSG00000244476.3","",""
"ENSG00000154065.17","ENSG00000137642.13","ENSG00000089486.17","",""
"ENSG00000116016.14","ENSG00000115255.12","ENSG00000196218.13","",""
"ENSG00000184557.4","ENSG00000139597.18","ENSG00000245812.3","",""
"ENSG00000164197.12","ENSG00000260293.2","ENSG00000196196.3","",""
"ENSG00000140538.16","ENSG00000123104.12","ENSG00000046653.15","",""
"ENSG00000272777.1","ENSG00000147155.11","ENSG00000165269.13","",""
"ENSG00000108947.5","ENSG00000216588.9","ENSG00000185274.12","",""
"ENSG00000253771.6","ENSG00000272555.1","ENSG00000005249.13","",""
"ENSG00000163762.7","ENSG00000231047.1","ENSG00000215644.10","",""
"ENSG00000223561.7","ENSG00000253661.2","ENSG00000064655.19","",""
"ENSG00000185038.14","ENSG00000135437.10","ENSG00000197361.8","",""
"ENSG00000286923.1","ENSG00000004799.8","ENSG00000007312.13","",""
"ENSG00000105088.8","ENSG00000226087.2","ENSG00000197083.11","",""
"ENSG00000228436.3","ENSG00000243649.9","ENSG00000057704.13","",""
"ENSG00000278931.1","ENSG00000056998.20","ENSG00000079335.20","",""
"ENSG00000159433.12","ENSG00000116704.8","ENSG00000130224.15","",""
"ENSG00000142611.17","ENSG00000115425.14","ENSG00000204099.12","",""
"ENSG00000221968.9","ENSG00000165410.15","ENSG00000158473.8","",""
"ENSG00000235641.5","ENSG00000197142.10","ENSG00000163606.11","",""
"ENSG00000176153.12","ENSG00000133048.13","ENSG00000184524.6","",""
"ENSG00000008311.15","ENSG00000115841.21","ENSG00000224189.8","",""
"ENSG00000205726.15","ENSG00000143416.21","ENSG00000225465.9","",""
"ENSG00000120471.15","ENSG00000139874.6","ENSG00000137726.17","",""
"ENSG00000115705.22","ENSG00000171503.12","ENSG00000105369.10","",""
"ENSG00000276409.5","ENSG00000100116.17","ENSG00000233093.6","",""
"ENSG00000239405.1","ENSG00000126522.17","ENSG00000107736.21","",""
"ENSG00000166482.12","ENSG00000246145.1","ENSG00000178301.4","",""
"ENSG00000267107.8","ENSG00000231882.1","ENSG00000214491.8","",""
"ENSG00000114378.17","ENSG00000255353.1","ENSG00000150510.17","",""
"ENSG00000099864.18","ENSG00000169764.16","ENSG00000163239.12","",""
"ENSG00000166148.4","ENSG00000167315.18","ENSG00000129244.9","",""
"ENSG00000164841.5","ENSG00000107864.15","ENSG00000139508.15","",""
"ENSG00000154721.15","ENSG00000138640.15","ENSG00000034239.11","",""
"ENSG00000137070.18","ENSG00000166211.8","ENSG00000143416.21","",""
"ENSG00000164318.18","ENSG00000149131.17","ENSG00000175287.19","",""
"ENSG00000150048.10","ENSG00000151360.10","ENSG00000166501.14","",""
"ENSG00000108823.16","ENSG00000230611.1","ENSG00000138678.11","",""
"ENSG00000183722.9","ENSG00000232287.2","ENSG00000112782.19","",""
"ENSG00000162367.11","ENSG00000124374.9","ENSG00000166482.12","",""
"ENSG00000117525.14","ENSG00000117791.16","ENSG00000249231.8","",""
"ENSG00000130707.18","ENSG00000120437.9","ENSG00000177098.9","",""
"ENSG00000174099.12","ENSG00000063854.13","ENSG00000224650.2","",""
"ENSG00000236975.2","ENSG00000106823.12","ENSG00000184613.11","",""
"ENSG00000169515.8","ENSG00000176641.11","ENSG00000226329.2","",""
"ENSG00000153551.14","ENSG00000145476.16","ENSG00000186469.8","",""
"ENSG00000112320.12","ENSG00000004864.14","ENSG00000154553.16","",""
"ENSG00000165495.16","ENSG00000187627.17","ENSG00000182636.8","",""
"ENSG00000147872.10","ENSG00000242600.8","ENSG00000197943.10","",""
"ENSG00000115306.16","ENSG00000213533.13","ENSG00000189221.10","",""
"ENSG00000288045.1","ENSG00000237949.2","ENSG00000128040.11","",""
"ENSG00000258168.6","ENSG00000126759.14","ENSG00000197253.13","",""
"ENSG00000159899.15","ENSG00000263232.2","ENSG00000117472.10","",""
"ENSG00000187800.13","ENSG00000230870.2","ENSG00000231424.3","",""
"ENSG00000052850.8","ENSG00000145850.9","ENSG00000144712.12","",""
"ENSG00000176485.12","ENSG00000164849.10","ENSG00000197629.6","",""
"ENSG00000111186.13","ENSG00000156869.14","ENSG00000177272.9","",""
"ENSG00000125355.16","ENSG00000145217.14","ENSG00000186684.14","",""
"ENSG00000107104.20","ENSG00000111879.20","ENSG00000169026.13","",""
"ENSG00000198774.5","ENSG00000198736.12","ENSG00000112182.15","",""
"ENSG00000149591.17","ENSG00000109107.14","ENSG00000173068.18","",""
"ENSG00000148143.13","ENSG00000196502.12","ENSG00000211651.3","",""
"ENSG00000256235.2","ENSG00000250596.2","ENSG00000073711.11","",""
"ENSG00000165443.12","ENSG00000198721.13","ENSG00000107518.18","",""
"ENSG00000206075.14","ENSG00000140876.11","ENSG00000169764.16","",""
"ENSG00000165996.14","ENSG00000165731.20","ENSG00000224307.2","",""
"ENSG00000109339.24","ENSG00000167769.5","ENSG00000085552.17","",""
"ENSG00000154133.15","ENSG00000142168.15","ENSG00000259834.1","",""
"ENSG00000176597.12","ENSG00000206384.10","ENSG00000115252.18","",""
"ENSG00000198075.10","ENSG00000271784.1","ENSG00000156475.18","",""
"ENSG00000171056.8","ENSG00000170873.19","ENSG00000083814.13","",""
"ENSG00000184785.6","ENSG00000187045.19","ENSG00000105492.16","",""
"ENSG00000154553.16","ENSG00000128928.10","ENSG00000262209.3","",""
"ENSG00000091137.14","ENSG00000155970.12","ENSG00000109339.24","",""
"ENSG00000119185.13","ENSG00000170439.7","ENSG00000011465.18","",""
"ENSG00000081377.17","ENSG00000136868.11","ENSG00000234817.2","",""
"ENSG00000151491.14","ENSG00000251584.2","ENSG00000186715.11","",""
"ENSG00000111879.20","ENSG00000182871.16","ENSG00000229056.2","",""
"ENSG00000169291.10","ENSG00000230550.2","ENSG00000166311.10","",""
"ENSG00000169991.11","ENSG00000172345.14","ENSG00000251141.6","",""
"ENSG00000107611.16","ENSG00000161533.12","ENSG00000185869.15","",""
"ENSG00000102760.13","ENSG00000149485.19","ENSG00000171503.12","",""
"ENSG00000196169.15","ENSG00000114054.14","ENSG00000169213.7","",""
"ENSG00000153993.13","ENSG00000165092.13","ENSG00000187091.14","",""
"ENSG00000158555.15","ENSG00000101856.10","ENSG00000240583.13","",""
"ENSG00000163239.12","ENSG00000259783.6","ENSG00000139117.14","",""
"ENSG00000120279.6","ENSG00000212907.2","ENSG00000121406.9","",""
"ENSG00000232742.3","ENSG00000188517.16","ENSG00000054356.14","",""
"ENSG00000069122.19","ENSG00000079739.17","ENSG00000106853.20","",""
"ENSG00000127528.6","ENSG00000197165.11","ENSG00000042445.14","",""
"ENSG00000077782.21","ENSG00000113594.10","ENSG00000147036.12","",""
"ENSG00000131943.18","ENSG00000151014.6","ENSG00000168077.14","",""
"ENSG00000186105.8","ENSG00000143878.10","ENSG00000137094.15","",""
"ENSG00000109472.14","ENSG00000164904.18","ENSG00000241755.1","",""
"ENSG00000176014.13","ENSG00000125166.13","ENSG00000255774.2","",""
"ENSG00000267440.2","ENSG00000184925.12","ENSG00000176919.13","",""
"ENSG00000185022.12","ENSG00000174885.13","ENSG00000225969.2","",""
"ENSG00000181585.7","ENSG00000089220.5","ENSG00000173198.6","",""
"ENSG00000155966.14","ENSG00000012504.15","ENSG00000136274.9","",""
"ENSG00000231419.6","ENSG00000137563.13","ENSG00000245468.4","",""
"ENSG00000118004.18","ENSG00000076258.10","ENSG00000211937.3","",""
"ENSG00000122971.9","ENSG00000172893.16","ENSG00000172724.12","",""
"ENSG00000232284.7","ENSG00000256148.1","ENSG00000171992.13","",""
"ENSG00000174059.17","ENSG00000198727.2","ENSG00000106571.15","",""
"ENSG00000186951.16","ENSG00000198899.2","ENSG00000185818.8","",""
"ENSG00000172458.4","ENSG00000267390.1","ENSG00000172794.20","",""
"ENSG00000143344.16","ENSG00000185100.11","ENSG00000188373.5","",""
"ENSG00000221818.9","ENSG00000117054.14","ENSG00000239951.1","",""
"ENSG00000118495.20","ENSG00000143028.9","ENSG00000156299.13","",""
"ENSG00000142871.18","ENSG00000101974.14","ENSG00000145335.17","",""
"ENSG00000171992.13","ENSG00000186951.16","ENSG00000185339.9","",""
"ENSG00000075213.11","ENSG00000158473.8","ENSG00000046889.19","",""
"ENSG00000149231.15","ENSG00000101695.9","ENSG00000187239.17","",""
"ENSG00000036530.9","ENSG00000214842.5","ENSG00000253485.2","",""
"ENSG00000233117.4","ENSG00000278518.1","ENSG00000076555.15","",""
"ENSG00000196781.16","ENSG00000119471.15","ENSG00000165496.5","",""
"ENSG00000171914.16","ENSG00000170214.5","ENSG00000259120.3","",""
"ENSG00000122644.13","ENSG00000164161.10","ENSG00000166920.13","",""
"ENSG00000152583.12","ENSG00000248527.1","ENSG00000249249.2","",""
"ENSG00000274340.1","ENSG00000104325.7","ENSG00000240382.3","",""
"ENSG00000142910.16","ENSG00000273291.5","ENSG00000272463.1","",""
"ENSG00000103184.12","ENSG00000172340.15","ENSG00000100285.10","",""
"ENSG00000274031.1","ENSG00000169439.12","ENSG00000198771.11","",""
"ENSG00000234722.5","ENSG00000237413.5","ENSG00000122224.18","",""
"ENSG00000126838.10","ENSG00000122490.19","ENSG00000137672.13","",""
"ENSG00000147526.20","ENSG00000255231.1","ENSG00000155545.20","",""
"ENSG00000196569.13","ENSG00000214530.9","ENSG00000231246.2","",""
"ENSG00000101311.16","ENSG00000066583.12","ENSG00000141750.7","",""
"ENSG00000129467.14","ENSG00000114737.16","ENSG00000233237.8","",""
"ENSG00000156689.7","ENSG00000240303.8","ENSG00000211679.2","",""
"ENSG00000166682.13","ENSG00000163293.12","ENSG00000139540.12","",""
"ENSG00000121898.13","ENSG00000285872.1","ENSG00000250742.4","",""
"ENSG00000164687.11","ENSG00000162817.7","ENSG00000124507.11","",""
"ENSG00000142677.4","ENSG00000243069.8","ENSG00000144031.12","",""
"ENSG00000236548.2","ENSG00000049246.14","ENSG00000188488.14","",""
"ENSG00000149289.11","ENSG00000198804.2","ENSG00000095637.22","",""
"ENSG00000183638.6","ENSG00000177688.7","ENSG00000227372.12","",""
"ENSG00000198756.12","ENSG00000135144.7","ENSG00000203739.4","",""
"ENSG00000087903.13","ENSG00000251139.2","ENSG00000144230.16","",""
"ENSG00000255398.3","ENSG00000198888.2","ENSG00000226564.1","",""
"ENSG00000181804.15","ENSG00000198763.3","ENSG00000149451.18","",""
"ENSG00000266601.1","ENSG00000288007.1","ENSG00000171659.15","",""
"ENSG00000231999.7","ENSG00000110975.8","ENSG00000280186.1","",""
"ENSG00000167992.13","ENSG00000146374.14","ENSG00000270265.1","",""
"ENSG00000119729.12","ENSG00000126106.14","ENSG00000188906.16","",""
"ENSG00000135333.14","ENSG00000148057.16","ENSG00000179674.4","",""
"ENSG00000226026.6","ENSG00000175600.16","ENSG00000198944.6","",""
"ENSG00000205562.3","ENSG00000211445.12","ENSG00000166086.13","",""
"ENSG00000203685.10","ENSG00000149476.16","ENSG00000135424.18","",""
"ENSG00000234779.1","ENSG00000198886.2","ENSG00000165124.18","",""
"ENSG00000079819.19","ENSG00000162688.17","ENSG00000280040.1","",""
"ENSG00000224468.3","ENSG00000074935.14","ENSG00000143603.19","",""
"ENSG00000105376.5","ENSG00000233967.7","ENSG00000103647.13","",""
"ENSG00000248275.2","ENSG00000107902.14","ENSG00000134955.12","",""
"ENSG00000070371.16","ENSG00000231083.1","ENSG00000166313.19","",""
"ENSG00000106829.20","ENSG00000162496.9","ENSG00000158406.5","",""
"ENSG00000280594.1","ENSG00000169752.17","ENSG00000258405.11","",""
"ENSG00000227176.1","ENSG00000170959.14","ENSG00000286646.1","",""
"ENSG00000226530.2","ENSG00000131951.11","ENSG00000067113.17","",""
"ENSG00000184304.16","ENSG00000170608.3","ENSG00000198673.10","",""
"ENSG00000286458.1","ENSG00000157557.13","ENSG00000137558.9","",""
"ENSG00000251396.7","ENSG00000106049.9","ENSG00000153898.13","",""
"ENSG00000167711.14","ENSG00000272689.1","ENSG00000273472.1","",""
"ENSG00000204618.8","ENSG00000271874.1","ENSG00000179144.5","",""
"ENSG00000026025.16","ENSG00000253406.1","ENSG00000169554.22","",""
"ENSG00000163492.15","ENSG00000286330.1","ENSG00000136960.13","",""
"ENSG00000148483.9","ENSG00000237188.5","ENSG00000119865.9","",""
"ENSG00000260306.1","ENSG00000137713.16","ENSG00000271797.1","",""
"ENSG00000079337.16","ENSG00000263606.1","ENSG00000059728.11","",""
"ENSG00000079739.17","ENSG00000124343.14","ENSG00000106823.12","",""
"ENSG00000122035.7","ENSG00000164742.16","ENSG00000155970.12","",""
"ENSG00000143382.15","ENSG00000198947.16","ENSG00000183134.5","",""
"ENSG00000187323.12","ENSG00000119686.10","ENSG00000092421.17","",""
"ENSG00000272636.4","ENSG00000139178.11","ENSG00000249279.6","",""
"ENSG00000260423.2","ENSG00000186301.8","ENSG00000005108.16","",""
"ENSG00000272691.1","ENSG00000228146.8","ENSG00000153162.9","",""
"ENSG00000269067.2","ENSG00000258732.1","ENSG00000163637.13","",""
"ENSG00000246548.3","ENSG00000242262.1","ENSG00000182175.14","",""
"ENSG00000227755.1","ENSG00000100344.11","ENSG00000159307.19","",""
"ENSG00000148468.17","ENSG00000138821.13","ENSG00000166250.12","",""
"ENSG00000264017.2","ENSG00000146416.19","ENSG00000186265.10","",""
"ENSG00000111077.18","ENSG00000125730.17","ENSG00000134533.6","",""
"ENSG00000286622.1","ENSG00000120053.12","ENSG00000162614.19","",""
"ENSG00000119865.9","ENSG00000001084.13","ENSG00000025423.11","",""
"ENSG00000214575.9","ENSG00000128271.22","ENSG00000167315.18","",""
"ENSG00000146072.6","ENSG00000170385.10","ENSG00000164199.18","",""
"ENSG00000159176.14","ENSG00000115486.12","ENSG00000144426.18","",""
"ENSG00000253520.1","ENSG00000131620.17","ENSG00000133104.14","",""
"ENSG00000168994.14","ENSG00000205269.6","ENSG00000150593.18","",""
"ENSG00000223804.5","ENSG00000162881.6","ENSG00000115041.13","",""
"ENSG00000215548.2","ENSG00000205832.7","ENSG00000179163.12","",""
"ENSG00000272690.6","ENSG00000065054.14","ENSG00000076258.10","",""
"ENSG00000152284.5","ENSG00000268297.1","ENSG00000080031.10","",""
"ENSG00000176720.6","ENSG00000241058.4","ENSG00000143995.20","",""
"ENSG00000112276.14","ENSG00000116285.13","ENSG00000033122.21","",""
"ENSG00000251600.8","ENSG00000128311.14","ENSG00000112619.8","",""
"ENSG00000261707.1","ENSG00000236349.1","ENSG00000124772.12","",""
"ENSG00000261371.6","ENSG00000127954.13","ENSG00000144648.16","",""
"ENSG00000287811.1","ENSG00000286430.1","ENSG00000074755.15","",""
"ENSG00000134627.12","ENSG00000156110.15","ENSG00000101049.17","",""
"ENSG00000189320.9","ENSG00000111907.21","ENSG00000267272.5","",""
"ENSG00000267131.1","ENSG00000067445.21","ENSG00000188916.9","",""
"ENSG00000185950.9","ENSG00000198840.2","ENSG00000242732.4","",""
"ENSG00000255362.1","ENSG00000265943.1","ENSG00000135916.16","",""
"ENSG00000273091.1","ENSG00000066185.13","ENSG00000227908.3","",""
"ENSG00000160145.15","ENSG00000146674.15","ENSG00000148842.18","",""
"ENSG00000144476.6","ENSG00000172824.16","ENSG00000263264.2","",""
"ENSG00000164035.10","ENSG00000121310.17","ENSG00000154917.11","",""
"ENSG00000071205.12","ENSG00000156398.13","ENSG00000154188.10","",""
"ENSG00000212719.13","ENSG00000232368.1","ENSG00000058668.15","",""
"ENSG00000138772.13","ENSG00000266850.1","ENSG00000172578.12","",""
"ENSG00000255248.9","ENSG00000075643.6","ENSG00000119138.4","",""
"ENSG00000134775.15","ENSG00000236213.2","ENSG00000118402.6","",""
"ENSG00000124212.6","ENSG00000188001.10","ENSG00000269834.6","",""
"ENSG00000113580.15","ENSG00000158077.5","ENSG00000235142.10","",""
"ENSG00000223774.5","ENSG00000260156.1","ENSG00000172348.15","",""
"ENSG00000183454.18","ENSG00000175806.15","ENSG00000164442.10","",""
"ENSG00000226252.1","ENSG00000257259.3","ENSG00000162897.16","",""
"ENSG00000261997.1","ENSG00000249352.4","ENSG00000000971.16","",""
"ENSG00000279805.1","ENSG00000260605.1","ENSG00000285706.1","",""
"ENSG00000132702.13","ENSG00000233585.2","ENSG00000166025.18","",""
"ENSG00000141576.16","ENSG00000287378.1","ENSG00000160685.13","",""
"ENSG00000203875.13","ENSG00000170917.14","ENSG00000211648.2","",""
"ENSG00000277587.1","ENSG00000162843.17","ENSG00000234456.8","",""
"ENSG00000248896.3","ENSG00000273328.5","ENSG00000169282.18","",""
"ENSG00000082482.14","ENSG00000111052.7","ENSG00000146006.8","",""
"ENSG00000269190.6","ENSG00000157326.19","ENSG00000234155.1","",""
"ENSG00000249167.2","ENSG00000196136.18","ENSG00000211666.2","",""
"ENSG00000253875.2","ENSG00000203280.4","ENSG00000149557.14","",""
"ENSG00000169764.16","ENSG00000225938.1","ENSG00000151882.11","",""
"ENSG00000119986.7","ENSG00000228013.1","ENSG00000157514.16","",""
"ENSG00000204022.9","ENSG00000230849.2","ENSG00000164197.12","",""
"ENSG00000099139.14","ENSG00000160801.14","ENSG00000240184.7","",""
"ENSG00000164303.11","ENSG00000075234.17","ENSG00000189292.16","",""
"ENSG00000261409.1","ENSG00000185304.15","ENSG00000152763.17","",""
"ENSG00000135835.12","ENSG00000137274.13","ENSG00000174460.4","",""
"ENSG00000165030.4","ENSG00000261447.1","ENSG00000137273.6","",""
"ENSG00000228139.1","ENSG00000118985.16","ENSG00000162373.13","",""
"ENSG00000100979.15","ENSG00000176171.11","ENSG00000186204.15","",""
"ENSG00000285918.1","ENSG00000228253.1","ENSG00000179954.16","",""
"ENSG00000259236.1","ENSG00000164039.15","ENSG00000248441.7","",""
"ENSG00000100077.15","ENSG00000124120.11","ENSG00000177455.15","",""
"ENSG00000169918.10","ENSG00000125787.11","ENSG00000166532.16","",""
"ENSG00000119326.15","ENSG00000105609.17","ENSG00000176593.8","",""
"ENSG00000237248.5","ENSG00000143891.17","ENSG00000211935.3","",""
"ENSG00000169313.10","ENSG00000085871.9","ENSG00000187658.7","",""
"ENSG00000157557.13","ENSG00000170293.9","ENSG00000077943.8","",""
"ENSG00000260876.6","ENSG00000235078.1","ENSG00000135437.10","",""
"ENSG00000114019.15","ENSG00000171428.15","ENSG00000064886.14","",""
"ENSG00000148700.15","ENSG00000131069.20","ENSG00000119938.9","",""
"ENSG00000103710.11","ENSG00000173221.14","ENSG00000167117.10","",""
"ENSG00000260549.2","ENSG00000164211.13","ENSG00000144857.14","",""
"ENSG00000125966.10","ENSG00000115042.10","ENSG00000159176.14","",""
"ENSG00000236501.6","ENSG00000182329.14","ENSG00000075340.23","",""
"ENSG00000272209.1","ENSG00000102468.11","ENSG00000171174.15","",""
"ENSG00000111961.18","ENSG00000132763.15","ENSG00000243238.1","",""
"ENSG00000226581.2","ENSG00000278058.1","ENSG00000119227.8","",""
"ENSG00000124557.12","ENSG00000203797.12","ENSG00000204175.5","",""
"ENSG00000226440.7","ENSG00000105784.15","ENSG00000234175.1","",""
"ENSG00000053254.16","ENSG00000172057.10","ENSG00000115468.12","",""
"ENSG00000136111.14","ENSG00000106993.12","ENSG00000198947.16","",""
"ENSG00000176533.13","ENSG00000225077.3","ENSG00000227051.7","",""
"ENSG00000162616.9","ENSG00000274501.1","ENSG00000114166.8","",""
"ENSG00000157021.9","ENSG00000119986.7","ENSG00000166793.13","",""
"ENSG00000173482.17","ENSG00000230894.2","ENSG00000178537.10","",""
"ENSG00000204301.6","ENSG00000166669.13","ENSG00000151702.17","",""
"ENSG00000279453.1","ENSG00000230314.7","ENSG00000172828.13","",""
"ENSG00000093144.19","ENSG00000118298.12","ENSG00000139193.4","",""
"ENSG00000262728.6","ENSG00000112304.11","ENSG00000267414.1","",""
"ENSG00000221970.2","ENSG00000080573.7","ENSG00000176533.13","",""
"ENSG00000147119.4","ENSG00000172164.15","ENSG00000119946.11","",""
"ENSG00000270362.1","ENSG00000107372.13","ENSG00000134061.5","",""
"ENSG00000178695.6","ENSG00000138413.14","ENSG00000138685.17","",""
"ENSG00000251322.9","ENSG00000067064.11","ENSG00000198046.12","",""
"ENSG00000164850.15","ENSG00000152700.14","ENSG00000136044.12","",""
"ENSG00000118762.8","ENSG00000287189.1","ENSG00000151079.7","",""
"ENSG00000171115.4","ENSG00000237417.1","ENSG00000007264.15","",""
"ENSG00000288009.1","ENSG00000232855.7","ENSG00000128918.15","",""
"ENSG00000095932.7","ENSG00000271945.2","ENSG00000141447.18","",""
"ENSG00000204161.14","ENSG00000164616.16","ENSG00000259342.1","",""
"ENSG00000130234.12","ENSG00000148218.16","ENSG00000168016.15","",""
"ENSG00000111859.17","ENSG00000198682.13","ENSG00000204161.14","",""
"ENSG00000255642.1","ENSG00000185267.10","ENSG00000254703.2","",""
"ENSG00000155760.2","ENSG00000147853.17","ENSG00000142494.13","",""
"ENSG00000133019.12","ENSG00000160932.11","ENSG00000243244.7","",""
"ENSG00000163293.12","ENSG00000178732.5","ENSG00000272462.3","",""
"ENSG00000154265.16","ENSG00000124615.20","ENSG00000169851.15","",""
"ENSG00000046889.19","ENSG00000234456.8","ENSG00000163520.14","",""
"ENSG00000200253.1","ENSG00000275025.1","ENSG00000179277.9","",""
"ENSG00000145335.17","ENSG00000180767.10","ENSG00000151229.13","",""
"ENSG00000165804.16","ENSG00000168904.15","ENSG00000134917.10","",""
"ENSG00000185615.16","ENSG00000114779.19","ENSG00000166143.10","",""
"ENSG00000173662.21","ENSG00000166821.9","ENSG00000177363.5","",""
"ENSG00000153246.13","ENSG00000135469.14","ENSG00000143257.12","",""
"ENSG00000230042.1","ENSG00000003436.16","ENSG00000137251.16","",""
"ENSG00000232000.3","ENSG00000284730.1","ENSG00000171433.12","",""
"ENSG00000154229.12","ENSG00000123384.14","ENSG00000149218.5","",""
"ENSG00000087842.11","ENSG00000140905.11","ENSG00000143382.15","",""
"ENSG00000235098.8","ENSG00000181061.14","ENSG00000204131.9","",""
"ENSG00000260439.1","ENSG00000134294.14","ENSG00000250510.8","",""
"ENSG00000237505.8","ENSG00000103150.7","ENSG00000176472.10","",""
"ENSG00000174950.11","ENSG00000169814.16","ENSG00000162407.9","",""
"ENSG00000146278.11","ENSG00000135547.9","ENSG00000064652.11","",""
"ENSG00000155659.15","ENSG00000092621.13","ENSG00000178146.9","",""
"ENSG00000277449.1","ENSG00000171723.16","ENSG00000196924.19","",""
"ENSG00000206567.10","ENSG00000108381.11","ENSG00000151320.11","",""
"ENSG00000280159.1","ENSG00000259905.7","ENSG00000172915.18","",""
"ENSG00000113946.4","ENSG00000210196.2","ENSG00000129538.14","",""
"ENSG00000222005.9","ENSG00000136371.11","ENSG00000205363.6","",""
"ENSG00000231160.10","ENSG00000170345.10","ENSG00000268027.5","",""
"ENSG00000085563.15","ENSG00000272507.1","ENSG00000278828.1","",""
"ENSG00000183060.15","ENSG00000232934.8","ENSG00000122786.20","",""
"ENSG00000242337.5","ENSG00000273958.1","ENSG00000111796.4","",""
"ENSG00000157827.20","ENSG00000272518.1","ENSG00000120279.6","",""
"ENSG00000231889.7","ENSG00000164466.13","ENSG00000275025.1","",""
"ENSG00000156222.12","ENSG00000153165.19","ENSG00000167664.8","",""
"ENSG00000178385.15","ENSG00000178821.13","ENSG00000287527.1","",""
"ENSG00000155016.18","ENSG00000139531.13","ENSG00000163449.11","",""
"ENSG00000123080.12","ENSG00000204228.4","ENSG00000188013.6","",""
"ENSG00000260329.1","ENSG00000273174.1","ENSG00000181751.10","",""
"ENSG00000152492.15","ENSG00000183077.15","ENSG00000183801.8","",""
"ENSG00000115504.15","ENSG00000163702.20","ENSG00000126860.12","",""
"ENSG00000244513.7","ENSG00000213930.12","ENSG00000119782.14","",""
"ENSG00000115459.18","ENSG00000174473.16","ENSG00000255277.3","",""
"ENSG00000185112.6","ENSG00000100897.18","ENSG00000104154.7","",""
"ENSG00000248334.6","ENSG00000136052.9","ENSG00000106351.13","",""
"ENSG00000156140.10","ENSG00000095321.17","ENSG00000183580.10","",""
"ENSG00000146674.15","ENSG00000227070.1","ENSG00000253313.6","",""
"ENSG00000179388.9","ENSG00000245468.4","ENSG00000104870.13","",""
"ENSG00000278934.1","ENSG00000174963.18","ENSG00000215193.13","",""
"ENSG00000257135.7","ENSG00000227295.2","ENSG00000152284.5","",""
"ENSG00000163273.4","ENSG00000288100.1","ENSG00000268388.6","",""
"ENSG00000230747.1","ENSG00000178297.14","ENSG00000180573.9","",""
"ENSG00000239332.6","ENSG00000230623.6","ENSG00000197256.11","",""
"ENSG00000188580.15","ENSG00000160712.13","ENSG00000120156.22","",""
"ENSG00000113212.7","ENSG00000131096.10","ENSG00000110324.11","",""
"ENSG00000225434.3","ENSG00000257057.3","ENSG00000079739.17","",""
"ENSG00000171357.6","ENSG00000260541.1","ENSG00000170476.16","",""
"ENSG00000237461.2","ENSG00000159228.13","ENSG00000263429.3","",""
"ENSG00000179909.15","ENSG00000139428.12","ENSG00000155324.10","",""
"ENSG00000162551.14","ENSG00000151715.8","ENSG00000172803.18","",""
"ENSG00000162877.13","ENSG00000143149.12","ENSG00000137936.18","",""
"ENSG00000206538.9","ENSG00000107566.14","ENSG00000169218.14","",""
"ENSG00000134030.14","ENSG00000240409.1","ENSG00000197872.11","",""
"ENSG00000066405.13","ENSG00000251314.2","ENSG00000079385.23","",""
"ENSG00000162618.15","ENSG00000161132.6","ENSG00000120915.14","",""
"ENSG00000135272.12","ENSG00000210144.1","ENSG00000136052.9","",""
"ENSG00000111254.8","ENSG00000141753.7","ENSG00000274750.2","",""
"ENSG00000189369.9","ENSG00000188833.10","ENSG00000211947.2","",""
"ENSG00000117013.17","ENSG00000174567.8","ENSG00000158517.15","",""
"ENSG00000249249.2","ENSG00000179152.20","ENSG00000162894.12","",""
"ENSG00000060138.13","ENSG00000187630.17","ENSG00000206538.9","",""
"ENSG00000027697.15","ENSG00000239911.2","ENSG00000170456.16","",""
"ENSG00000186198.4","ENSG00000139631.19","ENSG00000219481.10","",""
"ENSG00000249751.4","ENSG00000175820.4","ENSG00000167074.15","",""
"ENSG00000042445.14","ENSG00000241135.6","ENSG00000081853.15","",""
"ENSG00000038295.8","ENSG00000204022.9","ENSG00000171115.4","",""
"ENSG00000101695.9","ENSG00000137441.8","ENSG00000158158.12","",""
"ENSG00000250131.2","ENSG00000179915.24","ENSG00000197535.15","",""
"ENSG00000123358.20","ENSG00000116678.20","ENSG00000116574.6","",""
"ENSG00000250326.2","ENSG00000124299.15","ENSG00000075142.14","",""
"ENSG00000139289.13","ENSG00000258561.2","ENSG00000203497.2","",""
"ENSG00000130037.5","ENSG00000087086.15","ENSG00000240875.6","",""
"ENSG00000171451.14","ENSG00000099974.8","ENSG00000110077.14","",""
"ENSG00000288548.1","ENSG00000258451.1","ENSG00000170989.10","",""
"ENSG00000255328.1","ENSG00000270532.1","ENSG00000165548.11","",""
"ENSG00000152518.8","ENSG00000176907.5","ENSG00000173372.17","",""
"ENSG00000104967.8","ENSG00000287620.1","ENSG00000186281.12","",""
"ENSG00000173757.10","ENSG00000159335.18","ENSG00000163534.15","",""
"ENSG00000178187.8","ENSG00000185813.11","ENSG00000108924.14","",""
"ENSG00000112531.17","ENSG00000143653.10","ENSG00000150681.10","",""
"ENSG00000105131.8","ENSG00000091483.7","ENSG00000118804.8","",""
"ENSG00000271614.1","ENSG00000243055.1","ENSG00000185862.7","",""
"ENSG00000175899.15","ENSG00000094631.21","ENSG00000139567.13","",""
"ENSG00000064692.20","ENSG00000165474.8","ENSG00000167705.12","",""
"ENSG00000148935.11","ENSG00000241886.1","ENSG00000087085.16","",""
"ENSG00000175198.17","ENSG00000124588.21","ENSG00000105755.8","",""
"ENSG00000158104.11","ENSG00000126218.12","ENSG00000171747.9","",""
"ENSG00000253348.1","ENSG00000168546.11","ENSG00000130558.20","",""
"ENSG00000116285.13","ENSG00000099260.11","ENSG00000068831.19","",""
"ENSG00000219693.3","ENSG00000229896.2","ENSG00000256139.2","",""
"ENSG00000163378.14","ENSG00000267056.2","ENSG00000166126.11","",""
"ENSG00000124019.10","ENSG00000224837.1","ENSG00000152642.11","",""
"ENSG00000259583.3","ENSG00000272622.2","ENSG00000137225.13","",""
"ENSG00000077684.16","ENSG00000167363.14","ENSG00000276141.4","",""
"ENSG00000087253.13","ENSG00000137364.5","ENSG00000184451.5","",""
"ENSG00000140285.12","ENSG00000284505.1","ENSG00000135063.19","",""
"ENSG00000102053.12","ENSG00000286144.1","ENSG00000120162.10","",""
"ENSG00000271601.4","ENSG00000233942.1","ENSG00000189077.11","",""
"ENSG00000103264.18","ENSG00000137714.3","ENSG00000135914.6","",""
"ENSG00000205269.6","ENSG00000170430.10","ENSG00000153823.19","",""
"ENSG00000185010.15","ENSG00000038210.14","ENSG00000134363.12","",""
"ENSG00000099250.18","ENSG00000204173.11","ENSG00000182578.14","",""
"ENSG00000114166.8","ENSG00000137171.15","ENSG00000169252.6","",""
"ENSG00000066382.16","ENSG00000278344.1","ENSG00000185345.23","",""
"ENSG00000130224.15","ENSG00000197635.11","ENSG00000043039.7","",""
"ENSG00000234690.7","ENSG00000284747.1","ENSG00000111424.12","",""
"ENSG00000146281.6","ENSG00000155380.12","ENSG00000150048.10","",""
"ENSG00000135862.6","ENSG00000157184.7","ENSG00000100292.18","",""
"ENSG00000285938.1","ENSG00000146521.10","ENSG00000103942.13","",""
"ENSG00000142661.19","ENSG00000255191.1","ENSG00000234618.1","",""
"ENSG00000171044.11","ENSG00000154265.16","ENSG00000173258.13","",""
"ENSG00000064225.12","ENSG00000185361.9","ENSG00000187260.16","",""
"ENSG00000129244.9","ENSG00000162039.17","ENSG00000172673.11","",""
"ENSG00000287917.1","ENSG00000148935.11","ENSG00000188921.14","",""
"ENSG00000120318.16","ENSG00000101353.15","ENSG00000109265.14","",""
"ENSG00000165914.15","ENSG00000110723.12","ENSG00000183049.13","",""
"ENSG00000006652.15","ENSG00000108439.11","ENSG00000164035.10","",""
"ENSG00000008323.15","ENSG00000160285.15","ENSG00000280135.1","",""
"ENSG00000105379.10","ENSG00000269028.3","ENSG00000156804.7","",""
"ENSG00000198467.16","ENSG00000133935.7","ENSG00000154864.13","",""
"ENSG00000152527.14","ENSG00000144290.17","ENSG00000158828.8","",""
"ENSG00000272848.2","ENSG00000036672.16","ENSG00000139433.11","",""
"ENSG00000274818.1","ENSG00000215861.6","ENSG00000248334.6","",""
"ENSG00000135318.12","ENSG00000260645.2","ENSG00000166265.13","",""
"ENSG00000180815.14","ENSG00000166741.8","ENSG00000185561.10","",""
"ENSG00000148339.12","ENSG00000176720.6","ENSG00000249631.6","",""
"ENSG00000196218.13","ENSG00000117118.10","ENSG00000154263.17","",""
"ENSG00000232818.2","ENSG00000141179.14","ENSG00000169508.7","",""
"ENSG00000165633.13","ENSG00000172831.14","ENSG00000184012.13","",""
"ENSG00000171462.15","ENSG00000107518.18","ENSG00000069974.16","",""
"ENSG00000117400.18","ENSG00000130653.16","ENSG00000255150.2","",""
"ENSG00000165801.10","ENSG00000165995.22","ENSG00000247809.9","",""
"ENSG00000100242.15","ENSG00000104870.13","ENSG00000136235.17","",""
"ENSG00000181744.9","ENSG00000130813.18","ENSG00000110013.13","",""
"ENSG00000075651.16","ENSG00000184517.12","ENSG00000161533.12","",""
"ENSG00000186231.17","ENSG00000229915.1","ENSG00000156006.5","",""
"ENSG00000136869.16","ENSG00000287780.1","ENSG00000160460.16","",""
"ENSG00000170962.13","ENSG00000188641.14","ENSG00000227191.8","",""
"ENSG00000123700.5","ENSG00000254718.6","ENSG00000131845.15","",""
"ENSG00000198046.12","ENSG00000105707.14","ENSG00000185811.19","",""
"ENSG00000228223.3","ENSG00000210082.2","ENSG00000128311.14","",""
"ENSG00000162413.16","ENSG00000073712.15","ENSG00000103710.11","",""
"ENSG00000138738.11","ENSG00000224097.5","ENSG00000188060.7","",""
"ENSG00000105227.16","ENSG00000263063.1","ENSG00000255587.9","",""
"ENSG00000068366.20","ENSG00000073169.14","ENSG00000235863.4","",""
"ENSG00000144730.19","ENSG00000284882.1","ENSG00000211891.6","",""
"ENSG00000140718.21","ENSG00000225968.7","ENSG00000236349.1","",""
"ENSG00000197702.14","ENSG00000231768.2","ENSG00000095203.14","",""
"ENSG00000196154.12","ENSG00000183048.12","ENSG00000272686.1","",""
"ENSG00000142627.13","ENSG00000115963.13","ENSG00000064787.13","",""
"ENSG00000180871.8","ENSG00000197417.9","ENSG00000103184.12","",""
"ENSG00000145675.15","ENSG00000166002.7","ENSG00000102468.11","",""
"ENSG00000132357.14","ENSG00000264575.1","ENSG00000267787.7","",""
"ENSG00000172059.11","ENSG00000246523.8","ENSG00000265519.1","",""
"ENSG00000197894.11","ENSG00000180425.11","ENSG00000153303.17","",""
"ENSG00000117016.10","ENSG00000152990.14","ENSG00000245025.3","",""
"ENSG00000171522.6","ENSG00000151090.20","ENSG00000282885.2","",""
"ENSG00000277144.1","ENSG00000154153.13","ENSG00000177133.11","",""
"ENSG00000261737.1","ENSG00000168792.5","ENSG00000088256.9","",""
"ENSG00000112290.13","ENSG00000124370.11","ENSG00000158373.8","",""
"ENSG00000120156.22","ENSG00000284418.2","ENSG00000127990.19","",""
"ENSG00000267519.6","ENSG00000185010.15","ENSG00000120913.23","",""
"ENSG00000099204.20","ENSG00000269293.3","ENSG00000245105.4","",""
"ENSG00000158301.18","ENSG00000287236.1","ENSG00000279118.1","",""
"ENSG00000019144.19","ENSG00000270030.1","ENSG00000136160.17","",""
"ENSG00000102024.18","ENSG00000144837.9","ENSG00000164237.9","",""
"ENSG00000162571.14","ENSG00000198814.13","ENSG00000223394.2","",""
"ENSG00000116833.14","ENSG00000197885.11","ENSG00000287406.1","",""
"ENSG00000113070.8","ENSG00000114021.12","ENSG00000162949.16","",""
"ENSG00000124104.19","ENSG00000131373.15","ENSG00000185275.6","",""
"ENSG00000108387.15","ENSG00000223999.1","ENSG00000232284.7","",""
"ENSG00000005020.13","ENSG00000152580.8","ENSG00000167741.11","",""
"ENSG00000259065.2","ENSG00000108179.14","ENSG00000100368.14","",""
"ENSG00000162337.12","ENSG00000245750.10","ENSG00000249740.3","",""
"ENSG00000258636.2","ENSG00000147955.17","ENSG00000197937.13","",""
"ENSG00000117020.18","ENSG00000139899.11","ENSG00000163412.13","",""
"ENSG00000180769.10","ENSG00000198520.12","ENSG00000117020.18","",""
"ENSG00000130956.14","ENSG00000139160.13","ENSG00000104043.15","",""
"ENSG00000155755.19","ENSG00000265511.1","ENSG00000166963.13","",""
"ENSG00000011198.10","ENSG00000288012.1","ENSG00000287743.1","",""
"ENSG00000152818.18","ENSG00000170088.14","ENSG00000110900.16","",""
"ENSG00000226314.8","ENSG00000151611.16","ENSG00000100490.9","",""
"ENSG00000286340.1","ENSG00000211459.2","ENSG00000170458.14","",""
"ENSG00000125148.7","ENSG00000210140.1","ENSG00000117592.9","",""
"ENSG00000253305.2","ENSG00000099860.9","ENSG00000185942.13","",""
"ENSG00000197256.11","ENSG00000185875.13","ENSG00000060762.19","",""
"ENSG00000108799.13","ENSG00000214960.11","ENSG00000231205.11","",""
"ENSG00000139318.8","ENSG00000260971.4","ENSG00000172340.15","",""
"ENSG00000115841.21","ENSG00000102038.16","ENSG00000134516.18","",""
"ENSG00000101400.6","ENSG00000231473.3","ENSG00000023902.14","",""
"ENSG00000109832.14","ENSG00000100522.10","ENSG00000072952.19","",""
"ENSG00000284052.1","ENSG00000072042.13","ENSG00000159733.14","",""
"ENSG00000175745.14","ENSG00000091428.18","ENSG00000174600.14","",""
"ENSG00000226491.1","ENSG00000204370.13","ENSG00000158201.10","",""
"ENSG00000124067.17","ENSG00000101230.6","ENSG00000226791.7","",""
"ENSG00000113916.18","ENSG00000100219.16","ENSG00000163492.15","",""
"ENSG00000225439.3","ENSG00000235169.11","ENSG00000128011.5","",""
"ENSG00000198835.4","ENSG00000165795.23","ENSG00000157168.20","",""
"ENSG00000184271.17","ENSG00000138709.19","ENSG00000185133.14","",""
"ENSG00000117245.13","ENSG00000137992.14","ENSG00000171100.15","",""
"ENSG00000126785.13","ENSG00000128309.16","ENSG00000117682.17","",""
"ENSG00000112096.19","ENSG00000115226.10","ENSG00000122707.12","",""
"ENSG00000149531.15","ENSG00000275494.1","ENSG00000120899.18","",""
"ENSG00000144596.13","ENSG00000235286.1","ENSG00000101782.15","",""
"ENSG00000129657.16","ENSG00000272402.1","ENSG00000164976.9","",""
"ENSG00000057704.13","ENSG00000112972.15","ENSG00000162104.10","",""
"ENSG00000261934.2","ENSG00000181513.15","ENSG00000111684.11","",""
"ENSG00000233452.7","ENSG00000255471.1","ENSG00000101265.16","",""
"ENSG00000138639.18","ENSG00000243176.6","ENSG00000204851.7","",""
"ENSG00000111863.13","ENSG00000166228.9","ENSG00000230490.3","",""
"ENSG00000104043.15","ENSG00000147471.12","ENSG00000237438.7","",""
"ENSG00000100234.12","ENSG00000287091.1","ENSG00000185527.12","",""
"ENSG00000148737.17","ENSG00000151287.17","ENSG00000236915.2","",""
"ENSG00000241935.9","ENSG00000145675.15","ENSG00000092850.12","",""
"ENSG00000259877.2","ENSG00000010610.10","ENSG00000112799.9","",""
"ENSG00000140945.17","ENSG00000060642.11","ENSG00000249898.8","",""
"ENSG00000153814.13","ENSG00000110074.11","ENSG00000197106.7","",""
"ENSG00000267280.5","ENSG00000081377.17","ENSG00000135617.4","",""
"ENSG00000170802.16","ENSG00000145287.11","ENSG00000197245.6","",""
"ENSG00000102804.15","ENSG00000118922.17","ENSG00000175899.15","",""
"ENSG00000148357.16","ENSG00000153291.16","ENSG00000164626.9","",""
"ENSG00000175984.15","ENSG00000145545.12","ENSG00000269243.1","",""
"ENSG00000267364.2","ENSG00000122378.14","ENSG00000246430.7","",""
"ENSG00000078070.13","ENSG00000153002.12","ENSG00000197540.8","",""
"ENSG00000100307.13","ENSG00000168994.14","ENSG00000225762.1","",""
"ENSG00000103852.13","ENSG00000184402.15","ENSG00000211949.3","",""
"ENSG00000072195.15","ENSG00000140564.12","ENSG00000160539.6","",""
"ENSG00000166548.17","ENSG00000278266.1","ENSG00000266865.6","",""
"ENSG00000182568.17","ENSG00000102910.14","ENSG00000204323.5","",""
"ENSG00000137713.16","ENSG00000150722.10","ENSG00000183578.8","",""
"ENSG00000259370.2","ENSG00000272143.1","ENSG00000213713.3","",""
"ENSG00000236914.4","ENSG00000165672.7","ENSG00000115425.14","",""
"ENSG00000140848.17","ENSG00000120332.16","ENSG00000114698.15","",""
"ENSG00000137672.13","ENSG00000125798.15","ENSG00000180596.7","",""
"ENSG00000145908.12","ENSG00000117479.15","ENSG00000198894.8","",""
"ENSG00000103994.18","ENSG00000118804.8","ENSG00000079102.16","",""
"ENSG00000198053.12","ENSG00000166855.9","ENSG00000151967.18","",""
"ENSG00000111696.12","ENSG00000179918.19","ENSG00000150995.20","",""
"ENSG00000134198.10","ENSG00000213563.7","ENSG00000112139.16","",""
"ENSG00000121964.14","ENSG00000273062.1","ENSG00000236466.2","",""
"ENSG00000143882.12","ENSG00000069667.16","ENSG00000164849.10","",""
"ENSG00000115042.10","ENSG00000044459.15","ENSG00000171428.15","",""
"ENSG00000286760.1","ENSG00000180176.15","ENSG00000143167.12","",""
"ENSG00000251359.4","ENSG00000135744.8","ENSG00000060971.19","",""
"ENSG00000147100.11","ENSG00000244734.4","ENSG00000268505.1","",""
"ENSG00000253873.6","ENSG00000225630.1","ENSG00000272079.2","",""
"ENSG00000197943.10","ENSG00000236266.1","ENSG00000155846.17","",""
"ENSG00000139597.18","ENSG00000204178.11","ENSG00000110090.13","",""
"ENSG00000179604.10","ENSG00000101474.12","ENSG00000180447.7","",""
"ENSG00000183853.18","ENSG00000184117.12","ENSG00000133574.10","",""
"ENSG00000166741.8","ENSG00000279605.1","ENSG00000213316.10","",""
"ENSG00000118507.17","ENSG00000165029.17","ENSG00000111077.18","",""
"ENSG00000213930.12","ENSG00000211454.15","ENSG00000211964.3","",""
"ENSG00000163069.13","ENSG00000260274.1","ENSG00000126785.13","",""
"ENSG00000111850.11","ENSG00000156709.15","ENSG00000127920.6","",""
"ENSG00000168060.16","ENSG00000269386.5","ENSG00000185630.19","",""
"ENSG00000126458.4","ENSG00000273259.3","ENSG00000060140.9","",""
"","ENSG00000070759.17","ENSG00000160471.13","",""
"","ENSG00000117448.14","ENSG00000121895.8","",""
"","ENSG00000104205.16","ENSG00000262294.1","",""
"","ENSG00000069535.14","ENSG00000279631.1","",""
"","ENSG00000166275.16","ENSG00000075884.14","",""
"","ENSG00000150045.12","ENSG00000163249.13","",""
"","ENSG00000286885.1","ENSG00000128487.17","",""
"","ENSG00000272341.1","ENSG00000142875.19","",""
"","ENSG00000197894.11","ENSG00000133958.13","",""
"","ENSG00000104883.8","ENSG00000176049.16","",""
"","ENSG00000065485.20","ENSG00000125510.18","",""
"","ENSG00000185745.10","ENSG00000165795.23","",""
"","ENSG00000117010.17","ENSG00000133116.8","",""
"","ENSG00000188611.16","ENSG00000223572.10","",""
"","ENSG00000166796.12","ENSG00000117245.13","",""
"","ENSG00000078804.13","ENSG00000082146.13","",""
"","ENSG00000140374.16","ENSG00000188993.3","",""
"","ENSG00000137414.6","ENSG00000185156.6","",""
"","ENSG00000128294.16","ENSG00000113205.5","",""
"","ENSG00000072210.19","ENSG00000144136.11","",""
"","ENSG00000121210.16","ENSG00000157554.19","",""
"","ENSG00000198455.4","ENSG00000172159.16","",""
"","ENSG00000169562.13","ENSG00000124203.6","",""
"","ENSG00000271420.1","ENSG00000154678.18","",""
"","ENSG00000112159.12","ENSG00000145012.13","",""
"","ENSG00000125149.12","ENSG00000076356.7","",""
"","ENSG00000088451.11","ENSG00000181444.13","",""
"","ENSG00000172817.4","ENSG00000118257.17","",""
"","ENSG00000141664.10","ENSG00000197128.12","",""
"","ENSG00000148834.13","ENSG00000129048.7","",""
"","ENSG00000167705.12","ENSG00000131094.4","",""
"","ENSG00000171433.12","ENSG00000152760.10","",""
"","ENSG00000230328.2","ENSG00000119514.7","",""
"","ENSG00000004866.22","ENSG00000069764.10","",""
"","ENSG00000198478.8","ENSG00000104903.5","",""
"","ENSG00000171497.5","ENSG00000100889.12","",""
"","ENSG00000198865.10","ENSG00000107864.15","",""
"","ENSG00000111452.13","ENSG00000204706.14","",""
"","ENSG00000259347.7","ENSG00000224812.3","",""
"","ENSG00000100934.15","ENSG00000138600.10","",""
"","ENSG00000164976.9","ENSG00000135426.16","",""
"","ENSG00000089057.15","ENSG00000053524.12","",""
"","ENSG00000286638.1","ENSG00000153094.24","",""
"","ENSG00000286585.1","ENSG00000053254.16","",""
"","ENSG00000287134.1","ENSG00000198785.7","",""
"","ENSG00000204128.6","ENSG00000129194.8","",""
"","ENSG00000215908.10","ENSG00000187416.12","",""
"","ENSG00000112499.13","ENSG00000182048.11","",""
"","ENSG00000112992.18","ENSG00000137491.15","",""
"","ENSG00000169762.17","ENSG00000182985.18","",""
"","ENSG00000129244.9","ENSG00000143515.19","",""
"","ENSG00000257702.3","ENSG00000143185.4","",""
"","ENSG00000154814.14","ENSG00000171817.17","",""
"","ENSG00000143869.7","ENSG00000135363.12","",""
"","ENSG00000156049.7","ENSG00000127914.18","",""
"","ENSG00000109618.12","ENSG00000176845.13","",""
"","ENSG00000139289.13","ENSG00000102409.10","",""
"","ENSG00000176209.12","ENSG00000082196.21","",""
"","ENSG00000177692.12","ENSG00000178977.3","",""
"","ENSG00000213066.13","ENSG00000070759.17","",""
"","ENSG00000109084.14","ENSG00000104756.16","",""
"","ENSG00000283175.1","ENSG00000105246.6","",""
"","ENSG00000196169.15","ENSG00000124942.14","",""
"","ENSG00000117528.14","ENSG00000271614.1","",""
"","ENSG00000232075.1","ENSG00000111727.12","",""
"","ENSG00000128590.5","ENSG00000166924.9","",""
"","ENSG00000106733.21","ENSG00000137171.15","",""
"","ENSG00000250510.8","ENSG00000228903.7","",""
"","ENSG00000146938.16","ENSG00000198961.10","",""
"","ENSG00000182199.11","ENSG00000119950.21","",""
"","ENSG00000173041.12","ENSG00000258791.9","",""
"","ENSG00000280071.4","ENSG00000162444.12","",""
"","ENSG00000197568.14","ENSG00000185070.11","",""
"","ENSG00000115604.11","ENSG00000260615.1","",""
"","ENSG00000175198.17","ENSG00000261934.2","",""
"","ENSG00000042445.14","ENSG00000259134.7","",""
"","ENSG00000165424.7","ENSG00000165406.16","",""
"","ENSG00000272583.1","ENSG00000285928.1","",""
"","ENSG00000223797.6","ENSG00000130449.6","",""
"","ENSG00000273061.1","ENSG00000006555.11","",""
"","ENSG00000162972.10","ENSG00000249119.1","",""
"","ENSG00000264920.2","ENSG00000165895.19","",""
"","ENSG00000257526.2","ENSG00000126353.3","",""
"","ENSG00000182512.5","ENSG00000148180.21","",""
"","ENSG00000139644.13","ENSG00000156381.9","",""
"","ENSG00000186106.11","ENSG00000015285.11","",""
"","ENSG00000170456.16","ENSG00000162458.13","",""
"","ENSG00000286602.1","ENSG00000077420.16","",""
"","ENSG00000221963.6","ENSG00000157823.17","",""
"","ENSG00000142655.13","ENSG00000173040.13","",""
"","ENSG00000134864.10","ENSG00000214900.11","",""
"","ENSG00000158109.15","ENSG00000204314.12","",""
"","ENSG00000285825.2","ENSG00000187736.13","",""
"","ENSG00000063127.16","ENSG00000284237.1","",""
"","ENSG00000197312.12","ENSG00000171056.8","",""
"","ENSG00000197043.14","ENSG00000160445.11","",""
"","ENSG00000117592.9","ENSG00000162545.6","",""
"","ENSG00000198624.13","ENSG00000220205.9","",""
"","ENSG00000108479.12","ENSG00000197594.13","",""
"","ENSG00000136160.17","ENSG00000263155.6","",""
"","ENSG00000167799.10","ENSG00000227376.1","",""
"","ENSG00000131844.16","ENSG00000114790.13","",""
"","ENSG00000074964.17","ENSG00000235545.1","",""
"","ENSG00000278376.1","ENSG00000197467.16","",""
"","ENSG00000124523.16","ENSG00000166710.21","",""
"","ENSG00000168675.19","ENSG00000073417.15","",""
"","ENSG00000102048.16","ENSG00000263823.1","",""
"","ENSG00000102897.10","ENSG00000260698.1","",""
"","ENSG00000262558.1","ENSG00000131409.13","",""
"","ENSG00000112530.11","ENSG00000088756.13","",""
"","ENSG00000063241.8","ENSG00000272568.6","",""
"","ENSG00000161813.22","ENSG00000198346.11","",""
"","ENSG00000116133.13","ENSG00000167107.13","",""
"","ENSG00000228794.10","ENSG00000260025.1","",""
"","ENSG00000176595.4","ENSG00000110848.8","",""
"","ENSG00000269952.1","ENSG00000218052.5","",""
"","ENSG00000108950.12","ENSG00000178075.20","",""
"","ENSG00000120137.7","ENSG00000165424.7","",""
"","ENSG00000130312.7","ENSG00000135362.14","",""
"","ENSG00000164494.12","ENSG00000137486.17","",""
"","ENSG00000240291.1","ENSG00000162804.14","",""
"","ENSG00000006831.10","ENSG00000276231.5","",""
"","ENSG00000137513.10","ENSG00000177453.7","",""
"","ENSG00000206535.8","ENSG00000047346.12","",""
"","ENSG00000162599.17","ENSG00000164440.15","",""
"","ENSG00000120738.8","ENSG00000163293.12","",""
"","ENSG00000091317.8","ENSG00000276855.1","",""
"","ENSG00000164300.17","ENSG00000217275.2","",""
"","ENSG00000153086.14","ENSG00000254893.6","",""
"","ENSG00000229344.1","ENSG00000135299.17","",""
"","ENSG00000222019.7","ENSG00000120756.13","",""
"","ENSG00000263823.1","ENSG00000269186.3","",""
"","ENSG00000104823.9","ENSG00000126467.11","",""
"","ENSG00000162927.14","ENSG00000259330.3","",""
"","ENSG00000166780.11","ENSG00000136059.14","",""
"","ENSG00000134802.18","ENSG00000143061.18","",""
"","ENSG00000198252.12","ENSG00000050405.13","",""
"","ENSG00000162735.19","ENSG00000134138.20","",""
"","ENSG00000197448.14","ENSG00000179909.15","",""
"","ENSG00000116138.13","ENSG00000181035.14","",""
"","ENSG00000225850.3","ENSG00000169918.10","",""
"","ENSG00000165688.12","ENSG00000173482.17","",""
"","ENSG00000178425.14","ENSG00000155666.12","",""
"","ENSG00000224051.7","ENSG00000103175.11","",""
"","ENSG00000205726.15","ENSG00000162616.9","",""
"","ENSG00000149547.15","ENSG00000178562.18","",""
"","ENSG00000254550.1","ENSG00000285103.2","",""
"","ENSG00000260668.1","ENSG00000254783.1","",""
"","ENSG00000105676.14","ENSG00000143375.15","",""
"","ENSG00000113615.13","ENSG00000278962.1","",""
"","ENSG00000182919.15","ENSG00000106789.13","",""
"","ENSG00000128641.19","ENSG00000157184.7","",""
"","ENSG00000153904.21","ENSG00000265972.6","",""
"","ENSG00000107104.20","ENSG00000086570.12","",""
"","ENSG00000182511.12","ENSG00000145088.9","",""
"","ENSG00000170315.14","ENSG00000225279.2","",""
"","ENSG00000117228.10","ENSG00000181585.7","",""
"","ENSG00000175866.15","ENSG00000146859.6","",""
"","ENSG00000163738.18","ENSG00000198695.2","",""
"","ENSG00000231752.6","ENSG00000116016.14","",""
"","ENSG00000114790.13","ENSG00000250282.1","",""
"","ENSG00000106617.15","ENSG00000244124.1","",""
"","ENSG00000143369.15","ENSG00000173727.12","",""
"","ENSG00000188266.14","ENSG00000155744.9","",""
"","ENSG00000147592.9","ENSG00000177599.13","",""
"","ENSG00000047634.15","ENSG00000086288.12","",""
"","ENSG00000175556.17","ENSG00000140450.9","",""
"","ENSG00000240401.9","ENSG00000223361.5","",""
"","ENSG00000184470.21","ENSG00000112245.12","",""
"","ENSG00000153561.13","ENSG00000263432.2","",""
"","ENSG00000072694.21","ENSG00000139946.10","",""
"","ENSG00000250012.2","ENSG00000214562.15","",""
"","ENSG00000232310.8","ENSG00000163958.14","",""
"","ENSG00000258813.2","ENSG00000187244.12","",""
"","ENSG00000143507.18","ENSG00000185010.15","",""
"","ENSG00000240225.10","ENSG00000266903.2","",""
"","ENSG00000166797.11","ENSG00000117298.16","",""
"","ENSG00000171100.15","ENSG00000024422.12","",""
"","ENSG00000132613.15","ENSG00000166347.19","",""
"","ENSG00000110756.18","ENSG00000277224.2","",""
"","ENSG00000187566.6","ENSG00000182890.5","",""
"","ENSG00000109919.10","ENSG00000103489.12","",""
"","ENSG00000156011.17","ENSG00000221923.9","",""
"","ENSG00000164117.14","ENSG00000132561.14","",""
"","ENSG00000166323.13","ENSG00000105750.15","",""
"","ENSG00000106526.10","ENSG00000140479.18","",""
"","ENSG00000280088.1","ENSG00000180353.11","",""
"","ENSG00000174010.9","ENSG00000254535.4","",""
"","ENSG00000161558.11","ENSG00000005238.20","",""
"","ENSG00000089486.17","ENSG00000150907.10","",""
"","ENSG00000174080.12","ENSG00000205726.15","",""
"","ENSG00000286813.1","ENSG00000140009.18","",""
"","ENSG00000103047.8","ENSG00000167601.12","",""
"","ENSG00000010318.21","ENSG00000127955.17","",""
"","ENSG00000287865.1","ENSG00000104324.16","",""
"","ENSG00000242732.4","ENSG00000143409.15","",""
"","ENSG00000221869.5","ENSG00000184669.9","",""
"","ENSG00000283828.1","ENSG00000070778.13","",""
"","ENSG00000249242.8","ENSG00000187720.14","",""
"","ENSG00000205544.4","ENSG00000176148.16","",""
"","ENSG00000147642.17","ENSG00000134245.18","",""
"","ENSG00000267064.2","ENSG00000138769.11","",""
"","ENSG00000117114.20","ENSG00000121691.7","",""
"","ENSG00000256043.4","ENSG00000130307.12","",""
"","ENSG00000109466.14","ENSG00000165959.12","",""
"","ENSG00000261390.6","ENSG00000134982.17","",""
"","ENSG00000025434.19","ENSG00000146555.19","",""
"","ENSG00000198944.6","ENSG00000161714.12","",""
"","ENSG00000256433.3","ENSG00000158006.14","",""
"","ENSG00000008226.20","ENSG00000116678.20","",""
"","ENSG00000154305.18","ENSG00000100412.17","",""
"","ENSG00000250479.9","ENSG00000176435.7","",""
"","ENSG00000183908.7","ENSG00000118640.11","",""
"","ENSG00000123728.10","ENSG00000107537.14","",""
"","ENSG00000224080.1","ENSG00000077782.21","",""
"","ENSG00000122223.13","ENSG00000235501.6","",""
"","ENSG00000136463.8","ENSG00000133424.22","",""
"","ENSG00000162772.17","ENSG00000114023.15","",""
"","ENSG00000062524.16","ENSG00000144935.15","",""
"","ENSG00000108389.9","ENSG00000101695.9","",""
"","ENSG00000184979.10","ENSG00000107185.10","",""
"","ENSG00000102763.18","ENSG00000159720.12","",""
"","ENSG00000154719.14","ENSG00000118922.17","",""
"","ENSG00000163053.11","ENSG00000188761.13","",""
"","ENSG00000128185.10","ENSG00000242242.6","",""
"","ENSG00000129535.13","ENSG00000176014.13","",""
"","ENSG00000280054.1","ENSG00000259275.4","",""
"","ENSG00000135093.13","ENSG00000101844.18","",""
"","ENSG00000109445.11","ENSG00000026103.22","",""
"","ENSG00000142484.7","ENSG00000054277.14","",""
"","ENSG00000286923.1","ENSG00000249679.2","",""
"","ENSG00000147586.10","ENSG00000167323.11","",""
"","ENSG00000175984.15","ENSG00000204370.13","",""
"","ENSG00000139318.8","ENSG00000179918.19","",""
"","ENSG00000118004.18","ENSG00000270964.1","",""
"","ENSG00000127838.14","ENSG00000132535.21","",""
"","ENSG00000072954.7","ENSG00000272221.1","",""
"","ENSG00000131943.18","ENSG00000076513.17","",""
"","ENSG00000148943.12","ENSG00000181350.12","",""
"","ENSG00000100528.12","ENSG00000135828.11","",""
"","ENSG00000138802.11","ENSG00000072609.18","",""
"","ENSG00000166922.8","ENSG00000122122.10","",""
"","ENSG00000183287.14","ENSG00000169372.13","",""
"","ENSG00000241316.8","ENSG00000179981.11","",""
"","ENSG00000168303.9","ENSG00000278396.1","",""
"","ENSG00000169629.12","ENSG00000176788.9","",""
"","ENSG00000099957.16","ENSG00000224051.7","",""
"","ENSG00000034152.19","ENSG00000131981.16","",""
"","ENSG00000275198.1","ENSG00000117054.14","",""
"","ENSG00000266412.5","ENSG00000236444.5","",""
"","ENSG00000151093.8","ENSG00000163541.12","",""
"","ENSG00000256967.1","ENSG00000154025.16","",""
"","ENSG00000246090.7","ENSG00000160325.15","",""
"","ENSG00000106333.13","ENSG00000204581.3","",""
"","ENSG00000117500.13","ENSG00000123338.13","",""
"","ENSG00000285955.1","ENSG00000173269.14","",""
"","ENSG00000066855.16","","",""
"","ENSG00000154274.15","","",""
"","ENSG00000155330.10","","",""
"","ENSG00000005469.12","","",""
"","ENSG00000286760.1","","",""
"","ENSG00000109519.13","","",""
"","ENSG00000171612.7","","",""
"","ENSG00000284686.1","","",""
"","ENSG00000158828.8","","",""
"","ENSG00000138152.10","","",""
"","ENSG00000231908.1","","",""
"","ENSG00000074695.6","","",""
"","ENSG00000235961.6","","",""
"","ENSG00000203724.11","","",""
"","ENSG00000113119.13","","",""
"","ENSG00000078902.16","","",""
"","ENSG00000083223.18","","",""
"","ENSG00000188868.14","","",""
"","ENSG00000150527.17","","",""
"","ENSG00000115109.14","","",""
"","ENSG00000164074.15","","",""
"","ENSG00000093144.19","","",""
"","ENSG00000239445.6","","",""
"","ENSG00000279317.2","","",""
"","ENSG00000164172.20","","",""
"","ENSG00000132530.17","","",""
"","ENSG00000121552.4","","",""
"","ENSG00000157978.12","","",""
"","ENSG00000107897.20","","",""
"","ENSG00000104228.13","","",""
"","ENSG00000172936.16","","",""
"","ENSG00000237310.2","","",""
"","ENSG00000265399.1","","",""
"","ENSG00000156017.13","","",""
"","ENSG00000274021.1","","",""
"","ENSG00000163491.16","","",""
"","ENSG00000008130.15","","",""
"","ENSG00000241360.2","","",""
"","ENSG00000131791.8","","",""
"","ENSG00000165156.15","","",""
"","ENSG00000268062.1","","",""
"","ENSG00000182054.10","","",""
"","ENSG00000174738.13","","",""
"","ENSG00000146904.9","","",""
"","ENSG00000181788.4","","",""
"","ENSG00000285693.1","","",""
"","ENSG00000169919.17","","",""
"","ENSG00000135297.16","","",""
"","ENSG00000151729.11","","",""
"","ENSG00000121101.16","","",""
"","ENSG00000119688.21","","",""
"","ENSG00000016391.11","","",""
"","ENSG00000162928.9","","",""
"","ENSG00000100342.21","","",""
"","ENSG00000005882.12","","",""
"","ENSG00000113269.14","","",""
"","ENSG00000139112.11","","",""
"","ENSG00000005187.12","","",""
"","ENSG00000169891.18","","",""
"","ENSG00000270820.6","","",""
"","ENSG00000116962.15","","",""
"","ENSG00000103528.17","","",""
"","ENSG00000120913.23","","",""
"","ENSG00000102543.14","","",""
"","ENSG00000179163.12","","",""
"","ENSG00000102738.8","","",""
"","ENSG00000117640.18","","",""
"","ENSG00000186654.21","","",""
"","ENSG00000112414.15","","",""
"","ENSG00000162804.14","","",""
"","ENSG00000279948.1","","",""
"","ENSG00000182853.12","","",""
"","ENSG00000063587.15","","",""
"","ENSG00000145331.14","","",""
"","ENSG00000275457.1","","",""
"","ENSG00000110063.10","","",""
"","ENSG00000230371.1","","",""
"","ENSG00000153208.17","","",""
"","ENSG00000169291.10","","",""
"","ENSG00000164741.15","","",""
"","ENSG00000185000.12","","",""
"","ENSG00000229808.1","","",""
"","ENSG00000024862.18","","",""
"","ENSG00000228705.2","","",""
"","ENSG00000154723.12","","",""
"","ENSG00000170145.5","","",""
"","ENSG00000011105.14","","",""
"","ENSG00000078747.16","","",""
"","ENSG00000135617.4","","",""
"","ENSG00000103449.12","","",""
"","ENSG00000119431.9","","",""
"","ENSG00000146373.16","","",""
"","ENSG00000089847.12","","",""
"","ENSG00000136856.18","","",""
"","ENSG00000276644.5","","",""
"","ENSG00000177406.5","","",""
"","ENSG00000010256.11","","",""
"","ENSG00000105379.10","","",""
"","ENSG00000236548.2","","",""
"","ENSG00000272156.1","","",""
"","ENSG00000279133.1","","",""
"","ENSG00000103067.14","","",""
"","ENSG00000165997.5","","",""
"","ENSG00000182985.18","","",""
"","ENSG00000114698.15","","",""
"","ENSG00000171067.11","","",""
"","ENSG00000049239.13","","",""
"","ENSG00000137806.10","","",""
"","ENSG00000008952.17","","",""
"","ENSG00000151498.12","","",""
"","ENSG00000102531.16","","",""
"","ENSG00000101605.13","","",""
"","ENSG00000065665.21","","",""
"","ENSG00000271646.1","","",""
"","ENSG00000099840.14","","",""
"","ENSG00000228701.2","","",""
"","ENSG00000170634.13","","",""
"","ENSG00000076770.14","","",""
"","ENSG00000272505.1","","",""
"","ENSG00000164096.13","","",""
"","ENSG00000185808.14","","",""
"","ENSG00000106591.4","","",""
"","ENSG00000225791.7","","",""
"","ENSG00000166912.17","","",""
"","ENSG00000113328.19","","",""
"","ENSG00000182934.12","","",""
"","ENSG00000121039.10","","",""
"","ENSG00000242612.7","","",""
"","ENSG00000116688.18","","",""
"","ENSG00000144668.12","","",""
"","ENSG00000005700.15","","",""
"","ENSG00000155368.16","","",""
"","ENSG00000197181.12","","",""
"","ENSG00000072778.20","","",""
"","ENSG00000116016.14","","",""
"","ENSG00000277972.2","","",""
"","ENSG00000059691.12","","",""
"","ENSG00000143162.9","","",""
"","ENSG00000111684.11","","",""
"","ENSG00000163684.12","","",""
"","ENSG00000132361.18","","",""
"","ENSG00000053371.12","","",""
"","ENSG00000078487.17","","",""
"","ENSG00000147475.17","","",""
"","ENSG00000130881.14","","",""
"","ENSG00000166562.9","","",""
"","ENSG00000137824.16","","",""
"","ENSG00000285665.1","","",""
"","ENSG00000176542.10","","",""
"","ENSG00000198483.13","","",""
"","ENSG00000178573.7","","",""
"","ENSG00000285632.1","","",""
"","ENSG00000272861.1","","",""
"","ENSG00000162241.12","","",""
"","ENSG00000161860.8","","",""
"","ENSG00000109927.11","","",""
"","ENSG00000138496.16","","",""
"","ENSG00000166575.17","","",""
"","ENSG00000253598.3","","",""
"","ENSG00000132196.15","","",""
"","ENSG00000157399.16","","",""
"","ENSG00000180011.7","","",""
"","ENSG00000172780.17","","",""
"","ENSG00000279118.1","","",""
"","ENSG00000163626.17","","",""
"","ENSG00000110060.9","","",""
"","ENSG00000154642.11","","",""
"","ENSG00000125844.16","","",""
"","ENSG00000258484.4","","",""
"","ENSG00000134575.13","","",""
"","ENSG00000144827.9","","",""
"","ENSG00000088280.19","","",""
"","ENSG00000167700.9","","",""
"","ENSG00000101194.18","","",""
"","ENSG00000172840.7","","",""
"","ENSG00000144749.14","","",""
"","ENSG00000104611.12","","",""
"","ENSG00000197776.8","","",""
"","ENSG00000170540.15","","",""
"","ENSG00000136630.13","","",""
"","ENSG00000229589.1","","",""
"","ENSG00000133678.14","","",""
"","ENSG00000006638.13","","",""
"","ENSG00000169372.13","","",""
"","ENSG00000164342.13","","",""
"","ENSG00000161542.17","","",""
"","ENSG00000008513.16","","",""
"","ENSG00000163605.15","","",""
"","ENSG00000189077.11","","",""
"","ENSG00000107745.19","","",""
"","ENSG00000158793.14","","",""
"","ENSG00000162572.21","","",""
"","ENSG00000164040.18","","",""
"","ENSG00000102796.11","","",""
"","ENSG00000136783.10","","",""
"","ENSG00000100075.10","","",""
"","ENSG00000023697.13","","",""
"","ENSG00000130770.18","","",""
"","ENSG00000106546.14","","",""
"","ENSG00000226853.3","","",""
"","ENSG00000111266.9","","",""
"","ENSG00000156299.13","","",""
"","ENSG00000171056.8","","",""
"","ENSG00000223656.1","","",""
"","ENSG00000116717.13","","",""
"","ENSG00000145022.4","","",""
"","ENSG00000270587.1","","",""
"","ENSG00000167130.18","","",""
"","ENSG00000100664.11","","",""
"","ENSG00000204103.4","","",""
"","ENSG00000122779.18","","",""
"","ENSG00000130522.6","","",""
"","ENSG00000136933.17","","",""
"","ENSG00000117620.15","","",""
"","ENSG00000198585.12","","",""
"","ENSG00000175606.11","","",""
"","ENSG00000278831.1","","",""
"","ENSG00000155906.19","","",""
"","ENSG00000110871.15","","",""
"","ENSG00000130349.10","","",""
"","ENSG00000139835.14","","",""
"","ENSG00000257261.6","","",""
"","ENSG00000235903.9","","",""
"","ENSG00000139405.16","","",""
"","ENSG00000152558.15","","",""
"","ENSG00000196159.14","","",""
"","ENSG00000157224.16","","",""
"","ENSG00000162298.19","","",""
"","ENSG00000149084.13","","",""
"","ENSG00000175309.15","","",""
"","ENSG00000161929.15","","",""
"","ENSG00000069869.16","","",""
"","ENSG00000186907.8","","",""
"","ENSG00000141098.13","","",""
"","ENSG00000129255.16","","",""
"","ENSG00000131724.11","","",""
"","ENSG00000150540.14","","",""
"","ENSG00000253878.5","","",""
"","ENSG00000116663.11","","",""
"","ENSG00000254682.1","","",""
"","ENSG00000117859.19","","",""
"","ENSG00000114520.11","","",""
"","ENSG00000006459.11","","",""
"","ENSG00000173992.9","","",""
"","ENSG00000153443.13","","",""
"","ENSG00000110046.13","","",""
"","ENSG00000100614.18","","",""
"","ENSG00000117151.13","","",""
"","ENSG00000248508.8","","",""
"","ENSG00000204923.4","","",""
"","ENSG00000189050.16","","",""
"","ENSG00000020577.14","","",""
"","ENSG00000144659.13","","",""
"","ENSG00000272777.1","","",""
"","ENSG00000287126.1","","",""
"","ENSG00000100650.16","","",""
"","ENSG00000111726.13","","",""
"","ENSG00000122912.15","","",""
"","ENSG00000147894.17","","",""
"","ENSG00000119723.17","","",""
"","ENSG00000277369.1","","",""
"","ENSG00000070159.14","","",""
"","ENSG00000176055.10","","",""
"","ENSG00000169714.17","","",""
"","ENSG00000260018.1","","",""
"","ENSG00000138942.16","","",""
"","ENSG00000185684.15","","",""
"","ENSG00000166902.5","","",""
"","ENSG00000166289.6","","",""
"","ENSG00000280734.3","","",""
"","ENSG00000142166.13","","",""
"","ENSG00000213995.11","","",""
"","ENSG00000163541.12","","",""
"","ENSG00000187866.10","","",""
"","ENSG00000188997.8","","",""
"","ENSG00000261542.1","","",""
"","ENSG00000011007.12","","",""
"","ENSG00000111271.15","","",""
"","ENSG00000144357.18","","",""
"","ENSG00000123739.11","","",""
"","ENSG00000134072.11","","",""
"","ENSG00000160785.13","","",""
"","ENSG00000161243.9","","",""
"","ENSG00000113318.11","","",""
"","ENSG00000119318.13","","",""
"","ENSG00000158006.14","","",""
"","ENSG00000119950.21","","",""
"","ENSG00000168827.15","","",""
"","ENSG00000136158.12","","",""
"","ENSG00000146476.11","","",""
"","ENSG00000110628.16","","",""
"","ENSG00000179988.15","","",""
"","ENSG00000136152.15","","",""
"","ENSG00000185973.12","","",""
"","ENSG00000215218.4","","",""
"","ENSG00000123472.12","","",""
"","ENSG00000143252.16","","",""
"","ENSG00000162129.14","","",""
"","ENSG00000072310.17","","",""
"","ENSG00000117308.15","","",""
"","ENSG00000166016.6","","",""
"","ENSG00000103642.12","","",""
"","ENSG00000076351.13","","",""
"","ENSG00000173141.5","","",""
"","ENSG00000138600.10","","",""
"","ENSG00000066926.12","","",""
"","ENSG00000285976.2","","",""
"","ENSG00000141295.14","","",""
"","ENSG00000152484.14","","",""
"","ENSG00000170899.11","","",""
"","ENSG00000132394.11","","",""
"","ENSG00000123124.14","","",""
"","ENSG00000118515.11","","",""
"","ENSG00000136874.11","","",""
"","ENSG00000107362.14","","",""
"","ENSG00000259802.1","","",""
"","ENSG00000178567.8","","",""
"","ENSG00000155016.18","","",""
"","ENSG00000189241.8","","",""
"","ENSG00000013583.10","","",""
"","ENSG00000175048.17","","",""
"","ENSG00000245105.4","","",""
"","ENSG00000224870.7","","",""
"","ENSG00000100225.18","","",""
"","ENSG00000184903.10","","",""
"","ENSG00000100150.20","","",""
"","ENSG00000227456.9","","",""
"","ENSG00000133135.14","","",""
"","ENSG00000154359.13","","",""
"","ENSG00000001630.17","","",""
"","ENSG00000130023.16","","",""
"","ENSG00000197859.11","","",""
"","ENSG00000104805.16","","",""
"","ENSG00000151332.19","","",""
"","ENSG00000120696.9","","",""
"","ENSG00000111911.7","","",""
"","ENSG00000066651.20","","",""
"","ENSG00000253982.2","","",""
"","ENSG00000121104.8","","",""
"","ENSG00000196428.12","","",""
"","ENSG00000179476.8","","",""
"","ENSG00000226471.6","","",""
"","ENSG00000157916.20","","",""
"","ENSG00000230513.2","","",""
"","ENSG00000173905.9","","",""
"","ENSG00000092148.13","","",""
"","ENSG00000196511.14","","",""
"","ENSG00000023228.14","","",""
"","ENSG00000273264.1","","",""
"","ENSG00000168288.13","","",""
"","ENSG00000103264.18","","",""
"","ENSG00000005844.19","","",""
"","ENSG00000160007.19","","",""
"","ENSG00000173276.14","","",""
"","ENSG00000127329.16","","",""
"","ENSG00000130164.14","","",""
"","ENSG00000138029.14","","",""
"","ENSG00000074416.14","","",""
"","ENSG00000272123.1","","",""
"","ENSG00000086061.16","","",""
"","ENSG00000171174.15","","",""
"","ENSG00000214198.8","","",""
"","ENSG00000153363.13","","",""
"","ENSG00000273096.1","","",""
"","ENSG00000172007.7","","",""
"","ENSG00000072062.15","","",""
"","ENSG00000170677.6","","",""
"","ENSG00000119787.14","","",""
"","ENSG00000271828.1","","",""
"","ENSG00000178104.19","","",""
"","ENSG00000136280.17","","",""
"","ENSG00000069974.16","","",""
"","ENSG00000184990.13","","",""
"","ENSG00000115504.15","","",""
"","ENSG00000067208.14","","",""
"","ENSG00000176018.13","","",""
