"EnsemblID","GeneSymbol","Class","Chromosome","baseMean","log2FoldChange","lfcSE","pvalue","padj"
"ENSG00000034971.17","MYOC"," protein_coding","chr1",420.204620155929,-7.58338201050501,0.862995019360576,5.79927114680345e-13,5.78121055951769e-11
"ENSG00000241151.1","LINC02066"," lncRNA","chr3",2.9993124112767,-7.3210379569482,2.64132153826278,3.73247293201896e-10,1.67299830756873e-08
"ENSG00000237560.7","LINC01497"," lncRNA","chr17",14.5760942870855,-6.9362775650225,1.17533960711634,1.49356739325395e-13,1.73706866393412e-11
"ENSG00000089199.10","CHGB"," protein_coding","chr20",22.2275062981142,-6.91758107816393,0.552400396833187,0.00644416115434656,0.0266844560688708
"ENSG00000275465.7","AL449403.2"," lncRNA","chr9",12.5466490615514,-6.5594312158518,1.30278967653299,4.02553496216438e-10,1.77791063753009e-08
"ENSG00000176194.18","CIDEA"," protein_coding","chr18",5201.80767077847,-6.40388896941586,0.833517420164453,4.81114541028813e-16,1.23430643022326e-13
"ENSG00000186466.5","AQP7P1"," unprocessed_pseudogene","chr9",111.307091953739,-6.36465331249783,0.863905631576444,5.62617949790792e-15,1.02776454901312e-12
"ENSG00000126545.14","CSN1S1"," protein_coding","chr4",24.5171529527391,-5.96973451723846,0.935448594022211,3.31283646373136e-06,4.77045716285806e-05
"ENSG00000153820.13","SPHKAP"," protein_coding","chr2",143.859315403152,-5.93294223992083,0.763159735309602,2.96092316948937e-16,7.88622674096591e-14
"ENSG00000196616.14","ADH1B"," protein_coding","chr4",60678.9239148144,-5.92442196066865,0.709237693267358,2.22542169550728e-18,1.06366011476636e-15
"ENSG00000236333.4","TRHDE-AS1"," lncRNA","chr12",1227.26715989386,-5.92135408207092,0.779704413586674,9.86453420257702e-16,2.24956511674585e-13
"ENSG00000226482.1","ADIPOQ-AS1"," lncRNA","chr3",18.8658857493562,-5.91816279553679,1.01137144858369,1.4459767881129e-10,7.30124111635994e-09
"ENSG00000253434.8","LINC02237"," lncRNA","chr8",36.818829673455,-5.9092303226474,0.837916535125152,8.01748699993347e-14,1.02094211282729e-11
"ENSG00000144908.14","ALDH1L1"," protein_coding","chr3",4006.94477665068,-5.88541865752607,0.821943987422013,2.51484924372576e-14,3.61093024538417e-12
"ENSG00000259916.1","AL845331.1"," protein_coding","chr2",98.7751650748211,-5.82034751989481,0.960709255191598,4.26608892873715e-11,2.39690996477565e-09
"ENSG00000134548.11","SPX"," protein_coding","chr12",1230.10832791949,-5.78251425815626,0.941236646204367,2.31565965851842e-11,1.40759026385656e-09
"ENSG00000246022.3","ALDH1L1-AS2"," lncRNA","chr3",106.331941928995,-5.70517377004122,0.924305204872601,2.01577903212051e-11,1.24703096116519e-09
"ENSG00000184601.11","C14orf180"," protein_coding","chr14",777.647190467787,-5.63082224097403,0.903591937107945,1.35490506965401e-11,8.95340772448827e-10
"ENSG00000187758.8","ADH1A"," protein_coding","chr4",94.0485684873834,-5.63046001224372,0.770260280395018,8.46764841094494e-15,1.44119375954283e-12
"ENSG00000124440.16","HIF3A"," protein_coding","chr19",690.626803846836,-5.55515288430456,0.60475363420386,1.34547752536185e-21,1.4225774647697e-18
"ENSG00000184811.4","TRARG1"," protein_coding","chr17",12714.4015839366,-5.51078331331067,0.776173872601863,4.0193409548983e-14,5.4780791116155e-12
"ENSG00000286322.1","AL356218.2"," lncRNA","chr9",118.743443439249,-5.47573837612484,0.819327680074717,7.26543624712691e-13,7.04162044718069e-11
"ENSG00000187288.12","CIDEC"," protein_coding","chr3",14880.6430492632,-5.44565943755478,0.808956788246319,5.4879230102036e-13,5.48650778650469e-11
"ENSG00000163710.9","PCOLCE2"," protein_coding","chr3",4468.21238896744,-5.3707612010037,0.731460160341291,6.90577039397189e-15,1.22933283069425e-12
"ENSG00000133317.16","LGALS12"," protein_coding","chr11",2643.78083961256,-5.3329664995713,0.754915646656557,5.23839919700246e-14,6.89709382575897e-12
"ENSG00000166819.12","PLIN1"," protein_coding","chr15",44555.8034865282,-5.31463665681532,0.713015559350119,3.0164099289851e-15,6.11892783908251e-13
"ENSG00000172901.20","LVRN"," protein_coding","chr5",664.891548206018,-5.29650371344974,0.744832464714272,3.72332808377478e-14,5.13480791189667e-12
"ENSG00000173641.18","HSPB7"," protein_coding","chr1",4957.27245909307,-5.29023116436292,0.709577848129667,2.96762877063697e-15,6.05517751089441e-13
"ENSG00000287570.1","AL035447.1"," lncRNA","chr20",7.37424685038604,-5.28836365966186,1.00396350675336,2.19347195273699e-10,1.04552499867413e-08
"ENSG00000214128.11","TMEM213"," protein_coding","chr7",144.98171275464,-5.26514967015991,0.809681523260168,2.44520655861431e-12,2.01736133585519e-10
"ENSG00000163884.4","KLF15"," protein_coding","chr3",1208.57551252023,-5.25228746634612,0.573690258861429,1.93427219646422e-21,1.87468586685648e-18
"ENSG00000286559.1","AC099845.1"," lncRNA","chr18",5.67626817167951,-5.23555530553645,0.703655962567794,5.80937645114773e-06,7.73349690030506e-05
"ENSG00000198848.13","CES1"," protein_coding","chr16",4981.4114812436,-5.21468850062407,0.559696346113562,4.34121808935904e-22,5.40962286985094e-19
"ENSG00000000005.6","TNMD"," protein_coding","chrX",389.252955731573,-5.16027099239722,0.542678218356804,6.89989271487333e-23,1.09429162143021e-19
"ENSG00000181092.10","ADIPOQ"," protein_coding","chr3",29015.1224030234,-5.14880138162692,0.775796061835393,1.02238087282838e-12,9.3381913701191e-11
"ENSG00000260102.2","LINC01070"," lncRNA","chr13",14.148819430784,-5.13604370313265,0.860082150770479,1.59562646799604e-10,7.9532861564071e-09
"ENSG00000167676.4","PLIN4"," protein_coding","chr19",87127.5276396228,-5.11851212994895,0.784057240336748,2.10487232835315e-12,1.76966507008601e-10
"ENSG00000124253.11","PCK1"," protein_coding","chr20",3448.50224970798,-5.07652493167598,0.838571603341123,4.31855048356143e-11,2.41859622667643e-09
"ENSG00000224525.2","AL591686.1"," lncRNA","chr1",53.182075696583,-5.06643118853737,0.60191912838253,1.52034490427669e-18,7.57805057930258e-16
"ENSG00000152785.8","BMP3"," protein_coding","chr4",46.5658718961007,-5.0382466341634,0.606316489916863,6.50151243714271e-07,1.16569512047454e-05
"ENSG00000254135.3","AC091939.1"," lncRNA","chr5",18.9110992294761,-5.0304048542044,1.06803948691445,8.56161281225495e-08,2.02524225513483e-06
"ENSG00000115361.8","ACADL"," protein_coding","chr2",371.779560126112,-4.95427220983344,0.686402794505068,1.77690929116702e-14,2.74328062292516e-12
"ENSG00000198650.11","TAT"," protein_coding","chr16",2196.78484297546,-4.94349228227355,0.917733798050593,2.07265269618256e-09,7.61230791815851e-08
"ENSG00000165197.5","VEGFD"," protein_coding","chrX",774.986176475546,-4.90814270325578,0.547968428319733,1.20774005418812e-20,9.16070831101692e-18
"ENSG00000167434.10","CA4"," protein_coding","chr17",961.252308904575,-4.90787257485533,0.886771764131991,9.23487653139033e-10,3.76322900351817e-08
"ENSG00000278928.1","AC136621.1"," TEC","chr16",9.98761254916133,-4.90579315161896,0.685956403470821,1.05703028274062e-13,1.29406468754748e-11
"ENSG00000206172.8","HBA1"," protein_coding","chr16",11.1043957493101,-4.87786953405825,0.814512107044401,9.52081783727681e-06,0.00011855490905083
"ENSG00000164434.12","FABP7"," protein_coding","chr6",375.647822901515,-4.87270498123504,0.9081736075732,2.42963242604339e-09,8.71246710966905e-08
"ENSG00000254814.1","AP003031.1"," lncRNA","chr11",13.2230813160716,-4.85857504805173,0.880751641504885,2.25863371501587e-09,8.17489511935877e-08
"ENSG00000182021.10","AL591379.1"," transcribed_unprocessed_pseudogene","chr9",4.58287721154812,-4.85635543500678,1.33980352941927,1.76395787945e-06,2.76100206445453e-05
"ENSG00000122756.15","CNTFR"," protein_coding","chr9",1768.69044702595,-4.84007712115704,0.614883284891084,1.23141975091501e-16,3.76890057273469e-14
"ENSG00000181856.15","SLC2A4"," protein_coding","chr17",1192.64403777895,-4.69323189175143,0.653517563525369,2.36600097273614e-14,3.43967249748902e-12
"ENSG00000109846.9","CRYAB"," protein_coding","chr11",19662.8152417226,-4.68545923737944,0.56844566551098,5.51380838003243e-18,2.4047786023464e-15
"ENSG00000180914.10","OXTR"," protein_coding","chr3",6583.59196289704,-4.67477980465655,0.687235979453729,3.47190590533874e-13,3.72733135209766e-11
"ENSG00000267603.1","LINC01028"," lncRNA","chr17",26.1664973791832,-4.66795681432348,1.05511223360034,3.18024193516116e-07,6.34067550626902e-06
"ENSG00000039537.14","C6"," protein_coding","chr5",288.374720889505,-4.66473178801659,0.49030011540024,4.04012485276802e-08,1.04263310826871e-06
"ENSG00000257743.8","MGAM2"," protein_coding","chr7",437.261878419344,-4.65815209678122,0.809619065390798,2.73276719874043e-10,1.27471898838573e-08
"ENSG00000160307.10","S100B"," protein_coding","chr21",3153.59614394424,-4.64444647884867,0.596014283436678,2.33960450799147e-16,6.42764888884492e-14
"ENSG00000232079.7","LINC01697"," lncRNA","chr21",165.08515667355,-4.64378302340188,0.590053401715572,1.22672225655602e-16,3.76890057273469e-14
"ENSG00000130173.13","ANGPTL8"," protein_coding","chr19",161.247738129978,-4.62616554289109,0.737170901790132,1.08449318392887e-11,7.29076140278653e-10
"ENSG00000175084.12","DES"," protein_coding","chr2",562.213990732989,-4.59097619972573,0.675052928790034,3.56695517256905e-13,3.81762677687444e-11
"ENSG00000211445.12","GPX3"," protein_coding","chr5",43834.5552674978,-4.58006552995534,0.633274336485559,1.64083180163386e-14,2.56727634039493e-12
"ENSG00000130226.17","DPP6"," protein_coding","chr7",95.2382899282292,-4.57817520772151,0.42803068794356,5.34853117204492e-28,2.33269501404774e-24
"ENSG00000022267.19","FHL1"," protein_coding","chrX",29959.4254642479,-4.56560514234354,0.65675532874876,1.45467190029002e-13,1.69749020979997e-11
"ENSG00000004776.13","HSPB6"," protein_coding","chr19",2107.41119997416,-4.56325186837751,0.66169047900195,1.81111927856488e-13,2.08553672436987e-11
"ENSG00000114547.10","ROPN1B"," protein_coding","chr3",217.257253306532,-4.53177442589272,0.626491085483091,1.73568314438263e-14,2.69154313736241e-12
"ENSG00000100604.13","CHGA"," protein_coding","chr14",10.1331993640078,-4.53007755074286,0.58589742219987,0.00185551741825553,0.00976925580811131
"ENSG00000270885.2","RASL10B"," protein_coding","chr17",339.164494103846,-4.51147414877902,0.498592671209687,1.40718678709366e-07,3.12130668712554e-06
"ENSG00000116745.7","RPE65"," protein_coding","chr1",18.7895320925297,-4.484156514756,0.81793259417064,1.49087634799954e-09,5.67264630949312e-08
"ENSG00000138039.15","LHCGR"," protein_coding","chr2",29.9577055984594,-4.46626384985742,1.10203541435768,1.23438545996654e-06,2.02866898463665e-05
"ENSG00000226622.6","AC092155.1"," lncRNA","chr2",21.1297119362556,-4.44977419910111,0.855603819007928,7.05634973201219e-09,2.23414789927076e-07
"ENSG00000171819.5","ANGPTL7"," protein_coding","chr1",199.402886537864,-4.43818823877764,0.71648432417206,2.19403108444893e-11,1.34301646609662e-09
"ENSG00000072657.9","TRHDE"," protein_coding","chr12",231.45986739634,-4.4210270249844,0.743156900072664,8.69908645170885e-11,4.5987852331299e-09
"ENSG00000180440.4","SERTM1"," protein_coding","chr13",22.1378571441786,-4.39681203408058,0.862105654361505,1.27977219546236e-08,3.78732244884454e-07
"ENSG00000215483.11","LINC00598"," lncRNA","chr13",297.801626475108,-4.39647389115164,0.70350281644769,1.36634861965986e-11,8.99495654500983e-10
"ENSG00000188257.12","PLA2G2A"," protein_coding","chr1",933.247420472536,-4.35653957939077,0.764339709231727,0.00134226052011607,0.00749823286053026
"ENSG00000271826.5","PLS3-AS1"," lncRNA","chrX",5.95518391780237,-4.35480490680621,0.744040675993419,3.61437874872499e-10,1.63142676483523e-08
"ENSG00000091138.13","SLC26A3"," protein_coding","chr7",166.12654394826,-4.35123186850672,0.79276817827153,0.003110604708249,0.0148430127017937
"ENSG00000101938.15","CHRDL1"," protein_coding","chrX",10681.812480871,-4.34802570136627,0.615983616447661,5.86865070356537e-14,7.6690296516142e-12
"ENSG00000179796.12","LRRC3B"," protein_coding","chr3",57.9351119092334,-4.34783681614678,0.402240765383744,1.41683564808625e-28,7.06211608533964e-25
"ENSG00000156076.10","WIF1"," protein_coding","chr12",1175.6956627572,-4.34566624188064,1.25018174936891,1.06714556232816e-05,0.000130907740816484
"ENSG00000261054.1","AC036108.2"," lncRNA","chr15",32.0387780789565,-4.33446534331867,0.627112277679059,2.98848623961018e-13,3.29972384133667e-11
"ENSG00000226005.5","LINC02660"," lncRNA","chr10",44.3140222859952,-4.26822322059926,0.586916967672568,1.86771763473386e-14,2.85818140322364e-12
"ENSG00000135447.17","PPP1R1A"," protein_coding","chr12",7251.2353042477,-4.26050770157696,0.835156972246929,1.00546004215346e-08,3.06388701578834e-07
"ENSG00000187957.8","DNER"," protein_coding","chr2",75.0016966239176,-4.25992393360519,0.52001871222267,9.69694767873074e-18,3.98042589951287e-15
"ENSG00000280302.1","AP005264.6"," TEC","chr18",13.1493492852273,-4.20433607081529,0.580474915804977,2.81208721966444e-14,3.95631190247226e-12
"ENSG00000168497.5","CAVIN2"," protein_coding","chr2",4669.3340894936,-4.20284994245818,0.450738837860827,4.2474166582479e-22,5.40962286985094e-19
"ENSG00000131095.13","GFAP"," protein_coding","chr17",370.464718100031,-4.19813485914563,0.565226619650947,4.19080673426581e-15,7.90386150082531e-13
"ENSG00000197766.8","CFD"," protein_coding","chr19",15485.0041281591,-4.18833117233348,0.685228499980852,4.13611657589849e-11,2.33516575161285e-09
"ENSG00000236751.2","LINC01186"," lncRNA","chrX",25.5962202433738,-4.18620070197938,0.640354441601544,2.24834140499321e-12,1.88574230676967e-10
"ENSG00000004799.8","PDK4"," protein_coding","chr7",22804.1078288704,-4.18397011883685,0.501142466735254,2.56037052904012e-18,1.19111850838318e-15
"ENSG00000267069.1","AP005264.1"," lncRNA","chr18",25.1910410675145,-4.17797737090764,0.497560277444275,1.83286272788896e-18,8.88200186649633e-16
"ENSG00000277270.2","AL160412.1"," lncRNA","chr20",16.7580373210774,-4.17764949813329,0.754112050828807,1.60234728286884e-09,6.05715049258684e-08
"ENSG00000287313.1","AC016995.1"," lncRNA","chr2",9.92701574340128,-4.15724777440983,0.837306880086985,2.87381524758911e-08,7.6835469581327e-07
"ENSG00000255216.2","AP001360.1"," lncRNA","chr11",12.6109329137026,-4.15686259275314,0.878271975212614,1.29067570127718e-07,2.89415369452984e-06
"ENSG00000124003.13","MOGAT1"," protein_coding","chr2",4.89299259355349,-4.15153478548616,0.806842603210778,0.00359639219769569,0.0167219776345683
"ENSG00000254211.6","LINC01485"," lncRNA","chr5",153.886584924074,-4.1379143558562,0.742245947333047,7.8004604086442e-10,3.2439316343028e-08
"ENSG00000119927.14","GPAM"," protein_coding","chr10",15657.7212114633,-4.104813281878,0.529184165725697,3.18715760793783e-16,8.36113654876382e-14
"ENSG00000224318.6","CHL1-AS2"," lncRNA","chr3",15.5440680584044,-4.08112174510237,0.520638243787662,2.52576279923713e-16,6.88487420532678e-14
"ENSG00000158445.10","KCNB1"," protein_coding","chr20",675.617477981052,-4.08057440022761,0.471045795066169,1.72799115099488e-19,1.00485565415604e-16
"ENSG00000153822.14","KCNJ16"," protein_coding","chr17",188.207893652396,-4.07681746319365,0.650370843520481,1.39889013343621e-11,9.14020143178327e-10
"ENSG00000187134.14","AKR1C1"," protein_coding","chr10",3320.76029654698,-4.07028469079899,0.660549788843611,2.46921983945481e-11,1.49054583768889e-09
"ENSG00000104332.12","SFRP1"," protein_coding","chr8",28826.9459846569,-4.0664228234565,0.622641798271213,2.25557754554375e-12,1.88727472761551e-10
"ENSG00000135424.18","ITGA7"," protein_coding","chr12",7206.6083018349,-4.04814135836735,0.529626482304088,7.69905451016941e-16,1.82739939397497e-13
"ENSG00000265554.2","AP005271.1"," lncRNA","chr18",3.97982400872054,-4.04355052652036,1.22688647380816,1.18967539837668e-05,0.000143530305410652
"ENSG00000111404.7","RERGL"," protein_coding","chr12",386.570839677996,-4.03753256217598,0.468550179621903,2.51384315704546e-19,1.43787707528644e-16
"ENSG00000231290.6","APCDD1L-DT"," lncRNA","chr20",301.57143438736,-4.03344113812478,0.652671866816151,2.23717341219146e-11,1.3646366700135e-09
"ENSG00000234235.1","BOK-AS1"," lncRNA","chr2",18.185631569389,-4.03091985071739,0.800310622693942,1.56980768930073e-08,4.53036890714573e-07
"ENSG00000228639.8","ROCR"," lncRNA","chr17",167.504933218191,-4.02966802188149,0.830191291254424,3.78230625612258e-08,9.86311267431786e-07
"ENSG00000168309.18","FAM107A"," protein_coding","chr3",2786.41174064159,-4.02718855019558,0.454336725291793,2.9348380019466e-20,1.96921986011383e-17
"ENSG00000179270.7","PCARE"," protein_coding","chr2",19.2990961532454,-4.0266201224009,0.610675446476556,1.58970094376865e-12,1.37975760271224e-10
"ENSG00000259129.6","LINC00648"," lncRNA","chr14",14.827325305433,-4.02162840207093,0.659589456625608,4.66360885602517e-11,2.58693126543043e-09
"ENSG00000237813.4","AC002066.1"," lncRNA","chr7",18.638798433678,-4.0050176372785,0.797801118006957,1.74861935828004e-08,4.98196811469298e-07
"ENSG00000267122.1","AC004490.1"," lncRNA","chr19",11.761737669445,-4.00439644679351,0.739173894214971,2.28650164654656e-09,8.25008572385275e-08
"ENSG00000231367.6","LINC02613"," lncRNA","chr2",400.402409436404,-4.00146839896237,0.440871727787245,4.47314708538691e-21,3.62959476642406e-18
"ENSG00000172137.19","CALB2"," protein_coding","chr16",2480.35953200899,-3.99881528867469,0.668222369555292,7.29223339090114e-11,3.89041766424972e-09
"ENSG00000266573.6","AC018697.1"," lncRNA","chr18",15.9573410240806,-3.99867549376992,0.538713263364078,8.43431738210899e-15,1.44119375954283e-12
"ENSG00000101280.8","ANGPT4"," protein_coding","chr20",177.79587099815,-3.99763242410146,0.550960739685546,1.37418174363051e-14,2.21974885263945e-12
"ENSG00000229544.9","NKX1-2"," protein_coding","chr10",17.3015440161495,-3.9969567230594,0.906193481285879,3.29435188532664e-07,6.52345241946265e-06
"ENSG00000094963.14","FMO2"," protein_coding","chr1",5006.51336436299,-3.98694374873528,0.418831511164092,6.83116966823383e-23,1.09429162143021e-19
"ENSG00000272411.1","AC116312.1"," lncRNA","chr5",5.15217944895803,-3.98340414582211,1.08783556936071,1.20793338663131e-05,0.00014512071756551
"ENSG00000229246.2","LINC00377"," lncRNA","chr13",16.3226667234617,-3.98160495406529,0.564065617668193,9.08442710989829e-14,1.14842299380964e-11
"ENSG00000259446.6","AC055874.1"," lncRNA","chr15",7.05986316792567,-3.95734031043224,0.771833682111507,2.49337299942334e-08,6.7754110064548e-07
"ENSG00000168874.13","ATOH8"," protein_coding","chr2",1194.69902537424,-3.9534118624986,0.498694081117905,8.19744788851485e-17,2.69827504036011e-14
"ENSG00000287609.1","AL589787.2"," lncRNA","chr10",7.89509557580983,-3.93485776729606,0.546982238258848,0.000248666915256877,0.00185389686757002
"ENSG00000225472.2","AL136366.1"," lncRNA","chr9",20.1412940730227,-3.9324130879371,0.389833272648208,6.63372522265428e-25,1.36151356908018e-21
"ENSG00000181195.11","PENK"," protein_coding","chr8",139.699087831424,-3.92178136803296,0.694526488667173,5.58579158200288e-10,2.38548169017947e-08
"ENSG00000258545.6","RHOXF1-AS1"," lncRNA","chrX",269.970842569624,-3.92021708207978,0.513390370945451,8.35555860024256e-16,1.96982294000718e-13
"ENSG00000101542.10","CDH20"," protein_coding","chr18",75.8694377501127,-3.91306723705385,0.652766506090523,6.70045154327075e-11,3.61337642652642e-09
"ENSG00000225194.3","LINC00092"," lncRNA","chr9",61.4506383705965,-3.90805996859905,0.461600202491922,9.96102309698638e-19,5.18731428174555e-16
"ENSG00000280429.1","AF001548.3"," TEC","chr16",20.0328500793835,-3.89764073418745,0.874014528186418,3.00354373877336e-07,6.06903973939181e-06
"ENSG00000009950.16","MLXIPL"," protein_coding","chr7",1619.96177121917,-3.89717087950385,0.741637962807004,4.70756632019588e-09,1.55247350168199e-07
"ENSG00000143125.6","PROK1"," protein_coding","chr1",27.9415341107911,-3.87911280501651,0.918455474959007,7.03729261964731e-07,1.24386107797424e-05
"ENSG00000232821.1","AC003986.2"," lncRNA","chr7",37.123162187715,-3.87833502138711,0.656129146734242,1.04684977545982e-10,5.44346281901171e-09
"ENSG00000167614.14","TTYH1"," protein_coding","chr19",543.442373128524,-3.87543102868055,0.507653760631609,8.65919638261428e-16,2.02770483883084e-13
"ENSG00000287666.1","AP000821.2"," lncRNA","chr11",14.7821888911356,-3.86843182297714,0.717429283946303,2.60431880366155e-09,9.2344804246499e-08
"ENSG00000255960.1","AC092851.1"," processed_pseudogene","chr12",16.2350627432317,-3.86068682534066,0.853827052733964,2.40422181438453e-07,4.98725941294237e-06
"ENSG00000250266.2","LINC01612"," lncRNA","chr4",36.0060019474053,-3.85739826310543,1.00421506893367,3.02204428239128e-06,4.402594866677e-05
"ENSG00000146678.10","IGFBP1"," protein_coding","chr7",30.08005108321,-3.85381285419648,1.0079475627235,3.80309095011574e-06,5.39405066424749e-05
"ENSG00000248869.7","LINC02511"," lncRNA","chr4",48.9576538793565,-3.85323083266989,0.624321516692697,2.36098042631719e-11,1.43264292268927e-09
"ENSG00000229312.2","AL353693.1"," lncRNA","chr9",19.8386658450898,-3.83992243711077,0.887230151903673,5.19417454707851e-07,9.59904365053581e-06
"ENSG00000228695.10","CES1P1"," transcribed_unprocessed_pseudogene","chr16",23.2965347115212,-3.8372496274414,0.696014320145833,1.18806871326928e-09,4.66811998588721e-08
"ENSG00000189367.15","KIAA0408"," protein_coding","chr6",14.4001056509418,-3.83585229717013,0.792093232850053,5.05042867666046e-08,1.2686429586563e-06
"ENSG00000182253.15","SYNM"," protein_coding","chr15",11501.8544070176,-3.83385712634773,0.428178469896477,1.33865614678248e-20,9.93767055689098e-18
"ENSG00000123838.11","C4BPA"," protein_coding","chr1",192.307638494993,-3.8312749207701,0.965894660787586,1.93633989253685e-06,3.00003708661205e-05
"ENSG00000073734.10","ABCB11"," protein_coding","chr2",56.5516389850987,-3.81854263629662,0.691515956971193,1.18169448624229e-09,4.66408397279182e-08
"ENSG00000158516.12","CPA2"," protein_coding","chr7",14.610227986495,-3.80352444157504,0.729445368050911,6.18031914122242e-09,1.97651251289085e-07
"ENSG00000238099.3","LINC01625"," lncRNA","chr6",44.3703769023583,-3.79956963665077,0.785711202326282,3.9202288316214e-08,1.01662773667293e-06
"ENSG00000087494.16","PTHLH"," protein_coding","chr12",1680.56911570504,-3.78998844237019,0.898293568614281,6.70852600114644e-07,1.19727458161637e-05
"ENSG00000104044.16","OCA2"," protein_coding","chr15",31.6657291682859,-3.78265202250481,0.700286824132852,2.90329705044656e-09,1.00995949538515e-07
"ENSG00000153303.17","FRMD1"," protein_coding","chr6",301.471075485367,-3.78112838570353,0.806964817819979,8.50034556445507e-08,2.01211368445998e-06
"ENSG00000172318.5","B3GALT1"," protein_coding","chr2",90.4750968018393,-3.77828318165485,0.484211692491242,2.5966338603555e-16,7.02319007919874e-14
"ENSG00000224958.6","PGM5-AS1"," lncRNA","chr9",34.1363785233842,-3.74191453354477,0.583494356974977,4.50883555059971e-12,3.42177304114862e-10
"ENSG00000179921.15","GPBAR1"," protein_coding","chr2",221.296816103344,-3.74182403271425,0.561941918041713,9.90303628266147e-13,9.16364047779521e-11
"ENSG00000286214.1","AUXG01000058.1"," lncRNA","chr7",1187.05413853201,-3.7394032167809,0.508318935351368,6.97838719726817e-15,1.22971165504992e-12
"ENSG00000102290.22","PCDH11X"," protein_coding","chrX",24.1943579986035,-3.73491113802582,0.585501236264661,8.7350708484815e-12,6.07122225048542e-10
"ENSG00000157064.11","NMNAT2"," protein_coding","chr1",417.507277001603,-3.73461595824589,0.422173454145565,3.36127250337771e-20,2.21279545123305e-17
"ENSG00000166091.21","CMTM5"," protein_coding","chr14",31.2544204924641,-3.73043022181144,0.617443213044975,6.19453762317995e-11,3.36133144961698e-09
"ENSG00000171596.7","NMUR1"," protein_coding","chr2",197.859294953013,-3.72030403704135,0.532850951707634,9.98641680526459e-14,1.23122285778264e-11
"ENSG00000071991.9","CDH19"," protein_coding","chr18",51.2863436644886,-3.71095953158262,0.745115446895705,2.09692998374144e-08,5.83444848985028e-07
"ENSG00000085741.13","WNT11"," protein_coding","chr11",538.12746513167,-3.6998268150455,0.522869625118042,5.22696126866973e-14,6.89709382575897e-12
"ENSG00000178828.7","RNF186"," protein_coding","chr1",30.3374951086167,-3.69787509054498,0.9336921678722,2.38767505189783e-06,3.59242648709647e-05
"ENSG00000123243.15","ITIH5"," protein_coding","chr10",10232.9930023474,-3.69772865158873,0.567724988332705,2.44574201102503e-12,2.01736133585519e-10
"ENSG00000170153.11","RNF150"," protein_coding","chr4",2140.36390629529,-3.69573549731279,0.407542527029032,3.80237170772186e-21,3.2358183232713e-18
"ENSG00000170509.12","HSD17B13"," protein_coding","chr4",263.013919192146,-3.68831069176043,0.937746748065024,2.23696520508833e-06,3.39642963319133e-05
"ENSG00000163661.4","PTX3"," protein_coding","chr3",413.616661902122,-3.66375274699419,0.653316220647785,6.93656676052965e-10,2.91594880532096e-08
"ENSG00000171403.10","KRT9"," protein_coding","chr17",7.46086820846139,-3.65599929756885,0.554862372249246,5.50522657634351e-12,4.06955212871189e-10
"ENSG00000225731.1","PDE9A-AS1"," lncRNA","chr21",38.8697127233087,-3.65223866596722,0.713397102895017,9.38325446984206e-09,2.89726665227663e-07
"ENSG00000164638.10","SLC29A4"," protein_coding","chr7",1642.75934880561,-3.65121346028564,0.599899950586046,4.01829447706011e-11,2.29088746076968e-09
"ENSG00000277494.2","GPIHBP1"," protein_coding","chr8",1952.39636223712,-3.64452004284586,0.582474784444176,1.37796869013912e-11,9.05437016339811e-10
"ENSG00000006210.7","CX3CL1"," protein_coding","chr16",15140.7570652076,-3.64294540069595,0.470357812809968,3.0276014502648e-16,8.00273046978706e-14
"ENSG00000178403.4","NEUROG2"," protein_coding","chr4",28.934687692642,-3.64212382146766,0.913287565922956,1.86201246648773e-06,2.89129848545721e-05
"ENSG00000279036.1","AC015656.1"," TEC","chr17",13.3853383240294,-3.6389454930649,0.686420423649625,6.5934973004783e-09,2.09520686986328e-07
"ENSG00000186205.13","MTARC1"," protein_coding","chr1",2804.06731927869,-3.63643347766701,0.540874582782656,6.42922019837039e-13,6.31734521816863e-11
"ENSG00000109906.14","ZBTB16"," protein_coding","chr11",5543.55933946533,-3.62749765293858,0.581783526845055,1.5230442989971e-11,9.82265039488127e-10
"ENSG00000148053.17","NTRK2"," protein_coding","chr9",12310.4361768642,-3.62024415299402,0.383973694360259,1.64767586163936e-22,2.29956233953836e-19
"ENSG00000260877.2","AP005233.2"," lncRNA","chr11",37.7331168607007,-3.6190918173042,1.01807593308822,9.17592698127429e-06,0.000115081692416837
"ENSG00000179428.2","IL6-AS1"," lncRNA","chr7",16.8744114390212,-3.60717791450596,0.806780048197083,3.46524569816308e-07,6.80776394451621e-06
"ENSG00000149295.14","DRD2"," protein_coding","chr11",127.492735155355,-3.60674890997916,0.558933303703075,4.11338440015565e-12,3.1612355750183e-10
"ENSG00000227260.2","LINC01985"," lncRNA","chr3",8.21468782661334,-3.60540702642651,0.657621295398167,1.78342210812661e-09,6.64091577104008e-08
"ENSG00000144031.12","ANKRD53"," protein_coding","chr2",224.27268604712,-3.59934653626741,0.523855477602655,2.29263815728829e-13,2.58040122406276e-11
"ENSG00000104112.9","SCG3"," protein_coding","chr15",25.7130275297062,-3.58714809145906,0.678781018103825,3.65934831252916e-09,1.23241623525536e-07
"ENSG00000189129.14","PLAC9"," protein_coding","chr10",2119.95548562896,-3.58532155096032,0.596119565997295,6.27067911011324e-11,3.39736436072921e-09
"ENSG00000287115.1","AC009951.6"," lncRNA","chr2",64.8181235331222,-3.5782205957183,0.67006546155338,2.88506035875561e-09,1.0059074743517e-07
"ENSG00000101605.13","MYOM1"," protein_coding","chr18",1045.3560225667,-3.57737203871202,0.506112635939195,5.70341701496818e-14,7.48112492741559e-12
"ENSG00000198099.9","ADH4"," protein_coding","chr4",40.0426038737124,-3.57583403576485,0.708838296581912,1.35930427636696e-08,3.99557586408757e-07
"ENSG00000124743.6","KLHL31"," protein_coding","chr6",630.08633021989,-3.56919418786663,0.585091260525316,3.74928471942319e-11,2.14805079056477e-09
"ENSG00000253177.2","AC104211.1"," lncRNA","chr8",64.836999243304,-3.56900363306767,0.537325262196878,1.09615175299792e-12,9.95985177444024e-11
"ENSG00000013293.6","SLC7A14"," protein_coding","chr3",12.6853595681731,-3.56474540151452,0.578803249882041,4.89558808333227e-11,2.70700418091198e-09
"ENSG00000156284.6","CLDN8"," protein_coding","chr21",1176.09211586122,-3.56335478402174,0.75316187147119,6.97612213915108e-08,1.69030470525778e-06
"ENSG00000256508.2","MRGPRF-AS1"," lncRNA","chr11",10.6889024324276,-3.55280197003035,0.623647804361287,4.25500790627134e-10,1.86979195034904e-08
"ENSG00000185053.14","SGCZ"," protein_coding","chr8",15.6909654965567,-3.53608833756818,0.831383440531868,6.83618486242409e-07,1.21570502566177e-05
"ENSG00000174611.12","KY"," protein_coding","chr3",158.208146527822,-3.53450680579764,0.404826495434069,1.07269857239141e-19,6.45302170505322e-17
"ENSG00000158458.21","NRG2"," protein_coding","chr5",329.505238752055,-3.53186053908752,0.565352883191069,1.53412420613885e-11,9.87568017811483e-10
"ENSG00000134121.10","CHL1"," protein_coding","chr3",1891.33114573065,-3.5286823704469,0.464188917064201,1.11245372900227e-15,2.48811686273193e-13
"ENSG00000177301.16","KCNA2"," protein_coding","chr1",191.11370182776,-3.51331975531002,0.686593350778513,9.92079940517339e-09,3.03371263843913e-07
"ENSG00000280623.1","PCAT14"," lncRNA","chr22",14.4814494250837,-3.51186113100808,0.65714847445863,3.30140840790083e-09,1.13152692298692e-07
"ENSG00000279204.1","AC134043.3"," TEC","chr5",147.348584252133,-3.50706198920788,0.539061215328211,2.63923439227047e-12,2.16163209344387e-10
"ENSG00000258604.1","AL161668.4"," lncRNA","chr14",7.75716465580989,-3.50571846426055,0.511326892389497,1.06079166060841e-12,9.66372893741201e-11
"ENSG00000145708.11","CRHBP"," protein_coding","chr5",217.871353496892,-3.50384500639923,0.619503319501021,5.22885283123917e-10,2.24679684895032e-08
"ENSG00000188517.16","COL25A1"," protein_coding","chr4",204.211943552062,-3.50358396198081,0.454835510827544,5.01996500767144e-16,1.2745470728234e-13
"ENSG00000259374.2","NDUFB4P11"," transcribed_processed_pseudogene","chr14",11.7331010519532,-3.49589538679411,0.659371956037844,4.15280966365781e-09,1.38391291284322e-07
"ENSG00000226031.5","FGF13-AS1"," lncRNA","chrX",22.2722929805089,-3.49392760942751,0.460058290369382,1.55573694689295e-15,3.39257611337761e-13
"ENSG00000188763.5","FZD9"," protein_coding","chr7",48.3186091238587,-3.49167840100114,0.634401975211736,1.18635001028691e-09,4.66662212050965e-08
"ENSG00000228971.3","LINC02607"," lncRNA","chr1",427.071846857022,-3.48851188735132,0.597364881009431,1.86966377629507e-10,9.09824809187047e-09
"ENSG00000189292.16","ALKAL2"," protein_coding","chr2",85.9248997835632,-3.48634526569849,0.695044541215032,1.73068284091641e-08,4.93746974672237e-07
"ENSG00000136842.14","TMOD1"," protein_coding","chr9",438.524642653855,-3.47046332247152,0.459988128613735,1.73882767813344e-15,3.76828798246919e-13
"ENSG00000282840.1","AC004554.1"," lncRNA","chrX",12.7742723735663,-3.46936253892007,0.526266277542919,1.63841240713625e-12,1.41499622023245e-10
"ENSG00000068976.14","PYGM"," protein_coding","chr11",413.049807067867,-3.46617365899138,0.613182455818874,5.43041769425197e-10,2.32481845116743e-08
"ENSG00000253831.3","ETV3L"," protein_coding","chr1",28.2131871299909,-3.46436303762886,0.757908324509025,1.73456146902366e-07,3.76137875796797e-06
"ENSG00000164488.12","DACT2"," protein_coding","chr6",122.195974274131,-3.45812028263177,0.649879809674412,3.43398907811481e-09,1.17236118321432e-07
"ENSG00000165507.9","DEPP1"," protein_coding","chr10",14955.7264866135,-3.4573217848844,0.41907229404575,6.33853608729067e-18,2.69704710514218e-15
"ENSG00000231013.2","SCTR-AS1"," lncRNA","chr2",8.60404455242424,-3.45242247609825,0.676342076030293,1.50664921484717e-08,4.38436178108697e-07
"ENSG00000152270.9","PDE3B"," protein_coding","chr11",3002.43913004757,-3.43692108011526,0.703183758541599,3.26594712207009e-08,8.60016309706773e-07
"ENSG00000248144.6","ADH1C"," protein_coding","chr4",459.613712002772,-3.43306921991058,0.641749866691288,2.97745955207404e-09,1.02959902112404e-07
"ENSG00000234810.4","AL603840.1"," lncRNA","chr1",26.6810455928431,-3.42187064023042,0.652965877367794,5.66472018039085e-09,1.83687501685889e-07
"ENSG00000235904.3","RBMS3-AS3"," lncRNA","chr3",56.7561154902356,-3.40423834664536,0.366376249158499,5.55223931396745e-22,6.68010972081511e-19
"ENSG00000281969.1","AL592158.1"," TEC","chr6",8.1020270385445,-3.3916216543499,0.660934784997656,1.47567961958365e-08,4.30861402568144e-07
"ENSG00000226409.3","AL450332.1"," lncRNA","chr6",19.2897786349848,-3.39088437153574,0.532879134021868,9.70163859462377e-12,6.62426364393381e-10
"ENSG00000213791.4","AC104212.2"," processed_pseudogene","chr8",16.8917774960561,-3.38625513414668,0.808441371339205,9.41457486483502e-07,1.60157938375894e-05
"ENSG00000279484.2","KLHL30-AS1"," lncRNA","chr2",4.2252714011846,-3.38461609539754,1.11207468435812,6.30519137345253e-05,0.000589007850632215
"ENSG00000158571.11","PFKFB1"," protein_coding","chrX",572.807858591044,-3.36751631355153,0.621013825495712,2.00166296000715e-09,7.39830745101796e-08
"ENSG00000165376.11","CLDN2"," protein_coding","chrX",49.397871806589,-3.36242734878202,0.656818442839175,9.80287711966074e-09,3.00555523358597e-07
"ENSG00000285051.2","SLC7A14-AS1"," lncRNA","chr3",23.197587673384,-3.35949691783526,0.577495269614465,2.78614774603983e-10,1.29788359154974e-08
"ENSG00000164007.11","CLDN19"," protein_coding","chr1",203.242920171186,-3.35893100786843,0.81987112050485,1.23475028958178e-06,2.02866898463665e-05
"ENSG00000117507.6","FMO6P"," transcribed_unitary_pseudogene","chr1",8.83935744194885,-3.355637942472,0.66844294368185,2.8392195802846e-08,7.60270225446737e-07
"ENSG00000143171.13","RXRG"," protein_coding","chr1",71.2660382018803,-3.34932617689763,0.742097606670665,1.91858549503675e-07,4.07930326065371e-06
"ENSG00000105974.13","CAV1"," protein_coding","chr7",26616.49933026,-3.34375523970469,0.459291793202708,1.25756674227346e-14,2.04082610254248e-12
"ENSG00000154188.10","ANGPT1"," protein_coding","chr8",830.342384996273,-3.34246587919161,0.503391776956455,1.1522409283152e-12,1.03616551853227e-10
"ENSG00000109061.10","MYH1"," protein_coding","chr17",111.438258339792,-3.33837530795036,0.722304151247476,1.18312517318788e-07,2.67360235865921e-06
"ENSG00000127241.18","MASP1"," protein_coding","chr3",204.14606596889,-3.33426763934712,0.546374726525666,3.68517667162443e-11,2.11479439555342e-09
"ENSG00000169618.7","PROKR1"," protein_coding","chr2",34.7167750601651,-3.33300444662924,0.813557195121783,1.23480705447238e-06,2.02866898463665e-05
"ENSG00000149596.7","JPH2"," protein_coding","chr20",1111.3746932847,-3.32871689805088,0.436223097660815,9.09048146207474e-16,2.10050323637914e-13
"ENSG00000125845.7","BMP2"," protein_coding","chr20",455.555797981662,-3.32728569728235,0.560492530766412,1.02787502041683e-10,5.36880049960531e-09
"ENSG00000080166.16","DCT"," protein_coding","chr13",74.2090884712167,-3.32521829066011,0.676696289178797,1.22340942756815e-10,6.27734975548239e-09
"ENSG00000228307.2","OR2S1P"," transcribed_unprocessed_pseudogene","chr9",32.6748163281969,-3.31794520071145,0.501749507756089,1.15225193084326e-12,1.03616551853227e-10
"ENSG00000227467.3","LINC01537"," lncRNA","chr11",92.9369104401482,-3.31654705464053,0.547368244872688,4.62710375115555e-11,2.57076874174472e-09
"ENSG00000143196.5","DPT"," protein_coding","chr1",4458.60657459057,-3.31292600244621,0.717293219756108,1.22309242295149e-07,2.76055948803256e-06
"ENSG00000182118.8","FAM89A"," protein_coding","chr1",1089.86150285868,-3.31025460076405,0.564699327645274,1.61698296650238e-10,8.03677388664309e-09
"ENSG00000095637.22","SORBS1"," protein_coding","chr10",19604.8688997726,-3.30746768034947,0.508214153676913,2.7872156357527e-12,2.26687041368409e-10
"ENSG00000111339.12","ART4"," protein_coding","chr12",66.6325811982078,-3.3055175492135,0.448278113719834,5.80609222628289e-15,1.05510606180852e-12
"ENSG00000280339.1","AP001528.2"," TEC","chr11",940.607152742831,-3.30376991387599,0.499067887171484,1.31910792495145e-12,1.17410700534391e-10
"ENSG00000196549.12","MME"," protein_coding","chr3",7294.39448891137,-3.30215988277693,0.33439080198327,2.14789507857405e-24,4.16345595480706e-21
"ENSG00000258479.6","LINC00640"," lncRNA","chr14",28.1968395536406,-3.29948779903365,0.525519625072089,1.53692767095135e-11,9.87568017811483e-10
"ENSG00000154080.14","CHST9"," protein_coding","chr18",448.565543479432,-3.29612830285858,0.756916092110256,4.08709319513705e-07,7.8224228563646e-06
"ENSG00000286289.1","AL133482.1"," lncRNA","chr10",205.234281607092,-3.2956751455059,0.367607813498204,1.37508672360482e-20,9.99544809860332e-18
"ENSG00000167641.11","PPP1R14A"," protein_coding","chr19",782.841478624077,-3.29540809620716,0.360564635430077,2.50772072484227e-21,2.24350984129414e-18
"ENSG00000122592.8","HOXA7"," protein_coding","chr7",113.957215810128,-3.29313517319991,0.322806300986105,8.30628718522121e-26,2.41512221816294e-22
"ENSG00000168477.19","TNXB"," protein_coding","chr6",8547.68250829169,-3.29190605434986,0.524093516618148,1.2133770508746e-11,8.11033308085551e-10
"ENSG00000179094.16","PER1"," protein_coding","chr17",7047.57744511659,-3.29079699752742,0.310082567911415,7.94493145439267e-28,3.08007337083572e-24
"ENSG00000186081.12","KRT5"," protein_coding","chr12",26312.7097639335,-3.29072338851309,0.793248974380896,9.97496157523177e-07,1.68540621947415e-05
"ENSG00000179636.15","TPPP2"," protein_coding","chr14",7.86507071351673,-3.28997080533786,0.588323420432672,2.0090614001533e-09,7.40995362714046e-08
"ENSG00000149488.13","TMC2"," protein_coding","chr20",40.2535744052808,-3.28310897514652,0.545235693264649,6.10530968666285e-11,3.32325055034873e-09
"ENSG00000154258.17","ABCA9"," protein_coding","chr17",1442.73534382229,-3.27683518957627,0.436880628334013,2.43460463842437e-15,5.05629704995623e-13
"ENSG00000276365.1","MIR145"," miRNA","chr5",45.1835990321048,-3.27343142643611,0.595036434127367,1.47918140755745e-09,5.64364980379341e-08
"ENSG00000095713.14","CRTAC1"," protein_coding","chr10",232.99925480326,-3.27186866686241,0.419048403105903,2.32102902225994e-16,6.42722409648188e-14
"ENSG00000163017.14","ACTG2"," protein_coding","chr2",6421.61427390267,-3.26965704761784,0.605407878359573,2.12253740757179e-09,7.7304230362826e-08
"ENSG00000234884.2","AL022329.1"," lncRNA","chr22",11.5893425077732,-3.26073914746854,0.650445592911445,1.94324133619046e-08,5.46787366621141e-07
"ENSG00000205364.4","MT1M"," protein_coding","chr16",457.189628723726,-3.25443245030221,0.586920866868964,1.01824134301422e-09,4.08361594242634e-08
"ENSG00000227094.1","AL512785.1"," lncRNA","chr1",3.83300226550886,-3.24945053247263,1.29408232064551,0.000384731645979174,0.00265973288287287
"ENSG00000169252.6","ADRB2"," protein_coding","chr5",755.762334226247,-3.24597191005645,0.415445708015503,2.17031243659228e-16,6.0579496980113e-14
"ENSG00000154678.18","PDE1C"," protein_coding","chr7",785.966306540887,-3.23633854123923,0.524663257365688,2.52896070369294e-11,1.5203239285038e-09
"ENSG00000230910.4","AL391807.1"," lncRNA","chr6",13.3995780154131,-3.23538556697153,0.650680975701346,2.56292510310537e-08,6.9481755844949e-07
"ENSG00000240654.6","C1QTNF9"," protein_coding","chr13",51.3459725365995,-3.23425284586049,0.607387690469303,3.51194811107666e-09,1.19271394063055e-07
"ENSG00000230333.6","AC004160.1"," lncRNA","chr7",102.499097087785,-3.22780847990011,0.699693411853899,1.23995085326542e-07,2.79297128607384e-06
"ENSG00000231768.2","LINC01354"," lncRNA","chr1",84.8362448728508,-3.21014705084512,0.396623588473839,2.02492381758945e-17,7.59694805586166e-15
"ENSG00000167281.19","RBFOX3"," protein_coding","chr17",3.33860480061131,-3.20990800832316,0.64184792601138,0.0088311003008427,0.034415941092003
"ENSG00000235387.5","SPAAR"," protein_coding","chr9",210.908445273557,-3.20819201245474,0.440056068269165,1.13758327046142e-14,1.86344684928026e-12
"ENSG00000230461.9","PROX1-AS1"," lncRNA","chr1",10.1624573458653,-3.20790919578898,0.582164154576743,1.71697840654076e-09,6.42091035183425e-08
"ENSG00000163735.7","CXCL5"," protein_coding","chr4",56.5703093749838,-3.20495991223519,0.957648399077514,2.0012513834627e-05,0.000223227819758302
"ENSG00000186832.9","KRT16"," protein_coding","chr17",647.1353911108,-3.20269702610339,0.478448131895655,8.00977692569755e-13,7.67772326138773e-11
"ENSG00000286805.1","AL138716.1"," lncRNA","chr6",18.545649412647,-3.19120898293952,0.737348728496791,4.95334454457261e-07,9.21253435526028e-06
"ENSG00000182732.18","RGS6"," protein_coding","chr14",206.072609879631,-3.18943034854833,0.545733882049736,1.78334006719798e-10,8.71463841521077e-09
"ENSG00000108381.11","ASPA"," protein_coding","chr17",361.6099045519,-3.18397354074068,0.438345988707521,1.422630964177e-14,2.28742013691703e-12
"ENSG00000129455.15","KLK8"," protein_coding","chr19",44.2879504398863,-3.17781292098235,0.822891324901377,3.37602918436e-06,4.84545595522439e-05
"ENSG00000188783.6","PRELP"," protein_coding","chr1",9566.5698168016,-3.17566266923155,0.509792065119474,1.67997081372478e-11,1.06574293930311e-09
"ENSG00000124935.4","SCGB1D2"," protein_coding","chr11",1368.31724103702,-3.17372794597932,0.893748928934214,1.00475517811434e-05,0.000124183184270589
"ENSG00000165124.18","SVEP1"," protein_coding","chr9",6380.21906276253,-3.16856583040161,0.516754698247927,3.19439496732088e-11,1.85450307495495e-09
"ENSG00000080293.10","SCTR"," protein_coding","chr2",26.058243934344,-3.16568427781269,0.682186297103972,1.00150940313267e-07,2.32029645316747e-06
"ENSG00000178878.13","APOLD1"," protein_coding","chr12",7166.83323947862,-3.16000488041903,0.432957475751151,1.03003661027538e-14,1.71481010326119e-12
"ENSG00000224613.7","AC095032.1"," lncRNA","chr1",10.4132170598773,-3.15636962094103,0.654567872899818,5.37951950764272e-08,1.34106600264408e-06
"ENSG00000146233.8","CYP39A1"," protein_coding","chr6",242.357039295289,-3.15096979034233,0.352600101720293,1.66937862444803e-20,1.16492579171233e-17
"ENSG00000167772.12","ANGPTL4"," protein_coding","chr19",3150.50967168775,-3.14269189980564,0.557497252103252,6.05949638466854e-10,2.58146383830855e-08
"ENSG00000187185.4","AC092118.1"," lncRNA","chr16",10.2432370619536,-3.13594915530596,0.640855937313258,4.69366518354442e-08,1.19103034122944e-06
"ENSG00000165072.10","MAMDC2"," protein_coding","chr9",1232.56494324762,-3.13503164963553,0.447978630687933,9.83466562690276e-14,1.21681318577399e-11
"ENSG00000109610.6","SOD3"," protein_coding","chr4",3782.65496081469,-3.1128903809934,0.486087844524259,5.58228745665391e-12,4.11779263530892e-10
"ENSG00000139874.6","SSTR1"," protein_coding","chr14",118.955777974278,-3.10646422440064,0.547761039099971,5.13030827416249e-10,2.20989612338029e-08
"ENSG00000188828.12","GLRA4"," protein_coding","chrX",20.1935071046198,-3.10622342010464,0.584147592848813,4.56004921004672e-09,1.50953203973188e-07
"ENSG00000077264.15","PAK3"," protein_coding","chrX",444.989193135795,-3.10114408301497,0.536411805972093,2.684716092032e-10,1.25398164882314e-08
"ENSG00000262097.2","LINC02185"," lncRNA","chr16",115.182737804006,-3.09896572572288,0.444765165218085,1.09366306873232e-13,1.334230703886e-11
"ENSG00000186847.6","KRT14"," protein_coding","chr17",19428.8951770908,-3.08982127653347,0.744503726661728,9.84563996883869e-07,1.66684872835982e-05
"ENSG00000165349.12","SLC7A3"," protein_coding","chrX",117.228308473771,-3.08220535399421,0.874457490509214,1.1613664839064e-05,0.000140649906247755
"ENSG00000108551.5","RASD1"," protein_coding","chr17",2907.80302799514,-3.0725259221545,0.413796120441268,4.34935817418574e-15,8.10172757118398e-13
"ENSG00000241684.6","ADAMTS9-AS2"," lncRNA","chr3",171.690564959739,-3.0658692008472,0.398157957300126,5.64297334161142e-16,1.40634987758689e-13
"ENSG00000149090.12","PAMR1"," protein_coding","chr11",1776.61103900313,-3.06353037135306,0.333627852564528,1.71944045587983e-21,1.71408562703152e-18
"ENSG00000164736.6","SOX17"," protein_coding","chr8",1057.03122585548,-3.06295806035332,0.474374936199393,3.95746056537783e-12,3.05486187138491e-10
"ENSG00000287232.1","AC079848.2"," lncRNA","chr3",16.1624891053291,-3.05737153195699,0.387608643507076,1.33428978213286e-16,4.01333661968944e-14
"ENSG00000198768.11","APCDD1L"," protein_coding","chr20",819.934643965794,-3.05056845213702,0.64021778439551,6.17608847153162e-08,1.51433522740836e-06
"ENSG00000258572.1","AL133467.1"," lncRNA","chr14",60.7804880944407,-3.05051068827608,0.570829768259351,3.10017014307462e-09,1.06779897790737e-07
"ENSG00000007314.12","SCN4A"," protein_coding","chr17",652.78024532358,-3.0504885509751,0.51350933359891,1.02754378406616e-10,5.36880049960531e-09
"ENSG00000154263.17","ABCA10"," protein_coding","chr17",472.602627270847,-3.04984267962612,0.378860197124452,3.21402365320385e-17,1.15608762148387e-14
"ENSG00000249669.10","CARMN"," lncRNA","chr5",2103.77159974236,-3.04730681718184,0.414292239955915,7.39585122214013e-15,1.29024322495846e-12
"ENSG00000187699.10","C2orf88"," protein_coding","chr2",552.362745956299,-3.04240630362292,0.397392531343609,7.55576100771283e-16,1.80567162548019e-13
"ENSG00000167755.15","KLK6"," protein_coding","chr19",200.391716899072,-3.03929506042775,0.881076697047519,1.48301456445607e-05,0.000172135266694733
"ENSG00000163734.4","CXCL3"," protein_coding","chr4",61.6581283773417,-3.03862221398303,0.646001512584027,8.01206787147248e-08,1.91340903561633e-06
"ENSG00000091513.16","TF"," protein_coding","chr3",3214.95845721701,-3.03417064491331,0.680460219570151,2.58682593694696e-07,5.3217537597887e-06
"ENSG00000205221.12","VIT"," protein_coding","chr2",728.256784153672,-3.03038481982905,0.513075410970724,1.27126170665211e-10,6.48399633988683e-09
"ENSG00000124615.20","MOCS1"," protein_coding","chr6",2061.30876600826,-3.02962426026437,0.328504386409036,2.84517967263783e-11,1.67477001201037e-09
"ENSG00000180287.17","PLD5"," protein_coding","chr1",35.6685765354803,-3.02699444420834,0.596862070165263,1.58652287602592e-08,4.56727472503469e-07
"ENSG00000105971.15","CAV2"," protein_coding","chr7",7120.57624975417,-3.02509709192807,0.416852062838624,1.52813840498689e-14,2.42355804947262e-12
"ENSG00000146147.15","MLIP"," protein_coding","chr6",23.3621653682448,-3.0167434671547,0.491527306375747,3.24430560412983e-11,1.87756600693509e-09
"ENSG00000258819.2","LINC02289"," lncRNA","chr14",67.4420822255559,-3.01671207185062,0.503130757802128,9.02246579524358e-05,0.00079275460604846
"ENSG00000153823.19","PID1"," protein_coding","chr2",1033.51167113318,-3.01502835267956,0.46754967416789,4.27343191929451e-12,3.26983142754616e-10
"ENSG00000145777.15","TSLP"," protein_coding","chr5",121.092288364919,-3.00873050092285,0.478135897452052,1.19818347359479e-11,8.02414963093969e-10
"ENSG00000277631.5","PGM5P3-AS1"," lncRNA","chr9",24.0635065974378,-3.00656314300864,0.603367452683344,1.97930436824916e-08,5.54698061948446e-07
"ENSG00000187715.13","KBTBD12"," protein_coding","chr3",11.1979987630562,-2.99737787130276,0.517358329681372,3.78422176074551e-10,1.68627434807371e-08
"ENSG00000167779.9","IGFBP6"," protein_coding","chr12",3948.07269015213,-2.99609032891948,0.550256138898778,1.73250554875581e-09,6.45821058778195e-08
"ENSG00000204767.4","INSYN2B"," protein_coding","chr5",646.724413955861,-2.99346359088452,0.835465431718878,9.24581290306174e-06,0.000115791693467598
"ENSG00000257060.7","AC091078.1"," lncRNA","chr15",12.8496568874137,-2.98887179493966,0.58258688066343,1.17045470481663e-08,3.51448667003071e-07
"ENSG00000173267.14","SNCG"," protein_coding","chr10",3752.45866691127,-2.98032824910747,0.580477020928439,9.77686315829955e-09,3.00021576478654e-07
"ENSG00000134765.10","DSC1"," protein_coding","chr18",71.0324785420805,-2.97403462162201,0.81010045299044,6.96920700323863e-06,9.03950191635684e-05
"ENSG00000197561.7","ELANE"," protein_coding","chr19",24.1664226134093,-2.97358243573735,0.6951646076923,5.85600404321545e-07,1.06657770388654e-05
"ENSG00000288048.1","AC104088.3"," lncRNA","chr2",26.5562054047952,-2.97023770848606,0.565489238144603,5.84785302281341e-09,1.88226420497216e-07
"ENSG00000083067.23","TRPM3"," protein_coding","chr9",43.5976322263274,-2.96869123174001,0.49958591252936,1.16014955773797e-10,5.97377510658192e-09
"ENSG00000154928.18","EPHB1"," protein_coding","chr3",545.346296726775,-2.96740408881392,0.466533352526765,7.63880829977797e-12,5.38435677550612e-10
"ENSG00000106006.6","HOXA6"," protein_coding","chr7",52.0742944313392,-2.9660000429795,0.409264060615116,1.89803573966561e-14,2.87881763716737e-12
"ENSG00000250056.8","LINC01018"," lncRNA","chr5",41.6820388841112,-2.95792366473237,0.672035135761583,3.52542701947992e-07,6.91820439463858e-06
"ENSG00000106004.5","HOXA5"," protein_coding","chr7",496.542215376979,-2.95711320319816,0.338403408336336,9.70783238468584e-20,5.94238560936971e-17
"ENSG00000127743.6","IL17B"," protein_coding","chr5",142.265318647248,-2.95560048563908,0.634830213620122,1.07475927938553e-07,2.4654454975043e-06
"ENSG00000245293.3","CYP2U1-AS1"," lncRNA","chr4",38.9254381587979,-2.95245235347199,0.373930931122963,1.07482664035668e-16,3.37853840618784e-14
"ENSG00000147862.17","NFIB"," protein_coding","chr9",10458.5711157591,-2.94810742517112,0.33577193763463,6.60536906925126e-20,4.11549878920082e-17
"ENSG00000164330.17","EBF1"," protein_coding","chr5",2947.72129915417,-2.93927192996871,0.432473231565413,5.05316685923141e-13,5.12529200248381e-11
"ENSG00000133067.17","LGR6"," protein_coding","chr1",987.026173778638,-2.93916982601691,0.743348251490087,2.26902489380437e-06,3.43912022457552e-05
"ENSG00000261616.1","AC036108.3"," lncRNA","chr15",128.933956013393,-2.93334950233407,0.463439309482371,9.625089140221e-12,6.58488206257747e-10
"ENSG00000186150.5","UBL4B"," protein_coding","chr1",10.6924755749265,-2.93219711791983,0.48163729456048,0.000166244502538719,0.00132463903812924
"ENSG00000129757.14","CDKN1C"," protein_coding","chr11",2571.1197952249,-2.925153993448,0.472012518851345,2.10795404488542e-11,1.29487015105805e-09
"ENSG00000099260.11","PALMD"," protein_coding","chr1",5818.15196524159,-2.9237958865009,0.415822526055906,7.75036132997338e-14,9.90541601333704e-12
"ENSG00000154856.13","APCDD1"," protein_coding","chr18",4017.40664316952,-2.92159522922872,0.4255069498971,3.02836202598311e-13,3.31355663231945e-11
"ENSG00000130176.8","CNN1"," protein_coding","chr19",5217.8875190224,-2.91830732797739,0.470862950115755,2.01089307641559e-11,1.24621794545678e-09
"ENSG00000286288.1","AL109809.4"," lncRNA","chr20",83.9180830214327,-2.91695959108934,0.488413684733045,9.0261745272102e-11,4.76448192781983e-09
"ENSG00000261390.6","MAFTRR"," lncRNA","chr16",24.7650939235628,-2.9162669515673,0.361807117321686,2.48777155917773e-17,9.04175390325733e-15
"ENSG00000144339.12","TMEFF2"," protein_coding","chr2",7.8894843550438,-2.90739815204445,0.535287486692626,3.03226024256434e-09,1.0475108131021e-07
"ENSG00000090659.18","CD209"," protein_coding","chr19",506.716541828359,-2.90322210689739,0.657852440788502,3.2613326125877e-07,6.47549433681622e-06
"ENSG00000128573.26","FOXP2"," protein_coding","chr7",379.193853586113,-2.90011598795008,0.534276567598219,2.00459942722893e-09,7.40132048840684e-08
"ENSG00000186642.16","PDE2A"," protein_coding","chr11",2445.03860374771,-2.89948381453129,0.439502926142911,1.555239419667e-12,1.35659646479003e-10
"ENSG00000119771.15","KLHL29"," protein_coding","chr2",866.77214983433,-2.89946188318212,0.374737417286984,4.0279880716524e-16,1.04104097635573e-13
"ENSG00000117594.10","HSD11B1"," protein_coding","chr1",690.202509953955,-2.89861720507957,0.704265104213484,1.17137159328328e-06,1.93606472104438e-05
"ENSG00000109956.13","B3GAT1"," protein_coding","chr11",125.407792045835,-2.89717325912648,0.49596722461059,1.91875745555927e-10,9.29824533082202e-09
"ENSG00000259683.1","AC243562.2"," unprocessed_pseudogene","chr15",35.4217521903116,-2.89262664247508,0.487225711093502,1.2110077641595e-10,6.22286773185405e-09
"ENSG00000166960.16","CCDC178"," protein_coding","chr18",110.50552066059,-2.88933095372243,0.526375402666724,1.40216354645159e-09,5.39392373751294e-08
"ENSG00000245812.3","LINC02202"," lncRNA","chr5",136.764769279817,-2.8815280800765,0.498736058318138,2.62517944875573e-10,1.22946491471861e-08
"ENSG00000198624.13","CCDC69"," protein_coding","chr5",6686.34705503743,-2.86844298193221,0.536436870821531,3.24012669059739e-09,1.11380552080427e-07
"ENSG00000127955.17","GNAI1"," protein_coding","chr7",2732.21690128039,-2.86784326434149,0.490153469613919,1.77556892376204e-10,8.68883244305488e-09
"ENSG00000233766.7","CAVIN2-AS1"," lncRNA","chr2",10.0544906546019,-2.86342398180624,0.62863579653429,2.87201245649381e-07,5.85323519973863e-06
"ENSG00000152463.15","OLAH"," protein_coding","chr10",10.5300618393736,-2.86136409494605,0.637704525262725,2.92237538195757e-07,5.93507563747856e-06
"ENSG00000181778.5","TMEM252"," protein_coding","chr9",19.3633662512923,-2.8592608492503,0.492348540462198,2.50829210389435e-10,1.18106369496596e-08
"ENSG00000138640.15","FAM13A"," protein_coding","chr4",3100.62513629056,-2.85191809018662,0.323931082246825,5.33246432039946e-20,3.44546319635292e-17
"ENSG00000165621.8","OXGR1"," protein_coding","chr13",112.912403089032,-2.85072270439522,0.730206119830963,2.80245921062066e-06,4.13798579423467e-05
"ENSG00000133392.18","MYH11"," protein_coding","chr16",13709.3615749004,-2.84823890154874,0.400793103249353,4.13321049274816e-14,5.61135592616638e-12
"ENSG00000101955.15","SRPX"," protein_coding","chrX",3303.44577434319,-2.84696665309793,0.382726528826502,3.93126217544803e-15,7.49539172478455e-13
"ENSG00000184905.9","TCEAL2"," protein_coding","chrX",98.9755989889537,-2.84561843105646,0.461425308251279,2.84640341956994e-11,1.67477001201037e-09
"ENSG00000172201.12","ID4"," protein_coding","chr6",3559.25147734057,-2.84241760320807,0.424434644780035,8.19992595320478e-13,7.83845524474706e-11
"ENSG00000266265.4","KLF14"," protein_coding","chr7",44.772973525147,-2.84151179982658,0.700491854100027,1.48007284236758e-06,2.37103863834009e-05
"ENSG00000182950.3","ODF3L1"," protein_coding","chr15",60.8595285940009,-2.84123681731923,0.491866657249498,2.6622808794042e-10,1.24516946599587e-08
"ENSG00000138678.11","GPAT3"," protein_coding","chr4",364.224548746661,-2.83859478204894,0.38048404955757,0.000384524970327386,0.00265883090362522
"ENSG00000236882.8","LINC01554"," lncRNA","chr5",55.4259005318287,-2.83736893137197,0.483258756114683,1.64612781867425e-10,8.1237688431914e-09
"ENSG00000186417.14","GLDN"," protein_coding","chr15",427.469382090452,-2.83597102725755,0.479767011166885,1.24527448136105e-10,6.36147466020037e-09
"ENSG00000182263.14","FIGN"," protein_coding","chr2",365.442793204242,-2.83315675054492,0.448623532006278,1.00424770588238e-11,6.80372945746447e-10
"ENSG00000109819.9","PPARGC1A"," protein_coding","chr4",192.828921543822,-2.83226182772398,0.459658601483732,2.69626780393151e-11,1.60264872141353e-09
"ENSG00000189134.4","NKAPL"," protein_coding","chr6",69.4398500587565,-2.82967343398486,0.359280643671327,1.20048360691118e-16,3.73982799363733e-14
"ENSG00000079308.19","TNS1"," protein_coding","chr2",43129.0231362304,-2.82649908419914,0.434615944907049,3.83639334832108e-12,2.98119377096371e-10
"ENSG00000242242.6","NECTIN3-AS1"," lncRNA","chr3",10.4024681557387,-2.82167215124013,0.539215927696561,7.61067639692002e-09,2.39877244954775e-07
"ENSG00000233926.1","AL591368.1"," lncRNA","chr9",7.08641569256954,-2.81918551626341,0.532687691449988,6.88536085264914e-09,2.18199024077912e-07
"ENSG00000223656.1","HMGB3P10"," processed_pseudogene","chr1",16.5293204483471,-2.81533229614282,0.598898870244508,8.32233237600792e-08,1.98019662313822e-06
"ENSG00000260192.3","LINC02240"," lncRNA","chr5",24.447876788564,-2.81430087000684,0.661213030937427,6.69630608821476e-07,1.19631754082899e-05
"ENSG00000094755.17","GABRP"," protein_coding","chr5",8952.89885098484,-2.81307914492102,0.915636125843294,4.83578164719254e-05,0.000471299601821774
"ENSG00000232528.3","AL109809.1"," transcribed_unitary_pseudogene","chr20",20.7204398953662,-2.81278657019062,0.642228050016051,4.2969779765599e-07,8.16589643682743e-06
"ENSG00000163431.13","LMOD1"," protein_coding","chr1",3758.65654173099,-2.81242436143153,0.27598680341129,1.07274061733296e-25,2.67349949138317e-22
"ENSG00000134760.6","DSG1"," protein_coding","chr18",192.560222373685,-2.81101823351727,0.867450668056526,3.09954369706988e-05,0.000324373662670861
"ENSG00000148180.21","GSN"," protein_coding","chr9",106806.053591158,-2.80973789007043,0.416114637112672,6.39897259750902e-13,6.30696477117760e-11
"ENSG00000101349.17","PAK5"," protein_coding","chr20",113.049023473672,-2.80790538193028,1.01140559758994,0.000123055532919821,0.001030612241744
"ENSG00000104490.18","NCALD"," protein_coding","chr8",2762.68446370321,-2.80784940078948,0.421128069577343,9.92764925226158e-13,9.16364047779521e-11
"ENSG00000171885.18","AQP4"," protein_coding","chr18",57.0603009613464,-2.80659566724974,0.492209559769327,4.97127905438849e-10,2.15202106062864e-08
"ENSG00000149575.9","SCN2B"," protein_coding","chr11",191.944355617437,-2.80658600652419,0.540339131320201,7.26776435823845e-09,2.29691636071828e-07
"ENSG00000146005.4","PSD2"," protein_coding","chr5",71.8625997475977,-2.80235590730062,0.519551466259898,2.65945282121203e-09,9.3917984195252e-08
"ENSG00000048540.15","LMO3"," protein_coding","chr12",860.093090684534,-2.80138493780045,0.747791053914074,5.17481396698898e-06,7.01700865250608e-05
"ENSG00000176076.7","KCNE5"," protein_coding","chrX",15.1599356059936,-2.80026325732421,0.605602233877744,1.02060546057896e-07,2.35671377399473e-06
"ENSG00000103034.14","NDRG4"," protein_coding","chr16",417.124797656024,-2.79584607836805,0.318031357343847,0.000169105367441551,0.00134463431526963
"ENSG00000158887.19","MPZ"," protein_coding","chr1",154.653056355293,-2.79565693661695,0.470778219840554,1.0612859362792e-10,5.51031660754727e-09
"ENSG00000248668.3","OXCT1-AS1"," lncRNA","chr5",39.6475092945048,-2.79239572345442,0.442980057111746,1.08442381981792e-11,7.29076140278653e-10
"ENSG00000168546.11","GFRA2"," protein_coding","chr8",179.196434396245,-2.78990569931363,0.483105343988536,2.80651630298247e-10,1.30562880436482e-08
"ENSG00000241644.2","INMT"," protein_coding","chr7",694.7442629301,-2.78976357931123,0.390751639302284,3.63766430222246e-14,5.05664323381848e-12
"ENSG00000168824.14","NSG1"," protein_coding","chr4",360.656860457372,-2.78928446351373,0.513991394024131,2.08924809241451e-09,7.63641259247741e-08
"ENSG00000164849.10","GPR146"," protein_coding","chr7",203.359863413306,-2.78414356299591,0.504923810122252,1.2301767494551e-09,4.81011616046367e-08
"ENSG00000149970.16","CNKSR2"," protein_coding","chrX",154.973430810014,-2.77799733304387,0.40604094681001,3.0163795438361e-13,3.31355663231945e-11
"ENSG00000240602.7","AADACP1"," transcribed_unprocessed_pseudogene","chr3",9.56709143811828,-2.76782921064026,0.542255313294742,1.28751460245065e-08,3.80700610119539e-07
"ENSG00000146477.6","SLC22A3"," protein_coding","chr6",429.790275549773,-2.76227749961938,0.648691805139199,6.51970135897308e-07,1.16775616075939e-05
"ENSG00000251257.2","AC010457.1"," lncRNA","chr5",24.8543375885707,-2.75892985989326,0.493682758688652,8.70816950240559e-10,3.57876021329132e-08
"ENSG00000101049.17","SGK2"," protein_coding","chr20",344.389321852771,-2.74823911517139,0.539073718188594,1.19348125133499e-08,3.5713339914519e-07
"ENSG00000260105.6","AOC4P"," transcribed_unprocessed_pseudogene","chr17",37.6349204794105,-2.73263008682475,0.498447196281294,1.36749699041739e-09,5.27802405892181e-08
"ENSG00000183960.9","KCNH8"," protein_coding","chr3",92.4913432190579,-2.73174657041809,0.605993116600845,2.26249115339317e-07,4.72698076844558e-06
"ENSG00000232803.1","SLCO4A1-AS1"," lncRNA","chr20",14.8659377698749,-2.72999346964454,0.486606885105956,1.02435690422085e-09,4.10101073117811e-08
"ENSG00000229116.3","AL137026.1"," lncRNA","chr10",17.6792126031489,-2.7273575019672,0.509525674536249,2.83188033920962e-09,9.91044502661615e-08
"ENSG00000070182.21","SPTB"," protein_coding","chr14",296.063069037762,-2.72417707408633,0.570940389470753,6.19381354127123e-08,1.51732287015039e-06
"ENSG00000166173.11","LARP6"," protein_coding","chr15",1359.0490974309,-2.72265845054373,0.39138798553494,1.34007875474843e-13,1.57429925360025e-11
"ENSG00000274021.1","AC024909.1"," lncRNA","chr12",131.406035416638,-2.71776389486462,0.59529522565947,1.60584910023477e-07,3.51063163886538e-06
"ENSG00000235033.7","DAAM2-AS1"," lncRNA","chr6",36.2375373134609,-2.71411410433167,0.458929429219536,1.24399992071161e-10,6.36147466020037e-09
"ENSG00000077274.9","CAPN6"," protein_coding","chrX",874.356342236966,-2.70417888178815,0.672980229257969,1.80160980539566e-06,2.81126868157692e-05
"ENSG00000099957.16","P2RX6"," protein_coding","chr22",41.6514817377919,-2.7040180368602,0.578252084652332,1.01188764167595e-07,2.33857209089322e-06
"ENSG00000137960.6","GIPC2"," protein_coding","chr1",386.323878202913,-2.69384663658075,0.366757604667075,7.9252616418734e-15,1.37572290520699e-12
"ENSG00000113594.10","LIFR"," protein_coding","chr5",6852.81692943764,-2.69287494005348,0.301130484788285,1.63426882164424e-20,1.16369945828549e-17
"ENSG00000112964.14","GHR"," protein_coding","chr5",6205.60427745789,-2.69235271657727,0.594810791216243,1.96893031537461e-07,4.1736298683922e-06
"ENSG00000162706.13","CADM3"," protein_coding","chr1",410.143485416621,-2.6880536041658,0.553767660442688,4.15653897970279e-08,1.07030111838236e-06
"ENSG00000153291.16","SLC25A27"," protein_coding","chr6",309.788951475017,-2.67926666147376,0.369001147988698,1.54960053541757e-14,2.44647566883504e-12
"ENSG00000166924.9","NYAP1"," protein_coding","chr7",62.7046021879359,-2.67592383560993,0.322365152453546,3.9938462226586e-18,1.78652934044592e-15
"ENSG00000267304.1","AC004637.1"," lncRNA","chr19",6.99823489680179,-2.66730661405125,0.505909936985561,8.05851930095166e-09,2.52396586112661e-07
"ENSG00000254369.6","HOXA-AS3"," lncRNA","chr7",21.5672360354622,-2.66532841750092,0.355674181454256,3.1506061175752e-15,6.35420797967147e-13
"ENSG00000003096.14","KLHL13"," protein_coding","chrX",1454.07215178414,-2.66478873905397,0.522902815912156,1.20602660705234e-08,3.59262687525698e-07
"ENSG00000278266.1","AC079949.2"," lncRNA","chr12",52.1369989417447,-2.66375937076869,0.464246042523381,3.44960001483779e-10,1.56623677357224e-08
"ENSG00000145936.9","KCNMB1"," protein_coding","chr5",1211.94087943471,-2.66260197406583,0.457903088386316,2.2710407393908e-10,1.07661525051745e-08
"ENSG00000106714.17","CNTNAP3"," protein_coding","chr9",176.524303689312,-2.66181032162902,0.513322301191689,7.7461647488107e-09,2.43892199593179e-07
"ENSG00000180525.13","PRR26"," lncRNA","chr10",52.0491202099897,-2.6586565257558,0.427500759535086,1.82615263778501e-11,1.14804129162084e-09
"ENSG00000136158.12","SPRY2"," protein_coding","chr13",2436.13849507219,-2.65559519988743,0.358295389721344,4.93888929330794e-15,9.06962033330565e-13
"ENSG00000078399.19","HOXA9"," protein_coding","chr7",204.996018157979,-2.65544125838361,0.352749713050276,2.0675995527619e-15,4.34582024068767e-13
"ENSG00000105894.12","PTN"," protein_coding","chr7",4453.59310015785,-2.64936015829729,0.679789478575712,2.97782525668846e-06,4.34725108916808e-05
"ENSG00000112530.11","PACRG"," protein_coding","chr6",63.6413948323886,-2.64780654187549,0.43290495829058,4.09384552919222e-11,2.32257503022839e-09
"ENSG00000154529.15","CNTNAP3B"," protein_coding","chr9",150.152241860719,-2.64102431158062,0.470681672650321,7.61948929223823e-10,3.18004307291249e-08
"ENSG00000226329.2","AC005682.1"," unprocessed_pseudogene","chr7",71.802897285112,-2.63646778098274,0.404782408691648,3.0277871228666e-12,2.42856368974571e-10
"ENSG00000254862.5","LGR4-AS1"," lncRNA","chr11",20.1406128106396,-2.63501410174052,0.412160387005023,5.94696171826387e-12,4.32777779875495e-10
"ENSG00000151623.15","NR3C2"," protein_coding","chr4",957.369673815899,-2.62111105874903,0.316675624777226,5.34096648358116e-18,2.35888179213456e-15
"ENSG00000165795.23","NDRG2"," protein_coding","chr14",12897.63748188,-2.62021692168994,0.261709936043234,5.65287464120263e-25,1.23271530691376e-21
"ENSG00000135046.14","ANXA1"," protein_coding","chr9",25923.0583193953,-2.62012604635636,0.370459959677093,5.94283371537038e-14,7.73699295384283e-12
"ENSG00000230587.2","LINC02580"," lncRNA","chr2",79.3687767308145,-2.61816985779454,0.370850219047812,6.76246903466429e-14,8.72572213530161e-12
"ENSG00000196139.14","AKR1C3"," protein_coding","chr10",2983.56867109936,-2.6110078664212,0.513169741523645,1.25981650056952e-08,3.73143102897887e-07
"ENSG00000246228.6","CASC8"," lncRNA","chr8",41.6896382489866,-2.61027188144051,0.553064169181544,8.06733446331561e-08,1.925289786317e-06
"ENSG00000106511.6","MEOX2"," protein_coding","chr7",1002.34321537143,-2.60921192608036,0.494397415298569,4.67363763623961e-09,1.54274258056799e-07
"ENSG00000188626.6","GOLGA8M"," protein_coding","chr15",12.2995532353893,-2.60121310180179,0.558853270983945,1.22318791909041e-07,2.76055948803256e-06
"ENSG00000286406.1","AC138776.1"," transcribed_unprocessed_pseudogene","chr22",18.6774317605092,-2.58957725872581,0.518736437172243,2.46556237761365e-08,6.7050613341635e-07
"ENSG00000131730.16","CKMT2"," protein_coding","chr5",240.478871837138,-2.58759690517862,0.413815197403055,1.54620242415096e-11,9.91701264357561e-10
"ENSG00000154262.13","ABCA6"," protein_coding","chr17",1340.07128837888,-2.58558178499693,0.459570862601548,6.76905536422098e-10,2.85240471875645e-08
"ENSG00000004846.16","ABCB5"," protein_coding","chr7",111.741771121133,-2.57814208490837,0.536164136653432,5.03368928372023e-08,1.26534908356111e-06
"ENSG00000178722.13","C5orf64"," lncRNA","chr5",24.6842936731008,-2.575366744841,0.497801373368367,8.76010362904028e-09,2.71929515765876e-07
"ENSG00000119138.4","KLF9"," protein_coding","chr9",6563.21189318854,-2.57045632554362,0.301970485882043,6.96974578052828e-19,3.68456666709715e-16
"ENSG00000283031.2","AC009242.1"," lncRNA","chr2",20.2378577241072,-2.56634652571679,0.548913519071374,1.16219657889061e-07,2.63655402042082e-06
"ENSG00000162878.13","PKDCC"," protein_coding","chr2",1750.08172492005,-2.55729589653642,0.601087203325267,6.74702833931796e-07,1.20291551245346e-05
"ENSG00000154330.13","PGM5"," protein_coding","chr9",1492.35116867143,-2.55379489877565,0.379763315898211,6.81496453386135e-13,6.66053018350018e-11
"ENSG00000128422.17","KRT17"," protein_coding","chr17",16137.4538548385,-2.55281637070197,0.895420722378326,0.000101481206381123,0.000875347533212302
"ENSG00000135298.14","ADGRB3"," protein_coding","chr6",45.3048927791423,-2.55252460809313,0.374656791922191,4.17492317561815e-13,4.37439172734213e-11
"ENSG00000147257.15","GPC3"," protein_coding","chrX",4971.3067716459,-2.54978080899599,0.598146755300332,6.30201743213277e-07,1.13203863506448e-05
"ENSG00000111275.13","ALDH2"," protein_coding","chr12",18828.8594490387,-2.54445860191349,0.58104834182718,3.88443351878164e-07,7.48380838784153e-06
"ENSG00000198732.11","SMOC1"," protein_coding","chr14",503.973297504283,-2.54442542571394,0.587220185165123,4.80017499841564e-07,8.9610971572884e-06
"ENSG00000132561.14","MATN2"," protein_coding","chr8",6682.61629494464,-2.53975722602792,0.413280066475519,3.00950499026918e-11,1.75593041163014e-09
"ENSG00000005249.13","PRKAR2B"," protein_coding","chr7",10450.6373110946,-2.53751644426148,0.629822732033408,1.7406606089559e-06,2.73204630261271e-05
"ENSG00000272143.1","FGF14-AS2"," lncRNA","chr13",209.27011096012,-2.53451597544258,0.393642688663754,4.62966645533637e-12,3.49640026608531e-10
"ENSG00000197696.10","NMB"," protein_coding","chr15",833.320414102645,-2.52887131485176,0.555271472995897,1.76001559602492e-07,3.80004357431346e-06
"ENSG00000116678.20","LEPR"," protein_coding","chr1",2434.03079610008,-2.5272395308935,0.496163258988559,1.2458576863886e-08,3.69322179573361e-07
"ENSG00000264345.2","LINC01894"," lncRNA","chr18",21.021221511325,-2.52348515736786,0.377498715362015,1.00243995236359e-12,9.22853097042689e-11
"ENSG00000169933.16","FRMPD4"," protein_coding","chrX",11.2422762775504,-2.52250466362026,0.569310983859834,3.39144548761623e-07,6.6815880580699e-06
"ENSG00000106034.18","CPED1"," protein_coding","chr7",2322.39888547823,-2.51424728509371,0.472711220026693,3.77200003407704e-09,1.26502820765136e-07
"ENSG00000276476.3","LINC00540"," lncRNA","chr13",13.8562129114405,-2.51351969712627,0.596152938663395,8.09634202694406e-07,1.40402320905619e-05
"ENSG00000272701.3","MESTIT1"," lncRNA","chr7",37.2249963067483,-2.51201965711593,0.452798362504109,9.57555206704398e-10,3.88037848050211e-08
"ENSG00000224063.6","AC007319.1"," lncRNA","chr2",12.743052401867,-2.50916895877392,0.444243005582745,5.40736273304132e-10,2.31779229875362e-08
"ENSG00000182836.10","PLCXD3"," protein_coding","chr5",204.611654519509,-2.50840611190916,0.454550277224309,1.243114356004e-09,4.84079274501514e-08
"ENSG00000088992.18","TESC"," protein_coding","chr12",414.10773456225,-2.50759093727602,0.462924045875518,2.28554254318367e-09,8.25008572385275e-08
"ENSG00000105996.7","HOXA2"," protein_coding","chr7",69.37277727783,-2.50091346303294,0.386243181020669,3.98547662123688e-12,3.06969679451603e-10
"ENSG00000169550.14","MUC15"," protein_coding","chr11",411.764012170818,-2.49516302949214,1.16613713033559,0.000555805453003138,0.00362817737338306
"ENSG00000108001.15","EBF3"," protein_coding","chr10",824.133386854145,-2.48611878491515,0.480121991056949,8.34357008506067e-09,2.60389538316504e-07
"ENSG00000122733.12","PHF24"," protein_coding","chr9",60.2091358318746,-2.48190171130834,0.39295891002935,9.89366456105323e-12,6.71595039299044e-10
"ENSG00000101230.6","ISM1"," protein_coding","chr20",1497.45309288153,-2.4817913856674,0.370834364409442,8.53428647242516e-13,8.11361823731297e-11
"ENSG00000010319.7","SEMA3G"," protein_coding","chr3",7362.24897387612,-2.48118267478009,0.465388901927066,3.50694233859266e-09,1.19271394063055e-07
"ENSG00000274312.1","AC015722.2"," lncRNA","chr15",10.0198484915241,-2.47396981071721,0.560659842602614,3.18653438148306e-07,6.3495928671802e-06
"ENSG00000223658.8","C1GALT1C1L"," protein_coding","chr2",58.4128542945381,-2.4670302615861,0.269647192671775,2.11911439663828e-21,1.94573737929227e-18
"ENSG00000116183.11","PAPPA2"," protein_coding","chr1",101.038195331131,-2.46520582702321,0.54699562918029,2.25901968254128e-07,4.72255576653971e-06
"ENSG00000233608.4","TWIST2"," protein_coding","chr2",885.201523655368,-2.45390355467368,0.591890314570593,1.08920941400396e-06,1.81314912519143e-05
"ENSG00000267272.5","LINC01140"," lncRNA","chr1",171.074327998865,-2.44680275182085,0.447257958281384,1.61651342692774e-09,6.09748864637143e-08
"ENSG00000168490.14","PHYHIP"," protein_coding","chr8",276.941189903449,-2.44616591365354,0.392749238364299,1.80115465313977e-11,1.13642110312296e-09
"ENSG00000280916.2","FOXCUT"," lncRNA","chr6",25.9747903140251,-2.43844463988169,0.519128388897478,9.74705049011197e-08,2.26722892433665e-06
"ENSG00000225398.3","PGM5P4"," unprocessed_pseudogene","chr2",13.134902363876,-2.43472839034021,0.546188015897801,2.69218871952237e-07,5.52223142932717e-06
"ENSG00000076706.17","MCAM"," protein_coding","chr11",19777.1094037331,-2.43101440389478,0.42348516947368,3.4564853849148e-10,1.56623677357224e-08
"ENSG00000225914.3","TSBP1-AS1"," lncRNA","chr6",49.7294415526109,-2.42969109685083,0.336161324650152,2.33727755643413e-14,3.41213185027377e-12
"ENSG00000161281.11","COX7A1"," protein_coding","chr19",1461.35044837311,-2.42446090156013,0.577818246998992,8.88846810728918e-07,1.52097862055629e-05
"ENSG00000243836.5","WDR86-AS1"," lncRNA","chr7",120.788791249034,-2.41985025857163,0.5717013988294,7.44894383616519e-07,1.30472439451626e-05
"ENSG00000163827.13","LRRC2"," protein_coding","chr3",164.888130834382,-2.41980663431192,0.42897899073279,6.23082623484554e-10,2.65121656292678e-08
"ENSG00000170145.5","SIK2"," protein_coding","chr11",8730.32741784486,-2.41706559698698,0.400244748531459,5.88317806212088e-11,3.21952735779934e-09
"ENSG00000253649.5","PRSS51"," protein_coding","chr8",48.452249761365,-2.41390646527036,0.55701742403741,5.19020579668292e-07,9.59679228680782e-06
"ENSG00000133401.16","PDZD2"," protein_coding","chr5",4364.12991490736,-2.40942426945228,0.488063773736333,2.79885782905298e-08,7.51770196408679e-07
"ENSG00000185345.23","PRKN"," protein_coding","chr6",305.449603073228,-2.40592169644699,0.262394622716506,1.99605786131718e-21,1.8822825632221e-18
"ENSG00000162733.19","DDR2"," protein_coding","chr1",9167.12014974034,-2.40435618852429,0.487685835600887,2.88777267945144e-08,7.71340110916051e-07
"ENSG00000106823.12","ECM2"," protein_coding","chr9",4428.91051306643,-2.40174253706964,0.531694386828957,2.11468699836091e-07,4.44479181083195e-06
"ENSG00000223756.7","TSSC2"," transcribed_unprocessed_pseudogene","chr11",164.848967400483,-2.40025483188677,0.487594388440425,3.00766786483308e-08,7.98634242556248e-07
"ENSG00000259407.1","AC021739.2"," lncRNA","chr15",33.9253924447856,-2.39866657707827,0.393355620308107,4.06372713480686e-11,2.31300984438085e-09
"ENSG00000198885.10","ITPRIPL1"," protein_coding","chr2",364.866417161131,-2.38692917119265,0.324224514714256,7.24303032661302e-15,1.26993251822038e-12
"ENSG00000081853.15","PCDHGA2"," protein_coding","chr5",232.585753860699,-2.38265874542916,0.367027938176927,3.36904305536107e-12,2.66551658151027e-10
"ENSG00000254847.1","AC009806.1"," lncRNA","chr11",12.6625200459086,-2.37786439737842,0.39851057341539,1.54466699050684e-10,7.74353102956523e-09
"ENSG00000145113.22","MUC4"," protein_coding","chr3",198.564905949113,-2.37766261655243,0.792236242438112,6.91729392381937e-05,0.000636307150793519
"ENSG00000241158.7","ADAMTS9-AS1"," lncRNA","chr3",179.594442126785,-2.37615581591103,0.651496392955859,8.03787111522808e-06,0.000102535399314816
"ENSG00000116741.8","RGS2"," protein_coding","chr1",3580.43239769666,-2.37486139941172,0.486527665037167,3.70755825375189e-08,9.67542371216584e-07
"ENSG00000203930.12","LINC00632"," lncRNA","chrX",161.491519182457,-2.37121801554228,0.52624790966353,2.20869028263366e-07,4.63121470260644e-06
"ENSG00000141485.17","SLC13A5"," protein_coding","chr17",11.5182676152623,-2.36653272052502,0.472061813106401,2.04527043886404e-08,5.69980278613461e-07
"ENSG00000253293.5","HOXA10"," protein_coding","chr7",262.799429820959,-2.36461102011124,0.47589807230191,2.38869225903129e-08,6.51633007113845e-07
"ENSG00000146592.17","CREB5"," protein_coding","chr7",1005.64499164249,-2.36193908985444,0.44862044181044,5.11993849969293e-09,1.6757952550918e-07
"ENSG00000137225.13","CAPN11"," protein_coding","chr6",241.255026863165,-2.36056463607945,0.301226234518112,1.93178909126758e-16,5.52475845765714e-14
"ENSG00000102010.15","BMX"," protein_coding","chrX",273.107454543189,-2.35887560030043,0.403502198062456,1.86945024469497e-10,9.09824809187047e-09
"ENSG00000231826.6","LINC01819"," lncRNA","chr2",264.058383460638,-2.35645610664943,0.76239658743899,5.25128542151022e-05,0.000504467510027294
"ENSG00000144642.22","RBMS3"," protein_coding","chr3",2127.24984337759,-2.34650861482928,0.328798065758219,3.8257738581046e-14,5.25531794028061e-12
"ENSG00000151962.8","RBM46"," protein_coding","chr4",4.24686649270963,-2.34391946275539,0.795404515291263,0.000121985418890544,0.00102263172765737
"ENSG00000116690.13","PRG4"," protein_coding","chr1",1389.56099775722,-2.34356662428264,1.03176426727018,0.000440179464430336,0.00298260464185483
"ENSG00000155970.12","MICU3"," protein_coding","chr8",265.078557961193,-2.34203577473177,0.365124800352345,5.5045660557358e-12,4.06955212871189e-10
"ENSG00000157152.17","SYN2"," protein_coding","chr3",648.805603904846,-2.33945824555,0.586167804568496,2.08349987082196e-06,3.18839447337057e-05
"ENSG00000146374.14","RSPO3"," protein_coding","chr6",462.99046187687,-2.33908590835296,0.338654624196447,1.9429381965248e-13,2.22265759393268e-11
"ENSG00000248309.7","MEF2C-AS1"," lncRNA","chr5",44.0058097981685,-2.33812687532939,0.326459087147451,2.94496077634376e-14,4.12661150391205e-12
"ENSG00000283383.1","AC108477.1"," lncRNA","chr4",11.9223077714265,-2.33436546296884,0.434794409942373,2.85804442739287e-09,9.99198678518685e-08
"ENSG00000285000.1","AC008581.2"," protein_coding","chr5",4.14221346585514,-2.33388987777505,0.952143574683855,0.0003824996802374,0.00264797546491332
"ENSG00000169432.18","SCN9A"," protein_coding","chr2",145.195885784005,-2.33375512860355,0.518568919620133,2.27058030940645e-07,4.74011019665793e-06
"ENSG00000171303.7","KCNK3"," protein_coding","chr2",193.707636257916,-2.33299779428215,0.416592675690976,8.10157615527243e-10,3.35316837050546e-08
"ENSG00000102287.19","GABRE"," protein_coding","chrX",1379.18054571234,-2.3317117275186,0.775269539583514,6.72843656007254e-05,0.00062133631232273
"ENSG00000115353.11","TACR1"," protein_coding","chr2",612.93537115318,-2.32884860208671,0.489445996615414,6.78345060110134e-08,1.64794772783927e-06
"ENSG00000164776.10","PHKG1"," protein_coding","chr7",184.610801961443,-2.32609658753544,0.399751544105324,2.22887612323838e-10,1.06095111617886e-08
"ENSG00000136826.15","KLF4"," protein_coding","chr9",6815.24307377359,-2.32299651823036,0.573977239404767,1.65558853197216e-06,2.61380721579369e-05
"ENSG00000116711.10","PLA2G4A"," protein_coding","chr1",565.579814949251,-2.31899910138182,0.310560244646372,3.30593659830647e-15,6.55383146883585e-13
"ENSG00000106633.17","GCK"," protein_coding","chr7",15.296747802825,-2.31165862788575,0.374668468622673,4.97307897995646e-05,0.000482833726881676
"ENSG00000112293.15","GPLD1"," protein_coding","chr6",409.757494200047,-2.31010616626087,0.682181287001537,2.02791049854539e-05,0.000225696412136355
"ENSG00000167874.7","TMEM88"," protein_coding","chr17",347.447814235961,-2.30736021303318,0.459600392011652,1.82524884123529e-08,5.1734165166158e-07
"ENSG00000131016.17","AKAP12"," protein_coding","chr6",7435.08264880464,-2.3035752281731,0.550748817506965,9.40644932245293e-07,1.60097767468149e-05
"ENSG00000180354.16","MTURN"," protein_coding","chr7",7410.50404452863,-2.30103820014526,0.445348943031141,8.68171821116736e-09,2.69736269016777e-07
"ENSG00000154645.14","CHODL"," protein_coding","chr21",80.5930064981179,-2.30008411579853,0.476850957318801,4.98219819586454e-08,1.25330841565905e-06
"ENSG00000248994.2","AC124852.1"," lncRNA","chr5",198.698124169521,-2.29906384227094,0.494322859331461,1.17811265018974e-07,2.66400054943424e-06
"ENSG00000257219.6","LNCOG"," lncRNA","chr12",39.7416133613188,-2.29900211610288,0.39814462892938,2.83516230179481e-10,1.31719903957287e-08
"ENSG00000228649.9","SNHG26"," lncRNA","chr7",189.729896371716,-2.29725653906232,0.457685955236355,1.9078175956324e-08,5.38557149912702e-07
"ENSG00000174804.4","FZD4"," protein_coding","chr11",9379.40463580263,-2.29447729113444,0.463889865610934,2.68818313367225e-08,7.25393640502387e-07
"ENSG00000282556.3","AC068733.3"," lncRNA","chr11",20.1518253056467,-2.2843495825437,0.477981003985652,7.38043313893762e-08,1.77838876139967e-06
"ENSG00000073282.14","TP63"," protein_coding","chr3",2784.98696313516,-2.28418537706987,0.745814267832692,5.74800271007101e-05,0.000544834454107817
"ENSG00000205611.5","LINC01597"," lncRNA","chr20",13.390041585983,-2.27951694760308,0.475430263221143,6.19697082331922e-08,1.51732287015039e-06
"ENSG00000126218.12","F10"," protein_coding","chr13",347.479924894666,-2.27770057883801,0.443943042246808,1.04261385883746e-08,3.16054215019096e-07
"ENSG00000146530.14","VWDE"," protein_coding","chr7",194.239277749428,-2.27579818240324,0.830596573235957,0.000146363307646242,0.00119066499582304
"ENSG00000184384.14","MAML2"," protein_coding","chr11",2762.59728344505,-2.27563072921155,0.33375659510415,3.66657597770491e-13,3.91224778098171e-11
"ENSG00000238198.2","LRIG2-DT"," lncRNA","chr1",42.4059096272983,-2.27369977936608,0.310583685526232,1.03210031723037e-14,1.71481010326119e-12
"ENSG00000153162.9","BMP6"," protein_coding","chr6",604.154189455445,-2.27111506052041,0.4262474506328,3.63890624297243e-09,1.22790210564363e-07
"ENSG00000166257.9","SCN3B"," protein_coding","chr11",183.5072022464,-2.26769422205974,0.405954525321192,8.74647325657759e-10,3.59027292229704e-08
"ENSG00000260633.1","AC010207.1"," lncRNA","chr3",18.0224738519444,-2.26462409286383,0.452013067613128,2.30366563274287e-08,6.3239337208522e-07
"ENSG00000187824.9","TMEM220"," protein_coding","chr17",489.481313339356,-2.2643247956417,0.289027649099962,1.90624743188341e-16,5.49676687155736e-14
"ENSG00000203876.10","ADD3-AS1"," lncRNA","chr10",21.8505113812208,-2.25260069878462,0.479525204528769,8.62923053108049e-08,2.03985421720819e-06
"ENSG00000197245.6","FAM110D"," protein_coding","chr1",636.711384936496,-2.24947104611408,0.530260573064575,7.37810286940446e-07,1.29296527984124e-05
"ENSG00000152465.18","NMT2"," protein_coding","chr10",2124.87824791703,-2.24927917402262,0.398895757278982,6.39762704790561e-10,2.71556697479896e-08
"ENSG00000182463.16","TSHZ2"," protein_coding","chr20",2451.60933562637,-2.24562165243599,0.364773282942657,2.89234894724612e-11,1.69893850367617e-09
"ENSG00000277851.2","LINC02391"," lncRNA","chr12",21.8226064894438,-2.24238134074239,0.403919382867519,1.00853972684401e-09,4.05402760475973e-08
"ENSG00000065534.19","MYLK"," protein_coding","chr3",15255.6087549513,-2.24074466995298,0.376591314904098,1.02458552833952e-10,5.36768974013424e-09
"ENSG00000129680.16","MAP7D3"," protein_coding","chrX",1120.3722664206,-2.23928959367821,0.392387619016614,4.3472050752412e-10,1.90311583789512e-08
"ENSG00000254602.2","AP000662.1"," lncRNA","chr11",24.8478382365717,-2.23900381721238,0.400600660635964,9.34981697405771e-10,3.80214993055766e-08
"ENSG00000172399.6","MYOZ2"," protein_coding","chr4",9.81332648298685,-2.23865375301747,0.37854229207066,2.07186875502518e-10,9.91626512093055e-09
"ENSG00000259920.1","AC007938.1"," lncRNA","chr7",27.5084885608952,-2.23863120814176,0.406327697593501,1.23110077994155e-09,4.81011616046367e-08
"ENSG00000162772.17","ATF3"," protein_coding","chr1",5072.52245911994,-2.23675585622677,0.520639079699207,5.57279599091691e-07,1.02444902486345e-05
"ENSG00000115596.4","WNT6"," protein_coding","chr2",56.9655018104431,-2.23580095835864,0.551219568884312,1.5790465262016e-06,2.51000056244647e-05
"ENSG00000198483.13","ANKRD35"," protein_coding","chr1",385.332978050538,-2.23498685272588,0.405233024793189,1.29106909164871e-09,4.99963281650557e-08
"ENSG00000141052.18","MYOCD"," protein_coding","chr17",110.05314002411,-2.23078641077214,0.399990109372946,9.24332136085259e-10,3.76322900351817e-08
"ENSG00000149451.18","ADAM33"," protein_coding","chr20",919.908837981156,-2.22769053091985,0.502115671194157,3.11018092397475e-07,6.23662773668982e-06
"ENSG00000146411.6","SLC2A12"," protein_coding","chr6",151.4572670589,-2.22699281629082,0.576304070654903,3.53293112767949e-06,5.04987709856064e-05
"ENSG00000140545.15","MFGE8"," protein_coding","chr15",13885.7340695841,-2.22420620976116,0.235499819752208,1.28003292420935e-22,1.86090119827452e-19
"ENSG00000235172.8","LINC01366"," lncRNA","chr5",19.323595653399,-2.22236827330549,0.446083842427335,2.09910355383332e-08,5.83584239815126e-07
"ENSG00000182885.17","ADGRG3"," protein_coding","chr16",72.6193484683476,-2.22076845114596,0.614734132292623,9.2968558949408e-06,0.000116316921405453
"ENSG00000186462.9","NAP1L2"," protein_coding","chrX",230.101743973595,-2.21943227677097,0.349679492081472,8.91433591710322e-12,6.16126294702132e-10
"ENSG00000072163.20","LIMS2"," protein_coding","chr2",2869.91674951131,-2.21761349147038,0.352856014981456,1.24923756781531e-11,8.30231390069411e-10
"ENSG00000175785.13","PRIMA1"," protein_coding","chr14",413.493953295369,-2.21647588289199,0.359003839542381,2.61586974458358e-11,1.56552849499598e-09
"ENSG00000152580.8","IGSF10"," protein_coding","chr3",931.442787846872,-2.2128291350526,0.566578386172745,2.99554002156452e-06,4.36945597376287e-05
"ENSG00000198838.14","RYR3"," protein_coding","chr15",255.079758421093,-2.21279412315781,0.243391583518678,4.27645854126959e-21,3.55261702293898e-18
"ENSG00000178947.9","SMIM10L2A"," protein_coding","chrX",489.091415685884,-2.21093283393716,0.414168173909059,3.51343822795581e-09,1.19271394063055e-07
"ENSG00000265972.6","TXNIP"," protein_coding","chr1",93197.5256135381,-2.20961597354879,0.363730691887554,4.76287096056467e-11,2.63779889976288e-09
"ENSG00000204403.9","CASP12"," polymorphic_pseudogene","chr11",20.682367502815,-2.2079856868514,0.397146992001234,9.8821187425859e-10,3.9907060769394e-08
"ENSG00000267365.1","KCNJ2-AS1"," lncRNA","chr17",42.8643361965595,-2.20592568047285,0.360118714113918,3.5884898398667e-11,2.06610559410543e-09
"ENSG00000113231.14","PDE8B"," protein_coding","chr5",299.066103758884,-2.20465654179225,0.437676872122222,1.70771968961268e-08,4.88393833526854e-07
"ENSG00000136160.17","EDNRB"," protein_coding","chr13",1807.77852578348,-2.20253451562104,0.357360254617661,2.77191094755034e-11,1.6420160419521e-09
"ENSG00000132170.23","PPARG"," protein_coding","chr3",4282.67786544623,-2.20182728466731,0.712270703730168,5.35208822555226e-05,0.000512955218452636
"ENSG00000229619.4","MBNL1-AS1"," lncRNA","chr3",282.937359423926,-2.20081476917458,0.311757576552074,6.74465763741571e-14,8.72572213530161e-12
"ENSG00000146648.19","EGFR"," protein_coding","chr7",6579.25514088803,-2.19932697002858,0.490136422833409,2.47050289203839e-07,5.11259290664956e-06
"ENSG00000198881.10","ASB12"," protein_coding","chrX",8.99520218479203,-2.19331684083366,0.467684766186257,1.54096335398024e-07,3.38362192471521e-06
"ENSG00000253250.3","C8orf88"," protein_coding","chr8",54.8538728431905,-2.19019840129976,0.395939769536324,1.22002760152394e-09,4.77755140794295e-08
"ENSG00000147251.15","DOCK11"," protein_coding","chrX",3216.57836848036,-2.18908323520303,0.514638000791737,7.1171848391259e-07,1.25607332433961e-05
"ENSG00000158966.16","CACHD1"," protein_coding","chr1",1998.70136868286,-2.18815680265345,0.353290403906028,2.29811289130422e-11,1.39936224939783e-09
"ENSG00000136014.12","USP44"," protein_coding","chr12",65.0534093891531,-2.17864303890923,0.339109395312899,5.64178448987586e-12,4.15290089949913e-10
"ENSG00000127472.11","PLA2G5"," protein_coding","chr1",130.402330332965,-2.1705239969619,0.491146372438787,3.33626422625087e-07,6.59653238324668e-06
"ENSG00000287998.1","AC104232.3"," lncRNA","chr8",12.0722563729254,-2.16795214178104,0.472014012306284,1.76435966965941e-07,3.8047140441339e-06
"ENSG00000250802.7","ZBED3-AS1"," lncRNA","chr5",107.981564222912,-2.16709945462046,0.240861886541298,1.38288536595616e-09,5.3256350224698e-08
"ENSG00000185518.12","SV2B"," protein_coding","chr15",315.576805297615,-2.16272885976595,0.40288043953331,2.93791572595938e-09,1.01794257789919e-07
"ENSG00000127920.6","GNG11"," protein_coding","chr7",4160.3621882692,-2.15912479609185,0.421388877582628,1.08999779547845e-08,3.28988867491683e-07
"ENSG00000122121.11","XPNPEP2"," protein_coding","chrX",228.604887904715,-2.15688712937052,0.655035323986071,2.8154777302957e-05,0.000298949584564051
"ENSG00000234456.8","MAGI2-AS3"," lncRNA","chr7",1614.64816528744,-2.15642586222598,0.299147982536721,2.2374036496076e-14,3.29389243622189e-12
"ENSG00000103647.13","CORO2B"," protein_coding","chr15",658.263126404049,-2.15557072527603,0.343904546417776,1.42617866882835e-11,9.28373133098697e-10
"ENSG00000128016.7","ZFP36"," protein_coding","chr19",26425.4602174202,-2.15152892404308,0.466777299792464,1.56685249257036e-07,3.4339855727558e-06
"ENSG00000177666.17","PNPLA2"," protein_coding","chr11",16049.8966499168,-2.15121436665551,0.506430510291266,7.20152678447139e-07,1.26711281410485e-05
"ENSG00000184347.15","SLIT3"," protein_coding","chr5",7329.80896405773,-2.14400517605572,0.402330567405041,3.6761252516206e-09,1.23568098414542e-07
"ENSG00000165152.9","PGAP4"," protein_coding","chr9",357.416162545867,-2.13815042130421,0.336491666950632,8.21859737485041e-12,5.72365431149513e-10
"ENSG00000025039.15","RRAGD"," protein_coding","chr6",1320.39437236375,-2.13689133584821,0.370984627900707,3.19621648856996e-10,1.47122941296431e-08
"ENSG00000008394.13","MGST1"," protein_coding","chr12",15606.0368765762,-2.134610731712,0.453436673574391,9.77736745876535e-08,2.27276567624105e-06
"ENSG00000154134.15","ROBO3"," protein_coding","chr11",467.744171657905,-2.13156178246406,0.269534568185634,1.05807410021231e-16,3.35611485731888e-14
"ENSG00000134324.12","LPIN1"," protein_coding","chr2",2185.11251686305,-2.13153112147922,0.202313958165144,2.023083178354e-10,9.72278170467621e-09
"ENSG00000109794.13","FAM149A"," protein_coding","chr4",502.131406483778,-2.13113342372461,0.416682975406499,1.16049964657697e-08,3.48759631082834e-07
"ENSG00000186994.11","KANK3"," protein_coding","chr19",577.348540754429,-2.13112778111856,0.500817275698938,6.99334630090877e-07,1.23860327809649e-05
"ENSG00000197576.14","HOXA4"," protein_coding","chr7",17.8644871118868,-2.12053242179353,0.336973224378187,1.35935315411446e-11,8.96582058605062e-10
"ENSG00000118804.8","STBD1"," protein_coding","chr4",290.707091737873,-2.11953985782957,0.524736267085681,1.75496735583183e-06,2.74963401326959e-05
"ENSG00000144655.15","CSRNP1"," protein_coding","chr3",5891.9016941701,-2.11829837038202,0.286659428065279,6.00763207516094e-15,1.08047572543526e-12
"ENSG00000279013.1","AC110774.1"," TEC","chr4",20.546421313711,-2.11285752267371,0.398912455391819,5.78398253504612e-09,1.86514727015059e-07
"ENSG00000263400.8","TMEM220-AS1"," lncRNA","chr17",39.8236407853691,-2.11117332315832,0.274755617327588,6.15670241183237e-16,1.51277115388199e-13
"ENSG00000111716.14","LDHB"," protein_coding","chr12",514.443883597911,-2.11090832275978,0.569672302756139,6.54623740335575e-06,8.57053543116269e-05
"ENSG00000258498.8","DIO3OS"," lncRNA","chr14",240.918992112023,-2.10909276496074,0.72136601143562,8.99934609739182e-05,0.000790922379556922
"ENSG00000198478.8","SH3BGRL2"," protein_coding","chr6",2436.67972783524,-2.10577388910494,0.304619508467747,1.90998070266925e-13,2.19214265450108e-11
"ENSG00000116574.6","RHOU"," protein_coding","chr1",3023.4187107927,-2.1029023426747,0.402421853808355,6.40792222562158e-09,2.04368203267059e-07
"ENSG00000258311.5","AC009779.3"," protein_coding","chr12",56.4431004517593,-2.10283069744056,0.434967813555015,4.72061005349856e-08,1.19612785313448e-06
"ENSG00000136002.20","ARHGEF4"," protein_coding","chr2",476.843691434177,-2.10151753005015,0.47814421936829,3.78640340671216e-07,7.33952229242188e-06
"ENSG00000250334.6","LINC00989"," lncRNA","chr4",43.601513341438,-2.09874038809066,0.494569840462655,7.15297662234237e-07,1.26047730974822e-05
"ENSG00000226953.8","NCKAP5-AS2"," lncRNA","chr2",20.0005300502858,-2.09790667534076,0.363443610133739,3.75197260260415e-10,1.6783343086854e-08
"ENSG00000180875.5","GREM2"," protein_coding","chr1",209.496497747838,-2.09775553277812,0.69645355226649,6.97810631931043e-05,0.000640887358744565
"ENSG00000177627.11","C12orf54"," protein_coding","chr12",18.2417260592944,-2.09534657943436,0.408519579580453,1.18334037569338e-08,3.55012287603764e-07
"ENSG00000170989.10","S1PR1"," protein_coding","chr1",4440.21882949951,-2.08845042469896,0.37398490704127,8.60107379909461e-10,3.54309404869197e-08
"ENSG00000249464.6","LINC01091"," lncRNA","chr4",59.7298567756455,-2.08753670524531,0.328266607297366,7.6565206166542e-12,5.38596090394519e-10
"ENSG00000229847.9","EMX2OS"," lncRNA","chr10",332.742895287136,-2.08482323218248,0.581219745313584,1.01671082308181e-05,0.000125483046792173
"ENSG00000013297.12","CLDN11"," protein_coding","chr3",1105.85537096569,-2.08389442360648,0.383746717304488,2.11159126371061e-09,7.69859255821599e-08
"ENSG00000238120.1","LINC01589"," lncRNA","chr22",15.0841308463047,-2.08354409633716,0.453238363492363,1.63972152912558e-07,3.576299474678e-06
"ENSG00000073464.13","CLCN4"," protein_coding","chrX",357.323220079738,-2.07644427375264,0.40464504407075,1.05145102103088e-08,3.18180204464775e-07
"ENSG00000156298.13","TSPAN7"," protein_coding","chrX",1540.05658373255,-2.07596231060241,0.442492034920569,9.58984307604647e-08,2.23214953146323e-06
"ENSG00000164056.11","SPRY1"," protein_coding","chr4",5835.98462535525,-2.07557789930636,0.373083566906214,1.00243752563109e-09,4.03414621762332e-08
"ENSG00000009694.13","TENM1"," protein_coding","chrX",106.257142097136,-2.07557181904122,0.415899892204611,2.19829358763196e-08,6.07412112324885e-07
"ENSG00000144229.12","THSD7B"," protein_coding","chr2",251.648398984708,-2.07210584564758,0.380937268094277,2.07087287281751e-09,7.61230791815851e-08
"ENSG00000276649.1","AL117335.1"," lncRNA","chr20",26.6996748143984,-2.06575173741598,0.390777001675546,4.79759080080013e-09,1.57917679840299e-07
"ENSG00000185271.9","KLHL33"," protein_coding","chr14",52.4280963824377,-2.06268727904287,0.469216753695157,3.80218697262604e-07,7.3578538913974e-06
"ENSG00000153956.16","CACNA2D1"," protein_coding","chr7",1562.37986791659,-2.06253872491765,0.429324269539816,5.54522739749405e-08,1.37707138167947e-06
"ENSG00000179242.16","CDH4"," protein_coding","chr20",100.318444043866,-2.06205963968088,0.456810868417669,2.31661707690301e-07,4.82849978675168e-06
"ENSG00000115226.10","FNDC4"," protein_coding","chr2",901.066567027097,-2.05781108237505,0.435100517892403,8.12192916005426e-08,1.936994055526e-06
"ENSG00000238290.1","AL034417.2"," lncRNA","chr1",12.9699947097023,-2.05592274375228,0.408008361926386,2.36300940874039e-08,6.46142329783393e-07
"ENSG00000136274.9","NACAD"," protein_coding","chr7",276.73955635956,-2.04866062086678,0.291936079412475,9.16925628348914e-14,1.15496216962895e-11
"ENSG00000003436.16","TFPI"," protein_coding","chr2",2151.26485042485,-2.0471871767933,0.31120406192561,1.89303519996235e-12,1.6149117643493e-10
"ENSG00000134531.10","EMP1"," protein_coding","chr12",24717.2124537247,-2.04673869477554,0.38967959528786,5.16015415761174e-09,1.68579530630366e-07
"ENSG00000164106.8","SCRG1"," protein_coding","chr4",47.8128605487779,-2.0455589421711,0.578720303651934,1.31099416412102e-05,0.000155478916996419
"ENSG00000226237.2","GAS1RR"," lncRNA","chr9",141.773168993344,-2.04496050132333,0.355720189860522,3.49589700752099e-10,1.58204075861757e-08
"ENSG00000248202.2","LINC02234"," lncRNA","chr5",11.1893639549304,-2.04342556018062,0.402465102823538,1.96589316504985e-08,5.52270357663079e-07
"ENSG00000240583.13","AQP1"," protein_coding","chr7",20963.7045288247,-2.04022627984843,0.424969600569804,5.61164675950038e-08,1.39257444584444e-06
"ENSG00000243422.2","RPL23AP49"," transcribed_processed_pseudogene","chr3",9.18937589377908,-2.03753255622338,0.398861187660133,1.65922744286721e-08,4.76086387410196e-07
"ENSG00000234076.1","TPRG1-AS1"," lncRNA","chr3",36.7259598353948,-2.03287067226414,0.526495333151615,3.84291574700568e-06,5.44610777127438e-05
"ENSG00000128268.12","MGAT3"," protein_coding","chr22",765.285398905162,-2.03257330441445,0.486826986954435,1.00278875587367e-06,1.6918908356474e-05
"ENSG00000185920.16","PTCH1"," protein_coding","chr9",719.167935305973,-2.02618509424547,0.329363697326714,3.01819115158004e-11,1.75805855542202e-09
"ENSG00000272482.1","AC254633.1"," lncRNA","chr1",57.4892367220341,-2.02358628618176,0.664265826462092,6.28261704189232e-05,0.000587370823174344
"ENSG00000279026.1","AC005225.4"," TEC","chr14",98.6202157525932,-2.02023265797569,0.417044400146856,4.64243133941754e-08,1.18146660732033e-06
"ENSG00000182636.8","NDN"," protein_coding","chr15",2006.9476283693,-2.01809429339502,0.397802701937527,1.43635966351915e-08,4.20084032018833e-07
"ENSG00000141404.17","GNAL"," protein_coding","chr18",592.730942809313,-2.01346616125526,0.33832169474252,1.04582604800408e-10,5.44346281901171e-09
"ENSG00000173320.12","STOX2"," protein_coding","chr4",392.931083811957,-2.01156250782301,0.289912370417437,1.61378885057465e-13,1.86446048958278e-11
"ENSG00000245025.3","AC107959.1"," lncRNA","chr8",161.809351323817,-2.00770908217965,0.278879533909713,2.42433446260812e-14,3.50985285206887e-12
"ENSG00000074416.14","MGLL"," protein_coding","chr3",14136.0589407593,-2.00741413618399,0.455902653007529,3.75813591461182e-07,7.29689038379083e-06
"ENSG00000184254.17","ALDH1A3"," protein_coding","chr15",1327.72787300497,-2.00398957837427,0.482152742320111,1.08863224754818e-06,1.81305335318394e-05
"ENSG00000078401.7","EDN1"," protein_coding","chr6",1266.57864265603,-2.00165501422289,0.40197627693327,2.33178896069439e-08,6.39610445185441e-07
"ENSG00000180537.13","RNF182"," protein_coding","chr6",40.6781983274092,-1.99773159244417,0.483814137076915,1.23802983570235e-06,2.03180145801933e-05
"ENSG00000165457.14","FOLR2"," protein_coding","chr11",1327.17244543891,-1.99529640790985,0.601748629548357,2.66035097268139e-05,0.000285256010411268
"ENSG00000123360.12","PDE1B"," protein_coding","chr12",877.14470213643,-1.99465879116682,0.538736001812091,6.70403905587678e-06,8.74432249340548e-05
"ENSG00000069431.11","ABCC9"," protein_coding","chr12",1726.90680829355,-1.99453334064459,0.515415450918024,3.51616245251933e-06,5.03002968966182e-05
"ENSG00000213088.12","ACKR1"," protein_coding","chr1",5813.89167283428,-1.99277566100632,0.609331748869392,3.0848585548987e-05,0.000323418869708445
"ENSG00000104055.16","TGM5"," protein_coding","chr15",83.5679068799737,-1.98832533791267,0.66494416777516,7.75279592062918e-05,0.00069915430981306
"ENSG00000177707.11","NECTIN3"," protein_coding","chr3",492.599765513582,-1.97987956176747,0.384183255434094,9.49909649835044e-09,2.92785314420446e-07
"ENSG00000230082.1","PRRT3-AS1"," lncRNA","chr3",70.5195109351891,-1.97929669414036,0.469954412687599,8.69257211867311e-07,1.49184719032279e-05
"ENSG00000157368.11","IL34"," protein_coding","chr16",752.967556426583,-1.97413844783806,0.463605065013551,7.04502594541536e-07,1.24459746967842e-05
"ENSG00000236444.5","UBE2L5"," protein_coding","chr13",19.2953171571698,-1.96922817788113,0.377739059677494,7.11863693397955e-09,2.25182557809139e-07
"ENSG00000185432.12","METTL7A"," protein_coding","chr12",8678.92652573648,-1.96639408782367,0.28027496295952,9.37639466972438e-14,1.17053823387838e-11
"ENSG00000163513.19","TGFBR2"," protein_coding","chr3",17034.0599723777,-1.96600059841058,0.365798660336653,2.92008665183305e-09,1.01277080883804e-07
"ENSG00000127990.19","SGCE"," protein_coding","chr7",2279.90673461402,-1.9647778514635,0.310074674872491,9.34707690826877e-12,6.41985945681901e-10
"ENSG00000182600.9","SNORC"," protein_coding","chr2",249.295214694345,-1.96318486644981,0.609736972085213,3.70065319314503e-05,0.000376331945677712
"ENSG00000122591.12","FAM126A"," protein_coding","chr7",2030.57488517565,-1.95837516027254,0.304542342412264,5.23482102717824e-12,3.90273804400162e-10
"ENSG00000154917.11","RAB6B"," protein_coding","chr3",568.786259081726,-1.95467755484928,0.316309331834645,2.53162191528104e-11,1.5203239285038e-09
"ENSG00000248441.7","LINC01197"," lncRNA","chr15",103.06741114219,-1.95466909622745,0.372868482577177,5.7173423630597e-09,1.84878398878143e-07
"ENSG00000073712.15","FERMT2"," protein_coding","chr14",6868.39606027647,-1.95329565937864,0.403334962011084,4.4713141459845e-08,1.14292030672194e-06
"ENSG00000140009.18","ESR2"," protein_coding","chr14",86.4774038557485,-1.9531624267615,0.442917722512396,3.54925636823201e-07,6.94933243232228e-06
"ENSG00000177469.13","CAVIN1"," protein_coding","chr17",41906.509456457,-1.94791236428903,0.413519348851566,7.85295369032124e-08,1.87926891089848e-06
"ENSG00000169282.18","KCNAB1"," protein_coding","chr3",483.510875126316,-1.94439640160604,0.338045081441708,3.36608921308206e-10,1.53667419089771e-08
"ENSG00000078596.11","ITM2A"," protein_coding","chrX",3368.24005582358,-1.94348778247454,0.347591176411334,8.65265010765855e-10,3.56013696823484e-08
"ENSG00000179314.14","WSCD1"," protein_coding","chr17",247.851006346359,-1.93817889392582,0.402910603480738,5.40153907488453e-08,1.34521841443109e-06
"ENSG00000272914.1","AL359532.1"," lncRNA","chr10",34.0343319724785,-1.93576961402368,0.423557346959579,1.66852862951152e-07,3.62946586111511e-06
"ENSG00000166265.13","CYYR1"," protein_coding","chr21",2525.45186857736,-1.93459360927247,0.288183998537352,7.68335127456407e-13,7.38511871407203e-11
"ENSG00000113578.18","FGF1"," protein_coding","chr5",1854.05601176114,-1.9335304863418,0.387254719325945,2.19873749066043e-08,6.07412112324885e-07
"ENSG00000105997.22","HOXA3"," protein_coding","chr7",210.24873383214,-1.93095982905448,0.445730748533267,5.08608926145861e-07,9.43929470327406e-06
"ENSG00000064218.5","DMRT3"," protein_coding","chr9",103.982105967258,-1.92728566528224,0.63446032868398,6.50826049095886e-05,0.000604739591984143
"ENSG00000119715.15","ESRRB"," protein_coding","chr14",51.2468085488921,-1.92681580040152,0.624831286480102,5.88913137750158e-05,0.000556397733258618
"ENSG00000215237.6","AL592293.1"," unprocessed_pseudogene","chr9",23.2186921629118,-1.9204627130757,0.368878993135818,6.68774663826989e-09,2.1212924359625e-07
"ENSG00000228063.2","LYPLAL1-DT"," lncRNA","chr1",35.6206530555678,-1.91866619689349,0.362951357309884,5.01878312308602e-09,1.64577407845483e-07
"ENSG00000243244.7","STON1"," protein_coding","chr2",981.278759617452,-1.91489187458469,0.438748391446239,4.42839272694411e-07,8.3609875885177e-06
"ENSG00000169744.13","LDB2"," protein_coding","chr4",1913.10878404763,-1.90720010916146,0.328553030417512,2.51340957730161e-10,1.1818783498872e-08
"ENSG00000286039.1","AC093849.2"," lncRNA","chr4",92.9544609022715,-1.90598358112275,0.43489415039371,3.98080982341551e-07,7.65680460577676e-06
"ENSG00000145362.20","ANK2"," protein_coding","chr4",2217.71630974017,-1.90058487874516,0.495348600984185,4.05345403541793e-06,5.70048628576248e-05
"ENSG00000225889.9","AC012368.1"," lncRNA","chr2",93.026070641397,-1.89874592143096,0.378625015590289,1.95447066837102e-08,5.49503916922912e-07
"ENSG00000182902.14","SLC25A18"," protein_coding","chr22",166.810864372708,-1.8974775669193,0.550945484527515,1.71706267419036e-05,0.000195784424069202
"ENSG00000197083.11","ZNF300P1"," transcribed_unprocessed_pseudogene","chr5",126.186072593448,-1.89639646148212,0.376394109923117,1.72734229492663e-08,4.93197217776475e-07
"ENSG00000141431.12","ASXL3"," protein_coding","chr18",67.4319025080021,-1.89591987282304,0.296208893375499,6.25961329214996e-12,4.50317870879184e-10
"ENSG00000168356.13","SCN11A"," protein_coding","chr3",69.303641480431,-1.89452913223394,0.433877116190478,4.33453741939488e-07,8.21490196089661e-06
"ENSG00000259728.5","LINC00933"," transcribed_unprocessed_pseudogene","chr15",62.0547587437211,-1.88707774748755,0.260933284022974,1.90230046845697e-14,2.87881763716737e-12
"ENSG00000229052.2","AL449283.1"," transcribed_processed_pseudogene","chr1",5.41117828035374,-1.88580470066951,0.620649226137021,8.30959618731399e-05,0.000740562249224962
"ENSG00000154240.17","CEP112"," protein_coding","chr17",620.882635670633,-1.88499644014571,0.339226848856487,1.05280672966485e-09,4.20291528658311e-08
"ENSG00000286511.1","Z95118.2"," lncRNA","chr6",38.7413072100286,-1.87138838399049,0.359976476168223,7.33711414525321e-09,2.31464059350841e-07
"ENSG00000120162.10","MOB3B"," protein_coding","chr9",1104.96553255998,-1.8699854298921,0.262162632392634,3.97715498746194e-14,5.4418397908837e-12
"ENSG00000166831.9","RBPMS2"," protein_coding","chr15",478.277623864541,-1.8651191336526,0.504697700848416,7.00141880702577e-06,9.07453579479704e-05
"ENSG00000077157.22","PPP1R12B"," protein_coding","chr1",5790.61925443355,-1.8628982302039,0.229070677255015,1.77801842325729e-17,7.04964100066707e-15
"ENSG00000189056.14","RELN"," protein_coding","chr7",695.852909430742,-1.86079107826057,0.646891317585731,0.000106766526057363,0.000915280309746305
"ENSG00000173530.6","TNFRSF10D"," protein_coding","chr8",371.60836951347,-1.8594824901625,0.313362553297999,1.16082070512812e-10,5.97377510658192e-09
"ENSG00000132688.11","NES"," protein_coding","chr1",7861.02923549013,-1.85834463928706,0.24743461671267,1.83073694749858e-15,3.91878790399834e-13
"ENSG00000120129.6","DUSP1"," protein_coding","chr5",24269.3498715771,-1.85728540446799,0.493103809045272,5.36088532484612e-06,7.2246678203633e-05
"ENSG00000146122.17","DAAM2"," protein_coding","chr6",1715.73157250407,-1.85548314255343,0.421634881095244,3.7804977239629e-07,7.33214819826511e-06
"ENSG00000253368.4","TRNP1"," protein_coding","chr1",580.536528276546,-1.85382546767444,0.456960817981444,1.69770331882539e-06,2.67183430298316e-05
"ENSG00000197872.11","CYRIA"," protein_coding","chr2",1301.27812775828,-1.85036337241858,0.282367646181301,2.26566799419602e-12,1.89118234415056e-10
"ENSG00000163687.14","DNASE1L3"," protein_coding","chr3",223.376997308154,-1.84228984393858,0.53579241593009,1.77505984229972e-05,0.000201410123439608
"ENSG00000135063.19","FAM189A2"," protein_coding","chr9",1967.71965912173,-1.84093713299684,0.594273676596319,5.49310274696198e-05,0.000524233719759985
"ENSG00000140876.11","NUDT7"," protein_coding","chr16",103.327122384853,-1.84004076778718,0.328988989539025,8.56601371455398e-10,3.53282251199176e-08
"ENSG00000054598.9","FOXC1"," protein_coding","chr6",896.755761733235,-1.83743171018728,0.337982044243268,2.08765164639325e-09,7.63641259247741e-08
"ENSG00000259070.7","LINC00639"," lncRNA","chr14",111.575738853609,-1.83493402459818,0.410342543632135,2.70550746821655e-07,5.54303353338482e-06
"ENSG00000162614.19","NEXN"," protein_coding","chr1",973.484376357416,-1.83143317487328,0.319770002160717,3.98418966168278e-10,1.7618803737107e-08
"ENSG00000067113.17","PLPP1"," protein_coding","chr5",2930.11518302388,-1.83108200819857,0.269735994669055,4.60934980768405e-13,4.74409510737181e-11
"ENSG00000115380.20","EFEMP1"," protein_coding","chr2",12013.970093812,-1.8298647204713,0.42893958564607,6.86522278461331e-07,1.21838498564569e-05
"ENSG00000139737.22","SLAIN1"," protein_coding","chr13",211.537100043651,-1.82705944590374,0.403080162300331,2.07464893146474e-07,4.36853203788391e-06
"ENSG00000165084.16","C8orf34"," protein_coding","chr8",87.9271579753714,-1.82606635426744,0.657695083338228,0.000144323697932315,0.0011765416225599
"ENSG00000281392.2","LINC00506"," lncRNA","chr3",42.6680120562825,-1.825720025628,0.330732553195439,1.26747176913832e-09,4.91917213537322e-08
"ENSG00000073792.16","IGF2BP2"," protein_coding","chr3",360.984949574824,-1.82341048707132,0.367570257342565,2.6027611863992e-08,7.04522424783976e-07
"ENSG00000133116.8","KL"," protein_coding","chr13",409.544617059753,-1.8228128351369,0.437919691172001,1.07930964982679e-06,1.80010482753856e-05
"ENSG00000148541.13","FAM13C"," protein_coding","chr10",296.856307972667,-1.81924291167748,0.308794635468248,1.48726590150813e-10,7.49887204761853e-09
"ENSG00000129194.8","SOX15"," protein_coding","chr17",66.500128430117,-1.81784146062341,0.438041489976795,1.18895685720456e-06,1.96326993396707e-05
"ENSG00000231007.5","CDC20P1"," processed_pseudogene","chr9",38.0846741850864,-1.8173560501929,0.365992310891494,2.88940278285884e-08,7.71340110916051e-07
"ENSG00000133027.18","PEMT"," protein_coding","chr17",882.097527890306,-1.81484815767326,0.336109606175029,2.5673172734879e-09,9.13894761526795e-08
"ENSG00000177990.12","DPY19L2"," protein_coding","chr12",148.788974667915,-1.81051620194251,0.313977338029832,3.13552962956978e-10,1.44902999079893e-08
"ENSG00000163590.14","PPM1L"," protein_coding","chr3",1400.46282764433,-1.80819021152801,0.282299103923361,5.95377989568192e-12,4.32777779875495e-10
"ENSG00000126561.17","STAT5A"," protein_coding","chr17",7737.83360823569,-1.80105316204647,0.337803445118332,3.5260601424236e-09,1.19444431484759e-07
"ENSG00000105538.10","RASIP1"," protein_coding","chr19",1622.0042596433,-1.80060574833409,0.388547924019975,1.2906775812354e-07,2.89415369452984e-06
"ENSG00000226833.6","AC092164.1"," lncRNA","chr2",121.568451119999,-1.79634611392737,0.391346359517471,1.63813162275418e-07,3.576299474678e-06
"ENSG00000139946.10","PELI2"," protein_coding","chr14",860.29821966812,-1.79195166096407,0.329368012037953,2.09580902417995e-09,7.64904525760071e-08
"ENSG00000135324.6","MRAP2"," protein_coding","chr6",126.653236397177,-1.7918433433293,0.333634413165801,3.09274488219604e-09,1.0662940877935e-07
"ENSG00000067082.15","KLF6"," protein_coding","chr10",19794.2238547308,-1.79049272070515,0.276692525994727,2.3487625552997e-12,1.95120653135623e-10
"ENSG00000101331.17","CCM2L"," protein_coding","chr20",283.237818318381,-1.7851512095692,0.387520193996583,1.45956021629073e-07,3.22457163297046e-06
"ENSG00000214140.11","PRCD"," protein_coding","chr17",79.1014264046178,-1.78376863450749,0.349715684082677,1.20701113610129e-08,3.59262687525698e-07
"ENSG00000144857.14","BOC"," protein_coding","chr3",2428.99415209255,-1.78100688775934,0.359840457853342,2.79577663440939e-08,7.51521129053761e-07
"ENSG00000274286.2","ADRA2B"," protein_coding","chr2",119.104626627654,-1.77921270749933,0.523512359976653,2.03972154887275e-05,0.00022664944127936
"ENSG00000122863.6","CHST3"," protein_coding","chr10",2384.28116808962,-1.77894533857654,0.357469352996416,2.4380098488158e-08,6.6353043397061e-07
"ENSG00000198932.13","GPRASP1"," protein_coding","chrX",866.600270210237,-1.77840276052752,0.270821680378796,2.10001422236355e-12,1.76966507008601e-10
"ENSG00000234754.2","LINC02817"," lncRNA","chr1",5.42069532788439,-1.77688661533776,0.778535196883582,0.000563605208261255,0.00366948111988122
"ENSG00000109686.19","SH3D19"," protein_coding","chr4",8193.72718715644,-1.77631432776768,0.346130312004363,1.07672624064456e-08,3.25264547725796e-07
"ENSG00000107796.13","ACTA2"," protein_coding","chr10",14581.9849937676,-1.77509748020244,0.343434018904804,8.8128827166886e-09,2.73324702993762e-07
"ENSG00000233554.6","B4GALT1-AS1"," lncRNA","chr9",114.432085695653,-1.77402516466066,0.525559153593565,2.23984366607374e-05,0.000246608978709306
"ENSG00000147113.17","DIPK2B"," protein_coding","chrX",3062.12512395738,-1.77374971390464,0.3553222787561,2.21438011169191e-08,6.11249497444956e-07
"ENSG00000147027.4","TMEM47"," protein_coding","chrX",2662.69531131656,-1.77328975114853,0.285495045039896,2.09802493346882e-11,1.29104387925327e-09
"ENSG00000204136.11","GGTA1"," protein_coding","chr9",976.820391887124,-1.77176496252518,0.331442753319145,3.44233371384221e-09,1.17406124740634e-07
"ENSG00000272505.1","AC104964.3"," lncRNA","chr8",55.1214644894162,-1.76954398320981,0.354049948519331,2.41203667344328e-08,6.56974016964166e-07
"ENSG00000176974.20","SHMT1"," protein_coding","chr17",3206.66670956123,-1.7684005350454,0.435991187421015,1.6933030388544e-06,2.66611174768362e-05
"ENSG00000160191.18","PDE9A"," protein_coding","chr21",703.858325747449,-1.765292605669,0.325849069814334,2.30964613779085e-09,8.32498588777483e-08
"ENSG00000183873.18","SCN5A"," protein_coding","chr3",79.0694411653651,-1.7644295551087,0.698425154538952,0.000283061178642791,0.00206013508219141
"ENSG00000152932.8","RAB3C"," protein_coding","chr5",194.60997143144,-1.76324035998777,0.546595985218068,3.68903546653104e-05,0.000375478811151501
"ENSG00000171867.17","PRNP"," protein_coding","chr20",7720.36202186025,-1.76238351183326,0.340618381226282,9.00635646104738e-09,2.7907707218686e-07
"ENSG00000166856.3","GPR182"," protein_coding","chr12",23.2089885154206,-1.7609842137855,0.539073922226027,3.31955550854039e-05,0.000342873331108594
"ENSG00000255389.1","Z97989.1"," lncRNA","chr6",77.3921579640184,-1.76087447614991,0.325212978412223,2.36199820111905e-09,8.50489981787872e-08
"ENSG00000092421.17","SEMA6A"," protein_coding","chr5",1502.11641506797,-1.758708458598,0.260824458456083,6.44571636716641e-13,6.31734521816863e-11
"ENSG00000157927.17","RADIL"," protein_coding","chr7",298.077501305294,-1.75273601836742,0.331483353473971,4.76575790230863e-09,1.57017997138291e-07
"ENSG00000225670.4","CADM3-AS1"," lncRNA","chr1",114.87725832973,-1.7502786583674,0.548050481912984,4.06092698320746e-05,0.000407388738847302
"ENSG00000090530.10","P3H2"," protein_coding","chr3",843.821865581208,-1.74846724388473,0.231478285701178,1.80245436664711e-15,3.88206390782002e-13
"ENSG00000170919.16","TPT1-AS1"," lncRNA","chr13",893.376611702688,-1.74747035901127,0.248991051677611,9.27017757930634e-14,1.16347397812798e-11
"ENSG00000005513.10","SOX8"," protein_coding","chr16",158.497606112792,-1.74682042046036,0.460002116546177,4.8848733493775e-06,6.6969790189835e-05
"ENSG00000173269.14","MMRN2"," protein_coding","chr10",5584.79331154272,-1.74667210130329,0.389932783777472,2.68201168106614e-07,5.50459232729875e-06
"ENSG00000081818.4","PCDHB4"," protein_coding","chr5",453.404375613739,-1.74315103527237,0.299828097040497,2.44274699363787e-10,1.15331373958077e-08
"ENSG00000180638.19","SLC47A2"," protein_coding","chr17",23.6299178159291,-1.74182501039217,0.440138263450216,2.94309773773421e-06,4.30736674359415e-05
"ENSG00000113369.9","ARRDC3"," protein_coding","chr5",7922.06601242561,-1.73856502829823,0.363466865233008,6.15932423899712e-08,1.51128679340962e-06
"ENSG00000109654.16","TRIM2"," protein_coding","chr4",2241.90271060469,-1.73602934205541,0.346856773924214,2.0281923430974e-08,5.66578535172228e-07
"ENSG00000152672.8","CLEC4F"," protein_coding","chr2",55.2612328179587,-1.73551641145294,0.362780776701277,6.46011202094862e-08,1.57512067451375e-06
"ENSG00000184500.16","PROS1"," protein_coding","chr3",2761.32106766231,-1.73339810606355,0.268921635877953,4.72761382595341e-12,3.5626603456013e-10
"ENSG00000121691.7","CAT"," protein_coding","chr11",13439.7400991301,-1.73129123740501,0.415563314275213,1.04613084191169e-06,1.7531484728694e-05
"ENSG00000277954.1","AC092376.2"," lncRNA","chr16",80.6476192266419,-1.72884245258254,0.26930208383336,5.75237914052832e-12,4.21651807966752e-10
"ENSG00000254122.3","PCDHGB7"," protein_coding","chr5",409.718445600536,-1.72529692493043,0.30872792450143,8.97084838503466e-10,3.67373088030803e-08
"ENSG00000154065.17","ANKRD29"," protein_coding","chr18",778.402253681721,-1.72385106926375,0.403677749492478,6.8493233409038e-07,1.2167460563702e-05
"ENSG00000116016.14","EPAS1"," protein_coding","chr2",23413.5045972659,-1.72244748362218,0.385616269350018,2.91547496988784e-07,5.92451002762706e-06
"ENSG00000184557.4","SOCS3"," protein_coding","chr17",10631.5004377695,-1.72133601135802,0.629530222591508,0.000160772544387978,0.00128806311050308
"ENSG00000164197.12","RNF180"," protein_coding","chr5",466.859912435095,-1.72104777519047,0.289722761329049,1.14326715572371e-10,5.90084827372129e-09
"ENSG00000140538.16","NTRK3"," protein_coding","chr15",886.996662025349,-1.72036919797806,0.569713090554458,7.12904640879782e-05,0.000652688423640422
"ENSG00000272777.1","AC019131.2"," lncRNA","chr4",62.3143072795657,-1.7190470529693,0.25664080123071,8.37375181806992e-13,7.98274794219338e-11
"ENSG00000108947.5","EFNB3"," protein_coding","chr17",509.651383519387,-1.71840959556321,0.552293669678071,5.37961312852055e-05,0.00051509352817566
"ENSG00000253771.6","TPTE2P1"," transcribed_unprocessed_pseudogene","chr13",30.2619228359992,-1.71738277111593,0.269543363343241,7.10443059020687e-12,5.05878954536546e-10
"ENSG00000163762.7","TM4SF18"," protein_coding","chr3",1620.85572689949,-1.71732033661999,0.252780710846616,4.49043908967346e-13,4.64913680349546e-11
"ENSG00000223561.7","AC005165.1"," lncRNA","chr7",16.2278968275395,-1.71686530873617,0.660800711996563,0.000252478833163509,0.0018760349145337
"ENSG00000185038.14","MROH2A"," protein_coding","chr2",4.12469802311516,-1.71523760968976,0.590861388716438,0.000144528070016484,0.00117765737761446
"ENSG00000286923.1","AC004522.5"," lncRNA","chr7",22.1381695787268,-1.71492261361063,0.652941074581058,0.000211879323439963,0.00162125949188495
"ENSG00000105088.8","OLFM2"," protein_coding","chr19",1658.31807157651,-1.71375048041152,0.493471491736523,1.60076805690056e-05,0.000184088326543564
"ENSG00000228436.3","AL139260.1"," lncRNA","chr1",59.1257734811586,-1.71320641516821,0.567313974071515,7.07215033066718e-05,0.000648159698416886
"ENSG00000278931.1","CR381670.1"," unprocessed_pseudogene","chr21",7.38159068324157,-1.7131113287139,0.812467307893775,0.000790251810195871,0.0048475168617342
"ENSG00000159433.12","STARD9"," protein_coding","chr15",1090.64738219363,-1.7116609827085,0.293766806834299,2.23470592232285e-10,1.06227689830744e-08
"ENSG00000142611.17","PRDM16"," protein_coding","chr1",173.13165648738,-1.71151507011555,0.417782690548544,1.42372577204899e-06,2.29446724769336e-05
"ENSG00000221968.9","FADS3"," protein_coding","chr11",2319.63189622364,-1.71047016049285,0.437878707804007,3.12853094942298e-06,4.53688999818442e-05
"ENSG00000235641.5","LINC00484"," lncRNA","chr9",14.9290565209386,-1.70745347768886,0.73344972628921,0.000457816777591613,0.00307896784636642
"ENSG00000176153.12","GPX2"," protein_coding","chr14",221.384729329244,-1.70719939206463,0.736641995650331,0.000457145023462046,0.00307504280193064
"ENSG00000008311.15","AASS"," protein_coding","chr7",1043.38737370367,-1.70713517425274,0.208310245432765,2.22701608437207e-09,8.07721602908794e-08
"ENSG00000205726.15","ITSN1"," protein_coding","chr21",4935.98174810819,-1.7056991375142,0.412769378994762,1.25189549706213e-06,2.05151902657807e-05
"ENSG00000120471.15","TP53AIP1"," protein_coding","chr11",116.931053998405,-1.70457093146203,0.642652882853131,0.000204494679489348,0.00157228379507776
"ENSG00000115705.22","TPO"," protein_coding","chr2",332.897572834847,-1.70315745518272,0.400772842088981,7.51547467520046e-07,1.31435585752118e-05
"ENSG00000276409.5","CCL14"," protein_coding","chr17",78.0934562123774,-1.70078633025549,0.667543249109387,0.000260354470705506,0.00192539801555443
"ENSG00000239405.1","TMED10P2"," processed_pseudogene","chr3",8.12164038572202,-1.70033576063987,0.747406574238246,0.000574422852968418,0.00372462140176939
"ENSG00000166482.12","MFAP4"," protein_coding","chr17",8179.21249114966,-1.69586960936124,0.552131742685407,5.68578014281352e-05,0.000539963404907203
"ENSG00000267107.8","PCAT19"," lncRNA","chr19",575.693986963095,-1.69471495372786,0.366537343709508,1.36702352938022e-07,3.04188890074014e-06
"ENSG00000114378.17","HYAL1"," protein_coding","chr3",384.159843809888,-1.69219871561756,0.430079743262189,2.7955745996482e-06,4.12956788130082e-05
"ENSG00000099864.18","PALM"," protein_coding","chr19",4586.73772664173,-1.69167450881847,0.501600223169413,2.2690610732987e-05,0.00024911834458296
"ENSG00000166148.4","AVPR1A"," protein_coding","chr12",825.175978926525,-1.68998308634026,0.478348054400978,1.29482227079176e-05,0.000154137304163068
"ENSG00000164841.5","TMEM74"," protein_coding","chr8",23.6898245287383,-1.68609823433684,0.478135175172096,1.27843579501859e-05,0.00015244669625425
"ENSG00000154721.15","JAM2"," protein_coding","chr21",2321.33800132953,-1.68596692247028,0.300702773326288,8.03287640431152e-10,3.33183502845442e-08
"ENSG00000137070.18","IL11RA"," protein_coding","chr9",735.612086272486,-1.68507471726927,0.223432320511175,1.96859816248157e-15,4.18819259067953e-13
"ENSG00000164318.18","EGFLAM"," protein_coding","chr5",1464.22348227977,-1.68327209277951,0.291568332822403,3.18861573812799e-10,1.46966963961722e-08
"ENSG00000150048.10","CLEC1A"," protein_coding","chr12",358.821267021359,-1.68202286101786,0.384722264769863,4.33934262287779e-07,8.21954416149995e-06
"ENSG00000108823.16","SGCA"," protein_coding","chr17",70.3645718895279,-1.68144806472969,0.561904561150636,7.69927055645655e-05,0.000695225799651464
"ENSG00000183722.9","LHFPL6"," protein_coding","chr13",5042.33472565822,-1.68057448490849,0.277955552953976,5.9171761305201e-11,3.23092632816865e-09
"ENSG00000162367.11","TAL1"," protein_coding","chr1",354.94234191137,-1.67553279901002,0.377509860046255,3.2241496042484e-07,6.41355780170073e-06
"ENSG00000117525.14","F3"," protein_coding","chr1",3666.24681058939,-1.67403912204987,0.536925399766092,5.42648811805538e-05,0.000518869818928666
"ENSG00000130707.18","ASS1"," protein_coding","chr9",11112.6774191922,-1.67363945686055,0.628323114381558,0.000195579729758402,0.00151667625178644
"ENSG00000174099.12","MSRB3"," protein_coding","chr12",4519.55284790149,-1.67138784908271,0.324676823656793,1.00010069255649e-08,3.05288829956155e-07
"ENSG00000236975.2","LINC02814"," lncRNA","chr1",28.8309809125608,-1.66956948589246,0.500697262792811,2.77861295703115e-05,0.000295665095101476
"ENSG00000169515.8","CCDC8"," protein_coding","chr19",1776.17147613272,-1.66797152894699,0.486363822000366,1.80256909226333e-05,0.00020409086086557
"ENSG00000153551.14","CMTM7"," protein_coding","chr3",1568.77767479242,-1.6651704179893,0.340230100600403,3.43948969598618e-08,9.0298897654367e-07
"ENSG00000112320.12","SOBP"," protein_coding","chr6",455.092349986279,-1.66174098352609,0.322735187367285,9.99656434547050e-09,3.05288829956155e-07
"ENSG00000165495.16","PKNOX2"," protein_coding","chr11",92.3076032047405,-1.65984881643959,0.461956986352902,1.04900850700779e-05,0.000129103900592624
"ENSG00000147872.10","PLIN2"," protein_coding","chr9",5274.04097239939,-1.65903837116235,0.438519363327677,5.07333594272995e-06,6.91190020998792e-05
"ENSG00000115306.16","SPTBN1"," protein_coding","chr2",40721.6647786177,-1.65880917780124,0.359565077216163,1.36208953610354e-07,3.03284403345174e-06
"ENSG00000288045.1","AL352979.4"," lncRNA","chr14",27.1189712532539,-1.65368381179597,0.447257562402744,6.59192441672671e-06,8.61839452493949e-05
"ENSG00000258168.6","AC025569.1"," lncRNA","chr12",36.3392963739702,-1.65256467240953,0.343418778257313,5.66774839251997e-08,1.40250644796748e-06
"ENSG00000159899.15","NPR2"," protein_coding","chr9",839.089090811278,-1.65179052980384,0.329199465951964,1.96936539336875e-08,5.52604977633525e-07
"ENSG00000187800.13","PEAR1"," protein_coding","chr1",1057.92069650871,-1.65100239015624,0.325129661531871,1.44428571880793e-08,4.22048350208772e-07
"ENSG00000052850.8","ALX4"," protein_coding","chr11",359.108537401155,-1.6503222358128,0.818620512027441,0.000849906969605934,0.00515185963803346
"ENSG00000176485.12","PLAAT3"," protein_coding","chr11",11794.243920934,-1.64811995329263,0.550875914447321,7.76838983311254e-05,0.000700017793561802
"ENSG00000111186.13","WNT5B"," protein_coding","chr12",348.861703397614,-1.64784242687852,0.460083090477153,1.12189168469264e-05,0.000136675707997943
"ENSG00000125355.16","TMEM255A"," protein_coding","chrX",394.036480858463,-1.6476461739116,0.331651075737007,2.55063475008403e-08,6.92561844865228e-07
"ENSG00000107104.20","KANK1"," protein_coding","chr9",5218.55406598327,-1.64369812341451,0.288572505083315,4.6668641749511e-10,2.03031867740921e-08
"ENSG00000198774.5","RASSF9"," protein_coding","chr12",349.641638629109,-1.64366318750566,0.371186379482862,3.39980867931425e-07,6.69428468566329e-06
"ENSG00000149591.17","TAGLN"," protein_coding","chr11",23171.4551579883,-1.63859633381384,0.303157799135945,2.50025859506281e-09,8.92901971753702e-08
"ENSG00000148143.13","ZNF462"," protein_coding","chr9",1345.35862064811,-1.6350728810146,0.312421217405328,6.3346401034408e-09,2.02215853475895e-07
"ENSG00000256235.2","SMIM3"," protein_coding","chr5",2996.93560400324,-1.62983067002254,0.496344616041152,3.09052251774848e-05,0.000323539796730892
"ENSG00000165443.12","PHYHIPL"," protein_coding","chr10",36.8077737319411,-1.62695658222361,0.704942752138532,0.000486599269848286,0.0032413010928363
"ENSG00000206075.14","SERPINB5"," protein_coding","chr18",1423.5280501726,-1.62588770960421,1.17171452390831,0.00204783580447948,0.0105884764454792
"ENSG00000165996.14","HACD1"," protein_coding","chr10",135.423035385992,-1.62571068442851,0.275427064916475,4.17841353053942e-11,2.35523467680212e-09
"ENSG00000109339.24","MAPK10"," protein_coding","chr4",1216.91445139199,-1.62530843052233,0.815066242064742,0.000882074311837447,0.00532280436083022
"ENSG00000154133.15","ROBO4"," protein_coding","chr11",2593.80591147949,-1.62422259979781,0.415554386797604,3.01950131320074e-06,4.40072766578475e-05
"ENSG00000176597.12","B3GNT5"," protein_coding","chr3",457.042831051864,-1.62106643730657,0.32182227197937,1.78637615167046e-08,5.0756067026005e-07
"ENSG00000198075.10","SULT1C4"," protein_coding","chr2",274.604017605187,-1.62082973412317,0.24089645431919,6.97859370065871e-13,6.80139979915316e-11
"ENSG00000171056.8","SOX7"," protein_coding","chr8",636.4636095293,-1.62036150897805,0.502181003637017,3.74640693377088e-05,0.000380098529590578
"ENSG00000184785.6","SMIM10"," protein_coding","chrX",374.192301415271,-1.61929019128647,0.369818428639106,4.26319651660627e-07,8.10611387797872e-06
"ENSG00000154553.16","PDLIM3"," protein_coding","chr4",3150.24609605673,-1.61901548403029,0.50179158765797,3.63006263442594e-05,0.000369908047248118
"ENSG00000091137.14","SLC26A4"," protein_coding","chr7",99.9652452656683,-1.61630810276242,0.459049831492292,1.3664964398435e-05,0.000161075767846552
"ENSG00000119185.13","ITGB1BP1"," protein_coding","chr2",4488.63240091283,-1.61602378863935,0.456918889915573,1.28651923458781e-05,0.000153253474271094
"ENSG00000081377.17","CDC14B"," protein_coding","chr9",1401.84938794007,-1.61424947273442,0.225643382753889,3.69296144494473e-14,5.11313959426851e-12
"ENSG00000151491.14","EPS8"," protein_coding","chr12",4485.32377600775,-1.61343175383377,0.286940246289928,7.44445948909377e-10,3.11071420399965e-08
"ENSG00000111879.20","FAM184A"," protein_coding","chr6",333.756982440103,-1.61181097545258,0.369686761434387,4.67280027622754e-07,8.76081001815449e-06
"ENSG00000169291.10","SHE"," protein_coding","chr1",1129.52022176367,-1.61174364138585,0.387028839380812,1.08509824637872e-06,1.8080307026934e-05
"ENSG00000169991.11","IFFO2"," protein_coding","chr1",3365.5541083778,-1.61126779223031,0.434775192242169,6.71941479030644e-06,8.76110244576166e-05
"ENSG00000107611.16","CUBN"," protein_coding","chr10",236.799431178997,-1.60838810626213,0.333266744444765,5.1424217168496e-08,1.28896721352442e-06
"ENSG00000102760.13","RGCC"," protein_coding","chr13",2313.33294428092,-1.6079843800841,0.451745358264153,1.13381601801212e-05,0.000137935755524619
"ENSG00000196169.15","KIF19"," protein_coding","chr17",118.666472929284,-1.607051283304,0.700446857037243,0.000483692560566619,0.0032262506462875
"ENSG00000153993.13","SEMA3D"," protein_coding","chr7",510.942329109167,-1.60605596117946,0.538633404531421,8.11569789165276e-05,0.000726622568995782
"ENSG00000158555.15","GDPD5"," protein_coding","chr11",2273.27642656204,-1.60420795138466,0.46544030068144,1.72474121720069e-05,0.000196403217393437
"ENSG00000163239.12","TDRD10"," protein_coding","chr1",113.153872555186,-1.6015332593505,0.535786845172286,7.77905335714338e-05,0.000700797703806067
"ENSG00000120279.6","MYCT1"," protein_coding","chr6",1340.65533268806,-1.60058240828155,0.40017087799017,2.10634475151853e-06,3.21911847241493e-05
"ENSG00000232742.3","RHOQP2"," processed_pseudogene","chr2",20.0996285156478,-1.59385199118331,0.58987836233336,0.000179723529910482,0.0014110561840924
"ENSG00000069122.19","ADGRF5"," protein_coding","chr6",4809.44978730879,-1.59344892317926,0.374055353250527,7.20852292760561e-07,1.26770450336234e-05
"ENSG00000127528.6","KLF2"," protein_coding","chr19",4509.36465416928,-1.59162324742685,0.564914409372628,0.000127110185197963,0.00105822034639516
"ENSG00000077782.21","FGFR1"," protein_coding","chr8",9041.30922008742,-1.59161772267187,0.27950411635818,4.88028533422896e-10,2.11525510057867e-08
"ENSG00000131943.18","C19orf12"," protein_coding","chr19",2725.5115797076,-1.59135802872946,0.380720540495264,9.91446303382744e-07,1.67680819056361e-05
"ENSG00000186105.8","LRRC70"," protein_coding","chr5",46.6673015332077,-1.5912092810729,0.452035952322377,1.33866923090727e-05,0.000158276882872197
"ENSG00000109472.14","CPE"," protein_coding","chr4",7100.40909750891,-1.59083617644064,0.254857400229666,1.66041445942059e-11,1.05525538986601e-09
"ENSG00000176014.13","TUBB6"," protein_coding","chr18",5874.28211655639,-1.59065478675476,0.423076777637597,5.61228306339019e-06,7.51701222129548e-05
"ENSG00000267440.2","LINC02594"," lncRNA","chr17",4.75239474210105,-1.59065470226397,0.867672745012144,0.0013422934982337,0.00749823286053026
"ENSG00000185022.12","MAFF"," protein_coding","chr22",1942.23617131347,-1.58926408168506,0.308391878140219,9.430253403694e-09,2.90920399211572e-07
"ENSG00000181585.7","TMIE"," protein_coding","chr3",30.6447356633286,-1.58684114233008,0.355893780919015,2.87415626260994e-07,5.85418483121561e-06
"ENSG00000155966.14","AFF2"," protein_coding","chrX",144.416708748774,-1.58622922974836,0.475434336546391,2.62361962770743e-05,0.000281837168812623
"ENSG00000231419.6","LINC00689"," lncRNA","chr7",25.6203144287799,-1.58203039814363,0.550571591918067,0.0001163243075856,0.000984158927247614
"ENSG00000118004.18","COLEC11"," protein_coding","chr2",72.0579582252548,-1.58071447928111,0.689608425246279,0.000491204356675702,0.00326449737309941
"ENSG00000122971.9","ACADS"," protein_coding","chr12",2898.837245475,-1.58030011790428,0.489582838925939,3.7405205631482e-05,0.000379722150040163
"ENSG00000232284.7","GNG12-AS1"," lncRNA","chr1",77.4064582843042,-1.57971536691285,0.287783093583278,1.67521174547182e-09,6.28492613024273e-08
"ENSG00000174059.17","CD34"," protein_coding","chr1",10403.9110730339,-1.57963758226377,0.397265127195411,2.31163499277785e-06,3.49156954688364e-05
"ENSG00000186951.16","PPARA"," protein_coding","chr22",1496.8938835846,-1.5782557419401,0.31557672158021,2.12110046212747e-08,5.88761465585438e-07
"ENSG00000172458.4","IL17D"," protein_coding","chr13",163.78724650254,-1.57458958200291,0.567158977630098,0.00014755321470399,0.00119866803591081
"ENSG00000143344.16","RGL1"," protein_coding","chr1",2392.63655875612,-1.57086952871033,0.33393810964104,9.44596554765254e-08,2.20306941125097e-06
"ENSG00000221818.9","EBF2"," protein_coding","chr8",592.975699716157,-1.56925876906744,0.501216368788126,5.12721789923462e-05,0.000495550580947909
"ENSG00000118495.20","PLAGL1"," protein_coding","chr6",1288.38948427929,-1.56871761448503,0.365094644294674,6.15388128743168e-07,1.10963861498594e-05
"ENSG00000142871.18","CCN1"," protein_coding","chr1",20141.3197229373,-1.56599587435066,0.437406625150253,1.10035370669856e-05,0.000134568668701084
"ENSG00000171992.13","SYNPO"," protein_coding","chr5",11381.9627185927,-1.56501875773863,0.418143309323636,5.95973430181613e-06,7.91252243244545e-05
"ENSG00000075213.11","SEMA3A"," protein_coding","chr7",371.474284134397,-1.56343174768183,0.50385731903015,5.60135245497796e-05,0.000532960972202444
"ENSG00000149231.15","CCDC82"," protein_coding","chr11",1034.98002731562,-1.56012174649553,0.280802740991969,1.08201489773529e-09,4.30474136794549e-08
"ENSG00000036530.9","CYP46A1"," protein_coding","chr14",96.0364223573134,-1.55864136565411,0.422903634171907,7.46105591905624e-06,9.598956566069e-05
"ENSG00000233117.4","LINC00702"," lncRNA","chr10",286.143525207362,-1.55768398185916,0.478660650012997,3.47844809428965e-05,0.000356750536325279
"ENSG00000196781.16","TLE1"," protein_coding","chr9",2451.12161932977,-1.5573857033439,0.373224316254376,1.05316822579703e-06,1.76324820375644e-05
"ENSG00000171914.16","TLN2"," protein_coding","chr15",4890.44218646324,-1.55423995062628,0.434522712252735,1.11867637053073e-05,0.000136331600573481
"ENSG00000122644.13","ARL4A"," protein_coding","chr7",1519.08017130773,-1.55235418037794,0.270362440334736,3.77431457649322e-10,1.68401035662948e-08
"ENSG00000152583.12","SPARCL1"," protein_coding","chr4",34516.3587185682,-1.54844069144522,0.305459745318584,1.51616739155311e-08,4.40838303822328e-07
"ENSG00000274340.1","AC032011.1"," lncRNA","chr15",21.1436523356866,-1.5464151421863,0.650432137624599,0.000432659215837976,0.00294095318523336
"ENSG00000142910.16","TINAGL1"," protein_coding","chr1",4527.44844920893,-1.54553974639431,0.415462443298174,6.54095941200582e-06,8.57053543116269e-05
"ENSG00000103184.12","SEC14L5"," protein_coding","chr16",56.2119435396394,-1.54535970013717,0.503353861342614,6.42193695481256e-05,0.000598097712393419
"ENSG00000274031.1","AC092140.2"," lncRNA","chr16",8.87849240393934,-1.54410766777356,0.725557138954707,0.000777510899374059,0.00478054532257514
"ENSG00000234722.5","LINC01287"," lncRNA","chr7",6.30048832840351,-1.54179010102491,0.669587872940607,0.000572307109283632,0.00371366326018509
"ENSG00000126838.10","PZP"," protein_coding","chr12",28.5044749155711,-1.5400171018432,0.419712247960008,7.65152487849245e-06,9.80880608294995e-05
"ENSG00000147526.20","TACC1"," protein_coding","chr8",11216.2677322707,-1.53642545899615,0.436351738801871,1.36881994383845e-05,0.000161295159272096
"ENSG00000196569.13","LAMA2"," protein_coding","chr6",3898.81175438403,-1.53538608124962,0.554531082151249,0.000149754951534229,0.00121413379801605
"ENSG00000101311.16","FERMT1"," protein_coding","chr20",242.409652351105,-1.53536510422979,0.647602468331584,0.00041697416944443,0.00284748000351116
"ENSG00000129467.14","ADCY4"," protein_coding","chr14",1317.34299778703,-1.5351658294914,0.362785360325991,8.20158433894457e-07,1.41945178159779e-05
"ENSG00000156689.7","GLYATL2"," protein_coding","chr11",552.271480461298,-1.53412628250131,0.918821216500476,0.00151410161422648,0.00827644045464144
"ENSG00000166682.13","TMPRSS5"," protein_coding","chr11",54.7870522295745,-1.53048197247691,0.478204651290431,4.11006365529454e-05,0.000411844431352332
"ENSG00000121898.13","CPXM2"," protein_coding","chr10",2853.92994753293,-1.53006836555117,0.42417433709327,1.0040807347654e-05,0.000124143801972713
"ENSG00000164687.11","FABP5"," protein_coding","chr8",656.689783468485,-1.52986218835971,0.612263865135583,0.00030552551572965,0.002195693258357
"ENSG00000142677.4","IL22RA1"," protein_coding","chr1",94.7468162538404,-1.52850256560944,0.46017782150898,2.8540705296017e-05,0.000302586979180592
"ENSG00000236548.2","RNF217-AS1"," lncRNA","chr6",49.4410861173987,-1.52840323156642,0.427372251872525,1.10281380667892e-05,0.000134822272350505
"ENSG00000149289.11","ZC3H12C"," protein_coding","chr11",629.284101797715,-1.52818399714384,0.373024674686238,1.42000566524057e-06,2.28962442181898e-05
"ENSG00000183638.6","RP1L1"," protein_coding","chr8",21.8229183579859,-1.52742877697424,0.353868694110236,6.12476724691142e-07,1.10614505916003e-05
"ENSG00000198756.12","COLGALT2"," protein_coding","chr1",131.100453539703,-1.52586315641093,0.431749456668832,1.32784872263271e-05,0.00015715729233846
"ENSG00000087903.13","RFX2"," protein_coding","chr19",861.382985602359,-1.52512743486601,0.423119387026901,1.01956178460171e-05,0.000125790418057066
"ENSG00000255398.3","HCAR3"," protein_coding","chr12",50.102056264778,-1.52347527519632,0.47061015703445,3.56159137205672e-05,0.000363834829350552
"ENSG00000181804.15","SLC9A9"," protein_coding","chr3",767.060392812549,-1.52295325972174,0.377698368831007,1.83125960939679e-06,2.85115926066325e-05
"ENSG00000266601.1","AC018521.6"," lncRNA","chr17",35.2275186053868,-1.51949491482764,0.229765948724501,1.94878841973322e-12,1.65036836778912e-10
"ENSG00000231999.7","LRRC8C-DT"," lncRNA","chr1",125.95155507673,-1.51835961609815,0.234080738903434,3.55012353778198e-12,2.78980541344034e-10
"ENSG00000167992.13","VWCE"," protein_coding","chr11",98.4508271616924,-1.51831088268432,0.47514458906085,4.12423448223975e-05,0.000412908652280709
"ENSG00000119729.12","RHOQ"," protein_coding","chr2",5198.436738639,-1.51582783925652,0.393887240270847,3.87436985414802e-06,5.48177772023838e-05
"ENSG00000135333.14","EPHA7"," protein_coding","chr6",79.545062852522,-1.51545022094363,0.473467188460311,4.19449224073821e-05,0.00041850165505175
"ENSG00000226026.6","AC092802.1"," lncRNA","chr1",29.2986440544921,-1.51306172107461,0.301115150350909,2.04076017706194e-08,5.69177964331481e-07
"ENSG00000205562.3","AL049775.1"," lncRNA","chr14",14.7734966437167,-1.50941946265987,0.553608514519658,0.000174717849582891,0.00137764530842862
"ENSG00000203685.10","STUM"," protein_coding","chr1",310.512501037499,-1.50812314203951,0.454418520839853,2.81080586645585e-05,0.000298572380105101
"ENSG00000234779.1","BNC2-AS1"," lncRNA","chr9",16.2077413311208,-1.50726583555407,0.657792000817424,0.00049018232465099,0.00325999572148311
"ENSG00000079819.19","EPB41L2"," protein_coding","chr6",7104.33469200816,-1.50441634411665,0.348150913537726,5.34350454570882e-07,9.86456175155167e-06
"ENSG00000224468.3","LAMC1-AS1"," lncRNA","chr1",14.9739812388065,-1.50304626698927,0.557433510042263,0.000201440854871222,0.00155359700868961
"ENSG00000105376.5","ICAM5"," protein_coding","chr19",56.492363262707,-1.50167227302696,0.649640981052007,0.000486761447706422,0.00324176248748325
"ENSG00000248275.2","TRIM52-AS1"," lncRNA","chr5",529.056457797992,-1.49962728230197,0.29819413362899,1.87345355872435e-08,5.29713680044177e-07
"ENSG00000070371.16","CLTCL1"," protein_coding","chr22",251.028024735144,-1.49820499494817,0.332863596696947,2.45167088156022e-07,5.07663197201884e-06
"ENSG00000106829.20","TLE4"," protein_coding","chr9",1145.42129414465,-1.4981289701918,0.350654464608434,6.90559957706404e-07,1.22430525835031e-05
"ENSG00000280594.1","BTG3-AS1"," lncRNA","chr21",24.4141173453597,-1.49605747637728,0.353273716522145,8.98019657117937e-07,1.53516922373846e-05
"ENSG00000227176.1","NSA2P5"," processed_pseudogene","chr2",5.94204135995824,-1.49505778834045,0.618195644216366,0.000485559826998845,0.00323561266688631
"ENSG00000226530.2","AL158055.1"," lncRNA","chrX",27.1876505019748,-1.49458888703036,0.893946715323791,0.0016059109894064,0.00868366658277057
"ENSG00000184304.16","PRKD1"," protein_coding","chr14",615.949193451317,-1.49352122655148,0.328453759430806,1.99169983304934e-07,4.21677177639105e-06
"ENSG00000286458.1","AC083870.1"," lncRNA","chr7",6.44630381723765,-1.49332494806591,0.602444778226067,0.000348252932045641,0.00244533971664408
"ENSG00000251396.7","LINC01301"," lncRNA","chr8",83.8053756644019,-1.48912008763701,0.357902030640127,1.11084694889185e-06,1.8417732873508e-05
"ENSG00000167711.14","SERPINF2"," protein_coding","chr17",466.678252698742,-1.48629295643221,0.544464805324325,0.00016972905757103,0.00134785379050122
"ENSG00000204618.8","RNF39"," protein_coding","chr6",465.281563187052,-1.47995275693013,0.707486884810309,0.00075857172496387,0.00468365352251184
"ENSG00000026025.16","VIM"," protein_coding","chr10",57581.1618675919,-1.47890468449381,0.482949912236252,6.37929261924066e-05,0.000594656422062318
"ENSG00000163492.15","CCDC141"," protein_coding","chr2",52.9006389010937,-1.47605590963985,0.521619222185801,0.000129537693371597,0.00107330792197302
"ENSG00000148483.9","TMEM236"," protein_coding","chr10",24.0727566814573,-1.47564946764457,0.579307546132642,0.000279762185682462,0.00203910223953348
"ENSG00000260306.1","AC092375.2"," lncRNA","chr16",12.4402932430711,-1.4688712677463,0.722943416762371,0.000897115751282089,0.00539676994447989
"ENSG00000079337.16","RAPGEF3"," protein_coding","chr12",1945.88860567581,-1.46220766050272,0.303410399430119,5.43506591972523e-08,1.35260260346029e-06
"ENSG00000079739.17","PGM1"," protein_coding","chr1",6065.06901463995,-1.46013989444538,0.385197358899488,4.98274049978066e-06,6.80628606156911e-05
"ENSG00000122035.7","RASL11A"," protein_coding","chr13",607.323396265621,-1.4589311158823,0.391696752357924,6.44757239680554e-06,8.47634696672729e-05
"ENSG00000143382.15","ADAMTSL4"," protein_coding","chr1",1188.49129343854,-1.45799743815185,0.643397394266322,0.000529611030251997,0.00347808024540692
"ENSG00000187323.12","DCC"," protein_coding","chr18",13.9127070256809,-1.45761508439582,0.478092979237146,7.28260566658921e-05,0.000663786296533344
"ENSG00000272636.4","DOC2B"," protein_coding","chr17",1378.98230278306,-1.45754838100546,0.410723249762091,1.25248627458004e-05,0.000149813159432199
"ENSG00000260423.2","LINC02367"," lncRNA","chr12",20.8058926676845,-1.45744627868241,0.421024915347228,1.72652564184859e-05,0.000196542271353145
"ENSG00000272691.1","AC092807.2"," lncRNA","chr1",4.86368331630858,-1.45690449529677,0.487677617131866,0.000106329514312394,0.000912206315189018
"ENSG00000269067.2","ZNF728"," protein_coding","chr19",19.9516598827452,-1.45210307209104,0.461046126852017,5.22694270517288e-05,0.000502544111122036
"ENSG00000246548.3","LINC02288"," lncRNA","chr14",17.0913902852444,-1.45046300114065,0.598731829160477,0.000382131720178603,0.00264647833440882
"ENSG00000227755.1","AP000344.1"," transcribed_processed_pseudogene","chr22",23.7051509659449,-1.45002075129685,0.641185252565757,0.000564521693104314,0.00367270676750002
"ENSG00000148468.17","FAM171A1"," protein_coding","chr10",1588.83405920986,-1.4496023633641,0.323744898257008,2.75945884888484e-07,5.64693716694669e-06
"ENSG00000264017.2","RN7SL336P"," misc_RNA","chr6",5.11561875211218,-1.44649929785768,0.625467579037405,0.000595144729709718,0.00383320315062967
"ENSG00000111077.18","TNS2"," protein_coding","chr12",11002.0426645423,-1.44589182100074,0.374575539089068,3.8591683540149e-06,5.46470142207524e-05
"ENSG00000286622.1","AC034111.2"," lncRNA","chr8",5.59563510764621,-1.44500740880067,0.64756002274153,0.000617635408983673,0.00395411322107327
"ENSG00000119865.9","CNRIP1"," protein_coding","chr2",1100.9036063963,-1.44463624862157,0.436052111740786,2.82950707898368e-05,0.000300256482642395
"ENSG00000214575.9","CPEB1"," protein_coding","chr15",97.1963626723413,-1.44460234612613,0.411187458156365,1.42594740701282e-05,0.000166848257912158
"ENSG00000146072.6","TNFRSF21"," protein_coding","chr6",3234.41570760284,-1.44324516149041,0.308829987205659,1.09116710526835e-07,2.49979720747983e-06
"ENSG00000159176.14","CSRP1"," protein_coding","chr1",28391.9031819999,-1.44224875462291,0.274736938817324,5.90711446429165e-09,1.89783729994107e-07
"ENSG00000253520.1","AC136628.3"," processed_pseudogene","chr5",43.9523434596257,-1.44183223163685,0.28059095539617,1.09950631463612e-08,3.31571951806126e-07
"ENSG00000168994.14","PXDC1"," protein_coding","chr6",2644.84011428171,-1.44149355358645,0.280386959148279,1.01459125527896e-08,3.08632114105826e-07
"ENSG00000223804.5","AC244669.1"," transcribed_unprocessed_pseudogene","chr1",88.9986789691604,-1.44024293614933,0.365071561959415,2.70960260264243e-06,4.01958947316314e-05
"ENSG00000215548.2","FRG1JP"," unprocessed_pseudogene","chr9",46.9642521751558,-1.43632117174269,0.550013445228523,0.000235396916466981,0.00177162075333249
"ENSG00000272690.6","LINC02018"," lncRNA","chr3",29.7492517233566,-1.42969362358724,0.291475976659192,3.89808807283721e-08,1.01271921779124e-06
"ENSG00000152284.5","TCF7L1"," protein_coding","chr2",2422.61975542884,-1.4280670059642,0.361380077976449,2.67865472237986e-06,3.98214494753114e-05
"ENSG00000176720.6","BOK"," protein_coding","chr2",4819.38849538787,-1.42762022882465,0.500248207748963,0.000120216761054555,0.001010475309553
"ENSG00000112276.14","BVES"," protein_coding","chr6",238.028737867672,-1.42681648992825,0.250033993332452,4.65691277904374e-10,2.02851864885911e-08
"ENSG00000251600.8","AC107223.1"," lncRNA","chr4",18.1012504174178,-1.42532319039015,0.318701727915813,3.26270930730644e-07,6.47549433681622e-06
"ENSG00000261707.1","AC092134.1"," lncRNA","chr16",8.36120018217174,-1.42490193272275,0.429925433496925,3.16283368662037e-05,0.000329219660381478
"ENSG00000261371.6","PECAM1"," protein_coding","chr17",20895.364644892,-1.4245832332477,0.40842299889809,1.50159217475404e-05,0.000174008758861826
"ENSG00000287811.1","AL391840.3"," lncRNA","chr6",22.9371750282501,-1.42379543313711,0.295426612566597,6.34541992398752e-08,1.54945566195774e-06
"ENSG00000134627.12","PIWIL4"," protein_coding","chr11",161.820904574989,-1.42253434718916,0.314657030698602,2.25265638058133e-07,4.71207636539948e-06
"ENSG00000189320.9","FAM180A"," protein_coding","chr7",196.530316476211,-1.42142975761014,0.262677392700242,2.44762119946493e-09,8.75896936108011e-08
"ENSG00000267131.1","AC005746.2"," lncRNA","chr17",4.9314039601917,-1.42114291886818,0.51586475724409,0.000211981117022028,0.00162126987155098
"ENSG00000185950.9","IRS2"," protein_coding","chr13",4536.29216794032,-1.42018729092254,0.459519673440243,5.71078086583623e-09,1.84837528005465e-07
"ENSG00000255362.1","LINC02761"," lncRNA","chr11",14.7125844411935,-1.41892608311499,0.632934457684233,0.000585617132348046,0.00378665073475828
"ENSG00000273091.1","AP000255.1"," lncRNA","chr21",13.2432291264348,-1.41880021593859,0.318193004081179,3.3783701944693e-07,6.65958838730104e-06
"ENSG00000160145.15","KALRN"," protein_coding","chr3",1252.26319548348,-1.41794912953849,0.322646164375447,3.88391894924521e-07,7.48380838784153e-06
"ENSG00000144476.6","ACKR3"," protein_coding","chr2",3504.97380602501,-1.4165855211322,0.570462621346175,0.000321831800764764,0.00229354578259321
"ENSG00000164035.10","EMCN"," protein_coding","chr4",2342.20906062073,-1.41642154188675,0.352677108728443,2.102924836122e-06,3.21530019531694e-05
"ENSG00000071205.12","ARHGAP10"," protein_coding","chr4",1529.69848487338,-1.41523522059627,0.360258490016907,2.92440941809727e-06,4.2908145082772e-05
"ENSG00000212719.13","LINC02693"," lncRNA","chr17",580.772236636299,-1.409215252611,0.326969514722302,5.89756202591478e-07,1.07284586364021e-05
"ENSG00000138772.13","ANXA3"," protein_coding","chr4",2417.93309598228,-1.40900243796932,0.392386351416431,1.08015626789797e-05,0.000132377001556825
"ENSG00000255248.9","MIR100HG"," lncRNA","chr11",1228.60369154692,-1.40894032509482,0.334857643001703,9.22477863509166e-07,1.57449184883001e-05
"ENSG00000134775.15","FHOD3"," protein_coding","chr18",882.913190885921,-1.40810892252376,0.476322554493985,8.96465377433771e-05,0.000788668015230502
"ENSG00000124212.6","PTGIS"," protein_coding","chr20",3262.63326113654,-1.40685339456448,0.558095617409888,0.000293549363247959,0.00212274214157192
"ENSG00000113580.15","NR3C1"," protein_coding","chr5",6227.72961683997,-1.40405490383518,0.234416033011026,8.52442358796017e-11,4.52014686029663e-09
"ENSG00000223774.5","AL513217.1"," lncRNA","chr1",5.87633188925759,-1.40312566035841,0.476619324030483,0.000113677574896304,0.000963869809406301
"ENSG00000183454.18","GRIN2A"," protein_coding","chr16",120.224108115929,-1.40084832524876,0.507829707424229,0.000159829427851404,0.00128227375653331
"ENSG00000226252.1","AL135960.1"," lncRNA","chr1",15.3269478189147,-1.39897608802341,0.446568440057745,5.01851567410586e-05,0.000486797415583062
"ENSG00000261997.1","AC007336.1"," lncRNA","chr16",18.6320211265095,-1.39872134819991,0.532018713100848,0.000240510297582993,0.00180078214441378
"ENSG00000279805.1","Z95114.3"," TEC","chr22",35.0740865809103,-1.39533784105647,0.328422550252007,7.49821989667177e-07,1.31203806627269e-05
"ENSG00000132702.13","HAPLN2"," protein_coding","chr1",11.9059607222652,-1.39485662172129,0.625939554838067,0.000622844905427846,0.00398234956849606
"ENSG00000141576.16","RNF157"," protein_coding","chr17",585.591905477773,-1.39405795950284,0.695760643902392,0.000909023937129684,0.00545899383655625
"ENSG00000203875.13","SNHG5"," lncRNA","chr6",4736.30765041957,-1.39337526832476,0.36828101629543,5.06116440926301e-06,6.89801122670296e-05
"ENSG00000277587.1","AC008759.3"," lncRNA","chr19",9.0375686061888,-1.39276985719137,0.526115505889858,0.000251750960300937,0.0018716903379203
"ENSG00000248896.3","AC105001.1"," lncRNA","chr8",34.4473648889064,-1.39144700869467,0.318933126947324,4.62445559776212e-07,8.68884654073872e-06
"ENSG00000082482.14","KCNK2"," protein_coding","chr1",426.225408880227,-1.39131697489025,0.577675163556033,0.000388869934719678,0.00268355634737031
"ENSG00000269190.6","FBXO17"," protein_coding","chr19",562.547248830257,-1.39107909002194,0.407478455424455,2.00903540668152e-05,0.000223952889375479
"ENSG00000249167.2","SEMA6A-AS2"," lncRNA","chr5",12.4229429483844,-1.38650121074292,0.449363108538187,7.25621263354634e-05,0.000661899385613243
"ENSG00000253875.2","AC013643.2"," lncRNA","chr8",7.74413933478129,-1.38633254266936,0.642626132316845,0.000808544430958069,0.00494234823765907
"ENSG00000169764.16","UGP2"," protein_coding","chr2",9799.38186898767,-1.38478602610909,0.263341198504098,5.6589599526658e-09,1.83671415542756e-07
"ENSG00000119986.7","AVPI1"," protein_coding","chr10",1118.38225569624,-1.38323486768612,0.485114082326939,0.000121973947938568,0.00102263172765737
"ENSG00000204022.9","LIPJ"," protein_coding","chr10",7.90719622457521,-1.3803104881815,0.539393192851845,0.000317618582992229,0.00226858341436681
"ENSG00000099139.14","PCSK5"," protein_coding","chr9",1122.47555280084,-1.38028289696789,0.464730771113457,8.61102166503371e-05,0.000763913442447728
"ENSG00000164303.11","ENPP6"," protein_coding","chr4",68.1680445830329,-1.37929090242644,0.555997901310206,0.000335467409223358,0.00237227267434378
"ENSG00000261409.1","AL035425.3"," lncRNA","chrX",8.10828627346198,-1.37888727907386,0.922323921769662,0.00237545508563362,0.0119598294648241
"ENSG00000135835.12","KIAA1614"," protein_coding","chr1",267.933839129332,-1.3768787077422,0.300895350108116,1.7492299493212e-07,3.7814363173337e-06
"ENSG00000165030.4","NFIL3"," protein_coding","chr9",2027.85216671019,-1.37669248869726,0.412101675508527,2.59664115781485e-05,0.00027934947012369
"ENSG00000228139.1","LINC01402"," lncRNA","chrX",7.27648444578693,-1.3751445599323,0.491200912354457,0.000169497269084588,0.00134713649558779
"ENSG00000100979.15","PLTP"," protein_coding","chr20",6460.8075082417,-1.37458051719432,0.543360384912935,0.000277679621566951,0.00202900935624973
"ENSG00000285918.1","AC092376.3"," lncRNA","chr16",15.4630579266176,-1.37095879920434,0.648232730097966,0.00080096010403668,0.00490285947191997
"ENSG00000259236.1","GOLGA8VP"," unprocessed_pseudogene","chr15",10.5753703699878,-1.37070250705239,0.527826209353134,0.00027857243586115,0.00203468094193665
"ENSG00000100077.15","GRK3"," protein_coding","chr22",3467.40552792415,-1.3683786524435,0.333976904349125,1.47464318083191e-06,2.36342559588452e-05
"ENSG00000169918.10","OTUD7A"," protein_coding","chr15",181.691222205888,-1.36476792096585,0.339352693827885,2.06064657062465e-06,3.15896394972164e-05
"ENSG00000119326.15","CTNNAL1"," protein_coding","chr9",1752.31594632481,-1.36453130838715,0.284496852772394,5.75934509741433e-08,1.42315375208133e-06
"ENSG00000237248.5","LINC00987"," lncRNA","chr12",80.74153133124,-1.36428069807651,0.24605202452513,1.20892865083004e-09,4.74473898268963e-08
"ENSG00000169313.10","P2RY12"," protein_coding","chr3",226.723763318975,-1.36348995968182,0.519003495710728,0.000228323120917752,0.00172545419361951
"ENSG00000157557.13","ETS2"," protein_coding","chr21",5367.55139938424,-1.36041786371563,0.347012451415055,3.06326973527503e-06,4.45150122171932e-05
"ENSG00000260876.6","LINC01229"," lncRNA","chr16",13.1767397421244,-1.35996356040907,0.492824797441805,0.000160032350683016,0.00128331159450267
"ENSG00000114019.15","AMOTL2"," protein_coding","chr3",6567.39718934461,-1.35989495859927,0.265630988662578,1.1871322595606e-08,3.55843914676365e-07
"ENSG00000148700.15","ADD3"," protein_coding","chr10",4792.46371134134,-1.35948362736569,0.36490420227041,6.54418714174353e-06,8.57053543116269e-05
"ENSG00000103710.11","RASL12"," protein_coding","chr15",766.586302749402,-1.35789298456957,0.236238736358089,3.62868590423286e-10,1.6357684739611e-08
"ENSG00000260549.2","MT1L"," transcribed_unprocessed_pseudogene","chr16",143.526274474689,-1.35712104755237,0.493182773773287,0.000163023946266529,0.00130370582378764
"ENSG00000125966.10","MMP24"," protein_coding","chr20",139.570976617094,-1.35677017436787,0.341490549442201,2.51925338494464e-06,3.76442269182456e-05
"ENSG00000236501.6","AC074286.1"," lncRNA","chr2",32.9740956055133,-1.35570257169223,0.398734995547502,2.22119598915859e-05,0.000244942317502314
"ENSG00000272209.1","AL023583.1"," lncRNA","chr6",11.2157901718261,-1.35524296286742,0.468704964276692,0.000121789148700092,0.00102172281493025
"ENSG00000111961.18","SASH1"," protein_coding","chr6",5700.14803818548,-1.35487806708589,0.311957827324156,5.0984800284376e-07,9.45676723367064e-06
"ENSG00000226581.2","LINC02848"," lncRNA","chr7",9.82328300361871,-1.35421307235997,0.59120919290374,0.000577136712435849,0.00374082798320625
"ENSG00000124557.12","BTN1A1"," protein_coding","chr6",9.58383711240936,-1.35364725921652,0.672060035538054,0.00100807679007698,0.00593834328593212
"ENSG00000226440.7","LAMA4-AS1"," lncRNA","chr6",15.1574396514353,-1.35228582682243,0.618737136829175,0.000657529518797499,0.00416670222309545
"ENSG00000053254.16","FOXN3"," protein_coding","chr14",4995.94329117308,-1.35064815856856,0.388405670960334,1.63272661842408e-05,0.000187401042615649
"ENSG00000136111.14","TBC1D4"," protein_coding","chr13",3858.35458721138,-1.35010433138867,0.244091995427183,1.15562283674982e-09,4.57152340102472e-08
"ENSG00000176533.13","GNG7"," protein_coding","chr19",1130.19681776074,-1.34945363752318,0.344445330363295,3.1037587230788e-06,4.504710715763e-05
"ENSG00000162616.9","DNAJB4"," protein_coding","chr1",1769.96461883936,-1.3494303561891,0.308472425337316,4.43586089214579e-07,8.37055826867813e-06
"ENSG00000157021.9","CIBAR1P1"," unprocessed_pseudogene","chr15",10.4178470824869,-1.34724362617192,0.651700297811368,0.000833386848491388,0.00507104066905773
"ENSG00000173482.17","PTPRM"," protein_coding","chr18",5038.83659900636,-1.34484805762639,0.369555475633591,9.06716679806365e-06,0.000113881395518804
"ENSG00000204301.6","NOTCH4"," protein_coding","chr6",2693.23913170301,-1.34484759251371,0.305992178721101,4.04347866196185e-07,7.75170406563247e-06
"ENSG00000279453.1","Z99129.4"," TEC","chr6",559.382487401868,-1.34440275987761,0.201311060165724,1.01943763464641e-12,9.33574764053748e-11
"ENSG00000093144.19","ECHDC1"," protein_coding","chr6",3359.41192350572,-1.34336394967716,0.300514687740355,2.39211620882689e-07,4.96509974076021e-06
"ENSG00000262728.6","AC123768.2"," lncRNA","chr15",6.35523582771429,-1.34296011578879,0.464474770889476,0.000139598606844099,0.00114417077552207
"ENSG00000221970.2","OR2A1"," protein_coding","chr7",7.47283822602904,-1.34278524288242,0.407331661157813,3.81105174341022e-05,0.000386320181229884
"ENSG00000147119.4","CHST7"," protein_coding","chrX",348.095478940702,-1.34258865880286,0.411439013372716,3.40496035636525e-05,0.000350346422276437
"ENSG00000270362.1","HMGN3-AS1"," lncRNA","chr6",104.083042442205,-1.34027395130372,0.2787088992757,5.80347909217402e-08,1.43203103963963e-06
"ENSG00000178695.6","KCTD12"," protein_coding","chr13",11678.2478477472,-1.34002012626731,0.318690713953772,9.34177422176305e-07,1.59152267759538e-05
"ENSG00000251322.9","SHANK3"," protein_coding","chr22",2957.74412984121,-1.3371011827826,0.374473984357235,1.16633741762364e-05,0.000141104989037123
"ENSG00000164850.15","GPER1"," protein_coding","chr7",466.721178324997,-1.33699077847859,0.50811938767845,0.000224501298461594,0.00169998085099383
"ENSG00000118762.8","PKD2"," protein_coding","chr4",2646.98437872416,-1.33173915501012,0.301475083162799,3.66841036003009e-07,7.15053105429106e-06
"ENSG00000171115.4","GIMAP8"," protein_coding","chr7",1602.54999751212,-1.33091337206381,0.3000113585751,3.35826744857061e-07,6.62597560044077e-06
"ENSG00000288009.1","AL353135.2"," lncRNA","chr6",16.5577769967567,-1.32729817426014,0.37795791953219,1.67207842005081e-05,0.000191343024447336
"ENSG00000095932.7","SMIM24"," protein_coding","chr19",21.4296257471307,-1.32555020272695,1.01943069195616,0.0025606834755387,0.01268381702797
"ENSG00000204161.14","TMEM273"," protein_coding","chr10",950.151902653729,-1.32466333836252,0.451603565030899,9.52183749349077e-05,0.000830151004461235
"ENSG00000130234.12","ACE2"," protein_coding","chrX",29.1512162753123,-1.32349675822802,1.32243376799757,0.00298793972319708,0.0143479500250577
"ENSG00000111859.17","NEDD9"," protein_coding","chr6",6965.93821835652,-1.3225639318456,0.406470967759497,3.48496169477253e-05,0.00035731354243993
"ENSG00000255642.1","PABPC1P4"," processed_pseudogene","chr12",146.756795646849,-1.3219396418832,0.31704401981222,1.09804958627442e-06,1.82438324355718e-05
"ENSG00000155760.2","FZD7"," protein_coding","chr2",4211.94072430752,-1.32172403139549,0.409420450314254,3.84572928501284e-05,0.000389382880102679
"ENSG00000133019.12","CHRM3"," protein_coding","chr1",133.182594701548,-1.32081209298041,0.596145774324602,0.000612851374623274,0.00393013877737038
"ENSG00000163293.12","NIPAL1"," protein_coding","chr4",217.34640671156,-1.32037537312679,0.545168516218295,0.000382353251165203,0.00264748705822685
"ENSG00000154265.16","ABCA5"," protein_coding","chr17",1698.6451029123,-1.32028511823511,0.2037845498932,3.94287927637883e-12,3.05035478563489e-10
"ENSG00000046889.19","PREX2"," protein_coding","chr8",1343.44076526438,-1.31681976719892,0.373516068499583,1.3818480471257e-05,0.000162555833487063
"ENSG00000200253.1","RNU6-529P"," snRNA","chr10",11.107131436634,-1.31523906242266,0.369405774194383,1.38794732772389e-05,0.000163163309338323
"ENSG00000145335.17","SNCA"," protein_coding","chr4",176.479946091043,-1.3151880619577,0.360266256988524,8.77270050843149e-06,0.000110861388424369
"ENSG00000165804.16","ZNF219"," protein_coding","chr14",2088.14860568284,-1.31444365342514,0.373800953105464,1.42694448886498e-05,0.000166848257912158
"ENSG00000185615.16","PDIA2"," protein_coding","chr16",12.635683927228,-1.31089585757272,0.680374371077114,0.00111103780748611,0.00641383523179976
"ENSG00000173662.21","TAS1R1"," protein_coding","chr1",16.7890352789424,-1.3105846983981,0.443730126042291,9.64209031089933e-05,0.000838539813154508
"ENSG00000153246.13","PLA2R1"," protein_coding","chr2",2202.45779233476,-1.3061849611148,0.312587559553091,1.0777535596065e-06,1.79851769061297e-05
"ENSG00000230042.1","AK3P3"," processed_pseudogene","chr7",11.3231096325891,-1.30329844870177,0.350621893161551,7.95274523220089e-06,0.000101566337443895
"ENSG00000232000.3","CLCN3P1"," transcribed_unprocessed_pseudogene","chr9",85.65462697551,-1.30116290377405,0.338070382042964,4.07490295955356e-06,5.72834162617983e-05
"ENSG00000154229.12","PRKCA"," protein_coding","chr17",683.92732951399,-1.30060243189664,0.326880323756782,2.42886078069668e-06,3.64810079635333e-05
"ENSG00000087842.11","PIR"," protein_coding","chrX",617.910428891631,-1.29966661658937,0.388730894330925,2.62466955928226e-05,0.00028186317510901
"ENSG00000235098.8","ANKRD65"," protein_coding","chr1",694.392508560033,-1.29892709355089,0.364263897161988,1.19696106195251e-05,0.000144209835678816
"ENSG00000260439.1","LMF1-AS1"," lncRNA","chr16",7.92953074520124,-1.29882761555608,0.567521359932156,0.000622442859264018,0.00398050839490118
"ENSG00000237505.8","PKN2-AS1"," lncRNA","chr1",13.1581521866899,-1.29849047099411,0.339027824110816,4.76740659717028e-06,6.56430874435155e-05
"ENSG00000174950.11","CD164L2"," protein_coding","chr1",97.5885268985375,-1.29730120720149,0.974130057637706,0.00240880255506471,0.0120789781472783
"ENSG00000146278.11","PNRC1"," protein_coding","chr6",5678.1993093906,-1.29691369318462,0.174024038912267,3.92800807102399e-15,7.49539172478455e-13
"ENSG00000155659.15","VSIG4"," protein_coding","chrX",1603.71555758801,-1.29613480867038,0.659904230415408,0.000992518324054374,0.00586054439745831
"ENSG00000277449.1","CEBPB-AS1"," lncRNA","chr20",78.3463116134319,-1.29476780321729,0.236363947363803,1.68365772856127e-09,6.30982833590024e-08
"ENSG00000206567.10","AC022007.1"," lncRNA","chr3",499.407890141816,-1.29362359055621,0.457411367481805,0.000132933478318241,0.00109726015936132
"ENSG00000280159.1","AC016583.1"," TEC","chr5",5.4944722439075,-1.29258550875066,0.619443458904864,0.000992737107855391,0.00586084440443019
"ENSG00000113946.4","CLDN16"," protein_coding","chr3",13.5048853209321,-1.29182347531469,0.827946572711036,0.0020291121549442,0.0105041175368187
"ENSG00000222005.9","LINC01118"," lncRNA","chr2",9.44648489905382,-1.28911996934497,0.421466016747995,7.70412476940897e-05,0.000695484132805817
"ENSG00000231160.10","KLF3-AS1"," lncRNA","chr4",154.028251240623,-1.28892945997844,0.315374301426258,1.58530649037161e-06,2.51765720325698e-05
"ENSG00000085563.15","ABCB1"," protein_coding","chr7",786.593259547745,-1.28868981400459,0.481453123599531,0.000200786616347512,0.00154992164402236
"ENSG00000183060.15","LYSMD4"," protein_coding","chr15",443.225460281487,-1.28804823171103,0.236593699853482,2.08002200092658e-09,7.63015838267767e-08
"ENSG00000242337.5","INHCAP"," transcribed_unprocessed_pseudogene","chr3",8.82804269048743,-1.28767923890985,0.388801223766588,3.28437016844945e-05,0.000339869565513032
"ENSG00000157827.20","FMNL2"," protein_coding","chr2",2247.98607231053,-1.28676023318151,0.359247098117216,1.12832520884551e-05,0.000137315643047885
"ENSG00000231889.7","TRAF3IP2-AS1"," lncRNA","chr6",122.072104136596,-1.28359883911446,0.196081600965074,2.37155839989762e-12,1.96546423113606e-10
"ENSG00000156222.12","SLC28A1"," protein_coding","chr15",12.6123504846139,-1.2832326702462,0.580152068807347,0.000666752315808958,0.00421595778377861
"ENSG00000178385.15","PLEKHM3"," protein_coding","chr2",1323.15530334087,-1.28291311155763,0.316244461309617,1.75198886471237e-06,2.74735476308671e-05
"ENSG00000155016.18","CYP2U1"," protein_coding","chr4",958.418758392212,-1.28133143651271,0.285645369041333,2.70218727588472e-07,5.53948391556368e-06
"ENSG00000123080.12","CDKN2C"," protein_coding","chr1",1883.77627901095,-1.28116600532873,0.591094261484536,0.000667687918907768,0.0042211087477099
"ENSG00000260329.1","AC007541.1"," lncRNA","chr12",77.9898021801572,-1.28096090345835,0.332789994867686,4.02303767350633e-06,5.66456043044024e-05
"ENSG00000152492.15","CCDC50"," protein_coding","chr3",5908.1013554006,-1.27964380763109,0.265343515714632,5.36602179764908e-08,1.33924081932599e-06
"ENSG00000115504.15","EHBP1"," protein_coding","chr2",2589.99947025314,-1.27870723759866,0.279776225301491,1.81186476862374e-07,3.88554232587899e-06
"ENSG00000244513.7","AC109587.1"," lncRNA","chr3",75.0541693516473,-1.27837915932932,0.230131726858709,1.16411067818678e-09,4.59988512713646e-08
"ENSG00000115459.18","ELMOD3"," protein_coding","chr2",2527.29608135143,-1.27770489099194,0.390745608919304,3.36377627314331e-05,0.000346313124656958
"ENSG00000185112.6","FAM43A"," protein_coding","chr3",980.010649384655,-1.2772008799078,0.470038234036383,0.000179704760767387,0.0014110561840924
"ENSG00000248334.6","WHAMMP2"," transcribed_unprocessed_pseudogene","chr15",145.991889315023,-1.27526645838429,0.390464565664578,3.41446913928787e-05,0.00035111772101059
"ENSG00000156140.10","ADAMTS3"," protein_coding","chr4",204.994408265037,-1.27447594590612,0.475380496777784,0.000200559094781468,0.00154850793892901
"ENSG00000146674.15","IGFBP3"," protein_coding","chr7",10462.605196283,-1.27439602927222,0.377386895542182,2.33856548885399e-05,0.000254828203230717
"ENSG00000179388.9","EGR3"," protein_coding","chr8",2958.09996344571,-1.27437141583863,0.474205848825704,0.000195794229276453,0.00151742702214232
"ENSG00000278934.1","AC117489.1"," TEC","chr3",73.0740259502603,-1.272520433451,0.496633039106867,0.000271746174449304,0.00199316707435582
"ENSG00000257135.7","ODC1-DT"," lncRNA","chr2",44.089640265181,-1.27187829013686,0.421233794984882,7.30131844800148e-05,0.000665318103863201
"ENSG00000163273.4","NPPC"," protein_coding","chr2",20.4159505250553,-1.27054551491915,1.19252002913055,0.00306750129502633,0.0146674232814532
"ENSG00000230747.1","AC021188.1"," lncRNA","chr2",11.2605616743766,-1.26937501804478,0.572343332319938,0.00060971083206686,0.0039127130111541
"ENSG00000239332.6","LINC01119"," lncRNA","chr2",43.3186391712127,-1.26878160928747,0.333395906031091,4.93687030347454e-06,6.75764385086427e-05
"ENSG00000188580.15","NKAIN2"," protein_coding","chr6",29.6435836518967,-1.26730878519899,0.556469025372644,0.000556063721026809,0.00362918430421743
"ENSG00000113212.7","PCDHB7"," protein_coding","chr5",164.5687857232,-1.26705080244448,0.350364792315491,1.0113766027911e-05,0.000124913065656582
"ENSG00000225434.3","LINC01504"," lncRNA","chr9",76.1771023794943,-1.26465681695415,0.513336580093189,0.000345710179789161,0.00243090969025063
"ENSG00000171357.6","LURAP1"," protein_coding","chr1",54.4611891080024,-1.26420574682719,0.249464412574084,1.74913614986641e-08,4.98196811469298e-07
"ENSG00000237461.2","AL359710.1"," lncRNA","chr9",4.94759566468304,-1.25995540067953,0.718224520632145,0.00164472103705522,0.00885176025048488
"ENSG00000179909.15","ZNF154"," protein_coding","chr19",268.475078048839,-1.25856166375479,0.377743676223396,2.7695011034854e-05,0.000294965393778111
"ENSG00000162551.14","ALPL"," protein_coding","chr1",1752.89618375372,-1.25787046735323,0.459583808364581,0.000168656537319794,0.00134167698213063
"ENSG00000162877.13","PM20D1"," protein_coding","chr1",32.3583572441277,-1.25739221752147,0.542217197836726,0.000488710754624456,0.00325226147999273
"ENSG00000206538.9","VGLL3"," protein_coding","chr3",1601.65354142063,-1.25658402942905,0.570211635142635,0.000629127144099427,0.00401515917043591
"ENSG00000134030.14","CTIF"," protein_coding","chr18",4489.51251838419,-1.25612204300727,0.387951883659983,3.72920621933194e-05,0.000378793986022448
"ENSG00000066405.13","CLDN18"," protein_coding","chr3",12.6291133129261,-1.25502035536236,0.497646112935257,0.000323230583717623,0.00230113003397094
"ENSG00000162618.15","ADGRL4"," protein_coding","chr1",3622.52690513973,-1.25262348006011,0.414599156877587,7.63781785067057e-05,0.000691107631296024
"ENSG00000135272.12","MDFIC"," protein_coding","chr7",3733.69413125121,-1.25028642180125,0.398171006127823,5.19691673707265e-05,0.000500622920688023
"ENSG00000111254.8","AKAP3"," protein_coding","chr12",72.0388567782574,-1.24971267199299,0.368742921879213,2.29345472115299e-05,0.000251006677151032
"ENSG00000189369.9","GSPT2"," protein_coding","chrX",638.161230768596,-1.24730632956097,0.254848707014669,3.62524008597118e-08,9.48187794899704e-07
"ENSG00000117013.17","KCNQ4"," protein_coding","chr1",154.03418196847,-1.24712733706975,0.374649484036785,2.83202524648919e-05,0.000300432328596091
"ENSG00000249249.2","AC010226.1"," lncRNA","chr5",97.9390532911326,-1.24671109679316,0.298588935430997,1.07784256429215e-06,1.79851769061297e-05
"ENSG00000060138.13","YBX3"," protein_coding","chr12",9236.02782252344,-1.24415083613143,0.374076544657732,2.7931743694111e-05,0.00029694286082609
"ENSG00000027697.15","IFNGR1"," protein_coding","chr6",6621.5363053392,-1.24002409485285,0.201452474940891,2.81377149365143e-11,1.66398815567783e-09
"ENSG00000186198.4","SLC51B"," protein_coding","chr15",30.1295172480244,-1.23791059599886,0.416062572957461,9.12211210630635e-05,0.000800300763140898
"ENSG00000249751.4","ECSCR"," protein_coding","chr5",120.380272913424,-1.23602880969563,0.531763035503032,0.000480537305439877,0.00321063709179734
"ENSG00000042445.14","RETSAT"," protein_coding","chr2",14233.1933057591,-1.23445419128116,0.530933106775461,0.000479007053120886,0.00320234433616417
"ENSG00000038295.8","TLL1"," protein_coding","chr4",451.971644814629,-1.23296089136737,0.445216973029033,0.000156867696795312,0.00126286820694167
"ENSG00000101695.9","RNF125"," protein_coding","chr18",1215.82694889967,-1.23156227341994,0.438473403227601,0.000140184236455749,0.00114811595102487
"ENSG00000250131.2","AC078881.1"," lncRNA","chr4",40.8407540527049,-1.22767988081789,0.379747092714999,3.93048447408888e-05,0.000396428542453682
"ENSG00000123358.20","NR4A1"," protein_coding","chr12",6959.97514835855,-1.22569212319024,0.696120414320061,0.0014080142078561,0.0077967027021595
"ENSG00000250326.2","AC104596.1"," lncRNA","chr4",35.7603430360995,-1.22468914884271,0.283877437935,5.65640589082305e-07,1.03764458519081e-05
"ENSG00000139289.13","PHLDA1"," protein_coding","chr12",3671.63768700369,-1.22254113542251,0.407111375040291,7.80744293609839e-05,0.000702992236086216
"ENSG00000130037.5","KCNA5"," protein_coding","chr12",39.906521680236,-1.22228149216031,0.488265890020966,0.000309277364078221,0.00221661490506268
"ENSG00000171451.14","DSEL"," protein_coding","chr18",653.374872475008,-1.2220398604976,0.348105749629142,1.46403350321419e-05,0.000170328752786417
"ENSG00000288548.1","AL035653.1"," lncRNA","chr6",16.6940720932191,-1.22159289657529,0.285747086541611,8.32743972892389e-07,1.43909212274335e-05
"ENSG00000255328.1","AC136475.5"," lncRNA","chr11",7.81835102748606,-1.22126436348575,0.401948582296803,8.39535825944822e-05,0.000747251135281653
"ENSG00000152518.8","ZFP36L2"," protein_coding","chr2",11060.4229017413,-1.21959617192466,0.314221599471873,3.06284771423046e-06,4.45150122171932e-05
"ENSG00000104967.8","NOVA2"," protein_coding","chr19",504.90888338735,-1.21953446481656,0.398974879392917,6.72961486993091e-05,0.00062133631232273
"ENSG00000173757.10","STAT5B"," protein_coding","chr17",7338.47376467327,-1.21907367104991,0.223510388083848,2.01559560281799e-09,7.42620339787987e-08
"ENSG00000178187.8","ZNF454"," protein_coding","chr5",66.7176847912068,-1.21818221110642,0.206504198128007,1.53511565983024e-10,7.71782715952979e-09
"ENSG00000112531.17","QKI"," protein_coding","chr6",7145.17001364088,-1.21813080447902,0.321081181683757,5.10916968408145e-06,6.94986508566416e-05
"ENSG00000105131.8","EPHX3"," protein_coding","chr19",37.8451910112943,-1.21690526320494,0.45227750305274,0.000197703582676443,0.00152882883492105
"ENSG00000271614.1","ATP2B1-AS1"," lncRNA","chr12",105.464625488086,-1.21652999925708,0.301941174275039,1.99309450648768e-06,3.07840019592128e-05
"ENSG00000175899.15","A2M"," protein_coding","chr12",59197.5841986905,-1.21490669319229,0.252302057024822,5.53548771081899e-08,1.37563177861955e-06
"ENSG00000064692.20","SNCAIP"," protein_coding","chr5",271.086197661597,-1.21366976003173,0.366741528252429,2.97281056993796e-05,0.000312893917332444
"ENSG00000148935.11","GAS2"," protein_coding","chr11",92.5590257199903,-1.21352337789411,0.3121301520248,3.60215559878824e-06,5.12991065295186e-05
"ENSG00000175198.17","PCCA"," protein_coding","chr13",1663.44755379416,-1.21327021712884,0.308287404534117,2.91529270412313e-06,4.28103862540237e-05
"ENSG00000158104.11","HPD"," protein_coding","chr12",35.209120800826,-1.2123334652512,0.663211863713238,0.00127657882310816,0.00719333199565033
"ENSG00000253348.1","AC008514.1"," lncRNA","chr5",13.0753584321957,-1.212133732167,0.69973745783505,0.00153234363923539,0.0083486886190759
"ENSG00000116285.13","ERRFI1"," protein_coding","chr1",7019.44785407923,-1.21148213335422,0.441431453709469,0.000168149050230726,0.00133855544412509
"ENSG00000219693.3","FGF7P8"," unprocessed_pseudogene","chr9",6.81482206660702,-1.20924282753509,0.507143220823237,0.000492253790417162,0.00327022600941455
"ENSG00000163378.14","EOGT"," protein_coding","chr3",1953.58116481634,-1.20655215088395,0.234132863055554,8.4844093929879e-09,2.64312078688161e-07
"ENSG00000124019.10","FAM124B"," protein_coding","chr2",245.235848343059,-1.20522524297424,0.451198538367627,0.000205757695594044,0.00158094951706051
"ENSG00000259583.3","AC015712.2"," lncRNA","chr15",192.877733052503,-1.20507174609443,0.447720754194014,0.000195228771185382,0.00151439018573347
"ENSG00000077684.16","JADE1"," protein_coding","chr4",2648.58486167659,-1.20503685169873,0.222651054579974,2.48512094304818e-09,8.8840527483498e-08
"ENSG00000087253.13","LPCAT2"," protein_coding","chr16",1980.91717007646,-1.20360197815132,0.273639539111722,4.05462777080548e-07,7.7688093108827e-06
"ENSG00000140285.12","FGF7"," protein_coding","chr15",949.015006787188,-1.20356264939472,0.510538269057776,0.000449620977276596,0.00303203044417428
"ENSG00000102053.12","ZC3H12B"," protein_coding","chrX",122.897032750622,-1.20327455142357,0.350765857939796,1.99486966394264e-05,0.000222658678505098
"ENSG00000271601.4","LIX1L"," protein_coding","chr1",1788.36921321928,-1.20282986063127,0.29741102320355,1.86508935451601e-06,2.89478793008978e-05
"ENSG00000103264.18","FBXO31"," protein_coding","chr16",2465.87627506661,-1.20086406424535,0.261843162313404,1.45840653455539e-07,3.22457163297046e-06
"ENSG00000205269.6","TMEM170B"," protein_coding","chr6",874.952643252652,-1.19960541239053,0.458376082640715,0.000237028249816306,0.00178006849059083
"ENSG00000185010.15","F8"," protein_coding","chrX",2448.24182105696,-1.19302387176268,0.404034172953646,9.25674869397664e-05,0.000809263890457377
"ENSG00000099250.18","NRP1"," protein_coding","chr10",8172.55220503967,-1.19266324336119,0.354406996622377,2.48817963002974e-05,0.000268943852141783
"ENSG00000114166.8","KAT2B"," protein_coding","chr3",1557.82399526311,-1.19193356295901,0.327061431322033,9.00195574817064e-06,0.000113143817726737
"ENSG00000066382.16","MPPED2"," protein_coding","chr11",247.272188475413,-1.19172363316786,0.342380045650914,1.66068336100602e-05,0.000190163777974601
"ENSG00000130224.15","LRCH2"," protein_coding","chrX",175.623300935914,-1.19021275289842,0.327422159277375,9.32032027986409e-06,0.000116557453363705
"ENSG00000234690.7","EPCAM-DT"," lncRNA","chr2",110.788687088088,-1.18662301267811,0.616719147510948,0.00110054297267253,0.0063648342217002
"ENSG00000146281.6","PM20D2"," protein_coding","chr6",914.187049575849,-1.18647572469832,0.402335879405784,9.41615847772899e-05,0.000821758843037624
"ENSG00000135862.6","LAMC1"," protein_coding","chr1",19983.3178306638,-1.18522581864433,0.377993800496403,4.98905974684242e-05,0.00048407475980834
"ENSG00000285938.1","AC072022.2"," protein_coding","chr3",59.9420721579717,-1.17737462791298,0.433076289459305,0.000183699977116036,0.00143806953142374
"ENSG00000142661.19","MYOM3"," protein_coding","chr1",183.797797786814,-1.1761552304487,0.4945678955127,0.000435471388464308,0.00295661261235808
"ENSG00000171044.11","XKR6"," protein_coding","chr8",57.2739841962053,-1.17283630409146,0.378241939581694,6.10375342027663e-05,0.000573105652817201
"ENSG00000064225.12","ST3GAL6"," protein_coding","chr3",546.59090929923,-1.17277906018745,0.420204120353371,0.000148399245390055,0.00120497976981717
"ENSG00000129244.9","ATP1B2"," protein_coding","chr17",271.377373090111,-1.17233714622623,0.332964824982863,1.41983513460846e-05,0.000166295628337106
"ENSG00000287917.1","AP000944.7"," lncRNA","chr11",37.4923633977552,-1.17222612187055,0.413659743969539,0.000133651695252475,0.0011016398060605
"ENSG00000120318.16","ARAP3"," protein_coding","chr5",1443.47780787997,-1.17085699542739,0.2452527491432,7.16165494843134e-08,1.72925469069701e-06
"ENSG00000165914.15","TTC7B"," protein_coding","chr14",1011.94382011617,-1.16843341975724,0.35516694130073,3.08990962043887e-05,0.000323539796730892
"ENSG00000006652.15","IFRD1"," protein_coding","chr7",468.341807760278,-1.16596884814269,0.270460861421424,6.11640754982049e-07,1.10573873482273e-05
"ENSG00000008323.15","PLEKHG6"," protein_coding","chr12",1207.25099894124,-1.16574516667798,0.395254937789084,9.39741927179542e-05,0.000820739313672626
"ENSG00000105379.10","ETFB"," protein_coding","chr19",992.68295636264,-1.16495133008046,0.50553780730413,0.000508918066320798,0.0033612542333756
"ENSG00000198467.16","TPM2"," protein_coding","chr9",8300.35010908544,-1.1635677295771,0.333082092688751,1.56290426045632e-05,0.00018020916243087
"ENSG00000152527.14","PLEKHH2"," protein_coding","chr2",903.614297535064,-1.16132972200624,0.475910450279047,0.000372391323797405,0.0025862073404887
"ENSG00000272848.2","AL135910.1"," lncRNA","chr6",126.850222862516,-1.16076859158894,0.428946506058124,0.000189040349837763,0.00147392331758422
"ENSG00000274818.1","AC004825.2"," lncRNA","chr14",33.4909912280209,-1.15987465642222,0.428353506398155,0.000193500123299774,0.00150298593100009
"ENSG00000135318.12","NT5E"," protein_coding","chr6",1484.23243441948,-1.15961950088713,0.470590633281546,0.000351214214567361,0.00246216900953784
"ENSG00000180815.14","MAP3K15"," protein_coding","chrX",11.8329545866886,-1.15926919499534,0.380953181492947,8.17908608872374e-05,0.000730797676623969
"ENSG00000148339.12","SLC25A25"," protein_coding","chr9",2389.06065816714,-1.15878437888958,0.385420306726951,7.44378839695666e-05,0.0006751266466291
"ENSG00000196218.13","RYR1"," protein_coding","chr19",408.236260468904,-1.15808763932206,0.512187194327261,0.000563512124062234,0.00366948111988122
"ENSG00000232818.2","RPS2P32"," processed_pseudogene","chr7",34.4583559117576,-1.1579781077581,0.628115506904879,0.00123621499531456,0.00700434839258207
"ENSG00000165633.13","VSTM4"," protein_coding","chr10",1930.96457226799,-1.15643825178462,0.455790150706249,0.000292514120339991,0.00211788963950667
"ENSG00000171462.15","DLK2"," protein_coding","chr6",189.515226439242,-1.15628957198416,0.574994696670718,0.00094190853575621,0.00561492067675891
"ENSG00000117400.18","MPL"," protein_coding","chr1",69.042241115755,-1.1554247974254,0.184876253493387,1.87278301932151e-11,1.17424216214272e-09
"ENSG00000165801.10","ARHGEF40"," protein_coding","chr14",4537.21864120834,-1.15517062412617,0.253892927132753,2.01774527601199e-07,4.26932385841931e-06
"ENSG00000100242.15","SUN2"," protein_coding","chr22",7394.80953835857,-1.15499541699494,0.310709877439225,6.7491471201277e-06,8.79658170221799e-05
"ENSG00000181744.9","DIPK2A"," protein_coding","chr3",1309.0774171937,-1.15271523023607,0.249272159367524,1.283332507073e-07,2.88138703373771e-06
"ENSG00000075651.16","PLD1"," protein_coding","chr3",1235.44357080247,-1.15121825713357,0.271632197625844,8.22458925136041e-07,1.42272753380871e-05
"ENSG00000186231.17","KLHL32"," protein_coding","chr6",30.622479967641,-1.15078341016833,0.427045540084991,0.000206057176413503,0.00158255358623014
"ENSG00000136869.16","TLR4"," protein_coding","chr9",2210.33662821249,-1.14999182005702,0.42301733440016,0.000181961267290292,0.00142637847158517
"ENSG00000170962.13","PDGFD"," protein_coding","chr11",2520.86518725946,-1.14913829560444,0.241511449174107,7.49455980493106e-08,1.80339783554379e-06
"ENSG00000123700.5","KCNJ2"," protein_coding","chr17",521.892691301483,-1.14856095645689,0.3044784500322,5.59965251657977e-06,7.50297526712691e-05
"ENSG00000198046.12","ZNF667"," protein_coding","chr19",363.369104528486,-1.14836356419618,0.463899003119838,0.000345155934661599,0.00242750165617373
"ENSG00000228223.3","HCG11"," lncRNA","chr6",1378.22395681656,-1.14818298033284,0.286105087957868,2.6163289480201e-06,3.90112535578502e-05
"ENSG00000162413.16","KLHL21"," protein_coding","chr1",4952.62869808097,-1.14788645273973,0.172899141177181,1.46982232660495e-12,1.29177760195399e-10
"ENSG00000138738.11","PRDM5"," protein_coding","chr4",333.12054888911,-1.14671851831665,0.242172559148389,8.34881006950281e-08,1.98301461917231e-06
"ENSG00000105227.16","PRX"," protein_coding","chr19",796.693735719881,-1.14635664777635,0.274393080428213,1.10387774068153e-06,1.83145022587347e-05
"ENSG00000068366.20","ACSL4"," protein_coding","chrX",3733.12125507572,-1.14549955314474,0.444230108153955,0.000261686958910846,0.00193402238579926
"ENSG00000144730.19","IL17RD"," protein_coding","chr3",3152.37753896283,-1.14457231427622,0.511413911067558,0.000590711843708865,0.0038125281055949
"ENSG00000140718.21","FTO"," protein_coding","chr16",5429.01001383438,-1.14405086803959,0.295654998250207,3.81038015534963e-06,5.40219317351905e-05
"ENSG00000197702.14","PARVA"," protein_coding","chr11",12008.1056360891,-1.14403240207805,0.239866843787009,7.06906800254098e-08,1.70926439138363e-06
"ENSG00000196154.12","S100A4"," protein_coding","chr1",7335.90132749034,-1.14264877336656,0.599737826482141,0.00112878012241704,0.00650549508610057
"ENSG00000142627.13","EPHA2"," protein_coding","chr1",1473.15358573457,-1.1384610211343,0.223341610509195,1.35039038317237e-08,3.9727209830748e-07
"ENSG00000180871.8","CXCR2"," protein_coding","chr2",61.2691069480805,-1.13835199144918,0.596836841561786,0.00114762193815588,0.00659122255871554
"ENSG00000145675.15","PIK3R1"," protein_coding","chr5",14382.4834363043,-1.13711473273942,0.253109614872845,2.5344603523875e-07,5.2232638012494e-06
"ENSG00000132357.14","CARD6"," protein_coding","chr5",786.309410480771,-1.1368242034149,0.301970622636363,5.74155971157362e-06,7.65490102776137e-05
"ENSG00000172059.11","KLF11"," protein_coding","chr2",2006.55810327145,-1.13477651690735,0.287786197266299,2.84545293034059e-06,4.19374363023714e-05
"ENSG00000197894.11","ADH5"," protein_coding","chr4",7756.48346105255,-1.13404293944134,0.235951178420792,5.18160349126294e-08,1.29733456488545e-06
"ENSG00000117016.10","RIMS3"," protein_coding","chr1",650.57188978772,-1.13287692726636,0.471349240656175,0.000408630313908151,0.00279888501817222
"ENSG00000171522.6","PTGER4"," protein_coding","chr5",987.682255590701,-1.12734713941094,0.394760358509036,0.000123367628455135,0.00103288594201372
"ENSG00000277144.1","AC092757.3"," lncRNA","chr15",4.53258041887935,-1.1255373253649,0.558548745211356,0.00119482614581429,0.00680520389383061
"ENSG00000261737.1","CLCA4-AS1"," lncRNA","chr1",77.2836568473541,-1.1245663037806,0.366536221094262,6.49621310263835e-05,0.000604102802143269
"ENSG00000112290.13","WASF1"," protein_coding","chr6",462.872336842346,-1.12336427630841,0.336515392751502,2.73091261669855e-05,0.00029156754011392
"ENSG00000120156.22","TEK"," protein_coding","chr9",1894.35473810727,-1.12218051788711,0.472771673769891,0.000438142480010327,0.00297258335881917
"ENSG00000267519.6","AC020916.1"," lncRNA","chr19",1550.1368655782,-1.11928603987489,0.57057295368459,0.00103108059419342,0.00604730761674274
"ENSG00000099204.20","ABLIM1"," protein_coding","chr10",11784.4005834275,-1.11758728512745,0.218916553442859,1.2992865928182e-08,3.83531374873265e-07
"ENSG00000158301.18","GPRASP2"," protein_coding","chrX",980.567859427926,-1.11718232064422,0.273151726877604,1.56217150320713e-06,2.48606422056917e-05
"ENSG00000019144.19","PHLDB1"," protein_coding","chr11",7169.85949821463,-1.11635809209597,0.366546914397396,6.93356412958887e-05,0.000637299752490741
"ENSG00000102024.18","PLS3"," protein_coding","chrX",8453.00572289074,-1.11536777071851,0.316246240916023,1.39790645269147e-05,0.000164048639436242
"ENSG00000162571.14","TTLL10"," protein_coding","chr1",30.6437985754954,-1.11416110405128,0.468880347477335,0.000428711487375364,0.00291752925804834
"ENSG00000116833.14","NR5A2"," protein_coding","chr1",442.750308415382,-1.11062935879877,0.48007817284759,0.00049835452117657,0.00330446362568828
"ENSG00000113070.8","HBEGF"," protein_coding","chr5",951.184878194484,-1.10960896152631,0.508370702350999,0.000668721461143877,0.00422611130243996
"ENSG00000124104.19","SNX21"," protein_coding","chr20",1273.27410580842,-1.10889065054376,0.298753223058993,7.05767404934191e-06,9.14065721067515e-05
"ENSG00000108387.15","SEPTIN4"," protein_coding","chr17",977.371607999004,-1.10840230297498,0.250989132095714,3.61481682481236e-07,7.06184623933528e-06
"ENSG00000005020.13","SKAP2"," protein_coding","chr7",2659.59391588101,-1.10778188043883,0.283551495208249,3.29357459087762e-06,4.74663820943044e-05
"ENSG00000259065.2","AC005520.2"," lncRNA","chr14",141.501414136083,-1.10735265041289,0.258503888987415,6.70670911815659e-07,1.19727458161637e-05
"ENSG00000162337.12","LRP5"," protein_coding","chr11",6538.91201630926,-1.1044618820251,0.247969153243889,3.1498464646508e-07,6.2944612255516e-06
"ENSG00000258636.2","AL121821.2"," lncRNA","chr14",28.3540754495041,-1.10444096067456,0.629701463088185,0.00152167606646043,0.00830483335442998
"ENSG00000117020.18","AKT3"," protein_coding","chr1",2433.99691267641,-1.10323464892474,0.312951160669941,1.41069320052835e-05,0.00016528037763477
"ENSG00000180769.10","WDFY3-AS2"," lncRNA","chr4",254.15116418407,-1.10108081563374,0.270724253740337,1.63592055555897e-06,2.58743898930226e-05
"ENSG00000130956.14","HABP4"," protein_coding","chr9",918.138532423534,-1.10089484946298,0.386364098345963,0.000126370479121916,0.00105331877377993
"ENSG00000155755.19","TMEM237"," protein_coding","chr2",1674.11794350537,-1.09834446975584,0.191231644933706,3.7352488653121e-10,1.67299830756873e-08
"ENSG00000011198.10","ABHD5"," protein_coding","chr3",3065.98891045362,-1.09784519815916,0.322755341509898,2.18403902146239e-05,0.000241149700942545
"ENSG00000152818.18","UTRN"," protein_coding","chr6",10253.7576013328,-1.09613741614663,0.295769419607488,7.20870241928592e-06,9.31551244856686e-05
"ENSG00000226314.8","ZNF192P1"," transcribed_unprocessed_pseudogene","chr6",37.5174479016804,-1.09576484986908,0.2892790019769,5.45399786005386e-06,7.32468973576364e-05
"ENSG00000286340.1","AL356776.2"," lncRNA","chr6",34.9952611351187,-1.09536871825223,0.302732291213836,1.00321451143603e-05,0.000124080671813238
"ENSG00000125148.7","MT2A"," protein_coding","chr16",9653.89137301234,-1.09403881920022,0.548605816662956,0.000969613566773005,0.00574767022736611
"ENSG00000253305.2","PCDHGB6"," protein_coding","chr5",201.200589632391,-1.09349590771957,0.379960614195122,0.000117825678008951,0.00099444986246016
"ENSG00000197256.11","KANK2"," protein_coding","chr19",7328.32136018847,-1.09341572651585,0.408223748081753,0.000201896143691262,0.00155573285104501
"ENSG00000108799.13","EZH1"," protein_coding","chr17",3658.09001477952,-1.09267104018762,0.233910985609305,1.09330412728017e-07,2.50140815114311e-06
"ENSG00000139318.8","DUSP6"," protein_coding","chr12",5191.93489290333,-1.09028173501399,0.351110735524203,5.81635903908483e-05,0.000550416553384076
"ENSG00000115841.21","RMDN2"," protein_coding","chr2",256.333210315657,-1.08963031614707,0.238248852054503,1.80605181582637e-07,3.87784331729218e-06
"ENSG00000101400.6","SNTA1"," protein_coding","chr20",1870.5644438433,-1.08786358356824,0.457120440656998,0.000424104839615916,0.002889561015239
"ENSG00000109832.14","DDX25"," protein_coding","chr11",26.9871224026856,-1.08775560910365,0.546754296399653,0.00105033852695062,0.00613541860193482
"ENSG00000284052.1","AC006460.2"," lncRNA","chr2",35.9461365816317,-1.08596300789583,0.346913609999934,5.73954144353513e-05,0.000544180273115174
"ENSG00000175745.14","NR2F1"," protein_coding","chr5",997.165419006778,-1.08423020141065,0.349429213417896,5.89140234786185e-05,0.000556430771876327
"ENSG00000226491.1","FTOP1"," processed_pseudogene","chr2",25.8753315612692,-1.08393564305515,0.419592091063745,0.00026780754487076,0.00197090762456986
"ENSG00000124067.17","SLC12A4"," protein_coding","chr16",3292.22960539499,-1.08235364063397,0.234952225299992,1.55146900113156e-07,3.40240760015597e-06
"ENSG00000113916.18","BCL6"," protein_coding","chr3",5102.04780707282,-1.0817974792027,0.25737433841574,8.12725390013753e-07,1.40798418981975e-05
"ENSG00000225439.3","BOLA3-AS1"," lncRNA","chr2",237.66267845424,-1.07981197160027,0.353511679085826,6.93275056379943e-05,0.000637299752490741
"ENSG00000198835.4","GJC2"," protein_coding","chr1",121.699481172874,-1.07897317241009,0.425091236108866,0.000293512385100503,0.00212274214157192
"ENSG00000184271.17","POU6F1"," protein_coding","chr12",743.916882847981,-1.0784548010351,0.166229587067433,3.68669837241179e-12,2.87768664232259e-10
"ENSG00000117245.13","KIF17"," protein_coding","chr1",142.649517465924,-1.0784377852982,0.395814343844116,0.000178890350871275,0.00140546346143879
"ENSG00000126785.13","RHOJ"," protein_coding","chr14",1393.05994760919,-1.07797758487147,0.272993625094658,2.79336380754053e-06,4.12804983519257e-05
"ENSG00000112096.19","SOD2"," protein_coding","chr6",22876.5650935292,-1.07771203385332,0.327736730885395,3.07087103333625e-05,0.000322146004883148
"ENSG00000149531.15","FRG1BP"," unprocessed_pseudogene","chr20",370.495415472487,-1.07288457182332,0.566438426818694,0.00117376368558109,0.00671153535785151
"ENSG00000144596.13","GRIP2"," protein_coding","chr3",105.770018726634,-1.07169132538827,0.436049738466325,0.000363035493314074,0.00252928741957296
"ENSG00000129657.16","SEC14L1"," protein_coding","chr17",5549.57157591176,-1.0714399547323,0.216411697569702,2.99182801386495e-08,7.96246157374232e-07
"ENSG00000057704.13","TMCC3"," protein_coding","chr12",1025.88160818368,-1.07080531284544,0.348917152956605,6.58062164210714e-05,0.000610163352949137
"ENSG00000261934.2","PCDHGA9"," protein_coding","chr5",129.649719307259,-1.06916640606501,0.339640735145824,5.19622030778976e-05,0.000500622920688023
"ENSG00000233452.7","STXBP5-AS1"," lncRNA","chr6",46.4506780714885,-1.06731313317802,0.251489832074384,7.75531579453739e-07,1.35025311071459e-05
"ENSG00000138639.18","ARHGAP24"," protein_coding","chr4",676.799130256415,-1.06551475274942,0.349412800372554,6.99031379712021e-05,0.000641839575514003
"ENSG00000111863.13","ADTRP"," protein_coding","chr6",129.021317246562,-1.06500737176093,0.97084197952434,0.00305296914844464,0.0146259211215325
"ENSG00000104043.15","ATP8B4"," protein_coding","chr15",422.031627558339,-1.06408682550909,0.470369006707159,0.000567856655439254,0.00368890086854049
"ENSG00000100234.12","TIMP3"," protein_coding","chr22",61376.7775096903,-1.06401508728237,0.401336499472845,0.000219173047639417,0.00166895827262918
"ENSG00000148737.17","TCF7L2"," protein_coding","chr10",2756.20220422438,-1.06386871340831,0.251890438720343,8.42825447932239e-07,1.453634340277e-05
"ENSG00000241935.9","HOGA1"," protein_coding","chr10",100.211647840894,-1.060999304862,1.64773406059139,0.00360163472810376,0.016737431712609
"ENSG00000259877.2","AC009113.1"," lncRNA","chr16",213.219847347241,-1.06083467498155,0.159212875841276,1.14031890271004e-12,1.03237006398425e-10
"ENSG00000140945.17","CDH13"," protein_coding","chr16",952.216268392806,-1.06083292254866,0.369761281726882,0.000120460461003304,0.00101203610519294
"ENSG00000153814.13","JAZF1"," protein_coding","chr7",890.40632621643,-1.05915608891233,0.273431482643469,3.7893730827821e-06,5.37677983860716e-05
"ENSG00000267280.5","TBX2-AS1"," lncRNA","chr17",53.571416003707,-1.05788481449993,0.558248452887506,0.00117981481400649,0.00673399618444308
"ENSG00000170802.16","FOXN2"," protein_coding","chr2",1254.43218606943,-1.0551096535015,0.363787128923545,0.000109973131998014,0.000939767952129
"ENSG00000102804.15","TSC22D1"," protein_coding","chr13",14854.4025988196,-1.05303185708396,0.201731050433729,8.17913082323084e-09,2.5548617148912e-07
"ENSG00000148357.16","HMCN2"," protein_coding","chr9",472.988908204294,-1.04986375826778,1.0402355676707,0.00319720526615785,0.0151815036665097
"ENSG00000175984.15","DENND2C"," protein_coding","chr1",224.00684837523,-1.04958691697129,0.289207936029281,9.75270575520289e-06,0.000121139785156562
"ENSG00000267364.2","AC022706.1"," lncRNA","chr17",65.7332391266337,-1.04524368921592,0.363700370758042,0.000116360452778959,0.000984226074645006
"ENSG00000078070.13","MCCC1"," protein_coding","chr3",1858.34611249675,-1.04477844324316,0.351191396119508,8.61056360476076e-05,0.000763913442447728
"ENSG00000100307.13","CBX7"," protein_coding","chr22",3015.26339910945,-1.0421253106009,0.23801967003912,4.31598048387514e-07,8.19308351811139e-06
"ENSG00000103852.13","TTC23"," protein_coding","chr15",1033.49918732156,-1.04179725049215,0.222650957241214,1.12082442177395e-07,2.5559924771317e-06
"ENSG00000072195.15","SPEG"," protein_coding","chr2",954.128996835885,-1.03724978529094,0.387736707260428,0.000208149191096143,0.00159651207441977
"ENSG00000166548.17","TK2"," protein_coding","chr16",2201.87175220316,-1.03591600875044,0.272352692857769,4.96249887044342e-06,6.7847393451662e-05
"ENSG00000182568.17","SATB1"," protein_coding","chr3",1761.3213460528,-1.034046282284,0.374885061000875,0.000141018685340971,0.00115364195785037
"ENSG00000137713.16","PPP2R1B"," protein_coding","chr11",3440.8115898329,-1.03298838071534,0.41897038607091,0.000303320066531626,0.00218344139495667
"ENSG00000259370.2","AC103740.1"," lncRNA","chr15",49.6697806940276,-1.03235480743582,0.543025867297464,0.00119649650042249,0.00681360525481332
"ENSG00000236914.4","LINC01852"," lncRNA","chr15",57.2591276212708,-1.03105221337762,0.400838862992798,0.000268530738786046,0.0019753965859127
"ENSG00000140848.17","CPNE2"," protein_coding","chr16",2185.97879063464,-1.02939174088308,0.373877542586593,0.000167339387302753,0.00133271822925824
"ENSG00000137672.13","TRPC6"," protein_coding","chr11",324.227778515806,-1.028634760981,0.306599011408904,2.59509576348633e-05,0.000279288976816167
"ENSG00000145908.12","ZNF300"," protein_coding","chr5",249.324724133268,-1.02768943797386,0.356667526617002,0.000116515413491662,0.000985297937987782
"ENSG00000103994.18","ZNF106"," protein_coding","chr15",7261.48318621311,-1.02605031493585,0.302271508633001,2.41548698981264e-05,0.000262223884759032
"ENSG00000198053.12","SIRPA"," protein_coding","chr20",4876.96353998596,-1.0255164285876,0.318271514309349,4.03786670929355e-05,0.000405338269626507
"ENSG00000111696.12","NT5DC3"," protein_coding","chr12",1023.25061201119,-1.02418971204202,0.251108615837932,1.75501847111042e-06,2.74963401326959e-05
"ENSG00000134198.10","TSPAN2"," protein_coding","chr1",581.67714893263,-1.02390059239713,0.330015892613727,5.93846234024631e-05,0.00055984568903954
"ENSG00000121964.14","GTDC1"," protein_coding","chr2",1218.37233300693,-1.01918308334025,0.290661691834214,1.52132006496185e-05,0.00017593761480472
"ENSG00000143882.12","ATP6V1C2"," protein_coding","chr2",89.4408430166498,-1.01697960484117,0.31444348592066,3.93235844610987e-05,0.000396428542453682
"ENSG00000115042.10","FAHD2A"," protein_coding","chr2",850.144013316658,-1.01549283253443,0.161656536096337,1.39668256267525e-11,9.14020143178327e-10
"ENSG00000286760.1","AL022069.3"," lncRNA","chr6",120.246427265765,-1.01425890204796,0.386445397939889,0.000238240539118933,0.00178685525588966
"ENSG00000251359.4","WWC2-AS2"," lncRNA","chr4",36.8276174521109,-1.01407634282275,0.317798950878261,4.51790653822451e-05,0.000445294567867772
"ENSG00000147100.11","SLC16A2"," protein_coding","chrX",1954.28099889478,-1.01176777598805,0.396684050034565,0.000288437051189136,0.00209489116424649
"ENSG00000253873.6","PCDHGA11"," protein_coding","chr5",69.6007783325509,-1.01122672494794,0.340153202499709,8.90563639465233e-05,0.000784663028903572
"ENSG00000197943.10","PLCG2"," protein_coding","chr16",1721.50939518895,-1.00916352703687,0.242421532386159,1.15969451442165e-06,1.91767304752065e-05
"ENSG00000139597.18","N4BP2L1"," protein_coding","chr13",1191.60425064221,-1.0075944511421,0.161840323300214,1.98894670608104e-11,1.23481031177711e-09
"ENSG00000179604.10","CDC42EP4"," protein_coding","chr17",7146.05460286807,-1.00734549382405,0.199012472980168,1.60241114699722e-08,4.60921082686563e-07
"ENSG00000183853.18","KIRREL1"," protein_coding","chr1",4800.19131651045,-1.00710751012223,0.303745147232522,2.5972591243623e-05,0.00027934947012369
"ENSG00000166741.8","NNMT"," protein_coding","chr11",7232.62005225553,-1.00460838966816,0.47940444536597,0.000809432462787674,0.00494614491391802
"ENSG00000118507.17","AKAP7"," protein_coding","chr6",537.462349578232,-1.00394680096181,0.254664735776024,2.88024621850731e-06,4.23670618928915e-05
"ENSG00000213930.12","GALT"," protein_coding","chr9",438.483781836858,-1.00282449592479,0.264833645037401,5.39276604743439e-06,7.25642114003214e-05
"ENSG00000163069.13","SGCB"," protein_coding","chr4",3518.74196250492,-1.00278059094007,0.426674713416469,0.000464156256354806,0.00311499825744865
"ENSG00000111850.11","SMIM8"," protein_coding","chr6",333.192394347154,-1.00257944888497,0.162996054346037,3.24488350056421e-11,1.87756600693509e-09
"ENSG00000168060.16","NAALADL1"," protein_coding","chr11",238.513063917383,-1.00210420709861,0.325442204665871,6.30804349114361e-05,0.000589116556342323
"ENSG00000126458.4","RRAS"," protein_coding","chr19",3371.08771219712,-1.00047851788783,0.49302814237218,0.000922870824512874,0.00552503190426882
