"EnsemblID","GeneSymbol","Class","Chromosome","baseMean","log2FoldChange","lfcSE","pvalue","padj"
"ENSG00000224943.1","LINC02819"," lncRNA","chr1",5.86653243798285,-9.21491896138352,2.85028535714842,2.73236326819234e-18,1.31736039950252e-16
"ENSG00000194297.2","RNU1-75P"," snRNA","chr1",4.76404282702809,-8.724240651725,2.91365913931258,5.62144481549777e-10,7.25218592760966e-09
"ENSG00000258179.1","AC079598.3"," processed_pseudogene","chr12",11.4392776666637,-7.92600232947459,1.49139615080962,6.97726339921728e-14,1.71622666244382e-12
"ENSG00000141434.12","MEP1B"," protein_coding","chr18",164.958989212117,-7.76272052881829,0.909999495138737,9.75327930334166e-19,5.06216021350842e-17
"ENSG00000253939.1","AC007991.3"," lncRNA","chr8",9.58380251791884,-7.7112168976276,1.44792713052522,1.77705875705285e-14,4.86453375750536e-13
"ENSG00000197838.5","CYP2A13"," protein_coding","chr19",29.6400036426935,-7.53114525428882,0.607290513601398,2.07904333362456e-19,1.18676350290596e-17
"ENSG00000277737.3","FP325317.1"," unprocessed_pseudogene","chr9",8.4216050474458,-7.50931307146499,1.42534209860898,1.34164115595959e-14,3.73775844108743e-13
"ENSG00000286510.1","AC018695.8"," lncRNA","chr16",29.8423153174397,-7.43848100635344,0.760341973084287,7.78961877017868e-24,8.70557049453417e-22
"ENSG00000287718.1","AC009166.3"," lncRNA","chr16",12.2130035481035,-7.35201900476305,0.991146855179879,2.4356672079931e-24,2.94796584190667e-22
"ENSG00000285854.1","AC010197.2"," protein_coding","chr12",10.8032775696642,-7.16223780909629,1.00582513936439,4.51936978915694e-22,3.79900568818209e-20
"ENSG00000251424.1","AC021146.9"," unprocessed_pseudogene","chr4",140.784988854341,-7.04778484787449,0.789958879015634,2.43105335991748e-20,1.57231475510938e-18
"ENSG00000262881.1","CR936218.2"," lncRNA","chr17",22.6159123947107,-7.03928064976912,0.748026588294835,3.53576795464107e-22,3.06038028097702e-20
"ENSG00000159650.9","UROC1"," protein_coding","chr3",5192.94307209277,-6.85058369650339,0.87523930052575,2.52863547630543e-16,8.86511637119627e-15
"ENSG00000237494.1","AL360007.1"," lncRNA","chr6",11.9509681760008,-6.76575016715136,0.942539275104291,4.62988898357618e-17,1.8449348601357e-15
"ENSG00000253959.1","LINC01863"," lncRNA","chr5",8.22939394417014,-6.73282564678023,1.01154087893699,2.64463227574731e-19,1.48348613175526e-17
"ENSG00000042781.14","USH2A"," protein_coding","chr1",964.888114346328,-6.70845646014956,0.415720862682227,9.80915246005336e-60,1.43061584053648e-55
"ENSG00000251443.2","LINC02160"," lncRNA","chr5",11.7297626828267,-6.66269365775714,0.990027305097995,3.57915913084169e-15,1.08187039054426e-13
"ENSG00000118271.12","TTR"," protein_coding","chr18",158066.39912095,-6.65702832115459,0.826456148329773,4.1212450509817e-17,1.66039498469731e-15
"ENSG00000278965.1","AC122713.2"," TEC","chr5",114.151593060965,-6.61285212667991,0.553038846059905,5.44392348579531e-34,2.2684829165309e-31
"ENSG00000230645.2","LINC01818"," lncRNA","chr2",84.3683162060304,-6.60240131435508,0.787601052910071,2.56129203195447e-18,1.24310028752213e-16
"ENSG00000236267.1","AP006216.2"," lncRNA","chr11",29.2383171610852,-6.58305977689116,0.574260272035423,4.06398792464299e-31,1.24781540814644e-28
"ENSG00000224273.2","AC005077.2"," transcribed_unprocessed_pseudogene","chr7",16.9133799051062,-6.57207494532293,0.791838498099387,6.59730643481971e-18,3.01625127581906e-16
"ENSG00000251049.2","AC107396.1"," lncRNA","chr4",13.4544983863742,-6.54367121273661,0.842112100719518,3.02377532676356e-17,1.24576980941195e-15
"ENSG00000271681.1","AC136601.2"," processed_pseudogene","chr5",70.221729924554,-6.5388731684884,0.816356949798406,6.16843708707876e-17,2.40544306675134e-15
"ENSG00000256863.1","AP001880.2"," unprocessed_pseudogene","chr11",31.4196511809346,-6.53099461768737,0.631423938016148,6.09798017691726e-26,9.26416582190102e-24
"ENSG00000287316.1","AC007391.3"," lncRNA","chr2",19.2971000049143,-6.50594321556468,0.711331361576185,7.93571685805721e-21,5.45936143944978e-19
"ENSG00000256847.1","CCND2P1"," processed_pseudogene","chr11",461.511832381649,-6.49617827924982,1.1096719221571,1.99862685995344e-10,2.77213251916224e-09
"ENSG00000205358.4","MT1H"," protein_coding","chr16",3736.17111209475,-6.49529569199875,0.859514104698467,2.14557788199584e-15,6.61568300633579e-14
"ENSG00000112246.10","SIM1"," protein_coding","chr6",10.5072909721809,-6.48360410057051,1.07431125700909,2.7881838674759e-12,5.2845052131517e-11
"ENSG00000238099.3","LINC01625"," lncRNA","chr6",65.4745384679465,-6.38739742698906,0.561257518932493,5.69825202859279e-31,1.67891225678811e-28
"ENSG00000175003.15","SLC22A1"," protein_coding","chr6",24159.8157748646,-6.34855493181406,0.88742185322062,3.9692253375282e-14,1.02277680097491e-12
"ENSG00000150656.15","CNDP1"," protein_coding","chr18",1660.12982341475,-6.33146014870216,0.682607499783629,9.45125084089477e-22,7.57372351038625e-20
"ENSG00000116882.15","HAO2"," protein_coding","chr1",6262.38746735334,-6.29590347118321,1.00122233626223,1.43905088636024e-11,2.45185019300479e-10
"ENSG00000084110.11","HAL"," protein_coding","chr12",6096.25593091631,-6.26623220664495,0.659870767630301,1.19036238343151e-22,1.10227556705758e-20
"ENSG00000164089.9","ETNPPL"," protein_coding","chr4",2727.30637352401,-6.26355807704525,1.00262171853858,1.86116375131342e-11,3.10041607436101e-10
"ENSG00000249173.6","LINC01093"," lncRNA","chr4",1740.57261019608,-6.26186396776402,1.04997384255963,1.06219649919873e-10,1.54529724115351e-09
"ENSG00000174992.8","ZG16"," protein_coding","chr16",902.831491805998,-6.25449196560857,1.10154818409082,5.66434823623396e-10,7.2978521953493e-09
"ENSG00000254607.2","AP001783.1"," lncRNA","chr11",113.758540077163,-6.18382430525593,0.78633563254833,1.98580569649379e-16,7.05529431924817e-15
"ENSG00000144852.19","NR1I2"," protein_coding","chr3",2347.44692613505,-6.15517561908628,0.62004304000204,1.63489979365384e-24,2.05553414142625e-22
"ENSG00000253357.1","AC008708.1"," lncRNA","chr5",13.4050772719185,-6.15096037535617,0.918219167264536,1.20550572744499e-12,2.43177016347461e-11
"ENSG00000120907.18","ADRA1A"," protein_coding","chr8",1359.25812697041,-6.14412778514712,0.690598809833833,3.06124035793246e-20,1.95373266168953e-18
"ENSG00000249364.6","AC112206.2"," lncRNA","chr5",377.72819690815,-6.133440386866,0.657879633393297,6.09988534226218e-22,5.02620213413688e-20
"ENSG00000021461.17","CYP3A43"," protein_coding","chr7",330.194265201924,-6.12488620598834,0.710363382699948,3.71896786359343e-19,2.05063466187442e-17
"ENSG00000238097.2","LINC02037"," lncRNA","chr3",208.114110005153,-6.10160276091184,0.844360424481375,2.38296658698245e-14,6.34203945033678e-13
"ENSG00000181656.7","GPR88"," protein_coding","chr1",226.170318920612,-6.03282345079515,0.639297645601552,1.67399147570429e-16,6.05063907742484e-15
"ENSG00000253813.1","COX6B1P4"," processed_pseudogene","chr8",13.8916928054216,-6.01815666720988,0.739122213228357,5.70654747843808e-17,2.24029991115155e-15
"ENSG00000248884.1","AC010280.2"," lncRNA","chr5",63.6606493897921,-6.01404615463825,0.437781057549305,4.17360063155488e-44,5.79713127722973e-41
"ENSG00000139445.18","FOXN4"," protein_coding","chr12",11.8685454948881,-6.00567048300866,0.65875360716432,1.00489850331526e-06,7.15272924431502e-06
"ENSG00000279372.1","AC137723.1"," TEC","chr17",30.7902222335287,-6.00338473725935,0.615068196878077,1.36119739313759e-23,1.44380970037929e-21
"ENSG00000230921.1","HAO2-IT1"," lncRNA","chr1",9.39220024495402,-6.00250043886244,0.82454073904955,1.8633944027369e-15,5.78842932198431e-14
"ENSG00000160097.20","FNDC5"," protein_coding","chr1",1314.74243209872,-5.99465839397649,0.563025399425331,9.48126983921495e-28,1.79583870090949e-25
"ENSG00000140505.7","CYP1A2"," protein_coding","chr15",16889.2022515214,-5.99212167925329,1.5245988410967,2.38447178654848e-06,1.57039190656655e-05
"ENSG00000228842.3","PCDH9-AS2"," lncRNA","chr13",12.2869412781269,-5.99029670192045,0.904669308711063,1.59670170609008e-12,3.16400761310744e-11
"ENSG00000235357.2","LINC01621"," lncRNA","chr6",20.7851996990038,-5.95829300059386,0.624451683616982,3.5802373424599e-22,3.0897024568702e-20
"ENSG00000099937.11","SERPIND1"," protein_coding","chr22",32660.5869038987,-5.94769543884466,0.887282563615287,9.55864265463863e-13,1.96903988413244e-11
"ENSG00000284779.2","AC132217.2"," protein_coding","chr11",6.97807221907075,-5.93440819463055,0.902788212577987,5.02199224986194e-15,1.48566421842011e-13
"ENSG00000196600.12","SLC22A25"," protein_coding","chr11",476.863538205016,-5.91900088957138,0.908846465152485,3.35469786199611e-12,6.29280912775335e-11
"ENSG00000142182.9","DNMT3L"," protein_coding","chr21",31.3188579632855,-5.90625987341055,0.923865829141782,6.87937050472464e-12,1.22880807257999e-10
"ENSG00000249956.4","UGT2B24P"," processed_pseudogene","chr4",24.5262589402867,-5.87525326650216,0.964538606611365,9.50206294172478e-11,1.38930162379534e-09
"ENSG00000188676.13","IDO2"," protein_coding","chr8",274.901045012058,-5.86949508184212,0.65276394607339,1.35526307457476e-20,9.00493590484535e-19
"ENSG00000118520.15","ARG1"," protein_coding","chr6",16346.94572893,-5.84926656555502,0.977123383726985,9.39559229921475e-11,1.37580337236845e-09
"ENSG00000218819.6","TDRD15"," protein_coding","chr2",30.897318015085,-5.82707499255654,0.913767769326624,6.47649595223283e-12,1.16182601740885e-10
"ENSG00000172425.12","TTC36"," protein_coding","chr11",516.377656278361,-5.8199887663805,0.749192831346054,3.85048733272629e-16,1.31055851818312e-14
"ENSG00000240935.6","PLGLA"," transcribed_unprocessed_pseudogene","chr2",304.22291997136,-5.79998644520829,0.905830873174278,7.02360619261345e-12,1.25074217968463e-10
"ENSG00000172482.5","AGXT"," protein_coding","chr2",59431.2494581987,-5.79824294982181,0.985066237131933,1.70918423961306e-10,2.39228383326647e-09
"ENSG00000110245.12","APOC3"," protein_coding","chr11",164472.403534622,-5.77145762238351,1.12977504869317,1.2245225722592e-08,1.25945341714487e-07
"ENSG00000143278.5","F13B"," protein_coding","chr1",3878.28778491412,-5.75448262625889,0.937576270756725,3.73509056219369e-11,5.88276763545507e-10
"ENSG00000100012.12","SEC14L3"," protein_coding","chr22",80.5362013816781,-5.73766846673858,0.63103205979975,6.89414195394036e-21,4.77660870913269e-19
"ENSG00000266964.6","FXYD1"," protein_coding","chr19",45.5122607212155,-5.72004293616768,0.389496857235759,3.68348171621006e-50,9.76758892546647e-47
"ENSG00000279218.1","AC006037.2"," TEC","chr2",15.5092514754196,-5.71901166560136,0.745800591800148,1.30287744448269e-15,4.10850077601249e-14
"ENSG00000104938.18","CLEC4M"," protein_coding","chr19",665.393198147958,-5.70711604291261,1.10727165108008,1.0028791645815e-08,1.0481183214503e-07
"ENSG00000079557.5","AFM"," protein_coding","chr4",13548.0599518892,-5.70454248688485,1.04313759779917,1.86525229412263e-09,2.19385258738964e-08
"ENSG00000187758.8","ADH1A"," protein_coding","chr4",25339.366036216,-5.70380304133928,0.833802746542702,3.74332462150348e-13,8.20353387562997e-12
"ENSG00000286081.1","AC016682.1"," lncRNA","chr2",178.136288806263,-5.69722464606675,0.804189461810731,6.47417886779916e-14,1.60038409656639e-12
"ENSG00000256811.1","AC079360.1"," lncRNA","chr12",13.7869617510425,-5.69654005621817,0.857604180194756,2.30532868492117e-12,4.4268684931182e-11
"ENSG00000111700.13","SLCO1B3"," protein_coding","chr12",1378.77432146394,-5.68813069797657,0.820468473835992,2.00431248191132e-13,4.61070905243465e-12
"ENSG00000167014.11","TERB2"," protein_coding","chr15",15.6939809965627,-5.68710627344878,0.658617368007088,1.47032796778025e-18,7.48481614174206e-17
"ENSG00000232650.6","LINC01780"," lncRNA","chr1",25.7274246092297,-5.68068269660463,0.529495746316982,1.0471915313311e-27,1.97067934047722e-25
"ENSG00000229740.3","U91324.1"," lncRNA","chr2",118.027653654329,-5.67742193821229,0.787817604944556,2.59952064228857e-14,6.86824434917711e-13
"ENSG00000248676.1","AC083902.1"," lncRNA","chr4",16.7806260130687,-5.66989992738949,0.691040207593952,1.38716112349978e-17,6.03518944835789e-16
"ENSG00000158104.11","HPD"," protein_coding","chr12",35543.0179780939,-5.66492541148352,0.843821879014462,8.97022958206463e-13,1.85832831448326e-11
"ENSG00000156006.5","NAT2"," protein_coding","chr8",1269.23420061716,-5.66160816190619,0.719303158363462,1.76217149898367e-16,6.34577536467341e-15
"ENSG00000166183.16","ASPG"," protein_coding","chr14",3397.73439244394,-5.64465229080644,0.893865864326781,1.228537565835e-11,2.11292525105195e-10
"ENSG00000055957.11","ITIH1"," protein_coding","chr3",73088.9243643837,-5.63101532235797,0.782283478574468,2.97143835255553e-14,7.77538092359956e-13
"ENSG00000227712.2","AL359915.1"," lncRNA","chr1",42.4467492110751,-5.61748790239747,0.34321553067172,1.66268589213172e-60,4.84988847875902e-56
"ENSG00000203972.10","GLYATL3"," protein_coding","chr6",8.93140942060974,-5.61262067296485,0.76184926975925,1.26173444415009e-14,3.53540172924245e-13
"ENSG00000215124.2","AMD1P4"," processed_pseudogene","chr6",47.8187687342214,-5.61068102298139,0.777116193199327,2.3638872541274e-14,6.29813074499041e-13
"ENSG00000145192.13","AHSG"," protein_coding","chr3",133470.737603311,-5.5773610101113,1.16565370953501,0.000104982750825871,0.000483460981818729
"ENSG00000286789.1","AL161645.2"," lncRNA","chr10",19.0249061288928,-5.56131953060477,0.712884037166709,3.53690955585177e-16,1.20702853275663e-14
"ENSG00000151892.15","GFRA1"," protein_coding","chr10",1612.96582898105,-5.5535055758619,0.630879879902824,7.02577022454072e-20,4.26947274332559e-18
"ENSG00000128313.2","APOL5"," protein_coding","chr22",33.9606190511658,-5.55314990733567,1.11105167889946,2.77998652894371e-08,2.68241571494407e-07
"ENSG00000270385.1","AC133539.1"," processed_pseudogene","chr16",11.4736194478033,-5.54397891904585,0.680986398631331,8.50974826753953e-17,3.24048103414961e-15
"ENSG00000101323.5","HAO1"," protein_coding","chr20",10779.6266262397,-5.54217299546011,1.08876266344508,1.39333245915356e-08,1.41767991803766e-07
"ENSG00000224570.1","AC097063.1"," processed_pseudogene","chr1",3.87832627687128,-5.52897527795676,1.09696649965881,6.45718572414445e-11,9.75904924287925e-10
"ENSG00000146166.17","LGSN"," protein_coding","chr6",109.260667646498,-5.52878753250383,0.446442229111861,2.35298168741736e-36,1.42987755917244e-33
"ENSG00000257878.1","AC007298.2"," lncRNA","chr12",17.1468539255586,-5.52278248268452,0.601910930300173,8.27895559530946e-21,5.68209072375486e-19
"ENSG00000231487.1","AP006285.1"," lncRNA","chr11",19.5875534465445,-5.49675593441524,0.634580520764444,2.33424126880928e-19,1.32724139512471e-17
"ENSG00000253199.2","LINC02153"," lncRNA","chr8",22.5974813636048,-5.4958172476021,0.665362002141365,8.57004087398042e-18,3.85770867674591e-16
"ENSG00000243384.1","AC119424.1"," lncRNA","chr3",35.0768380613821,-5.49194252176074,0.678223536649239,4.21635131107284e-17,1.69170221998189e-15
"ENSG00000217228.1","GSTA12P"," unprocessed_pseudogene","chr6",5.21406722278059,-5.47931038187664,0.908183640593692,5.09836603685639e-13,1.08896060426417e-11
"ENSG00000230333.6","AC004160.1"," lncRNA","chr7",96.4014299780051,-5.46733591675579,0.598219244106658,2.90792722526592e-21,2.16380941922912e-19
"ENSG00000123454.12","DBH"," protein_coding","chr9",971.372572348307,-5.46030649130783,0.583071910887077,4.11328563371083e-22,3.4979716807496e-20
"ENSG00000223922.1","ASS1P2"," processed_pseudogene","chr2",94.5624614903199,-5.45747089621169,0.591455624587058,1.78279039412944e-21,1.37936904526159e-19
"ENSG00000228980.4","LINC01205"," lncRNA","chr3",3.82884745140477,-5.44784432902302,1.095370786935,7.7334265039868e-11,1.14622112649792e-09
"ENSG00000232451.2","AC018467.1"," lncRNA","chr2",123.064417099368,-5.44659758213056,0.703281121771673,4.51639477951561e-16,1.51076512985884e-14
"ENSG00000106927.12","AMBP"," protein_coding","chr9",231210.607878891,-5.44536636335304,0.644462510212086,1.5142826228313e-18,7.66842184468165e-17
"ENSG00000244067.3","GSTA2"," protein_coding","chr6",6737.06607490153,-5.44111986489127,1.01459010774705,3.35808611168294e-09,3.79364886877148e-08
"ENSG00000158571.11","PFKFB1"," protein_coding","chrX",692.570812928272,-5.4300084309468,0.579954261465088,4.01997420988774e-22,3.42861484585425e-20
"ENSG00000135447.17","PPP1R1A"," protein_coding","chr12",3523.99317275304,-5.42924256229315,0.518594172285301,6.45793807301039e-27,1.13476864850386e-24
"ENSG00000132837.15","DMGDH"," protein_coding","chr5",6261.36821613012,-5.42458557410134,0.748009842229922,2.01074339196164e-14,5.44581002786713e-13
"ENSG00000287933.1","AL357141.1"," lncRNA","chr6",10.4171051466563,-5.42019160409385,0.913773117309155,1.54083103716448e-10,2.17228132059211e-09
"ENSG00000131482.10","G6PC"," protein_coding","chr17",23210.5246838219,-5.41068828935401,0.716243023389701,2.09397248995061e-15,6.47024190247557e-14
"ENSG00000123453.18","SARDH"," protein_coding","chr9",6556.44760805265,-5.40879726144642,0.489022720372718,1.07839825330399e-29,2.6433444244222e-27
"ENSG00000005421.9","PON1"," protein_coding","chr7",15695.0255953575,-5.39461172540024,0.740976821349658,1.6300046235691e-14,4.4769872754131e-13
"ENSG00000162365.12","CYP4A22"," protein_coding","chr1",8714.9047245439,-5.39351788688571,0.948777147606479,5.60474571286967e-10,7.23384193357059e-09
"ENSG00000066813.14","ACSM2B"," protein_coding","chr16",11968.1029094337,-5.39090816333428,0.743368742498921,2.00729680250328e-14,5.44152792120988e-13
"ENSG00000236117.1","LINC01639"," lncRNA","chr22",9.72126503995353,-5.38859956540574,0.824840105658816,4.55891838640016e-12,8.34247744121118e-11
"ENSG00000145826.9","LECT2"," protein_coding","chr5",2133.0684174193,-5.38495035166733,1.1506896159477,1.0535052051574e-07,9.08624876677592e-07
"ENSG00000009724.17","MASP2"," protein_coding","chr1",5736.43106043104,-5.38077023763033,0.792920645504832,5.46487421891953e-13,1.16184341174682e-11
"ENSG00000286714.1","AC093001.2"," lncRNA","chr3",121.184978845657,-5.37748153523809,0.655758739096265,1.12227887170128e-17,4.94497770523483e-16
"ENSG00000256020.1","AC006205.2"," lncRNA","chr12",24.5889396718874,-5.37620760484138,0.634506686274565,8.52835328274062e-19,4.49031655061843e-17
"ENSG00000250333.2","AC093725.2"," lncRNA","chr4",8.68910744628112,-5.37433127410773,0.650706661433511,5.11608186831947e-17,2.0166350272569e-15
"ENSG00000280587.1","LINC01348"," lncRNA","chr1",1151.56985688214,-5.36891476382493,0.603505219499388,3.00048109845727e-20,1.91932090265132e-18
"ENSG00000109758.9","HGFAC"," protein_coding","chr4",8821.90428916602,-5.36464354244638,0.941097764458639,4.65216282187617e-06,2.886597263376e-05
"ENSG00000261058.1","AC099508.2"," lncRNA","chr16",41.4913970612557,-5.35608595423716,0.624534363237507,5.48388619010003e-19,2.95128185016657e-17
"ENSG00000187048.13","CYP4A11"," protein_coding","chr1",30446.7481806446,-5.33684369092783,0.858155476035667,2.26367699113242e-11,3.70742246795854e-10
"ENSG00000151948.12","GLT1D1"," protein_coding","chr12",943.661727815437,-5.33246781305746,0.587526544769467,5.75810999608277e-21,4.03745938643602e-19
"ENSG00000188338.15","SLC38A3"," protein_coding","chr3",17765.8128812111,-5.32349338350944,0.764851143553038,1.67648769500788e-13,3.87799124311538e-12
"ENSG00000224916.9","APOC4-APOC2"," protein_coding","chr19",57.6262643295182,-5.31545259076354,0.7027880092364,1.66463903175715e-15,5.18205506054687e-14
"ENSG00000138207.14","RBP4"," protein_coding","chr10",208897.274632102,-5.29835388996264,0.94611730074547,9.05597858021548e-10,1.12549569325226e-08
"ENSG00000228291.1","ARL4AP3"," processed_pseudogene","chr10",24.212141681741,-5.2947267580039,0.677406943268108,4.51395727171322e-16,1.51076512985884e-14
"ENSG00000198610.11","AKR1C4"," protein_coding","chr10",4813.38677117565,-5.28422326516115,0.730627260418746,2.16644093546705e-14,5.8349875943341e-13
"ENSG00000250436.1","LINC02499"," lncRNA","chr4",409.61191624183,-5.26819689962554,0.926698025892793,5.70952584384447e-10,7.34956572546776e-09
"ENSG00000277526.5","AC245123.1"," lncRNA","chr8",5.28384964063029,-5.26077807319409,1.16136798288055,4.2038482218783e-08,3.91138911591605e-07
"ENSG00000151726.15","ACSL1"," protein_coding","chr4",39789.1875831433,-5.2596437846246,0.46823920837598,1.86700684749255e-30,5.08960025556169e-28
"ENSG00000139344.8","AMDHD1"," protein_coding","chr12",3505.48315485296,-5.2594976857336,0.695788006565517,2.01861204709172e-15,6.25062577511871e-14
"ENSG00000226622.6","AC092155.1"," lncRNA","chr2",12.0260238279919,-5.25687677677479,0.587923231609456,6.00321140422285e-20,3.68647733578477e-18
"ENSG00000271992.1","AL354872.1"," lncRNA","chr1",193.792255830787,-5.25048092362528,0.388063413129938,5.62390306238955e-43,6.8351511844517e-40
"ENSG00000235310.1","GXYLT1P6"," processed_pseudogene","chr9",9.81290746214749,-5.24795586321863,0.726765345882743,5.5935906969584e-14,1.40504696509334e-12
"ENSG00000288669.1","AC008763.4"," protein_coding","chr19",8.52984213772865,-5.23444131511948,0.746812230772985,2.16159799030906e-13,4.93748251991583e-12
"ENSG00000121871.4","SLITRK3"," protein_coding","chr3",399.711016300469,-5.2331682855725,1.04771898998588,2.30454774611786e-08,2.25423719673078e-07
"ENSG00000253525.1","CPP"," processed_pseudogene","chr8",36.5840859776645,-5.22595889534056,0.548300892772713,7.87675155221997e-23,7.44786689425437e-21
"ENSG00000100652.5","SLC10A1"," protein_coding","chr14",8586.78655221528,-5.22510961546616,1.08801357354556,6.01224244473931e-08,5.43449333345525e-07
"ENSG00000257817.2","AC026765.3"," lncRNA","chr12",20.390199437335,-5.22334219308422,0.592740502528987,1.24839072815555e-19,7.37131764161322e-18
"ENSG00000143257.12","NR1I3"," protein_coding","chr1",1903.41398984411,-5.21485039807651,0.834446573871745,2.31922060411128e-07,1.88333368043769e-06
"ENSG00000117009.12","KMO"," protein_coding","chr1",1252.41708532355,-5.21020619780715,0.491864381163525,1.70839681833369e-27,3.11451417462346e-25
"ENSG00000251637.6","LINC02754"," lncRNA","chr11",338.052829776552,-5.19153352959719,0.549000070210417,1.65284521590886e-22,1.47436826002586e-20
"ENSG00000261978.1","AC116025.1"," lncRNA","chr17",12.8057752592391,-5.18889176763481,0.641760754031368,7.51588822040225e-17,2.87704650263666e-15
"ENSG00000284743.1","AL139254.3"," lncRNA","chr1",10.1310574029497,-5.18463006699512,0.587334030582066,2.84557605460932e-19,1.58704795290438e-17
"ENSG00000111181.12","SLC6A12"," protein_coding","chr12",2336.07703438568,-5.17731914314475,0.567622377405609,3.93817403168549e-21,2.86465332494349e-19
"ENSG00000144908.14","ALDH1L1"," protein_coding","chr3",15813.9117132591,-5.17215598147974,0.719094280970461,2.98084660483408e-14,7.79106761795746e-13
"ENSG00000203900.2","AL121827.1"," lncRNA","chr20",37.3439949543457,-5.16845313211286,0.911606242650892,6.26316951974542e-10,8.02329344406913e-09
"ENSG00000007001.13","UPP2"," protein_coding","chr2",317.571320405249,-5.15950401077434,0.71334915883059,2.25536960036627e-14,6.04658785598196e-13
"ENSG00000160868.15","CYP3A4"," protein_coding","chr7",56538.9220439226,-5.14975021557774,1.21404184548399,7.45215713158514e-07,5.46435322702883e-06
"ENSG00000233445.1","RPL17P11"," processed_pseudogene","chr2",15.0821252705872,-5.14809522658554,0.662603886493781,6.72530556547719e-16,2.19184846971401e-14
"ENSG00000228445.1","UGT1A2P"," unprocessed_pseudogene","chr2",37.8686324481274,-5.14652226204796,0.640120006861003,4.58759896430015e-17,1.83058377824448e-15
"ENSG00000233569.2","AL161630.1"," lncRNA","chr9",17.6974318061725,-5.14259343933855,0.570043634851746,2.95560777819223e-20,1.8947719402657e-18
"ENSG00000179577.3","AP003471.1"," lncRNA","chr8",10.8726055931071,-5.12936461172816,0.611623773914765,1.07835680948316e-17,4.76584693572946e-16
"ENSG00000137561.5","TTPA"," protein_coding","chr8",3144.44009165951,-5.12426618376703,0.659985016737069,4.12195129788603e-16,1.39806043497718e-14
"ENSG00000166840.13","GLYATL1"," protein_coding","chr11",7922.39626877034,-5.11210560280468,0.762517236920678,9.2966782502262e-13,1.92050147224397e-11
"ENSG00000213512.3","GBP7"," protein_coding","chr1",1189.77531944505,-5.11079222428897,0.906063658368205,7.29264456310333e-10,9.21233604216043e-09
"ENSG00000072080.11","SPP2"," protein_coding","chr2",5095.31320514081,-5.11030449378777,1.21499577326994,8.64247375055006e-07,6.25228960391356e-06
"ENSG00000165682.14","CLEC1B"," protein_coding","chr12",212.884925358989,-5.09929416086156,0.74958636215739,4.74960497100912e-13,1.02169046754694e-11
"ENSG00000103569.10","AQP9"," protein_coding","chr15",15092.7586473455,-5.09753090921827,0.749435309965421,4.93447465305116e-13,1.05755834794158e-11
"ENSG00000169738.8","DCXR"," protein_coding","chr17",26524.7447459631,-5.0962272747678,0.36316115432003,5.12864638416346e-46,8.3109714655369e-43
"ENSG00000286024.1","AC026803.3"," lncRNA","chr19",224.797572692548,-5.09120922004268,0.535476124005438,1.12696034371853e-22,1.05023342702638e-20
"ENSG00000253196.1","AC083841.1"," lncRNA","chr8",76.9841736361429,-5.09044593652292,0.79437449420491,6.66235712652887e-12,1.19296682028067e-10
"ENSG00000160870.15","CYP3A7"," protein_coding","chr7",535.910164708768,-5.08952287921892,0.550151539301482,1.15135879357636e-21,9.07675260806183e-20
"ENSG00000164344.16","KLKB1"," protein_coding","chr4",6038.79810545786,-5.07511482822949,0.522709157808677,1.40285586199197e-23,1.48260516805956e-21
"ENSG00000003989.18","SLC7A2"," protein_coding","chr8",12599.5402825348,-5.06465888153126,0.360743358922948,4.72664313152455e-46,8.11008550020233e-43
"ENSG00000163032.12","VSNL1"," protein_coding","chr2",472.892809477098,-5.05665038311391,0.592021555722245,6.57869630339483e-19,3.48898168134043e-17
"ENSG00000143627.19","PKLR"," protein_coding","chr1",4842.99494492496,-5.05209785350252,0.761347777621453,1.52723013219279e-12,3.03458962710706e-11
"ENSG00000179636.15","TPPP2"," protein_coding","chr14",123.49629582766,-5.04969910305711,0.495440319737664,1.17305237751643e-25,1.71083823998883e-23
"ENSG00000142494.13","SLC47A1"," protein_coding","chr17",4210.67313875927,-5.04962820148197,0.510381936074571,2.57019176391516e-24,3.07253785088694e-22
"ENSG00000248050.1","AC079061.1"," lncRNA","chr8",99.1925913935793,-5.04795139044418,0.587003783251025,4.95245851305538e-19,2.69511683521105e-17
"ENSG00000258604.1","AL161668.4"," lncRNA","chr14",117.918790642154,-5.04702561602433,0.591516236194332,8.76316642252208e-19,4.59735254277962e-17
"ENSG00000007933.13","FMO3"," protein_coding","chr1",19798.1982537431,-5.04569353246928,0.742206784163168,5.02931577516519e-13,1.07630309498014e-11
"ENSG00000109193.12","SULT1E1"," protein_coding","chr4",210.093272425089,-5.04550380774387,0.644427702442712,2.42257349734001e-16,8.52401041542952e-15
"ENSG00000021852.13","C8B"," protein_coding","chr1",16747.4571423965,-5.03485292697648,0.846016283061986,1.18074837625533e-10,1.70248390444843e-09
"ENSG00000187545.5","PRAMEF10"," protein_coding","chr1",29.8169508796537,-5.0346982261225,1.14219880586247,4.05527525323429e-07,3.12106395413169e-06
"ENSG00000100024.15","UPB1"," protein_coding","chr22",8979.75690484727,-5.02850919965719,0.896983802734819,8.8766690305012e-10,1.10415163731637e-08
"ENSG00000249198.1","AC106822.1"," lncRNA","chr5",13.9397994898976,-5.02230560123322,0.6351527249376,2.03721694675639e-16,7.21334450859991e-15
"ENSG00000160339.16","FCN2"," protein_coding","chr9",1231.72256079393,-5.02113778031354,1.05412486699756,7.27214151764798e-08,6.45726319416359e-07
"ENSG00000286790.1","AC010494.1"," lncRNA","chr16",10.5117759714163,-5.01986722876287,0.645366067641756,7.47408484527532e-16,2.42774588921866e-14
"ENSG00000165841.11","CYP2C19"," protein_coding","chr10",2010.3164712345,-5.00997428403155,0.85663880921183,2.18901094966649e-10,3.02182964462005e-09
"ENSG00000186466.5","AQP7P1"," unprocessed_pseudogene","chr9",39.2505365975373,-5.00396690045991,0.584969332425509,6.53118108337266e-19,3.47009145757554e-17
"ENSG00000157103.12","SLC6A1"," protein_coding","chr3",4608.31421628717,-4.99721332983438,0.524029412957897,7.8847234912779e-23,7.44786689425437e-21
"ENSG00000132840.10","BHMT2"," protein_coding","chr5",14422.8992566126,-4.99153279066723,0.762316551623974,2.72714967728298e-12,5.18567333355067e-11
"ENSG00000112293.15","GPLD1"," protein_coding","chr6",1771.60330971661,-4.98885528759055,0.436500694319603,1.83300878626957e-31,5.87549816337331e-29
"ENSG00000113790.11","EHHADH"," protein_coding","chr3",11239.9937696284,-4.97993289970734,0.458826534454087,1.04375992285728e-28,2.28913031502437e-26
"ENSG00000162460.7","TMEM82"," protein_coding","chr1",1085.63350799681,-4.97014956483083,0.728331202347861,4.22796100475086e-13,9.18282908023663e-12
"ENSG00000110243.12","APOA5"," protein_coding","chr11",11688.8395685461,-4.96181602694163,1.18987423119504,1.02577424544672e-06,7.28354648623061e-06
"ENSG00000146233.8","CYP39A1"," protein_coding","chr6",1919.50179304846,-4.95296428741403,0.537288830125672,1.58937159005198e-21,1.23627679760603e-19
"ENSG00000166819.12","PLIN1"," protein_coding","chr15",660.045273491257,-4.94800820423128,0.556418814674239,3.14832164241148e-20,2.00072753785404e-18
"ENSG00000167711.14","SERPINF2"," protein_coding","chr17",58810.2046897948,-4.94597887622979,0.693273614634873,4.70839659768818e-14,1.19678086579146e-12
"ENSG00000139194.8","RBP5"," protein_coding","chr12",4582.28122031225,-4.94423629669751,0.493550094458866,6.78691725859519e-25,9.03961595963301e-23
"ENSG00000253821.2","AC090796.1"," lncRNA","chr8",16.8037564252021,-4.93745294388061,0.810207679234724,5.25373300601498e-11,8.0401961202755e-10
"ENSG00000199488.1","RNU1-70P"," snRNA","chr3",33.5331553280635,-4.93687214460011,0.724428058541101,3.80600638454841e-13,8.31591012965487e-12
"ENSG00000168306.13","ACOX2"," protein_coding","chr3",6077.79976736158,-4.93558821187628,0.577038909294826,6.18812941429354e-19,3.30588913709759e-17
"ENSG00000172497.9","ACOT12"," protein_coding","chr5",2267.83832496266,-4.93297425679871,1.13299819726394,4.24894528354702e-05,0.000214239386302131
"ENSG00000135423.13","GLS2"," protein_coding","chr12",103.3720247933,-4.91298459177477,0.363902292008947,7.90903887530828e-43,8.8730290366872e-40
"ENSG00000072315.3","TRPC5"," protein_coding","chrX",27.4927583884201,-4.91241732993939,0.625960939912652,1.97912371995298e-16,7.04872524875561e-15
"ENSG00000171560.16","FGA"," protein_coding","chr4",517119.541460716,-4.91025001740351,0.589963865244639,4.36583031422823e-18,2.04081577621351e-16
"ENSG00000131183.11","SLC34A1"," protein_coding","chr5",29.6894418785766,-4.9037568365548,0.611001433601644,4.21488392176452e-17,1.69170221998189e-15
"ENSG00000088926.14","F11"," protein_coding","chr4",3080.10996336437,-4.89746434102603,0.555747695036717,6.39468315506524e-20,3.90222830439536e-18
"ENSG00000103154.9","NECAB2"," protein_coding","chr16",434.729723868348,-4.88421721143457,0.575605988177299,1.06704701740033e-18,5.51856284584226e-17
"ENSG00000138030.13","KHK"," protein_coding","chr2",5435.41393416528,-4.88042280109015,0.40647035011318,1.79125454364707e-34,8.29350853708593e-32
"ENSG00000287440.1","AC063919.2"," lncRNA","chr3",4.50804745047366,-4.8792372862916,0.915374649767752,2.8081828456809e-09,3.19968302444009e-08
"ENSG00000227117.6","HORMAD2-AS1"," lncRNA","chr22",61.1890221798385,-4.8758748201315,0.624189122905434,2.87002547423401e-16,9.93069668540117e-15
"ENSG00000196553.15","CCDC196"," protein_coding","chr14",32.2484905890509,-4.87260423248611,0.575800748591642,1.30827089912271e-18,6.71847779163916e-17
"ENSG00000116761.12","CTH"," protein_coding","chr1",2260.66333961204,-4.86744167629493,0.45063359903016,1.84379148226359e-28,3.89721403957584e-26
"ENSG00000106633.17","GCK"," protein_coding","chr7",221.505272608966,-4.84972770261399,0.755235971408317,6.69341113745885e-12,1.19705769140734e-10
"ENSG00000236497.2","LINC01744"," lncRNA","chr1",6.33165721245519,-4.84786884676955,0.740189843307514,9.86502977903613e-12,1.71792867835645e-10
"ENSG00000204099.12","NEU4"," protein_coding","chr2",1190.48588772534,-4.84435362840804,0.634962994681787,1.19340471747653e-15,3.7878587817272e-14
"ENSG00000078898.7","BPIFB2"," protein_coding","chr20",7.03349629087636,-4.83008022794821,0.674561066642804,1.99647872863879e-13,4.59631318355682e-12
"ENSG00000249746.1","AC099509.1"," lncRNA","chr5",48.8790292536746,-4.82387794670838,0.485578077554492,1.28179548340317e-24,1.63269399368502e-22
"ENSG00000173531.15","MST1"," protein_coding","chr3",7747.6832969707,-4.82240670652498,0.491093189381885,5.01965865703078e-24,5.81025489551313e-22
"ENSG00000257906.3","LINC02156"," lncRNA","chr12",16.3286160468475,-4.80549899480656,0.567293436753624,2.45325693477962e-18,1.19864407923931e-16
"ENSG00000186480.13","INSIG1"," protein_coding","chr7",22300.7576397123,-4.78900463515851,0.371919454175158,3.41800237919661e-39,2.49249278496965e-36
"ENSG00000230435.1","AC004160.2"," lncRNA","chr7",8.22800974674815,-4.78590997941005,0.672362331090531,9.72218318340851e-14,2.35341378652982e-12
"ENSG00000236341.1","AL161740.1"," lncRNA","chr1",17.8578471171948,-4.78081353979668,0.622750524728752,5.41156906485833e-16,1.7876563765895e-14
"ENSG00000108515.18","ENO3"," protein_coding","chr17",3423.85118917375,-4.77916542945812,0.47209722548528,2.31688370806945e-25,3.29664296978916e-23
"ENSG00000084674.15","APOB"," protein_coding","chr2",186116.771452412,-4.76962052315072,0.588292958463756,2.60451685062678e-17,1.0822101426771e-15
"ENSG00000272430.1","LINC02637"," lncRNA","chr10",52.2012551895254,-4.76373068900099,0.606030077800989,1.59349082195096e-16,5.78116091859299e-15
"ENSG00000100362.13","PVALB"," protein_coding","chr22",27.880825698804,-4.76300725745341,0.481029482415041,2.46269117316424e-24,2.96835697644743e-22
"ENSG00000271732.1","AL137798.1"," lncRNA","chr1",15.1161221891279,-4.7548579706274,0.771807272910382,4.0629234271945e-11,6.33750874052601e-10
"ENSG00000229484.1","LINC02766"," lncRNA","chr1",25.1148241200534,-4.74956970771238,0.458915771655538,4.22227688149583e-26,6.51638065377524e-24
"ENSG00000287956.1","AC010872.2"," lncRNA","chr2",144.861548189383,-4.74906526113059,1.01854420462033,6.76699818805847e-06,4.0664723969402e-05
"ENSG00000164120.14","HPGD"," protein_coding","chr4",5314.58745946444,-4.7433324719074,0.67578034379294,1.07822973416124e-13,2.58855005067894e-12
"ENSG00000154262.13","ABCA6"," protein_coding","chr17",3434.23823945409,-4.73497047038575,0.478148696929753,2.15602451484391e-24,2.6423982803984e-22
"ENSG00000286398.1","AL360013.3"," lncRNA","chr1",149.649767482988,-4.73342389629062,0.930820353295461,1.56630559428716e-08,1.57869965030277e-07
"ENSG00000117594.10","HSD11B1"," protein_coding","chr1",12675.7944860908,-4.72706760545987,0.606529322560557,3.25487726712921e-16,1.11433703057385e-14
"ENSG00000233377.1","MTND4P20"," processed_pseudogene","chr10",1209.38820224358,-4.70929108833209,0.706403739107128,1.24784448486661e-12,2.51023281234993e-11
"ENSG00000130203.10","APOE"," protein_coding","chr19",152528.366862567,-4.70669829944255,0.427433505875344,1.81480922123401e-29,4.33903034214548e-27
"ENSG00000226798.1","AL138749.1"," lncRNA","chr9",9.15945743810307,-4.7039610745693,0.773407566926002,6.89755117752106e-11,1.03579304103325e-09
"ENSG00000257715.1","AC007298.1"," lncRNA","chr12",4.034106161486,-4.70378438393167,0.859935458651769,9.95363315581e-10,1.22593457709806e-08
"ENSG00000164188.9","RANBP3L"," protein_coding","chr5",320.282345892144,-4.70035088496874,0.466385815091559,3.91192572223153e-25,5.40791286216927e-23
"ENSG00000187193.9","MT1X"," protein_coding","chr16",5079.21379148437,-4.6968479460246,0.492054095649725,7.10415915497623e-23,6.86162974806297e-21
"ENSG00000261469.1","AC020978.4"," lncRNA","chr16",113.889174363508,-4.69532417686595,0.477080455039973,4.34897020084746e-24,5.0539885174709e-22
"ENSG00000091831.24","ESR1"," protein_coding","chr6",1236.02671404957,-4.69507204234543,0.458958233669452,7.75856384591136e-26,1.16654406608963e-23
"ENSG00000259670.1","AC012379.1"," lncRNA","chr15",4.71118757596249,-4.69425923230752,1.2448319118337,6.28915696353089e-06,3.80361641030961e-05
"ENSG00000260733.1","AC046158.1"," lncRNA","chr16",4.01961515291507,-4.69220622353032,0.852516442707228,7.30166290661851e-10,9.21233604216043e-09
"ENSG00000249119.1","MTND6P4"," processed_pseudogene","chr5",22.7134373652467,-4.6816531953856,0.627045480485634,2.40782414510108e-09,2.7765015166799e-08
"ENSG00000241186.10","TDGF1"," protein_coding","chr3",34.0800467816051,-4.68142507678485,0.616345903956168,2.22856568524027e-15,6.85707093594656e-14
"ENSG00000229314.5","ORM1"," protein_coding","chr9",161960.477466376,-4.68073820028696,0.843095086209803,1.20816518288811e-09,1.4671511332083e-08
"ENSG00000264006.8","AKR1C8P"," protein_coding","chr10",90.3334433473779,-4.6773194399468,0.644583234775413,1.8092844732168e-14,4.94611235232062e-13
"ENSG00000282097.1","AL160408.6"," lncRNA","chr1",28.3467400583775,-4.66047302215797,0.651001427176538,3.68192728351472e-14,9.52955962137008e-13
"ENSG00000196344.11","ADH7"," protein_coding","chr4",8.10366901753053,-4.65448542694859,0.712165556391076,8.02216882294727e-12,1.41218251295443e-10
"ENSG00000258867.6","LINC01146"," lncRNA","chr14",813.480323028685,-4.65411790331546,0.703778416975937,1.76146964228958e-12,3.46228490538711e-11
"ENSG00000227240.2","AL136456.1"," lncRNA","chr1",21.8641390481011,-4.64932750909211,0.564778294833883,1.21415926783243e-17,5.30176821607846e-16
"ENSG00000161267.12","BDH1"," protein_coding","chr3",7772.53920254899,-4.64221237266926,0.584654058191717,1.00460238469646e-16,3.77619161845502e-15
"ENSG00000106327.13","TFR2"," protein_coding","chr7",32112.3548648594,-4.63730776795324,0.734472487864683,1.23268045974664e-11,2.11880119801708e-10
"ENSG00000240915.2","AC120042.1"," lncRNA","chr8",7.98173774468219,-4.63633530319521,0.620775125307251,1.20157625494879e-14,3.3830866583592e-13
"ENSG00000228826.3","AL592494.1"," lncRNA","chr1",87.0946872811346,-4.63390218729915,0.513667562658908,8.44777889630927e-21,5.78434888794472e-19
"ENSG00000187823.3","RTL4"," protein_coding","chrX",30.4022936346358,-4.63006556052358,0.63174056338474,1.17527789528575e-14,3.31544302974758e-13
"ENSG00000105697.9","HAMP"," protein_coding","chr19",13984.0602666696,-4.62593672590824,0.915623165572167,1.76790220266788e-08,1.76180182267234e-07
"ENSG00000248319.2","LINC02275"," lncRNA","chr4",18.6111280408176,-4.62565106853093,0.751049427214214,3.728140272887e-11,5.87499317233067e-10
"ENSG00000278690.1","AC244100.4"," lncRNA","chr17",12.0314407064816,-4.62132283515987,0.615797739036297,6.32713514826677e-15,1.85111539759071e-13
"ENSG00000196177.13","ACADSB"," protein_coding","chr10",16168.4540326861,-4.62005417981883,0.42537785972297,8.46750761725066e-29,1.8854101502869e-26
"ENSG00000168746.8","LINC01620"," lncRNA","chr20",17.8649390177271,-4.61919770580753,0.506400727730171,5.62510533316509e-21,3.95370355332753e-19
"ENSG00000258001.1","AC126614.1"," lncRNA","chr12",9.42550905190222,-4.61411086192114,0.570776806866901,9.46689452014164e-17,3.56769827206733e-15
"ENSG00000176635.18","HORMAD2"," protein_coding","chr22",36.8358248884255,-4.61303029528666,0.737778610033731,2.19101582857069e-11,3.5985214360123e-10
"ENSG00000205622.11","AP001042.1"," lncRNA","chr21",74.6468123113871,-4.6128279118111,0.429281978263717,5.40981175541756e-20,3.3361268307352e-18
"ENSG00000132854.19","KANK4"," protein_coding","chr1",148.910094694586,-4.61089632047097,0.50144630853318,2.17677406560571e-21,1.64920318752345e-19
"ENSG00000253111.2","AC091114.1"," lncRNA","chr8",8.67309905941301,-4.60905762474956,0.57212572542973,1.10097636195117e-16,4.11195640227318e-15
"ENSG00000109576.14","AADAT"," protein_coding","chr4",1281.99523260915,-4.60820462827973,0.385613354792876,3.47412325012288e-34,1.5124880758632e-31
"ENSG00000093134.15","VNN3"," protein_coding","chr6",521.523760074155,-4.60509803117682,0.731800286808498,1.15762790065288e-08,1.19570992330537e-07
"ENSG00000261701.7","HPR"," protein_coding","chr16",8111.92674012236,-4.5890986087201,1.10215447776939,1.08632592833441e-06,7.67612427412463e-06
"ENSG00000275944.1","AC244100.3"," lncRNA","chr17",35.6222617984879,-4.57857335438604,0.539021023055763,1.3272563959219e-18,6.79618649331597e-17
"ENSG00000183971.10","NPW"," protein_coding","chr16",580.528778019127,-4.5739306630008,0.774472012097748,1.56362763543219e-10,2.20122849893444e-09
"ENSG00000228477.1","AL663070.1"," processed_pseudogene","chr1",31.5992441101832,-4.57374163226942,0.533367813993488,5.67183837626232e-19,3.04681130013251e-17
"ENSG00000168237.18","GLYCTK"," protein_coding","chr3",4944.79959346265,-4.57188711162689,0.376338986188115,3.21325788549163e-35,1.67370570110545e-32
"ENSG00000233376.1","AL117382.2"," lncRNA","chr20",8.20105504478268,-4.5684088779009,0.629821573557803,7.85311416625927e-14,1.92170710667464e-12
"ENSG00000286478.1","AC007130.1"," lncRNA","chr7",9.97970003723422,-4.56206194507944,0.619437110775463,2.06907273226621e-14,5.59339967817175e-13
"ENSG00000140263.15","SORD"," protein_coding","chr15",7670.13951304906,-4.55984555909953,0.425702518952678,4.82913493455372e-28,9.51763762878361e-26
"ENSG00000223723.1","TFDP1P2"," processed_pseudogene","chrX",71.6305944789046,-4.55710508841363,0.575915602900908,1.35503700972151e-16,4.99684886682259e-15
"ENSG00000154269.15","ENPP3"," protein_coding","chr6",103.684820256383,-4.55670871725207,0.467501750688093,9.97390658193173e-24,1.10200333745593e-21
"ENSG00000100889.12","PCK2"," protein_coding","chr14",21095.3760040207,-4.54886801071611,0.441421881865161,3.48144200175044e-26,5.4596871908096e-24
"ENSG00000248810.2","LINC02432"," lncRNA","chr4",125.670239284683,-4.54658623106172,0.767205482052665,1.41005063385536e-10,2.01123554713579e-09
"ENSG00000167701.14","GPT"," protein_coding","chr8",3744.8538869638,-4.54340648550245,0.469762064446352,2.10198661284282e-23,2.14380585699344e-21
"ENSG00000145321.13","GC"," protein_coding","chr4",124128.868643306,-4.54331752282851,0.472104470704517,3.33397943576527e-23,3.31907324784427e-21
"ENSG00000148965.10","SAA4"," protein_coding","chr11",32.1253794517864,-4.53438513403286,0.650500470961453,1.4598169999666e-13,3.40923955740799e-12
"ENSG00000125851.10","PCSK2"," protein_coding","chr20",4.80751914439062,-4.53233510913808,0.993331408362507,2.92665577736351e-07,2.31725359310305e-06
"ENSG00000279082.4","LINC01727"," lncRNA","chr20",44.023365304545,-4.53035082391099,0.7862376804821,4.26962746813831e-10,5.62514740822613e-09
"ENSG00000165140.11","FBP1"," protein_coding","chr9",8986.28665305729,-4.53010174106107,0.395404053419482,1.2124889405244e-31,3.97383032653439e-29
"ENSG00000134548.11","SPX"," protein_coding","chr12",117.33987634509,-4.52699654056366,0.566281860940016,6.00844439330242e-17,2.3524874430636e-15
"ENSG00000226321.5","CROCC2"," protein_coding","chr2",20.336366363076,-4.52660519520896,0.474536813050148,2.28787109369169e-22,2.00405140936616e-20
"ENSG00000235263.1","AL928921.1"," lncRNA","chr1",8.73024052967942,-4.52470372932646,0.618297858120016,4.36126865453649e-14,1.11395661457246e-12
"ENSG00000231100.1","AL606752.1"," unprocessed_pseudogene","chr1",23.2194352919416,-4.51797181357458,0.688682503852224,2.57423164673045e-12,4.91511125893478e-11
"ENSG00000151365.2","THRSP"," protein_coding","chr11",4247.67320760573,-4.51535520662477,1.22987513976689,7.42397326616542e-06,4.42118979585094e-05
"ENSG00000134612.12","FOLH1B"," transcribed_unprocessed_pseudogene","chr11",361.750371030013,-4.48963318420136,0.974698466422915,1.57338537462726e-07,1.31803785159398e-06
"ENSG00000283991.1","AC017000.1"," lncRNA","chr7",26.1409844341471,-4.48051666250944,0.858261644555188,9.86020791470223e-09,1.03271958586696e-07
"ENSG00000005471.19","ABCB4"," protein_coding","chr7",4043.05039809159,-4.47192925593172,0.720906655096419,2.53188748856703e-11,4.10419081977431e-10
"ENSG00000141505.12","ASGR1"," protein_coding","chr17",17844.0018754025,-4.4718615021575,0.677060044885961,1.86859806771769e-12,3.65315931885102e-11
"ENSG00000197254.4","AP000445.1"," processed_pseudogene","chr11",12.9538385463448,-4.46552955559612,0.551400164034981,5.93282624570701e-17,2.32600280592779e-15
"ENSG00000135929.9","CYP27A1"," protein_coding","chr2",22688.1854501092,-4.46496811722612,0.619883187339923,6.74027954817947e-10,8.56676314339202e-09
"ENSG00000287928.1","AC007535.1"," lncRNA","chr12",59.6969028997512,-4.44533653663303,0.896169426454966,3.01327500668341e-08,2.88650964433328e-07
"ENSG00000204710.2","SPDYC"," protein_coding","chr11",80.7727156719413,-4.44405413441746,0.542373400467619,1.46315301230435e-17,6.33215285102457e-16
"ENSG00000213398.8","LCAT"," protein_coding","chr16",5667.75006472098,-4.43772988924823,0.333097569985733,9.60847851851985e-42,9.31441692164673e-39
"ENSG00000225603.3","AC244394.1"," processed_pseudogene","chr1",12.3071915250561,-4.43747982911311,0.617754679251745,5.55818767406259e-14,1.39885052859993e-12
"ENSG00000198744.5","MTCO3P12"," unprocessed_pseudogene","chr1",178.731037664066,-4.43587944708521,0.622019507076724,6.10787676477875e-08,5.51239657647993e-07
"ENSG00000130812.10","ANGPTL6"," protein_coding","chr19",369.562216454926,-4.42928473344587,0.545139242495424,2.20199619000236e-17,9.22845213594525e-16
"ENSG00000224893.7","LINC02840"," lncRNA","chr6",32.3516348814136,-4.42606461181145,0.969122266115145,1.82693943085557e-07,1.51435056148412e-06
"ENSG00000113492.14","AGXT2"," protein_coding","chr5",2742.03430664987,-4.41190780971175,0.882463547199265,2.33410649865059e-08,2.28162039072181e-07
"ENSG00000172955.17","ADH6"," protein_coding","chr4",15718.5416092796,-4.41138007069992,0.730701647586036,7.07843942211571e-11,1.05936890458539e-09
"ENSG00000182902.14","SLC25A18"," protein_coding","chr22",1454.4890449355,-4.39853450827955,0.430237221216357,8.38989609002505e-26,1.25499937974329e-23
"ENSG00000143171.13","RXRG"," protein_coding","chr1",8.13114185625065,-4.39672623710007,0.468936592623657,4.72487307481019e-06,2.92797583852004e-05
"ENSG00000185899.1","TAS2R60"," protein_coding","chr7",4.41528225500933,-4.38544092211018,1.06164913846579,2.15666401882555e-06,1.43526654723072e-05
"ENSG00000163581.14","SLC2A2"," protein_coding","chr3",19525.4678916726,-4.38498770819973,0.98308681135041,3.04554012238003e-07,2.39842902412691e-06
"ENSG00000230647.2","AC022816.1"," lncRNA","chr17",41.9636811191854,-4.38172311841021,0.925971892630043,8.35357798733714e-08,7.36149596110686e-07
"ENSG00000111249.14","CUX2"," protein_coding","chr12",1659.70710837794,-4.37591556525384,0.672931593731808,3.71350648839752e-12,6.90371387890804e-11
"ENSG00000108231.14","LGI1"," protein_coding","chr10",32.2514931562785,-4.36779849056498,0.790928230777663,1.36168039413513e-09,1.63924289791694e-08
"ENSG00000141338.14","ABCA8"," protein_coding","chr17",1719.18748797167,-4.36538730034153,0.479287262479191,4.36558901269007e-21,3.15197687898903e-19
"ENSG00000188257.12","PLA2G2A"," protein_coding","chr1",1586.81913352168,-4.36075185380099,0.645617879414409,6.80945835991767e-13,1.42793020057828e-11
"ENSG00000204583.10","LRCOL1"," protein_coding","chr12",340.341061382357,-4.35875274839711,0.751947432010992,3.00802155103924e-10,4.06773206408269e-09
"ENSG00000283003.2","AC007221.1"," lncRNA","chr16",28.5813017648143,-4.35614247042929,0.704705191943862,2.64782796042389e-11,4.26709910373505e-10
"ENSG00000105852.11","PON3"," protein_coding","chr7",8576.40364263473,-4.35529096250149,0.636736024289864,3.77295865198812e-13,8.25607133682232e-12
"ENSG00000205669.4","ACOT6"," protein_coding","chr14",8.29422849199348,-4.34948875223272,0.694359958467946,2.9770756825537e-11,4.76871612215315e-10
"ENSG00000251685.3","UGT2B27P"," unprocessed_pseudogene","chr4",218.149611322439,-4.34893330530866,0.957325619508192,2.18292481462842e-07,1.77909287281074e-06
"ENSG00000287709.1","AC008780.1"," lncRNA","chr5",184.801464618617,-4.34367065144426,0.730259289222417,1.24129217943035e-10,1.78360845230561e-09
"ENSG00000205702.11","CYP2D7"," polymorphic_pseudogene","chr22",892.206585043916,-4.33793216720284,0.508747189819166,7.70338132466502e-19,4.07065090324554e-17
"ENSG00000173406.16","DAB1"," protein_coding","chr1",210.208944663738,-4.33618603534584,0.293472184295004,1.34063564864919e-50,4.82400273444887e-47
"ENSG00000146678.10","IGFBP1"," protein_coding","chr7",32939.048851175,-4.33371588011468,0.738695953941355,1.97725154825554e-10,2.74378926789086e-09
"ENSG00000251448.2","AC063919.1"," lncRNA","chr3",24.4901356598589,-4.32578860511351,0.625810881149957,3.25068351503054e-13,7.21607210425616e-12
"ENSG00000080618.17","CPB2"," protein_coding","chr13",21871.6335420139,-4.32422492646951,0.475088075640501,4.58342015577826e-21,3.29295030847035e-19
"ENSG00000272021.1","AC008592.4"," lncRNA","chr5",10.1241958147064,-4.3224467513898,0.679788590114366,1.61861104882671e-11,2.74176920343939e-10
"ENSG00000250799.11","PRODH2"," protein_coding","chr19",3798.46728392694,-4.32030109669794,1.09817812919833,2.80947181163781e-06,1.82069502940821e-05
"ENSG00000272456.1","AC087045.2"," lncRNA","chr8",34.0872455985865,-4.31349890705736,0.524269725524916,1.18810519617512e-17,5.19577818099433e-16
"ENSG00000166816.15","LDHD"," protein_coding","chr16",4698.57017725963,-4.29952166845633,0.4401392861737,8.03255936615657e-24,8.9428138989092e-22
"ENSG00000214888.3","AL772337.1"," transcribed_unprocessed_pseudogene","chr9",26.5139796475088,-4.29682545595138,0.899091015848644,8.3654279209729e-08,7.36748692713945e-07
"ENSG00000176974.20","SHMT1"," protein_coding","chr17",15052.9791169784,-4.29664252640224,0.325786234974483,7.2058509612996e-41,6.00535619114709e-38
"ENSG00000234235.1","BOK-AS1"," lncRNA","chr2",10.9923555362622,-4.2927075307586,0.611731653529977,1.21806799319796e-13,2.88391439071357e-12
"ENSG00000231948.2","HS1BP3-IT1"," lncRNA","chr2",206.498634358288,-4.29052749919384,0.596393903601541,3.05103666104352e-14,7.96025835116087e-13
"ENSG00000165972.13","CCDC38"," protein_coding","chr12",52.140166219566,-4.28956453324633,0.366432841714038,7.25572766911415e-33,2.7486015633817e-30
"ENSG00000248485.2","PCP4L1"," protein_coding","chr1",76.5194622907147,-4.28916978728527,0.620020947016874,2.33567840985512e-13,5.30602831285545e-12
"ENSG00000236155.6","ZPLD2P"," transcribed_unprocessed_pseudogene","chr1",181.545680934779,-4.28569765358103,0.381011748131428,1.13550634139996e-30,3.24721416395052e-28
"ENSG00000160862.13","AZGP1"," protein_coding","chr7",48717.9919466175,-4.28543076131576,0.553739619486466,4.95697669412515e-16,1.65245775075356e-14
"ENSG00000116771.6","AGMAT"," protein_coding","chr1",3504.50960017156,-4.27873985407839,0.491760080289192,1.68558982701555e-19,9.67853733547568e-18
"ENSG00000175287.19","PHYHD1"," protein_coding","chr9",920.169871698914,-4.27720998181138,0.40326040622092,1.40925190392037e-27,2.60167523958566e-25
"ENSG00000237742.7","AL365259.1"," lncRNA","chr6",23.9120504672906,-4.27412882092492,0.426847903768298,8.62482672921223e-25,1.12311415564461e-22
"ENSG00000036473.8","OTC"," protein_coding","chrX",4492.09937988808,-4.26942648934445,0.981888882652938,5.07113560597059e-07,3.83173217932819e-06
"ENSG00000236136.1","ADORA2BP1"," processed_pseudogene","chr1",77.3095527832465,-4.26291061011945,0.521318500493137,1.51855258624292e-17,6.54278587712255e-16
"ENSG00000143845.15","ETNK2"," protein_coding","chr1",3207.8584947612,-4.26257529240353,0.320473930043495,1.36450418631459e-41,1.24378820658157e-38
"ENSG00000243696.5","AC006254.1"," protein_coding","chr3",448.3816742637,-4.25363269035545,0.437721352734508,1.33230439302361e-23,1.42351600146907e-21
"ENSG00000136457.10","CHAD"," protein_coding","chr17",457.791964627687,-4.2527234301732,0.430132408604808,2.60391365633627e-24,3.10014520170092e-22
"ENSG00000233929.1","MT1XP1"," processed_pseudogene","chr1",23.6509909211639,-4.24106208669768,0.42834856001294,2.26743382052862e-24,2.76731284983261e-22
"ENSG00000186204.15","CYP4F12"," protein_coding","chr19",1508.73812032539,-4.23565808785143,0.41127427511455,3.78199282639457e-26,5.86792280601612e-24
"ENSG00000247317.3","LY6E-DT"," lncRNA","chr8",58.7550068899917,-4.23137060628158,0.271883340939253,1.73523050501498e-55,1.68716462002606e-51
"ENSG00000055955.17","ITIH4"," protein_coding","chr3",308.828443786901,-4.23059773825755,0.377305553147462,1.82671373915346e-30,5.02673708088371e-28
"ENSG00000099954.18","CECR2"," protein_coding","chr22",284.061811839161,-4.22758213679771,0.56555537952774,3.9014014099075e-15,1.16957839389098e-13
"ENSG00000284196.3","AL158064.1"," lncRNA","chr13",92.9518435597183,-4.22204375166519,0.54444836367656,4.30346616907793e-16,1.45286810978975e-14
"ENSG00000177138.17","FAM9B"," protein_coding","chrX",63.1178740332841,-4.21793395996712,0.470620045971974,1.34781447277185e-20,8.97589049230188e-19
"ENSG00000062282.15","DGAT2"," protein_coding","chr11",5533.09029353159,-4.21213167281148,0.497444194062234,1.32880448563651e-18,6.79618649331597e-17
"ENSG00000232724.1","TRIM80P"," unitary_pseudogene","chr17",62.0519518152219,-4.21196522977431,0.36379990115807,1.94974929369333e-32,7.02126384540007e-30
"ENSG00000248538.8","AC022784.1"," lncRNA","chr8",406.693701243475,-4.21171437171125,0.418283748894607,3.86099817832356e-25,5.38858640495311e-23
"ENSG00000287313.1","AC016995.1"," lncRNA","chr2",18.3850553013215,-4.20921191468129,0.571801032453969,8.88569768607046e-15,2.55608398229772e-13
"ENSG00000172828.13","CES3"," protein_coding","chr16",1906.87031116862,-4.20496222683888,0.533340644814051,1.58211656692954e-16,5.74704335501468e-15
"ENSG00000183044.12","ABAT"," protein_coding","chr16",19379.4574062785,-4.19745827113345,0.582935268609695,2.90541878459857e-14,7.62123745754996e-13
"ENSG00000168389.18","MFSD2A"," protein_coding","chr1",3019.72972720477,-4.19482092042023,0.658736921948995,7.97065003030204e-12,1.40565834784692e-10
"ENSG00000107537.14","PHYH"," protein_coding","chr10",12895.5494552103,-4.19255715668617,0.277587830482814,8.48159672291439e-53,4.12332824684483e-49
"ENSG00000121570.12","DPPA4"," protein_coding","chr3",22.6092278965441,-4.19127698862174,0.647363468814129,4.5044715274956e-12,8.25319911969341e-11
"ENSG00000164406.8","LEAP2"," protein_coding","chr5",4740.67116886556,-4.18434979753474,0.631448769241657,1.61875651546062e-12,3.20553352338566e-11
"ENSG00000273582.1","AC009093.5"," lncRNA","chr16",15.8868186329575,-4.18433156545865,0.552962315218847,2.77300442751879e-15,8.47859183923435e-14
"ENSG00000121690.11","DEPDC7"," protein_coding","chr11",1286.91462684606,-4.18431538194146,0.460590930448284,5.39959209324831e-21,3.82283256718349e-19
"ENSG00000171402.15","XAGE3"," protein_coding","chrX",7.62802696726486,-4.18368881417175,0.601349956380666,5.04553771905576e-13,1.07898306251567e-11
"ENSG00000147481.17","SNTG1"," protein_coding","chr8",21.3009105985463,-4.1771808214952,0.778691566658614,4.10185278292852e-09,4.56319389112288e-08
"ENSG00000152760.10","TCTEX1D1"," protein_coding","chr1",115.384490522638,-4.17100220849769,0.359653508340416,2.25336398735428e-32,8.01565538379718e-30
"ENSG00000260802.1","SERTM2"," protein_coding","chrX",206.566152179006,-4.15802186441983,1.04852567394905,2.57686706089946e-06,1.68492793766815e-05
"ENSG00000171234.14","UGT2B7"," protein_coding","chr4",26273.8513818937,-4.14954952630867,0.932993172615336,3.27153095128974e-07,2.55974480467195e-06
"ENSG00000136011.15","STAB2"," protein_coding","chr12",544.725844218626,-4.14907996053058,0.562462683807907,8.01756822333857e-15,2.3154895792729e-13
"ENSG00000183281.14","PLGLB1"," protein_coding","chr2",90.1528112892919,-4.14506387201632,0.450604034893372,2.17653615468994e-21,1.64920318752345e-19
"ENSG00000286153.1","AP000331.1"," lncRNA","chr21",30.9015768127718,-4.14046575907495,0.7306525594265,6.53100020149769e-10,8.32257046670453e-09
"ENSG00000227242.4","AC244394.2"," unprocessed_pseudogene","chr1",29.6135106771521,-4.1355073760329,0.581312647391051,6.14359356210137e-14,1.52383061745693e-12
"ENSG00000134532.19","SOX5"," protein_coding","chr12",477.556602312079,-4.13080366627967,0.458825585108087,1.14292291398845e-20,7.66388930531703e-19
"ENSG00000102743.15","SLC25A15"," protein_coding","chr13",3884.5247757387,-4.12796970996143,0.302640924685241,1.2706015920269e-43,1.61139903642751e-40
"ENSG00000275088.1","AC026469.1"," lncRNA","chr16",17.1155980155804,-4.12635591074208,0.568705205420557,2.19494708067913e-14,5.90631101442155e-13
"ENSG00000254704.3","AP002358.2"," processed_pseudogene","chr11",17.0976901234055,-4.12116737755009,0.730562880306862,8.44418265914696e-10,1.05575809680522e-08
"ENSG00000256340.8","ABCC6P1"," transcribed_unprocessed_pseudogene","chr16",631.675024933821,-4.11837353930529,0.374554219738643,2.27399157198999e-29,5.39268781816064e-27
"ENSG00000228923.1","AP000355.1"," lncRNA","chr22",91.8142468156706,-4.11299062869791,0.798196103797362,1.14764701296423e-08,1.18624081223082e-07
"ENSG00000039537.14","C6"," protein_coding","chr5",21700.0257219682,-4.1119899764011,0.614850345894674,1.06857178402303e-12,2.17813908931991e-11
"ENSG00000238102.2","AL080248.1"," lncRNA","chr20",267.20083759569,-4.10980447270453,0.718107557007247,4.65070571507791e-10,6.08324820641738e-09
"ENSG00000230102.8","LINC02028"," lncRNA","chr3",112.134074405927,-4.09413067296826,0.3957850891498,2.08303666956033e-26,3.33666001708698e-24
"ENSG00000182156.10","ENPP7"," protein_coding","chr17",352.890149999115,-4.08462629283579,0.827296286745602,3.22488558427481e-08,3.07709151480902e-07
"ENSG00000171557.17","FGG"," protein_coding","chr4",288765.892368231,-4.07638310176054,0.622277758615527,2.66379866052853e-12,5.075136716457e-11
"ENSG00000225756.1","DBH-AS1"," lncRNA","chr9",600.139464053003,-4.0666004960084,0.419243279437655,1.59398058052536e-23,1.66648098757506e-21
"ENSG00000139914.6","FITM1"," protein_coding","chr14",117.236679733789,-4.06472125205788,0.416015725385916,6.77563569431016e-24,7.63083079410552e-22
"ENSG00000254990.5","AP001781.1"," lncRNA","chr11",68.0850794894483,-4.06358679636575,0.582698051316426,1.56004406331865e-13,3.62589046079217e-12
"ENSG00000099834.19","CDHR5"," protein_coding","chr11",7242.11779077234,-4.05883298065563,0.595260793046554,4.37195129997263e-13,9.46736803778036e-12
"ENSG00000258460.2","AL355096.1"," lncRNA","chr14",23.1576967953004,-4.05131633964588,0.659566070797898,3.58345165997373e-11,5.65921502272732e-10
"ENSG00000213938.3","SEPHS1P6"," processed_pseudogene","chr2",6.08487517713998,-4.05039490804549,0.615358168444651,5.07084157654024e-12,9.19846877774268e-11
"ENSG00000205436.7","EXOC3L4"," protein_coding","chr14",1570.32706129325,-4.04838487758093,0.281240734804814,2.91874684818466e-48,7.09474390122485e-45
"ENSG00000163687.14","DNASE1L3"," protein_coding","chr3",1863.40302581645,-4.04689373507704,0.49436341852216,1.3883273749008e-17,6.03518944835789e-16
"ENSG00000259881.1","AC092384.2"," lncRNA","chr16",75.3726197089552,-4.0432675434265,0.621301540431131,3.45655740912364e-12,6.4672433012654e-11
"ENSG00000260105.6","AOC4P"," transcribed_unprocessed_pseudogene","chr17",212.003443646859,-4.03628222985248,0.658256788180915,4.03716369127395e-11,6.30069704177473e-10
"ENSG00000254042.2","SLIT3-AS2"," lncRNA","chr5",15.1014632057182,-4.03426933553444,0.561382038103456,5.70196625674178e-14,1.42887159572939e-12
"ENSG00000176381.6","PRR18"," protein_coding","chr6",261.050172728943,-4.033902211774,0.434975318105395,9.41446284403218e-22,7.56502663078718e-20
"ENSG00000270513.1","AC113368.1"," processed_pseudogene","chr5",11.8886457485839,-4.03238476056706,0.555733668276274,2.51288045290655e-14,6.65902588794347e-13
"ENSG00000159423.17","ALDH4A1"," protein_coding","chr1",17496.6605787079,-4.02372547171736,0.34328276718514,5.29074695479643e-33,2.03060260426917e-30
"ENSG00000246022.3","ALDH1L1-AS2"," lncRNA","chr3",36.7735777096038,-4.02102020591887,0.619461492105038,3.60084222074896e-12,6.71912437545148e-11
"ENSG00000189419.8","SPATA41"," lncRNA","chr15",154.031915371317,-4.01304658160586,0.34237257897436,5.01696481406437e-33,1.95119795548591e-30
"ENSG00000259974.3","LINC00261"," lncRNA","chr20",7531.48566166444,-4.00793432245968,0.548009914748549,1.26779629616637e-14,3.5489779426945e-13
"ENSG00000197444.10","OGDHL"," protein_coding","chr10",6156.92014305469,-4.00732966762109,0.480783740917393,3.90386847456676e-18,1.84557438467808e-16
"ENSG00000205835.9","GMNC"," protein_coding","chr3",94.7758454787256,-4.00193835229708,0.81923683807237,4.18786035481877e-08,3.89900091572642e-07
"ENSG00000120054.12","CPN1"," protein_coding","chr10",1819.84680736597,-3.99827318333808,0.811423511923421,3.41378864491901e-08,3.24777563547432e-07
"ENSG00000219607.4","PPP1R3G"," protein_coding","chr6",377.273535234541,-3.99817239002079,0.586454452490048,4.40543864070539e-13,9.51163876467323e-12
"ENSG00000155666.12","KDM8"," protein_coding","chr16",1727.38259136777,-3.99743457921917,0.392121499029089,1.08669218794079e-25,1.60089517323459e-23
"ENSG00000121270.16","ABCC11"," protein_coding","chr16",133.999766466484,-3.99393182270986,0.454041690379142,7.69784031317075e-20,4.6488261717366e-18
"ENSG00000187889.13","FYB2"," protein_coding","chr1",604.35565492999,-3.98981323463912,0.588552968169458,5.83849851401574e-13,1.23856845931146e-11
"ENSG00000166035.11","LIPC"," protein_coding","chr15",6622.02402417245,-3.98526424502063,0.55916826915793,4.94759206942593e-14,1.25165926342658e-12
"ENSG00000166278.15","C2"," protein_coding","chr6",6240.0947866645,-3.97504128764749,0.440621685158428,9.45250958539399e-21,6.3972216263656e-19
"ENSG00000273407.1","AC069294.1"," lncRNA","chr7",11.2395754907728,-3.97171097634846,0.635207210442518,2.22423671076467e-11,3.64692302508683e-10
"ENSG00000241754.2","AC063938.1"," lncRNA","chr3",17.3018657675489,-3.97162331432548,0.594915690622407,8.89636323099432e-13,1.84433560117181e-11
"ENSG00000091262.16","ABCC6"," protein_coding","chr16",5727.80399768752,-3.97064817424564,0.440456985902948,1.03574361106862e-20,6.97727607188469e-19
"ENSG00000259479.6","SORD2P"," transcribed_unprocessed_pseudogene","chr15",528.315769092415,-3.9653648199655,0.572002835563473,2.03017830198627e-13,4.66285597564074e-12
"ENSG00000100003.18","SEC14L2"," protein_coding","chr22",5398.28372261742,-3.96393382097156,0.385885276572215,4.78601762913539e-26,7.34754464338158e-24
"ENSG00000164237.9","CMBL"," protein_coding","chr5",8759.41101081775,-3.96262399825239,0.483047241999149,1.17580668522219e-17,5.15745942875881e-16
"ENSG00000285624.2","AC025062.3"," lncRNA","chr8",19.1959769175359,-3.95896094602357,0.634564988228558,2.20620084604856e-11,3.62142219912158e-10
"ENSG00000197594.13","ENPP1"," protein_coding","chr6",2881.75957498686,-3.95272652410367,0.4288366701145,1.58214178266592e-21,1.23394368071075e-19
"ENSG00000251209.9","LINC00923"," lncRNA","chr15",24.7313903445904,-3.94517080570168,0.683036863008937,3.1845832734107e-10,4.27872452796484e-09
"ENSG00000187824.9","TMEM220"," protein_coding","chr17",2501.84192266831,-3.94405470539464,0.373823858445226,2.75396426778911e-27,4.95866566216916e-25
"ENSG00000138075.14","ABCG5"," protein_coding","chr2",1768.74847079357,-3.93946885924285,0.683519928137164,3.68245434879377e-10,4.90025140966996e-09
"ENSG00000269964.3","MEI4"," protein_coding","chr6",39.6695194394462,-3.93695688562909,0.699635111857705,8.15980411806907e-10,1.02371323148368e-08
"ENSG00000198948.12","MFAP3L"," protein_coding","chr4",1260.4913138936,-3.93329925039718,0.442302010083281,3.06767307433852e-20,1.95373266168953e-18
"ENSG00000260850.2","AC007344.1"," lncRNA","chr16",112.427995137416,-3.93232727864504,0.568863433866733,2.3946594850891e-13,5.43155696116361e-12
"ENSG00000269353.1","AC092071.1"," lncRNA","chr19",26.4542470181809,-3.93129098098008,0.852569382966934,1.74947725257402e-07,1.45551916658105e-06
"ENSG00000244731.8","C4A"," protein_coding","chr6",8166.93457127511,-3.92747048924407,0.411663808265715,7.42118524304895e-23,7.10018479090987e-21
"ENSG00000073754.6","CD5L"," protein_coding","chr1",1377.21894997028,-3.91668242657428,1.22585614366374,3.95028663595631e-05,0.00020035693775135
"ENSG00000268230.5","AC012313.3"," lncRNA","chr19",241.928573134701,-3.91312896798608,0.498310398438333,1.97239088499598e-16,7.03333370714518e-15
"ENSG00000197099.8","AC068631.1"," lncRNA","chr3",116.194070146318,-3.90963781198813,0.526309985221425,5.57128272032556e-15,1.64150248150683e-13
"ENSG00000115363.14","EVA1A"," protein_coding","chr2",2270.60151527813,-3.90826070039779,0.655983664988426,1.15769447926146e-10,1.67172229037513e-09
"ENSG00000159261.12","CLDN14"," protein_coding","chr21",960.723925924523,-3.90814608649663,0.491231536595121,8.82922141773234e-17,3.34033151146349e-15
"ENSG00000162882.15","HAAO"," protein_coding","chr2",7246.53206396442,-3.90795141715879,0.410859371590649,9.69378870023018e-23,9.06276033964788e-21
"ENSG00000132541.11","RIDA"," protein_coding","chr8",14955.0115661319,-3.90507881565218,0.39677136848769,3.79977440759402e-24,4.46601100893315e-22
"ENSG00000143819.12","EPHX1"," protein_coding","chr1",44822.629531571,-3.90336494599292,0.354088302048599,2.4678719891964e-29,5.8052708107153e-27
"ENSG00000171954.13","CYP4F22"," protein_coding","chr19",434.649380934437,-3.90328478887033,0.80733061429457,5.45700988891836e-08,4.96766508541681e-07
"ENSG00000203995.10","ZYG11A"," protein_coding","chr1",46.3076371549881,-3.90131520809478,0.578896035057023,6.20796126179085e-13,1.31217407279114e-11
"ENSG00000234076.1","TPRG1-AS1"," lncRNA","chr3",72.7137575322003,-3.90005728022514,0.280061408237834,2.77934858911416e-45,4.26688521030899e-42
"ENSG00000205364.4","MT1M"," protein_coding","chr16",2332.6117261072,-3.8995792970059,0.742587214904531,6.38970307624625e-09,6.89789966806169e-08
"ENSG00000287770.1","AC107385.2"," unprocessed_pseudogene","chr4",322.632543635902,-3.89774324902749,0.696983895166985,9.95659437466248e-10,1.22593457709806e-08
"ENSG00000229886.1","AC068533.2"," processed_pseudogene","chr7",14.7525843972687,-3.89366578158033,0.540325664759287,4.87669826229728e-14,1.23586804181537e-12
"ENSG00000017427.17","IGF1"," protein_coding","chr12",202.390266722878,-3.89043999702093,0.471295621401523,7.92855253415418e-18,3.57999920849448e-16
"ENSG00000232721.2","AC239800.2"," lncRNA","chr1",82.0286927724153,-3.88434766794146,0.800835829281714,4.81116283123135e-08,4.42563256462274e-07
"ENSG00000158296.14","SLC13A3"," protein_coding","chr20",803.358140660993,-3.87251945048249,0.55281118136115,1.19136049501225e-13,2.82401257164733e-12
"ENSG00000282301.3","CYP3A7-CYP3A51P"," protein_coding","chr7",16.0943323512664,-3.87206105401576,0.769005487469459,1.53368050065885e-08,1.54956447951916e-07
"ENSG00000125337.19","KIF25"," protein_coding","chr6",29.7565007118077,-3.87068126667223,0.40817104665501,1.52822283791355e-22,1.37175245273322e-20
"ENSG00000134716.11","CYP2J2"," protein_coding","chr1",3263.27778932254,-3.86283862951216,0.420088440985287,1.89137388795091e-21,1.45182855099053e-19
"ENSG00000264404.3","LINC02675"," lncRNA","chr10",48.1909183711589,-3.8594670731568,0.620901559102122,2.30253965151357e-11,3.76262067759101e-10
"ENSG00000224177.8","LINC00570"," lncRNA","chr2",14.7167905837202,-3.85849833424976,0.543294471581895,8.88839731550824e-14,2.16234913507973e-12
"ENSG00000148803.12","FUOM"," protein_coding","chr10",2918.55179026908,-3.85639001212725,0.328807261927407,4.80741258451829e-33,1.89496510375424e-30
"ENSG00000213071.11","LPAL2"," transcribed_unprocessed_pseudogene","chr6",334.599185681499,-3.84900237567985,0.423959641886362,5.6028605822099e-21,3.94758068411789e-19
"ENSG00000261238.1","AC009166.1"," lncRNA","chr16",32.8870177735008,-3.84557584488574,0.474011791697859,3.69072742531867e-17,1.50566193383385e-15
"ENSG00000237361.3","TUSC8"," lncRNA","chr13",160.691281303079,-3.8450364465558,0.734193024433102,7.09054853982755e-09,7.59364148102469e-08
"ENSG00000165828.15","PRAP1"," protein_coding","chr10",46.1639534818324,-3.8426993376967,0.555610073266245,2.27401686044646e-13,5.16997644601426e-12
"ENSG00000183230.17","CTNNA3"," protein_coding","chr10",180.358962214561,-3.8405647801193,0.562810296143554,4.25127720396276e-13,9.22660005672543e-12
"ENSG00000267586.7","LINC00907"," lncRNA","chr18",57.0865901087971,-3.83970252568342,0.78765291789161,4.53627036222681e-08,4.18994522469264e-07
"ENSG00000167964.13","RAB26"," protein_coding","chr16",695.022746347452,-3.83733958418983,0.47910636763958,5.61259506463213e-17,2.20638524852095e-15
"ENSG00000118777.12","ABCG2"," protein_coding","chr4",1192.14121538072,-3.83113159631565,0.383645298531572,9.14903159864796e-25,1.18083231283612e-22
"ENSG00000169252.6","ADRB2"," protein_coding","chr5",276.706366294541,-3.82472914725563,0.423267169761327,8.56832704968103e-21,5.85315062557719e-19
"ENSG00000099194.6","SCD"," protein_coding","chr10",50589.2025652725,-3.82194673342573,0.574060042815661,1.30568792932317e-12,2.61397468843016e-11
"ENSG00000287320.1","AC110790.1"," lncRNA","chr4",13.4427428305785,-3.82110264651327,0.690649469744775,2.0263434341264e-09,2.36142275789185e-08
"ENSG00000234647.2","AL606970.3"," lncRNA","chr6",11.0792736759677,-3.81767002574986,0.585587531493377,3.8855700472568e-12,7.20522521986227e-11
"ENSG00000228888.1","LINC01428"," lncRNA","chr20",11.8522860198113,-3.81047173280076,0.620778315656497,5.0276108371257e-11,7.73472471034385e-10
"ENSG00000106853.20","PTGR1"," protein_coding","chr9",11034.8312325554,-3.81039139706774,0.327428226664556,1.68171587235574e-32,6.20936332667653e-30
"ENSG00000171236.10","LRG1"," protein_coding","chr19",27228.9895395616,-3.80738670057978,0.471398299540096,3.30544988966602e-17,1.35226743101919e-15
"ENSG00000160200.18","CBS"," protein_coding","chr21",289.581239416366,-3.80190555922368,0.53550204403709,6.03561700708384e-14,1.50215795631082e-12
"ENSG00000084734.9","GCKR"," protein_coding","chr2",2973.33732645783,-3.79907613716983,0.418359440116387,5.4519862324517e-21,3.85058078485191e-19
"ENSG00000146147.15","MLIP"," protein_coding","chr6",1004.77710597385,-3.79760434026917,0.806840212126774,1.02115563516791e-07,8.84647719697435e-07
"ENSG00000267675.1","AC105105.2"," lncRNA","chr18",146.796664025359,-3.79449164220159,0.580808777076561,3.06587648690523e-12,5.79200461441313e-11
"ENSG00000130707.18","ASS1"," protein_coding","chr9",50314.409131901,-3.79334724837611,0.480856235836963,1.10310730743607e-16,4.11464668166275e-15
"ENSG00000141622.14","RNF165"," protein_coding","chr18",153.722893485639,-3.79145604541924,0.439710105141386,3.51042382571809e-19,1.93930970781005e-17
"ENSG00000121361.5","KCNJ8"," protein_coding","chr12",1242.22990419838,-3.79132539523103,0.498151562470861,1.34113470399838e-15,4.22457431759489e-14
"ENSG00000090534.20","THPO"," protein_coding","chr3",555.464977239397,-3.78942077177087,0.597194509474089,1.03257629222752e-11,1.79494742955807e-10
"ENSG00000092607.15","TBX15"," protein_coding","chr1",1459.62435667974,-3.78633958318597,0.702681485626197,3.08058311874102e-09,3.49096849225163e-08
"ENSG00000121410.12","A1BG"," protein_coding","chr19",59.279031129299,-3.78627736407578,0.475548172680782,8.71796673290272e-17,3.3025243069096e-15
"ENSG00000148123.15","PLPPR1"," protein_coding","chr9",169.842679694504,-3.78587060128251,0.582624905442826,3.64463825232658e-12,6.78866239987957e-11
"ENSG00000149809.16","TM7SF2"," protein_coding","chr11",3830.37577796004,-3.78325215888776,0.311041820173198,2.60463852203227e-35,1.43348492545583e-32
"ENSG00000181778.5","TMEM252"," protein_coding","chr9",18.1555822597636,-3.78302625194666,0.763992370095059,3.39487283150449e-08,3.23083346238677e-07
"ENSG00000133328.4","PLAAT2"," protein_coding","chr11",87.0815641897666,-3.78253983803197,0.708651170577583,4.18439194336746e-09,4.64085660061161e-08
"ENSG00000184374.3","COLEC10"," protein_coding","chr8",857.981785871737,-3.78198317964305,0.469316132796256,3.82002337153777e-17,1.55406222767622e-15
"ENSG00000280306.1","AC137056.2"," TEC","chr16",49.4160582879106,-3.78119591003567,0.827464795845203,2.05592105912351e-07,1.682164414406e-06
"ENSG00000023330.15","ALAS1"," protein_coding","chr3",11231.1570846881,-3.7719117782235,0.290296762802446,8.15424958693947e-40,6.25924490003782e-37
"ENSG00000214264.4","KCTD9P4"," processed_pseudogene","chr11",44.4343041342102,-3.76967424660325,0.736429043563748,1.37807829978364e-08,1.40402256117321e-07
"ENSG00000152782.16","PANK1"," protein_coding","chr10",3008.82959884923,-3.76957449274747,0.351719021266893,5.03969763139468e-28,9.86596914162091e-26
"ENSG00000171766.17","GATM"," protein_coding","chr15",61501.8587401658,-3.76785755754309,0.487349138862737,5.22381971970003e-16,1.73348802507315e-14
"ENSG00000134962.7","KLB"," protein_coding","chr4",1559.0460061177,-3.76431766441654,0.775533130823657,4.96961201539558e-08,4.55701392257383e-07
"ENSG00000161653.11","NAGS"," protein_coding","chr17",971.982498002194,-3.75658674567667,0.492848017404532,1.23318989831871e-15,3.90563693203675e-14
"ENSG00000129910.8","CDH15"," protein_coding","chr16",72.8129009146589,-3.75055962164438,0.628359705044338,1.12232958321905e-10,1.62709898672546e-09
"ENSG00000182704.8","TSKU"," protein_coding","chr11",9407.68958448067,-3.74465407232412,0.506455555015828,6.94426696896543e-15,2.02003970575944e-13
"ENSG00000166347.19","CYB5A"," protein_coding","chr18",16102.2103666209,-3.74319230734474,0.386245724195326,1.69263784248877e-23,1.75703036396993e-21
"ENSG00000205362.11","MT1A"," protein_coding","chr16",512.891725025049,-3.73683949156544,0.592176139591094,1.27300501439372e-11,2.18455434988661e-10
"ENSG00000230306.1","BANF1P2"," processed_pseudogene","chr10",58.884075187325,-3.73654336588604,0.483418302815323,5.95772348651417e-16,1.9614089884665e-14
"ENSG00000250722.6","SELENOP"," protein_coding","chr5",15135.1084755452,-3.73412176489507,0.441165876520664,1.33039270721774e-18,6.79618649331597e-17
"ENSG00000279611.1","AC012313.10"," TEC","chr19",43.4327319405591,-3.73223287483445,0.419817128110923,3.98563684755925e-20,2.50015142379475e-18
"ENSG00000140470.15","ADAMTS17"," protein_coding","chr15",229.790862211303,-3.73180447594999,0.578211980293466,5.22690397175111e-12,9.46978645664647e-11
"ENSG00000243135.6","UGT1A3"," protein_coding","chr2",42.2089698535619,-3.72894854093228,0.661703515250266,8.25802324956601e-10,1.03470051617951e-08
"ENSG00000129988.6","LBP"," protein_coding","chr20",16647.858275687,-3.72882530675498,0.752639063587038,2.97993696278496e-08,2.85832888087716e-07
"ENSG00000147576.17","ADHFE1"," protein_coding","chr8",431.185966304342,-3.726337166702,0.398176582467301,3.98341176041589e-22,3.40739406567658e-20
"ENSG00000127241.18","MASP1"," protein_coding","chr3",6713.61012605358,-3.71632431880959,0.653758775109149,2.67584827257259e-08,2.59394543910502e-07
"ENSG00000170011.14","MYRIP"," protein_coding","chr3",824.409336577062,-3.7129541133304,0.564721469999667,2.28535994235727e-12,4.39189366393882e-11
"ENSG00000226519.2","LINC00390"," lncRNA","chr13",23.6800852942098,-3.71218698560978,0.496226808372167,4.03944429647295e-15,1.20971817950533e-13
"ENSG00000267405.1","AC005180.1"," lncRNA","chr17",12.0047627546265,-3.71204605020171,0.658924106018854,1.08248340173148e-09,1.32389762453272e-08
"ENSG00000236754.5","AC007666.1"," lncRNA","chr22",36.4401878442645,-3.71006321725975,0.398814453848271,5.77768205404945e-22,4.78184283736056e-20
"ENSG00000100665.12","SERPINA4"," protein_coding","chr14",13575.7460362808,-3.70999632771231,0.531169568260713,1.37587309272822e-13,3.24174816169543e-12
"ENSG00000259417.3","CTXND1"," protein_coding","chr15",842.137937837729,-3.70972593014685,0.551015388750111,7.97822385487741e-13,1.66226294016371e-11
"ENSG00000168913.7","ENHO"," protein_coding","chr9",162.450622886581,-3.70843095996857,0.457910582062725,2.65768627312815e-17,1.10273187625711e-15
"ENSG00000121691.7","CAT"," protein_coding","chr11",24340.5577414699,-3.70687301617809,0.354621223033052,7.38519368084883e-27,1.28993242201605e-24
"ENSG00000227634.3","LINC01714"," lncRNA","chr1",19.1115408629083,-3.70305987393459,0.611426279999773,6.8560415394461e-11,1.03137635721559e-09
"ENSG00000166123.14","GPT2"," protein_coding","chr16",7659.36938400968,-3.70302442366008,0.42827707418441,2.69197324969432e-19,1.50714333436341e-17
"ENSG00000131979.20","GCH1"," protein_coding","chr14",2306.54342300222,-3.69649058168896,0.318207558192674,1.70449580119921e-32,6.21480475314745e-30
"ENSG00000145777.15","TSLP"," protein_coding","chr5",345.47517874344,-3.69562627166384,0.541760254279288,4.29782813703134e-13,9.31377035134229e-12
"ENSG00000227999.1","MTND5P1"," processed_pseudogene","chr21",18.5790251555114,-3.68586784338322,0.603782639409103,5.82597157335176e-11,8.87403471661084e-10
"ENSG00000175899.15","A2M"," protein_coding","chr12",102463.909685742,-3.68452221279136,0.289987783785649,2.91862836549012e-38,1.8918549065107e-35
"ENSG00000147223.6","RIPPLY1"," protein_coding","chrX",25.7301055620878,-3.6826368350341,0.452423139794066,2.35163304529036e-17,9.82733299399348e-16
"ENSG00000109929.10","SC5D"," protein_coding","chr11",6773.5661642304,-3.6791772302758,0.358756981706057,5.77509451964537e-26,8.81956712269821e-24
"ENSG00000198515.16","CNGA1"," protein_coding","chr4",688.497520758872,-3.67183098528232,0.42766942574675,4.66474122521175e-19,2.54328666912526e-17
"ENSG00000269976.1","AC012065.2"," lncRNA","chr2",191.530916856521,-3.66386225489542,0.522155298083648,1.05380170776502e-13,2.53407601103032e-12
"ENSG00000262995.1","AC137056.1"," lncRNA","chr16",14.8990844979841,-3.66224143614287,0.692354594598315,7.15298967640326e-09,7.64549490183242e-08
"ENSG00000241399.7","CD302"," protein_coding","chr2",612.761557110737,-3.660928360343,0.43396721783209,1.68747854535823e-18,8.48656236026795e-17
"ENSG00000115361.8","ACADL"," protein_coding","chr2",910.054646493448,-3.65555826994763,0.457820197233207,7.02051544280509e-17,2.7016017803586e-15
"ENSG00000227192.1","AL023581.2"," lncRNA","chr6",14.988340028938,-3.64863961929367,0.384033372299953,2.4528699322593e-22,2.14214859443328e-20
"ENSG00000274225.1","AP001065.3"," lncRNA","chr21",101.6406915343,-3.64460245478336,0.544952513126948,9.84084373454382e-13,2.02003920403173e-11
"ENSG00000240602.7","AADACP1"," transcribed_unprocessed_pseudogene","chr3",201.422405337568,-3.64426453673129,0.674243004597104,2.8625140749235e-09,3.25777109057525e-08
"ENSG00000156222.12","SLC28A1"," protein_coding","chr15",2740.08426995598,-3.64299579272319,0.635132266308034,4.32367916565809e-10,5.69378770126776e-09
"ENSG00000185652.12","NTF3"," protein_coding","chr12",165.246476782687,-3.64239506336348,0.443208068933367,1.01932441729967e-17,4.53181513820854e-16
"ENSG00000000971.16","CFH"," protein_coding","chr1",43179.7043820707,-3.640031155897,0.396291082412488,2.08803457333613e-21,1.59023186604809e-19
"ENSG00000261578.1","AP003119.3"," lncRNA","chr11",259.866716809159,-3.63952745439151,0.541590474554833,8.65459750893211e-13,1.79804811066981e-11
"ENSG00000260876.6","LINC01229"," lncRNA","chr16",46.4915366668459,-3.6342590825621,0.494553538186843,1.16133253656754e-14,3.28445263805607e-13
"ENSG00000120158.12","RCL1"," protein_coding","chr9",3721.71211349451,-3.63105394220047,0.325548489734936,3.55086405978438e-30,9.33109493331986e-28
"ENSG00000279949.1","AC022784.6"," lncRNA","chr8",11.3806854801605,-3.63095712159606,0.6785182859236,3.90976468368523e-09,4.35947729581096e-08
"ENSG00000272510.1","AL121992.3"," lncRNA","chr1",9.78045817500301,-3.63063432100044,0.511493236074305,6.33136813494618e-14,1.56773919463705e-12
"ENSG00000140479.18","PCSK6"," protein_coding","chr15",4441.50436570056,-3.61891125655502,0.490538284053234,7.85529601840265e-15,2.27312628532527e-13
"ENSG00000133027.18","PEMT"," protein_coding","chr17",2196.84963288243,-3.6173950667054,0.297650342843051,2.87596625777986e-35,1.53325381941042e-32
"ENSG00000184227.8","ACOT1"," protein_coding","chr14",432.036007999007,-3.61724727786919,0.421333369668079,4.55701809253183e-19,2.48920712998242e-17
"ENSG00000081051.8","AFP"," protein_coding","chr4",123.992415431641,-3.61615047566699,0.681586096069259,4.86081746623375e-09,5.33027010047264e-08
"ENSG00000137491.15","SLCO2B1"," protein_coding","chr11",9620.85991556376,-3.61587595609756,0.334047278783826,1.38087361516507e-28,2.96166930005513e-26
"ENSG00000011347.10","SYT7"," protein_coding","chr11",4847.38437689451,-3.59534830987099,0.723602246142105,2.80211198455889e-08,2.70197700752391e-07
"ENSG00000165953.10","SERPINA12"," protein_coding","chr14",31.7649357851572,-3.59319634725672,0.814881203129132,4.08477886705108e-07,3.14128433358853e-06
"ENSG00000111058.8","ACSS3"," protein_coding","chr12",2511.12213054436,-3.58947664698727,0.503153981878856,4.71015267554116e-14,1.19678086579146e-12
"ENSG00000222236.1","RNA5SP163"," rRNA_pseudogene","chr4",5.32443793092217,-3.58862707805823,0.802220467059195,4.62737809604669e-07,3.52325741800015e-06
"ENSG00000279878.1","AP003108.5"," TEC","chr11",28.8071770105407,-3.58405793867375,0.858828576164725,1.13261119472012e-06,7.97805745925893e-06
"ENSG00000156885.6","COX6A2"," protein_coding","chr16",38.3527412684519,-3.57775860054681,0.741390064093753,5.07417324272467e-08,4.64997044665523e-07
"ENSG00000173599.15","PC"," protein_coding","chr11",8506.83720571327,-3.57718216689824,0.439501420459436,1.93078472485087e-17,8.1385924334068e-16
"ENSG00000148339.12","SLC25A25"," protein_coding","chr9",3994.20411422884,-3.57688469385298,0.352524949438725,1.78366670413236e-25,2.56294453659295e-23
"ENSG00000251061.2","LINC02512"," lncRNA","chr4",4.08710835927813,-3.57367669255305,1.0701921426695,3.48813276059462e-05,0.000179635142114733
"ENSG00000100577.19","GSTZ1"," protein_coding","chr14",3438.1897053211,-3.57253769834039,0.386392735949476,1.23677813789265e-21,9.69773696349214e-20
"ENSG00000171759.10","PAH"," protein_coding","chr12",34813.37665557,-3.5712217709126,0.536357837100201,1.38628711443601e-12,2.77152905010172e-11
"ENSG00000162897.16","FCAMR"," protein_coding","chr1",258.492271769602,-3.56339572723592,0.838298959691375,8.04662811623196e-07,5.86633580410822e-06
"ENSG00000226699.1","AL360181.1"," lncRNA","chr10",18.8567657218854,-3.56326709161096,0.543942809184473,3.85337751743654e-12,7.15007435153348e-11
"ENSG00000259706.1","HSP90B2P"," processed_pseudogene","chr15",51.6384390981212,-3.56045441278222,0.391586702871164,4.67258888111075e-21,3.34876523521178e-19
"ENSG00000154654.15","NCAM2"," protein_coding","chr21",177.006916770233,-3.55769829574803,0.847301405280213,1.01380454892349e-06,7.20908456546791e-06
"ENSG00000173597.9","SULT1B1"," protein_coding","chr4",744.973118165919,-3.55225925908027,0.499351984732162,5.81665954618213e-14,1.45386582949946e-12
"ENSG00000135218.19","CD36"," protein_coding","chr7",1041.58902934493,-3.55084697484518,0.53646472389541,1.70943522909466e-12,3.37593203774286e-11
"ENSG00000181035.14","SLC25A42"," protein_coding","chr19",2791.49206054555,-3.54880509928423,0.328862179932781,2.25857260103175e-28,4.70573601424964e-26
"ENSG00000134042.14","MRO"," protein_coding","chr18",196.823813640811,-3.54825846301264,0.465053770985291,1.17563755038898e-15,3.73553068706931e-14
"ENSG00000108187.16","PBLD"," protein_coding","chr10",8127.16619818173,-3.54679787472503,0.560692848414951,1.1512393353762e-11,1.98818828736461e-10
"ENSG00000248685.6","LINC02484"," lncRNA","chr4",52.469782015367,-3.54641711629399,0.834383947513714,8.58720926249274e-07,6.21539223269605e-06
"ENSG00000228133.3","AC099684.1"," lncRNA","chr17",35.8231074579119,-3.54391043297664,0.47518336995305,4.79901661475304e-15,1.42548386594431e-13
"ENSG00000147100.11","SLC16A2"," protein_coding","chrX",3926.94527637205,-3.54301709557636,0.372257513428848,9.09573416718359e-23,8.53097974027582e-21
"ENSG00000002933.9","TMEM176A"," protein_coding","chr7",22415.6647817317,-3.54169434023511,0.516231256741266,3.25920983446488e-13,7.22949746475331e-12
"ENSG00000266151.1","MIR3646"," miRNA","chr20",5.34692926207787,-3.53968461348529,0.832944828229725,1.42113547898386e-06,9.79515614047266e-06
"ENSG00000205403.13","CFI"," protein_coding","chr4",3809.66479594438,-3.53602141043491,0.263911549993703,3.26483304664687e-42,3.52710796806084e-39
"ENSG00000259444.1","AL161669.1"," lncRNA","chr14",13.5161554283027,-3.53492102804007,0.475368277080732,6.20540104908342e-15,1.82097930785427e-13
"ENSG00000134824.14","FADS2"," protein_coding","chr11",7859.86264464093,-3.53081355130166,0.5593682367273,1.27318125229087e-11,2.18455434988661e-10
"ENSG00000152620.13","NADK2"," protein_coding","chr5",8266.14977398002,-3.52906134845831,0.312453431854424,7.3041158467597e-31,2.13053755134134e-28
"ENSG00000198695.2","MT-ND6"," protein_coding","chrM",72513.3523332202,-3.52867148352965,0.32797181931937,2.78886316019152e-28,5.74007180119227e-26
"ENSG00000259478.2","AC024651.1"," lncRNA","chr15",4.19981317087023,-3.52604408852927,1.11927108304395,7.47512708711766e-05,0.000355348732079751
"ENSG00000275830.2","AL390755.1"," lncRNA","chr13",32.1691044557523,-3.52602094643054,0.771867957038453,1.9314657822091e-07,1.59014748521753e-06
"ENSG00000110244.7","APOA4"," protein_coding","chr11",274.527557467107,-3.52379525000241,0.984891179164059,1.14894755080543e-05,6.56872816727626e-05
"ENSG00000075239.14","ACAT1"," protein_coding","chr11",12305.3948502869,-3.52308076188086,0.409230774534333,4.10894488272054e-19,2.25713396015208e-17
"ENSG00000253944.1","AC027117.2"," lncRNA","chr8",132.762164354856,-3.51666750155061,0.658845776855499,3.99322638616731e-09,4.44913752704791e-08
"ENSG00000270720.1","AC104785.1"," lncRNA","chr4",21.3209005416756,-3.51622906073136,0.419340148242887,3.25143250069653e-18,1.54969010805256e-16
"ENSG00000152078.10","TLCD4"," protein_coding","chr1",6442.12871097635,-3.51559393581261,0.375918946481958,4.39644226355933e-22,3.7170963590076e-20
"ENSG00000137860.12","SLC28A2"," protein_coding","chr15",21.8435978253785,-3.51182226839509,0.50719524935977,2.45999374349438e-13,5.5667616372372e-12
"ENSG00000130222.11","GADD45G"," protein_coding","chr9",4649.69273485344,-3.507016143144,0.610009528192641,4.02007191817401e-10,5.31557016233988e-09
"ENSG00000258818.4","RNASE4"," protein_coding","chr14",293.26215121762,-3.50453730464918,0.312679859171623,1.7955398317113e-30,4.98800965249398e-28
"ENSG00000120915.14","EPHX2"," protein_coding","chr8",8008.04710089665,-3.5002113191897,0.540476187911444,4.39100716970244e-12,8.07065457675176e-11
"ENSG00000060971.19","ACAA1"," protein_coding","chr3",9493.82296396106,-3.49883842392334,0.344511528101891,1.62542721502374e-25,2.34713299183305e-23
"ENSG00000152270.9","PDE3B"," protein_coding","chr11",1444.33773850097,-3.49727996226713,0.373732259888182,4.44405918303114e-22,3.74649602051547e-20
"ENSG00000106565.18","TMEM176B"," protein_coding","chr7",30759.4487569759,-3.49057252965776,0.428494043335086,1.86069625665217e-17,7.85450783072174e-16
"ENSG00000139508.15","SLC46A3"," protein_coding","chr13",2865.89552292865,-3.48997396261087,0.390733407613982,2.30967928656826e-20,1.50046848797126e-18
"ENSG00000276980.1","AC008760.2"," lncRNA","chr19",2722.52970181134,-3.48419303540598,0.619268074346802,8.32169867335499e-10,1.04178381374717e-08
"ENSG00000163958.14","ZDHHC19"," protein_coding","chr3",36.4445231393696,-3.48317400774879,0.552746840417894,1.28322047857396e-11,2.19919260514241e-10
"ENSG00000052802.13","MSMO1"," protein_coding","chr4",11652.4548447327,-3.47549994332979,0.301582675406002,4.45373100046574e-32,1.52836328885394e-29
"ENSG00000224389.9","C4B"," protein_coding","chr6",7791.97981595994,-3.46744048177826,0.329540174793506,3.43682630375663e-27,6.11273088135836e-25
"ENSG00000132386.11","SERPINF1"," protein_coding","chr17",27632.3979988449,-3.45555958643882,0.554695651312088,2.18066978004448e-11,3.58354686276718e-10
"ENSG00000255746.1","AC007406.2"," lncRNA","chr12",4.17116450795078,-3.45491761708244,0.646233874054716,8.59735740030443e-09,9.08939173647988e-08
"ENSG00000182326.15","C1S"," protein_coding","chr12",99569.4938579923,-3.45452753790293,0.434855513928307,8.68642094130075e-17,3.29485321764371e-15
"ENSG00000144649.9","GASK1A"," protein_coding","chr3",313.499577265158,-3.45271072601182,0.50639729244692,4.47283370475589e-13,9.65000638565271e-12
"ENSG00000111275.13","ALDH2"," protein_coding","chr12",47664.1816341394,-3.451989697842,0.461834261337367,3.7556634235753e-15,1.13053608258274e-13
"ENSG00000251409.1","AC008592.3"," lncRNA","chr5",11.1941470225289,-3.44854026426724,0.553113470771547,2.2865287548654e-11,3.74274732046402e-10
"ENSG00000164100.9","NDST3"," protein_coding","chr4",32.2949506432272,-3.44216527298021,0.634500392759404,2.35633671162978e-09,2.72098121700432e-08
"ENSG00000245293.3","CYP2U1-AS1"," lncRNA","chr4",31.1952955223531,-3.44171001638108,0.454401019386739,2.19835475148035e-15,6.77125762892613e-14
"ENSG00000164619.10","BMPER"," protein_coding","chr7",294.183098466043,-3.43161007731755,0.450602814528924,1.27467480701913e-15,4.02827621299471e-14
"ENSG00000131910.5","NR0B2"," protein_coding","chr1",4467.35197054006,-3.42797719661821,0.6706786386971,1.35637955759335e-08,1.38336487116925e-07
"ENSG00000166856.3","GPR182"," protein_coding","chr12",133.561815481651,-3.42479527037628,0.482794396491197,6.1377933918437e-14,1.52383061745693e-12
"ENSG00000197249.14","SERPINA1"," protein_coding","chr14",853299.498164509,-3.4239796652643,0.409005232568926,2.80915887176635e-18,1.34992347826281e-16
"ENSG00000125551.19","PLGLB2"," protein_coding","chr2",68.2731609617227,-3.4225540003322,0.713502948175652,7.03468637743248e-08,6.26548906697185e-07
"ENSG00000163217.2","BMP10"," protein_coding","chr2",192.534881308718,-3.42131834443403,1.10622850730759,5.77242925281533e-05,0.000282084082552137
"ENSG00000173281.5","PPP1R3B"," protein_coding","chr8",7928.87683271903,-3.41870403274135,0.415116122263378,8.05209939768943e-18,3.63016518286249e-16
"ENSG00000181192.12","DHTKD1"," protein_coding","chr10",7477.36316885364,-3.41174564830267,0.283705433771657,1.55504459986775e-34,7.31598321508751e-32
"ENSG00000159403.18","C1R"," protein_coding","chr12",74110.316537454,-3.4108092261117,0.409747147439922,4.30765821616872e-18,2.02009778950844e-16
"ENSG00000285791.1","AC009879.3"," protein_coding","chr8",19.9810570475655,-3.40763002054738,0.559237378714421,5.26438033610439e-11,8.05226586386098e-10
"ENSG00000182551.14","ADI1"," protein_coding","chr2",17248.8781401744,-3.40068817598046,0.231130306254595,2.8292038109503e-50,8.25250459616093e-47
"ENSG00000285467.1","AL136419.1"," lncRNA","chr14",15.3301651570592,-3.3942485443996,0.463124931819841,1.51745934988717e-14,4.1875848417085e-13
"ENSG00000169083.18","AR"," protein_coding","chrX",4409.64292352124,-3.38835680271146,0.55602345699937,5.07699021693353e-11,7.80246194087113e-10
"ENSG00000162433.15","AK4"," protein_coding","chr1",4714.4631869237,-3.38680101688016,0.494934377169879,3.65859004735908e-13,8.02990316714952e-12
"ENSG00000245017.2","LINC02453"," lncRNA","chr12",69.5160381483035,-3.38405780297969,0.362751819108774,5.19474318536528e-22,4.34170383879427e-20
"ENSG00000179399.15","GPC5"," protein_coding","chr13",25.6226223714421,-3.37962214323918,0.476046343704903,6.13939439808125e-14,1.52383061745693e-12
"ENSG00000288046.1","AL031123.5"," lncRNA","chr6",51.8873540911014,-3.37784401414321,0.603213326607256,9.71750618209273e-10,1.19851982167215e-08
"ENSG00000106538.10","RARRES2"," protein_coding","chr7",22622.8189663941,-3.3766725008971,0.411697495752427,1.17222460359107e-17,5.14949088285359e-16
"ENSG00000140961.14","OSGIN1"," protein_coding","chr16",3870.41622599796,-3.36758327575913,0.346936522612494,1.33937722051016e-23,1.42585015127959e-21
"ENSG00000093217.11","XYLB"," protein_coding","chr3",1387.8158177513,-3.36732953924744,0.361697183984245,7.04386948453321e-22,5.73917958084775e-20
"ENSG00000112294.14","ALDH5A1"," protein_coding","chr6",6082.86360863551,-3.36719496387989,0.252573212870983,9.89910262851139e-42,9.31441692164673e-39
"ENSG00000279022.1","AL359715.4"," TEC","chr6",8.5203199635607,-3.36007012375302,0.519568932390527,7.99598110362004e-12,1.40927355173108e-10
"ENSG00000251165.6","F11-AS1"," lncRNA","chr4",22.9998443001955,-3.35958373990743,0.35714311746285,2.58655917448032e-22,2.25215953911691e-20
"ENSG00000254480.2","LINC02749"," lncRNA","chr11",22.0356407764766,-3.35899074793271,0.75445083598085,3.39181100104743e-07,2.64604800988372e-06
"ENSG00000135409.11","AMHR2"," protein_coding","chr12",15.5012680032495,-3.35586332258748,0.430355217227332,3.14283721362444e-16,1.07724346279919e-14
"ENSG00000275880.1","AL139385.1"," lncRNA","chr13",101.871098402289,-3.35347379174372,0.522548849242345,6.28888014675371e-12,1.1295587746346e-10
"ENSG00000279607.1","AL358613.2"," lncRNA","chr10",5.11735481686072,-3.34857830597577,0.810260895852736,1.84527774608484e-06,1.24565856458108e-05
"ENSG00000109991.9","P2RX3"," protein_coding","chr11",66.9074933822012,-3.34300517613192,0.606654828624415,1.65248799980991e-09,1.96660230381295e-08
"ENSG00000008311.15","AASS"," protein_coding","chr7",2990.20844160058,-3.34005968158231,0.389867964182937,5.20052770295043e-19,2.81959465738589e-17
"ENSG00000158125.10","XDH"," protein_coding","chr2",4175.93456173172,-3.33344092846809,0.508945105076004,2.70579988831186e-12,5.14843293817146e-11
"ENSG00000107736.21","CDH23"," protein_coding","chr10",473.399571506202,-3.33201208267897,0.378237644480604,6.25543810440249e-20,3.82525941440914e-18
"ENSG00000285676.1","AL158212.5"," lncRNA","chr10",38.3718585130831,-3.33157634101212,0.428467324118346,3.91493694851764e-16,1.3306529736274e-14
"ENSG00000250803.6","AC010255.2"," protein_coding","chr5",17.3105515178761,-3.33128883166681,0.464654426163733,1.95185975531893e-05,0.000106299098586441
"ENSG00000009950.16","MLXIPL"," protein_coding","chr7",8521.9129753847,-3.31303808220476,0.564679822803811,2.00246311073567e-10,2.77613338769243e-09
"ENSG00000161649.13","CD300LG"," protein_coding","chr17",22.8745548552884,-3.3128315491444,0.681584495188038,4.80290375082064e-08,4.42161607090802e-07
"ENSG00000132437.18","DDC"," protein_coding","chr7",1150.12589292905,-3.31130569854923,0.641798441893888,1.06049266580383e-08,1.10378882452635e-07
"ENSG00000263535.2","AK4P1"," processed_pseudogene","chr17",22.2664119317181,-3.31049666195442,0.451217228523005,1.08603985169173e-14,3.07859051836696e-13
"ENSG00000277210.3","AC090164.3"," lncRNA","chr15",11.2528847495102,-3.31042008100541,0.508752450511903,3.1947366541421e-12,6.01596342573731e-11
"ENSG00000109667.12","SLC2A9"," protein_coding","chr4",676.694253430055,-3.30918310996988,0.448660825106815,8.05614288218982e-15,2.32432870158848e-13
"ENSG00000164038.16","SLC9B2"," protein_coding","chr4",1699.4158382025,-3.30565495123111,0.410319044648101,3.92860379543465e-17,1.59157561262546e-15
"ENSG00000159921.19","GNE"," protein_coding","chr9",6333.07038731058,-3.30556493891753,0.25755155482027,5.55129765433767e-39,3.94940978730184e-36
"ENSG00000148795.7","CYP17A1"," protein_coding","chr10",16.6696052450747,-3.30247365236442,0.617179517639414,3.52622890093908e-09,3.96211751970308e-08
"ENSG00000280087.1","AC011481.3"," TEC","chr19",27.7019360162953,-3.2992242337911,0.394944071707663,3.62326525711168e-18,1.71848819975106e-16
"ENSG00000143994.14","ABHD1"," protein_coding","chr2",86.5927624628789,-3.29807602825296,0.393675087644508,3.11282431935482e-18,1.48605519756564e-16
"ENSG00000253311.3","LINC01847"," lncRNA","chr5",4.45659591404543,-3.29764732525717,0.844899597783427,5.32294761370753e-06,3.25981648003852e-05
"ENSG00000117305.15","HMGCL"," protein_coding","chr1",8022.80595430351,-3.29590108765656,0.252858632391925,4.3937395153934e-40,3.46381048444622e-37
"ENSG00000224122.2","POU6F2-AS1"," lncRNA","chr7",44.2182557475328,-3.29419086529471,0.698510599512766,1.08335625608419e-07,9.31890847352396e-07
"ENSG00000259370.2","AC103740.1"," lncRNA","chr15",193.651462847979,-3.29391428014941,0.479608579003187,3.23015313528419e-13,7.17595862933012e-12
"ENSG00000226015.2","CCT8P1"," processed_pseudogene","chr1",539.58044641941,-3.29061779685547,0.41340798051333,8.56032988562432e-17,3.25549233942341e-15
"ENSG00000279026.1","AC005225.4"," TEC","chr14",76.0763181912816,-3.28440400030297,0.41918110756258,2.55033033325848e-16,8.91973447132094e-15
"ENSG00000261572.1","AC097639.1"," lncRNA","chr3",296.4675399079,-3.28123805412663,0.399707221126516,1.10388878777794e-17,4.87130590782068e-16
"ENSG00000102967.12","DHODH"," protein_coding","chr16",3092.86598027993,-3.27976507493963,0.302961978309474,1.32310361101382e-28,2.85878586886386e-26
"ENSG00000255650.6","FAM222A-AS1"," lncRNA","chr12",17.6629690635805,-3.27617013522594,0.517390718043546,1.4614135557763e-11,2.4884980740478e-10
"ENSG00000124564.17","SLC17A3"," protein_coding","chr6",562.711023039373,-3.27437650531387,0.637031556068125,1.17287438998816e-08,1.20974445125759e-07
"ENSG00000235529.1","AGAP1-IT1"," lncRNA","chr2",37.8518939000717,-3.27422159756106,0.542880440699852,6.7811312602534e-11,1.02116064909825e-09
"ENSG00000273350.1","AC004832.5"," lncRNA","chr22",24.1254748556945,-3.27279400850356,0.478813706880221,3.421367669792e-13,7.54330110054141e-12
"ENSG00000178445.10","GLDC"," protein_coding","chr9",4117.41804482762,-3.26972333863954,0.639144120384347,1.33425311447277e-08,1.36318140441528e-07
"ENSG00000108924.14","HLF"," protein_coding","chr17",3861.03510948106,-3.26968926595594,0.416140402993718,1.99197303512932e-16,7.06859628487679e-15
"ENSG00000198732.11","SMOC1"," protein_coding","chr14",3752.70828337012,-3.26700733609038,0.478359832715649,4.02840669685295e-13,8.77554853924598e-12
"ENSG00000127884.5","ECHS1"," protein_coding","chr10",28369.9968988553,-3.26660396777799,0.292523680289152,3.06552546986436e-30,8.12893749367941e-28
"ENSG00000287200.1","AC022506.2"," lncRNA","chr12",114.436218881217,-3.26311662011892,0.606991453059715,3.41601571423691e-09,3.85014537745659e-08
"ENSG00000237076.1","AL035706.1"," lncRNA","chr1",4.76957459745689,-3.25770546320914,0.789415739526975,1.93029074252187e-06,1.29794031047995e-05
"ENSG00000177465.4","ACOT4"," protein_coding","chr14",358.312707586615,-3.25512860690277,0.303264143165681,3.68352057331132e-28,7.3592199728026e-26
"ENSG00000159200.18","RCAN1"," protein_coding","chr21",5955.88004325777,-3.25363208482301,0.469837096737783,2.08085961658245e-13,4.76574650084192e-12
"ENSG00000198786.2","MT-ND5"," protein_coding","chrM",215366.444237929,-3.24926259176731,0.304561986769916,7.32515623173423e-28,1.42444988082304e-25
"ENSG00000157379.14","DHRS1"," protein_coding","chr14",3806.22225464486,-3.24587469399797,0.246072043798234,5.23333043202928e-41,4.48973574623124e-38
"ENSG00000167676.4","PLIN4"," protein_coding","chr19",1517.10519769915,-3.24481184268101,0.450330037069633,2.85897370807241e-14,7.53327950232737e-13
"ENSG00000114812.13","VIPR1"," protein_coding","chr3",699.748761810975,-3.2417672534114,0.519018926560641,1.96791459007666e-11,3.27077496740433e-10
"ENSG00000151552.12","QDPR"," protein_coding","chr4",5162.71251360379,-3.23891593866782,0.228963129767496,1.05454199139637e-46,2.05066235646937e-43
"ENSG00000275392.1","AL445493.3"," lncRNA","chr1",10.0659539518793,-3.23467808599556,0.491370146345924,2.32385531419091e-12,4.45950892497597e-11
"ENSG00000183154.1","AC138356.1"," lncRNA","chr8",57.0451519068242,-3.22943991950251,0.510638809240597,1.32093510540817e-11,2.25719719330117e-10
"ENSG00000188672.19","RHCE"," protein_coding","chr1",38.6287343500882,-3.22940008346501,0.48279830094499,1.19113008304438e-12,2.40444116366311e-11
"ENSG00000205106.4","LINC02716"," lncRNA","chr11",65.2094710003264,-3.22599274882137,0.369477923506397,1.15792412701921e-19,6.87891830163408e-18
"ENSG00000144040.13","SFXN5"," protein_coding","chr2",2267.82778310999,-3.22249110555828,0.279548680262295,5.02802628281928e-32,1.70537789120413e-29
"ENSG00000103485.19","QPRT"," protein_coding","chr16",7851.18046746661,-3.21763380843205,0.583980477562197,1.57944776779403e-09,1.88352052080066e-08
"ENSG00000162068.2","NTN3"," protein_coding","chr16",12.4958571598974,-3.21712428979544,0.477633062648955,1.04618862027874e-12,2.13849165136024e-11
"ENSG00000245768.7","AC106793.1"," lncRNA","chr16",13.6249791682018,-3.21225493675157,0.554314115809354,3.14835609014211e-10,4.23785873527251e-09
"ENSG00000103876.13","FAH"," protein_coding","chr15",8576.35253617165,-3.21092982921356,0.308389300324821,1.16946395059314e-26,1.96046517096847e-24
"ENSG00000286751.1","AC140168.1"," lncRNA","chr5",3.69198471776788,-3.19921434594515,0.847450449900316,7.84051536125246e-06,4.64554118570735e-05
"ENSG00000178537.10","SLC25A20"," protein_coding","chr3",3075.71961575522,-3.19918846030619,0.341922750251527,4.37411701815791e-22,3.70897149135605e-20
"ENSG00000165874.13","SHLD2P1"," transcribed_unprocessed_pseudogene","chr10",13.6535291187203,-3.19626682154947,0.57958355500233,1.63934204731904e-09,1.95175380319384e-08
"ENSG00000119673.14","ACOT2"," protein_coding","chr14",1952.22251111796,-3.19469735092136,0.26703517264742,2.90349845751832e-34,1.30470002493796e-31
"ENSG00000272129.1","AL359715.3"," lncRNA","chr6",65.515478412089,-3.19093252089247,0.379694761816032,2.02752347942633e-18,9.97315891591679e-17
"ENSG00000165475.15","CRYL1"," protein_coding","chr13",5250.47252771641,-3.19009761222759,0.299236082811924,7.90362110430809e-28,1.52675976153353e-25
"ENSG00000178301.4","AQP11"," protein_coding","chr11",387.997032800688,-3.18799239472253,0.336279906649748,1.26713604463357e-22,1.169654787529e-20
"ENSG00000186714.12","CCDC73"," protein_coding","chr11",12.0094858977401,-3.18750722039698,0.347860335766744,2.99798219688559e-21,2.21949600763847e-19
"ENSG00000100714.17","MTHFD1"," protein_coding","chr14",7864.06359460376,-3.18686215175432,0.293470026863617,9.79241655791462e-29,2.16390150437736e-26
"ENSG00000160233.8","LRRC3"," protein_coding","chr21",1190.99866321691,-3.18348955427967,0.482150310199241,1.9661317845084e-12,3.83100187189883e-11
"ENSG00000282793.1","AC090164.4"," lncRNA","chr15",17.4147615876586,-3.16987366644385,0.583503149371714,2.31194337317408e-09,2.67395227010764e-08
"ENSG00000108242.13","CYP2C18"," protein_coding","chr10",2150.5644326537,-3.16943064418492,0.601353599973777,5.88130347630866e-09,6.36555625604628e-08
"ENSG00000176422.14","SPRYD4"," protein_coding","chr12",2490.47721757303,-3.16885118515944,0.214830646217234,1.4884303407741e-50,4.82400273444887e-47
"ENSG00000257943.2","AC084879.1"," transcribed_unitary_pseudogene","chr12",4.25672888243925,-3.15985181219458,1.23977601305901,0.000347421746492414,0.00139605247602111
"ENSG00000204682.8","MIR1915HG"," lncRNA","chr10",631.316026021601,-3.14965476334052,0.332448404413062,1.33723287968987e-22,1.22275065415905e-20
"ENSG00000170099.6","SERPINA6"," protein_coding","chr14",16037.6033126042,-3.14552595631291,0.513141224764296,4.01679682998922e-11,6.2722669557792e-10
"ENSG00000060762.19","MPC1"," protein_coding","chr6",4291.50411013159,-3.14546608382175,0.263162562621641,3.25414516079547e-34,1.43818424538247e-31
"ENSG00000146085.8","MMUT"," protein_coding","chr6",6858.2623187735,-3.14335311285426,0.265209770486002,1.21698456064907e-33,4.93030870132953e-31
"ENSG00000187546.14","AGMO"," protein_coding","chr7",2565.39691686971,-3.14168647256567,0.62341195029312,1.98058204259759e-08,1.95902331639638e-07
"ENSG00000116171.19","SCP2"," protein_coding","chr1",23953.2529023443,-3.14117168506056,0.276575595434472,2.85004732510313e-31,8.93903552967024e-29
"ENSG00000259359.2","AC012409.1"," lncRNA","chr15",47.5420465476766,-3.13197483311983,0.48690888786124,5.29463380389552e-12,9.5865408706287e-11
"ENSG00000090539.15","CHRD"," protein_coding","chr3",1570.05053535186,-3.12942264485494,0.326580266136964,4.84436480766325e-23,4.77382692820031e-21
"ENSG00000196632.10","WNK3"," protein_coding","chrX",309.152827437753,-3.12842313424718,0.588646483989509,4.74291324125673e-09,5.20881160896904e-08
"ENSG00000105607.13","GCDH"," protein_coding","chr19",3312.03260875891,-3.11836192952239,0.202285158542875,6.85708360665145e-55,5.0003567930604e-51
"ENSG00000137106.18","GRHPR"," protein_coding","chr9",16858.5762134162,-3.1167349124937,0.276181060030183,7.9010075976167e-31,2.2818266397513e-28
"ENSG00000274286.2","ADRA2B"," protein_coding","chr2",204.341586601654,-3.11663207649436,0.425891404649258,1.24780972870206e-14,3.50311472343699e-13
"ENSG00000187097.13","ENTPD5"," protein_coding","chr14",8140.12351998192,-3.11388173270807,0.548307713282215,6.03264532231116e-10,7.74499257951119e-09
"ENSG00000123561.15","SERPINA7"," protein_coding","chrX",6944.48362961405,-3.11042863980866,0.914129524724959,1.24278628694404e-05,7.05681004552669e-05
"ENSG00000273901.1","AC012313.9"," lncRNA","chr19",18.3013391145261,-3.10910860638065,0.441259344806037,9.69592044228772e-14,2.34900584203564e-12
"ENSG00000125675.18","GRIA3"," protein_coding","chrX",138.13859088443,-3.10516148125964,0.485721425190953,7.64443917565141e-12,1.35221738213812e-10
"ENSG00000256262.1","USP30-AS1"," lncRNA","chr12",21.3467765361544,-3.09829470074707,0.526468917895389,1.68328305085656e-10,2.35716194481205e-09
"ENSG00000187017.17","ESPN"," protein_coding","chr1",2571.79972577484,-3.09825909635844,0.469967717174237,2.02762421860875e-12,3.94554842112066e-11
"ENSG00000138670.18","RASGEF1B"," protein_coding","chr4",1566.61028453442,-3.09653711497535,0.328508709744031,2.15711569601098e-22,1.90093376848775e-20
"ENSG00000267659.5","LINC01482"," lncRNA","chr17",26.1563013192525,-3.09340706270202,0.56430239940689,2.14553271154414e-09,2.49235538283676e-08
"ENSG00000241570.8","PAQR9-AS1"," lncRNA","chr3",96.9402185588157,-3.0927255185944,0.670351779785592,1.63171997370085e-07,1.36416279486615e-06
"ENSG00000148672.9","GLUD1"," protein_coding","chr10",25193.4138638592,-3.08875688704922,0.255018041947652,4.35747972611953e-35,2.22988291458212e-32
"ENSG00000278214.1","LINC02139"," lncRNA","chr16",12.8626240425684,-3.086990662622,0.554059570269232,1.0344877026662e-09,1.26999039558377e-08
"ENSG00000162840.4","MT2P1"," processed_pseudogene","chr4",115.680874827267,-3.08422442859306,0.602565107723361,1.28449147406625e-08,1.31602851447273e-07
"ENSG00000160323.19","ADAMTS13"," protein_coding","chr9",1271.38380978305,-3.08305416382698,0.332985149795677,1.03604774706508e-21,8.27958266688806e-20
"ENSG00000251393.4","AC005280.1"," lncRNA","chr14",27.4079574748909,-3.07471523401543,0.369185432715702,3.65779688620038e-18,1.73204995736329e-16
"ENSG00000279419.1","AC004925.1"," TEC","chr7",24.0975067343966,-3.06767894165925,0.585314986327425,6.99353104850338e-09,7.50254899425506e-08
"ENSG00000008394.13","MGST1"," protein_coding","chr12",24219.7878065422,-3.06513512386911,0.454626039488457,7.33933473248616e-13,1.53243417904001e-11
"ENSG00000235199.1","CYP2C58P"," processed_pseudogene","chr10",5.30162815138152,-3.06405806035335,0.85874399207299,1.42295769334589e-05,7.98043702311214e-05
"ENSG00000132703.4","APCS"," protein_coding","chr1",36265.3447132968,-3.06401303868957,0.550480614175627,1.14659858850866e-09,1.39703985915661e-08
"ENSG00000106034.18","CPED1"," protein_coding","chr7",1302.66643268474,-3.06335817035795,0.397438987901749,6.25142605810063e-16,2.04425837094997e-14
"ENSG00000058404.20","CAMK2B"," protein_coding","chr7",359.08903099194,-3.06259214649197,0.711740930898721,6.63295122488887e-07,4.91806187795585e-06
"ENSG00000285219.2","HULC"," lncRNA","chr6",372.61923877976,-3.06231830902247,0.335315957166697,3.28298104016178e-21,2.41821398890099e-19
"ENSG00000177943.14","MAMDC4"," protein_coding","chr9",1702.89755015645,-3.05881773494871,0.584052725849169,7.07984066236092e-09,7.58676973844253e-08
"ENSG00000111885.7","MAN1A1"," protein_coding","chr6",7047.79404029418,-3.05045087374661,0.319853036900894,7.42417073340708e-23,7.10018479090987e-21
"ENSG00000064225.12","ST3GAL6"," protein_coding","chr3",1668.8590806883,-3.04659258775012,0.49011847793079,2.30048202538513e-11,3.76262067759101e-10
"ENSG00000138606.19","SHF"," protein_coding","chr15",576.568183639122,-3.04653749580345,0.323394006964357,2.26867050002733e-22,1.99321836793063e-20
"ENSG00000238198.2","LRIG2-DT"," lncRNA","chr1",23.3118012181026,-3.04085634306004,0.349791833119307,1.97612700314248e-19,1.13244889105428e-17
"ENSG00000185432.12","METTL7A"," protein_coding","chr12",29060.1793869153,-3.03925853096597,0.303292884034524,5.33431429568398e-25,7.13745934361495e-23
"ENSG00000259343.7","TMC3-AS1"," lncRNA","chr15",56.9658682979492,-3.03123496219223,0.416950581867631,1.91513496142442e-14,5.20620425813502e-13
"ENSG00000260886.2","TAT-AS1"," lncRNA","chr16",24.9731252809039,-3.0281448760543,0.617131515180222,4.17415379112493e-08,3.88872219525145e-07
"ENSG00000260500.1","AC010336.2"," lncRNA","chr19",5.12112418322053,-3.02270996891484,0.560361693995508,4.27373936157264e-09,4.73095648719971e-08
"ENSG00000121446.20","RGSL1"," protein_coding","chr1",5.09076419960316,-3.02130527368158,0.714211241900539,1.13875397508587e-06,8.0116533283357e-06
"ENSG00000163884.4","KLF15"," protein_coding","chr3",2866.94717620545,-3.01753455844054,0.484929400767621,2.13690118658363e-11,3.51756606723803e-10
"ENSG00000171903.16","CYP4F11"," protein_coding","chr19",3177.5073341214,-3.01423655934347,0.356434717986769,1.48642559637562e-18,7.55357982938685e-17
"ENSG00000138796.17","HADH"," protein_coding","chr4",5043.91447800328,-3.01023637429811,0.258233015281249,1.27336846448732e-32,4.76190830008086e-30
"ENSG00000073849.16","ST6GAL1"," protein_coding","chr3",24318.8498609321,-3.00783655343804,0.38444740683637,2.6697641900269e-16,9.3039846665346e-15
"ENSG00000122971.9","ACADS"," protein_coding","chr12",7356.53404473754,-3.00428330641104,0.364211612878921,7.43108860331228e-18,3.38155106817498e-16
"ENSG00000271868.1","AC114810.1"," lncRNA","chr2",38.6706814033152,-3.00022644917748,0.318401911001212,1.57825001806013e-22,1.41214646554588e-20
"ENSG00000134463.15","ECHDC3"," protein_coding","chr10",3323.34656359136,-2.99475736480111,0.770848822488566,3.73438881176103e-06,2.36338440551655e-05
"ENSG00000174327.7","SLC16A13"," protein_coding","chr17",1099.30648063598,-2.99450926711189,0.346141542889959,2.54056566710105e-19,1.43338026970349e-17
"ENSG00000197580.13","BCO2"," protein_coding","chr11",1698.54631284091,-2.98998082800771,0.451734879781163,1.70448408445782e-12,3.36843470593159e-11
"ENSG00000181856.15","SLC2A4"," protein_coding","chr17",106.844651430562,-2.98928515303931,0.507244825284807,1.73391226221938e-10,2.42340617042056e-09
"ENSG00000163683.12","SMIM14"," protein_coding","chr4",10879.0835613313,-2.98864213966253,0.246091024416203,2.89104734710045e-35,1.53325381941042e-32
"ENSG00000135069.14","PSAT1"," protein_coding","chr9",4557.06853685307,-2.98800986346264,0.741390247254555,2.0968376960637e-06,1.39768415805489e-05
"ENSG00000214456.8","PLIN5"," protein_coding","chr19",1735.97134707855,-2.98668870700551,0.503560636523176,1.37681504139328e-10,1.9667148845446e-09
"ENSG00000230188.1","AL158156.1"," processed_pseudogene","chr9",5.9416837756318,-2.98659638375883,0.84278709204923,1.63235053873009e-05,9.02806842324951e-05
"ENSG00000281756.1","C2-AS1"," lncRNA","chr6",12.4905715200719,-2.97641775704979,0.499329538769931,1.3655862587545e-10,1.95163084672269e-09
"ENSG00000005981.13","ASB4"," protein_coding","chr7",62.3610469604973,-2.97458672580356,0.598679003544361,3.01749427613046e-08,2.88960244715855e-07
"ENSG00000149150.9","SLC43A1"," protein_coding","chr11",4106.30190143949,-2.97361726193147,0.4063203707255,1.16561872892627e-14,3.29137780290903e-13
"ENSG00000168234.13","TTC39C"," protein_coding","chr18",4157.45672787472,-2.97319014638992,0.286125927637828,1.35374898439068e-26,2.21839910818492e-24
"ENSG00000176894.10","PXMP2"," protein_coding","chr12",261.258129218763,-2.97301414694921,0.474583236517451,1.7196247189441e-11,2.8877221316569e-10
"ENSG00000180346.4","TIGD2"," protein_coding","chr4",794.886140501818,-2.9652307913861,0.294796987110525,4.3457571348432e-25,5.96731634451822e-23
"ENSG00000260325.2","HSPB9"," protein_coding","chr17",55.5678349683555,-2.96485543402471,0.413117657579024,3.80002795481071e-14,9.80044344950253e-13
"ENSG00000176919.13","C8G"," protein_coding","chr9",7165.129849386,-2.9601647171523,0.592716436932049,2.49225882879058e-08,2.42726870707821e-07
"ENSG00000122756.15","CNTFR"," protein_coding","chr9",279.519982545108,-2.95783661674366,0.912701478058933,3.82336908758521e-05,0.000194699463889268
"ENSG00000231327.1","LINC01816"," lncRNA","chr2",44.6085447025585,-2.95685234381431,0.49153131140744,7.78294401232059e-11,1.15297457539553e-09
"ENSG00000144648.16","ACKR2"," protein_coding","chr3",234.607066833815,-2.95335018185195,0.466592156263688,1.15304027404136e-11,1.99012022210132e-10
"ENSG00000112299.8","VNN1"," protein_coding","chr6",9310.8394308326,-2.95120613762276,0.480618247658636,3.76706799322981e-11,5.92673173109602e-10
"ENSG00000145703.16","IQGAP2"," protein_coding","chr5",6938.82683178232,-2.94934562487781,0.34339097694313,4.53969375360903e-19,2.48439638084469e-17
"ENSG00000114378.17","HYAL1"," protein_coding","chr3",5078.91848569384,-2.94821320177322,0.344181201091108,5.35279283436499e-19,2.89140026269616e-17
"ENSG00000198417.7","MT1F"," protein_coding","chr16",4890.67537291176,-2.94561943455782,0.728813508342987,1.98409657089163e-06,1.32921710786261e-05
"ENSG00000284959.2","AC007262.2"," lncRNA","chr14",54.0195452459188,-2.93713666965594,0.435500308661907,7.99380435806595e-13,1.66432033776178e-11
"ENSG00000125430.9","HS3ST3B1"," protein_coding","chr17",1671.11772580047,-2.93708359800409,0.393091909488044,3.68405008906597e-15,1.11127256512891e-13
"ENSG00000138792.10","ENPEP"," protein_coding","chr4",2061.99257726267,-2.93424823496586,0.457985104020661,6.93634420374118e-12,1.23822658555035e-10
"ENSG00000135111.16","TBX3"," protein_coding","chr12",938.804958769656,-2.93409419840815,0.44946227423525,3.12095261944849e-12,5.88461971277912e-11
"ENSG00000059769.20","DNAJC25"," protein_coding","chr9",1103.69953155373,-2.93082969020036,0.220735015226767,1.569819121863e-41,1.38757739289763e-38
"ENSG00000215386.13","MIR99AHG"," lncRNA","chr21",270.83723789129,-2.93001089886351,0.304571754794334,3.32774704843901e-23,3.31907324784427e-21
"ENSG00000127948.16","POR"," protein_coding","chr7",16806.4351487041,-2.92415417236442,0.23638124897746,1.40226364217842e-36,8.70268684653242e-34
"ENSG00000274560.1","AC010205.1"," lncRNA","chr12",5.41052081928178,-2.90832127555439,0.580193658511127,3.00299892190777e-08,2.87855654134498e-07
"ENSG00000137642.13","SORL1"," protein_coding","chr11",6882.6354447641,-2.90579064363175,0.331479112591991,9.06898336347012e-20,5.43189272544271e-18
"ENSG00000115255.12","REEP6"," protein_coding","chr19",12090.0397192132,-2.90352495289488,0.504327795824424,3.65067495508874e-10,4.86906894215745e-09
"ENSG00000139597.18","N4BP2L1"," protein_coding","chr13",1657.3089036762,-2.90251997607066,0.256186181942814,4.80680807727527e-31,1.44546169903137e-28
"ENSG00000260293.2","AC106820.4"," lncRNA","chr16",50.9694874039777,-2.89729835609268,0.419770707375519,2.60068632761479e-13,5.87147209676437e-12
"ENSG00000123104.12","ITPR2"," protein_coding","chr12",3830.094243486,-2.89307018357995,0.270062288605733,4.54992780494101e-28,9.02835674437581e-26
"ENSG00000147155.11","EBP"," protein_coding","chrX",3329.09139481011,-2.89201620022411,0.317246859871894,3.90433051641514e-21,2.84713542083283e-19
"ENSG00000216588.9","IGSF23"," protein_coding","chr19",276.08984209688,-2.87775899266598,0.649131040557423,3.71400612446801e-07,2.8796875237801e-06
"ENSG00000272555.1","AC009974.1"," lncRNA","chr2",25.719440888086,-2.87314084033751,0.559006677138912,1.06674712798321e-08,1.10811776980563e-07
"ENSG00000231047.1","GCNT1P3"," processed_pseudogene","chr3",6.52431066979785,-2.87251334131585,0.717720091376382,3.10666209335771e-06,1.99687586163841e-05
"ENSG00000253661.2","ZFHX4-AS1"," lncRNA","chr8",6.33400679118263,-2.86714068710286,0.600779476854237,8.51745058985403e-08,7.49006681505734e-07
"ENSG00000135437.10","RDH5"," protein_coding","chr12",305.045730779405,-2.86691662068182,0.335467400695588,6.46337737398216e-19,3.44033311353441e-17
"ENSG00000004799.8","PDK4"," protein_coding","chr7",12406.1868635187,-2.85407628081193,0.637124044079675,3.04562415762147e-07,2.39842902412691e-06
"ENSG00000226087.2","AC073283.2"," lncRNA","chr2",3.73466716384892,-2.85354739303947,0.841237579625888,3.4034547403854e-05,0.000175646446076259
"ENSG00000243649.9","CFB"," protein_coding","chr6",1072.60599769817,-2.85125031437549,0.503731279587336,6.71310098208782e-10,8.53966168977408e-09
"ENSG00000056998.20","GYG2"," protein_coding","chrX",826.349059112788,-2.84866337262068,0.498498112928791,4.95211468770483e-10,6.4428293187182e-09
"ENSG00000116704.8","SLC35D1"," protein_coding","chr1",4813.59478055334,-2.84600639195008,0.366067616255337,3.53803488466153e-16,1.20702853275663e-14
"ENSG00000115425.14","PECR"," protein_coding","chr2",4327.96218965682,-2.84557564750263,0.313639276142254,6.28395628731499e-21,4.38508901781557e-19
"ENSG00000165410.15","CFL2"," protein_coding","chr14",3153.52647716042,-2.84503146981006,0.339430944712706,2.67728233465381e-18,1.29294119899863e-16
"ENSG00000197142.10","ACSL5"," protein_coding","chr10",3272.27763640687,-2.84000007443653,0.457759185620502,2.53266943522018e-11,4.10419081977431e-10
"ENSG00000133048.13","CHI3L1"," protein_coding","chr1",4506.48301637158,-2.83963477958136,0.903958416080441,5.21481936606481e-05,0.000257771676137509
"ENSG00000115841.21","RMDN2"," protein_coding","chr2",548.444837580271,-2.82776689028659,0.188661718972037,4.77597156304197e-52,1.99014735031959e-48
"ENSG00000143416.21","SELENBP1"," protein_coding","chr1",8287.48442055311,-2.82431937154525,0.567615060359282,2.66707374180277e-08,2.58629900181666e-07
"ENSG00000139874.6","SSTR1"," protein_coding","chr14",415.036276771163,-2.8215621518024,0.552003774414321,1.38521476693226e-08,1.4108006123131e-07
"ENSG00000171503.12","ETFDH"," protein_coding","chr4",3662.60753814002,-2.82099269729478,0.503661896330693,9.4290839836838e-10,1.16689414815474e-08
"ENSG00000100116.17","GCAT"," protein_coding","chr22",1342.48264676982,-2.81619625938484,0.416219642709793,6.21631861417043e-13,1.31298912133771e-11
"ENSG00000126522.17","ASL"," protein_coding","chr7",3749.0072506717,-2.81563118207412,0.317541628288446,3.73795945480465e-20,2.34983920985338e-18
"ENSG00000246145.1","RRS1-AS1"," lncRNA","chr8",6.20750359244919,-2.81460300943306,0.558803194026884,2.50521269908853e-08,2.43825656388767e-07
"ENSG00000231882.1","F10-AS1"," lncRNA","chr13",4.63629582033448,-2.8138629344505,0.771748287853246,1.32501829178715e-05,7.48005778075082e-05
"ENSG00000255353.1","ASS1P13"," processed_pseudogene","chr11",3.990145827289,-2.81169210014771,0.578287038803967,7.31131909780751e-08,6.48612733466993e-07
"ENSG00000169764.16","UGP2"," protein_coding","chr2",16032.2509542473,-2.80862298333638,0.293138768984583,5.0229908726632e-23,4.93318588433376e-21
"ENSG00000167315.18","ACAA2"," protein_coding","chr18",14521.4611881515,-2.80241035231544,0.350327664288864,6.09384900464007e-17,2.38272763560786e-15
"ENSG00000107864.15","CPEB3"," protein_coding","chr10",1045.83799285068,-2.80234805274224,0.405170709110036,2.23381134218828e-13,5.09047211252266e-12
"ENSG00000138640.15","FAM13A"," protein_coding","chr4",1775.40774990764,-2.79841405679626,0.485927476640915,3.7369783852167e-10,4.96827358789361e-09
"ENSG00000166211.8","SPIC"," protein_coding","chr12",7.22212765436481,-2.7982481476789,0.70533960716982,2.70333133692953e-06,1.75825956603701e-05
"ENSG00000149131.17","SERPING1"," protein_coding","chr11",116006.617019781,-2.79691427835869,0.342751810399021,1.53802615415782e-17,6.61691517560906e-16
"ENSG00000151360.10","ALLC"," protein_coding","chr2",15.5694873786351,-2.79079962954339,0.42864098799697,3.525277049615e-12,6.5915901448859e-11
"ENSG00000230611.1","HMGB1P27"," processed_pseudogene","chr2",3.85920614094314,-2.78905894333584,0.579698924676712,1.01348978347146e-07,8.79050951355309e-07
"ENSG00000232287.2","SLC6A1-AS1"," lncRNA","chr3",6.8163472577195,-2.78833959478322,0.838032414923684,3.59910258654937e-05,0.000184567903212128
"ENSG00000124374.9","PAIP2B"," protein_coding","chr2",851.824490590221,-2.78613023464688,0.470136299730274,1.41631205511165e-10,2.01917919528601e-09
"ENSG00000117791.16","MTARC2"," protein_coding","chr1",4869.647413509,-2.77944320395493,0.280389710013718,1.90263094924304e-24,2.36161030461575e-22
"ENSG00000120437.9","ACAT2"," protein_coding","chr6",2066.02291624052,-2.77580905580005,0.413018899210721,8.50699062319787e-13,1.76990306339557e-11
"ENSG00000063854.13","HAGH"," protein_coding","chr16",6788.58492136537,-2.77477436489238,0.229753055250957,8.19043781951519e-35,4.04926916538032e-32
"ENSG00000106823.12","ECM2"," protein_coding","chr9",1153.06626566898,-2.77061534595649,0.384641066327333,2.84050649814678e-14,7.4913864416314e-13
"ENSG00000176641.11","RNF152"," protein_coding","chr18",2794.90862395719,-2.76887296944764,0.44419962547153,2.10610474883431e-11,3.47865058996309e-10
"ENSG00000145476.16","CYP4V2"," protein_coding","chr4",6192.59286943625,-2.76405071002905,0.289756729217128,7.22317809146438e-23,6.95356045379289e-21
"ENSG00000004864.14","SLC25A13"," protein_coding","chr7",4591.2633577029,-2.7631703297697,0.26470934920088,8.36118814815742e-27,1.44312128457754e-24
"ENSG00000187627.17","RGPD1"," protein_coding","chr2",4.71653260633394,-2.76045141200008,0.74169557953773,8.69512434174915e-06,5.12069618260612e-05
"ENSG00000242600.8","MBL1P"," transcribed_unitary_pseudogene","chr10",29.0165219173828,-2.75620888631184,0.402095429376652,3.3258137175665e-13,7.37163072398914e-12
"ENSG00000213533.13","STIMATE"," protein_coding","chr3",65.9615472171228,-2.75131655945155,0.327964459595317,2.23264056236345e-18,1.09451920274924e-16
"ENSG00000237949.2","LINC00844"," lncRNA","chr10",673.270411849329,-2.74634479477177,0.877458739341121,2.51389557625244e-07,2.02395307931845e-06
"ENSG00000126759.14","CFP"," protein_coding","chrX",45.2309118550289,-2.74503470721451,0.317568594377081,2.97431709204881e-19,1.65253057634232e-17
"ENSG00000263232.2","ATP5F1AP3"," processed_pseudogene","chr16",12.2107502057589,-2.7374649328687,0.404523240132201,9.17447315841306e-13,1.89659962833275e-11
"ENSG00000230870.2","FBXW11P1"," processed_pseudogene","chr21",27.3854279051289,-2.73394036490831,0.407003710433526,9.69735766518254e-13,1.99339130187251e-11
"ENSG00000145850.9","TIMD4"," protein_coding","chr5",80.7619242539219,-2.72729874612306,0.604139999879101,2.57724980716464e-07,2.06867913112783e-06
"ENSG00000164849.10","GPR146"," protein_coding","chr7",42.3273081697326,-2.72375493696255,0.351865162195689,5.3641497426293e-16,1.77803277094039e-14
"ENSG00000156869.14","FRRS1"," protein_coding","chr1",1718.32228386816,-2.72177093747,0.353418728685956,6.8502192748138e-16,2.2300674779804e-14
"ENSG00000145217.14","SLC26A1"," protein_coding","chr4",704.492911424321,-2.72134411214075,0.383239907487417,5.98582181198017e-14,1.49103703188428e-12
"ENSG00000111879.20","FAM184A"," protein_coding","chr6",175.271637755222,-2.72025620480579,0.398533941539398,4.20646365120768e-13,9.14976422386852e-12
"ENSG00000198736.12","MSRB1"," protein_coding","chr16",3725.61153960682,-2.71650759413338,0.189630892729906,8.34867495903151e-48,1.87324999907685e-44
"ENSG00000109107.14","ALDOC"," protein_coding","chr17",1343.44755850325,-2.71316748826218,0.435149583243732,2.09032396085631e-11,3.4604233606253e-10
"ENSG00000196502.12","SULT1A1"," protein_coding","chr16",3184.74104579918,-2.71113569574015,0.379554267921893,4.28492305980015e-14,1.09830334561784e-12
"ENSG00000250596.2","AC096751.1"," transcribed_processed_pseudogene","chr4",5.48006327786176,-2.70237177367837,0.665259688118366,2.56327679383045e-06,1.67716960070077e-05
"ENSG00000198721.13","ECI2"," protein_coding","chr6",2991.71954836538,-2.69884652633561,0.267969389532538,3.7275647454948e-25,5.22737192602586e-23
"ENSG00000140876.11","NUDT7"," protein_coding","chr16",207.221704519707,-2.69828355524292,0.264925628258726,1.14879770794601e-25,1.68388343432549e-23
"ENSG00000165731.20","RET"," protein_coding","chr10",155.618633817828,-2.69139600696418,0.62081541712124,5.8721408773069e-07,4.39078383107318e-06
"ENSG00000167769.5","ACER1"," protein_coding","chr19",4.39919628407591,-2.68577726480352,0.96296554035625,0.000181681830156605,0.000786272597008608
"ENSG00000142168.15","SOD1"," protein_coding","chr21",20198.8751669627,-2.68415339261829,0.274173356812953,5.61314703375211e-24,6.42077983637315e-22
"ENSG00000206384.10","COL6A6"," protein_coding","chr3",54.2931268984046,-2.67274578111066,0.487424410021812,1.95356578971251e-09,2.28299521314601e-08
"ENSG00000271784.1","AL031055.1"," lncRNA","chr20",24.2434233018414,-2.67128756422759,0.303602401314274,8.32158203945753e-20,4.99449025738553e-18
"ENSG00000170873.19","MTSS1"," protein_coding","chr8",2523.42468570792,-2.66149185073536,0.23242831118193,1.15416079337699e-31,3.8256495661379e-29
"ENSG00000187045.19","TMPRSS6"," protein_coding","chr22",6908.91496028708,-2.65916254722943,0.690507886592715,4.32760852295983e-06,2.70651828915556e-05
"ENSG00000128928.10","IVD"," protein_coding","chr15",10217.8832152973,-2.64876547433715,0.208053583479158,2.24184154143908e-38,1.48618808914174e-35
"ENSG00000155970.12","MICU3"," protein_coding","chr8",247.586388992732,-2.64694005033707,0.323310237015203,1.33817668859704e-17,5.83457037812961e-16
"ENSG00000170439.7","METTL7B"," protein_coding","chr12",6063.92475767168,-2.6443490142306,0.328334850561358,3.92256667838211e-17,1.59134002005185e-15
"ENSG00000136868.11","SLC31A1"," protein_coding","chr9",5020.30166480539,-2.63807703600247,0.344833750699647,9.79911445618727e-16,3.14099307222556e-14
"ENSG00000251584.2","AC096751.2"," lncRNA","chr4",6.3384100972744,-2.63744132494928,0.620402840939055,1.04879757137838e-06,7.43255013594169e-06
"ENSG00000182871.16","COL18A1"," protein_coding","chr21",31189.3486281829,-2.63573562329464,0.192241826694306,4.54565029757265e-44,6.02691243317712e-41
"ENSG00000230550.2","ERLNC1"," lncRNA","chr1",7.64621444649857,-2.63486465460776,0.88630520790721,9.55770346181143e-05,0.000443648396367883
"ENSG00000172345.14","STARD5"," protein_coding","chr15",97.5897392036457,-2.6300384984889,0.428492831572765,4.01556267133921e-11,6.2722669557792e-10
"ENSG00000161533.12","ACOX1"," protein_coding","chr17",11474.4461149637,-2.62959930907567,0.271737007332721,1.88302222943413e-23,1.93400969754803e-21
"ENSG00000149485.19","FADS1"," protein_coding","chr11",6613.00117279715,-2.62958894307858,0.676968161287504,3.80102491506455e-06,2.40190848673132e-05
"ENSG00000114054.14","PCCB"," protein_coding","chr3",4272.40135476875,-2.62667879440683,0.350520783023279,3.17667510105078e-15,9.64208491389701e-14
"ENSG00000165092.13","ALDH1A1"," protein_coding","chr9",27556.4585535192,-2.62563433291973,0.357330042301585,1.02268236076957e-14,2.91314665832888e-13
"ENSG00000101856.10","PGRMC1"," protein_coding","chrX",14716.4698582812,-2.62302419324394,0.270948119206733,1.92636183631053e-23,1.97158064573129e-21
"ENSG00000259783.6","LINC02259"," lncRNA","chr15",5.94559970053869,-2.62171435150121,0.615209114010474,7.11569052188268e-07,5.24400143589682e-06
"ENSG00000212907.2","MT-ND4L"," protein_coding","chrM",66683.1921516247,-2.62012838456361,0.437808265408096,9.4606942395524e-11,1.38464119555195e-09
"ENSG00000188517.16","COL25A1"," protein_coding","chr4",52.6645141219474,-2.61913888124104,0.565538256619049,1.54601186134816e-07,1.29622362700962e-06
"ENSG00000079739.17","PGM1"," protein_coding","chr1",8161.00134592015,-2.61575986411428,0.239037276024034,3.96786674249436e-29,9.11328385919826e-27
"ENSG00000197165.11","SULT1A2"," protein_coding","chr16",71.9282886689987,-2.61207324762157,0.385727216982587,6.01829771387384e-13,1.27485639808269e-11
"ENSG00000113594.10","LIFR"," protein_coding","chr5",1651.54241478162,-2.61056233288373,0.373520115428018,1.32434387998339e-13,3.12538726822293e-12
"ENSG00000151014.6","NOCT"," protein_coding","chr4",565.236569666239,-2.60521499563221,0.456654043697687,5.23230371437473e-10,6.78014513747652e-09
"ENSG00000143878.10","RHOB"," protein_coding","chr2",44473.9543188644,-2.60474214685863,0.350592780621624,5.07191303814659e-15,1.49891217233736e-13
"ENSG00000164904.18","ALDH7A1"," protein_coding","chr5",5914.9110374087,-2.60306679253954,0.192542593829675,6.38185244037403e-43,7.4460901533308e-40
"ENSG00000125166.13","GOT2"," protein_coding","chr16",12757.1319968628,-2.60196199646099,0.283688178594777,2.31276083663723e-21,1.74769224984123e-19
"ENSG00000184925.12","LCN12"," protein_coding","chr9",219.501152353765,-2.60178543715514,0.368441904513383,7.43548727803297e-14,1.8256374445534e-12
"ENSG00000174885.13","NLRP6"," protein_coding","chr11",154.076630988813,-2.6003825094514,0.493315414491391,5.86315690450553e-09,6.35062843473902e-08
"ENSG00000089220.5","PEBP1"," protein_coding","chr12",51221.5051672903,-2.59577254787311,0.303190363095983,5.468369668583e-19,2.94837106955448e-17
"ENSG00000012504.15","NR1H4"," protein_coding","chr12",2424.35368619369,-2.58755475594864,0.31738997380546,1.85809283729573e-17,7.85450783072174e-16
"ENSG00000137563.13","GGH"," protein_coding","chr8",2506.7586174158,-2.58630957016705,0.448286024449912,3.57726764990174e-10,4.77552952311139e-09
"ENSG00000076258.10","FMO4"," protein_coding","chr1",1120.79338530474,-2.5854113710902,0.318835285590207,2.5200696901065e-17,1.05011303986738e-15
"ENSG00000172893.16","DHCR7"," protein_coding","chr11",6735.14747029071,-2.5800996894074,0.320519728290648,4.04852644079016e-17,1.63335363418268e-15
"ENSG00000256148.1","AP000763.2"," processed_pseudogene","chr11",5.74051299169516,-2.57877093887098,0.531979602321416,6.93082327155093e-08,6.18620514099966e-07
"ENSG00000198727.2","MT-CYB"," protein_coding","chrM",506919.660403453,-2.57852131686239,0.269975527731213,6.37972001705331e-23,6.22374759790729e-21
"ENSG00000198899.2","MT-ATP6"," protein_coding","chrM",272935.838823212,-2.57742066742474,0.258887566461559,1.18933709957393e-24,1.52827197610008e-22
"ENSG00000267390.1","AC036176.1"," lncRNA","chr18",142.686965850919,-2.57615381074974,0.31740690551026,2.2460059200883e-17,9.3993897680137e-16
"ENSG00000185100.11","ADSS1"," protein_coding","chr14",642.275303589546,-2.57461733880114,0.454340423861105,6.53103081980413e-10,8.32257046670453e-09
"ENSG00000117054.14","ACADM"," protein_coding","chr1",6107.74872038828,-2.57394679479161,0.281837984502044,3.3383311195822e-21,2.4527904389696e-19
"ENSG00000143028.9","SYPL2"," protein_coding","chr1",281.267094913432,-2.57089615660672,0.673914964463132,5.09721371708233e-06,3.1400343593152e-05
"ENSG00000101974.14","ATP11C"," protein_coding","chrX",1827.05450547892,-2.5675730959378,0.277007210604707,9.41080587455753e-22,7.56502663078718e-20
"ENSG00000186951.16","PPARA"," protein_coding","chr22",3095.4434242972,-2.56358533890974,0.319294902489618,4.83809081951778e-17,1.91742216188198e-15
"ENSG00000158473.8","CD1D"," protein_coding","chr1",550.607595848624,-2.55597720915605,0.273756142104454,4.92155933557123e-22,4.12520012239302e-20
"ENSG00000101695.9","RNF125"," protein_coding","chr18",1075.92173678479,-2.55185098866952,0.564258857538074,2.47856029978797e-07,1.99936740554523e-06
"ENSG00000214842.5","RAD51AP2"," protein_coding","chr2",5.73449006274148,-2.5517139428381,0.682803380808589,7.66950711974847e-06,4.55161451019213e-05
"ENSG00000278518.1","AL161645.1"," lncRNA","chr10",8.83601318572272,-2.55039708838601,0.510245268837806,3.19486652467849e-08,3.05144275240166e-07
"ENSG00000119471.15","HSDL2"," protein_coding","chr9",4696.59235535465,-2.54972431365889,0.325051881809825,2.1267091068856e-16,7.51927005318135e-15
"ENSG00000170214.5","ADRA1B"," protein_coding","chr5",335.064382709606,-2.54856790490545,0.421633286351364,6.79600744779271e-11,1.02287276184038e-09
"ENSG00000164161.10","HHIP"," protein_coding","chr4",309.575983736802,-2.54789130530009,0.516775382907555,3.45386555820266e-08,3.28269157599262e-07
"ENSG00000248527.1","MTATP6P1"," unprocessed_pseudogene","chr1",34336.4110859588,-2.54701956246384,0.185075253646301,2.22902021494852e-44,3.25091453249167e-41
"ENSG00000104325.7","DECR1"," protein_coding","chr8",8409.93755132496,-2.54598172729067,0.29220434671549,1.45301672657321e-19,8.44283762896692e-18
"ENSG00000273291.5","AC092042.3"," protein_coding","chr3",6.51887877977932,-2.54308077631837,0.703610061597509,1.27685544372203e-05,7.22775013350045e-05
"ENSG00000172340.15","SUCLG2"," protein_coding","chr3",6904.89399766643,-2.54259386370978,0.241154294430044,3.12626941970708e-27,5.59448789591631e-25
"ENSG00000169439.12","SDC2"," protein_coding","chr8",9874.71567414045,-2.53925398615948,0.541555599272444,1.13311534699309e-07,9.70970668520607e-07
"ENSG00000237413.5","MGC27382"," lncRNA","chr1",40.4248418712043,-2.536781888554,0.454244781611907,1.0450547844522e-09,1.2824233490823e-08
"ENSG00000122490.19","SLC66A2"," protein_coding","chr18",5219.06691868863,-2.53481573077417,0.279500697222145,5.82249007164971e-21,4.07281086091008e-19
"ENSG00000255231.1","MRPS36P4"," processed_pseudogene","chr11",4.79867852876615,-2.53395278519517,0.682476374578218,9.07190671445021e-06,5.31575827548811e-05
"ENSG00000214530.9","STARD10"," protein_coding","chr11",10404.1141115901,-2.52877405099288,0.301629475744467,2.47217734961881e-18,1.20385544425761e-16
"ENSG00000066583.12","ISOC1"," protein_coding","chr5",2385.3180360378,-2.52564066162977,0.227155753085583,5.20307358309909e-30,1.33130222232822e-27
"ENSG00000114737.16","CISH"," protein_coding","chr3",1889.44197514472,-2.52400621499029,0.526841603792916,6.93634334531456e-08,6.18734553637555e-07
"ENSG00000240303.8","ACAD11"," protein_coding","chr3",41.8895069335465,-2.51968127757842,0.444417394567781,7.05015214378644e-10,8.91786157337844e-09
"ENSG00000163293.12","NIPAL1"," protein_coding","chr4",675.329398358563,-2.51677504820796,0.424185123122349,1.35207755618169e-10,1.93422021757056e-09
"ENSG00000285872.1","AC007240.3"," lncRNA","chr2",64.8681613081125,-2.51637932867534,0.355419706520487,6.69342356071329e-14,1.65178064164506e-12
"ENSG00000162817.7","C1orf115"," protein_coding","chr1",5463.03990474989,-2.51526615988183,0.273289635230094,1.76115450034184e-21,1.36625307501253e-19
"ENSG00000243069.8","ARHGEF26-AS1"," lncRNA","chr3",32.7065295999328,-2.51380127819372,0.287540604145954,1.27158843185018e-19,7.49312383204806e-18
"ENSG00000049246.14","PER3"," protein_coding","chr1",983.922508251005,-2.51067212237935,0.411335746883565,4.75500486988471e-11,7.3385575158554e-10
"ENSG00000198804.2","MT-CO1"," protein_coding","chrM",1042831.01191863,-2.50891399533995,0.292988254353407,5.34410409976697e-19,2.89140026269616e-17
"ENSG00000177688.7","SUMO4"," protein_coding","chr6",9.13210941658172,-2.50773701678809,0.607632734609393,1.55575331508428e-06,1.06650454636177e-05
"ENSG00000135144.7","DTX1"," protein_coding","chr12",1120.82473650077,-2.50277541467064,0.430947310547176,2.86016961294755e-10,3.88399848417444e-09
"ENSG00000251139.2","AC084871.1"," lncRNA","chr4",4.82187266771794,-2.5007642623065,0.901947360799238,0.000179417892007496,0.000777744165844354
"ENSG00000198888.2","MT-ND1"," protein_coding","chrM",312317.253930984,-2.49871932323543,0.230717039038709,1.24609848747966e-28,2.71249602845478e-26
"ENSG00000198763.3","MT-ND2"," protein_coding","chrM",327241.441688872,-2.49862075849269,0.268000525311925,5.58061709159313e-22,4.63763589585983e-20
"ENSG00000288007.1","AC092803.4"," lncRNA","chr1",8.69449008363709,-2.4984259822014,0.598147635847093,1.21085017978079e-06,8.46173667801294e-06
"ENSG00000110975.8","SYT10"," protein_coding","chr12",6.67585868152507,-2.49792384300645,0.793297640577058,5.77064341993246e-05,0.000282044064872671
"ENSG00000146374.14","RSPO3"," protein_coding","chr6",139.144841842113,-2.49731962676803,0.570521837444717,4.83001505682056e-07,3.66701481500257e-06
"ENSG00000126106.14","TMEM53"," protein_coding","chr1",1038.08384532424,-2.49371369295697,0.227526473862817,2.98155606185103e-29,6.95752070145061e-27
"ENSG00000148057.16","IDNK"," protein_coding","chr9",754.901615081131,-2.49106516576555,0.343976458403864,2.16402772715979e-14,5.83387474801516e-13
"ENSG00000175600.16","SUGCT"," protein_coding","chr7",541.644341701362,-2.48743811103833,0.434018322253507,4.50157844209694e-10,5.90938530951961e-09
"ENSG00000211445.12","GPX3"," protein_coding","chr5",11541.3304628319,-2.48264295164157,0.362396563991388,3.37671601114358e-13,7.46330902415389e-12
"ENSG00000149476.16","TKFC"," protein_coding","chr11",9071.8833035789,-2.47071954083201,0.452840533809608,2.14010546395117e-09,2.48803253399727e-08
"ENSG00000198886.2","MT-ND4"," protein_coding","chrM",944980.900645412,-2.46936348110626,0.298431429112976,6.24166361198548e-18,2.86262713676108e-16
"ENSG00000162688.17","AGL"," protein_coding","chr1",2539.78158134339,-2.46857510235612,0.230026910261005,3.00154745068581e-28,6.08000955479545e-26
"ENSG00000074935.14","TUBE1"," protein_coding","chr6",1054.88019266053,-2.46818732021908,0.300329292279302,1.02074207062395e-17,4.53181513820854e-16
"ENSG00000233967.7","AL359715.1"," lncRNA","chr6",57.5996152305026,-2.46547045103941,0.322426394069984,1.10984918921112e-15,3.5419246170787e-14
"ENSG00000107902.14","LHPP"," protein_coding","chr10",1790.17397668013,-2.46528679506637,0.282760781572537,1.38645341587076e-19,8.08829193750682e-18
"ENSG00000231083.1","AC011747.1"," lncRNA","chr2",6.34139716583906,-2.46367831812896,0.7843960315906,6.14382655470061e-05,0.000297986825364254
"ENSG00000162496.9","DHRS3"," protein_coding","chr1",8270.42073877307,-2.46255469173374,0.221630692316262,5.90008744910337e-30,1.49651870263388e-27
"ENSG00000169752.17","NRG4"," protein_coding","chr15",49.3597126301466,-2.45747307667166,0.406198170683074,6.66419342603589e-11,1.00458841366429e-09
"ENSG00000170959.14","DCDC1"," protein_coding","chr11",113.914667495422,-2.45590451296407,0.521919815520537,1.05198025125229e-07,9.07846507360299e-07
"ENSG00000131951.11","LRRC9"," protein_coding","chr14",5.07104965527063,-2.45402435976048,0.68068624117514,1.32671781639985e-05,7.48675410844793e-05
"ENSG00000170608.3","FOXA3"," protein_coding","chr19",1858.61850117701,-2.45101508366483,0.509401123041809,6.27619189047005e-08,5.65206055119237e-07
"ENSG00000157557.13","ETS2"," protein_coding","chr21",10788.8525757826,-2.44850262140754,0.26240602606795,5.7869331193674e-22,4.78184283736056e-20
"ENSG00000106049.9","HIBADH"," protein_coding","chr7",4488.33799918058,-2.44763799524201,0.216007807756285,4.78322158249005e-31,1.44546169903137e-28
"ENSG00000272689.1","AC004832.4"," lncRNA","chr22",7.8066633759788,-2.44539456841333,0.566455852639089,6.96007621672045e-07,5.1345084260374e-06
"ENSG00000271874.1","AC025754.2"," lncRNA","chr5",8.33754035189723,-2.43879557799257,0.436473600170982,1.13391107646534e-09,1.38273629554422e-08
"ENSG00000253406.1","AC012613.2"," lncRNA","chr5",5.01750690079774,-2.43878179978656,0.633021895128975,5.54268342183738e-06,3.37736646608679e-05
"ENSG00000286330.1","AL353660.1"," lncRNA","chr13",8.04749584669426,-2.43871559172613,0.794931130580937,7.79426599010292e-05,0.000369676332789126
"ENSG00000237188.5","AC242426.2"," lncRNA","chr1",6.43177680178801,-2.43757974791003,0.808228917018528,9.79953951921074e-05,0.000453862763156332
"ENSG00000137713.16","PPP2R1B"," protein_coding","chr11",2846.48285138352,-2.43685928360762,0.275781297867431,5.08180714300881e-20,3.15385601179626e-18
"ENSG00000263606.1","CHORDC1P4"," transcribed_processed_pseudogene","chr18",8.22693348661161,-2.43601742310123,0.705609168737049,2.21836979415402e-05,0.000119057274196281
"ENSG00000124343.14","XG"," protein_coding","chrX",51.3977657277631,-2.43330372815728,0.781319629143817,6.0239250156621e-05,0.000293097362438445
"ENSG00000164742.16","ADCY1"," protein_coding","chr7",888.770757829617,-2.43197504110765,0.639429714977786,5.30129838416361e-06,3.24996999932048e-05
"ENSG00000198947.16","DMD"," protein_coding","chrX",2185.25049354638,-2.426788663941,0.475800547576859,1.45870693462731e-08,1.4784233000745e-07
"ENSG00000119686.10","FLVCR2"," protein_coding","chr14",410.920152945121,-2.42463279058065,0.315675394449349,7.62761460023548e-16,2.47485973608753e-14
"ENSG00000139178.11","C1RL"," protein_coding","chr12",9484.72611279146,-2.41868210190217,0.263504328519079,2.46922242201645e-21,1.85153595958349e-19
"ENSG00000186301.8","MST1P2"," unprocessed_pseudogene","chr1",1171.02506591508,-2.41776237055655,0.417634332406868,3.18173981812175e-10,4.27687413616559e-09
"ENSG00000228146.8","CASP16P"," transcribed_unitary_pseudogene","chr16",48.4333742645791,-2.41589349755528,0.588089383591433,1.62185893317685e-06,1.10739707916281e-05
"ENSG00000258732.1","AC025884.1"," unprocessed_pseudogene","chr15",12.3591771766518,-2.41434134656534,0.642835953376507,6.74554004767314e-06,4.05441289203746e-05
"ENSG00000242262.1","AC092597.1"," processed_pseudogene","chr4",8.11470675606084,-2.41110830258744,0.467131339819675,1.14629935607792e-08,1.18526784535402e-07
"ENSG00000100344.11","PNPLA3"," protein_coding","chr22",900.225915085021,-2.40931839834131,0.672651758562018,1.21464669859604e-05,6.90913212779796e-05
"ENSG00000138821.13","SLC39A8"," protein_coding","chr4",1329.42589606047,-2.40901514223189,0.359869888546053,9.95898829849977e-13,2.04285323262264e-11
"ENSG00000146416.19","AIG1"," protein_coding","chr6",5951.10106728022,-2.40835166962196,0.196634724617611,8.91686360887241e-36,5.00184605013845e-33
"ENSG00000125730.17","C3"," protein_coding","chr19",495300.492640616,-2.40487571434657,0.346012910018737,1.70385360093218e-13,3.93817002263001e-12
"ENSG00000120053.12","GOT1"," protein_coding","chr10",12038.3582510073,-2.40097376470318,0.382754973691482,1.63035361659147e-11,2.75685708071632e-10
"ENSG00000001084.13","GCLC"," protein_coding","chr6",4253.02390722612,-2.3981438764487,0.334356500889116,3.5070345096314e-14,9.10112896898918e-13
"ENSG00000128271.22","ADORA2A"," protein_coding","chr22",36.8029645594588,-2.39569524795513,0.635566681482031,6.43464159100244e-06,3.88435555811155e-05
"ENSG00000170385.10","SLC30A1"," protein_coding","chr1",4583.74824419772,-2.39456756960867,0.307093808407261,3.02178642653513e-16,1.040643309039e-14
"ENSG00000115486.12","GGCX"," protein_coding","chr2",6918.96998480865,-2.39232550546721,0.240534116234088,1.3035381519325e-24,1.65316975450952e-22
"ENSG00000131620.17","ANO1"," protein_coding","chr11",3103.4770844557,-2.38862248863849,0.431026915055976,1.32930016305153e-09,1.60158432284387e-08
"ENSG00000205269.6","TMEM170B"," protein_coding","chr6",535.44583492614,-2.3875217164225,0.242197748765624,3.29764487095972e-24,3.89429162919126e-22
"ENSG00000162881.6","OXER1"," protein_coding","chr2",1003.90701272431,-2.38369029942401,0.497920812929139,7.08881185454205e-08,6.30407173735174e-07
"ENSG00000205832.7","C16orf96"," protein_coding","chr16",19.8703393286496,-2.3835372075458,0.691037419812598,2.115406666727e-05,0.000114013852664006
"ENSG00000065054.14","SLC9A3R2"," protein_coding","chr16",8992.4702970164,-2.38187133991982,0.372916170449045,7.68219750383956e-12,1.35807284236058e-10
"ENSG00000268297.1","CLEC4GP1"," unprocessed_pseudogene","chr19",9.24950509373106,-2.37721640167101,0.767736946291071,6.42768929563694e-05,0.000310207261853795
"ENSG00000241058.4","NSUN6"," protein_coding","chr10",1411.71568722743,-2.37616483105308,0.285704929991743,4.42546686212295e-18,2.0640556361454e-16
"ENSG00000116285.13","ERRFI1"," protein_coding","chr1",26662.8436847577,-2.3745873661108,0.407305024068304,2.48519387322277e-10,3.40491404828723e-09
"ENSG00000128311.14","TST"," protein_coding","chr22",11318.7869748771,-2.37295744432462,0.344485508990199,2.89087698248602e-13,6.47152653124595e-12
"ENSG00000236349.1","SUCLG2P2"," processed_pseudogene","chr12",24.2765518836047,-2.37185064585486,0.374611655524809,1.20061200664412e-11,2.06855591386901e-10
"ENSG00000127954.13","STEAP4"," protein_coding","chr7",978.297774458378,-2.36677804971502,0.515163450987445,1.79316136018046e-07,1.48973864184289e-06
"ENSG00000286430.1","AC020558.6"," lncRNA","chr17",9.60547901067635,-2.36658757958836,0.527316931297144,3.48972677415598e-07,2.71734757809278e-06
"ENSG00000156110.15","ADK"," protein_coding","chr10",2803.26067162744,-2.36544675849591,0.315113054893315,2.81833101249367e-15,8.59915243759705e-14
"ENSG00000111907.21","TPD52L1"," protein_coding","chr6",947.62892474455,-2.35955316723848,0.342929277996357,2.8269250617656e-13,6.34296747128006e-12
"ENSG00000067445.21","TRO"," protein_coding","chrX",496.604796871696,-2.35731784361516,0.443127010603285,4.54255510225355e-09,5.0095194622924e-08
"ENSG00000198840.2","MT-ND3"," protein_coding","chrM",123545.048292921,-2.35477183557762,0.307678566015423,8.96418753689267e-16,2.88287085185912e-14
"ENSG00000265943.1","AC090912.1"," lncRNA","chr18",36.7248505131583,-2.35402464320571,0.335232718288224,9.8969919146374e-14,2.38977944667267e-12
"ENSG00000066185.13","ZMYND12"," protein_coding","chr1",122.954411329901,-2.35278300369651,0.373019484404136,1.30691963959336e-11,2.23586738811137e-10
"ENSG00000146674.15","IGFBP3"," protein_coding","chr7",15241.1090238757,-2.35130485098286,0.447261862810905,6.33824384419526e-09,6.84488095858317e-08
"ENSG00000172824.16","CES4A"," protein_coding","chr16",213.402932016975,-2.34374626160327,0.627988564129544,7.07413462808416e-06,4.22839001980711e-05
"ENSG00000121310.17","ECHDC2"," protein_coding","chr1",11020.3605822203,-2.3422483124595,0.355968758974483,2.16345274687871e-12,4.18850034406666e-11
"ENSG00000156398.13","SFXN2"," protein_coding","chr10",932.950857743129,-2.33988796675772,0.263597584462223,3.42407335863697e-20,2.15716621594129e-18
"ENSG00000232368.1","FTLP2"," processed_pseudogene","chrX",28.0716811926743,-2.33771080829601,0.441684232572366,4.79209840740583e-09,5.25886826356737e-08
"ENSG00000266850.1","AC090912.2"," lncRNA","chr18",39.9855892578006,-2.33717654547299,0.395308379354136,1.52460319192458e-10,2.15194485345618e-09
"ENSG00000075643.6","MOCOS"," protein_coding","chr18",1361.06814059859,-2.33527249285181,0.329638609288303,6.7790203773821e-14,1.67148981731072e-12
"ENSG00000236213.2","AC006369.1"," lncRNA","chr2",16.6095986260911,-2.32490581793604,0.586110196545436,2.959175153711e-06,1.91218830435525e-05
"ENSG00000188001.10","TPRG1"," protein_coding","chr3",176.970661053401,-2.3247693599818,0.383616854744111,6.28283068433744e-11,9.52020198604877e-10
"ENSG00000158077.5","NLRP14"," protein_coding","chr11",12.8524327413007,-2.32294524085688,0.700189126549936,3.46245785479831e-05,0.000178407407112899
"ENSG00000260156.1","AC020763.1"," lncRNA","chr16",5.74321938202938,-2.31800727200141,0.521826497148711,4.07292102258929e-07,3.13325344270285e-06
"ENSG00000175806.15","MSRA"," protein_coding","chr8",1788.09537336554,-2.31637726811383,0.299849251439289,5.39550899197988e-16,1.78639729610739e-14
"ENSG00000257259.3","LINC02388"," lncRNA","chr12",30.5229341541309,-2.31599714207634,0.699220993924238,3.17461030079898e-05,0.0001649745374381
"ENSG00000249352.4","LINC02198"," lncRNA","chr5",23.8712147604828,-2.3085292484962,0.420857417919522,1.8976331302636e-09,2.22744711374886e-08
"ENSG00000260605.1","AC027688.1"," lncRNA","chr16",4.12889850520794,-2.30825824620996,1.10004111976598,0.000967716662430933,0.00347292636749046
"ENSG00000233585.2","AC231533.2"," transcribed_processed_pseudogene","chrX",11.2322773083023,-2.30762896378309,0.431312049123727,3.99983288215964e-09,4.45479669109257e-08
"ENSG00000287378.1","AC129803.1"," lncRNA","chr3",3.44293439559824,-2.30694500118643,0.748549890962644,8.32220801040674e-05,0.000391722584243269
"ENSG00000170917.14","NUDT6"," protein_coding","chr4",131.682254434003,-2.30565125772523,0.311515715762383,6.74754236193612e-15,1.96819063155315e-13
"ENSG00000162843.17","WDR64"," protein_coding","chr1",5.23993689039002,-2.30275504124251,0.579326212814887,3.27245240593441e-06,2.0955908721998e-05
"ENSG00000273328.5","AC099329.2"," lncRNA","chr3",56.1302031690979,-2.30026913507404,0.751778443581221,7.12576340111876e-05,0.000340739987946284
"ENSG00000111052.7","LIN7A"," protein_coding","chr12",908.000690253646,-2.29952595978826,0.251547854941615,3.08147938092024e-21,2.2755360015712e-19
"ENSG00000157326.19","DHRS4"," protein_coding","chr14",721.028918926021,-2.29853922246583,0.305823423111506,2.68486015895402e-15,8.2177005221962e-14
"ENSG00000196136.18","SERPINA3"," protein_coding","chr14",821.044191439357,-2.2979569265829,0.72182407500938,4.79011743393674e-05,0.000239019941592828
"ENSG00000203280.4","KIAA1671-AS1"," lncRNA","chr22",31.8250789406762,-2.29626136498575,0.452276729725698,1.47595207598998e-08,1.49434384257382e-07
"ENSG00000225938.1","AL109741.1"," lncRNA","chr1",13.353602472483,-2.29531852904131,0.442131121206835,1.06315433875567e-08,1.10556680595951e-07
"ENSG00000228013.1","IL6R-AS1"," lncRNA","chr1",16.637768111508,-2.29519427251098,0.328981827172975,1.45404722934286e-13,3.39848586800495e-12
"ENSG00000230849.2","GOT2P2"," processed_pseudogene","chr1",7.75519715939968,-2.29472616700679,0.562681227904306,2.08944945421584e-06,1.39466199854406e-05
"ENSG00000160801.14","PTH1R"," protein_coding","chr3",786.418023639226,-2.29309918292657,0.581850955898612,3.0809921449071e-06,1.9825603325567e-05
"ENSG00000075234.17","TTC38"," protein_coding","chr22",6601.76492962882,-2.29203176117745,0.322949963116396,6.06629893935351e-14,1.50850702269397e-12
"ENSG00000185304.15","RGPD2"," protein_coding","chr2",16.9682029561423,-2.29183723971577,0.500425858957281,1.99789837763223e-07,1.6411348289821e-06
"ENSG00000137274.13","BPHL"," protein_coding","chr6",1503.91635060351,-2.29055946771838,0.326521790840109,1.08956497999853e-13,2.61146433045005e-12
"ENSG00000261447.1","AL162412.1"," lncRNA","chr9",4.14284324591376,-2.28936408161736,0.727251116273766,6.21657027629674e-05,0.000301014505958332
"ENSG00000118985.16","ELL2"," protein_coding","chr5",5433.81649431438,-2.28716429991895,0.478590944618997,7.20831391008614e-08,6.40253679790812e-07
"ENSG00000176171.11","BNIP3"," protein_coding","chr10",4118.91740166863,-2.28642772186263,0.395170392198832,3.23471043517182e-10,4.34407314380879e-09
"ENSG00000228253.1","MT-ATP8"," protein_coding","chrM",13313.6017256179,-2.28585013698787,0.5838267095445,3.39954861613794e-06,2.16841096838241e-05
"ENSG00000164039.15","BDH2"," protein_coding","chr4",1133.22097339037,-2.28265097448623,0.255643576069774,2.23801415940302e-20,1.45715703159881e-18
"ENSG00000124120.11","TTPAL"," protein_coding","chr20",2050.81429329421,-2.27915388890539,0.350186908837386,3.53583799364579e-12,6.60710175763319e-11
"ENSG00000125787.11","GNRH2"," protein_coding","chr20",9.11439115785479,-2.27911766349779,0.573747336686086,2.701791445997e-06,1.75825956603701e-05
"ENSG00000105609.17","LILRB5"," protein_coding","chr19",433.945534251462,-2.27631637863365,0.684444159107804,3.0028373589787e-05,0.000156802296677497
"ENSG00000143891.17","GALM"," protein_coding","chr2",2686.07649516723,-2.27193418941058,0.208070759929573,6.26036361919103e-29,1.40468112621679e-26
"ENSG00000085871.9","MGST2"," protein_coding","chr4",3561.59449066552,-2.27164988802054,0.183210059207677,1.32891556880714e-36,8.42676917968165e-34
"ENSG00000170293.9","CMTM8"," protein_coding","chr3",742.419831690789,-2.27163487590168,0.315517044869113,2.88363189721997e-14,7.57771700991076e-13
"ENSG00000235078.1","AC231981.1"," lncRNA","chr2",16.5892349142477,-2.26902866653844,0.330622551544101,3.40871732178481e-13,7.52109497421643e-12
"ENSG00000171428.15","NAT1"," protein_coding","chr8",317.569516329149,-2.26699270798518,0.315299459062928,3.15201780289265e-14,8.20903636540855e-13
"ENSG00000131069.20","ACSS2"," protein_coding","chr20",4433.89074342148,-2.2663046690385,0.260080494921441,1.28404006934061e-19,7.53604925203147e-18
"ENSG00000173221.14","GLRX"," protein_coding","chr5",1702.0204776897,-2.26600994992093,0.360884261040079,1.60037796591546e-11,2.71245931945311e-10
"ENSG00000164211.13","STARD4"," protein_coding","chr5",930.520270949481,-2.26468592181256,0.35165301467075,5.61027598028412e-12,1.01078529999325e-10
"ENSG00000115042.10","FAHD2A"," protein_coding","chr2",1824.20101018556,-2.2641320840598,0.190506407661554,7.1870921060552e-34,2.95268013579611e-31
"ENSG00000182329.14","KIAA2012"," protein_coding","chr2",29.8722632196903,-2.26363005783416,0.383829608990659,1.78703553069573e-10,2.49406887056764e-09
"ENSG00000102468.11","HTR2A"," protein_coding","chr13",6.44501504665264,-2.25859141400036,0.577491908427929,3.92114003601595e-06,2.47245425228165e-05
"ENSG00000132763.15","MMACHC"," protein_coding","chr1",1035.40494408742,-2.25126871227032,0.229659202803624,5.13992682924619e-24,5.92594963171075e-22
"ENSG00000278058.1","AC009159.3"," lncRNA","chr16",57.15307883044,-2.25105824770807,0.3099254492241,1.83098212132126e-14,4.98673365983379e-13
"ENSG00000203797.12","DDO"," protein_coding","chr6",374.334457967331,-2.24886818406891,0.227253659315954,2.10951210931658e-24,2.59630205555508e-22
"ENSG00000105784.15","RUNDC3B"," protein_coding","chr7",353.222357787995,-2.24870498100065,0.457002335868825,3.0282834543939e-10,4.0913385864389e-09
"ENSG00000172057.10","ORMDL3"," protein_coding","chr17",7857.22961786698,-2.24863357352522,0.215831822237483,1.02464074090163e-26,1.72761536250633e-24
"ENSG00000106993.12","CDC37L1"," protein_coding","chr9",1866.76081920271,-2.2480449147823,0.223687460336814,4.49265871641653e-25,6.12366178033429e-23
"ENSG00000225077.3","LINC00337"," lncRNA","chr1",18.1219663905401,-2.24789300139006,0.495165718329707,2.43762533780281e-07,1.96852418267913e-06
"ENSG00000274501.1","AL121845.4"," lncRNA","chr20",11.3749382730944,-2.247699246331,0.638857183672286,1.44717030224209e-05,8.10220931786937e-05
"ENSG00000119986.7","AVPI1"," protein_coding","chr10",1105.81960536441,-2.24652983572492,0.223413984107036,4.35749727924296e-25,5.96731634451822e-23
"ENSG00000230894.2","AL133284.1"," lncRNA","chr9",6.94798856663286,-2.24498921094253,0.622168119083647,1.24727264750128e-05,7.0795282846789e-05
"ENSG00000166669.13","ATF7IP2"," protein_coding","chr16",625.626992840396,-2.24490606346807,0.284124395455492,1.3652240389557e-16,5.0280580798357e-15
"ENSG00000230314.7","ELOVL2-AS1"," lncRNA","chr6",20.9578729696873,-2.24187643711165,0.719764384877627,6.22268078519214e-05,0.000301260374810406
"ENSG00000118298.12","CA14"," protein_coding","chr1",131.952835243111,-2.2340720681613,0.349841703716719,7.74026157933698e-12,1.36750872203320e-10
"ENSG00000112304.11","ACOT13"," protein_coding","chr6",1506.31569379159,-2.23331644978335,0.222173899186766,5.01499339235951e-25,6.74112176321358e-23
"ENSG00000080573.7","COL5A3"," protein_coding","chr19",1457.10682938083,-2.2328463496845,0.645963128651006,1.91539588181115e-05,0.000104522885689957
"ENSG00000172164.15","SNTB1"," protein_coding","chr8",4162.67553274592,-2.23171209826854,0.426166519121426,7.09145990411438e-09,7.59364148102469e-08
"ENSG00000107372.13","ZFAND5"," protein_coding","chr9",9558.59266251669,-2.23102416627199,0.38004576144521,1.8250107754397e-10,2.53977763877865e-09
"ENSG00000138413.14","IDH1"," protein_coding","chr2",11744.8125446606,-2.22862563724787,0.265454526935593,2.37336338761469e-18,1.16155430626398e-16
"ENSG00000067064.11","IDI1"," protein_coding","chr10",3822.13451049889,-2.22703421436231,0.268731717086793,5.65405016546032e-18,2.61782522660813e-16
"ENSG00000152700.14","SAR1B"," protein_coding","chr5",4997.73238388967,-2.22437447412997,0.251979998673957,5.2941139133913e-20,3.2716951004176e-18
"ENSG00000287189.1","AL121956.7"," lncRNA","chr6",19.365313802942,-2.21860218224355,0.703149280455487,5.60916787932386e-05,0.000275027429604972
"ENSG00000237417.1","XRCC6P1"," processed_pseudogene","chr10",16.483623185655,-2.2171944727815,0.7891617212113,0.00015635682060058,0.000687484489010902
"ENSG00000232855.7","AF165147.1"," lncRNA","chr21",19.8320798350109,-2.21695300554653,0.448363132351121,3.49901229951805e-08,3.32235318244277e-07
"ENSG00000271945.2","AL355612.1"," lncRNA","chr6",6.79475714346448,-2.21693192513911,0.615979999590872,6.44548386709851e-08,5.78131361990764e-07
"ENSG00000164616.16","FBXL21P"," transcribed_unitary_pseudogene","chr5",13.054892518296,-2.21595398384485,0.613158868347668,1.13197377243187e-05,6.47676401884369e-05
"ENSG00000148218.16","ALAD"," protein_coding","chr9",9668.40081620384,-2.21529519339704,0.387963500297828,5.0427914593534e-10,6.55203492551801e-09
"ENSG00000198682.13","PAPSS2"," protein_coding","chr10",3159.58125856799,-2.21423644904068,0.280337798358829,1.36949061954316e-16,5.03741133435743e-15
"ENSG00000185267.10","CDNF"," protein_coding","chr10",139.496188514002,-2.21381195741489,0.247329947992719,1.87108584073545e-20,1.22922754253181e-18
"ENSG00000147853.17","AK3"," protein_coding","chr9",5565.23000497513,-2.21330592030765,0.251789214884547,7.36941488483009e-20,4.46899091009582e-18
"ENSG00000160932.11","LY6E"," protein_coding","chr8",11972.6778376774,-2.21176666194621,0.322959523321344,3.52066090313356e-13,7.74465745727774e-12
"ENSG00000178732.5","GP5"," protein_coding","chr3",7.93987374360882,-2.20801682446677,0.628377210703327,1.84664403164897e-05,0.000101261551048979
"ENSG00000124615.20","MOCS1"," protein_coding","chr6",1470.64384940125,-2.20724796834755,0.295171057567537,3.64581065216927e-15,1.1008763034485e-13
"ENSG00000234456.8","MAGI2-AS3"," lncRNA","chr7",896.173271935249,-2.20677442794552,0.337424669532361,2.8567897967078e-12,5.4040013994922e-11
"ENSG00000275025.1","AC002401.3"," lncRNA","chr17",24.8444449779592,-2.20498791555959,0.575568828537672,4.744013720283e-06,2.93921274866047e-05
"ENSG00000180767.10","CHST13"," protein_coding","chr3",1138.75359433621,-2.2042418351351,0.593062846315945,7.41160223703005e-06,4.41562552393647e-05
"ENSG00000168904.15","LRRC28"," protein_coding","chr15",1149.62849939957,-2.2015391166394,0.172586855746392,1.47875521369895e-38,1.00311187972987e-35
"ENSG00000114779.19","ABHD14B"," protein_coding","chr3",5276.83867729046,-2.20064492527514,0.263510943364244,3.09823320568973e-18,1.4839468698976e-16
"ENSG00000166821.9","PEX11A"," protein_coding","chr15",835.091873260971,-2.19729909305027,0.224611496248985,6.61758449311557e-24,7.48171791006543e-22
"ENSG00000135469.14","COQ10A"," protein_coding","chr12",460.51338135802,-2.1965088424617,0.251061724171995,1.05876957813251e-19,6.31559301115486e-18
"ENSG00000003436.16","TFPI"," protein_coding","chr2",7627.94171892919,-2.19463804986492,0.430458332742484,1.47178455985514e-08,1.49064179952828e-07
"ENSG00000284730.1","TMDD1"," protein_coding","chr12",24.2351139749021,-2.19388213263886,0.328017814729913,1.14671737400489e-12,2.31959771722251e-11
"ENSG00000123384.14","LRP1"," protein_coding","chr12",20748.732649986,-2.19012881948829,0.265634558167772,7.83841006643707e-18,3.55028855943949e-16
"ENSG00000140905.11","GCSH"," protein_coding","chr16",89.6754269212449,-2.18847433901167,0.249490058698002,8.16055265939764e-20,4.90794145406123e-18
"ENSG00000181061.14","HIGD1A"," protein_coding","chr3",2362.12210090239,-2.18801264318712,0.316431043744895,2.1674457898713e-13,4.94696605984007e-12
"ENSG00000134294.14","SLC38A2"," protein_coding","chr12",17266.4258076995,-2.187610914663,0.352327386181396,2.40817704959811e-11,3.91768635581301e-10
"ENSG00000103150.7","MLYCD"," protein_coding","chr16",1614.29523845834,-2.18704639865659,0.250598205339524,1.28219895695488e-19,7.53604925203147e-18
"ENSG00000169814.16","BTD"," protein_coding","chr3",3025.97359669565,-2.18575914034543,0.3373888096351,4.3020931665329e-12,7.93723944178357e-11
"ENSG00000135547.9","HEY2"," protein_coding","chr6",276.91190782277,-2.18350614292335,0.275381411968038,1.09155181397081e-16,4.08198395663006e-15
"ENSG00000092621.13","PHGDH"," protein_coding","chr1",5790.58690748186,-2.18284097793151,0.323673369275442,7.19581254057173e-13,1.50462118993503e-11
"ENSG00000171723.16","GPHN"," protein_coding","chr14",1405.63130613485,-2.182650953375,0.244965079593279,2.53012780619653e-20,1.62916772580456e-18
"ENSG00000108381.11","ASPA"," protein_coding","chr17",321.290651834344,-2.1807220966207,0.68196705747009,4.6276975937685e-05,0.000231859699013783
"ENSG00000259905.7","PWRN1"," lncRNA","chr15",7.95275442087842,-2.17816774840219,0.691805390550303,5.36226003277196e-05,0.000264432397119062
"ENSG00000210196.2","MT-TP"," Mt_tRNA","chrM",2535.93887513948,-2.17760643656106,0.242892735480791,1.46346849261945e-20,9.67979874404005e-19
"ENSG00000136371.11","MTHFS"," protein_coding","chr15",99.0685136275396,-2.17756557374442,0.340294510286836,7.15893928907693e-12,1.2740640642043e-10
"ENSG00000170345.10","FOS"," protein_coding","chr14",12499.8283220747,-2.17721939983376,0.561042064183317,3.91537689706431e-06,2.46935413428041e-05
"ENSG00000272507.1","RNU6-88P"," snRNA","chr10",4.82962160762234,-2.17613393451063,0.627960547214389,2.3700977380918e-05,0.000126571550571951
"ENSG00000232934.8","AL157786.1"," lncRNA","chr10",27.0342670737178,-2.1738263682231,0.367387970252746,1.44381978430953e-10,2.05425867346425e-09
"ENSG00000273958.1","AC009560.1"," lncRNA","chr15",7.33211097759793,-2.1735265838058,0.501223245152229,5.7813820249668e-07,4.33069163549709e-06
"ENSG00000272518.1","AC036214.2"," lncRNA","chr8",48.3143774362163,-2.17295973768642,0.231405844320086,3.52073462180249e-22,3.05643774355228e-20
"ENSG00000164466.13","SFXN1"," protein_coding","chr5",3898.73173174962,-2.17211220672012,0.243392887692624,2.14039243585162e-20,1.39984544756403e-18
"ENSG00000153165.19","RGPD3"," protein_coding","chr2",32.8341697485586,-2.17017017854371,0.552232703051911,3.24427845501602e-06,2.07983204954642e-05
"ENSG00000178821.13","TMEM52"," protein_coding","chr1",140.176247982254,-2.16919068281763,0.453032221931299,7.08172386518117e-08,6.30106451206775e-07
"ENSG00000139531.13","SUOX"," protein_coding","chr12",2159.36250771738,-2.16919018999078,0.238579283396116,4.77045336121038e-21,3.41052338463592e-19
"ENSG00000204228.4","HSD17B8"," protein_coding","chr6",1390.7384701603,-2.16667543323251,0.26966328680646,4.49596792297632e-17,1.7989422269588e-15
"ENSG00000273174.1","AC108673.2"," lncRNA","chr3",74.0879698033547,-2.16432488989661,0.323834330497364,1.04697175968664e-12,2.13859378559522e-11
"ENSG00000183077.15","AFMID"," protein_coding","chr17",3589.66331170483,-2.16427052771032,0.224520559758206,2.35208281023941e-23,2.37397589937278e-21
"ENSG00000163702.20","IL17RC"," protein_coding","chr3",1742.75438757771,-2.16037698689006,0.228097653998534,1.37031288560274e-22,1.24519179315098e-20
"ENSG00000213930.12","GALT"," protein_coding","chr9",1357.94321617745,-2.15762731935424,0.281077934010252,7.79917897783487e-16,2.52554839628264e-14
"ENSG00000174473.16","GALNTL6"," protein_coding","chr4",7.74882542539299,-2.15654933737133,0.63573872843331,2.5881979664539e-05,0.00013713923066938
"ENSG00000100897.18","DCAF11"," protein_coding","chr14",5535.60452062374,-2.15626603796352,0.220553849757377,6.92873063449404e-24,7.77323630298294e-22
"ENSG00000136052.9","SLC41A2"," protein_coding","chr12",3566.0781486484,-2.15604748896363,0.324120528001897,1.39807411000566e-12,2.79317970649007e-11
"ENSG00000095321.17","CRAT"," protein_coding","chr9",5996.15126498091,-2.15529563936218,0.32761617929837,2.20397994557703e-12,4.25747622732029e-11
"ENSG00000227070.1","EPS15-AS1"," lncRNA","chr1",13.4997076277525,-2.15524340187461,0.422151392676275,1.5447940589604e-08,1.55863361832639e-07
"ENSG00000245468.4","LINC02447"," lncRNA","chr4",24.4511645124599,-2.15291767437618,0.371901721896714,3.31593563706201e-10,4.44496905319217e-09
"ENSG00000174963.18","ZIC4"," protein_coding","chr3",11.2917009287819,-2.15283640012313,0.793071769405714,0.00018511946656575,0.000799725965677778
"ENSG00000227295.2","ELL2P1"," processed_pseudogene","chr1",6.12193093061837,-2.15152227339595,0.507315558618043,1.0657059912312e-06,7.53955325205504e-06
"ENSG00000288100.1","AL161663.2"," lncRNA","chr14",8.56815388136163,-2.15115116344686,0.602700086150717,1.45528504600063e-05,8.13982924387199e-05
"ENSG00000178297.14","TMPRSS9"," protein_coding","chr19",132.259899587661,-2.14957110275233,0.422935773802069,1.60390283337824e-08,1.61158256103375e-07
"ENSG00000230623.6","AC104461.1"," lncRNA","chr1",336.913568335144,-2.14913692370389,0.684327270807102,5.5802241947773e-05,0.000273746316073762
"ENSG00000160712.13","IL6R"," protein_coding","chr1",3158.44747385437,-2.14874977156021,0.406528431853424,5.45479562254676e-09,5.93476066818599e-08
"ENSG00000131096.10","PYY"," protein_coding","chr17",6.30778549933977,-2.14477891430893,0.549749821667587,3.78632861957815e-06,2.39365885358637e-05
"ENSG00000257057.3","C11orf97"," protein_coding","chr11",13.249725666291,-2.1429182591819,0.912303808876497,0.000466052907656875,0.00181475066926223
"ENSG00000260541.1","AL031722.1"," lncRNA","chr16",18.4973590453426,-2.14284038980662,0.538447384790501,2.68323495662383e-06,1.74820818516329e-05
"ENSG00000159228.13","CBR1"," protein_coding","chr21",3868.89211310811,-2.14158843357737,0.348992974346201,3.8388509357444e-11,6.02743647312193e-10
"ENSG00000139428.12","MMAB"," protein_coding","chr12",2678.77404514282,-2.14134664363669,0.390543335053585,1.81170378880918e-09,2.13603831106608e-08
"ENSG00000151715.8","TMEM45B"," protein_coding","chr11",1275.25367593332,-2.14097421277628,0.497393899559596,6.70213818688815e-07,4.96431357982073e-06
"ENSG00000143149.12","ALDH9A1"," protein_coding","chr1",5428.44333886314,-2.14026202415588,0.257425842014362,4.54987407314644e-18,2.11667108197143e-16
"ENSG00000107566.14","ERLIN1"," protein_coding","chr10",3697.16593890399,-2.13918411512089,0.240804484598342,3.25716559320262e-20,2.06091677197673e-18
"ENSG00000240409.1","MTATP8P1"," unprocessed_pseudogene","chr1",6.65517209365848,-2.13843086574455,0.589261467630806,1.16816450217858e-05,6.67074987549862e-05
"ENSG00000251314.2","AC104123.1"," lncRNA","chr5",4.5873456104794,-2.13799212200364,0.703394124163207,9.16209360162e-05,0.000427188472291646
"ENSG00000161132.6","AC007663.1"," unprocessed_pseudogene","chr22",17.7311967311147,-2.13676954747126,0.508131373511287,9.94399356537163e-07,7.08491324641732e-06
"ENSG00000210144.1","MT-TY"," Mt_tRNA","chrM",11.9517071919453,-2.13668951461072,0.55210422794013,4.16295490391213e-06,2.6119430327428e-05
"ENSG00000141753.7","IGFBP4"," protein_coding","chr17",45416.250227877,-2.13437020577584,0.347303308533612,3.56165198290613e-11,5.63088491541403e-10
"ENSG00000188833.10","ENTPD8"," protein_coding","chr9",639.520773162567,-2.13429490718879,0.555528179399473,4.59382686882899e-06,2.85343560342574e-05
"ENSG00000174567.8","GOLT1A"," protein_coding","chr1",2372.0161518966,-2.13358028919417,0.435249490502938,4.05334527793128e-08,3.79044749005326e-07
"ENSG00000179152.20","TCAIM"," protein_coding","chr3",1533.03413620472,-2.13332092687199,0.159645648705486,5.12497700893638e-42,5.33894479905948e-39
"ENSG00000187630.17","DHRS4L2"," protein_coding","chr14",1062.64893018699,-2.13224735955813,0.340857616828323,1.81002618104076e-11,3.02906791019953e-10
"ENSG00000239911.2","PRKAG2-AS1"," lncRNA","chr7",145.011192701914,-2.12857943899862,0.3216457621511,1.69283733580905e-12,3.34768625411621e-11
"ENSG00000139631.19","CSAD"," protein_coding","chr12",1566.88206474618,-2.12814968331022,0.275889759476703,6.01459121984013e-16,1.97567129832789e-14
"ENSG00000175820.4","CCDC168"," protein_coding","chr13",8.58147381185333,-2.1263747226514,0.457992770756152,1.68205059083023e-07,1.4046302228436e-06
"ENSG00000241135.6","LINC00881"," lncRNA","chr3",5.22000112316542,-2.12130078769541,0.555406892220662,5.622808524748e-06,3.42332919762836e-05
"ENSG00000204022.9","LIPJ"," protein_coding","chr10",6.77683914972869,-2.11963374774104,0.6199284758886,2.56769405290362e-05,0.000136126986239814
"ENSG00000137441.8","FGFBP2"," protein_coding","chr4",14.7475226505981,-2.11846566813413,0.518057992630156,1.723014534894e-06,1.17098348015664e-05
"ENSG00000179915.24","NRXN1"," protein_coding","chr2",12.7434169794693,-2.1175845350795,1.01695711606032,0.000888681003547781,0.00322291883532081
"ENSG00000116678.20","LEPR"," protein_coding","chr1",4658.97301059499,-2.11609913857217,0.702585648738228,8.21415319937926e-05,0.000387324013373252
"ENSG00000124299.15","PEPD"," protein_coding","chr19",6095.32352511256,-2.11409308080879,0.268847015351517,1.84629032207511e-16,6.63232049317842e-15
"ENSG00000258561.2","AL359232.1"," lncRNA","chr14",21.4244955497638,-2.10853661609801,0.414077742172204,1.43523133501525e-08,1.45665493427487e-07
"ENSG00000087086.15","FTL"," protein_coding","chr19",191075.837623137,-2.1065113048938,0.327160602068509,5.51878623883942e-12,9.9491641409584e-11
"ENSG00000099974.8","DDTL"," protein_coding","chr22",141.044633447441,-2.10644017072414,0.425954603582473,3.28696842852437e-08,3.13427859076912e-07
"ENSG00000258451.1","EGILA"," lncRNA","chr14",6.03205486625425,-2.10360317961237,0.67615186998009,6.70948392047783e-05,0.000322685797982552
"ENSG00000270532.1","PEBP1P2"," processed_pseudogene","chr2",5.56373621762859,-2.10206305906465,0.529203022914825,2.91343274405288e-06,1.8842997718687e-05
"ENSG00000176907.5","TCIM"," protein_coding","chr8",5653.38974288517,-2.10193510846349,0.357870253557275,1.89825656387892e-10,2.63919188330716e-09
"ENSG00000287620.1","AC092053.4"," lncRNA","chr3",18.7306196893543,-2.10034816678639,0.382899700173861,2.07149254446411e-09,2.41114788625194e-08
"ENSG00000159335.18","PTMS"," protein_coding","chr12",23497.9316189723,-2.09779212630131,0.324300297854426,4.99051789317786e-12,9.06968326642399e-11
"ENSG00000185813.11","PCYT2"," protein_coding","chr17",4288.62122550292,-2.0962876906367,0.202474297499451,2.00995996197887e-26,3.2391448691139e-24
"ENSG00000143653.10","SCCPDH"," protein_coding","chr1",5059.32470591126,-2.09575485240138,0.225917610379599,8.65620444653825e-22,7.01368965280762e-20
"ENSG00000091483.7","FH"," protein_coding","chr1",6033.35519876902,-2.09534983717112,0.232218216895976,7.74548277545402e-21,5.35374376960233e-19
"ENSG00000243055.1","GK-AS1"," lncRNA","chrX",21.3160207659107,-2.09288463198354,0.616417123339004,2.50054220898897e-05,0.00013285667703825
"ENSG00000094631.21","HDAC6"," protein_coding","chrX",4495.50825771916,-2.09226926594358,0.186663154130976,1.8938670732131e-30,5.11501932023637e-28
"ENSG00000165474.8","GJB2"," protein_coding","chr13",1328.51516011211,-2.09218865412172,0.438510565836754,7.68728884145371e-08,6.80517536316732e-07
"ENSG00000241886.1","AC112496.1"," lncRNA","chrX",14.0470734845021,-2.09213710566547,0.663431934512413,5.63949891563582e-05,0.000276324523007622
"ENSG00000124588.21","NQO2"," protein_coding","chr6",2195.75279194751,-2.08902522763475,0.34315886514196,5.21872222675541e-11,8.00341265153672e-10
"ENSG00000126218.12","F10"," protein_coding","chr13",4805.96376643105,-2.0888136386151,0.633179244169148,6.66333092541978e-07,4.93933163312756e-06
"ENSG00000168546.11","GFRA2"," protein_coding","chr8",70.4748321059303,-2.08852661205631,0.470496958731799,3.71780486319021e-07,2.88186686299216e-06
"ENSG00000099260.11","PALMD"," protein_coding","chr1",1442.06306065191,-2.08801599740939,0.454339611988466,1.7824507124664e-07,1.48163765943608e-06
"ENSG00000229896.2","AL157373.2"," lncRNA","chr6",31.8448803695976,-2.08759145086271,0.641603698261357,3.82130971960461e-05,0.000194628572046703
"ENSG00000267056.2","AC005336.1"," processed_pseudogene","chr19",297.850989944737,-2.08636936567519,0.640151013655709,3.81947522915192e-05,0.00019456911100093
"ENSG00000224837.1","GCSHP5"," processed_pseudogene","chr1",3.90193159760567,-2.08621896677571,0.698289779818178,0.00010081680464252,0.000466042056199312
"ENSG00000272622.2","AC010735.2"," lncRNA","chr2",57.8795281948401,-2.08612355690115,0.461052788750964,2.5273433504189e-07,2.03390447651472e-06
"ENSG00000167363.14","FN3K"," protein_coding","chr17",2315.529727642,-2.08539897592124,0.303583377629573,3.02049767875697e-13,6.73584837856743e-12
"ENSG00000137364.5","TPMT"," protein_coding","chr6",2781.71673835772,-2.08295632021478,0.256939424251569,2.52607081744149e-17,1.05111212088375e-15
"ENSG00000284505.1","LYNX1-SLURP2"," protein_coding","chr8",5.29919052253669,-2.08273864469589,0.546357962478543,5.57009325534878e-06,3.39194259217679e-05
"ENSG00000286144.1","Z97056.2"," lncRNA","chr22",31.4043204474258,-2.08155967894482,0.589066063937432,1.44803214992407e-05,8.10392359576652e-05
"ENSG00000233942.1","AC004012.1"," lncRNA","chr7",8.72929379863252,-2.07826960707094,0.691893914720582,8.89924041945578e-05,0.000416196799414952
"ENSG00000137714.3","FDX1"," protein_coding","chr11",1886.45404139974,-2.07574162772506,0.273261349434402,1.46299631998948e-15,4.5935564755407e-14
"ENSG00000170430.10","MGMT"," protein_coding","chr10",3522.13142718632,-2.06483868632679,0.349342734664101,1.52493058112857e-10,2.15194485345618e-09
"ENSG00000038210.14","PI4K2B"," protein_coding","chr4",1708.29170002832,-2.06393778391004,0.244287849040077,1.436160113815e-18,7.32366334962758e-17
"ENSG00000204173.11","LRRC37A5P"," transcribed_unprocessed_pseudogene","chr9",20.3529027921277,-2.06239182547082,0.595980240961393,1.82338481667617e-05,0.000100068319318207
"ENSG00000137171.15","KLC4"," protein_coding","chr6",3073.93464445467,-2.06112604221299,0.218568351872885,2.02089551604217e-22,1.79717991790958e-20
"ENSG00000278344.1","AC063943.1"," lncRNA","chr12",8.36758923231423,-2.06055055530405,0.498796037936391,1.49522048717945e-06,1.02718055559438e-05
"ENSG00000197635.11","DPP4"," protein_coding","chr2",1864.22989766404,-2.05953931653392,0.588255092361751,1.64994185950868e-05,9.12190183851569e-05
"ENSG00000284747.1","AL034417.4"," lncRNA","chr1",311.78615409667,-2.05928982646638,0.568617421510667,1.07596613012388e-05,6.19764139999676e-05
"ENSG00000155380.12","SLC16A1"," protein_coding","chr1",2035.07582558028,-2.0578084101917,0.540119274817615,5.23996583999368e-06,3.21710300119503e-05
"ENSG00000157184.7","CPT2"," protein_coding","chr1",1356.93921465381,-2.05666398511367,0.281953575062458,1.43199123903015e-14,3.96673812452712e-13
"ENSG00000146521.10","LINC01558"," lncRNA","chr6",250.063781799104,-2.05615396925044,0.562757651369558,9.5414988302842e-06,5.57067578414477e-05
"ENSG00000255191.1","AP003555.2"," lncRNA","chr11",10.5397972773993,-2.05466112037495,0.578827862439159,1.53681302999539e-05,8.56463493923107e-05
"ENSG00000154265.16","ABCA5"," protein_coding","chr17",1599.32757269608,-2.05461486502657,0.368391391152831,1.08793560305102e-09,1.33000811422444e-08
"ENSG00000185361.9","TNFAIP8L1"," protein_coding","chr19",1896.77887580397,-2.0520541049872,0.269446540541523,1.26704400007183e-15,4.00850395207106e-14
"ENSG00000162039.17","MEIOB"," protein_coding","chr16",17.0002668359843,-2.05170439817717,0.565259264897279,1.02073141632151e-05,5.9133494901057e-05
"ENSG00000148935.11","GAS2"," protein_coding","chr11",626.810804851234,-2.04856703444886,0.62498333765803,3.57350674310515e-05,0.000183448817651591
"ENSG00000101353.15","MROH8"," protein_coding","chr20",78.6555068223501,-2.04733352287395,0.230491890624022,3.24735629260215e-20,2.05917686301983e-18
"ENSG00000110723.12","EXPH5"," protein_coding","chr11",472.92572638146,-2.04600586739015,0.299396252558892,3.89720614897883e-13,8.50880285625476e-12
"ENSG00000108439.11","PNPO"," protein_coding","chr17",2084.20454778462,-2.04388677722434,0.291571332083117,1.10928186064801e-13,2.65001167839818e-12
"ENSG00000160285.15","LSS"," protein_coding","chr21",3764.46752421574,-2.04099166136582,0.353688097422923,3.53846155438445e-10,4.72588759523076e-09
"ENSG00000269028.3","MTRNR2L12"," protein_coding","chr3",42.0450373826262,-2.03989484479542,0.4127985748783,3.20220648067461e-08,3.05745207315213e-07
"ENSG00000133935.7","ERG28"," protein_coding","chr14",2894.55886362014,-2.03664668328259,0.233836177348865,1.49270836264569e-19,8.65622469781554e-18
"ENSG00000144290.17","SLC4A10"," protein_coding","chr2",15.0580058124744,-2.03571961807217,0.831394942428262,0.000395257277025338,0.00156754038253597
"ENSG00000036672.16","USP2"," protein_coding","chr11",543.974744105131,-2.03407817427799,0.443703610711543,1.8850960097668e-07,1.55372606693664e-06
"ENSG00000215861.6","AC245297.1"," transcribed_unprocessed_pseudogene","chr1",47.5479243957304,-2.0299821254807,0.419080783231973,5.44680758350502e-08,4.96183417874009e-07
"ENSG00000260645.2","AL359715.2"," lncRNA","chr6",12.9100509016714,-2.02461013145586,0.424923740447581,9.2256712168708e-08,8.06019671425903e-07
"ENSG00000166741.8","NNMT"," protein_coding","chr11",33822.6695962696,-2.02377062515371,0.708471262184576,0.00012972701386638,0.000581796935342628
"ENSG00000176720.6","BOK"," protein_coding","chr2",3942.78878778686,-2.0228859934583,0.356755783219539,6.3844503324305e-10,8.1678961292397e-09
"ENSG00000117118.10","SDHB"," protein_coding","chr1",4751.82085324084,-2.02186988245373,0.282758950416307,4.00729050333906e-14,1.03076416835888e-12
"ENSG00000141179.14","PCTP"," protein_coding","chr17",2596.26896563735,-2.02031512069365,0.29952007984749,7.14068330487021e-13,1.49416493055781e-11
"ENSG00000172831.14","CES2"," protein_coding","chr16",11997.4048764739,-2.02000831693563,0.422367812045589,1.88179206448038e-12,3.67648980099317e-11
"ENSG00000107518.18","ATRNL1"," protein_coding","chr10",53.6705491595477,-2.01873800864001,0.49324567916698,1.676206731705e-06,1.14156605550089e-05
"ENSG00000130653.16","PNPLA7"," protein_coding","chr9",1011.43434615457,-2.01611254800026,0.282622232842213,4.57412234261804e-14,1.16424585176113e-12
"ENSG00000165995.22","CACNB2"," protein_coding","chr10",151.839260169793,-2.01082489472822,0.276495022428846,1.75176142455458e-14,4.80687949132949e-13
"ENSG00000104870.13","FCGRT"," protein_coding","chr19",11448.0574716591,-2.00734081306702,0.238178511636328,1.7076678120173e-18,8.54390435827316e-17
"ENSG00000130813.18","SHFL"," protein_coding","chr19",1701.37264860474,-2.00602061411014,0.222379403100435,9.11203831525053e-21,6.18114059575681e-19
"ENSG00000184517.12","ZFP1"," protein_coding","chr16",651.623595135733,-2.00505048175699,0.216606055314466,1.05043017752214e-21,8.33480834460861e-20
"ENSG00000229915.1","AC016999.1"," lncRNA","chr2",16.4558740263174,-2.00474134088876,1.02516056665397,0.00107565036022863,0.00381049858604675
"ENSG00000287780.1","AC104850.2"," lncRNA","chr3",8.0493842129868,-2.00250081644005,0.460240604780898,5.99323718843635e-07,4.4767409871831e-06
"ENSG00000188641.14","DPYD"," protein_coding","chr1",2652.34435526073,-1.99742510936349,0.423447106275689,9.92110342658918e-08,8.61788760721203e-07
"ENSG00000254718.6","AL157756.1"," lncRNA","chr14",18.2987443705626,-1.99623922892445,0.364264840834161,1.74643642288328e-09,2.06642983464954e-08
"ENSG00000105707.14","HPN"," protein_coding","chr19",17400.9044996097,-1.99504266728075,0.65088612257872,7.0075445628863e-05,0.00033558211681962
"ENSG00000210082.2","MT-RNR2"," Mt_rRNA","chrM",545525.13116607,-1.98833636566891,0.341022252372471,2.45609333764523e-10,3.36979240666856e-09
"ENSG00000073712.15","FERMT2"," protein_coding","chr14",3539.45600063877,-1.98740840274694,0.277243399599651,3.58823335818171e-14,9.29530895424531e-13
"ENSG00000224097.5","AC021148.1"," transcribed_processed_pseudogene","chr4",15.7166879668681,-1.98507103424407,0.323503603392092,3.83934209848145e-11,6.02743647312193e-10
"ENSG00000263063.1","AC024361.2"," lncRNA","chr17",10.0157256544827,-1.98229519597176,0.379588719914855,7.8225384758427e-09,8.33061791901628e-08
"ENSG00000073169.14","SELENOO"," protein_coding","chr22",2415.86830692773,-1.98212227254637,0.214028932486571,1.11375202116032e-21,8.80407390385515e-20
"ENSG00000284882.1","AL359762.1"," lncRNA","chr1",17.3511830405332,-1.97909910759786,0.434683805621625,2.09672464938776e-07,1.71410765969707e-06
"ENSG00000225968.7","ELFN1"," protein_coding","chr7",1018.6054523986,-1.9786433228946,0.744616550174471,0.00022695844161908,0.000958747398057487
"ENSG00000231768.2","LINC01354"," lncRNA","chr1",13.9247674774945,-1.97639934954987,0.538579923175502,9.25755335567225e-06,5.41909640440706e-05
"ENSG00000183048.12","SLC25A10"," protein_coding","chr17",929.202670449876,-1.97515358072809,0.486357075705393,1.8914349837919e-06,1.27357495480669e-05
"ENSG00000115963.13","RND3"," protein_coding","chr2",5041.59781531705,-1.97437163700937,0.518911848902633,5.31475906084961e-06,3.25616902007818e-05
"ENSG00000197417.9","SHPK"," protein_coding","chr17",258.135248639011,-1.97163346404978,0.271032301198636,1.60928605598079e-14,4.4284212232928e-13
"ENSG00000166002.7","SMCO4"," protein_coding","chr11",1334.30061400253,-1.97132373616505,0.25445156986471,4.46714587160166e-16,1.49772618308907e-14
"ENSG00000264575.1","LINC00526"," lncRNA","chr18",226.186114103464,-1.9708905930429,0.320443324356712,3.58909216265207e-11,5.6650556976406e-10
"ENSG00000246523.8","FZD4-DT"," lncRNA","chr11",41.9918514041255,-1.96986499871948,0.375340378655448,6.74881309269782e-09,7.24801653537933e-08
"ENSG00000180425.11","C11orf71"," protein_coding","chr11",374.2770562865,-1.96314946776948,0.202727240903231,1.71399920253384e-23,1.77289513257835e-21
"ENSG00000152990.14","ADGRA3"," protein_coding","chr4",3830.21737418531,-1.96201031999903,0.271418829870511,2.3202691106397e-14,6.19212531456992e-13
"ENSG00000151090.20","THRB"," protein_coding","chr3",1217.92514506167,-1.95830656870082,0.496719260500523,3.09770286223749e-06,1.99155597947113e-05
"ENSG00000154153.13","RETREG1"," protein_coding","chr5",1538.52255449741,-1.95601744682224,0.382987396067729,1.41176353644116e-08,1.43433405066013e-07
"ENSG00000168792.5","ABHD15"," protein_coding","chr17",1385.05350335516,-1.95451078934674,0.253319584929104,5.74933522162613e-16,1.8949419105041e-14
"ENSG00000124370.11","MCEE"," protein_coding","chr2",629.501368291794,-1.94908966796655,0.226006353396918,3.17489172393676e-19,1.76061628698691e-17
"ENSG00000284418.2","AL391117.1"," lncRNA","chr9",34.2086596450274,-1.94832533429387,1.00236998721413,0.00112397888154646,0.00396049789187472
"ENSG00000185010.15","F8"," protein_coding","chrX",777.961721340594,-1.9478494306574,0.330770102256642,1.76212379595121e-10,2.46047817157017e-09
"ENSG00000269293.3","ZSCAN16-AS1"," lncRNA","chr6",293.682997833682,-1.94701038201289,0.291724932162615,1.12801792899158e-12,2.28811926083139e-11
"ENSG00000287236.1","Z73420.1"," lncRNA","chr22",69.1841516015832,-1.94398042235037,0.619264576063716,5.64035863412315e-05,0.000276324523007622
"ENSG00000270030.1","AC136475.7"," lncRNA","chr11",9.539426820972,-1.94234187867088,0.427507699826269,2.32275950777592e-07,1.88524129352282e-06
"ENSG00000144837.9","PLA1A"," protein_coding","chr3",890.475368949267,-1.93923824264759,0.461592750745347,1.05449808946053e-06,7.46931878860472e-06
"ENSG00000198814.13","GK"," protein_coding","chrX",1128.41069393004,-1.93236940787953,0.362646277302963,4.39885527253379e-09,4.86391999410683e-08
"ENSG00000197885.11","NKIRAS1"," protein_coding","chr3",465.523017537843,-1.9318478857269,0.229971460538756,2.1957108147228e-18,1.0782270834116e-16
"ENSG00000114021.12","NIT2"," protein_coding","chr3",3868.57178396434,-1.93106212090258,0.269924698024521,3.97323124338592e-14,1.02290540280957e-12
"ENSG00000131373.15","HACL1"," protein_coding","chr3",1133.87243322991,-1.93054912153807,0.320421594191823,7.72109174286324e-11,1.14497470791855e-09
"ENSG00000223999.1","AC244250.1"," lncRNA","chr22",5.00243094248266,-1.92385505938483,0.682175238068526,0.000146078401347963,0.000647464046333191
"ENSG00000152580.8","IGSF10"," protein_coding","chr3",45.1330562647246,-1.92355033708969,0.637747548560424,8.4314827376819e-05,0.000396290557485407
"ENSG00000108179.14","PPIF"," protein_coding","chr10",5872.9834191574,-1.92353673257671,0.36502124696617,5.87249360575183e-09,6.35838032613864e-08
"ENSG00000245750.10","DRAIC"," lncRNA","chr15",232.255299114373,-1.92308562689012,0.626352445108612,6.99504788489631e-05,0.00033509369642723
"ENSG00000147955.17","SIGMAR1"," protein_coding","chr9",5609.63950673642,-1.92258430555777,0.331711296897273,3.03450944755259e-10,4.09785213313248e-09
"ENSG00000139899.11","CBLN3"," protein_coding","chr14",227.634512580955,-1.92213073434427,0.457241643355614,1.04975840644885e-06,7.4375523336669e-06
"ENSG00000198520.12","ARMH1"," protein_coding","chr1",122.761142337471,-1.91793125839895,0.363341454240668,5.60561737445841e-09,6.0875001189716e-08
"ENSG00000139160.13","ETFBKMT"," protein_coding","chr12",267.855524223719,-1.91790636084346,0.285981768446585,9.55051567835359e-13,1.96875612594979e-11
"ENSG00000265511.1","AC020558.2"," lncRNA","chr17",44.4054709169145,-1.91421542026027,0.371004766795252,1.13178478114966e-08,1.17109011285401e-07
"ENSG00000288012.1","AP003307.1"," lncRNA","chr11",6.62856958803864,-1.91060077832757,0.539623048372895,1.4125569275838e-05,7.9312556343969e-05
"ENSG00000170088.14","TMEM192"," protein_coding","chr4",2067.32662282979,-1.910456283201,0.278586879153125,3.02954824993565e-13,6.75087035159457e-12
"ENSG00000151611.16","MMAA"," protein_coding","chr4",837.9795142648,-1.91035251533015,0.291598549716103,2.66055917878336e-12,5.07227782260992e-11
"ENSG00000211459.2","MT-RNR1"," Mt_rRNA","chrM",52462.1017577255,-1.90768361264931,0.356680795848059,3.85639124306538e-09,4.30627677429195e-08
"ENSG00000210140.1","MT-TC"," Mt_tRNA","chrM",15.6592820486768,-1.90686378115032,0.948669522871394,0.000976587720993816,0.00349951931617551
"ENSG00000099860.9","GADD45B"," protein_coding","chr19",9965.86342063991,-1.90457712343756,0.522782659546173,9.83251710095054e-06,5.71893701530661e-05
"ENSG00000185875.13","THNSL1"," protein_coding","chr10",751.10525541149,-1.90377867593847,0.234541085054516,2.14125068145387e-17,8.9867828960184e-16
"ENSG00000214960.11","CRPPA"," protein_coding","chr7",148.791240329533,-1.90208477908458,0.336098449168651,7.01163134923272e-10,8.8805952354796e-09
"ENSG00000260971.4","AC119674.1"," lncRNA","chr1",6.88487386983951,-1.89862993950943,0.534924865536414,1.56495022562056e-05,8.69817704480299e-05
"ENSG00000102038.16","SMARCA1"," protein_coding","chrX",2983.21649362448,-1.89636343477714,0.25926712880784,1.40554709904203e-14,3.90089470332608e-13
"ENSG00000231473.3","RB1-DT"," lncRNA","chr13",6.98213615123226,-1.89534874277113,0.497443084983804,5.10176655652037e-06,3.14217543680622e-05
"ENSG00000100522.10","GNPNAT1"," protein_coding","chr14",1084.07894340385,-1.89333648087531,0.41506368657646,2.09403978072796e-07,1.71239266509823e-06
"ENSG00000072042.13","RDH11"," protein_coding","chr14",3869.18765192624,-1.89189390324715,0.257537459376284,9.71466500097347e-15,2.77267185336003e-13
"ENSG00000091428.18","RAPGEF4"," protein_coding","chr2",908.99431415293,-1.89114093304864,0.462329523452356,9.60959668337362e-11,1.40291454282945e-09
"ENSG00000204370.13","SDHD"," protein_coding","chr11",3281.05107874963,-1.88543225169828,0.281417710899118,9.70722092699233e-13,1.99401357196788e-11
"ENSG00000101230.6","ISM1"," protein_coding","chr20",395.348557946814,-1.88085694235213,0.473867531077893,2.79891452880687e-06,1.81425639757261e-05
"ENSG00000100219.16","XBP1"," protein_coding","chr22",15449.8317952181,-1.8794437598913,0.297686374298826,1.36771098025001e-11,2.33302699315278e-10
"ENSG00000235169.11","SMIM1"," protein_coding","chr1",116.067348670569,-1.87565927209983,0.389735132162004,6.24674194271761e-08,5.63075450331057e-07
"ENSG00000165795.23","NDRG2"," protein_coding","chr14",11495.4150310044,-1.87476326053965,0.358274900615581,4.09834129052583e-12,7.5853119989434e-11
"ENSG00000138709.19","LARP1B"," protein_coding","chr4",1616.5955099471,-1.87461122396942,0.19483326925171,3.21370374307437e-23,3.22132386535177e-21
"ENSG00000137992.14","DBT"," protein_coding","chr1",2115.44211157103,-1.8715926445384,0.274662805836773,4.38730653391003e-13,9.49357153469004e-12
"ENSG00000128309.16","MPST"," protein_coding","chr22",9450.51639170841,-1.8676319044407,0.285063948172951,2.42304693940948e-12,4.64374876318234e-11
"ENSG00000115226.10","FNDC4"," protein_coding","chr2",2239.72296542069,-1.86501324266783,0.397903854815528,1.15205602927647e-07,9.85463997594294e-07
"ENSG00000275494.1","AC133552.5"," lncRNA","chr16",84.7225668474931,-1.86328057824208,0.315481924947533,1.49514796939742e-10,2.1153504207113e-09
"ENSG00000235286.1","AP000925.1"," processed_pseudogene","chr11",5.26556779727112,-1.8631638521489,0.538996895640048,2.18566499407448e-05,0.000117388440825186
"ENSG00000272402.1","AL031775.2"," lncRNA","chr6",30.8255972176673,-1.86295526365756,0.291497789517367,8.3463053288426e-12,1.46570367331132e-10
"ENSG00000112972.15","HMGCS1"," protein_coding","chr5",6339.91359355421,-1.86248727948848,0.519069504698759,1.2189788839174e-05,6.93242251218302e-05
"ENSG00000181513.15","ACBD4"," protein_coding","chr17",2791.12730298461,-1.85807753162644,0.33858294223125,1.76099723120389e-09,2.08214544941169e-08
"ENSG00000255471.1","AP001528.1"," lncRNA","chr11",31.9507525366176,-1.85629570966614,0.391805617248577,9.38737051086975e-08,8.19085283971163e-07
"ENSG00000243176.6","AC092944.1"," lncRNA","chr3",162.868455248401,-1.85624454548471,0.297813213552944,2.12710690640086e-11,3.50738164798229e-10
"ENSG00000166228.9","PCBD1"," protein_coding","chr10",6461.27675212276,-1.85112424750722,0.336655310961631,1.67604555395382e-09,1.99138789259792e-08
"ENSG00000147471.12","PLPBP"," protein_coding","chr8",2678.61943938938,-1.84979796147463,0.244460692492505,1.5969499415054e-15,4.98730544365857e-14
"ENSG00000287091.1","AC009961.3"," lncRNA","chr2",27.4616379431168,-1.84973780146171,0.340114839109085,2.4401769474117e-09,2.81111853787725e-08
"ENSG00000151287.17","TEX30"," protein_coding","chr13",308.426456654337,-1.84951840783544,0.332797491077744,1.21729408985782e-09,1.47682047365291e-08
"ENSG00000145675.15","PIK3R1"," protein_coding","chr5",4661.8293703727,-1.84910187013498,0.363697518724445,1.59961448010801e-08,1.60838175698968e-07
"ENSG00000010610.10","CD4"," protein_coding","chr12",4226.47375210324,-1.84807338080115,0.339456380001121,2.24860545317453e-09,2.60482813596696e-08
"ENSG00000060642.11","PIGV"," protein_coding","chr1",1149.53399282983,-1.84558696237177,0.226246052584713,1.64976824455228e-17,7.06638618580698e-16
"ENSG00000110074.11","FOXRED1"," protein_coding","chr11",1629.96557494711,-1.84556800388711,0.199431520561591,1.05153055326407e-21,8.33480834460861e-20
"ENSG00000081377.17","CDC14B"," protein_coding","chr9",1751.52319619687,-1.84247053224773,0.281747600872451,2.74099882311565e-12,5.20861203071404e-11
"ENSG00000145287.11","PLAC8"," protein_coding","chr4",184.957619120216,-1.84121498472381,0.417478157835792,4.17571947567759e-07,3.20868180679767e-06
"ENSG00000118922.17","KLF12"," protein_coding","chr13",1112.91446614801,-1.83977839947169,0.300265041558969,4.08638973690154e-11,6.37070562456874e-10
"ENSG00000153291.16","SLC25A27"," protein_coding","chr6",231.490977907081,-1.83963629711885,0.374369099010355,3.84198908065314e-08,3.6138980810568e-07
"ENSG00000145545.12","SRD5A1"," protein_coding","chr5",2870.82440278071,-1.83921812384783,0.345509618496727,4.45593107306753e-09,4.91957053256271e-08
"ENSG00000122378.14","PRXL2A"," protein_coding","chr10",6378.21112041829,-1.83889968607543,0.187559057026309,5.32262236549527e-24,6.11242408579258e-22
"ENSG00000153002.12","CPB1"," protein_coding","chr3",5.40498122341174,-1.83703598769935,0.563323927065938,3.85484877872816e-05,0.000196097112010327
"ENSG00000168994.14","PXDC1"," protein_coding","chr6",5517.54050091708,-1.83612963894439,0.348273365681206,5.62034445414515e-09,6.09895191156845e-08
"ENSG00000184402.15","SS18L1"," protein_coding","chr20",1234.43296014848,-1.83402996733648,0.218838870780416,2.74140565687377e-18,1.31953897038533e-16
"ENSG00000140564.12","FURIN"," protein_coding","chr15",17291.5331865719,-1.8329440514557,0.266205301934218,1.67225096411825e-13,3.87126098193376e-12
"ENSG00000278266.1","AC079949.2"," lncRNA","chr12",95.1813246143742,-1.83140756823427,0.599584825246746,7.4208729453963e-05,0.000352999743875187
"ENSG00000102910.14","LONP2"," protein_coding","chr16",6589.02417110438,-1.83079776880268,0.24892613714865,8.97431484206726e-15,2.57903241013064e-13
"ENSG00000150722.10","PPP1R1C"," protein_coding","chr2",173.315367407772,-1.8302825741632,0.40798331491877,2.99627629490645e-07,2.36521518813524e-06
"ENSG00000272143.1","FGF14-AS2"," lncRNA","chr13",109.615605506298,-1.82926120521535,0.26352136846403,1.80611834924925e-13,4.17123247262481e-12
"ENSG00000165672.7","PRDX3"," protein_coding","chr10",10167.5469210688,-1.82851687160218,0.268527569895392,4.57833322356532e-13,9.87031794517198e-12
"ENSG00000120332.16","TNN"," protein_coding","chr1",81.3552261017145,-1.82669733415484,0.450588996437144,1.97499875306113e-06,1.32373020744577e-05
"ENSG00000125798.15","FOXA2"," protein_coding","chr20",1560.46803877268,-1.82591402580138,0.308633338633108,1.48890577485513e-10,2.11029604211609e-09
"ENSG00000117479.15","SLC19A2"," protein_coding","chr1",1586.40955693753,-1.82557150622658,0.432476981930386,9.68785762018868e-07,6.92271236950719e-06
"ENSG00000118804.8","STBD1"," protein_coding","chr4",395.073535562962,-1.8249904220058,0.27170115754956,8.5845036566287e-13,1.78475685787742e-11
"ENSG00000166855.9","CLPX"," protein_coding","chr15",3097.01982263022,-1.82418670156089,0.233263263186326,2.54080306331895e-16,8.89708097886561e-15
"ENSG00000179918.19","SEPHS2"," protein_coding","chr16",13997.7865438807,-1.82374113058472,0.305552718627211,1.07197193672362e-10,1.55874124737245e-09
"ENSG00000213563.7","C8orf82"," protein_coding","chr8",1522.97281844762,-1.82260020194301,0.230719073280775,1.31777829487472e-16,4.86560444091146e-15
"ENSG00000273062.1","AL449106.1"," lncRNA","chr1",58.1961819229595,-1.81978523551017,0.36937070219662,3.46788152600922e-08,3.29493929094993e-07
"ENSG00000069667.16","RORA"," protein_coding","chr15",2042.51155876303,-1.81814609332215,0.570157803403975,4.81124752330157e-05,0.000239896203431083
"ENSG00000044459.15","CNTLN"," protein_coding","chr9",583.74774685784,-1.81813736680899,0.24846090533163,1.20146397467305e-14,3.3830866583592e-13
"ENSG00000180176.15","TH"," protein_coding","chr11",22.2113296116848,-1.81703815044496,1.2469697057364,0.00226142890267485,0.00729686058209323
"ENSG00000135744.8","AGT"," protein_coding","chr1",69893.2926476497,-1.8162526178303,0.432662424956784,1.06061219964152e-06,7.50715778969755e-06
"ENSG00000244734.4","HBB"," protein_coding","chr11",943.744748838937,-1.81597965027285,0.631483223803103,0.000125661446281899,0.000566700483394669
"ENSG00000225630.1","MTND2P28"," unprocessed_pseudogene","chr1",10745.176558571,-1.81581625179915,0.437425271059267,1.30078968270668e-06,9.04906612327002e-06
"ENSG00000236266.1","Z98884.1"," lncRNA","chr1",3.90546792825541,-1.81509805038172,0.704449105238741,0.000323486888026592,0.00131125472996771
"ENSG00000204178.11","MACO1"," protein_coding","chr1",2165.2578735272,-1.81454048946554,0.157632972283148,5.91953792876474e-32,1.98467818211654e-29
"ENSG00000101474.12","APMAP"," protein_coding","chr20",9986.07181850681,-1.81424241547523,0.274410100101625,1.77693693363639e-12,3.48564044500604e-11
"ENSG00000184117.12","NIPSNAP1"," protein_coding","chr22",6292.8158511718,-1.81281938187991,0.280335463572824,4.61602182904494e-12,8.43638726387292e-11
"ENSG00000279605.1","AC067930.5"," TEC","chr8",30.9496573938662,-1.80997755892217,0.376707850088245,6.33534446677292e-08,5.69478159480121e-07
"ENSG00000165029.17","ABCA1"," protein_coding","chr9",3856.44283535418,-1.80994952832555,0.634011926148583,0.000133082127519361,0.000595014190314567
"ENSG00000211454.15","AKR7L"," polymorphic_pseudogene","chr1",435.505929665888,-1.80898724788912,0.757809509100538,0.000449885085656182,0.00176049075174473
"ENSG00000260274.1","AC068338.2"," lncRNA","chr15",59.7414676837488,-1.80717771037862,0.229978438727426,1.87769816760071e-16,6.73684844412609e-15
"ENSG00000156709.15","AIFM1"," protein_coding","chrX",3912.95716809044,-1.80287492431338,0.286743495200367,1.47372976847556e-11,2.50800604531294e-10
"ENSG00000269386.5","RAB11B-AS1"," lncRNA","chr19",216.13906662955,-1.80219599465783,0.41969235354458,6.95994774342568e-07,5.1345084260374e-06
"ENSG00000273259.3","AL049839.2"," protein_coding","chr14",160.094082647397,-1.80135930406673,0.45902081101056,3.50673030057413e-07,2.72840267104419e-06
"ENSG00000070759.17","TESK2"," protein_coding","chr1",241.623476403045,-1.80130246552658,0.289862441070629,2.37546763523626e-11,3.87095058392215e-10
"ENSG00000117448.14","AKR1A1"," protein_coding","chr1",7916.64766884798,-1.80066135058628,0.277096729308469,3.73852998671655e-12,6.9458077186328e-11
"ENSG00000104205.16","SGK3"," protein_coding","chr8",339.625316026769,-1.79689060036875,0.197271433945751,4.06682802746798e-21,2.94355599834277e-19
"ENSG00000069535.14","MAOB"," protein_coding","chrX",11732.6462367136,-1.79619556057777,0.321163980610483,9.14469568360167e-10,1.13507075912756e-08
"ENSG00000166275.16","BORCS7"," protein_coding","chr10",1583.96953046686,-1.79521237387162,0.234664408932462,9.58233453200409e-16,3.07488576418072e-14
"ENSG00000150045.12","KLRF1"," protein_coding","chr12",30.8624006198767,-1.79512280213011,0.434339454904647,1.39474770539198e-06,9.633766473734e-06
"ENSG00000286885.1","AL138824.1"," lncRNA","chr6",6.44702693806944,-1.79402218686064,0.485215294275374,8.60976875331718e-06,5.07247717159178e-05
"ENSG00000272341.1","AL137003.1"," lncRNA","chr6",246.138043205439,-1.79165483315683,0.320349071557291,1.00366071702829e-09,1.23422341715844e-08
"ENSG00000197894.11","ADH5"," protein_coding","chr4",7418.56690862504,-1.79154598774665,0.215585410697711,4.1361353111852e-18,1.94591824019292e-16
"ENSG00000104883.8","PEX11G"," protein_coding","chr19",487.020207613687,-1.78546744190347,0.32685206915444,2.04820160902962e-09,2.38498972989162e-08
"ENSG00000065485.20","PDIA5"," protein_coding","chr3",2817.45970009685,-1.78093553386113,0.288327348336254,2.98373680642995e-11,4.77676283791193e-10
"ENSG00000185745.10","IFIT1"," protein_coding","chr10",990.876224231086,-1.78019546284014,0.239275282071116,4.6687751922281e-15,1.38821104568911e-13
"ENSG00000117010.17","ZNF684"," protein_coding","chr1",309.023030538082,-1.77977240916719,0.34030161135769,7.3491621324805e-09,7.84367765248166e-08
"ENSG00000188611.16","ASAH2"," protein_coding","chr10",73.9141051352555,-1.77882580341107,0.414845805851365,7.46020503172614e-07,5.46887963233023e-06
"ENSG00000166796.12","LDHC"," protein_coding","chr11",21.7574459602853,-1.77439537443675,1.3415822514077,0.00259030301705952,0.00823504618033887
"ENSG00000078804.13","TP53INP2"," protein_coding","chr20",2692.08577326,-1.77377224776277,0.350430421712851,1.78386158043905e-08,1.77649226493092e-07
"ENSG00000140374.16","ETFA"," protein_coding","chr15",7189.44311279429,-1.77083739895484,0.292997849186181,6.90253747819489e-11,1.03579304103325e-09
"ENSG00000137414.6","FAM8A1"," protein_coding","chr6",3737.39519923944,-1.76829983377802,0.268193025909092,1.9513815505826e-12,3.80480270380641e-11
"ENSG00000128294.16","TPST2"," protein_coding","chr22",2871.86715984984,-1.76797759836173,0.205705983976889,4.04899612716448e-19,2.22839939685397e-17
"ENSG00000072210.19","ALDH3A2"," protein_coding","chr17",11393.0316628951,-1.76747071953465,0.322076946571863,1.67965212870517e-09,1.99486046181601e-08
"ENSG00000121210.16","TMEM131L"," protein_coding","chr4",1170.94682539871,-1.7669915158972,0.241786226503547,1.25561172563043e-14,3.52162869470328e-13
"ENSG00000198455.4","ZXDB"," protein_coding","chrX",986.366468225083,-1.75961780553993,0.346982420190977,1.6399117364649e-08,1.64436526094688e-07
"ENSG00000169562.13","GJB1"," protein_coding","chrX",11497.7235013742,-1.75839852655546,0.389057437665927,2.53363292393564e-07,2.037032490581e-06
"ENSG00000271420.1","AL109936.2"," lncRNA","chr1",38.8007873312638,-1.75698035684335,0.607000610118629,0.000116310265948248,0.000529275218010056
"ENSG00000112159.12","MDN1"," protein_coding","chr6",2081.05214990694,-1.75556047462976,0.302907294133269,2.95548271888977e-10,4.00225048408987e-09
"ENSG00000125149.12","C16orf70"," protein_coding","chr16",1373.28925207666,-1.75499749731324,0.227714774280533,6.1852545767429e-16,2.02488990739634e-14
"ENSG00000088451.11","TGDS"," protein_coding","chr13",645.017910194414,-1.75268377925514,0.262434197033101,1.12193088470594e-12,2.27735573945635e-11
"ENSG00000172817.4","CYP7B1"," protein_coding","chr8",1464.61452022528,-1.75264054305671,0.389886797660491,2.85589979595103e-07,2.26738544224539e-06
"ENSG00000141664.10","ZCCHC2"," protein_coding","chr18",1341.14937837782,-1.75230442294806,0.226064356303455,4.36670532125624e-16,1.47081325075893e-14
"ENSG00000148834.13","GSTO1"," protein_coding","chr10",7967.45300102396,-1.75216365967522,0.297190840798936,1.65315144519588e-10,2.32053775288348e-09
"ENSG00000167705.12","RILP"," protein_coding","chr17",816.510665068787,-1.75063207144904,0.268467497639176,3.23952712731367e-12,6.09244144272163e-11
"ENSG00000171433.12","GLOD5"," protein_coding","chrX",97.9112082300132,-1.74501055131121,0.608184264763266,0.00012889009735999,0.00057875542639987
"ENSG00000230328.2","AL359893.1"," processed_pseudogene","chr9",92.2680622929704,-1.74386560647442,0.565883251062971,6.46048658691429e-09,6.95886016446466e-08
"ENSG00000004866.22","ST7"," protein_coding","chr7",1128.2626543275,-1.74376672508508,0.12205769147687,1.25841100496282e-47,2.62189932884003e-44
"ENSG00000198478.8","SH3BGRL2"," protein_coding","chr6",2500.09008564633,-1.74209389437427,0.293125810946275,1.26988123314621e-10,1.82199536102517e-09
"ENSG00000171497.5","PPID"," protein_coding","chr4",1643.36511104839,-1.74201035343772,0.221816402995633,1.94350002681722e-16,6.94729807380289e-15
"ENSG00000198865.10","CCDC152"," protein_coding","chr5",213.741108683037,-1.74007993695513,0.553421830963671,5.61116001437151e-05,0.00027507886799866
"ENSG00000111452.13","ADGRD1"," protein_coding","chr12",337.249141644598,-1.73776847896488,0.354246109874778,3.98385625910405e-08,3.73013066211507e-07
"ENSG00000259347.7","AC087482.1"," lncRNA","chr15",382.352005884118,-1.73730015258114,0.699558383503708,0.00035948784431739,0.00144017318100453
"ENSG00000100934.15","SEC23A"," protein_coding","chr14",2601.37132027964,-1.73609884480786,0.306061403152653,6.27754352844403e-10,8.03817678582897e-09
"ENSG00000164976.9","MYORG"," protein_coding","chr9",4108.31851447671,-1.73134957108654,0.409958021626872,9.52184254579242e-07,6.81576994400537e-06
"ENSG00000089057.15","SLC23A2"," protein_coding","chr20",2577.25012573501,-1.73007319636679,0.27569828203532,1.62752997522895e-11,2.7536787614532e-10
"ENSG00000286638.1","AC123595.2"," lncRNA","chr5",4.4775609442085,-1.72302593180947,0.929649369698322,0.00149454372256031,0.0050773754767484
"ENSG00000286585.1","AC104472.4"," lncRNA","chr3",30.3958684327437,-1.72275174624044,0.41635017484879,1.34976551773176e-06,9.36743049886221e-06
"ENSG00000287134.1","AC106845.1"," lncRNA","chr8",20.9215544969489,-1.72260017455394,0.270272621823723,9.49037934703835e-12,1.6546615372012e-10
"ENSG00000204128.6","C2orf72"," protein_coding","chr2",5721.85133654919,-1.72186748375106,0.519931787669412,3.19529504083976e-05,0.000165931210692994
"ENSG00000215908.10","CROCCP2"," transcribed_unprocessed_pseudogene","chr1",1253.68045770148,-1.72153513354989,0.230742692062773,4.12117668141229e-15,1.231666010452e-13
"ENSG00000112499.13","SLC22A2"," protein_coding","chr6",4.67862013559018,-1.71575538234881,0.813244878116186,0.000886957980540878,0.00321787031522349
"ENSG00000112992.18","NNT"," protein_coding","chr5",6561.91721807586,-1.71563306707884,0.401741429231821,7.69633929872445e-07,5.6306626788185e-06
"ENSG00000169762.17","TAPT1"," protein_coding","chr4",1836.17665735358,-1.7142832454042,0.19816318325785,2.49003654151566e-19,1.40759449378818e-17
"ENSG00000129244.9","ATP1B2"," protein_coding","chr17",201.754173119273,-1.71364215494392,0.521682698181251,3.5478259486418e-05,0.000182355127922348
"ENSG00000257702.3","LBX2-AS1"," lncRNA","chr2",867.120527467885,-1.71047662416269,0.215061404431919,9.50585406067939e-17,3.57775815607686e-15
"ENSG00000154814.14","OXNAD1"," protein_coding","chr3",581.657804330046,-1.70741860395664,0.212550596464278,4.80189398433442e-17,1.90566592692586e-15
"ENSG00000143869.7","GDF7"," protein_coding","chr2",311.626433476121,-1.70687513153642,0.383242772247565,3.46763410316812e-07,2.70086566502833e-06
"ENSG00000156049.7","GNA14"," protein_coding","chr9",190.943595800456,-1.70457046715223,0.42660305233142,2.5211564539201e-06,1.65146221882765e-05
"ENSG00000109618.12","SEPSECS"," protein_coding","chr4",1780.8936839086,-1.70289205489996,0.328491661667015,9.14278293892981e-09,9.62764749262251e-08
"ENSG00000139289.13","PHLDA1"," protein_coding","chr12",5837.34399790818,-1.70184335726302,0.532852863623225,4.71747792316587e-05,0.000235946696743528
"ENSG00000176209.12","SMIM19"," protein_coding","chr8",1407.29241197405,-1.69930757359787,0.330438057050634,1.16653311530782e-08,1.20362944607052e-07
"ENSG00000177692.12","DNAJC28"," protein_coding","chr21",67.2684843168068,-1.69891937339456,0.298142195390354,5.26985149189386e-10,6.81971154246017e-09
"ENSG00000213066.13","CEP43"," protein_coding","chr6",582.650389822393,-1.69674263783736,0.214583833290027,1.25052939335145e-16,4.62902181150614e-15
"ENSG00000109084.14","TMEM97"," protein_coding","chr17",3217.22235496932,-1.69625254024973,0.548705633679491,6.62325412192074e-05,0.000318748885468249
"ENSG00000283175.1","AC007920.2"," lncRNA","chr3",34.2400363252209,-1.69535049742012,0.575768443478935,0.000102191292740858,0.000471573772814127
"ENSG00000196169.15","KIF19"," protein_coding","chr17",40.749714081156,-1.69526735171718,0.51432310920957,3.43378604665877e-05,0.000177149107171895
"ENSG00000117528.14","ABCD3"," protein_coding","chr1",5073.99209594434,-1.69494161883131,0.281549054292416,7.88208094028093e-11,1.16588447741914e-09
"ENSG00000232075.1","MRPL35P2"," processed_pseudogene","chr10",5.16570548738969,-1.69390161355723,0.724514108320064,0.000540440310667804,0.00206796581685284
"ENSG00000128590.5","DNAJB9"," protein_coding","chr7",2794.59634446421,-1.68780519279788,0.310231643207409,2.33578284316341e-09,2.69938390460513e-08
"ENSG00000106733.21","NMRK1"," protein_coding","chr9",1286.68664363379,-1.68641680137699,0.198722285657466,1.03427283179717e-18,5.35856203031822e-17
"ENSG00000250510.8","GPR162"," protein_coding","chr12",159.444480907529,-1.68579340308209,0.423873052261164,2.70599743270111e-06,1.75950154067005e-05
"ENSG00000146938.16","NLGN4X"," protein_coding","chrX",64.4318034746661,-1.68478324339892,0.257702591533151,2.7794108723345e-12,5.27473231848569e-11
"ENSG00000182199.11","SHMT2"," protein_coding","chr12",7558.680958549,-1.6841114085458,0.240051550713745,1.10724264745416e-13,2.64730826095003e-12
"ENSG00000173041.12","ZNF680"," protein_coding","chr7",506.533242805485,-1.68244222957776,0.237873639516713,7.08017428842125e-14,1.73986186873597e-12
"ENSG00000280071.4","GATD3B"," protein_coding","chr21",81.7425477866509,-1.68003072795944,0.56132220076714,9.01270977111673e-05,0.000420896143633852
"ENSG00000197568.14","HHLA3"," lncRNA","chr1",262.07251151809,-1.67781845215205,0.304557158742964,1.56745138102222e-09,1.87151000135232e-08
"ENSG00000115604.11","IL18R1"," protein_coding","chr2",354.310404031195,-1.67417399695748,0.314744547156537,4.5865407709763e-09,5.05420505283747e-08
"ENSG00000175198.17","PCCA"," protein_coding","chr13",2160.23919408744,-1.67245970940027,0.276773942367907,6.86455669811777e-11,1.03212502230617e-09
"ENSG00000042445.14","RETSAT"," protein_coding","chr2",6836.68431378014,-1.66908529195261,0.292648144270153,4.72290366478878e-10,6.16386474264983e-09
"ENSG00000165424.7","ZCCHC24"," protein_coding","chr10",1590.3911378433,-1.66696999122331,0.360502768698392,1.53802913175317e-07,1.29159766875524e-06
"ENSG00000272583.1","AL592494.2"," lncRNA","chr1",39.1465981765114,-1.66413007612685,0.635907746891,0.000261663687797115,0.00108662700873492
"ENSG00000223797.6","ENTPD3-AS1"," lncRNA","chr3",185.955379057839,-1.66256577917495,0.317259734949949,6.88756515183393e-09,7.39430945579108e-08
"ENSG00000273061.1","CDC37L1-DT"," lncRNA","chr9",42.7667973738978,-1.66223294825592,0.364784327347625,2.05579838131971e-07,1.682164414406e-06
"ENSG00000162972.10","MAIP1"," protein_coding","chr2",896.710195354124,-1.66074654192251,0.203863769377471,1.75300909330973e-17,7.46474777266444e-16
"ENSG00000264920.2","AC018521.5"," lncRNA","chr17",143.508805276913,-1.65886654150062,0.294806231095155,8.09752284502375e-10,1.01677418797459e-08
"ENSG00000257526.2","AC107032.2"," lncRNA","chr12",6.63783919665059,-1.65522313066571,0.407070748852458,1.78516064157414e-06,1.20983621640511e-05
"ENSG00000182512.5","GLRX5"," protein_coding","chr14",2242.79274607266,-1.65472426021878,0.210831233618338,1.98422306102125e-16,7.05529431924817e-15
"ENSG00000139644.13","TMBIM6"," protein_coding","chr12",63752.3844839285,-1.65314804788736,0.170133545828801,1.02885883063345e-23,1.13248238606592e-21
"ENSG00000186106.11","ANKRD46"," protein_coding","chr8",1103.42450794225,-1.65190423733049,0.301137275485344,1.80408147297512e-09,2.12877234972537e-08
"ENSG00000170456.16","DENND5B"," protein_coding","chr12",994.649461396524,-1.64999023816847,0.263220382188025,1.69361344248575e-11,2.85060649185613e-10
"ENSG00000286602.1","AC021660.4"," lncRNA","chr3",4.96987645364987,-1.64053848860674,0.630943179250956,0.00029842098488049,0.00121982086714953
"ENSG00000221963.6","APOL6"," protein_coding","chr22",4611.85814771714,-1.6372504693531,0.261021462571883,1.62265286993186e-11,2.74702040412319e-10
"ENSG00000142655.13","PEX14"," protein_coding","chr1",1086.35171950757,-1.63689602777774,0.220217936336587,5.0040822237058e-15,1.48186877546472e-13
"ENSG00000134864.10","GGACT"," protein_coding","chr13",383.577478499197,-1.63662327768016,0.447586649116619,9.51276890624385e-06,5.55733939968409e-05
"ENSG00000158109.15","TPRG1L"," protein_coding","chr1",3558.21675925454,-1.63642841699377,0.203044716091126,3.5996291022545e-17,1.47055435971515e-15
"ENSG00000285825.2","CCDC15-DT"," lncRNA","chr11",26.4249311093893,-1.63599206916248,0.407685844480627,2.30663566779502e-06,1.52222298176274e-05
"ENSG00000063127.16","SLC6A16"," protein_coding","chr19",185.945102652422,-1.63485782235326,0.361737326581266,2.52987095507477e-07,2.03456867627725e-06
"ENSG00000197312.12","DDI2"," protein_coding","chr1",2051.52613794457,-1.63407026606814,0.272719642863707,8.38822925240344e-11,1.23698816513325e-09
"ENSG00000197043.14","ANXA6"," protein_coding","chr5",7346.41512901986,-1.63268039361469,0.436213308113545,6.81595338724322e-06,4.09336101199295e-05
"ENSG00000117592.9","PRDX6"," protein_coding","chr1",17209.8552187065,-1.6313554730599,0.215466168271596,1.56316893780476e-15,4.8922826981574e-14
"ENSG00000198624.13","CCDC69"," protein_coding","chr5",1198.46539368467,-1.63075218409328,0.449236087857944,1.0461205694066e-05,6.04363059794436e-05
"ENSG00000108479.12","GALK1"," protein_coding","chr17",2885.01975572617,-1.63063115749721,0.465819827740204,1.68709204614087e-05,9.31316954842602e-05
"ENSG00000136160.17","EDNRB"," protein_coding","chr13",1578.51349357656,-1.63022493159528,0.412609217341757,3.01332675259365e-06,1.94373569319779e-05
"ENSG00000167799.10","NUDT8"," protein_coding","chr11",511.969554488946,-1.62748377965567,0.288535738588881,7.53956270783911e-10,9.50806332144225e-09
"ENSG00000131844.16","MCCC2"," protein_coding","chr5",5835.42498797146,-1.62550387028208,0.312344446447424,8.42574321554793e-09,8.92412868025845e-08
"ENSG00000074964.17","ARHGEF10L"," protein_coding","chr1",3960.04671664125,-1.62288370969722,0.196190844977958,6.36083928617724e-18,2.91270519840665e-16
"ENSG00000278376.1","AP004609.3"," lncRNA","chr11",67.5275275853357,-1.6205375816616,0.286910574060355,6.74648044621389e-10,8.57090976200404e-09
"ENSG00000124523.16","SIRT5"," protein_coding","chr6",1312.0838718868,-1.6190185881599,0.161850861814369,7.32946018194036e-25,9.67389249081531e-23
"ENSG00000168675.19","LDLRAD4"," protein_coding","chr18",967.33663522888,-1.6163833474476,0.342069385116703,9.63391279861862e-08,8.38840604247482e-07
"ENSG00000102048.16","ASB9"," protein_coding","chrX",323.314232877805,-1.61248114285634,0.425328569453509,5.71819800342984e-06,3.47705060583792e-05
"ENSG00000102897.10","LYRM1"," protein_coding","chr16",1696.5338098493,-1.61062424881238,0.284923419360325,6.99702567402149e-10,8.86604004715607e-09
"ENSG00000262558.1","AC129507.3"," lncRNA","chr17",29.8105301528831,-1.60713417665628,0.520619622829706,6.99048092485795e-05,0.000334929924601153
"ENSG00000112530.11","PACRG"," protein_coding","chr6",72.3206406695723,-1.60389943715653,0.429735520012233,7.20502164838237e-06,4.30148040354067e-05
"ENSG00000063241.8","ISOC2"," protein_coding","chr19",4021.60171089085,-1.6033889313467,0.227350527672609,7.77849559864426e-17,2.97366891372024e-15
"ENSG00000161813.22","LARP4"," protein_coding","chr12",3010.19831131774,-1.60237754467214,0.232346985384026,2.61688589216254e-13,5.9034759929226e-12
"ENSG00000116133.13","DHCR24"," protein_coding","chr1",39019.1376260774,-1.60093706426492,0.37105388221661,6.28345575972904e-07,4.67556431264124e-06
"ENSG00000228794.10","LINC01128"," lncRNA","chr1",415.978355138598,-1.59776796685766,0.279059964515483,4.60698001618394e-10,6.03417153534213e-09
"ENSG00000176595.4","KBTBD11"," protein_coding","chr8",770.555038874534,-1.59698604490083,0.420398366586963,5.48635260984194e-06,3.34863819369072e-05
"ENSG00000269952.1","AL117336.1"," lncRNA","chr10",11.755629931434,-1.59416133752885,0.335518921447964,8.58335677841608e-08,7.54347495840972e-07
"ENSG00000108950.12","FAM20A"," protein_coding","chr17",2241.24094564151,-1.59373883875668,0.485800300593919,2.72843611509638e-07,2.17638061330045e-06
"ENSG00000120137.7","PANK3"," protein_coding","chr5",3269.50071592468,-1.59302044291488,0.258677446023397,2.84602964381593e-11,4.57135675553232e-10
"ENSG00000130312.7","MRPL34"," protein_coding","chr19",2481.84096304515,-1.59165822415876,0.222984364685794,4.37822814372431e-14,1.1173100325835e-12
"ENSG00000164494.12","PDSS2"," protein_coding","chr6",1160.94703488523,-1.59159903547332,0.274055062792724,2.87192625855595e-10,3.89655607888023e-09
"ENSG00000240291.1","AL450384.2"," lncRNA","chr10",142.41031681583,-1.5898227781856,0.361012873584743,4.30574281992929e-07,3.29816734019216e-06
"ENSG00000006831.10","ADIPOR2"," protein_coding","chr12",5627.95751618562,-1.58946582152078,0.242177540078961,2.2235675028144e-12,4.28963230751277e-11
"ENSG00000137513.10","NARS2"," protein_coding","chr11",624.300437670221,-1.58830313844412,0.181625663461386,1.09378836807579e-19,6.51116589967404e-18
"ENSG00000206535.8","LNP1"," protein_coding","chr3",164.55536890992,-1.5818585777395,0.341940587125081,1.52045279598887e-07,1.2777322848228e-06
"ENSG00000162599.17","NFIA"," protein_coding","chr1",3149.87602884233,-1.58173131033387,0.275270887523562,4.05587561824492e-10,5.36048191701795e-09
"ENSG00000120738.8","EGR1"," protein_coding","chr5",13671.2640407776,-1.58120958203012,0.512388679358551,6.74091733381384e-05,0.000324037273747554
"ENSG00000091317.8","CMTM6"," protein_coding","chr3",4299.05523424654,-1.57994345944915,0.283773407981211,8.69963544207452e-10,1.08490665331283e-08
"ENSG00000164300.17","SERINC5"," protein_coding","chr5",3463.80460057663,-1.57942631594075,0.260547369481763,6.02853933790462e-11,9.15390233978864e-10
"ENSG00000153086.14","ACMSD"," protein_coding","chr2",2558.51254745793,-1.57937306672073,0.824683342222087,0.00119039935828262,0.00416389961407191
"ENSG00000229344.1","MTCO2P12"," unprocessed_pseudogene","chr1",65.8682967921952,-1.57831906571805,0.370798837371531,8.31326086174252e-07,6.03357815566478e-06
"ENSG00000222019.7","URAHP"," transcribed_unprocessed_pseudogene","chr16",69.3859836106147,-1.57819834636117,0.37765501854498,1.15464913311793e-06,8.10198714551764e-06
"ENSG00000263823.1","AC009831.1"," lncRNA","chr18",29.8395041299165,-1.57651361520488,0.324170221192871,4.68520716036327e-08,4.31930491974198e-07
"ENSG00000104823.9","ECH1"," protein_coding","chr19",8369.36776842341,-1.57498439859204,0.321994171192213,4.11726417423092e-08,3.84308731834053e-07
"ENSG00000162927.14","PUS10"," protein_coding","chr2",527.061707673067,-1.57422643698913,0.215598629549635,1.35241741828291e-14,3.76418546506624e-13
"ENSG00000166780.11","BMERB1"," protein_coding","chr16",698.264233602228,-1.57269014935618,0.398757517941005,3.10781430697251e-07,2.44147146566338e-06
"ENSG00000134802.18","SLC43A3"," protein_coding","chr11",1617.57300549568,-1.5703484842307,0.263516191666511,1.1453102493565e-10,1.65712076703769e-09
"ENSG00000198252.12","STYX"," protein_coding","chr14",1307.27187320414,-1.57032072390869,0.230370873763923,4.40153529567549e-13,9.51025059552283e-12
"ENSG00000162735.19","PEX19"," protein_coding","chr1",2992.52367892766,-1.57029208852838,0.166671546706764,2.12445656336018e-22,1.87782646959555e-20
"ENSG00000197448.14","GSTK1"," protein_coding","chr7",8480.11296966198,-1.56909608717105,0.137174904142185,1.29050090104339e-31,4.18251342028164e-29
"ENSG00000116138.13","DNAJC16"," protein_coding","chr1",1151.54562290354,-1.56852179005765,0.155329515781439,2.76418744801602e-25,3.91400891607666e-23
"ENSG00000225850.3","AL355490.1"," lncRNA","chr10",4.18880876467738,-1.56650307213748,0.593566593443928,0.000244646905345423,0.00102387664573677
"ENSG00000165688.12","PMPCA"," protein_coding","chr9",3746.63226063622,-1.56627330622403,0.283307475807831,1.42152302142767e-09,1.70705660815248e-08
"ENSG00000178425.14","NT5DC1"," protein_coding","chr6",1546.56631443969,-1.56612723221059,0.28314925460752,1.40710263042519e-09,1.69043561066195e-08
"ENSG00000224051.7","CPTP"," protein_coding","chr1",2329.58652894646,-1.56585538437237,0.299160779098131,7.1836444902408e-09,7.67544784380344e-08
"ENSG00000205726.15","ITSN1"," protein_coding","chr21",1605.13999379359,-1.56552409649666,0.245103349356122,7.80022215302168e-12,1.37726803862887e-10
"ENSG00000149547.15","EI24"," protein_coding","chr11",7501.70163285065,-1.56548156700979,0.2119735100658,4.8904404610419e-15,1.45116233782433e-13
"ENSG00000254550.1","OMP"," protein_coding","chr11",5.24723302282582,-1.56452735743407,0.690915785134452,0.000649788923357243,0.00243245548067344
"ENSG00000260668.1","AC093536.1"," processed_pseudogene","chr16",13.1382279066157,-1.56361004224356,0.385062730429947,1.96211535774248e-06,1.31691078854096e-05
"ENSG00000105676.14","ARMC6"," protein_coding","chr19",2158.99683553812,-1.56120634303112,0.263229371530821,1.34864462409731e-10,1.93025589010277e-09
"ENSG00000113615.13","SEC24A"," protein_coding","chr5",2054.06593325592,-1.55833735332084,0.278632542962069,9.87308011360215e-10,1.2171930424077e-08
"ENSG00000182919.15","C11orf54"," protein_coding","chr11",2888.47848053975,-1.55805665917292,0.404924110571967,9.46495382454992e-08,8.24621380251783e-07
"ENSG00000128641.19","MYO1B"," protein_coding","chr2",13094.0179842424,-1.55633093305382,0.264186765679178,1.50536653260365e-10,2.12639401402013e-09
"ENSG00000153904.21","DDAH1"," protein_coding","chr1",5268.36923351595,-1.55588136874763,0.263297890019907,1.20380493179028e-10,1.73401412619214e-09
"ENSG00000107104.20","KANK1"," protein_coding","chr9",3608.9481326324,-1.55504232339681,0.331129472167074,1.10870192771188e-07,9.51562594823498e-07
"ENSG00000182511.12","FES"," protein_coding","chr15",1144.5981959221,-1.55471927611356,0.275086782642429,7.06628098328961e-10,8.93438881671325e-09
"ENSG00000170315.14","UBB"," protein_coding","chr17",7916.98834929482,-1.55355603220626,0.200565654487381,4.55106507597957e-16,1.52061875373709e-14
"ENSG00000117228.10","GBP1"," protein_coding","chr1",1884.6463880909,-1.55007031695373,0.287294176566746,3.19085360062297e-07,2.50131708348754e-06
"ENSG00000175866.15","BAIAP2"," protein_coding","chr17",1893.14629771672,-1.54914566337704,0.345715566132039,3.06146176015407e-07,2.40935304993186e-06
"ENSG00000163738.18","MTHFD2L"," protein_coding","chr4",568.20163212152,-1.54905066690279,0.369631650197927,1.15080876134281e-06,8.08087163206751e-06
"ENSG00000231752.6","EMBP1"," transcribed_unprocessed_pseudogene","chr1",160.130617385983,-1.54896927641888,0.659132639399026,0.000502217370655147,0.00194003158318633
"ENSG00000114790.13","ARHGEF26"," protein_coding","chr3",1404.43392555149,-1.54827817247766,0.537654737409751,0.000125906873118457,0.00056754405532256
"ENSG00000106617.15","PRKAG2"," protein_coding","chr7",1261.77714964187,-1.54606361609279,0.206916235210485,3.74063434597224e-15,1.12717524005851e-13
"ENSG00000143369.15","ECM1"," protein_coding","chr1",1822.20203015893,-1.54553519045528,0.356904432959198,5.91944073801828e-07,4.42501709090864e-06
"ENSG00000188266.14","HYKK"," protein_coding","chr15",137.962945790749,-1.54345287685058,0.235009043746659,6.51320553232038e-06,3.92934213386253e-05
"ENSG00000147592.9","LACTB2"," protein_coding","chr8",750.398272752732,-1.54214513781472,0.287688861070071,3.61334481335124e-09,4.05064007919456e-08
"ENSG00000047634.15","SCML1"," protein_coding","chrX",941.767496196585,-1.54101115453671,0.247014460518006,2.02372103567425e-11,3.36151579172131e-10
"ENSG00000175556.17","LONRF3"," protein_coding","chrX",305.215679779013,-1.53856117395688,0.609962983254068,0.000332504075138816,0.00134332567420002
"ENSG00000240401.9","AC012358.2"," lncRNA","chr2",26.7557884735507,-1.53825796761469,0.329196409491993,1.28595517604654e-07,1.0923129449651e-06
"ENSG00000184470.21","TXNRD2"," protein_coding","chr22",2212.07400082357,-1.53740218827723,0.244152733073178,5.68131336036203e-14,1.42492028726053e-12
"ENSG00000153561.13","RMND5A"," protein_coding","chr2",3654.11484552026,-1.53634149880678,0.277581720812351,1.8480288636563e-09,2.17695872596272e-08
"ENSG00000072694.21","FCGR2B"," protein_coding","chr1",373.450317783368,-1.53630515945364,0.403501665489856,5.33628186489638e-06,3.26729650959619e-05
"ENSG00000250012.2","AC079848.1"," lncRNA","chr3",51.5683504337123,-1.53589603137454,0.357462472934601,7.138548081735e-07,5.25686213067731e-06
"ENSG00000232310.8","AL078590.2"," lncRNA","chr6",32.8420423681582,-1.53541228096734,0.422512850666299,1.01624225355147e-05,5.89085260211505e-05
"ENSG00000258813.2","AL442663.3"," lncRNA","chr14",6.25061405592623,-1.5350166061446,0.456140782397485,2.71499541700403e-05,0.000143207416489314
"ENSG00000143507.18","DUSP10"," protein_coding","chr1",1657.09887526111,-1.53375937434601,0.288502915704109,4.73836610940278e-09,5.20577781714387e-08
"ENSG00000240225.10","ZNF542P"," transcribed_unprocessed_pseudogene","chr19",530.011617413193,-1.53178572219983,0.538804466290457,0.000140481845476606,0.000625128138933197
"ENSG00000166797.11","CIAO2A"," protein_coding","chr15",2789.5934876759,-1.52894447914843,0.226273545011955,6.64547539342089e-13,1.39756216114415e-11
"ENSG00000171100.15","MTM1"," protein_coding","chrX",674.659453520816,-1.52892223677077,0.248735099914775,3.61614278007616e-11,5.70466569778483e-10
"ENSG00000132613.15","MTSS2"," protein_coding","chr16",631.018910596595,-1.52717851020646,0.292364222321917,7.65315693219056e-09,8.15619052082815e-08
"ENSG00000110756.18","HPS5"," protein_coding","chr11",1361.76830525535,-1.52046930914488,0.316329398078295,6.51260048331066e-08,5.8379238935983e-07
"ENSG00000187566.6","NHLRC1"," protein_coding","chr6",144.119290463468,-1.51873220246034,0.430772886675372,1.55626579264351e-05,8.66146096272059e-05
"ENSG00000109919.10","MTCH2"," protein_coding","chr11",4934.85908067356,-1.51712821267338,0.258903620283215,2.45510717798617e-10,3.36979240666856e-09
"ENSG00000156011.17","PSD3"," protein_coding","chr8",1582.7469257302,-1.51705130484308,0.386290652551175,3.31229369353159e-06,2.11970809009704e-05
"ENSG00000164117.14","FBXO8"," protein_coding","chr4",1006.93467626341,-1.5167223150502,0.284890667419416,4.43701396974247e-09,4.90053996529414e-08
"ENSG00000166323.13","C11orf65"," protein_coding","chr11",29.2360072714334,-1.5163710116581,0.29695751558317,1.46012879712621e-08,1.47935036065906e-07
"ENSG00000106526.10","ACTR3C"," protein_coding","chr7",251.205578769483,-1.51468103957017,0.382976661492716,2.96253637294175e-06,1.91393628930981e-05
"ENSG00000280088.1","AC126474.2"," TEC","chr12",385.022825326104,-1.51462241084931,0.139019763995395,6.12109501815071e-29,1.38407922933673e-26
"ENSG00000174010.9","KLHL15"," protein_coding","chrX",698.790633238073,-1.51410531169386,0.381800184555089,2.83945026814387e-06,1.8376730612711e-05
"ENSG00000161558.11","TMEM143"," protein_coding","chr19",435.581122256815,-1.50970023932052,0.187591857342836,4.03689905162917e-17,1.63091839940404e-15
"ENSG00000089486.17","CDIP1"," protein_coding","chr16",1343.6847974985,-1.50839740329255,0.251742652874489,9.36655062606033e-11,1.37223965450303e-09
"ENSG00000174080.12","CTSF"," protein_coding","chr11",3680.6378414232,-1.50774393177792,0.323908528631984,1.35540598992921e-07,1.14829617543553e-06
"ENSG00000286813.1","AC015871.6"," lncRNA","chr15",14.6360524290573,-1.50626100811562,0.391038091142014,4.52636450902584e-06,2.81512849389712e-05
"ENSG00000103047.8","TANGO6"," protein_coding","chr16",804.531331813385,-1.50506260392316,0.305554641059168,3.59170578487032e-08,3.39599565766232e-07
"ENSG00000010318.21","PHF7"," protein_coding","chr3",134.765751379509,-1.50388204328786,0.253389772050059,1.34675139781664e-10,1.92849246553331e-09
"ENSG00000287865.1","AC099552.5"," lncRNA","chr7",34.3711469984419,-1.50083520245748,0.719123533362862,0.000900039232965604,0.00325803479602553
"ENSG00000242732.4","RTL5"," protein_coding","chrX",326.789002334632,-1.49780489546444,0.422831564348245,1.44887297445947e-05,8.10707381392832e-05
"ENSG00000221869.5","CEBPD"," protein_coding","chr8",5964.39492287243,-1.49621085257489,0.413443688664994,1.07942355537218e-05,6.21510179365397e-05
"ENSG00000283828.1","AL137002.2"," lncRNA","chr13",70.9354080982681,-1.49440359502744,0.639719153256738,0.000528176493795784,0.00202822276823713
"ENSG00000249242.8","TMEM150C"," protein_coding","chr4",648.699427303063,-1.49429823600427,0.3195612848752,1.20524007533241e-07,1.0289138292471e-06
"ENSG00000205544.4","TMEM256"," protein_coding","chr17",335.87456053058,-1.49407671122941,0.356686022761147,1.10710709168598e-06,7.8116126650673e-06
"ENSG00000147642.17","SYBU"," protein_coding","chr8",2440.78434753707,-1.49358851181876,0.482527241358545,6.62488089415817e-05,0.000318774580669251
"ENSG00000267064.2","UXT-AS1"," lncRNA","chrX",38.8203494768077,-1.49293265605321,0.258755647983853,3.66901584147615e-10,4.88526599436969e-09
"ENSG00000117114.20","ADGRL2"," protein_coding","chr1",2137.80079609912,-1.49109790311261,0.314033625297615,8.6033372991692e-08,7.55875739998392e-07
"ENSG00000256043.4","CTSO"," protein_coding","chr4",3162.56758951586,-1.48957437496394,0.163176800833203,3.35846570982975e-21,2.4613840776388e-19
"ENSG00000109466.14","KLHL2"," protein_coding","chr4",1016.74838796907,-1.48919999423589,0.29885904777541,2.67747691216651e-08,2.59466192860415e-07
"ENSG00000261390.6","MAFTRR"," lncRNA","chr16",18.7738241216258,-1.48857174253963,0.490592045927521,8.43645075446556e-05,0.00039646017731111
"ENSG00000025434.19","NR1H3"," protein_coding","chr11",2122.448029974,-1.48639824234957,0.285959610949547,8.68652032358818e-09,9.1736825242123e-08
"ENSG00000198944.6","SOWAHA"," protein_coding","chr5",134.752435446425,-1.4856786965224,0.488585881701567,7.87202883151453e-05,0.000372818978708309
"ENSG00000256433.3","AC005840.2"," lncRNA","chr12",60.4013557256159,-1.48520615641674,0.347271511419501,7.44927506530491e-07,5.46361338646917e-06
"ENSG00000008226.20","DLEC1"," protein_coding","chr3",49.0847496660662,-1.48306813952382,0.288388763873745,1.18887672871372e-08,1.22538322614313e-07
"ENSG00000154305.18","MIA3"," protein_coding","chr1",3653.68546772801,-1.48251662504307,0.17153098909869,2.70928934531793e-19,1.51393220140956e-17
"ENSG00000250479.9","CHCHD10"," protein_coding","chr22",3147.18091916796,-1.4817967694786,0.421583112164946,1.59041538039992e-05,8.82290342922885e-05
"ENSG00000183908.7","LRRC55"," protein_coding","chr11",71.3864469283566,-1.47964653417724,0.751368926137266,0.00110898331116643,0.00391526678811592
"ENSG00000123728.10","RAP2C"," protein_coding","chrX",1774.8875937953,-1.47801374136634,0.237562893223548,2.23426259030173e-11,3.66130367957929e-10
"ENSG00000224080.1","UBE2FP1"," processed_pseudogene","chr3",28.5779509659651,-1.47645059075623,0.44210058565693,2.89517789023739e-05,0.000151696504185979
"ENSG00000122223.13","CD244"," protein_coding","chr1",70.7638628964687,-1.47457420380204,0.489383759488258,8.46591876693855e-05,0.000397588769139962
"ENSG00000136463.8","TACO1"," protein_coding","chr17",1544.20466375592,-1.47363889776655,0.230185271273757,7.014159710069e-12,1.25019530298058e-10
"ENSG00000162772.17","ATF3"," protein_coding","chr1",2582.29136509141,-1.47304676454912,0.561860474894578,0.000258764715051211,0.0010764272637377
"ENSG00000062524.16","LTK"," protein_coding","chr15",142.323467054167,-1.46958101575386,0.399396781121775,8.71239233560162e-06,5.12982987559878e-05
"ENSG00000108389.9","MTMR4"," protein_coding","chr17",2330.94030137587,-1.4694365572056,0.239999521742673,4.17669849969761e-11,6.50107356124224e-10
"ENSG00000184979.10","USP18"," protein_coding","chr22",242.633514633949,-1.46899600860618,0.335686388767204,4.95417940290897e-07,3.74957080963809e-06
"ENSG00000102763.18","VWA8"," protein_coding","chr13",1581.53222420344,-1.46710962673056,0.290434957453786,1.67812074508639e-08,1.68094450595553e-07
"ENSG00000154719.14","MRPL39"," protein_coding","chr21",734.948068045572,-1.46509318738924,0.195396477565376,3.05273808357194e-15,9.2755538708031e-14
"ENSG00000163053.11","SLC16A14"," protein_coding","chr2",155.95137303657,-1.46412632465433,0.556327751712165,0.000252860458935958,0.00105306777936935
"ENSG00000128185.10","DGCR6L"," protein_coding","chr22",2344.76471079878,-1.46410445747229,0.242628638523915,7.07709630820488e-11,1.05936890458539e-09
"ENSG00000129535.13","NRL"," protein_coding","chr14",93.6574608140297,-1.4629878303529,0.237595365159508,3.23864153328033e-11,5.1650046410199e-10
"ENSG00000280054.1","AC004241.5"," TEC","chr12",12.5601348993976,-1.46247123178384,0.366020901109552,2.59864103832179e-06,1.69878441162726e-05
"ENSG00000135093.13","USP30"," protein_coding","chr12",826.871281982808,-1.45941297823109,0.26664547311978,1.96680625438714e-09,2.29754792287619e-08
"ENSG00000109445.11","ZNF330"," protein_coding","chr4",1232.33725494134,-1.45891057069911,0.198365140418978,9.06575641422142e-15,2.60018730429129e-13
"ENSG00000142484.7","TM4SF5"," protein_coding","chr17",2508.65915971211,-1.45821746737591,0.794703081250359,0.00138297269875672,0.00474141168900267
"ENSG00000286923.1","AC004522.5"," lncRNA","chr7",26.1517181652002,-1.45774943865205,0.622977903541566,0.000511557673027203,0.00197245548771057
"ENSG00000147586.10","MRPS28"," protein_coding","chr8",204.563423521172,-1.45756886408685,0.282467332123871,1.08196984767335e-08,1.12273135847684e-07
"ENSG00000175984.15","DENND2C"," protein_coding","chr1",254.607603132131,-1.45725684988363,0.569137134452452,0.000304378246991842,0.00124104124776419
"ENSG00000139318.8","DUSP6"," protein_coding","chr12",5133.22434572543,-1.45687706053092,0.471513990952919,6.61894706141914e-05,0.000318594169693952
"ENSG00000118004.18","COLEC11"," protein_coding","chr2",2415.93855284876,-1.4558394312059,0.391288041622248,7.42248112995822e-06,4.42118979585094e-05
"ENSG00000127838.14","PNKD"," protein_coding","chr2",4417.82590750869,-1.4550514278907,0.300390496370929,5.38176518416669e-08,4.91178687912886e-07
"ENSG00000072954.7","TMEM38A"," protein_coding","chr19",316.759085050435,-1.45452541305529,0.330803094515601,4.48193253314439e-07,3.42323880752262e-06
"ENSG00000131943.18","C19orf12"," protein_coding","chr19",1709.13764770518,-1.45368765180946,0.208755099040757,1.54692458394195e-13,3.59826500709751e-12
"ENSG00000148943.12","LIN7C"," protein_coding","chr11",1626.9392166846,-1.45113237606436,0.132700357487504,3.90706315052066e-29,9.04485119345533e-27
"ENSG00000100528.12","CNIH1"," protein_coding","chr14",3973.88703153895,-1.45040910281843,0.288757270301349,2.17050359962342e-08,2.12954656903516e-07
"ENSG00000138802.11","SEC24B"," protein_coding","chr4",2239.90908775213,-1.44890113807423,0.208503642342366,1.66361916029328e-13,3.85433735397893e-12
"ENSG00000166922.8","SCG5"," protein_coding","chr15",279.980332677381,-1.44780741644611,0.571881827183315,0.000325954702742736,0.00131979077239074
"ENSG00000183287.14","CCBE1"," protein_coding","chr18",255.072759029451,-1.446984942222,0.551742059405276,1.36100429844273e-06,9.43644744028429e-06
"ENSG00000241316.8","SUCLG2-AS1"," lncRNA","chr3",141.652913613438,-1.44574136600747,0.428029496080599,2.6250154794215e-05,0.000138913418939125
"ENSG00000168303.9","MPLKIP"," protein_coding","chr7",1468.45872456615,-1.4456038000419,0.22353798658187,4.75901778289191e-12,8.66515541255769e-11
"ENSG00000169629.12","RGPD8"," protein_coding","chr2",44.4338348728568,-1.44409460648348,0.367830893510327,3.46041171610705e-06,2.20482196040032e-05
"ENSG00000099957.16","P2RX6"," protein_coding","chr22",17.2227243312824,-1.44385520553126,0.520673038957906,0.00017369973264831,0.00075610319379474
"ENSG00000034152.19","MAP2K3"," protein_coding","chr17",3035.17913893205,-1.44300254113163,0.197424965949378,6.79483460555453e-07,5.02277066927066e-06
"ENSG00000275198.1","AL512791.2"," lncRNA","chr14",21.6562875624407,-1.4421885128022,0.345174389895868,1.22001529695877e-06,8.52170167552449e-06
"ENSG00000266412.5","NCOA4"," protein_coding","chr10",10599.4238256845,-1.44057734103125,0.247610465268062,2.26975719864866e-10,3.12737589642809e-09
"ENSG00000151093.8","OXSM"," protein_coding","chr3",470.015511952991,-1.44033120672902,0.222205207158504,4.17920299198582e-12,7.72516933290459e-11
"ENSG00000256967.1","AC018653.3"," lncRNA","chr12",67.4442811908919,-1.43917010854638,0.385360504789782,7.20313423409192e-06,4.30148040354067e-05
"ENSG00000246090.7","AP002026.1"," lncRNA","chr4",75.9479439961967,-1.43656105400544,0.71539302305911,0.00104114530737451,0.0036976948095467
"ENSG00000106333.13","PCOLCE"," protein_coding","chr7",2146.19471867404,-1.43560493311685,0.468452378301723,7.26309490473094e-05,0.000346501575325553
"ENSG00000117500.13","TMED5"," protein_coding","chr1",4070.6161168873,-1.43276377399998,0.281402604048268,1.21734427935845e-08,1.25339623313119e-07
"ENSG00000285955.1","BX842242.1"," lncRNA","chr10",3.254289072345,-1.43269405643287,0.625752910849264,0.000633108839735003,0.00237733673355179
"ENSG00000066855.16","MTFR1"," protein_coding","chr8",1130.49178768256,-1.43038423012147,0.178372785887586,5.00410274426113e-17,1.97516472188569e-15
"ENSG00000154274.15","C4orf19"," protein_coding","chr4",1038.22421657514,-1.42920597302679,0.333948511069575,7.56073487689518e-07,5.53839968920531e-06
"ENSG00000155330.10","C16orf87"," protein_coding","chr16",554.330676599301,-1.42862801157937,0.246531188873049,3.06985210843247e-10,4.14366108981336e-09
"ENSG00000005469.12","CROT"," protein_coding","chr7",1283.47682948865,-1.42845257264924,0.289135260746495,3.32547087110526e-08,3.16685144757653e-07
"ENSG00000286760.1","AL022069.3"," lncRNA","chr6",67.8886899260548,-1.42753413801182,0.316868951189457,2.73317200330896e-07,2.17943942494585e-06
"ENSG00000109519.13","GRPEL1"," protein_coding","chr4",1920.10043998311,-1.42728326972667,0.261910097234939,2.46277330226484e-09,2.8337922861445e-08
"ENSG00000171612.7","SLC25A33"," protein_coding","chr1",490.257843951804,-1.42356611941766,0.425321328651296,2.89655328985227e-05,0.000151741312700612
"ENSG00000284686.1","AC119674.2"," protein_coding","chr1",4.69136388326098,-1.42258969711216,0.52016792403557,0.000200781412046144,0.000860883875933259
"ENSG00000158828.8","PINK1"," protein_coding","chr1",1054.14041489359,-1.42153131314166,0.457871961987203,6.40714946769074e-05,0.000309318342970989
"ENSG00000138152.10","BTBD16"," protein_coding","chr10",136.977121962304,-1.42131087776159,0.513353009481783,0.000175008521562785,0.00076077847473396
"ENSG00000231908.1","IDH1-AS1"," lncRNA","chr2",17.8344039885083,-1.41982286553018,0.396293120328429,1.22537084148371e-05,6.96741560920827e-05
"ENSG00000074695.6","LMAN1"," protein_coding","chr18",9630.16471030086,-1.41719701543503,0.304226005555958,1.32167524620017e-07,1.12069608303525e-06
"ENSG00000235961.6","PNMA6A"," protein_coding","chrX",376.34588011848,-1.41678624002495,1.13580622093618,0.00288054058740965,0.00903564774644072
"ENSG00000203724.11","C1orf53"," protein_coding","chr1",181.467607444228,-1.41539419436911,0.217034552975715,3.11337508442847e-12,5.87412922624154e-11
"ENSG00000113119.13","TMCO6"," protein_coding","chr5",601.107093858584,-1.4126041181724,0.219220818028868,5.40503296717937e-12,9.76219236035015e-11
"ENSG00000078902.16","TOLLIP"," protein_coding","chr11",5395.09865583027,-1.41157165884392,0.166139208514946,9.42981380785e-19,4.91175426716387e-17
"ENSG00000083223.18","TUT7"," protein_coding","chr9",1958.27986683143,-1.40987448405136,0.265740634288765,4.26812523458047e-09,4.72833061023463e-08
"ENSG00000188868.14","ZNF563"," protein_coding","chr19",144.901052166655,-1.40913070284679,0.402566494112038,1.70213720661617e-05,9.38631391016114e-05
"ENSG00000150527.17","MIA2"," protein_coding","chr14",5415.24713830894,-1.4081732657322,0.320287636764512,4.45986814221574e-07,3.40727851860374e-06
"ENSG00000115109.14","EPB41L5"," protein_coding","chr2",1841.41518524098,-1.40813270553393,0.277344546269454,1.63859621023608e-08,1.6436111711271e-07
"ENSG00000164074.15","ABHD18"," protein_coding","chr4",496.020009231637,-1.40678674649946,0.229808205267619,4.26999004274636e-11,6.62507125302492e-10
"ENSG00000093144.19","ECHDC1"," protein_coding","chr6",2085.24309256523,-1.40461863785709,0.30201778777925,1.37494734106407e-07,1.16383746347934e-06
"ENSG00000239445.6","ST3GAL6-AS1"," lncRNA","chr3",67.9405157111358,-1.40089162944041,0.656002540592227,0.000806200848978595,0.00295205530553059
"ENSG00000279317.2","AC006994.1"," lncRNA","chr2",19.1094466223099,-1.40058992950147,0.426688512508313,3.52769401868241e-05,0.000181480258961106
"ENSG00000164172.20","MOCS2"," protein_coding","chr5",1834.9039272376,-1.39970826776844,0.268206372044438,7.12930212739712e-09,7.62576508082313e-08
"ENSG00000132530.17","XAF1"," protein_coding","chr17",215.804414237719,-1.39766896707649,0.454906130410043,7.14584368531399e-05,0.000341532220968251
"ENSG00000121552.4","CSTA"," protein_coding","chr3",296.313929615144,-1.39405628298476,0.446390544895446,6.06165952323721e-05,0.000294834995219787
"ENSG00000157978.12","LDLRAP1"," protein_coding","chr1",1265.26089636721,-1.38682128466535,0.278452723875541,2.68712975358758e-08,2.60315137105268e-07
"ENSG00000107897.20","ACBD5"," protein_coding","chr10",2790.29081550008,-1.38593072507732,0.224927851011221,3.26994425049153e-11,5.2120767127097e-10
"ENSG00000104228.13","TRIM35"," protein_coding","chr8",1106.50407265214,-1.3854534977227,0.426659211413933,4.00881805946526e-05,0.00020304430278962
"ENSG00000172936.16","MYD88"," protein_coding","chr3",2400.8288085642,-1.38397520662305,0.203941902031558,5.34657986003023e-13,1.13835319662206e-11
"ENSG00000237310.2","GS1-124K5.4"," lncRNA","chr7",75.1988814337498,-1.38242703409087,0.286013091818518,5.32090696304154e-08,4.86080598825427e-07
"ENSG00000265399.1","AP005329.2"," lncRNA","chr18",21.564137147527,-1.38093779501149,0.43572138632055,5.47947801721546e-05,0.000269393046155668
"ENSG00000156017.13","CARNMT1"," protein_coding","chr9",723.885286569018,-1.37900263869045,0.291157438153101,9.14137530592873e-08,7.99534561615098e-07
"ENSG00000274021.1","AC024909.1"," lncRNA","chr12",20.4395655046091,-1.37813383956047,0.411514822270024,2.87332138823813e-05,0.000150740848153809
"ENSG00000163491.16","NEK10"," protein_coding","chr3",79.8001354359227,-1.3779441122682,0.851906176132137,0.00196626329898918,0.00646314335905063
"ENSG00000008130.15","NADK"," protein_coding","chr1",2623.15562240568,-1.37748665994758,0.205409752088153,9.54793404250269e-13,1.96875612594979e-11
"ENSG00000241360.2","PDXP"," protein_coding","chr22",9.37148229925397,-1.37500718433682,0.45679146078507,9.05140822445931e-05,0.000422500442469601
"ENSG00000131791.8","PRKAB2"," protein_coding","chr1",2448.1292145829,-1.3716793773898,0.408811647885364,2.79901199391728e-05,0.000147160023162533
"ENSG00000165156.15","ZHX1"," protein_coding","chr8",1688.07890824751,-1.37105180641051,0.270554300960471,1.71497247963236e-08,1.71197920117715e-07
"ENSG00000268062.1","SRP14P4"," processed_pseudogene","chr1",70.6012090844129,-1.36742410346313,0.598082080302967,0.000580216561694129,0.00220053788688806
"ENSG00000182054.10","IDH2"," protein_coding","chr15",11815.8201599364,-1.36631649360853,0.421984655581984,3.97102090850848e-05,0.000201269693970954
"ENSG00000174738.13","NR1D2"," protein_coding","chr3",1378.58277615929,-1.36451796192989,0.258348623138921,4.9897604377189e-09,5.46345053332667e-08
"ENSG00000146904.9","EPHA1"," protein_coding","chr7",1010.82614483099,-1.36381398838087,0.352712328380291,4.11707020775956e-06,2.58704913593577e-05
"ENSG00000181788.4","SIAH2"," protein_coding","chr3",1780.2622204475,-1.36363019942071,0.19669223408459,1.92535598003153e-13,4.43958170605058e-12
"ENSG00000285693.1","AP002381.2"," lncRNA","chr11",44.0385830820159,-1.36076341713784,0.260933351342926,7.66755697655414e-09,8.16855257301343e-08
"ENSG00000169919.17","GUSB"," protein_coding","chr7",5276.79079170821,-1.35858081946375,0.186494224096377,1.32567850258804e-14,3.69681799636621e-13
"ENSG00000135297.16","MTO1"," protein_coding","chr6",875.778172947585,-1.3575037073133,0.226079552892388,8.68403465572543e-11,1.27931619632755e-09
"ENSG00000151729.11","SLC25A4"," protein_coding","chr4",1675.49468857501,-1.35625273285425,0.314003227479586,6.30286469273052e-07,4.68761499801776e-06
"ENSG00000121101.16","TEX14"," protein_coding","chr17",9.14586898598301,-1.35423675588198,0.413521672792063,3.89599366112212e-05,0.000197982994949949
"ENSG00000119688.21","ABCD4"," protein_coding","chr14",1646.77062540965,-1.35259262035663,0.160623936517815,1.7535861700179e-18,8.75862243035141e-17
"ENSG00000016391.11","CHDH"," protein_coding","chr3",3095.49187522186,-1.35086251544742,0.356174424483314,5.29719320759489e-06,3.24849749257852e-05
"ENSG00000162928.9","PEX13"," protein_coding","chr2",1695.37225945544,-1.3502950073137,0.182297342190044,5.98029689925586e-15,1.75846048643543e-13
"ENSG00000100342.21","APOL1"," protein_coding","chr22",10694.0475484985,-1.34962750508521,0.49348049541421,0.000189764882750225,0.000817373281887376
"ENSG00000005882.12","PDK2"," protein_coding","chr17",1191.42656397869,-1.3472424138243,0.276734269021058,4.81637703799377e-08,4.42903221378437e-07
"ENSG00000113269.14","RNF130"," protein_coding","chr5",4663.48373713677,-1.34551214335688,0.261385476539865,9.92454380336584e-09,1.03871194187434e-07
"ENSG00000139112.11","GABARAPL1"," protein_coding","chr12",5316.25163036525,-1.34539772817971,0.300863114796714,3.16828681293341e-07,2.48629965150537e-06
"ENSG00000005187.12","ACSM3"," protein_coding","chr16",2353.57051815708,-1.34508669596406,0.400599584509123,2.08954829351411e-12,4.06333561156753e-11
"ENSG00000169891.18","REPS2"," protein_coding","chrX",835.115997963674,-1.34405164724777,0.293018972790166,1.86626498270252e-07,1.54081752845881e-06
"ENSG00000270820.6","AC016727.1"," lncRNA","chr2",71.7383663095449,-1.34383135303831,0.215080651114236,1.80511990003846e-11,3.02432753384387e-10
"ENSG00000116962.15","NID1"," protein_coding","chr1",5321.33616227074,-1.34211589903199,0.35425605832708,5.70856219330776e-06,3.4719151504711e-05
"ENSG00000103528.17","SYT17"," protein_coding","chr16",522.011010847229,-1.34139575295845,0.553192095450736,0.000426007984571795,0.00167650120102195
"ENSG00000120913.23","PDLIM2"," protein_coding","chr8",626.690652860958,-1.33972583065993,0.32108148109807,1.19596708680224e-06,8.36775340727623e-06
"ENSG00000102543.14","CDADC1"," protein_coding","chr13",369.272662453708,-1.33846157212682,0.214028250941325,1.80668564155822e-11,3.02521317328425e-10
"ENSG00000179163.12","FUCA1"," protein_coding","chr1",2928.31455950268,-1.33616152068444,0.330854150663811,2.11839199656519e-06,1.41172895014416e-05
"ENSG00000102738.8","MRPS31"," protein_coding","chr13",629.840584427702,-1.3360272807197,0.174449604294378,8.84834021655573e-16,2.84875536177389e-14
"ENSG00000117640.18","MTFR1L"," protein_coding","chr1",1309.85305719587,-1.33573001706521,0.237456216935037,8.19799416531543e-10,1.02806230356013e-08
"ENSG00000186654.21","PRR5"," protein_coding","chr22",555.929133171875,-1.33331098455646,0.301279429439575,3.90978558604257e-07,3.01625325996497e-06
"ENSG00000112414.15","ADGRG6"," protein_coding","chr6",4509.01642259566,-1.33184131089314,0.562106819227514,0.000483751571096608,0.00187565460286016
"ENSG00000162804.14","SNED1"," protein_coding","chr2",507.087124147706,-1.33088176654658,0.3385597612636,3.2733970724008e-06,2.0957357156466e-05
"ENSG00000279948.1","AC008895.1"," TEC","chr19",17.3782125305173,-1.32909196589956,0.423742286325614,5.79752767696284e-05,0.000283120851848869
"ENSG00000182853.12","VMO1"," protein_coding","chr17",143.123110875616,-1.32874404972292,0.280951099834721,9.22657507247794e-08,8.06019671425903e-07
"ENSG00000063587.15","ZNF275"," protein_coding","chrX",1185.78796761271,-1.32784493220664,0.202298115527393,2.4983273589335e-12,4.78173954939182e-11
"ENSG00000145331.14","TRMT10A"," protein_coding","chr4",248.638327481987,-1.32708450133567,0.24199042040646,1.93692362173509e-09,2.2699126204255e-08
"ENSG00000275457.1","AL117332.1"," lncRNA","chr20",30.4961197808521,-1.32151952899542,0.330059262606589,2.25388266535198e-06,1.49281343019191e-05
"ENSG00000110063.10","DCPS"," protein_coding","chr11",2078.46794753917,-1.32068641594527,0.365144250314581,1.07117398770385e-05,6.17369572166242e-05
"ENSG00000230371.1","KARS1P2"," processed_pseudogene","chr13",16.3056801019727,-1.32045156208613,0.685248668229685,1.89271821176097e-07,1.55956772652135e-06
"ENSG00000153208.17","MERTK"," protein_coding","chr2",571.940438615712,-1.31894813487953,0.396158458889224,3.07580288304858e-05,0.000160268121285538
"ENSG00000169291.10","SHE"," protein_coding","chr1",273.643539042615,-1.31798051694505,0.365017313693335,1.13159851978722e-05,6.47588723242565e-05
"ENSG00000164741.15","DLC1"," protein_coding","chr8",1994.54359189764,-1.3167607788354,0.362344423817154,1.01132105770256e-05,5.86465684535308e-05
"ENSG00000185000.12","DGAT1"," protein_coding","chr8",2075.96194508972,-1.3151061788784,0.236981744240135,1.30150181060833e-09,1.57133718185573e-08
"ENSG00000229808.1","AL391825.1"," transcribed_processed_pseudogene","chr1",21.2523648649446,-1.30965109478017,0.420374246811179,6.11912571519892e-05,0.000297148825493551
"ENSG00000024862.18","CCDC28A"," protein_coding","chr6",1203.46071997105,-1.30836170380076,0.234013809754281,9.9796461311302e-10,1.2277363897045e-08
"ENSG00000228705.2","LINC00659"," lncRNA","chr20",117.438063581427,-1.30671519682037,0.734562160720444,0.00155456922668523,0.00525985729882629
"ENSG00000154723.12","ATP5PF"," protein_coding","chr21",2932.51014338319,-1.30499993316311,0.376871966048895,1.91093772560321e-05,0.000104323680550477
"ENSG00000170145.5","SIK2"," protein_coding","chr11",3226.37630278691,-1.30107382005278,0.264889209011537,3.82956970673205e-08,3.60454078011188e-07
"ENSG00000011105.14","TSPAN9"," protein_coding","chr12",3885.53364718906,-1.29985585508119,0.297919905223133,5.23496235705317e-07,3.94672052191481e-06
"ENSG00000078747.16","ITCH"," protein_coding","chr20",2774.46408086805,-1.29796198450958,0.17994942396803,2.56024751923614e-14,6.77061286388024e-13
"ENSG00000135617.4","PRADC1"," protein_coding","chr2",897.199162655597,-1.29604886944949,0.292483051960225,3.81811543406312e-07,2.9533441818135e-06
"ENSG00000103449.12","SALL1"," protein_coding","chr16",2257.28492260868,-1.29560985105975,0.48739003972621,9.24344752654106e-08,8.07251858987054e-07
"ENSG00000119431.9","HDHD3"," protein_coding","chr9",2357.20684836647,-1.29457637603792,0.364744118475721,1.41159131511685e-05,7.92888639912255e-05
"ENSG00000146373.16","RNF217"," protein_coding","chr6",600.36509093078,-1.28875795043586,0.384043630531743,2.80896794869504e-05,0.000147550488196445
"ENSG00000089847.12","ANKRD24"," protein_coding","chr19",273.551566228556,-1.28783504299008,0.427755546400502,8.6152689634183e-05,0.000404082296822557
"ENSG00000136856.18","SLC2A8"," protein_coding","chr9",1004.4398466361,-1.28768095345376,0.313444087236372,1.57216866557477e-06,1.07674542864875e-05
"ENSG00000276644.5","DACH1"," protein_coding","chr13",88.5512076467117,-1.28747649111088,0.462551110678552,0.000170141492115504,0.000742164974355783
"ENSG00000177406.5","NINJ2-AS1"," lncRNA","chr12",455.94146129666,-1.2867457440629,0.370326249394231,1.8486568953265e-05,0.000101321820706086
"ENSG00000010256.11","UQCRC1"," protein_coding","chr3",8784.65382512512,-1.2864559707499,0.29400038805491,4.92048301316299e-07,3.72600127235076e-06
"ENSG00000105379.10","ETFB"," protein_coding","chr19",2625.35505611694,-1.28607929488019,0.442908340744758,0.000119325105683436,0.000541305444429262
"ENSG00000236548.2","RNF217-AS1"," lncRNA","chr6",15.6333351679049,-1.28119714801832,0.398650472393622,4.57069602619823e-05,0.000229234237256149
"ENSG00000272156.1","AC008280.2"," lncRNA","chr2",42.1939848250874,-1.28034001807173,0.410682460511815,6.06690254082992e-05,0.000294991632294496
"ENSG00000279133.1","AC018628.1"," TEC","chr17",58.3340138171571,-1.28018090542338,0.317388325607904,2.12104677243139e-06,1.41317526964484e-05
"ENSG00000103067.14","ESRP2"," protein_coding","chr16",2543.87445634111,-1.27921121336042,0.305933621085631,1.22527758570443e-06,8.55436139239169e-06
"ENSG00000165997.5","ARL5B"," protein_coding","chr10",2088.10356915398,-1.27811659396998,0.364199624101545,1.59799936238265e-05,8.85823705840733e-05
"ENSG00000182985.18","CADM1"," protein_coding","chr11",2172.47275854633,-1.27800859402221,0.376996616084324,2.45469506261931e-05,0.000130658759637852
"ENSG00000114698.15","PLSCR4"," protein_coding","chr3",1914.22519649366,-1.27784030242931,0.350023507400268,9.72480316397117e-06,5.66193180618513e-05
"ENSG00000171067.11","C11orf24"," protein_coding","chr11",2387.17374523232,-1.27705825054353,0.161790966508466,1.42959057977553e-16,5.23208627621986e-15
"ENSG00000049239.13","H6PD"," protein_coding","chr1",5830.47645986021,-1.27687069391031,0.279087266896954,2.71295342449922e-07,2.16687126065766e-06
"ENSG00000137806.10","NDUFAF1"," protein_coding","chr15",855.138125334011,-1.27135306586798,0.269696309093102,1.01640750723463e-07,8.80795917365622e-07
"ENSG00000008952.17","SEC62"," protein_coding","chr3",6846.46676934067,-1.26878508114373,0.186600089866319,4.90431094794476e-13,1.05200910120306e-11
"ENSG00000151498.12","ACAD8"," protein_coding","chr11",1141.52825097348,-1.26812013910209,0.184467719442925,2.98220897738891e-13,6.66064729413913e-12
"ENSG00000102531.16","FNDC3A"," protein_coding","chr13",3672.91457708947,-1.26730883454527,0.252190544387671,2.13784460458083e-08,2.10245412242139e-07
"ENSG00000101605.13","MYOM1"," protein_coding","chr18",651.827937403655,-1.26715292995921,0.992985156757262,0.00288550648966,0.00904830561136236
"ENSG00000065665.21","SEC61A2"," protein_coding","chr10",291.333784079403,-1.26609159974399,0.243430311158594,8.61716631400738e-09,9.10703348598845e-08
"ENSG00000271646.1","IRF2-DT"," lncRNA","chr4",95.062339294072,-1.26480210034657,0.256938860546043,3.55446887607965e-08,3.36733688361051e-07
"ENSG00000099840.14","IZUMO4"," protein_coding","chr19",121.568056599132,-1.26465923684367,0.380551138897794,3.13136669281064e-05,0.000162959563001951
"ENSG00000228701.2","TNKS2-AS1"," lncRNA","chr10",15.6788824878156,-1.26417295254326,0.536490131061831,0.000517288339848377,0.00199218161936062
"ENSG00000170634.13","ACYP2"," protein_coding","chr2",556.187599339442,-1.26408269981383,0.244989086792175,1.06373545064186e-08,1.10577688381227e-07
"ENSG00000076770.14","MBNL3"," protein_coding","chrX",4204.07971941834,-1.26324513889712,0.523224429942952,0.00043145565849694,0.00169519532633314
"ENSG00000272505.1","AC104964.3"," lncRNA","chr8",50.56589211265,-1.26262917009585,0.533005548567291,0.000499557086990129,0.00193180175930201
"ENSG00000164096.13","C4orf3"," protein_coding","chr4",3961.2393234844,-1.26189906703444,0.215183755009138,1.93676162668136e-10,2.69016189946041e-09
"ENSG00000185808.14","PIGP"," protein_coding","chr21",558.156854322774,-1.26189401547963,0.278134144443347,2.32398110742712e-07,1.88562461536972e-06
"ENSG00000106591.4","MRPL32"," protein_coding","chr7",1582.47221022447,-1.26125758375897,0.124651121751615,2.30837363781266e-25,3.29664296978916e-23
"ENSG00000225791.7","TRAM2-AS1"," lncRNA","chr6",393.285349514155,-1.25900468175581,0.238261500857977,5.44303512429726e-09,5.92417505748607e-08
"ENSG00000166912.17","MTMR10"," protein_coding","chr15",1331.94576549098,-1.25798981819857,0.256990725137913,4.22029666340757e-08,3.92418977924563e-07
"ENSG00000113328.19","CCNG1"," protein_coding","chr5",3584.47144845035,-1.25785445925702,0.246404775978126,1.1213790415173e-08,1.16155913572508e-07
"ENSG00000182934.12","SRPRA"," protein_coding","chr11",8745.81927809817,-1.25770479341256,0.209982005810305,5.78184953630863e-11,8.8114299438133e-10
"ENSG00000121039.10","RDH10"," protein_coding","chr8",2128.57456174529,-1.25719804287651,0.263945679382329,7.71214359099239e-08,6.82303659101174e-07
"ENSG00000242612.7","DECR2"," protein_coding","chr16",2438.56981335894,-1.25646944069319,0.411590289979542,7.53963525643921e-05,0.000358240138125225
"ENSG00000116688.18","MFN2"," protein_coding","chr1",4494.44990065969,-1.25546587591634,0.243072605986941,1.06068774217401e-08,1.10378882452635e-07
"ENSG00000144668.12","ITGA9"," protein_coding","chr3",958.280049902429,-1.25388268153676,0.355086389023476,1.39450544811684e-05,7.84348812497496e-05
"ENSG00000005700.15","IBTK"," protein_coding","chr6",3086.7229377739,-1.25248382419915,0.311570115188541,2.28054848676923e-06,1.50807795988601e-05
"ENSG00000155368.16","DBI"," protein_coding","chr2",7757.50646890911,-1.25210168950417,0.322550654804217,3.96747112080012e-06,2.50004677300969e-05
"ENSG00000197181.12","PIWIL2"," protein_coding","chr8",52.9622176977936,-1.25109479057676,0.440686553223785,0.000144274776041502,0.000640540478288367
"ENSG00000072778.20","ACADVL"," protein_coding","chr17",24008.7712737121,-1.25107270794625,0.302158497920253,1.10125479521018e-06,7.77587885243251e-06
"ENSG00000116016.14","EPAS1"," protein_coding","chr2",10482.569794952,-1.25003199737595,0.309147585416824,2.37714667211274e-06,1.56627493288585e-05
"ENSG00000277972.2","CISD3"," protein_coding","chr17",2957.14526327368,-1.24833544444501,0.304691495686092,1.56178743735477e-06,1.07013807282596e-05
"ENSG00000059691.12","GATB"," protein_coding","chr4",939.880398790911,-1.2474157445335,0.236265349284174,5.60855390160712e-09,6.08842235787041e-08
"ENSG00000143162.9","CREG1"," protein_coding","chr1",7465.98974729473,-1.24615480159797,0.239031741560791,8.96444730017614e-09,9.446674974669e-08
"ENSG00000111684.11","LPCAT3"," protein_coding","chr12",487.019885645392,-1.24508466183289,0.373387712096891,3.02260791859241e-05,0.000157739348989399
"ENSG00000163684.12","RPP14"," protein_coding","chr3",314.849336495428,-1.24417171951752,0.262490782689545,9.01133943413689e-08,7.89107655221672e-07
"ENSG00000132361.18","CLUH"," protein_coding","chr17",9034.99259272484,-1.24310110227017,0.262385371784779,7.42818842079894e-08,6.58179915085919e-07
"ENSG00000053371.12","AKR7A2"," protein_coding","chr1",1777.36173346807,-1.24285546633376,0.201967262837708,3.40363932134712e-11,5.40744854925785e-10
"ENSG00000078487.17","ZCWPW1"," protein_coding","chr7",238.52389326827,-1.24235940227737,0.326993415325981,5.4962370783796e-06,3.35394218694711e-05
"ENSG00000147475.17","ERLIN2"," protein_coding","chr8",2515.20970325067,-1.24038898733451,0.23993475939014,9.96087561326067e-09,1.04176687258229e-07
"ENSG00000130881.14","LRP3"," protein_coding","chr19",1739.78477924128,-1.237336648517,0.285779630846591,5.8203665580981e-07,4.35653764775888e-06
"ENSG00000166562.9","SEC11C"," protein_coding","chr18",2662.18914575893,-1.23580023093992,0.241935582549773,1.3934273801001e-08,1.41767991803766e-07
"ENSG00000137824.16","RMDN3"," protein_coding","chr15",1999.59252457195,-1.23565210125808,0.166759411912355,6.30690174604103e-15,1.84704836375774e-13
"ENSG00000285665.1","TOP1P1"," processed_pseudogene","chr1",38.1054966003414,-1.23436111005179,0.501529611762113,0.000397900834073605,0.00157588179621086
"ENSG00000176542.10","USF3"," protein_coding","chr3",1094.37708908573,-1.23435623551386,0.290169161908612,8.46227410436147e-07,6.12952752297293e-06
"ENSG00000198483.13","ANKRD35"," protein_coding","chr1",104.358720776494,-1.23297737822016,0.661683976276254,0.0013670243274672,0.0046962533375671
"ENSG00000178573.7","MAF"," protein_coding","chr16",2348.16470423331,-1.23265455265026,0.300828565835731,1.67075543362186e-06,1.13854160866764e-05
"ENSG00000285632.1","AC084024.4"," lncRNA","chr8",39.6090982077214,-1.23239819646206,0.327723976136508,6.41732095701234e-06,3.87550383012615e-05
"ENSG00000272861.1","AC012360.2"," lncRNA","chr2",14.255863568234,-1.2311367001354,0.43256959084459,0.000143405309994841,0.000636874160663749
"ENSG00000162241.12","SLC25A45"," protein_coding","chr11",455.377700328157,-1.23070912924977,0.265240734330513,1.45330318787723e-07,1.22377022769027e-06
"ENSG00000161860.8","SYCE2"," protein_coding","chr19",24.875786934092,-1.23040740692917,0.355790805203316,1.99968498098707e-05,0.000108417864703368
"ENSG00000109927.11","TECTA"," protein_coding","chr11",50.5840003465752,-1.23040015372118,0.361667705372012,2.39578600475033e-05,0.000127849765774904
"ENSG00000138496.16","PARP9"," protein_coding","chr3",2522.78538686627,-1.23015602869754,0.230160861229524,3.11801336393256e-09,3.53201288592422e-08
"ENSG00000166575.17","TMEM135"," protein_coding","chr11",1083.76346025873,-1.22995431881276,0.285492613063273,6.94997746911326e-07,5.13095147548886e-06
"ENSG00000253598.3","SLC10A5"," protein_coding","chr8",87.3962020169886,-1.22982679899334,0.536012513677314,0.000586230287117515,0.00222103536107687
"ENSG00000132196.15","HSD17B7"," protein_coding","chr1",554.236027015381,-1.22960003098116,0.354822303408455,1.92177590539021e-05,0.000104817280075406
"ENSG00000157399.16","ARSL"," protein_coding","chrX",3707.48701982961,-1.22854480071959,0.528798053104301,0.000539237467415998,0.00206390469584795
"ENSG00000180011.7","ZADH2"," protein_coding","chr18",1640.17349856559,-1.228410596425,0.246704259956907,2.70886408953518e-08,2.62072492960702e-07
"ENSG00000172780.17","RAB43"," protein_coding","chr3",118.209032977529,-1.22750476623006,0.390784874098617,5.77861615707056e-05,0.000282336678072197
"ENSG00000279118.1","AC093535.2"," TEC","chr5",79.630037650404,-1.22521910778125,0.253279778328443,5.59764761449207e-08,5.08165759437127e-07
"ENSG00000163626.17","COX18"," protein_coding","chr4",863.617416388032,-1.22404976095312,0.228401087708996,3.65058677765685e-09,4.09081696955331e-08
"ENSG00000110060.9","PUS3"," protein_coding","chr11",681.086194129938,-1.22128925320615,0.210728794187111,3.01814604036897e-10,4.07953205984813e-09
"ENSG00000154642.11","C21orf91"," protein_coding","chr21",418.081415594293,-1.22128272864984,0.392881417052256,6.33107870292176e-05,0.000305899013890218
"ENSG00000125844.16","RRBP1"," protein_coding","chr20",18954.7551056451,-1.22059239716182,0.227934123139509,3.71282394903459e-09,4.15576982998427e-08
"ENSG00000258484.4","SPESP1"," protein_coding","chr15",23.1342715819494,-1.22040299560489,0.735581077636233,0.00189584515317462,0.00627125280936159
"ENSG00000134575.13","ACP2"," protein_coding","chr11",2887.5080706134,-1.21987875210957,0.236078774041688,1.00681035823778e-08,1.05147337412953e-07
"ENSG00000144827.9","ABHD10"," protein_coding","chr3",1250.60923538772,-1.2192745994612,0.243139271510222,2.26175680927315e-08,2.21312258871817e-07
"ENSG00000088280.19","ASAP3"," protein_coding","chr1",392.345626697131,-1.21913342859312,0.335507437912224,1.03813463876861e-05,6.00106010270344e-05
"ENSG00000167700.9","MFSD3"," protein_coding","chr8",1180.92816870078,-1.21899647135503,0.290831968284639,1.03667749820348e-06,7.35201700585882e-06
"ENSG00000101194.18","SLC17A9"," protein_coding","chr20",2469.16991437415,-1.21717133052074,0.424974817535186,0.000133211432960542,0.000595318567186465
"ENSG00000172840.7","PDP2"," protein_coding","chr16",697.09796947219,-1.21518027032726,0.259411954957933,1.15153768287356e-07,9.85309553292426e-07
"ENSG00000144749.14","LRIG1"," protein_coding","chr3",1233.19442397778,-1.21460823672862,0.335012964882756,1.03576537621327e-05,5.9921142917027e-05
"ENSG00000104611.12","SH2D4A"," protein_coding","chr8",1221.11149718406,-1.21364838775185,0.243139863771459,2.53697967180248e-08,2.46752784417494e-07
"ENSG00000197776.8","KLHDC1"," protein_coding","chr14",89.9221388240083,-1.21119016918722,0.406795324592004,9.69481735437403e-05,0.000449512203798658
"ENSG00000170540.15","ARL6IP1"," protein_coding","chr16",8803.4191681905,-1.21115637899277,0.220594958624671,1.76791674298144e-09,2.08947988152453e-08
"ENSG00000136630.13","HLX"," protein_coding","chr1",267.57687019606,-1.21004288818957,0.394569811566102,7.24238670185821e-05,0.000345693303397974
"ENSG00000229589.1","ACVR2B-AS1"," lncRNA","chr3",41.8675785415336,-1.2080495268572,0.289934125801116,1.20607956151571e-06,8.43648314864551e-06
"ENSG00000133678.14","TMEM254"," protein_coding","chr10",1079.75862377691,-1.20759215674325,0.226291170507338,4.16232875600447e-09,4.61989982815427e-08
"ENSG00000006638.13","TBXA2R"," protein_coding","chr19",286.041967737918,-1.20696938935324,0.285617120480563,9.64417517704044e-07,6.89487612105619e-06
"ENSG00000169372.13","CRADD"," protein_coding","chr12",684.339199583199,-1.20663890016985,0.255400181323207,9.65863518320104e-08,8.40491436929567e-07
"ENSG00000164342.13","TLR3"," protein_coding","chr4",454.329063172167,-1.20605737718832,0.329353339054169,1.00900194001672e-05,5.85237176145312e-05
"ENSG00000161542.17","PRPSAP1"," protein_coding","chr17",1992.42648129606,-1.20464942840135,0.186131442075382,4.83130607291846e-12,8.79128926019704e-11
"ENSG00000008513.16","ST3GAL1"," protein_coding","chr8",4457.26791952403,-1.20358874451853,0.458916826859268,0.000255695068045411,0.00106441693161362
"ENSG00000163605.15","PPP4R2"," protein_coding","chr3",2286.43497246441,-1.20153162297111,0.295917180166972,1.9318340579977e-06,1.29867867337486e-05
"ENSG00000189077.11","TMEM120A"," protein_coding","chr7",2971.26104005583,-1.19810802242722,0.283153730817272,1.0252747052709e-06,7.28177206672675e-06
"ENSG00000107745.19","MICU1"," protein_coding","chr10",3448.2576640536,-1.19752591226115,0.195331058173207,3.94987159380848e-11,6.18099809655576e-10
"ENSG00000158793.14","NIT1"," protein_coding","chr1",1634.74425274063,-1.19721873785592,0.154526673129267,4.27464511134731e-16,1.44481023468007e-14
"ENSG00000162572.21","SCNN1D"," protein_coding","chr1",270.680011081991,-1.19678341127225,0.334353039282324,1.26992174622857e-05,7.19408572844071e-05
"ENSG00000164040.18","PGRMC2"," protein_coding","chr4",4071.81096514711,-1.19523443917691,0.235527810802489,1.51998160690129e-08,1.53732120290235e-07
"ENSG00000102796.11","DHRS12"," protein_coding","chr13",276.230105917664,-1.19499985394616,0.262159830929553,2.1189345537506e-07,1.73129417362329e-06
"ENSG00000136783.10","NIPSNAP3A"," protein_coding","chr9",1038.08255530451,-1.19357116194989,0.29296229505879,1.86244143520862e-06,1.25637266937096e-05
"ENSG00000100075.10","SLC25A1"," protein_coding","chr22",6381.51847265531,-1.19318840243321,0.293062869818482,1.50680219840635e-06,1.03440605613826e-05
"ENSG00000023697.13","DERA"," protein_coding","chr12",2064.06587225107,-1.1924438503576,0.288112220761736,1.38175861994356e-06,9.55989496801083e-06
"ENSG00000130770.18","ATP5IF1"," protein_coding","chr1",3427.0477793795,-1.1917704562605,0.297301913406011,2.38014979861422e-06,1.5678994913229e-05
"ENSG00000106546.14","AHR"," protein_coding","chr7",2515.96731187649,-1.18985428195695,0.225921768443591,5.22509183615541e-09,5.70185947507733e-08
"ENSG00000226853.3","AC010894.1"," lncRNA","chr2",45.5809626536359,-1.18977967022307,0.330778483368841,1.15745913025403e-05,6.61479729043491e-05
"ENSG00000111266.9","DUSP16"," protein_coding","chr12",4380.86233379855,-1.18904381170806,0.343985425599514,1.96963471051491e-05,0.000107067228607919
"ENSG00000156299.13","TIAM1"," protein_coding","chr21",313.023017966058,-1.18842785226481,0.307610014066177,4.28436715480596e-06,2.68177479696427e-05
"ENSG00000171056.8","SOX7"," protein_coding","chr8",161.829208445358,-1.18841045590217,0.435666487784614,0.000197471439719589,0.000847314566810927
"ENSG00000223656.1","HMGB3P10"," processed_pseudogene","chr1",5.03386359113604,-1.18765537989838,0.636615876805971,0.00142749522589402,0.00487503261527669
"ENSG00000116717.13","GADD45A"," protein_coding","chr1",4405.81324817244,-1.18586914498047,0.536600446863176,0.000696134851291969,0.0025863657466992
"ENSG00000145022.4","TCTA"," protein_coding","chr3",1246.41019086938,-1.18572446538136,0.221589739554851,3.80733462803497e-09,4.25665556784791e-08
"ENSG00000270587.1","AC046185.2"," processed_pseudogene","chr17",23.9179295102138,-1.18324271708032,0.310336979254648,5.22730501893598e-06,3.21203412886757e-05
"ENSG00000167130.18","DOLPP1"," protein_coding","chr9",872.83257250861,-1.18233187784953,0.246239167990851,6.56582794952577e-08,5.88021601043037e-07
"ENSG00000100664.11","EIF5"," protein_coding","chr14",8213.3387475947,-1.18226226817306,0.160833979085137,9.18326415046477e-15,2.63130286841755e-13
"ENSG00000204103.4","MAFB"," protein_coding","chr20",1663.22336462259,-1.18028032843793,0.474572050546205,0.00036474023260946,0.00146001205502749
"ENSG00000122779.18","TRIM24"," protein_coding","chr7",1478.48114910614,-1.18018157807515,0.220677963330335,3.8818160194104e-09,4.33162553443696e-08
"ENSG00000130522.6","JUND"," protein_coding","chr19",11248.9747678804,-1.18004675303974,0.371016737083679,5.0139049468879e-05,0.000248810128267732
"ENSG00000136933.17","RABEPK"," protein_coding","chr9",993.25203294022,-1.179105544985,0.306178654637637,4.10228943234205e-06,2.57942833481322e-05
"ENSG00000117620.15","SLC35A3"," protein_coding","chr1",1316.49890944503,-1.17716604182595,0.268827558522604,4.84275673240058e-07,3.67573174934667e-06
"ENSG00000198585.12","NUDT16"," protein_coding","chr3",2412.30096138576,-1.17669526992711,0.182641679451301,5.35713147094159e-12,9.68167087211246e-11
"ENSG00000175606.11","TMEM70"," protein_coding","chr8",848.103166369358,-1.17595719577937,0.246284431257891,7.56613248829748e-08,6.69995502583938e-07
"ENSG00000278831.1","AL513190.1"," lncRNA","chr10",5.11877547537169,-1.17355828916211,0.642299046579988,0.00153592574446493,0.0052070453324381
"ENSG00000155906.19","RMND1"," protein_coding","chr6",893.001924907279,-1.17267116289344,0.261615925662061,3.0216368130598e-07,2.38275545282891e-06
"ENSG00000110871.15","COQ5"," protein_coding","chr12",1376.07810753231,-1.1725386013528,0.194620538084789,7.5307434294138e-11,1.11959355296927e-09
"ENSG00000130349.10","MTRES1"," protein_coding","chr6",500.55285245106,-1.17079483685416,0.247053709738259,8.97479159527722e-08,7.86143231359283e-07
"ENSG00000139835.14","GRTP1"," protein_coding","chr13",1061.46771282165,-1.16897112901707,0.318457042456749,7.08327009327374e-08,6.30106451206775e-07
"ENSG00000257261.6","AC008014.1"," lncRNA","chr12",99.9715431058136,-1.16782447053778,0.455769390054141,0.000304844916218029,0.00124259661279537
"ENSG00000235903.9","CPB2-AS1"," lncRNA","chr13",82.6880791886222,-1.16634709800004,0.497861225315491,0.000522885122756771,0.00201108071541301
"ENSG00000139405.16","RITA1"," protein_coding","chr12",974.020515961936,-1.16311110138001,0.216209244793357,3.25748054314766e-09,3.68427491132509e-08
"ENSG00000152558.15","TMEM123"," protein_coding","chr11",13819.8004702477,-1.16301623394517,0.226786269935367,1.17590767346834e-08,1.21244435939902e-07
"ENSG00000196159.14","FAT4"," protein_coding","chr4",477.337529964279,-1.16269323903088,0.345650711716199,2.73907534240527e-05,0.000144386516636936
"ENSG00000157224.16","CLDN12"," protein_coding","chr7",2036.14008220378,-1.16254631875308,0.201459723344311,3.53141781864711e-10,4.71864069409609e-09
"ENSG00000162298.19","SYVN1"," protein_coding","chr11",4930.91970062564,-1.15994029051984,0.213891371260822,2.5220737386968e-09,2.8963137355924e-08
"ENSG00000149084.13","HSD17B12"," protein_coding","chr11",1804.14467514958,-1.15988959000033,0.45956268776205,0.000334342176857957,0.00134981687982972
"ENSG00000175309.15","PHYKPL"," protein_coding","chr5",1983.14537064876,-1.1590668116222,0.18686307808204,2.51772194119461e-11,4.08450674653535e-10
"ENSG00000161929.15","SCIMP"," protein_coding","chr17",129.395020352592,-1.15702930277171,0.32050907924357,1.12952379970192e-05,6.46782090960055e-05
"ENSG00000069869.16","NEDD4"," protein_coding","chr15",1296.72221182602,-1.15694630936498,0.262557237671385,4.2736244501458e-07,3.27700713949272e-06
"ENSG00000186907.8","RTN4RL2"," protein_coding","chr11",383.296317331589,-1.15430835168993,0.478683881981239,0.000445148765029606,0.00174406236764924
"ENSG00000141098.13","GFOD2"," protein_coding","chr16",1615.65307629803,-1.15356879695186,0.192070512944758,8.3606627624947e-11,1.23354664703696e-09
"ENSG00000129255.16","MPDU1"," protein_coding","chr17",3057.31593498468,-1.15164013379551,0.244429159771192,1.06313205982525e-07,9.16656785487518e-07
"ENSG00000131724.11","IL13RA1"," protein_coding","chrX",6661.19560998998,-1.14633479578698,0.20191785271979,6.15371079330063e-10,7.89000396174884e-09
"ENSG00000150540.14","HNMT"," protein_coding","chr2",4449.98284401169,-1.14524372378542,0.285747977849772,1.95648978783578e-06,1.31373965518835e-05
"ENSG00000253878.5","AC087752.3"," lncRNA","chr8",34.1722042604744,-1.14408573920668,0.357122854135975,4.73633970048734e-05,0.00023680886651271
"ENSG00000116663.11","FBXO6"," protein_coding","chr1",455.827674131638,-1.14392203994784,0.246207903970347,1.40128425147276e-07,1.18338333327183e-06
"ENSG00000254682.1","AP002387.1"," lncRNA","chr11",101.214512649536,-1.14384814469549,0.39386327558414,0.000119355749938417,0.000541360265892349
"ENSG00000117859.19","OSBPL9"," protein_coding","chr1",3843.69134566782,-1.1425862506325,0.213176624442614,3.61152551489656e-09,4.05015716047742e-08
"ENSG00000114520.11","SNX4"," protein_coding","chr3",1903.1709343206,-1.1407418919261,0.203723999716018,9.19820662630962e-10,1.14022887308863e-08
"ENSG00000006459.11","KDM7A"," protein_coding","chr7",858.463977443308,-1.1405843563709,0.311107947543827,7.79042826777837e-06,4.61774034023221e-05
"ENSG00000173992.9","CCS"," protein_coding","chr11",2476.16733640881,-1.13935021472761,0.366139069699629,6.28234021682814e-05,0.000303795725770325
"ENSG00000153443.13","UBALD1"," protein_coding","chr16",1413.50647185378,-1.13912103133298,0.280425978695169,1.9061113195781e-06,1.28267381065912e-05
"ENSG00000110046.13","ATG2A"," protein_coding","chr11",2492.6064592941,-1.1381602020562,0.214134352413159,4.59479183095271e-09,5.06138530653548e-08
"ENSG00000100614.18","PPM1A"," protein_coding","chr14",2704.97547160861,-1.13803473245554,0.245849246565745,1.8119394950446e-07,1.50405415853603e-06
"ENSG00000117151.13","CTBS"," protein_coding","chr1",242.324566644308,-1.13757249739585,0.359553940950423,5.35439665540865e-05,0.000264089272982101
"ENSG00000248508.8","SRP14-AS1"," lncRNA","chr15",138.882157470544,-1.13693782516897,0.240834093809847,9.85643985425382e-08,8.56426851679267e-07
"ENSG00000204923.4","FBXO48"," protein_coding","chr2",180.250678638385,-1.13598325773321,0.296243702467849,4.85996723039292e-06,3.00658290866026e-05
"ENSG00000189050.16","RNFT1"," protein_coding","chr17",467.521961979256,-1.13570224413494,0.35643023866395,4.92496764694891e-05,0.000244896660916899
"ENSG00000020577.14","SAMD4A"," protein_coding","chr14",1174.10314472247,-1.13339222296269,0.322488848147172,1.60864038632892e-05,8.91045032830008e-05
"ENSG00000144659.13","SLC25A38"," protein_coding","chr3",1296.93084453316,-1.13335773051249,0.188510235435454,8.21789766957148e-11,1.21371066898091e-09
"ENSG00000272777.1","AC019131.2"," lncRNA","chr4",44.9771950882919,-1.13321917336518,0.391708884272165,0.000120670995311882,0.000546221642186885
"ENSG00000287126.1","AC108488.3"," lncRNA","chr2",82.2570775825261,-1.13239810837629,0.408028416139003,0.000174365832539846,0.000758549883572673
"ENSG00000100650.16","SRSF5"," protein_coding","chr14",6411.47809165895,-1.13103464689623,0.110903079972133,9.17909730337743e-26,1.36604637368478e-23
"ENSG00000111726.13","CMAS"," protein_coding","chr12",1734.9503685465,-1.13086115736963,0.265964355578798,8.38254905676758e-07,6.07932803174673e-06
"ENSG00000122912.15","SLC25A16"," protein_coding","chr10",1512.56239729747,-1.13068301312857,0.296023518335463,5.09673088266636e-06,3.1400343593152e-05
"ENSG00000147894.17","C9orf72"," protein_coding","chr9",561.419049725856,-1.13032749312202,0.301016153556277,6.5637103924633e-06,3.95653788877375e-05
"ENSG00000119723.17","COQ6"," protein_coding","chr14",264.5100449699,-1.1303075183999,0.221345374629084,1.41557471479353e-08,1.43770539191548e-07
"ENSG00000277369.1","AC010654.1"," lncRNA","chr16",12.4131872956104,-1.1288998981012,0.411299320234061,0.000178104958094074,0.000772512047977108
"ENSG00000070159.14","PTPN3"," protein_coding","chr9",2417.8284615415,-1.12242681388871,0.289786818858395,4.56231431012536e-06,2.83506915449609e-05
"ENSG00000176055.10","MBLAC2"," protein_coding","chr5",247.001121557729,-1.12167233625701,0.285587192266069,3.35833226699295e-06,2.1454050349522e-05
"ENSG00000169714.17","CNBP"," protein_coding","chr3",11529.6395622204,-1.12122176198457,0.202913937080219,1.43495432035399e-09,1.72163543700784e-08
"ENSG00000260018.1","AC040169.1"," lncRNA","chr16",45.5541629826545,-1.12079526958672,0.386011924256844,0.000115826891683149,0.000527569425906586
"ENSG00000138942.16","RNF185"," protein_coding","chr22",1629.80779158306,-1.11893516691102,0.166324436278761,8.7775313214268e-13,1.82229047056725e-11
"ENSG00000185684.15","EP400P1"," transcribed_unprocessed_pseudogene","chr12",442.003441752583,-1.11848877026191,0.200251024053012,1.02817143223132e-09,1.26276768449496e-08
"ENSG00000166902.5","MRPL16"," protein_coding","chr11",1716.7734529165,-1.11705737705446,0.230336183545475,5.40102356511601e-08,4.92320176158965e-07
"ENSG00000166289.6","PLEKHF1"," protein_coding","chr19",443.703158236608,-1.11695264525402,0.485450007685044,0.000575069058594378,0.00218357060272578
"ENSG00000280734.3","LINC01232"," lncRNA","chr13",121.407994620736,-1.11694486493533,0.299830542881492,7.46110713105738e-06,4.44058424619083e-05
"ENSG00000142166.13","IFNAR1"," protein_coding","chr21",4071.5332893118,-1.11481624804177,0.217811472998556,1.32760746343137e-08,1.35781844673316e-07
"ENSG00000213995.11","NAXD"," protein_coding","chr13",2280.26555043662,-1.11466225524821,0.188412895260584,1.44896419406496e-10,2.05968989165112e-09
"ENSG00000163541.12","SUCLG1"," protein_coding","chr2",4246.96122036409,-1.11406200271779,0.24337881768159,1.74841551484029e-07,1.45505084600218e-06
"ENSG00000187866.10","FAM122A"," protein_coding","chr9",720.682605698536,-1.11165690663112,0.161289434232408,2.56795885261587e-13,5.80207527280809e-12
"ENSG00000188997.8","KCTD21"," protein_coding","chr11",562.433798644726,-1.11082491976358,0.286904380598415,4.14985392806183e-06,2.60540441729736e-05
"ENSG00000261542.1","AC011978.2"," lncRNA","chr8",33.1533245022704,-1.10832862816828,0.276298630835491,2.30579983124469e-06,1.5220157338216e-05
"ENSG00000011007.12","ELOA"," protein_coding","chr1",1765.21151292366,-1.10768008555344,0.252606265537757,4.70516215807099e-07,3.57781217384705e-06
"ENSG00000111271.15","ACAD10"," protein_coding","chr12",1938.48914428279,-1.10519324295902,0.258953383432134,7.9096459492862e-07,5.77657643201625e-06
"ENSG00000144357.18","UBR3"," protein_coding","chr2",1939.15784340509,-1.10461925440346,0.272488342716936,1.94274002056063e-06,1.30510786871794e-05
"ENSG00000123739.11","PLA2G12A"," protein_coding","chr4",988.973154924653,-1.10404545200373,0.212703684041163,8.91717703732308e-09,9.40365643534624e-08
"ENSG00000134072.11","CAMK1"," protein_coding","chr3",75.6479113171086,-1.10251183800944,0.228035392542015,5.51917742854948e-08,5.01679297018884e-07
"ENSG00000160785.13","SLC25A44"," protein_coding","chr1",1958.11268503938,-1.10208683197772,0.165129962981025,1.14521731767833e-12,2.31817098815816e-11
"ENSG00000161243.9","FBXO27"," protein_coding","chr19",211.29915445479,-1.0996653667562,0.452052055992491,0.000423654491254175,0.00166836477054044
"ENSG00000113318.11","MSH3"," protein_coding","chr5",793.169466767804,-1.0993913087747,0.198685234578546,1.38225700076635e-09,1.66264142083932e-08
"ENSG00000119318.13","RAD23B"," protein_coding","chr9",7633.03663781229,-1.09648352879148,0.256259600054331,7.26139571151931e-07,5.33520532769035e-06
"ENSG00000158006.14","PAFAH2"," protein_coding","chr1",1095.7330196537,-1.09337516446827,0.222236444847238,3.73099464059014e-08,3.5162966937439e-07
"ENSG00000119950.21","MXI1"," protein_coding","chr10",1931.24939654296,-1.09218969447689,0.256474908324323,8.00127134699551e-07,5.83910642783368e-06
"ENSG00000168827.15","GFM1"," protein_coding","chr3",2158.44787146673,-1.08994302820237,0.244025243433906,3.24283916013283e-07,2.53865741980447e-06
"ENSG00000136158.12","SPRY2"," protein_coding","chr13",1069.26039833129,-1.08832725236714,0.340581360051658,4.80939712493932e-05,0.000239844938856822
"ENSG00000146476.11","ARMT1"," protein_coding","chr6",968.166017781269,-1.08789862280201,0.36524442861471,9.46423059127379e-05,0.000439519411107889
"ENSG00000110628.16","SLC22A18"," protein_coding","chr11",2534.05587615222,-1.08741739338958,0.330754054476589,3.53651378029279e-05,0.000181869835079972
"ENSG00000179988.15","PSTK"," protein_coding","chr10",126.48198039227,-1.08569540200862,0.30278685228062,1.25453291973441e-05,7.11658318470111e-05
"ENSG00000136152.15","COG3"," protein_coding","chr13",1372.61712070038,-1.08484333160522,0.174071858470261,2.06183934051283e-11,3.41714725701243e-10
"ENSG00000185973.12","TMLHE"," protein_coding","chrX",386.48189528578,-1.08151451185921,0.212490174876676,1.6592385401956e-08,1.66317281714658e-07
"ENSG00000215218.4","UBE2QL1"," protein_coding","chr5",74.1289273080839,-1.0809232976542,0.381122993166174,0.000145224023280956,0.000644264568073338
"ENSG00000123472.12","ATPAF1"," protein_coding","chr1",2612.09673684618,-1.08081606656713,0.230307171066057,1.11978770676893e-07,9.60114274507438e-07
"ENSG00000143252.16","SDHC"," protein_coding","chr1",2667.54543582994,-1.08049900126195,0.19718549841316,1.87313947900608e-09,2.20135396708817e-08
"ENSG00000162129.14","CLPB"," protein_coding","chr11",950.688677577318,-1.08022965887894,0.216979715963341,2.6301835582119e-08,2.55137426702637e-07
"ENSG00000072310.17","SREBF1"," protein_coding","chr17",7474.39428264034,-1.0796990346271,0.475898214074401,0.000612174230786392,0.0023061487973406
"ENSG00000117308.15","GALE"," protein_coding","chr1",2225.05817184362,-1.07869795073923,0.231064114039319,1.24346433522732e-07,1.05776060642303e-06
"ENSG00000166016.6","ABTB2"," protein_coding","chr11",758.250522889091,-1.07804826293579,0.369603907104182,0.000114866367889406,0.000523766935276861
"ENSG00000103642.12","LACTB"," protein_coding","chr15",1232.86218666738,-1.07517186203865,0.272292727664833,3.51077259665911e-06,2.23300754190906e-05
"ENSG00000076351.13","SLC46A1"," protein_coding","chr17",450.735229105707,-1.07461902259704,0.314398905712322,2.18482693653662e-05,0.000117365040353291
"ENSG00000173141.5","MRPL57"," protein_coding","chr13",1807.64415187541,-1.0718044217949,0.227692276264445,1.04491501447415e-07,9.02016160319521e-07
"ENSG00000138600.10","SPPL2A"," protein_coding","chr15",3173.50242582237,-1.07091064268094,0.256784465762862,1.06013656311638e-06,7.50561247804411e-06
"ENSG00000066926.12","FECH"," protein_coding","chr18",1342.74480062375,-1.07047493836633,0.277329732603609,4.33308847528789e-06,2.70936458168644e-05
"ENSG00000285976.2","AL135905.2"," protein_coding","chr6",45.8105995946701,-1.07028170661669,0.724966241496711,0.00245361579040584,0.00784237551943326
"ENSG00000141295.14","SCRN2"," protein_coding","chr17",1872.14935703386,-1.07020624156311,0.241753458484888,3.8874152990009e-07,2.99978880572903e-06
"ENSG00000152484.14","USP12"," protein_coding","chr13",1568.51968333473,-1.06862997522329,0.40116463632462,0.000229149956471793,0.000966884866241244
"ENSG00000170899.11","GSTA4"," protein_coding","chr6",452.558452685984,-1.06803117897376,0.402846535275362,0.000243275775140219,0.00101970269939144
"ENSG00000132394.11","EEFSEC"," protein_coding","chr3",954.852523898861,-1.06765941609151,0.229034035011238,1.29968386539887e-07,1.10333174242781e-06
"ENSG00000123124.14","WWP1"," protein_coding","chr8",4512.82860945237,-1.06464279422346,0.225121954190686,9.39470515145883e-08,8.19480127281407e-07
"ENSG00000118515.11","SGK1"," protein_coding","chr6",3576.5380524662,-1.06352257465766,0.455370097206,0.000528775955014281,0.00202999023845901
"ENSG00000136874.11","STX17"," protein_coding","chr9",1446.98978059232,-1.06270453417798,0.229667816197518,1.53828046942155e-07,1.29159766875524e-06
"ENSG00000107362.14","ABHD17B"," protein_coding","chr9",492.453712580609,-1.06253083979829,0.223489638639716,8.3591171892882e-08,7.36415250058434e-07
"ENSG00000259802.1","AC012640.2"," lncRNA","chr5",85.0405567313017,-1.06242045082803,0.380124762391847,0.000162588473733206,0.000711879794404664
"ENSG00000178567.8","EPM2AIP1"," protein_coding","chr3",1016.83041221664,-1.06090735513361,0.16917680500064,1.67004657344249e-11,2.81744294394124e-10
"ENSG00000155016.18","CYP2U1"," protein_coding","chr4",366.597087560051,-1.05995402863329,0.368213407315973,0.000128321644983007,0.000576557927065518
"ENSG00000189241.8","TSPYL1"," protein_coding","chr6",2883.88537356626,-1.05650492583257,0.27521547783671,4.7143811996213e-06,2.92209488337768e-05
"ENSG00000013583.10","HEBP1"," protein_coding","chr12",2873.31763639379,-1.05478282071558,0.25476325914691,1.42432736558659e-06,9.81483697774517e-06
"ENSG00000175048.17","ZDHHC14"," protein_coding","chr6",992.554340758249,-1.05389489018854,0.250486480444374,1.02826646489678e-06,7.29768966291346e-06
"ENSG00000245105.4","A2M-AS1"," lncRNA","chr12",83.2530668496865,-1.05365718072155,0.375816367435521,2.03913172868617e-06,1.36264452220039e-05
"ENSG00000224870.7","MRPL20-AS1"," lncRNA","chr1",635.257254661788,-1.05345406656339,0.209641321809747,2.1427281152491e-08,2.10654655860132e-07
"ENSG00000100225.18","FBXO7"," protein_coding","chr22",4293.52342547075,-1.05240764098786,0.164534018147114,7.57666258450437e-12,1.34104169252068e-10
"ENSG00000184903.10","IMMP2L"," protein_coding","chr7",508.333467549145,-1.05204117271983,0.202805969810281,9.14864627187201e-09,9.6303451138302e-08
"ENSG00000100150.20","DEPDC5"," protein_coding","chr22",533.296107724805,-1.05198740136847,0.205713071822482,1.361038584823e-08,1.38763140442859e-07
"ENSG00000227456.9","LINC00310"," lncRNA","chr21",10.0441409298409,-1.05193750720327,0.560949628063624,0.00138639039418151,0.00475201191631969
"ENSG00000133135.14","RNF128"," protein_coding","chrX",4605.91157879955,-1.05178546614179,0.38694226756042,0.000201990720497765,0.00086505172899711
"ENSG00000154359.13","LONRF1"," protein_coding","chr8",579.677462521488,-1.05175358022227,0.185620408572116,6.4780775526078e-10,8.26592494015823e-09
"ENSG00000001630.17","CYP51A1"," protein_coding","chr7",168.412472910341,-1.05057462233112,0.542796903275168,0.00122122682517373,0.00425540141721331
"ENSG00000130023.16","ERMARD"," protein_coding","chr6",662.366452552006,-1.04893139612338,0.260647013275038,2.25155550385928e-06,1.49161077656305e-05
"ENSG00000197859.11","ADAMTSL2"," protein_coding","chr9",2415.17066777787,-1.04815498987216,0.346232276975923,8.20492862634466e-05,0.00038701417060454
"ENSG00000104805.16","NUCB1"," protein_coding","chr19",13524.4447931335,-1.04784797213858,0.185946173384619,7.60381558261621e-10,9.58080763409642e-09
"ENSG00000151332.19","MBIP"," protein_coding","chr14",613.663838029351,-1.04761438911052,0.249804952195348,1.10192400762515e-06,7.7769226659613e-06
"ENSG00000120696.9","KBTBD7"," protein_coding","chr13",327.607136016311,-1.04723122522816,0.310647486313303,2.68380024506207e-05,0.000141792735642484
"ENSG00000111911.7","HINT3"," protein_coding","chr6",1074.59495543487,-1.04439384072769,0.221881017733199,1.02907438503187e-07,8.90450036695182e-07
"ENSG00000066651.20","TRMT11"," protein_coding","chr6",551.178595239365,-1.04419241312861,0.297056418536643,1.5976594534154e-05,8.85803622822157e-05
"ENSG00000253982.2","AC100810.1"," lncRNA","chr8",649.292820941115,-1.04313700348441,0.297619706472392,1.66067455612378e-05,9.17602124030583e-05
"ENSG00000121104.8","FAM117A"," protein_coding","chr17",478.564905109837,-1.04114556892218,0.283778138089351,9.12985899700393e-06,5.34756741131742e-05
"ENSG00000196428.12","TSC22D2"," protein_coding","chr3",1327.13633150043,-1.04027257382961,0.305008812003659,2.32533955986551e-05,0.000124340659251544
"ENSG00000179476.8","C14orf28"," protein_coding","chr14",174.54273148993,-1.03836961344883,0.239307433949998,5.76233957893757e-07,4.31753617205317e-06
"ENSG00000226471.6","Z93930.2"," lncRNA","chr22",53.5409606338899,-1.03690192703261,0.343436613410472,8.30380672127881e-05,0.00039104575113494
"ENSG00000157916.20","RER1"," protein_coding","chr1",3773.61177644061,-1.03415397847454,0.222752370035757,1.44457946688992e-07,1.2169481886041e-06
"ENSG00000230513.2","THAP7-AS1"," lncRNA","chr22",64.4989974405594,-1.03170305387192,0.387594467393657,0.000236900583659783,0.000996560877527001
"ENSG00000173905.9","GOLIM4"," protein_coding","chr3",3364.74928785137,-1.03144322669746,0.332257843353802,6.44859265803798e-05,0.000311164597588602
"ENSG00000092148.13","HECTD1"," protein_coding","chr14",4611.67934554489,-1.02922985723432,0.277252603625684,7.98819426856252e-06,4.72344696168052e-05
"ENSG00000196511.14","TPK1"," protein_coding","chr7",163.462845961486,-1.02817628834322,0.35142587541552,0.000112221860258685,0.000512750539142479
"ENSG00000023228.14","NDUFS1"," protein_coding","chr2",4830.84615197105,-1.02726439428857,0.285321308728314,1.25913376312448e-05,7.13851753869347e-05
"ENSG00000273264.1","AL360219.1"," lncRNA","chr1",15.1332925916712,-1.02669034997869,0.543806459452673,0.0013194296247001,0.00455568687534057
"ENSG00000168288.13","MMADHC"," protein_coding","chr2",3111.8580011955,-1.02648302793158,0.176276508225839,2.56240159555166e-10,3.4991897069591e-09
"ENSG00000103264.18","FBXO31"," protein_coding","chr16",1502.19370380052,-1.0263695740731,0.216109438983959,8.40793248083907e-08,7.39598861681528e-07
"ENSG00000005844.19","ITGAL"," protein_coding","chr16",914.163869792808,-1.02600250520751,0.342099635192381,8.95648833066577e-05,0.000418538622424207
"ENSG00000160007.19","ARHGAP35"," protein_coding","chr19",3881.26477901575,-1.02409442231153,0.231518797796664,3.94768712405284e-07,3.04307837530384e-06
"ENSG00000173276.14","ZBTB21"," protein_coding","chr21",701.616948419428,-1.02392945074866,0.377329697770894,0.000205378603579263,0.000877370897452185
"ENSG00000127329.16","PTPRB"," protein_coding","chr12",953.029676708486,-1.02276032108684,0.390143768456818,0.000262980867897391,0.00109085451304024
"ENSG00000130164.14","LDLR"," protein_coding","chr19",7129.79594833633,-1.02216688442069,0.485193035374418,0.000864222414240906,0.0031424212915723
"ENSG00000138029.14","HADHB"," protein_coding","chr2",8580.72692882034,-1.02031548801395,0.291348697038882,1.90146973727546e-05,0.000103891735693335
"ENSG00000074416.14","MGLL"," protein_coding","chr3",7171.28697223152,-1.01947992571674,0.427418080415674,0.000472732776002617,0.00183781718555516
"ENSG00000272123.1","AC008966.2"," lncRNA","chr5",9.8055004117273,-1.01641732998429,0.346105772807739,0.000108458168151445,0.000497695861106919
"ENSG00000086061.16","DNAJA1"," protein_coding","chr9",6238.62392071828,-1.01530716926376,0.302962134279786,2.82268940316074e-05,0.000148244557437515
"ENSG00000171174.15","RBKS"," protein_coding","chr2",806.864400933789,-1.01383072632399,0.454305801403754,0.000665995978987129,0.00248706141480931
"ENSG00000214198.8","TTC41P"," transcribed_unitary_pseudogene","chr12",19.7043362601842,-1.01215457069991,0.320874975013843,5.49202588642408e-05,0.000269881369729706
"ENSG00000153363.13","LINC00467"," lncRNA","chr1",401.079700489491,-1.01165287971281,0.240381703359356,1.02342982935462e-06,7.27398262486474e-06
"ENSG00000273096.1","AL021707.8"," lncRNA","chr22",13.4299813738045,-1.01160386990914,0.542014015830475,0.00140214036775583,0.00479641519726396
"ENSG00000172007.7","RAB33B"," protein_coding","chr4",663.787102677559,-1.0105394997143,0.346918125690011,0.000116378987359618,0.00052950533181917
"ENSG00000072062.15","PRKACA"," protein_coding","chr19",4691.4779187021,-1.00939342336667,0.206598055162968,4.50868132672392e-08,4.16710157221832e-07
"ENSG00000170677.6","SOCS6"," protein_coding","chr18",1751.64262683017,-1.00931057752023,0.337271304393529,9.87967314629304e-05,0.000457356270439964
"ENSG00000119787.14","ATL2"," protein_coding","chr2",1823.08573369168,-1.0087962180044,0.192112671778095,6.51454658695443e-09,7.0119117857887e-08
"ENSG00000271828.1","AC008937.3"," lncRNA","chr5",13.1363013365437,-1.00577645979904,0.417614239454588,0.000464712368341367,0.00181049753868697
"ENSG00000178104.19","PDE4DIP"," protein_coding","chr1",2243.15507773395,-1.00528823239109,0.307487251716001,3.78305327867402e-05,0.00019291587602385
"ENSG00000136280.17","CCM2"," protein_coding","chr7",2608.66551467569,-1.0050664410024,0.217306157630317,1.54473074055447e-07,1.29552187956393e-06
"ENSG00000069974.16","RAB27A"," protein_coding","chr15",1203.40647111995,-1.00359857477808,0.286520854604376,1.67793795770109e-05,9.26614393945156e-05
"ENSG00000184990.13","SIVA1"," protein_coding","chr14",1837.11211617903,-1.00333415665363,0.232628884906586,6.668331033656e-07,4.94146273735441e-06
"ENSG00000115504.15","EHBP1"," protein_coding","chr2",1938.42791159285,-1.00222711544955,0.236846390279521,9.25039592032115e-07,6.63925053934889e-06
"ENSG00000067208.14","EVI5"," protein_coding","chr1",1045.89601673551,-1.00097328063437,0.233294822004371,7.17615423426031e-07,5.28190557395437e-06
"ENSG00000176018.13","LYSMD3"," protein_coding","chr5",963.879478613303,-1.00072263231959,0.316876878385309,5.4450996621039e-05,0.000267883474521688
