"EnsemblID","GeneSymbol","Class","Chromosome","baseMean","log2FoldChange","lfcSE","pvalue","padj"
"ENSG00000182938.7","OTOP3"," protein_coding","chr17",80.9234141572299,-12.5901875011561,3.32053768806028,5.41294608043082e-22,1.38341262896554e-19
"ENSG00000183034.13","OTOP2"," protein_coding","chr17",1719.74717463685,-10.2843296752377,0.846741560531521,2.65282397312476e-36,3.74371132694275e-33
"ENSG00000167916.5","KRT24"," protein_coding","chr17",66.9961094366816,-9.86188045792228,1.48278281970053,7.16859892726923e-22,1.78983372293311e-19
"ENSG00000131482.10","G6PC"," protein_coding","chr17",19.5714680627622,-9.838690323208,1.15070834029684,2.43976396429616e-07,3.37121578344507e-06
"ENSG00000182271.13","TMIGD1"," protein_coding","chr17",3053.32725972843,-8.77902980997392,0.849728958965812,1.19762745456271e-26,6.17025268574545e-24
"ENSG00000081800.9","SLC13A1"," protein_coding","chr7",11.692738797459,-8.73563389957199,0.94559685174244,1.75242103009127e-06,1.91386547088501e-05
"ENSG00000103375.11","AQP8"," protein_coding","chr16",28766.6805291176,-8.7322284757981,1.21675132621332,2.43375917864684e-14,1.53686683697508e-12
"ENSG00000157005.4","SST"," protein_coding","chr3",477.905848076041,-8.69064114231304,0.606626738927539,9.97763203549384e-49,5.39756634346765e-45
"ENSG00000257335.8","MGAM"," protein_coding","chr7",68.6195904372356,-8.50680520933388,0.54171811111007,7.81188743693952e-07,9.4435099600813e-06
"ENSG00000133742.14","CA1"," protein_coding","chr8",27875.4851759502,-8.39952426135579,1.05343873366945,5.6125565283508e-17,5.87652773539388e-15
"ENSG00000044012.4","GUCA2B"," protein_coding","chr1",2571.4602374105,-8.22554941231764,0.877138926313031,1.78051000654626e-22,4.85645325987215e-20
"ENSG00000181092.10","ADIPOQ"," protein_coding","chr3",64.8115003747582,-7.97996148251462,1.09554779362135,5.85462562648658e-10,1.5312605848872e-08
"ENSG00000256518.3","FOLR1P1"," unprocessed_pseudogene","chr11",20.521334017277,-7.95236076284188,1.43809260048928,3.38611334214453e-16,3.05295741275909e-14
"ENSG00000107611.16","CUBN"," protein_coding","chr10",34.7598642300141,-7.62990142611747,0.248779299131969,0.000191404232432673,0.00115971599333577
"ENSG00000131096.10","PYY"," protein_coding","chr17",2401.09483048663,-7.59088872541845,0.822185419017058,7.81779540772829e-22,1.93702292629042e-19
"ENSG00000179520.11","SLC17A8"," protein_coding","chr12",102.920039640322,-7.53719209924218,0.887617288945214,5.03085703410697e-18,6.18718031839814e-16
"ENSG00000141434.12","MEP1B"," protein_coding","chr18",340.894736703466,-7.51017143883906,0.904219112838985,1.92378915575407e-07,2.72554990909932e-06
"ENSG00000160868.15","CYP3A4"," protein_coding","chr7",174.226683731546,-7.50130556023096,0.699095785980643,2.67196734967165e-06,2.77097509719103e-05
"ENSG00000060566.14","CREB3L3"," protein_coding","chr19",251.476840552747,-7.44681152792382,0.718265639635114,5.99980332394948e-10,1.56069735296292e-08
"ENSG00000073734.10","ABCB11"," protein_coding","chr2",327.904179954565,-7.32051742689406,0.844211894975608,3.40170219981846e-19,5.18368309867172e-17
"ENSG00000139144.11","PIK3C2G"," protein_coding","chr12",4.52549870453041,-7.30078862095809,1.32285233364869,1.53822305568184e-11,5.58474764444307e-10
"ENSG00000121871.4","SLITRK3"," protein_coding","chr3",38.1178815960548,-7.02877364172553,0.740889422559761,6.29161892212136e-24,2.21316802534107e-21
"ENSG00000184601.11","C14orf180"," protein_coding","chr14",10.4537195950615,-6.98659419391228,1.48942897098114,7.08455122064184e-11,2.23904930398825e-09
"ENSG00000224721.1","AC007182.1"," lncRNA","chr14",108.010989600669,-6.94198280547429,0.665800775212055,5.5475678141466e-27,3.0519145103656e-24
"ENSG00000161649.13","CD300LG"," protein_coding","chr17",17.6373230838695,-6.93402658073935,0.736397974591508,4.58066478142142e-14,2.7330738506503e-12
"ENSG00000034971.17","MYOC"," protein_coding","chr1",114.183185351898,-6.92971710591752,0.695697428255686,9.85308284571385e-24,3.33136836464771e-21
"ENSG00000109132.7","PHOX2B"," protein_coding","chr4",34.6860806931765,-6.91088889618828,0.819659310780823,3.97543794850656e-19,5.94630253145742e-17
"ENSG00000175161.14","CADM2"," protein_coding","chr3",61.4285253362392,-6.81379221726588,0.60866435690755,1.78973123371229e-30,1.52871306273246e-27
"ENSG00000088386.17","SLC15A1"," protein_coding","chr13",240.069111414278,-6.7843015651837,0.73191302809892,7.10032841176449e-08,1.13752447970904e-06
"ENSG00000196660.11","SLC30A10"," protein_coding","chr1",925.427866187904,-6.7019129474062,0.8728669341288,5.41608034060306e-16,4.68787028520784e-14
"ENSG00000067842.17","ATP2B3"," protein_coding","chrX",8.65943183871476,-6.67774209185341,1.41508842252595,6.5751803741263e-12,2.58061916062142e-10
"ENSG00000171246.6","NPTX1"," protein_coding","chr17",414.788330003154,-6.66986275023697,0.883852694931018,1.51698607316968e-15,1.1893317382353e-13
"ENSG00000104332.12","SFRP1"," protein_coding","chr8",1222.59333428331,-6.63209054902689,0.552932800829667,8.3163342857299e-35,9.99746586097115e-32
"ENSG00000110975.8","SYT10"," protein_coding","chr12",13.0862359371555,-6.62506925529801,0.988721752290791,1.26573211865888e-19,2.09607821976683e-17
"ENSG00000197273.4","GUCA2A"," protein_coding","chr1",13655.832966613,-6.56804002009131,0.567232041912104,2.41198904506653e-32,2.44651063827404e-29
"ENSG00000123560.14","PLP1"," protein_coding","chrX",382.402235583858,-6.56447144948666,0.55600024513834,1.43492899166585e-33,1.50241694230614e-30
"ENSG00000187714.7","SLC18A3"," protein_coding","chr10",8.82992592819587,-6.55218253658009,1.49136819546826,4.13156567529514e-10,1.12501978765713e-08
"ENSG00000101098.13","RIMS4"," protein_coding","chr20",55.5651646521623,-6.54938695851176,0.651549999454095,8.89124451231239e-25,3.60740017975795e-22
"ENSG00000040731.10","CDH10"," protein_coding","chr5",7.72265026678368,-6.54897090648901,1.35119715118473,1.8441100026354e-13,9.74855414748207e-12
"ENSG00000125851.10","PCSK2"," protein_coding","chr20",105.461249123093,-6.52586457001806,0.40460266350224,2.41117753475285e-58,1.56524000846016e-54
"ENSG00000249948.6","GBA3"," polymorphic_pseudogene","chr4",274.031333394305,-6.44581776480654,0.585541283783908,5.89730741139548e-15,4.13422902719384e-13
"ENSG00000258274.1","AC012085.2"," lncRNA","chr12",5.58009119644855,-6.39374414515132,0.635125873551229,6.33785980687965e-06,5.95755150917172e-05
"ENSG00000243955.6","GSTA1"," protein_coding","chr6",160.56533612652,-6.34532564905159,0.533763156842674,1.05169042422608e-06,1.22658166688933e-05
"ENSG00000150625.16","GPM6A"," protein_coding","chr4",209.209545031153,-6.34283547890843,0.650338993595118,5.88787143214373e-24,2.10009374664309e-21
"ENSG00000176194.18","CIDEA"," protein_coding","chr18",19.7688591451576,-6.27335377565573,1.26270590131759,1.97040124447279e-09,4.5166160729589e-08
"ENSG00000071991.9","CDH19"," protein_coding","chr18",154.395114348559,-6.25830551630916,0.630505463567763,1.02192862237845e-24,4.09503200310613e-22
"ENSG00000197953.6","AADACL2"," protein_coding","chr3",6.25013096312341,-6.22718172680017,1.35070827912293,3.95173411752202e-12,1.62155987340745e-10
"ENSG00000122585.8","NPY"," protein_coding","chr7",29.7112325506026,-6.09612130482818,0.871405271940855,1.37884938962549e-13,7.45911558141069e-12
"ENSG00000142959.5","BEST4"," protein_coding","chr1",1655.61905090168,-6.06933549197348,0.496980145412657,9.47190469339745e-36,1.28099617724289e-32
"ENSG00000137675.5","MMP27"," protein_coding","chr11",5.54428702120503,-6.06736288156676,1.28849380288554,8.7449067759865e-14,4.85200314760632e-12
"ENSG00000266200.6","PNLIPRP2"," polymorphic_pseudogene","chr10",710.181489730561,-6.03586084404704,1.00315173428178,6.1207165089343e-11,1.97089500443442e-09
"ENSG00000240498.9","CDKN2B-AS1"," lncRNA","chr9",1417.54328336686,-5.86639225348419,0.613760891484155,3.94217209876253e-23,1.25446099981994e-20
"ENSG00000114771.14","AADAC"," protein_coding","chr3",10.6067793027849,-5.82609830137245,0.566395524204264,1.29757776593037e-05,0.000112161861855041
"ENSG00000133800.9","LYVE1"," protein_coding","chr11",1220.35451026781,-5.80400764516642,0.440706884473207,3.59927321099448e-41,8.34465784874706e-38
"ENSG00000166573.6","GALR1"," protein_coding","chr18",10.6816656540032,-5.79061661545811,0.87260657765679,2.54859009691458e-15,1.92825495024833e-13
"ENSG00000104267.10","CA2"," protein_coding","chr8",24813.8734501245,-5.78717945678486,0.580181577060415,4.93049088521326e-25,2.05171632246477e-22
"ENSG00000100604.13","CHGA"," protein_coding","chr14",7545.56958298422,-5.72247586106182,0.882786547083352,3.36126574409876e-12,1.40774146479945e-10
"ENSG00000167281.19","RBFOX3"," protein_coding","chr17",85.3773759930459,-5.69222698424719,0.78130035984578,1.36118546533309e-08,2.5807917853416e-07
"ENSG00000144339.12","TMEFF2"," protein_coding","chr2",32.8904988882165,-5.68156145978021,0.555099529431995,3.35713827562128e-25,1.41514278117033e-22
"ENSG00000162706.13","CADM3"," protein_coding","chr1",284.013801309113,-5.61787832832095,0.465912362532346,7.63261486887052e-35,9.52843897745382e-32
"ENSG00000147588.7","PMP2"," protein_coding","chr8",25.6459803377188,-5.59047943037235,0.587980990634131,5.12763160847092e-22,1.32089418053769e-19
"ENSG00000254645.2","AC087379.1"," lncRNA","chr11",380.062959330235,-5.58015275627371,0.653007698686091,6.01777806204027e-19,8.68111290389791e-17
"ENSG00000064205.10","CCN5"," protein_coding","chr20",315.280824877421,-5.56583162694621,0.496951443181953,1.57928368167058e-30,1.38541593890983e-27
"ENSG00000112232.10","KHDRBS2"," protein_coding","chr6",16.6170043747134,-5.56441371148763,0.709907813982877,2.45969608017496e-16,2.27455314445353e-14
"ENSG00000155816.20","FMN2"," protein_coding","chr1",115.841478616327,-5.52320576558357,0.703249290096113,3.99287143335983e-16,3.54100057333315e-14
"ENSG00000256843.1","AC023157.1"," processed_pseudogene","chr12",13.1830846937843,-5.49841646462128,1.08846436371644,6.28797762739339e-09,1.29914180668323e-07
"ENSG00000147724.12","FAM135B"," protein_coding","chr8",60.8361973804154,-5.48885547537597,0.437426544377732,1.23921396496233e-37,2.01112034373737e-34
"ENSG00000163295.5","ALPI"," protein_coding","chr2",724.357289027898,-5.48037319064723,0.741490383954793,3.48100489194024e-08,6.00672284862287e-07
"ENSG00000114200.10","BCHE"," protein_coding","chr3",226.749516088318,-5.46711078512952,0.570456034967378,5.33181457817993e-23,1.64819083408156e-20
"ENSG00000187783.12","TMEM72"," protein_coding","chr10",576.082563994416,-5.45987929483554,0.613116219470748,1.84616086590355e-20,3.52486408149985e-18
"ENSG00000167654.18","ATCAY"," protein_coding","chr19",25.5008086293659,-5.43104797078507,0.642117578625881,5.61917352998717e-18,6.83097881783984e-16
"ENSG00000225731.1","PDE9A-AS1"," lncRNA","chr21",45.8934435038504,-5.42995202810876,0.868916435607491,2.24164847854342e-11,7.81519079662324e-10
"ENSG00000262543.2","SMIM28"," protein_coding","chr6",8.62602182650573,-5.42910022331117,0.928544931284096,4.21862458507462e-12,1.72236624883462e-10
"ENSG00000116194.13","ANGPTL1"," protein_coding","chr1",426.989150162888,-5.4278583451367,0.532009718558882,1.00521933952805e-25,4.40910936789208e-23
"ENSG00000122852.15","SFTPA1"," protein_coding","chr10",1.7890278525705,-5.42774030019053,1.07729268682154,3.78226599472585e-05,0.000283783609932528
"ENSG00000168447.11","SCNN1B"," protein_coding","chr16",3157.86873660651,-5.40238734935896,0.717141989722633,1.92164882007853e-15,1.48506850957402e-13
"ENSG00000164326.5","CARTPT"," protein_coding","chr5",21.8950395903577,-5.3817056033775,1.10552185652294,6.36044218633745e-08,1.0296620074022e-06
"ENSG00000271952.2","LINC01954"," lncRNA","chr2",18.409599853492,-5.37161709134773,0.951187508676672,1.11420436639207e-09,2.72325642502665e-08
"ENSG00000245870.4","LINC00682"," lncRNA","chr4",12.7887182313878,-5.37075805297708,0.699016763705777,1.29389296304403e-16,1.24991600578819e-14
"ENSG00000173237.4","C11orf86"," protein_coding","chr11",959.996168732202,-5.35504822379963,0.706985099492285,1.43957573889611e-15,1.13412012944393e-13
"ENSG00000206579.9","XKR4"," protein_coding","chr8",48.3419069059199,-5.34823532302211,0.463253029112602,3.26437329992869e-32,3.21075844148744e-29
"ENSG00000119121.22","TRPM6"," protein_coding","chr9",3326.73694560904,-5.32513766720199,0.612861099378225,1.58054227602093e-19,2.56506205975436e-17
"ENSG00000164756.12","SLC30A8"," protein_coding","chr8",8.59727614656217,-5.28434612571121,0.922759711768329,3.32892958927541e-12,1.39599995618477e-10
"ENSG00000260230.5","FRRS1L"," protein_coding","chr9",48.0718160268999,-5.28195494789826,0.736565849018365,6.86144654225193e-14,3.88671608845398e-12
"ENSG00000108018.15","SORCS1"," protein_coding","chr10",137.744907518949,-5.27625878456462,0.493915575521549,1.15067453947336e-27,6.9164063337456e-25
"ENSG00000256193.6","LINC00507"," lncRNA","chr12",13.3474373553285,-5.26277387001237,0.928549874939071,2.9234494270375e-10,8.13104725816481e-09
"ENSG00000165072.10","MAMDC2"," protein_coding","chr9",469.085574925517,-5.22693547681593,0.548797656371875,7.0968659731099e-23,2.15280444631029e-20
"ENSG00000279835.1","AL121785.1"," TEC","chr20",26.8404637469735,-5.20758354112746,0.575791147322306,1.25310049303343e-20,2.48006925627311e-18
"ENSG00000155850.8","SLC26A2"," protein_coding","chr5",40139.3633401345,-5.18340067201243,0.547666486233908,1.28442685100111e-22,3.68937404688442e-20
"ENSG00000165478.7","HEPACAM"," protein_coding","chr11",5.56419369214283,-5.17318709481183,1.10830858702912,1.33144194985284e-09,3.17530806820891e-08
"ENSG00000213996.13","TM6SF2"," protein_coding","chr19",53.4327934590818,-5.16225811753604,0.541652761881583,2.13130303842724e-08,3.88421302758401e-07
"ENSG00000173930.9","SLCO4C1"," protein_coding","chr5",112.899288004941,-5.12805222076769,0.518090855044628,2.69232464287152e-24,1.00445371561292e-21
"ENSG00000214381.6","LINC00488"," lncRNA","chr3",2.60089378923625,-5.12720794962518,0.96863866710884,0.000610106932795103,0.00314330965470849
"ENSG00000135220.11","UGT2A3"," protein_coding","chr4",3204.01563698033,-5.11644859457266,0.714711269521153,3.19117552937569e-14,1.96544924729556e-12
"ENSG00000018625.15","ATP1A2"," protein_coding","chr1",643.750937978691,-5.09608151651612,0.644789941388071,1.23637349831851e-16,1.20511144169436e-14
"ENSG00000268555.2","AC123912.4"," lncRNA","chr19",32.8574450124828,-5.09336414916413,0.680332158102261,7.57817487681564e-16,6.3888935104333e-14
"ENSG00000169760.17","NLGN1"," protein_coding","chr3",35.5980383595688,-5.07578838509648,0.579926191188596,1.83185222410138e-19,2.92897829999421e-17
"ENSG00000106278.12","PTPRZ1"," protein_coding","chr7",67.3285731803893,-5.07198300775785,0.563949624910809,1.13008571705347e-20,2.25032651559029e-18
"ENSG00000250961.2","AC025470.2"," lncRNA","chr5",7.41659307945734,-5.0717036055186,0.934426897719312,4.50953575597452e-11,1.47998495012559e-09
"ENSG00000186198.4","SLC51B"," protein_coding","chr15",1622.12087343739,-5.06798443802588,0.494881899952293,5.86115802693222e-26,2.7497036591133e-23
"ENSG00000248174.6","LINC02268"," lncRNA","chr4",9.44909218434171,-5.05149755270308,0.939508924299874,7.20811838616581e-10,1.84076401713745e-08
"ENSG00000249690.1","AC110813.1"," lncRNA","chr4",16.7349889837522,-5.04859696761977,1.05045134215074,4.71023732118067e-08,7.84427311292367e-07
"ENSG00000111404.7","RERGL"," protein_coding","chr12",95.5738331796095,-5.02583787242974,0.680363747093159,9.45701480202047e-15,6.44865097571387e-13
"ENSG00000169933.16","FRMPD4"," protein_coding","chrX",18.4103849749736,-4.9945718819637,0.938784282143243,4.54974380239067e-09,9.73471221740254e-08
"ENSG00000108231.14","LGI1"," protein_coding","chr10",47.3759730501419,-4.98651022679403,0.550426662236688,9.23148845537887e-21,1.86847243795285e-18
"ENSG00000118733.17","OLFM3"," protein_coding","chr1",14.8544975481683,-4.9731887304412,0.643804862874986,2.45728567728781e-15,1.86788240078238e-13
"ENSG00000172995.16","ARPP21"," protein_coding","chr3",7.83651566729199,-4.96734709673482,0.872094742181995,1.75596032504925e-10,5.06763642767851e-09
"ENSG00000287281.1","AC012101.2"," lncRNA","chr18",17.7644427911503,-4.95776847075008,0.923323171831997,3.3042709523621e-09,7.25158826918328e-08
"ENSG00000015592.16","STMN4"," protein_coding","chr8",27.7011278390856,-4.90638162304169,0.564314118586906,5.88840546491678e-19,8.53240466876201e-17
"ENSG00000168079.17","SCARA5"," protein_coding","chr8",2087.18656204832,-4.89415575569447,0.388426597752198,7.91228661973343e-38,1.3516684163332e-34
"ENSG00000135298.14","ADGRB3"," protein_coding","chr6",49.5316780265419,-4.89192528732084,0.492794029592684,1.78096969075357e-24,6.8817516931523e-22
"ENSG00000198049.7","AVPR1B"," protein_coding","chr1",16.02705444462,-4.8907042891321,0.599562091686901,7.26047847522711e-17,7.43408865454011e-15
"ENSG00000182050.13","MGAT4C"," protein_coding","chr12",12.6686973149876,-4.88163588505278,0.634143733082879,1.14968522377055e-15,9.25967319929144e-14
"ENSG00000170091.11","NSG2"," protein_coding","chr5",102.750323769693,-4.87097564680121,0.584717855741592,7.320381169557e-18,8.70347736269161e-16
"ENSG00000091138.13","SLC26A3"," protein_coding","chr7",82988.2836598983,-4.8705892733554,0.991094226950158,2.85687301209075e-08,5.05056558967547e-07
"ENSG00000225383.8","SFTA1P"," lncRNA","chr10",22.6700990439715,-4.86327371660011,0.543818906754779,4.41482581753412e-20,7.83040526696844e-18
"ENSG00000133169.6","BEX1"," protein_coding","chrX",44.5887731055422,-4.85432248084742,0.707446824274831,7.08187691700254e-13,3.3556724229499e-11
"ENSG00000138650.9","PCDH10"," protein_coding","chr4",27.2312050277911,-4.85034602441791,0.608086368770492,2.87788226956479e-16,2.61653508979087e-14
"ENSG00000183230.17","CTNNA3"," protein_coding","chr10",45.4797852441711,-4.84778569824446,0.61814883181938,2.43737123724845e-16,2.260348446246e-14
"ENSG00000164106.8","SCRG1"," protein_coding","chr4",35.9331852050752,-4.83300484589161,0.767741040863819,2.01126336439463e-11,7.09582459581751e-10
"ENSG00000184809.13","B3GALT5-AS1"," lncRNA","chr21",628.897373194008,-4.82835147504607,0.847498643464964,4.16409275683138e-10,1.13292642666583e-08
"ENSG00000168060.16","NAALADL1"," protein_coding","chr11",627.018917846277,-4.82334930185317,0.543097100061272,1.0188540555765e-07,1.57401070613528e-06
"ENSG00000112936.19","C7"," protein_coding","chr5",2510.56214070081,-4.81346761993358,0.559955482472612,3.45155103443164e-19,5.23506745213001e-17
"ENSG00000036672.16","USP2"," protein_coding","chr11",992.78315056441,-4.79128149057199,0.601146705221766,6.32022724026766e-17,6.55405545573826e-15
"ENSG00000235140.2","AC026391.1"," lncRNA","chr10",7.07924910869832,-4.78523458413294,0.870711665630081,5.91671150792937e-10,1.54539856639651e-08
"ENSG00000239205.1","LINC02023"," lncRNA","chr3",57.3850086782761,-4.77574178123063,0.845937088319449,4.93393554929043e-10,1.31499728973529e-08
"ENSG00000108381.11","ASPA"," protein_coding","chr17",120.23780257972,-4.75739306853891,0.377938674854215,2.49211234891725e-26,1.20729824807696e-23
"ENSG00000169181.13","GSG1L"," protein_coding","chr16",8.63358151648868,-4.75728261736045,0.785729840095185,3.72903262354882e-11,1.24140452200151e-09
"ENSG00000132915.11","PDE6A"," protein_coding","chr5",271.550055621269,-4.74852964244892,0.602104074222817,1.3113674747585e-16,1.26303755180152e-14
"ENSG00000007306.15","CEACAM7"," protein_coding","chr19",51553.0441884073,-4.74351613178926,0.763281689325269,1.93971951733494e-11,6.87329870018093e-10
"ENSG00000225398.3","PGM5P4"," unprocessed_pseudogene","chr2",6.9969828309541,-4.7406058785836,0.923245887774737,6.14095591571008e-09,1.27038334679489e-07
"ENSG00000013293.6","SLC7A14"," protein_coding","chr3",31.4814609167299,-4.71014566731488,0.728999902167183,6.75125982053821e-12,2.64652646443272e-10
"ENSG00000232175.1","AL122003.1"," processed_pseudogene","chr1",7.30516302901046,-4.70953512586114,0.845485057341891,1.76630388078745e-10,5.08701786713391e-09
"ENSG00000156959.9","LHFPL4"," protein_coding","chr3",30.7267500988234,-4.70766621592429,0.452590926155347,2.42856769268121e-26,1.19434015407646e-23
"ENSG00000165462.5","PHOX2A"," protein_coding","chr11",14.4489713691069,-4.70527438504608,0.593562321869677,3.53697506233977e-16,3.17135736390675e-14
"ENSG00000185149.6","NPY2R"," protein_coding","chr4",25.5140205560845,-4.7029164511663,0.691422448526771,1.24356751786614e-13,6.78381756216792e-12
"ENSG00000162461.8","SLC25A34"," protein_coding","chr1",433.099919620496,-4.69624808342147,0.415121179473391,6.25570933045069e-31,5.64021704021579e-28
"ENSG00000120057.5","SFRP5"," protein_coding","chr10",63.7082851603532,-4.69449745245313,0.719163590889901,1.82328188490321e-07,2.60246628936625e-06
"ENSG00000277586.4","NEFL"," protein_coding","chr8",104.959456778693,-4.66345138724167,0.532543925863852,1.367880315774e-19,2.25373905022297e-17
"ENSG00000111732.11","AICDA"," protein_coding","chr12",4.26546797334426,-4.65119294108098,0.691736463175307,0.00770019872628162,0.0262341818261414
"ENSG00000078549.15","ADCYAP1R1"," protein_coding","chr7",80.6437870241734,-4.61877623642318,0.769493555383326,8.88525100175885e-11,2.74402927702273e-09
"ENSG00000092009.10","CMA1"," protein_coding","chr14",49.7633526393217,-4.60065673948451,0.518839085311541,4.31237120438159e-20,7.7761635862121e-18
"ENSG00000036828.17","CASR"," protein_coding","chr3",20.4530088347418,-4.58375350005495,0.502033462401858,5.97870276414163e-21,1.27668904156914e-18
"ENSG00000122756.15","CNTFR"," protein_coding","chr9",480.36458452196,-4.57291157055884,0.846428556062487,2.21734693958279e-09,5.03996127205729e-08
"ENSG00000271615.1","ACTG1P22"," transcribed_processed_pseudogene","chr2",17.4917602760651,-4.56837176353921,0.842504406990006,3.12625115739228e-09,6.89815500113111e-08
"ENSG00000279756.1","AC012317.2"," TEC","chr16",155.095447404011,-4.54587411236176,0.525858389692408,2.18988509581366e-19,3.43378214685603e-17
"ENSG00000170482.17","SLC23A1"," protein_coding","chr5",255.89629384077,-4.5327654420774,0.419628333380092,3.30658270090326e-10,9.08764278627588e-09
"ENSG00000164107.9","HAND2"," protein_coding","chr4",290.901381781985,-4.52673046258349,0.748915961814396,5.77585089718766e-11,1.86911832922151e-09
"ENSG00000080493.18","SLC4A4"," protein_coding","chr4",6101.13820242653,-4.5153972343111,0.59955982580876,2.03520663019373e-15,1.56537291001962e-13
"ENSG00000172901.20","LVRN"," protein_coding","chr5",66.4420824149045,-4.50842063110421,0.63870562096869,6.40762039421249e-14,3.65515892364409e-12
"ENSG00000030304.14","MUSK"," protein_coding","chr9",105.814723321799,-4.50495443305967,0.364088684618025,1.61408899781582e-36,2.49476669957647e-33
"ENSG00000269404.7","SPIB"," protein_coding","chr19",1048.11976450754,-4.5044256112052,0.583418107608691,5.02297033273624e-16,4.37092683806844e-14
"ENSG00000179796.12","LRRC3B"," protein_coding","chr3",8.48236945402464,-4.50419070450569,0.653429919661943,2.80471596225343e-13,1.42912826849014e-11
"ENSG00000156395.13","SORCS3"," protein_coding","chr10",8.63745441878762,-4.47928465827622,0.865880124826482,1.1952470065489e-08,2.30102771877604e-07
"ENSG00000186912.6","P2RY4"," protein_coding","chrX",36.2278567205676,-4.47475027937255,0.681926568878163,4.69174476905451e-12,1.90118166933797e-10
"ENSG00000147256.12","ARHGAP36"," protein_coding","chrX",8.42352756778163,-4.46930323839256,0.827145750993651,5.91820327201572e-10,1.54539856639651e-08
"ENSG00000130055.14","GDPD2"," protein_coding","chrX",560.674743076723,-4.46426067313466,0.600675487452784,4.50094407122046e-15,3.25371141789919e-13
"ENSG00000147262.4","GPR119"," protein_coding","chrX",4.7894127002942,-4.44386786553633,0.937623985120801,8.20345489502252e-09,1.64106543662875e-07
"ENSG00000146352.13","CLVS2"," protein_coding","chr6",10.3269414965932,-4.43583972362493,0.731804542561142,5.63052860463984e-11,1.827556974494e-09
"ENSG00000224585.1","AC103563.1"," unprocessed_pseudogene","chr2",14.7095270825576,-4.42856934783096,0.691528586111287,1.41011027161692e-11,5.17167900521378e-10
"ENSG00000171819.5","ANGPTL7"," protein_coding","chr1",66.4092675682852,-4.42555288336736,0.640574882972154,2.40748657129439e-13,1.24628706748123e-11
"ENSG00000077080.10","ACTL6B"," protein_coding","chr7",4.38753580861048,-4.41450086348634,0.904187396044642,4.27708348083845e-09,9.20594002792139e-08
"ENSG00000135406.14","PRPH"," protein_coding","chr12",83.8269591439974,-4.39678113154499,0.489073701544106,1.49486368173407e-20,2.92290875793521e-18
"ENSG00000146469.13","VIP"," protein_coding","chr6",542.026936863434,-4.38936359384163,0.571476578448793,7.01771185821415e-16,5.94728176224321e-14
"ENSG00000250538.6","AC104407.1"," lncRNA","chr4",4.70387152802861,-4.38691569959741,0.89977289486457,2.33829176540644e-09,5.2852558580475e-08
"ENSG00000004846.16","ABCB5"," protein_coding","chr7",34.4578188542355,-4.38582215031632,0.892678483003604,4.69693775613925e-08,7.82613992242134e-07
"ENSG00000138075.14","ABCG5"," protein_coding","chr2",17.0127818863929,-4.38283519267192,0.550710244913008,0.0158291044000677,0.0472008333134955
"ENSG00000170382.12","LRRN2"," protein_coding","chr1",923.69733220349,-4.33495210292389,0.448442107285118,2.03580377470706e-23,6.81217720818988e-21
"ENSG00000065325.13","GLP2R"," protein_coding","chr17",278.693810370607,-4.33359517549599,0.387915510747808,2.19930391673911e-30,1.83038478280816e-27
"ENSG00000152954.12","NRSN1"," protein_coding","chr6",11.0419448707287,-4.32342696055052,0.749622401801474,1.05190897853945e-09,2.58854144241346e-08
"ENSG00000162460.7","TMEM82"," protein_coding","chr1",435.472028356818,-4.32237065079288,0.523682488939181,6.26325088233082e-18,7.55734561853881e-16
"ENSG00000224968.2","LINC01645"," lncRNA","chr1",27.3871807685811,-4.31523309150472,0.621445745465671,3.88700221499255e-13,1.93207224952876e-11
"ENSG00000166292.12","TMEM100"," protein_coding","chr17",237.738447210504,-4.30719478673298,0.306802103661407,2.81442685072793e-46,1.30500952458467e-42
"ENSG00000183476.12","SH2D7"," protein_coding","chr15",140.800292971944,-4.29541720368166,0.630608006650338,4.79585613163497e-13,2.3478717695416e-11
"ENSG00000203808.12","BVES-AS1"," lncRNA","chr6",11.2710016346721,-4.27984288582421,0.812854931772014,1.20813700222678e-08,2.32033791824124e-07
"ENSG00000226629.1","LINC00974"," lncRNA","chr17",30.8098729232774,-4.27783389932876,0.99080802712245,1.41871543994803e-06,1.59282828605442e-05
"ENSG00000230910.4","AL391807.1"," lncRNA","chr6",7.41367518404942,-4.27085098070087,0.734472450332084,3.28007496231006e-10,9.03008253830872e-09
"ENSG00000183454.18","GRIN2A"," protein_coding","chr16",26.4812141074336,-4.26865599145259,0.570143862076271,5.59488098350072e-15,3.96503595987918e-13
"ENSG00000163017.14","ACTG2"," protein_coding","chr2",18524.4621841864,-4.26099775108285,0.779925251896476,1.69328447476532e-09,3.95400197711746e-08
"ENSG00000187140.6","FOXD3"," protein_coding","chr1",15.5053458685553,-4.2530209162314,0.706926958291476,7.99798132508157e-11,2.49613921009132e-09
"ENSG00000234638.1","AC053503.3"," lncRNA","chr2",8.58024925592011,-4.24869220282268,0.856238023563656,5.20024716430964e-08,8.57235258807325e-07
"ENSG00000139910.20","NOVA1"," protein_coding","chr14",106.590532121518,-4.24119153533328,0.39765572527334,4.52869477638784e-28,3.19548641417384e-25
"ENSG00000231758.3","ARHGAP15-AS1"," lncRNA","chr2",8.74082503522822,-4.22071257194696,0.753065475972576,1.10041622298987e-09,2.6936131045102e-08
"ENSG00000170743.17","SYT9"," protein_coding","chr11",5.09727496410877,-4.21929845940162,0.803703360337203,1.88219652865642e-09,4.35130590649074e-08
"ENSG00000229274.2","LINC02829"," lncRNA","chr6",10.0997184332634,-4.21919907509009,0.700173049145714,9.83094581036752e-11,3.00181410266142e-09
"ENSG00000241158.7","ADAMTS9-AS1"," lncRNA","chr3",51.3145917280626,-4.21497959272016,0.69409798795907,8.09797098203388e-11,2.52491779188142e-09
"ENSG00000145242.13","EPHA5"," protein_coding","chr4",8.95598628047443,-4.21050056995425,0.780452204408332,2.83298791253784e-09,6.30247578239569e-08
"ENSG00000168477.19","TNXB"," protein_coding","chr6",2013.5327856853,-4.20638737498413,0.444582562982968,1.3653122456388e-22,3.85350477121254e-20
"ENSG00000134343.14","ANO3"," protein_coding","chr11",12.6717062952057,-4.20620639772875,0.688541398942397,1.06012037132434e-10,3.21282791899584e-09
"ENSG00000147883.12","CDKN2B"," protein_coding","chr9",3379.65686790341,-4.19654684810842,0.429499524133856,6.34126028580687e-24,2.21316802534107e-21
"ENSG00000286449.1","AC016590.4"," lncRNA","chr19",15.4012935496179,-4.19351844593261,0.820862224663484,1.43487823181092e-08,2.70146622088857e-07
"ENSG00000100146.18","SOX10"," protein_coding","chr22",153.946512892879,-4.19326857335208,0.733921295820841,5.04587244185124e-10,1.34168673152864e-08
"ENSG00000204065.3","TCEAL5"," protein_coding","chrX",13.8523788014294,-4.19181986329194,0.575061589303361,2.57215417443196e-14,1.61150258180768e-12
"ENSG00000059915.17","PSD"," protein_coding","chr10",680.481828809246,-4.18561675002746,0.6305008508924,1.38550195842858e-12,6.26331790622214e-11
"ENSG00000104833.12","TUBB4A"," protein_coding","chr19",44.7927194622657,-4.16657655779472,0.542783588287378,5.7412597623719e-16,4.9298891366949e-14
"ENSG00000169432.18","SCN9A"," protein_coding","chr2",369.65036900129,-4.14943829874149,0.405499632527002,5.93010216704451e-26,2.7497036591133e-23
"ENSG00000050030.16","NEXMIF"," protein_coding","chrX",51.6358351661324,-4.13945919410746,0.540105814063124,1.20514512727109e-15,9.63463067511457e-14
"ENSG00000255986.6","MT1JP"," transcribed_unprocessed_pseudogene","chr16",7.47660388697324,-4.13800563029651,0.748206698228195,8.70554123236619e-10,2.16856836009318e-08
"ENSG00000270403.1","AP001554.1"," lncRNA","chr11",33.7542465524405,-4.13468743472367,0.658185536318737,9.53043491061187e-12,3.59696344568186e-10
"ENSG00000163815.6","CLEC3B"," protein_coding","chr3",409.901824993741,-4.13382718377797,0.339531518711358,1.45865556103391e-35,1.89380168800155e-32
"ENSG00000180287.17","PLD5"," protein_coding","chr1",5.79774906987389,-4.13027213081603,0.803316708343038,9.57115296825975e-09,1.88165041213673e-07
"ENSG00000178965.14","ERICH3"," protein_coding","chr1",5.92958531981345,-4.12989534532123,0.785177048175773,3.88272578688544e-09,8.42416534697377e-08
"ENSG00000152578.13","GRIA4"," protein_coding","chr11",60.3510542388964,-4.12157285936958,0.617733222685274,1.13619034001176e-12,5.17955983934011e-11
"ENSG00000122367.20","LDB3"," protein_coding","chr10",264.526813867496,-4.10197998661127,0.608296635330494,6.97413174783699e-13,3.30944982852768e-11
"ENSG00000232070.9","TMEM253"," protein_coding","chr14",73.767673280958,-4.09680819090102,0.332219666512528,7.56771151131585e-23,2.27437759476194e-20
"ENSG00000134042.14","MRO"," protein_coding","chr18",19.1859367243045,-4.0922360674605,0.40215981336303,1.72325503296602e-05,0.000142979069171807
"ENSG00000153446.16","C16orf89"," protein_coding","chr16",225.67665740672,-4.08787450755953,0.418113561570257,8.40348343949362e-24,2.87116068925352e-21
"ENSG00000047457.14","CP"," protein_coding","chr3",336.244206483713,-4.08017282876341,0.395019478610665,1.50943335996598e-26,7.65518562465249e-24
"ENSG00000181234.9","TMEM132C"," protein_coding","chr12",61.0570268407272,-4.07530037416575,0.575320387352503,7.93697087009011e-14,4.45088587703842e-12
"ENSG00000157851.17","DPYSL5"," protein_coding","chr2",17.8746315835061,-4.07007635990223,0.751389538336875,4.76892568457147e-09,1.01501501553981e-07
"ENSG00000186462.9","NAP1L2"," protein_coding","chrX",85.3680729574604,-4.0671959258498,0.369791011670516,3.22932581385567e-29,2.55652334795432e-26
"ENSG00000132639.13","SNAP25"," protein_coding","chr20",62.8333930028196,-4.06400535429115,0.564413620662119,4.09678795090537e-14,2.4670416198606e-12
"ENSG00000186038.9","HTR3E"," protein_coding","chr3",33.3353813440283,-4.05309957548913,0.843474520838411,8.65600952495408e-08,1.35662364635905e-06
"ENSG00000180332.6","KCTD4"," protein_coding","chr13",18.2396783220526,-4.05257271565344,0.583819407692205,3.22062331993823e-13,1.62573859593398e-11
"ENSG00000135333.14","EPHA7"," protein_coding","chr6",314.706412856438,-4.02310044494416,0.627723438810008,5.88008225891335e-12,2.31621007232779e-10
"ENSG00000130876.11","SLC7A10"," protein_coding","chr19",4.40538046313865,-4.02278766242811,0.94726273376746,0.00832186925092219,0.0279734084658692
"ENSG00000184544.12","DHRS7C"," protein_coding","chr17",8.10740768857799,-4.01179435680162,0.79093276786768,1.51089994325346e-08,2.83309014200582e-07
"ENSG00000129167.9","TPH1"," protein_coding","chr11",312.021424487863,-4.00948364762832,0.532303423460872,2.32934325574985e-15,1.77896055047362e-13
"ENSG00000164303.11","ENPP6"," protein_coding","chr4",61.0149861012758,-4.00380065100745,0.381870392219015,6.50983459341252e-27,3.52160352054973e-24
"ENSG00000239571.1","IGKV2D-30"," IG_V_gene","chr2",42.4557638384672,-3.99926469437598,0.482438240732901,5.08678803149658e-18,6.2070287942224e-16
"ENSG00000154975.14","CA10"," protein_coding","chr17",11.5698970943148,-3.99729879391917,0.560304302680913,1.774116970497e-13,9.40919748829931e-12
"ENSG00000145087.13","STXBP5L"," protein_coding","chr3",15.8655663375455,-3.99314385442568,0.716273872460804,2.17127531858492e-09,4.94563188004416e-08
"ENSG00000186439.14","TRDN"," protein_coding","chr6",3.35667421469302,-3.99283354034645,0.787021028091153,0.00270512525326921,0.011012536745342
"ENSG00000280061.1","AC011504.1"," TEC","chr19",5.14350183712264,-3.98566997584589,0.807177135858074,3.75224919597993e-08,6.42016364802933e-07
"ENSG00000172137.19","CALB2"," protein_coding","chr16",271.410283812307,-3.98446541282342,0.54568474899378,1.15985743987595e-14,7.79433805041278e-13
"ENSG00000152137.8","HSPB8"," protein_coding","chr12",1201.01695328225,-3.98092573947068,0.589837263532829,6.04586262909743e-13,2.91152239191757e-11
"ENSG00000196361.10","ELAVL3"," protein_coding","chr19",12.050226119775,-3.97349840247772,0.663188390231567,3.05620016482163e-10,8.44958645228113e-09
"ENSG00000166831.9","RBPMS2"," protein_coding","chr15",351.653328175351,-3.97086567552985,0.56756203666048,1.11363260320476e-13,6.09549528411805e-12
"ENSG00000228495.2","LINC01013"," lncRNA","chr6",12.0918596065804,-3.9607488572002,0.538186629279262,3.87898904283199e-14,2.34895944687016e-12
"ENSG00000125144.14","MT1G"," protein_coding","chr16",8672.69112715788,-3.95873654269884,0.592943585255318,9.48175170370072e-13,4.38402701992476e-11
"ENSG00000148798.11","INA"," protein_coding","chr10",49.9610720200277,-3.95824403201037,0.592655739205774,1.49404768755476e-12,6.69803865230005e-11
"ENSG00000197614.11","MFAP5"," protein_coding","chr12",800.768486428457,-3.95018975033335,0.497187153481014,7.88068011721798e-17,7.94382345480314e-15
"ENSG00000242366.3","UGT1A8"," protein_coding","chr2",252.80767776229,-3.9425840849089,0.700380933341898,6.66094759610491e-10,1.71452051605371e-08
"ENSG00000109182.12","CWH43"," protein_coding","chr4",974.821552742936,-3.92911594211879,0.76608896534066,1.05024956589433e-08,2.04370506053947e-07
"ENSG00000144834.14","TAGLN3"," protein_coding","chr3",34.4532456847549,-3.92739145451054,0.685523454822148,2.66769994787899e-10,7.47739247912403e-09
"ENSG00000154165.5","GPR15"," protein_coding","chr3",431.550506375005,-3.90621272805068,0.686102907429372,4.55178002499446e-10,1.22505535697571e-08
"ENSG00000130294.17","KIF1A"," protein_coding","chr2",160.799256710317,-3.89320651952364,0.692604579310117,8.4313250256984e-10,2.10835090665731e-08
"ENSG00000100095.19","SEZ6L"," protein_coding","chr22",28.408145384261,-3.89154854200644,0.539341932046255,2.35740885455919e-14,1.49446829299379e-12
"ENSG00000124253.11","PCK1"," protein_coding","chr20",8685.84626627247,-3.88705299682977,0.56802982172412,3.23786409105245e-13,1.63190361284752e-11
"ENSG00000223462.2","AL353801.1"," lncRNA","chr10",6.6531574641191,-3.8866821650766,0.781128393707867,4.74042502572154e-08,7.88241370311832e-07
"ENSG00000162374.18","ELAVL4"," protein_coding","chr1",55.717619014282,-3.87920433604141,0.419431240134474,1.29799089533066e-21,3.00929917718875e-19
"ENSG00000101489.20","CELF4"," protein_coding","chr18",19.4918693740637,-3.8697197026051,0.547507500882544,9.12517847118428e-14,5.03716059213775e-12
"ENSG00000170231.16","FABP6"," protein_coding","chr5",214.394862226725,-3.86302593076307,0.781342713770945,1.39287468810277e-08,2.6300131836207e-07
"ENSG00000186675.7","MAGEE2"," protein_coding","chrX",4.87555164636916,-3.86019253976957,0.673843069080526,2.96904937514796e-10,8.24374718721577e-09
"ENSG00000133317.16","LGALS12"," protein_coding","chr11",26.3070222840955,-3.84357546257433,0.78548503566777,3.26415620184479e-08,5.67781254016496e-07
"ENSG00000065371.17","ROPN1"," protein_coding","chr3",10.0487362894299,-3.84303655920574,0.80403125159682,1.43695568145677e-07,2.12018668868836e-06
"ENSG00000198074.10","AKR1B10"," protein_coding","chr7",3287.22702632753,-3.84142744642045,0.577671733258867,1.21422836208968e-12,5.51208729744154e-11
"ENSG00000163710.9","PCOLCE2"," protein_coding","chr3",173.028307853514,-3.82569147850436,0.632725411897972,6.86156433056291e-11,2.18131885447023e-09
"ENSG00000169618.7","PROKR1"," protein_coding","chr2",5.3265179062702,-3.80827082398889,0.77042810186736,5.84621568543413e-08,9.54989777140519e-07
"ENSG00000115556.14","PLCD4"," protein_coding","chr2",35.5156373625875,-3.80239965390508,0.677128712991837,9.79111364503364e-10,2.42225584367761e-08
"ENSG00000197165.11","SULT1A2"," protein_coding","chr16",92.2369361663813,-3.7928279562212,0.665299486241773,5.68112830424634e-10,1.49189370954068e-08
"ENSG00000144406.19","UNC80"," protein_coding","chr2",10.6129949416554,-3.79092823965793,0.637041073763424,2.43305465496374e-10,6.85521597142475e-09
"ENSG00000145936.9","KCNMB1"," protein_coding","chr5",715.864463608436,-3.7892668315261,0.567925314348684,1.05826255359213e-12,4.84472298511893e-11
"ENSG00000286069.2","AC076968.2"," lncRNA","chr12",1.8765585593702,-3.77937033631411,0.747090530286635,0.0130961987358432,0.0404205841096796
"ENSG00000135218.19","CD36"," protein_coding","chr7",1255.86535921123,-3.7750053012635,0.314972254643815,1.82422512387427e-34,2.04445249528372e-31
"ENSG00000100626.17","GALNT16"," protein_coding","chr14",134.997006265005,-3.77126685006571,0.460175697537849,1.21248186703958e-17,1.38573015635108e-15
"ENSG00000154080.14","CHST9"," protein_coding","chr18",13.0509338091218,-3.76468388923372,0.602525318968512,2.92478525182487e-11,9.95101464399702e-10
"ENSG00000205037.2","AC134312.1"," lncRNA","chr16",7.16396930473067,-3.7563897874594,0.675931642437635,2.51889143179768e-09,5.65800540437986e-08
"ENSG00000070729.14","CNGB1"," protein_coding","chr16",19.2304428306235,-3.75402937830118,0.576000217702811,2.61162999767823e-12,1.10953254534869e-10
"ENSG00000089199.10","CHGB"," protein_coding","chr20",528.255520740535,-3.7532720886045,0.81605261396255,4.08903413260629e-09,8.83634286791845e-08
"ENSG00000138722.10","MMRN1"," protein_coding","chr4",552.572109361095,-3.74955090666472,0.497589732419611,1.90194137605667e-15,1.47494361440506e-13
"ENSG00000235523.1","AL135924.2"," lncRNA","chr9",17.3649494272382,-3.7488771867154,0.930963372387184,2.97798585243818e-06,3.05111946964768e-05
"ENSG00000167701.14","GPT"," protein_coding","chr8",1321.26499907472,-3.74522946156934,0.390650908242494,4.18953757594343e-23,1.32023311300944e-20
"ENSG00000271178.1","IGHV3OR16-13"," IG_V_gene","chr16",58.5943899953636,-3.74399981803981,0.591980448915497,8.39211792603105e-12,3.20137250960592e-10
"ENSG00000155980.13","KIF5A"," protein_coding","chr12",142.785507251012,-3.74268437041139,0.440944029876313,1.04534727117208e-18,1.45621809990143e-16
"ENSG00000281721.1","LINC01080"," lncRNA","chr13",5.97137766261437,-3.73319528028566,0.742409327497905,4.3621835881928e-08,7.32855874252391e-07
"ENSG00000230916.2","MTCO1P53"," processed_pseudogene","chrX",9.02848893054838,-3.72388066045307,0.495295942861003,0.00936816338012681,0.0308232992389413
"ENSG00000120498.14","TEX11"," protein_coding","chrX",87.8367441716807,-3.72308316906748,0.611808293647005,4.46970744330008e-11,1.46839842302261e-09
"ENSG00000149654.11","CDH22"," protein_coding","chr20",10.5717242471646,-3.71307803997134,0.502020564313474,2.0455433337106e-14,1.30955119379839e-12
"ENSG00000038295.8","TLL1"," protein_coding","chr4",91.869221502077,-3.70900368796348,0.417768597451595,2.17254782174121e-20,4.09979983709745e-18
"ENSG00000196109.9","ZNF676"," protein_coding","chr19",6.0040431007373,-3.70694143973154,0.65392458578023,1.20041447710937e-09,2.89688127122795e-08
"ENSG00000224321.1","RPL12P14"," processed_pseudogene","chr1",70.5917413654616,-3.70510803278158,0.421584313084289,8.96799545171105e-20,1.50820309000848e-17
"ENSG00000139352.4","ASCL1"," protein_coding","chr12",5.51278687253484,-3.70464866486549,0.733492363401139,1.78259054482191e-08,3.28746158544485e-07
"ENSG00000133878.9","DUSP26"," protein_coding","chr8",40.6336012384521,-3.69880053844853,0.508224412573631,2.13891837973366e-14,1.3639491703221e-12
"ENSG00000179314.14","WSCD1"," protein_coding","chr17",983.425131221264,-3.69776266891281,0.570639554853183,3.65109412548153e-12,1.51737788892291e-10
"ENSG00000185985.11","SLITRK2"," protein_coding","chrX",13.9238628808748,-3.69768360492193,0.546286428679335,5.75116230988619e-13,2.77784562878402e-11
"ENSG00000124205.18","EDN3"," protein_coding","chr20",1651.55725754187,-3.69424922829097,0.525307154652538,8.60893968821079e-14,4.7929496466543e-12
"ENSG00000158089.15","GALNT14"," protein_coding","chr2",14.7271249420244,-3.68139700502757,0.518457681462755,0.0123020874299652,0.0385181041310243
"ENSG00000258537.5","FRMD6-AS2"," lncRNA","chr14",3.50330089614324,-3.67637217627953,0.779321329594258,4.9352352605707e-08,8.18119847229846e-07
"ENSG00000231412.2","AC005392.2"," lncRNA","chr19",141.260188241925,-3.66864368391973,0.855423892969234,5.87480624606875e-07,7.3087183263664e-06
"ENSG00000158458.21","NRG2"," protein_coding","chr5",21.1328064873387,-3.66635729792925,0.503027242992985,1.54508607742851e-14,1.00703622291515e-12
"ENSG00000187151.7","ANGPTL5"," protein_coding","chr11",6.31392628513582,-3.66577574111314,0.75615981669496,6.13809144662388e-08,9.97647331870395e-07
"ENSG00000168314.17","MOBP"," protein_coding","chr3",16.5844118509569,-3.66380838254511,0.610241545402196,5.32915265235245e-11,1.73320277344745e-09
"ENSG00000286848.1","AC009570.2"," lncRNA","chr4",24.6704533725186,-3.66108031959856,0.710311992400227,5.86297639936463e-09,1.22255775750496e-07
"ENSG00000150627.16","WDR17"," protein_coding","chr4",24.4651320307365,-3.66023302288695,0.310893558137756,1.20306979390186e-22,3.54993085186059e-20
"ENSG00000172403.11","SYNPO2"," protein_coding","chr4",6233.06049877641,-3.65814521581137,0.658996971455871,1.08969409988095e-09,2.6693804599197e-08
"ENSG00000236120.7","AC110995.1"," lncRNA","chrX",36.6917342613799,-3.65001165502852,0.442392657154917,4.6896297477255e-18,5.83203074144346e-16
"ENSG00000007314.12","SCN4A"," protein_coding","chr17",13.1073255537785,-3.62646751027641,0.390564395579694,1.45234277436318e-11,5.30260312376605e-10
"ENSG00000181195.11","PENK"," protein_coding","chr8",42.1110834636794,-3.62152536791724,1.12438737831529,3.34181514931637e-05,0.000255100273086808
"ENSG00000227243.3","SLAMF6P1"," unprocessed_pseudogene","chr1",44.2268313834692,-3.60733138950608,0.381176886065562,4.15879816360099e-22,1.07989016635329e-19
"ENSG00000198523.6","PLN"," protein_coding","chr6",1051.23775629924,-3.60382409463525,0.697269740897364,8.99401177829269e-09,1.77571553710355e-07
"ENSG00000204687.4","MAS1L"," protein_coding","chr6",6.34537296901741,-3.59996398823971,0.741720643754242,1.11106606255773e-07,1.69628326709778e-06
"ENSG00000245080.7","MIR3150BHG"," lncRNA","chr8",32.7185947909422,-3.59950617065252,0.707578246436592,1.19503902180834e-08,2.30102771877604e-07
"ENSG00000260947.1","AL356489.2"," lncRNA","chr9",19.0109976027493,-3.59914621270603,0.564851310597888,9.56528320020295e-12,3.60592290490345e-10
"ENSG00000185290.4","NUPR2"," protein_coding","chr7",7.10788123809981,-3.59523923570973,0.640322926224804,8.97700785276139e-10,2.23447638715436e-08
"ENSG00000069018.19","TRPC7"," protein_coding","chr5",14.5649921256417,-3.58645581484997,0.460329421677773,8.00034398659873e-16,6.70995258700314e-14
"ENSG00000243832.1","LINC02000"," lncRNA","chr3",12.5964243142687,-3.58371334562188,0.660808725471834,3.66962772097436e-09,7.97781490739356e-08
"ENSG00000162391.12","FAM151A"," protein_coding","chr1",109.475070798084,-3.57494287659993,0.353402467676508,7.61333117652971e-09,1.54156895400999e-07
"ENSG00000104112.9","SCG3"," protein_coding","chr15",73.7049109128711,-3.57307609190438,0.704132602988608,1.75881413215246e-08,3.24861484233873e-07
"ENSG00000239975.2","IGKV1D-33"," IG_V_gene","chr2",57.12224923418,-3.57256792043839,0.749289804056741,7.78453370839759e-08,1.23615653183547e-06
"ENSG00000130643.9","CALY"," protein_coding","chr10",22.8838200486136,-3.56038662605166,0.580062222531757,3.76949797462197e-11,1.25230670686059e-09
"ENSG00000113296.14","THBS4"," protein_coding","chr5",261.289817296951,-3.55929192088227,0.775536287726389,1.57399828372912e-07,2.28892635722579e-06
"ENSG00000212916.4","MAP10"," protein_coding","chr1",62.0936132433554,-3.55675559609596,0.402346579629705,2.62411807936408e-20,4.8950358977011e-18
"ENSG00000151090.20","THRB"," protein_coding","chr3",746.446423998328,-3.55617446094522,0.379990677018709,3.59781728335529e-22,9.48915903502567e-20
"ENSG00000277494.2","GPIHBP1"," protein_coding","chr8",56.1118916303391,-3.5463284014297,0.507433419621451,1.54379782224745e-13,8.26874417731151e-12
"ENSG00000288045.1","AL352979.4"," lncRNA","chr14",2.60741598478514,-3.54464786097525,0.885598330228247,6.69268397484985e-07,8.20049590244154e-06
"ENSG00000167414.4","GNG8"," protein_coding","chr19",10.0793691151912,-3.53840103797918,0.575985989489576,5.17712455776854e-11,1.69053429472889e-09
"ENSG00000113396.13","SLC27A6"," protein_coding","chr5",25.0767583650582,-3.53245210218994,0.560976460371613,2.29151212708481e-11,7.95485568138167e-10
"ENSG00000101955.15","SRPX"," protein_coding","chrX",740.637543876637,-3.52430370733611,0.446288350871843,1.2838598275006e-16,1.24392603823924e-14
"ENSG00000172005.11","MAL"," protein_coding","chr2",105.512746837375,-3.52325594859634,0.422723334833018,3.26298171777391e-18,4.10503335641495e-16
"ENSG00000166473.17","PKD1L2"," polymorphic_pseudogene","chr16",30.4255651418541,-3.50560550371661,0.518202861114454,6.68700265897519e-13,3.19186371036789e-11
"ENSG00000100079.7","LGALS2"," protein_coding","chr22",1510.62865209806,-3.50279568836704,0.683318417654681,1.09017674698599e-08,2.11632517067412e-07
"ENSG00000250137.1","AC093607.1"," lncRNA","chr4",10.8466504647893,-3.50079435368887,0.751072327841775,2.57226240342007e-07,3.52131982666422e-06
"ENSG00000134028.14","ADAMDEC1"," protein_coding","chr8",8083.62889163719,-3.46560974198216,0.553728352798289,1.55709615636491e-11,5.63436198921875e-10
"ENSG00000116748.21","AMPD1"," protein_coding","chr1",137.201690833212,-3.46478508420257,0.618613977808028,7.35838694864614e-10,1.87177526315953e-08
"ENSG00000105737.9","GRIK5"," protein_coding","chr19",111.975520406912,-3.45600207413096,0.498662230229767,1.78553510809679e-13,9.45430645001723e-12
"ENSG00000104435.14","STMN2"," protein_coding","chr8",575.056876653126,-3.44911257977461,0.64453265392032,3.32684600879932e-09,7.29613295632489e-08
"ENSG00000197561.7","ELANE"," protein_coding","chr19",18.8838239118969,-3.44361599469224,0.498470971244816,3.21987549608691e-13,1.62573859593398e-11
"ENSG00000068976.14","PYGM"," protein_coding","chr11",175.784560623362,-3.43662669084117,0.520647266489179,1.90757311198816e-12,8.36702811742048e-11
"ENSG00000168546.11","GFRA2"," protein_coding","chr8",185.002354130962,-3.43367188715501,0.418664406126309,7.24430075735711e-18,8.64468801405504e-16
"ENSG00000111863.13","ADTRP"," protein_coding","chr6",1607.41393393544,-3.43028372561008,0.511365341132039,8.14277879874691e-13,3.82790550548838e-11
"ENSG00000168309.18","FAM107A"," protein_coding","chr3",645.69530000853,-3.41763366791006,0.4133218179622,5.85716033755464e-18,7.09372053120703e-16
"ENSG00000168903.9","BTNL3"," protein_coding","chr5",2337.12293190501,-3.40778219417608,0.455498237237464,3.19302906325281e-15,2.37160955000137e-13
"ENSG00000250722.6","SELENOP"," protein_coding","chr5",9114.4930805436,-3.40766830290334,0.499145392574898,3.59442377657326e-13,1.80042911944467e-11
"ENSG00000167723.15","TRPV3"," protein_coding","chr17",326.996279621464,-3.40764433535383,0.682371736141222,2.25253061520217e-08,4.07994635648616e-07
"ENSG00000233670.7","PIRT"," protein_coding","chr17",93.9874427040676,-3.39997017413042,0.821973076340125,1.28796155328913e-06,1.46477421501957e-05
"ENSG00000180616.9","SSTR2"," protein_coding","chr17",155.612765210881,-3.39979136843721,0.383294140738098,2.89125293435997e-20,5.36253072819748e-18
"ENSG00000109832.14","DDX25"," protein_coding","chr11",3.67009744867742,-3.39231334625973,0.697410701526521,4.63266421189378e-08,7.73890967522637e-07
"ENSG00000165457.14","FOLR2"," protein_coding","chr11",867.438579538313,-3.38983253952135,0.497607350206383,3.81621741967664e-13,1.89979731607154e-11
"ENSG00000269667.2","AC092723.1"," lncRNA","chr16",21.2646933146331,-3.3850619538929,0.570075350756114,1.27558280651341e-10,3.80891138305541e-09
"ENSG00000180660.8","MAB21L1"," protein_coding","chr13",22.1118984872101,-3.38409527470654,0.453791950236312,4.12787126686501e-15,3.00409070806961e-13
"ENSG00000233999.3","IGKV3OR2-268"," IG_V_gene","chr2",52.1414159286717,-3.38091384475167,0.564433098546616,8.50671844793042e-11,2.63213600937012e-09
"ENSG00000004799.8","PDK4"," protein_coding","chr7",3179.19933706599,-3.37942472123358,0.402053255704134,1.86692088943971e-18,2.49368387775449e-16
"ENSG00000117322.18","CR2"," protein_coding","chr1",248.168295324065,-3.3657749043919,0.715783888887178,0.00265610812749228,0.010853828226381
"ENSG00000253549.6","CA3-AS1"," lncRNA","chr8",100.334281118196,-3.36055795582154,0.437622023286988,7.79852404446489e-16,6.55762936360729e-14
"ENSG00000187699.10","C2orf88"," protein_coding","chr2",2672.21705469932,-3.36042172204196,0.445094639590112,1.88832819209406e-15,1.46981670165441e-13
"ENSG00000278318.5","ZNF229"," protein_coding","chr19",38.8191673972568,-3.35653908398824,0.419042605140344,5.00889749921227e-17,5.29572622245706e-15
"ENSG00000184434.8","LRRC19"," protein_coding","chr9",3302.65050603293,-3.35445632705815,0.398058814564703,1.54318124978222e-18,2.10456205905174e-16
"ENSG00000279668.3","AC024610.2"," lncRNA","chr17",7.46448610475881,-3.35337328617409,0.695277103303231,1.12141411910047e-07,1.70886664214851e-06
"ENSG00000143171.13","RXRG"," protein_coding","chr1",43.0908676842324,-3.34418398517205,0.573239656072208,2.88775459019998e-10,8.04555695182068e-09
"ENSG00000146090.16","RASGEF1C"," protein_coding","chr5",19.7823012956132,-3.33041290946063,0.559983966796506,9.80433428469448e-11,2.99650736546717e-09
"ENSG00000261795.1","AC093627.7"," lncRNA","chr7",8.77607269316943,-3.32803741957839,0.529147718943968,2.36879425019676e-11,8.20558418067091e-10
"ENSG00000267505.1","AC005180.2"," lncRNA","chr17",10.5354639370713,-3.32792234878334,0.747640065938209,0.000783012207586547,0.00389382721523581
"ENSG00000111249.14","CUX2"," protein_coding","chr12",8.70861939215814,-3.3142061108773,0.597865091338314,1.91704051673759e-09,4.40674936914085e-08
"ENSG00000230417.12","LINC00595"," lncRNA","chr10",14.2662313966012,-3.30724570578186,0.642518740959995,1.20360337895268e-08,2.31436957784633e-07
"ENSG00000080293.10","SCTR"," protein_coding","chr2",29.3155860820822,-3.30346990922574,0.546640366502994,7.00634014775237e-11,2.22081824722408e-09
"ENSG00000169397.3","RNASE3"," protein_coding","chr14",3.16937348176667,-3.29704770308129,0.850443617034678,2.06289686532006e-06,2.20545146424765e-05
"ENSG00000164270.18","HTR4"," protein_coding","chr5",139.891259218191,-3.29181136927341,0.684480902900033,6.15614513573135e-08,9.99580584370026e-07
"ENSG00000105609.17","LILRB5"," protein_coding","chr19",501.757776453609,-3.28998043195877,0.421070899241287,2.25601300291626e-16,2.11634884533688e-14
"ENSG00000286039.1","AC093849.2"," lncRNA","chr4",31.6939857840045,-3.28734958664933,0.59761423474845,1.54408917078249e-09,3.62648670805051e-08
"ENSG00000283525.1","AC005622.1"," transcribed_unprocessed_pseudogene","chr19",48.1926769561638,-3.28696313135511,0.694104700410109,9.32740160663267e-08,1.45342679475796e-06
"ENSG00000211445.12","GPX3"," protein_coding","chr5",4035.49363504164,-3.28308918074565,0.409733327696554,4.87643293547998e-17,5.17252484378462e-15
"ENSG00000166183.16","ASPG"," protein_coding","chr14",307.727068532892,-3.28253920484614,0.662864279372685,2.74072692277693e-08,4.86123533627482e-07
"ENSG00000198569.10","SLC34A3"," protein_coding","chr9",9.92058848101518,-3.27455107999387,0.575431001851136,0.00122659182344729,0.00567375194605275
"ENSG00000149596.7","JPH2"," protein_coding","chr20",665.75230501809,-3.27282497796798,0.606865312636272,2.71526399114206e-09,6.06552227284853e-08
"ENSG00000105894.12","PTN"," protein_coding","chr7",314.284255668369,-3.27225564268778,0.370699108869685,4.25746296315255e-20,7.72004094178802e-18
"ENSG00000165300.7","SLITRK5"," protein_coding","chr13",21.5098082906401,-3.26675223116181,0.575072178711141,5.99202631048329e-10,1.56069735296292e-08
"ENSG00000145362.20","ANK2"," protein_coding","chr4",657.85636983263,-3.26455695752756,0.448044133164113,1.35002508331476e-14,8.96096403971995e-13
"ENSG00000164418.21","GRIK2"," protein_coding","chr6",33.9389810323954,-3.26409109196465,0.506494034837288,5.13545409787691e-12,2.05026530269236e-10
"ENSG00000166035.11","LIPC"," protein_coding","chr15",69.9897681808591,-3.26368746876513,0.429965620838602,1.31778424644555e-15,1.0457858452599e-13
"ENSG00000184347.15","SLIT3"," protein_coding","chr5",1266.86386537989,-3.26241451639467,0.387671610415196,1.71535306517797e-18,2.31024604935878e-16
"ENSG00000163792.6","TCF23"," protein_coding","chr2",7.3737876622272,-3.25683127983979,0.641035274397291,1.26514439819897e-08,2.41695449539389e-07
"ENSG00000205038.12","PKHD1L1"," protein_coding","chr8",126.533246664368,-3.25268691207029,0.362086271583556,9.04852383217925e-21,1.84715085877279e-18
"ENSG00000053328.8","METTL24"," protein_coding","chr6",45.3465016263255,-3.25176031967845,0.621804472091161,7.42945927074073e-09,1.50810124458851e-07
"ENSG00000112818.10","MEP1A"," protein_coding","chr6",17047.6068991435,-3.24198220300016,0.609014914022059,3.85826526773879e-09,8.37669391707462e-08
"ENSG00000058404.20","CAMK2B"," protein_coding","chr7",24.8143293202263,-3.24163015502621,0.520852761045484,3.52955700923306e-11,1.17862511734246e-09
"ENSG00000224940.9","PRRT4"," protein_coding","chr7",16.0166696711292,-3.23553081292934,0.701016398053688,2.00431449888824e-07,2.82361284743553e-06
"ENSG00000214575.9","CPEB1"," protein_coding","chr15",35.4236541369511,-3.22654191276874,0.542400146482632,1.53009523338016e-10,4.49040064060155e-09
"ENSG00000286583.1","AC105101.2"," lncRNA","chr18",10.448545555381,-3.22350374018897,0.533025018850723,1.51441545893861e-10,4.44840696526964e-09
"ENSG00000287059.1","AC090004.2"," lncRNA","chr3",36.3332858562655,-3.22012855819329,0.454924198609628,5.63850341122773e-14,3.26229133193636e-12
"ENSG00000164929.17","BAALC"," protein_coding","chr8",40.6177807413444,-3.21692707179545,0.297268800772969,4.99610190211359e-28,3.39917800036095e-25
"ENSG00000082293.13","COL19A1"," protein_coding","chr6",26.6903902227493,-3.21423304481426,0.466034124877209,3.08989793650543e-13,1.56706105036083e-11
"ENSG00000135842.17","NIBAN1"," protein_coding","chr1",1874.38043208102,-3.21139684837533,0.476872988510397,6.83590559356916e-13,3.25814719171906e-11
"ENSG00000185518.12","SV2B"," protein_coding","chr15",73.9504986402528,-3.21044476443318,0.521139447748969,2.80500333845863e-11,9.57532206932632e-10
"ENSG00000072041.17","SLC6A15"," protein_coding","chr12",13.2272999098954,-3.20715168578042,0.753638396017411,1.19787599302934e-06,1.37387487568008e-05
"ENSG00000283422.1","LINC02452"," lncRNA","chr12",14.5107400082033,-3.20093698783243,0.632811737175494,2.56785898056629e-08,4.58962372198351e-07
"ENSG00000154262.13","ABCA6"," protein_coding","chr17",175.876076131094,-3.19678043813411,0.39622124564738,3.08406935193669e-17,3.37046205471922e-15
"ENSG00000022267.19","FHL1"," protein_coding","chrX",3463.74574703839,-3.1816734948847,0.417668500375371,1.11396293231124e-15,8.99428081018862e-14
"ENSG00000174145.8","NWD2"," protein_coding","chr4",58.427359099428,-3.18098598613082,0.717366155264911,3.38033452917823e-07,4.49667615360931e-06
"ENSG00000170153.11","RNF150"," protein_coding","chr4",406.934140785796,-3.1785401839299,0.603723384192137,5.39194365586918e-09,1.13202915383054e-07
"ENSG00000099139.14","PCSK5"," protein_coding","chr9",2029.66450343275,-3.17338631159495,0.499085309411364,8.37357048924169e-12,3.2012879969353e-10
"ENSG00000176641.11","RNF152"," protein_coding","chr18",1214.85390438484,-3.17237950302672,0.408795605634266,3.61703089069849e-16,3.23420354408517e-14
"ENSG00000205683.11","DPF3"," protein_coding","chr14",176.913674578205,-3.17135001685358,0.227972691317914,2.34936645906683e-45,8.47285961426568e-42
"ENSG00000163106.11","HPGDS"," protein_coding","chr4",96.0988413607152,-3.16214217507315,0.471803492609038,7.57610910193365e-13,3.58462608207817e-11
"ENSG00000223573.7","TINCR"," protein_coding","chr19",183.979876342266,-3.15994206465867,0.486073871055037,3.85377003725871e-12,1.58916246725309e-10
"ENSG00000127129.10","EDN2"," protein_coding","chr1",127.894798519439,-3.15687766575836,0.579803024648721,0.000360271934775275,0.00198906386442182
"ENSG00000137441.8","FGFBP2"," protein_coding","chr4",31.9221578461586,-3.15655996249205,0.468962090885565,5.33448914401248e-13,2.5842813229307e-11
"ENSG00000253102.1","AC004707.1"," lncRNA","chr17",12.6296052846389,-3.15511352992339,0.374361492929067,5.03239757242316e-18,6.18718031839814e-16
"ENSG00000267405.1","AC005180.1"," lncRNA","chr17",7.89868858607063,-3.15137397401809,0.617974642362408,0.000243130425710856,0.00142215306500684
"ENSG00000170954.11","ZNF415"," protein_coding","chr19",146.511426675715,-3.14970139750004,0.345569451396329,3.35240995593898e-21,7.45291248971696e-19
"ENSG00000168356.13","SCN11A"," protein_coding","chr3",44.0993196926101,-3.14757383643747,0.489947379553787,7.27338500462041e-12,2.82391782870777e-10
"ENSG00000082397.17","EPB41L3"," protein_coding","chr18",2351.96684481417,-3.14433661402597,0.509684824431008,2.77804310675509e-11,9.5015514393105e-10
"ENSG00000261469.1","AC020978.4"," lncRNA","chr16",42.963475338654,-3.13768052702525,0.289315439673553,9.48514747452439e-29,7.15974224949099e-26
"ENSG00000074276.10","CDHR2"," protein_coding","chr5",4314.00118394751,-3.1364566294738,0.412762840911131,4.97682780162683e-07,6.27575278885794e-06
"ENSG00000173267.14","SNCG"," protein_coding","chr10",169.568325177263,-3.12705191695442,0.374555347451325,2.73721880186364e-18,3.53962740521475e-16
"ENSG00000250413.1","SLC2A9-AS1"," lncRNA","chr4",7.57651086717107,-3.12089117683951,0.632884068810361,6.15004531478828e-08,9.9908994408107e-07
"ENSG00000158887.19","MPZ"," protein_coding","chr1",163.945986553639,-3.11813457850261,0.318918129306016,7.34943885067279e-24,2.53774559803338e-21
"ENSG00000186417.14","GLDN"," protein_coding","chr15",240.503932651397,-3.1155497476791,0.551810099619935,6.43068104227375e-10,1.66433140611549e-08
"ENSG00000260057.6","LINC01571"," lncRNA","chr16",6.80242506957873,-3.114840666567,0.578993905309441,7.77068881708717e-09,1.56659017158395e-07
"ENSG00000241684.6","ADAMTS9-AS2"," lncRNA","chr3",36.1329250433204,-3.11279102963608,0.523105120238844,1.73868094489459e-10,5.03426459494991e-09
"ENSG00000258987.2","AL132642.1"," lncRNA","chr14",14.4767543327468,-3.11278790798693,0.508103748565165,5.73982766445604e-11,1.8611720912379e-09
"ENSG00000067840.12","PDZD4"," protein_coding","chrX",163.605248890707,-3.10745148094907,0.473305181773873,2.44929179295206e-12,1.05157556898992e-10
"ENSG00000136457.10","CHAD"," protein_coding","chr17",158.382291139139,-3.10626488045894,0.434888809595997,4.20667141596623e-14,2.52852112628578e-12
"ENSG00000130595.19","TNNT3"," protein_coding","chr11",12.0049788760375,-3.10049392410398,0.693611001481177,2.11101811836452e-07,2.95215105927943e-06
"ENSG00000197992.7","CLEC9A"," protein_coding","chr12",27.2686688796688,-3.09806794167049,0.529565702397942,9.76860521397837e-11,2.98840139524326e-09
"ENSG00000178473.7","UCN3"," protein_coding","chr10",119.45762891449,-3.09722619388823,0.709453422363098,4.70208003154125e-07,5.98275631767016e-06
"ENSG00000181374.8","CCL13"," protein_coding","chr17",310.279091960637,-3.09316865925107,0.734723737945609,8.3376315808562e-07,1.00008442664978e-05
"ENSG00000075035.10","WSCD2"," protein_coding","chr12",38.3164721221726,-3.09131454266617,0.609702249447337,1.59522499115839e-08,2.96720990045954e-07
"ENSG00000253958.2","CLDN23"," protein_coding","chr8",2487.54236399435,-3.09011464065322,0.361720097515054,5.6726257825826e-19,8.2565958587922e-17
"ENSG00000178462.12","TUBAL3"," protein_coding","chr10",946.487730821302,-3.08809340539411,0.550498499624924,8.02791743769925e-10,2.02259445064695e-08
"ENSG00000185774.16","KCNIP4"," protein_coding","chr4",27.7156150218229,-3.08491514885306,0.548115073456941,1.18952258445452e-09,2.87915913842094e-08
"ENSG00000185046.18","ANKS1B"," protein_coding","chr12",30.7210959405735,-3.08145697124001,0.604239975311781,1.7171501332078e-08,3.17942150733935e-07
"ENSG00000170214.5","ADRA1B"," protein_coding","chr5",28.3918187586087,-3.07911510407076,0.568807584122302,3.3607501873426e-09,7.36054180706924e-08
"ENSG00000134201.12","GSTM5"," protein_coding","chr1",182.238110620558,-3.07415355109486,0.394415444252178,3.16109379002449e-16,2.85801621829011e-14
"ENSG00000127083.7","OMD"," protein_coding","chr9",96.1264211266864,-3.06847638617247,0.716815664436731,6.72009195650091e-07,8.22786664368565e-06
"ENSG00000173320.12","STOX2"," protein_coding","chr4",114.432213204785,-3.06728085415726,0.414369958494289,5.95311807267814e-15,4.15540443877392e-13
"ENSG00000154118.13","JPH3"," protein_coding","chr16",19.0573849849871,-3.05974475434234,0.534064844852319,7.41046690519003e-10,1.88207304232127e-08
"ENSG00000089169.15","RPH3A"," protein_coding","chr12",9.0050127554462,-3.05927632927928,0.522424498690203,3.03059201788609e-10,8.38592972860586e-09
"ENSG00000248994.2","AC124852.1"," lncRNA","chr5",7.39662342923163,-3.05698990328562,0.605362438190459,3.00150800247709e-08,5.26326022390067e-07
"ENSG00000235904.3","RBMS3-AS3"," lncRNA","chr3",10.10004227392,-3.04409602484646,0.556965776154357,2.55289141052992e-09,5.72249650573066e-08
"ENSG00000184226.15","PCDH9"," protein_coding","chr13",52.927165905575,-3.04153707532361,0.536824603711127,7.52875783013642e-10,1.90614993487183e-08
"ENSG00000249797.2","LINC02147"," lncRNA","chr5",2.54924751106082,-3.03740718627968,0.790296620664219,3.36802678592525e-06,3.40771238832798e-05
"ENSG00000164161.10","HHIP"," protein_coding","chr4",315.809679203604,-3.03368414876977,0.388093601611061,2.13090167242488e-16,2.01060483963857e-14
"ENSG00000287367.1","AC016583.2"," lncRNA","chr5",24.1478298993706,-3.03079563464395,0.610032849887958,2.02300048457129e-08,3.69929857623746e-07
"ENSG00000039537.14","C6"," protein_coding","chr5",26.6814365826145,-3.03056093018504,0.699993019124263,0.000100663382294339,0.000665851245671416
"ENSG00000146151.14","HMGCLL1"," protein_coding","chr6",19.3470659872788,-3.03002192140224,0.450270719119185,4.1100685717437e-13,2.02742561856621e-11
"ENSG00000198650.11","TAT"," protein_coding","chr16",49.1554930858499,-3.02701511070217,0.819184424060003,7.20654828840404e-06,6.67551781806559e-05
"ENSG00000071967.12","CYBRD1"," protein_coding","chr2",3032.69023801102,-3.02554364689915,0.36537283419586,4.04605961595895e-07,5.26149851822097e-06
"ENSG00000072195.15","SPEG"," protein_coding","chr2",694.235691826557,-3.02103164058045,0.667101915720291,2.14582872740686e-07,2.99678693206949e-06
"ENSG00000226306.6","NPY6R"," transcribed_processed_pseudogene","chr5",128.396472193034,-3.01336228290392,1.24652477896442,0.000329445538304877,0.00183889321507512
"ENSG00000228222.1","AC073050.1"," lncRNA","chr2",7.42893573804051,-3.00555977276588,0.660020248081446,3.68922570341685e-07,4.85386655376992e-06
"ENSG00000235049.1","LINC00940"," lncRNA","chr12",49.5818103669413,-3.00290443312017,0.653748458816971,1.88636318407512e-07,2.6760304295765e-06
"ENSG00000153993.13","SEMA3D"," protein_coding","chr7",129.595847510182,-3.00084873133496,0.564341337531154,1.38672877751568e-09,3.29988582555747e-08
"ENSG00000282608.2","ADORA3"," protein_coding","chr1",151.836014673216,-3.00008816420377,0.362640749693737,4.23309318397962e-18,5.30493199095022e-16
"ENSG00000166959.8","MS4A8"," protein_coding","chr11",488.074270439435,-2.99353455323634,0.524297341548073,7.61540742617449e-05,0.000521698805907074
"ENSG00000211974.3","IGHV2-70D"," IG_V_gene","chr14",124.508772748643,-2.99318957410732,0.767747596267163,3.0092018940383e-06,3.07727394696582e-05
"ENSG00000226519.2","LINC00390"," lncRNA","chr13",63.0618049266438,-2.97968119722616,0.644054409664644,1.33898743932775e-07,1.99087743040313e-06
"ENSG00000187097.13","ENTPD5"," protein_coding","chr14",7302.60115452785,-2.97738513111573,0.284920985475127,6.7586864326663e-27,3.59628597100791e-24
"ENSG00000250486.5","FAM218A"," lncRNA","chr4",11.5897685107368,-2.97448352608995,0.425142130996145,8.65690618457708e-14,4.81140172840758e-12
"ENSG00000166111.10","SVOP"," protein_coding","chr12",21.5139971790346,-2.97435160407976,0.38062084532404,5.56664565038518e-16,4.79263088913003e-14
"ENSG00000145850.9","TIMD4"," protein_coding","chr5",28.7109945456242,-2.97076181274254,0.672607692337928,0.000558740324002797,0.00291236518839399
"ENSG00000112964.14","GHR"," protein_coding","chr5",330.950645975237,-2.96990786179282,0.52120155954901,5.04713629674187e-10,1.34168673152864e-08
"ENSG00000227467.3","LINC01537"," lncRNA","chr11",10.7969894118967,-2.96677840641686,0.51385222134115,6.64371210545224e-10,1.71144132951404e-08
"ENSG00000278535.5","DHRS11"," protein_coding","chr17",4784.95697298838,-2.96288224442633,0.368229332216866,3.82908317806677e-17,4.15666828741442e-15
"ENSG00000116183.11","PAPPA2"," protein_coding","chr1",53.0714066303734,-2.95972694463195,0.805698883472285,8.09326912247428e-06,7.3997557514724e-05
"ENSG00000139200.14","PIANP"," protein_coding","chr12",59.0398122469497,-2.95931361836032,0.348275469051984,1.69827353019361e-18,2.29677342679267e-16
"ENSG00000154175.18","ABI3BP"," protein_coding","chr3",1328.56147252745,-2.95623904620321,0.391647399809442,1.90400324861581e-15,1.47494361440506e-13
"ENSG00000171951.5","SCG2"," protein_coding","chr2",361.691960049935,-2.95282564138526,0.482416236330995,4.02340214812505e-11,1.32580291293241e-09
"ENSG00000185176.13","AQP12B"," protein_coding","chr2",13.1160099941579,-2.95223142909494,0.487094432435725,8.17970548688089e-11,2.5455117995511e-09
"ENSG00000142583.18","SLC2A5"," protein_coding","chr1",280.854090340852,-2.95022207947651,0.405312931074254,1.62572982791918e-05,0.000136351262931785
"ENSG00000140538.16","NTRK3"," protein_coding","chr15",69.0757718799058,-2.94857103258897,0.462959084444175,8.6792140604541e-12,3.30257831153833e-10
"ENSG00000211895.5","IGHA1"," IG_C_gene","chr14",132312.3093023,-2.9484469810542,0.567853944467521,7.87043102848555e-09,1.58276611104451e-07
"ENSG00000276975.3","HYDIN2"," transcribed_unprocessed_pseudogene","chr1",9.43089218680464,-2.94828963705964,0.521714042331915,1.37492016627987e-09,3.27418626244402e-08
"ENSG00000104888.10","SLC17A7"," protein_coding","chr19",44.257173990015,-2.94704535823544,0.372857678145294,1.51688700328333e-16,1.45236337323217e-14
"ENSG00000125675.18","GRIA3"," protein_coding","chrX",26.873811492266,-2.94313804931213,0.522760787908022,8.03230096396549e-10,2.02259445064695e-08
"ENSG00000263508.6","AC015908.2"," lncRNA","chr17",13.9896084881983,-2.93700661131318,0.522095969675231,1.74280144484361e-09,4.05504296033934e-08
"ENSG00000152932.8","RAB3C"," protein_coding","chr5",70.1628223885803,-2.93682075364635,0.443934125176292,1.54069669955889e-12,6.87867035409661e-11
"ENSG00000102678.7","FGF9"," protein_coding","chr13",77.3609876308825,-2.93329235857517,0.484329622289638,5.7555565106633e-11,1.86440971280548e-09
"ENSG00000240505.9","TNFRSF13B"," protein_coding","chr17",77.552874596829,-2.93039622689042,0.567487055611149,8.40922447348278e-09,1.67760668691029e-07
"ENSG00000142973.14","CYP4B1"," protein_coding","chr1",58.0514174798727,-2.93013658883432,0.638123588723704,1.84974153631516e-07,2.63675497521815e-06
"ENSG00000144619.15","CNTN4"," protein_coding","chr3",255.691803528827,-2.92670798096449,0.350890620643446,3.17953413776039e-18,4.01561552698158e-16
"ENSG00000145681.11","HAPLN1"," protein_coding","chr5",328.888865742097,-2.92103805109073,0.484237756377238,6.30217676823671e-11,2.01930951178112e-09
"ENSG00000198597.9","ZNF536"," protein_coding","chr19",63.6357166813585,-2.91782252219884,0.488296624143104,9.47506841093424e-11,2.90407715280551e-09
"ENSG00000117115.13","PADI2"," protein_coding","chr1",12934.0588156848,-2.91771240946506,0.542944859763771,2.99233336977909e-09,6.62518120847815e-08
"ENSG00000173175.15","ADCY5"," protein_coding","chr3",619.199832402481,-2.91704428934568,0.504033651962985,2.93541184759689e-10,8.15732857442636e-09
"ENSG00000166405.15","RIC3"," protein_coding","chr11",43.817271096859,-2.91608363394037,0.691575596822617,9.59897244857393e-07,1.12926222448645e-05
"ENSG00000172260.15","NEGR1"," protein_coding","chr1",485.89669623595,-2.91385070130967,0.38405828096317,1.39419399897799e-15,1.10372558094702e-13
"ENSG00000172554.12","SNTG2"," protein_coding","chr2",7.59625484120568,-2.91252708528404,0.546026440786409,4.66000792153729e-09,9.944414011654e-08
"ENSG00000145708.11","CRHBP"," protein_coding","chr5",20.0076948445973,-2.91222152036742,0.415766587859966,7.2314166182654e-14,4.07495348256351e-12
"ENSG00000226530.2","AL158055.1"," lncRNA","chrX",6.19565349825183,-2.91082399728475,0.626287638285082,1.65702962637505e-07,2.39873409896926e-06
"ENSG00000154277.13","UCHL1"," protein_coding","chr4",365.119649269526,-2.90882566468584,0.44604279402565,2.92385191263221e-12,1.23893453498977e-10
"ENSG00000234323.8","LINC01505"," lncRNA","chr9",5.88722301125455,-2.90836303374562,0.625858093808657,2.20639713966175e-07,3.07229679790395e-06
"ENSG00000156486.8","KCNS2"," protein_coding","chr8",14.5631355237949,-2.9040803742211,0.688993699386012,8.51469293320705e-07,1.0175622357365e-05
"ENSG00000158125.10","XDH"," protein_coding","chr2",2639.13931450575,-2.90177704618609,0.277961852221069,5.49113274232511e-27,3.0519145103656e-24
"ENSG00000197766.8","CFD"," protein_coding","chr19",2883.20413714818,-2.89715237843946,0.303601939036297,6.36615589776588e-23,1.94936498235552e-20
"ENSG00000134121.10","CHL1"," protein_coding","chr3",352.750542124149,-2.89700768989591,0.389224447768769,3.81082375442205e-15,2.81117539593252e-13
"ENSG00000104921.15","FCER2"," protein_coding","chr19",85.4767143541179,-2.89605448282588,0.608356867079956,7.14637883951733e-08,1.14433726873731e-06
"ENSG00000009694.13","TENM1"," protein_coding","chrX",20.9002535535944,-2.8920041416722,0.536770592747282,2.1872358653764e-09,4.9750036242738e-08
"ENSG00000040199.18","PHLPP2"," protein_coding","chr16",2636.28911210124,-2.89190865002047,0.364672040551706,9.59230056825115e-17,9.42347907429216e-15
"ENSG00000036473.8","OTC"," protein_coding","chrX",100.273763686616,-2.89143463012476,0.494387809920587,0.000690745254863589,0.00349714701019535
"ENSG00000181541.6","MAB21L2"," protein_coding","chr4",401.195519995316,-2.89042421115835,0.684608376338211,8.41217330134821e-07,1.00679321908245e-05
"ENSG00000240654.6","C1QTNF9"," protein_coding","chr13",10.6165341477118,-2.88716927367704,0.495911548842113,3.06337311407177e-10,8.46220974779077e-09
"ENSG00000124302.13","CHST8"," protein_coding","chr19",7.64838147416229,-2.87894020099265,0.650679559862907,4.30793271777296e-07,5.54853417333898e-06
"ENSG00000167555.14","ZNF528"," protein_coding","chr19",243.181557713239,-2.87386585780042,0.372019646291051,4.95254607648243e-16,4.32122958468996e-14
"ENSG00000182674.6","KCNB2"," protein_coding","chr8",5.9958038415555,-2.86953010139261,0.584303109233058,1.08273851836758e-07,1.65771352967806e-06
"ENSG00000094963.14","FMO2"," protein_coding","chr1",62.6779896409085,-2.86455787289964,0.577351383010841,2.683954313861e-08,4.7760849297862e-07
"ENSG00000228146.8","CASP16P"," transcribed_unitary_pseudogene","chr16",28.0030913637694,-2.86402247838151,0.413924912910641,6.45227918292963e-05,0.00045203556598215
"ENSG00000158008.10","EXTL1"," protein_coding","chr1",11.1476192332681,-2.86280543720635,0.501054821148876,8.47342291435882e-10,2.11683511004983e-08
"ENSG00000107562.16","CXCL12"," protein_coding","chr10",3565.49765568002,-2.86243466312503,0.365231239862988,2.04058855410226e-16,1.93100359443298e-14
"ENSG00000189129.14","PLAC9"," protein_coding","chr10",214.684556065253,-2.85669758564105,0.211276207241801,6.71608130124356e-43,1.98173242614331e-39
"ENSG00000127074.15","RGS13"," protein_coding","chr1",96.2891321315605,-2.85427141133259,0.638680529689347,3.05896879452848e-07,4.10790273615248e-06
"ENSG00000286035.1","AC073840.1"," lncRNA","chr4",25.265206964246,-2.85120121675452,0.468028495353367,6.43075826891246e-11,2.05442472335001e-09
"ENSG00000232855.7","AF165147.1"," lncRNA","chr21",25.6759059646698,-2.85001400822977,0.418128485517353,4.97457887305078e-13,2.42804332423281e-11
"ENSG00000147576.17","ADHFE1"," protein_coding","chr8",25.4901238071078,-2.84957472543724,0.349328699524118,1.33547506907806e-17,1.52094209796967e-15
"ENSG00000225523.2","IGKV6D-21"," IG_V_gene","chr2",67.4778461247936,-2.84920962379908,0.639668797560431,3.01976373041065e-07,4.06366049592326e-06
"ENSG00000166257.9","SCN3B"," protein_coding","chr11",51.0365812239906,-2.84814411382795,0.429333863455862,1.48008835262309e-12,6.64646703104853e-11
"ENSG00000287750.1","AL353572.4"," lncRNA","chr9",53.6272864502612,-2.84792512116052,0.411532076262451,2.22437019992686e-13,1.16261848549478e-11
"ENSG00000118308.15","IRAG2"," protein_coding","chr12",398.377241681551,-2.84754894812605,0.467691514008694,4.56962251749049e-11,1.49818997649198e-09
"ENSG00000179542.16","SLITRK4"," protein_coding","chrX",15.5221626110002,-2.84681456739086,0.377257729944535,1.19262213819296e-15,9.58171518848199e-14
"ENSG00000163687.14","DNASE1L3"," protein_coding","chr3",655.227455698449,-2.84569460996205,0.531744495577786,3.33264291713897e-09,7.30391112792011e-08
"ENSG00000099834.19","CDHR5"," protein_coding","chr11",19876.7688951838,-2.84550471804929,0.454673953778704,1.99860036093558e-11,7.05882160122384e-10
"ENSG00000225111.1","AC083900.1"," lncRNA","chr2",13.2178043112182,-2.84458613496059,0.530057648354615,2.60427170569597e-09,5.82961731196412e-08
"ENSG00000102010.15","BMX"," protein_coding","chrX",182.922603538221,-2.84157659112208,0.478582845916663,1.29497203294181e-10,3.8632538828332e-09
"ENSG00000235532.1","LINC00402"," lncRNA","chr13",11.6669013111317,-2.84119486582399,0.595024710612534,6.85518406971702e-08,1.1015126957172e-06
"ENSG00000158270.12","COLEC12"," protein_coding","chr18",533.829084288283,-2.83971876624909,0.400064643815902,5.27021980284772e-14,3.08217647496993e-12
"ENSG00000133328.4","PLAAT2"," protein_coding","chr11",237.767464135921,-2.83856086725488,0.788378578766255,9.8284509984599e-06,8.78972642894492e-05
"ENSG00000175600.16","SUGCT"," protein_coding","chr7",237.445485322579,-2.83660009758616,0.435891307673625,3.26326684403732e-12,1.3737887837064e-10
"ENSG00000137634.10","NXPE4"," protein_coding","chr11",4145.36443575022,-2.83411419332033,0.830043382598415,1.94658679431564e-05,0.000159309919742554
"ENSG00000125355.16","TMEM255A"," protein_coding","chrX",102.588166668,-2.82931256998599,0.386858992571451,9.37680758778314e-15,6.40741938282663e-13
"ENSG00000171126.8","KCNG3"," protein_coding","chr2",22.4809017191682,-2.82810802567843,0.522144480440237,1.82191904833793e-09,4.22097419492881e-08
"ENSG00000198865.10","CCDC152"," protein_coding","chr5",92.7318542869106,-2.82256393218411,0.410895835645104,3.24412540956125e-13,1.63252438051999e-11
"ENSG00000063015.20","SEZ6"," protein_coding","chr17",17.3299151974665,-2.81744683284365,0.585894609992118,9.16279777737448e-08,1.42914988110534e-06
"ENSG00000178404.10","CEP295NL"," protein_coding","chr17",3.02898540758531,-2.81720353897213,0.713901801158721,5.08053997204087e-06,4.88026535698439e-05
"ENSG00000065609.14","SNAP91"," protein_coding","chr6",25.5531524098865,-2.81317958900093,0.606450128783135,1.69086268065642e-07,2.43920092838871e-06
"ENSG00000165702.14","GFI1B"," protein_coding","chr9",34.9452049245435,-2.81186187945832,0.387709705511142,1.45025533955882e-14,9.54815168588236e-13
"ENSG00000144218.19","AFF3"," protein_coding","chr2",203.145284746911,-2.81113597357237,0.419370490168464,8.65453736347315e-13,4.03025787293561e-11
"ENSG00000166816.15","LDHD"," protein_coding","chr16",1863.94561875977,-2.81110225249007,0.45710401797417,3.20554150437014e-11,1.07707521893215e-09
"ENSG00000124568.12","SLC17A1"," protein_coding","chr6",7.21465745941537,-2.80726579290759,0.630206691977153,5.20768168132076e-07,6.53891419776825e-06
"ENSG00000175329.13","ISX"," protein_coding","chr22",3158.01316971416,-2.80669898603008,0.467398864273426,7.77245090318083e-11,2.44218984913304e-09
"ENSG00000156687.11","UNC5D"," protein_coding","chr8",28.9611549111291,-2.80514218183873,0.531136642211395,6.09609229153779e-09,1.2635182860711e-07
"ENSG00000152779.14","SLC16A12"," protein_coding","chr10",16.5147015011603,-2.80444586291672,0.455330224813315,2.18730024256362e-11,7.65036543891486e-10
"ENSG00000160712.13","IL6R"," protein_coding","chr1",1890.76169263414,-2.80285762095566,0.30560804308198,2.0882712570519e-21,4.77331749728102e-19
"ENSG00000160801.14","PTH1R"," protein_coding","chr3",50.7082981183098,-2.79892045858992,0.305408785299223,3.2384159191797e-21,7.24913820032653e-19
"ENSG00000224057.1","EGFR-AS1"," lncRNA","chr7",7.17488174669316,-2.79880705477324,0.544617025608955,0.0125529059298258,0.039124469048424
"ENSG00000120885.22","CLU"," protein_coding","chr8",7158.1361208072,-2.79334403573372,0.372167066664487,2.65024864028915e-15,2.00050628759314e-13
"ENSG00000162761.14","LMX1A"," protein_coding","chr1",18.3408499427404,-2.78621008092387,0.569653836543669,3.79541634139246e-08,6.48376966362719e-07
"ENSG00000249167.2","SEMA6A-AS2"," lncRNA","chr5",18.6680620231206,-2.78599628604717,0.368092532439223,3.00906262174824e-15,2.250418308219e-13
"ENSG00000080644.16","CHRNA3"," protein_coding","chr15",170.883374162765,-2.7858158784909,0.373661021494173,4.05193620460157e-15,2.95545495121254e-13
"ENSG00000100628.12","ASB2"," protein_coding","chr14",493.134168060154,-2.78144759257511,0.486661491413189,4.34569934446746e-10,1.17641959401772e-08
"ENSG00000154258.17","ABCA9"," protein_coding","chr17",148.331364025561,-2.7789203001124,0.520223536764854,4.00525162576961e-09,8.66105644698402e-08
"ENSG00000162398.11","LEXM"," protein_coding","chr1",26.4514401336406,-2.77848380002216,0.330403535997328,2.68183644026655e-18,3.49586534852095e-16
"ENSG00000225698.3","IGHV3-72"," IG_V_gene","chr14",682.805008701077,-2.77549612829036,0.661002477493605,9.21217916954248e-07,1.09047743065284e-05
"ENSG00000198768.11","APCDD1L"," protein_coding","chr20",30.8861572114488,-2.77464159942461,0.613676681531421,1.93438114235981e-07,2.73816585777212e-06
"ENSG00000273445.1","AC133644.1"," lncRNA","chr2",13.0198325503955,-2.77154036578658,0.643059114932809,6.20659607485222e-07,7.67790151632414e-06
"ENSG00000151789.12","ZNF385D"," protein_coding","chr3",55.4894535940464,-2.77028465057139,0.510473994065539,1.90215084435682e-09,4.38494404162882e-08
"ENSG00000129990.15","SYT5"," protein_coding","chr19",34.5227721910945,-2.76924882452516,0.506013667207202,2.17541348216915e-09,4.95158280534686e-08
"ENSG00000082482.14","KCNK2"," protein_coding","chr1",25.9496138253736,-2.76863874144229,0.533972145301831,1.1553008961734e-08,2.23074101653755e-07
"ENSG00000114455.13","HHLA2"," protein_coding","chr3",5022.18056276918,-2.76193523498656,0.387945604128807,4.68551667384727e-14,2.78030164898967e-12
"ENSG00000006747.15","SCIN"," protein_coding","chr7",2496.73762292286,-2.75374729185187,0.488031006027444,7.03169893974531e-10,1.7971250723327e-08
"ENSG00000163803.13","PLB1"," protein_coding","chr2",187.524530702336,-2.7522410179,0.30266733663123,2.31907554334157e-05,0.000185400379275322
"ENSG00000092051.17","JPH4"," protein_coding","chr14",42.9438652728365,-2.75140723897244,0.433896781712634,1.18466271719856e-11,4.39448942569496e-10
"ENSG00000272143.1","FGF14-AS2"," lncRNA","chr13",30.4518478843575,-2.74672292374205,0.388020822066644,6.48814729762426e-14,3.69460149098751e-12
"ENSG00000270472.2","IGHV3OR16-9"," IG_V_gene","chr16",24.6838092353697,-2.74557023997849,0.475077877938523,2.76834877450682e-10,7.73279384879023e-09
"ENSG00000138622.4","HCN4"," protein_coding","chr15",7.47181640706787,-2.74461144131979,0.629508282967037,5.80206730594708e-07,7.22376296956004e-06
"ENSG00000241635.8","UGT1A1"," protein_coding","chr2",203.104562058114,-2.7338175959892,0.756776114029043,9.52633711382809e-06,8.54395827688953e-05
"ENSG00000123119.12","NECAB1"," protein_coding","chr8",54.2577880792847,-2.73240284262651,0.551963044211461,2.97014053376352e-08,5.21388974823669e-07
"ENSG00000152580.8","IGSF10"," protein_coding","chr3",177.10597240941,-2.73184840546145,0.520597146189808,6.05263089649397e-09,1.25531178043707e-07
"ENSG00000226237.2","GAS1RR"," lncRNA","chr9",19.7300956802239,-2.73015514527603,0.718033972696511,4.77147798155197e-06,4.63135862216549e-05
"ENSG00000171658.8","NMRAL2P"," transcribed_unprocessed_pseudogene","chr3",97.6224431214312,-2.72939367661689,0.41651836476317,2.3606629811685e-12,1.01621218889611e-10
"ENSG00000280032.1","AP002800.1"," TEC","chr11",32.8583858576098,-2.72516184559662,0.460889497729956,1.58198845281432e-10,4.6343123828021e-09
"ENSG00000113805.8","CNTN3"," protein_coding","chr3",201.089430885668,-2.72431674411303,0.655038582837463,1.09918730312495e-06,1.2741936244582e-05
"ENSG00000176490.5","DIRAS1"," protein_coding","chr19",66.3738660358724,-2.72217929854916,0.41975723687129,3.86187910105262e-12,1.58916246725309e-10
"ENSG00000237111.1","IGHJ3P"," IG_J_pseudogene","chr14",52.6334143265351,-2.72091639060542,0.739468644786308,7.34815087721695e-06,6.78924796961878e-05
"ENSG00000141668.10","CBLN2"," protein_coding","chr18",45.5600847933678,-2.72011461324213,0.478289984343919,7.26260912522402e-10,1.85176564796953e-08
"ENSG00000047936.11","ROS1"," protein_coding","chr6",37.1392358147558,-2.7200497626612,0.655295258635427,1.16266181576077e-06,1.33726708773788e-05
"ENSG00000227742.2","CALR4P"," transcribed_unitary_pseudogene","chr1",15.946557488655,-2.71580415316323,0.631950497135459,6.31039970613314e-07,7.80277918711122e-06
"ENSG00000101680.15","LAMA1"," protein_coding","chr18",479.679519096738,-2.70904502990962,0.54921162068957,3.12283612549019e-08,5.4499704450029e-07
"ENSG00000287090.1","AC116345.4"," lncRNA","chr5",52.5173804245855,-2.70852109194921,0.522839463027527,8.62861740456586e-09,1.71400038994736e-07
"ENSG00000108242.13","CYP2C18"," protein_coding","chr10",145.045196521352,-2.70747361400761,0.491020656667608,0.00158861205074735,0.0070480002656038
"ENSG00000211599.2","IGKV5-2"," IG_V_gene","chr2",121.093525648142,-2.70421469607067,0.562142288961542,5.57152966521801e-08,9.15185778712785e-07
"ENSG00000165495.16","PKNOX2"," protein_coding","chr11",71.8466331016063,-2.70410096352409,0.338846614033986,9.11829716308597e-17,9.07857942697682e-15
"ENSG00000151892.15","GFRA1"," protein_coding","chr10",444.864930151884,-2.70170972001055,0.530156144589409,1.36124084555574e-08,2.5807917853416e-07
"ENSG00000132185.18","FCRLA"," protein_coding","chr1",155.301515674641,-2.69909890162284,0.772323421915234,1.4513319202216e-05,0.000123511618947438
"ENSG00000228307.2","OR2S1P"," transcribed_unprocessed_pseudogene","chr9",37.198111421598,-2.686495127795,0.42747045625793,1.81713596961756e-11,6.4671709760797e-10
"ENSG00000179639.10","FCER1A"," protein_coding","chr1",99.0600544949241,-2.68541273778322,0.563791332095334,7.00868482683786e-08,1.12395203611415e-06
"ENSG00000233760.2","AC004947.1"," lncRNA","chr7",15.0089422924277,-2.68527904076252,0.534030045166816,2.86188063560059e-08,5.0566642172196e-07
"ENSG00000012124.17","CD22"," protein_coding","chr19",185.153256916014,-2.68436665814608,0.60367777696413,0.00888276424993326,0.0294808711366914
"ENSG00000258819.2","LINC02289"," lncRNA","chr14",12.3883376299867,-2.68172131903094,0.481212267430372,1.18824655815344e-09,2.87821692421972e-08
"ENSG00000018236.15","CNTN1"," protein_coding","chr12",173.217291346458,-2.68129252828969,0.634495455139025,8.74042076318605e-07,1.04108835644584e-05
"ENSG00000156298.13","TSPAN7"," protein_coding","chrX",1677.80696270273,-2.67962014699237,0.312293540765965,4.23165248055678e-19,6.27173407369462e-17
"ENSG00000213088.12","ACKR1"," protein_coding","chr1",678.56999779383,-2.67800720332733,0.500319976652975,3.30430065010847e-09,7.25158826918328e-08
"ENSG00000188783.6","PRELP"," protein_coding","chr1",1875.01511735157,-2.67628346039556,0.662121742711315,1.85668950326661e-06,2.0128399431205e-05
"ENSG00000178031.17","ADAMTSL1"," protein_coding","chr9",395.596291243617,-2.67238856565388,0.302370734423689,4.36939899767762e-20,7.80391671992278e-18
"ENSG00000204136.11","GGTA1"," protein_coding","chr9",288.536402001702,-2.66715747005245,0.454006340975985,1.60763047873213e-10,4.70518215317291e-09
"ENSG00000085265.11","FCN1"," protein_coding","chr9",91.8734731522544,-2.66370034304032,0.484958725810407,0.00554260684794465,0.0200224744652852
"ENSG00000224607.4","IGKV1D-27"," IG_V_pseudogene","chr2",28.9674704071278,-2.66348389614827,0.672507797882737,2.04085788024976e-06,2.18548878512526e-05
"ENSG00000106511.6","MEOX2"," protein_coding","chr7",56.1218183155859,-2.66113199412982,0.415416290420665,5.96680250630374e-12,2.34752091817705e-10
"ENSG00000149294.17","NCAM1"," protein_coding","chr11",537.170977207996,-2.65650577397756,0.400628127428321,1.41997471539351e-12,6.39244650655237e-11
"ENSG00000174944.9","P2RY14"," protein_coding","chr3",294.910600831799,-2.65585411860989,0.357892582862694,4.63181629990118e-15,3.33346992155638e-13
"ENSG00000180155.20","LYNX1"," protein_coding","chr8",241.390085296144,-2.65187706884791,0.47204404284712,7.90382715291618e-10,1.99488663864194e-08
"ENSG00000165023.7","DIRAS2"," protein_coding","chr9",18.5711194773856,-2.64931154583707,0.615496382646121,8.12811925123836e-07,9.77844679972923e-06
"ENSG00000077157.22","PPP1R12B"," protein_coding","chr1",5227.37573015199,-2.64733718217615,0.442208189850859,9.04192271524386e-11,2.78446610523136e-09
"ENSG00000120907.18","ADRA1A"," protein_coding","chr8",13.1544582031885,-2.64609479884579,0.521023211350541,2.5203798129003e-08,4.51221665566013e-07
"ENSG00000207296.1","RNU6-140P"," snRNA","chr19",9.10524145699029,-2.64423243153669,0.4408024539305,2.19199564588507e-10,6.23010461244639e-09
"ENSG00000240253.6","FAR2P3"," transcribed_unprocessed_pseudogene","chr2",2.9758033821315,-2.64399194888665,0.716447219857146,1.09001893550764e-05,9.59323064227409e-05
"ENSG00000171714.12","ANO5"," protein_coding","chr11",290.99720429896,-2.64374114446804,0.679423492684704,3.3752409779725e-06,3.41116169562268e-05
"ENSG00000147614.4","ATP6V0D2"," protein_coding","chr8",104.269614767779,-2.63442696760256,0.52431026621885,1.82266958564224e-08,3.35185322440656e-07
"ENSG00000248211.1","TRPC7-AS1"," lncRNA","chr5",19.3449911423549,-2.63178417784644,0.323999058000701,2.05669493427138e-17,2.3019380750545e-15
"ENSG00000109846.9","CRYAB"," protein_coding","chr11",831.775867196175,-2.63164873373143,0.426367164427331,2.80551213504508e-11,9.57532206932632e-10
"ENSG00000244116.3","IGKV2-28"," IG_V_gene","chr2",65.460857810822,-2.63056585863411,0.645108076745214,1.52905501405776e-06,1.69733473482513e-05
"ENSG00000158467.16","AHCYL2"," protein_coding","chr7",11300.3366933485,-2.62139895835448,0.39812260640573,1.89506652384235e-12,8.33469772776083e-11
"ENSG00000164850.15","GPER1"," protein_coding","chr7",242.483058978251,-2.62020288656893,0.375553180710981,1.41958204540986e-13,7.64125937477831e-12
"ENSG00000148680.16","HTR7"," protein_coding","chr10",33.7402298481472,-2.6186730880872,0.418816244639412,1.02673798011786e-11,3.85270073510583e-10
"ENSG00000213225.7","NOC2LP1"," transcribed_processed_pseudogene","chr2",50.647047806343,-2.61380667478211,0.50768897817067,8.24153431704147e-09,1.64719039939983e-07
"ENSG00000163661.4","PTX3"," protein_coding","chr3",49.8895370396337,-2.61151078478464,0.359690998321824,1.32412051613991e-14,8.8251136987411e-13
"ENSG00000082175.15","PGR"," protein_coding","chr11",91.4630885947712,-2.61039165701888,0.474515379657988,1.5684248607449e-09,3.67831894003309e-08
"ENSG00000101605.13","MYOM1"," protein_coding","chr18",280.745828591539,-2.60839383974458,0.459298221492477,5.73332076512484e-10,1.50286432524208e-08
"ENSG00000250320.6","EDIL3-DT"," lncRNA","chr5",50.0377648808762,-2.60623553152717,0.483278020051139,2.78823880039272e-09,6.20717798238319e-08
"ENSG00000253177.2","AC104211.1"," lncRNA","chr8",7.92373129037489,-2.60486568166189,0.483069300488807,4.65556650727805e-09,9.94147221665994e-08
"ENSG00000102886.15","GDPD3"," protein_coding","chr16",541.256461446037,-2.59927896113848,0.299545487283091,1.88323234713539e-19,2.98175392796685e-17
"ENSG00000211899.10","IGHM"," IG_C_gene","chr14",24536.3847762496,-2.59686779623547,0.621050295609971,9.98289965769696e-07,1.16892120162167e-05
"ENSG00000183379.9","SYNDIG1L"," protein_coding","chr14",9.39393810561594,-2.59265431514488,0.396762409979981,4.70071382590176e-12,1.9024410144778e-10
"ENSG00000263400.8","TMEM220-AS1"," lncRNA","chr17",66.6244890573555,-2.59164803398401,0.367666321009729,1.02993515713592e-13,5.6660398864945e-12
"ENSG00000145287.11","PLAC8"," protein_coding","chr4",6307.97707853733,-2.58679258612321,0.4178243341809,2.12304495862179e-11,7.46584975806568e-10
"ENSG00000166866.13","MYO1A"," protein_coding","chr12",8495.44920173728,-2.57223191677454,0.4141153931724,2.17003800382717e-11,7.60638159052076e-10
"ENSG00000127951.8","FGL2"," protein_coding","chr7",2577.78115942886,-2.57157761643939,0.423440259201881,5.21497820572378e-11,1.70118354373249e-09
"ENSG00000188730.5","VWC2"," protein_coding","chr7",26.6725725519396,-2.56875174920703,0.562993032798987,1.98989631315674e-07,2.80573651313821e-06
"ENSG00000254827.6","SLC22A18AS"," protein_coding","chr11",464.24238323317,-2.56467880439587,0.347402619808545,6.69280583871875e-15,4.65171503025981e-13
"ENSG00000111962.8","UST"," protein_coding","chr6",153.382691511188,-2.5600720862163,0.280788110506444,3.5906151503816e-21,7.92817595585618e-19
"ENSG00000144331.20","ZNF385B"," protein_coding","chr2",26.9160313330199,-2.55839576182253,0.541304435865221,8.74214964009932e-08,1.36814220356e-06
"ENSG00000231346.5","LINC01160"," lncRNA","chr1",4.51768148249281,-2.55822698476152,0.540698616376528,0.0024539873972765,0.010147983557243
"ENSG00000124440.16","HIF3A"," protein_coding","chr19",220.801854600709,-2.55121238616446,0.657636344021993,3.50514817511076e-06,3.523384932417e-05
"ENSG00000198624.13","CCDC69"," protein_coding","chr5",2195.18129006864,-2.54371495029997,0.402883055460901,1.14438613104835e-11,4.25968865155588e-10
"ENSG00000169715.15","MT1E"," protein_coding","chr16",5128.02522817084,-2.53952411988878,0.633325224584708,2.07490810600888e-06,2.2168323668478e-05
"ENSG00000148948.8","LRRC4C"," protein_coding","chr11",22.3179254056774,-2.53630443020077,0.481468308416694,5.08115896956174e-09,1.07093673918205e-07
"ENSG00000112183.15","RBM24"," protein_coding","chr6",120.373485586617,-2.53415592505524,0.602802018077483,9.58412266701887e-07,1.12833316476641e-05
"ENSG00000125775.15","SDCBP2"," protein_coding","chr20",5015.05742589027,-2.52828311803032,0.443470333398181,4.80251189877229e-10,1.28507775111584e-08
"ENSG00000137727.12","ARHGAP20"," protein_coding","chr11",122.299298632007,-2.52754773322795,0.39796241454656,9.45546193200501e-12,3.57698582038483e-10
"ENSG00000162520.15","SYNC"," protein_coding","chr1",116.85967685993,-2.52449904956616,0.31004135746748,1.65070345561312e-17,1.86036572091286e-15
"ENSG00000006016.11","CRLF1"," protein_coding","chr19",42.6787922660124,-2.51962970859929,0.495441387346486,1.42118521623838e-08,2.6803503630834e-07
"ENSG00000231672.8","DIRC3"," lncRNA","chr2",9.53295840188113,-2.51876087779152,0.540629060405907,1.70195901570029e-07,2.44867844554964e-06
"ENSG00000169860.7","P2RY1"," protein_coding","chr3",977.710779512495,-2.51808565446497,0.283547391737366,3.13907522932795e-20,5.78909680645038e-18
"ENSG00000170891.11","CYTL1"," protein_coding","chr4",35.5236099724105,-2.51694362130971,0.489829041551204,9.46029808722838e-09,1.86324244730133e-07
"ENSG00000287401.1","AC034139.1"," lncRNA","chr4",28.5266092733667,-2.51566090707152,0.415681879607023,6.40285898404577e-11,2.04752706309515e-09
"ENSG00000102003.11","SYP"," protein_coding","chrX",231.884216631026,-2.5122863951693,0.325882259303468,6.32589233596567e-16,5.40331088002036e-14
"ENSG00000253537.3","PCDHGA7"," protein_coding","chr5",25.1900109694565,-2.51059214124622,0.387655895807986,3.68519666267955e-12,1.52763873917309e-10
"ENSG00000185432.12","METTL7A"," protein_coding","chr12",5751.11704474401,-2.49958705544789,0.299293936984833,2.98650994991792e-18,3.80141725311513e-16
"ENSG00000183798.5","EMILIN3"," protein_coding","chr20",32.3682982184775,-2.49397463774322,0.392307925247174,9.87798355686722e-12,3.71087488760181e-10
"ENSG00000102383.14","ZDHHC15"," protein_coding","chrX",32.234229578767,-2.49390204013987,0.353407141426274,6.5369583600803e-14,3.71587731088417e-12
"ENSG00000162817.7","C1orf115"," protein_coding","chr1",4232.51634772046,-2.49207780875335,0.399011830707972,1.76809737908975e-11,6.31341086144059e-10
"ENSG00000261729.2","AL133383.1"," lncRNA","chr1",11.6193992796244,-2.49005301705714,0.609294666483104,1.25808969342485e-06,1.43482344586029e-05
"ENSG00000250073.3","AP000866.2"," lncRNA","chr11",83.6762503185808,-2.4888919614795,0.3597392497166,1.87537650085329e-13,9.89771877474731e-12
"ENSG00000188828.12","GLRA4"," protein_coding","chrX",107.742514686982,-2.48055055912309,0.464023631715485,3.58713113195491e-09,7.81941586843469e-08
"ENSG00000101938.15","CHRDL1"," protein_coding","chrX",1387.23854502594,-2.47368037104049,0.876268316590773,0.000124164443524298,0.000798836374214403
"ENSG00000072163.20","LIMS2"," protein_coding","chr2",1540.70254939097,-2.4716051103207,0.525783667052671,9.90294924771299e-08,1.53647192486744e-06
"ENSG00000225194.3","LINC00092"," lncRNA","chr9",27.2188249178134,-2.4708770626829,0.286885634748461,3.390341496458e-19,5.18368309867172e-17
"ENSG00000157152.17","SYN2"," protein_coding","chr3",59.7239388386248,-2.47046834144668,0.478287426158028,9.23320328610186e-09,1.82072486184869e-07
"ENSG00000106404.14","CLDN15"," protein_coding","chr7",875.991119107604,-2.46712945445814,0.33410636376218,0.000548468869569396,0.00286854698170858
"ENSG00000230798.5","FOXD3-AS1"," lncRNA","chr1",9.7654558532407,-2.46571811271994,0.563193115799801,5.94324289476824e-07,7.38254029385332e-06
"ENSG00000255408.4","PCDHA3"," protein_coding","chr5",7.69674359026626,-2.46472929650031,0.44153890819201,2.13806768432298e-09,4.87341298439294e-08
"ENSG00000248309.7","MEF2C-AS1"," lncRNA","chr5",18.7743035744468,-2.46416243335958,0.455055806837644,3.90877731427017e-09,8.47502298373956e-08
"ENSG00000173597.9","SULT1B1"," protein_coding","chr4",9246.41333846843,-2.46310905078709,0.469023115598193,5.7348743251238e-09,1.20014539551817e-07
"ENSG00000152583.12","SPARCL1"," protein_coding","chr4",5929.55486548128,-2.46125839923387,0.429881273779919,4.19215812456222e-10,1.13923532861546e-08
"ENSG00000215218.4","UBE2QL1"," protein_coding","chr5",67.6452632912644,-2.45025915692419,0.495659577947188,3.12309600952165e-08,5.4499704450029e-07
"ENSG00000136842.14","TMOD1"," protein_coding","chr9",196.515793894156,-2.44968079589567,0.568983906286944,6.20704096950969e-07,7.67790151632414e-06
"ENSG00000146938.16","NLGN4X"," protein_coding","chrX",125.179458090019,-2.44468744705096,0.424618620398313,3.2914807420749e-10,9.05380355307348e-09
"ENSG00000116833.14","NR5A2"," protein_coding","chr1",1374.06102245053,-2.44466999951037,0.436900428887993,5.90581624586003e-11,1.90737297222015e-09
"ENSG00000124615.20","MOCS1"," protein_coding","chr6",679.874600514203,-2.44464432382722,0.329427285608772,5.12961562090444e-15,3.65125139963413e-13
"ENSG00000122733.12","PHF24"," protein_coding","chr9",15.1081700377923,-2.44106419729519,0.460236786237886,4.69307389226375e-09,1.00083963465898e-07
"ENSG00000205002.4","AARD"," protein_coding","chr8",16.8852489200237,-2.43956293743287,0.508197694526981,6.29731306784087e-08,1.02096996781208e-06
"ENSG00000170381.14","SEMA3E"," protein_coding","chr7",119.032690662789,-2.43882821145685,1.00752925465862,1.14376999173225e-06,1.31787314134346e-05
"ENSG00000162733.19","DDR2"," protein_coding","chr1",1724.35619938726,-2.4384755989354,0.495431413136661,3.27882658818404e-08,5.700276025671e-07
"ENSG00000146122.17","DAAM2"," protein_coding","chr6",648.3108629026,-2.43742950060339,0.334945943099738,1.48622552394291e-14,9.76516357411718e-13
"ENSG00000109099.16","PMP22"," protein_coding","chr17",2117.21411153642,-2.42828262067279,0.232164208860002,1.00607934662428e-06,1.17719262554906e-05
"ENSG00000184113.9","CLDN5"," protein_coding","chr22",815.224410653395,-2.42804732080941,0.412634812115301,1.61768696601978e-10,4.73034986874506e-09
"ENSG00000249346.7","LINC01016"," lncRNA","chr6",9.55174969711134,-2.42631804891334,0.393079129880881,6.15126863982259e-11,1.97876984649516e-09
"ENSG00000145423.5","SFRP2"," protein_coding","chr4",3655.76474448016,-2.42116919236654,0.842985469644503,0.000110833239149594,0.000723682413260414
"ENSG00000239961.3","LILRA4"," protein_coding","chr19",21.4856281722584,-2.42111655290564,0.629417094920344,3.43246116447428e-06,3.45950500892637e-05
"ENSG00000175356.14","SCUBE2"," protein_coding","chr11",518.649217410481,-2.41578297242816,0.425557746721105,5.73679493183481e-10,1.50286432524208e-08
"ENSG00000065154.12","OAT"," protein_coding","chr10",3294.95362435879,-2.41064191116808,0.262973016501227,0.0145282055940306,0.0440748198122296
"ENSG00000099864.18","PALM"," protein_coding","chr19",521.256885290592,-2.41052905847262,0.452538643000014,3.95911756470211e-09,8.57062985054469e-08
"ENSG00000185760.17","KCNQ5"," protein_coding","chr6",21.4838702464,-2.40829853245105,0.403586678115173,1.03960596150181e-10,3.1536009624697e-09
"ENSG00000168913.7","ENHO"," protein_coding","chr9",41.8586000229668,-2.40472160312333,0.430149399042604,7.80298739288362e-10,1.97096781944137e-08
"ENSG00000111339.12","ART4"," protein_coding","chr12",10.5707515893809,-2.40364332427657,0.578494495318944,9.37938119846501e-07,1.10623530138001e-05
"ENSG00000117281.16","CD160"," protein_coding","chr1",50.3675967617557,-2.40001584929732,0.461311504868402,8.05925429014984e-09,1.61673223578296e-07
"ENSG00000161640.15","SIGLEC11"," protein_coding","chr19",20.4060888815354,-2.39815675772566,0.483297513081856,2.30240843095457e-08,4.15637223870542e-07
"ENSG00000113580.15","NR3C1"," protein_coding","chr5",1209.31430894065,-2.39649060649262,0.304969610748446,1.68451020519126e-16,1.60339683988557e-14
"ENSG00000174099.12","MSRB3"," protein_coding","chr12",1351.47077112734,-2.3949034576637,0.508024314245494,9.17593037673467e-08,1.43051079811745e-06
"ENSG00000262097.2","LINC02185"," lncRNA","chr16",19.7682660427799,-2.390701282244,0.337122398116723,7.93968489372496e-14,4.45088587703842e-12
"ENSG00000188848.16","BEND4"," protein_coding","chr4",26.1134276050345,-2.38562054928519,0.540809661763268,3.29613158060177e-07,4.39186530554895e-06
"ENSG00000144821.10","MYH15"," protein_coding","chr3",137.436431797055,-2.38327690524168,0.398838273605105,1.00053430023274e-10,3.04932791708489e-09
"ENSG00000116741.8","RGS2"," protein_coding","chr1",1494.79290970896,-2.38084763330476,0.397224677326203,8.40335240206297e-11,2.60761005990593e-09
"ENSG00000168280.18","KIF5C"," protein_coding","chr2",164.878937335199,-2.37951549208222,0.443603151640257,3.41989833437499e-09,7.47023389504881e-08
"ENSG00000215861.6","AC245297.1"," transcribed_unprocessed_pseudogene","chr1",27.9064107677223,-2.37747173152287,0.411728462855499,3.91033080407765e-10,1.06746440066234e-08
"ENSG00000171189.17","GRIK1"," protein_coding","chr21",16.6287227486729,-2.37191731083298,0.314364387473948,4.24439609638478e-15,3.08198229298562e-13
"ENSG00000196502.12","SULT1A1"," protein_coding","chr16",1615.11215361845,-2.35930297593717,0.393389614350198,8.32768135613327e-11,2.58907932430434e-09
"ENSG00000138744.16","NAAA"," protein_coding","chr4",3491.9375295571,-2.35802715160532,0.285687105303098,6.79454014306101e-18,8.13790346728687e-16
"ENSG00000271474.1","AC106881.1"," lncRNA","chr4",15.111499972547,-2.3578951982723,0.324629391235315,1.94849826153533e-14,1.25484834470067e-12
"ENSG00000211933.2","IGHV6-1"," IG_V_gene","chr14",855.090083075316,-2.35654822222698,0.644726021452916,8.34789046302315e-06,7.60319118398442e-05
"ENSG00000155719.18","OTOA"," protein_coding","chr16",10.245187311532,-2.35446077852408,0.513033552253494,2.1087113902734e-07,2.95019630627129e-06
"ENSG00000125148.7","MT2A"," protein_coding","chr16",7202.28255858515,-2.35040233687159,0.50556064880466,1.25080197432359e-07,1.87869183167955e-06
"ENSG00000134532.19","SOX5"," protein_coding","chr12",61.3424676138966,-2.34829823517525,0.347821506115389,6.91326227676259e-13,3.28536847700088e-11
"ENSG00000126895.15","AVPR2"," protein_coding","chrX",30.7606407995131,-2.34817968771302,0.39140122572434,8.79488598973582e-11,2.71870866147472e-09
"ENSG00000105784.15","RUNDC3B"," protein_coding","chr7",239.705848147735,-2.34736557948534,0.563955129137172,1.14364673832829e-06,1.31787314134346e-05
"ENSG00000225914.3","TSBP1-AS1"," lncRNA","chr6",12.092125882787,-2.34632446852364,0.373649224132519,1.70786793926222e-11,6.13886794823622e-10
"ENSG00000261888.1","AC144831.1"," lncRNA","chr17",82.2107660707341,-2.3450890990118,0.494318689701962,8.58778895542975e-08,1.3482695390353e-06
"ENSG00000091986.16","CCDC80"," protein_coding","chr3",3556.48921636598,-2.34328256071027,0.53963147497093,5.10891275201163e-07,6.42982125260929e-06
"ENSG00000162687.19","KCNT2"," protein_coding","chr1",29.287637893594,-2.34298381151559,0.413389243051885,6.70972486437018e-10,1.72570720798516e-08
"ENSG00000170703.15","TTLL6"," protein_coding","chr17",275.969875270721,-2.34229055511534,0.351355011765558,1.10262076811551e-12,5.03359562468259e-11
"ENSG00000241294.1","IGKV2-24"," IG_V_gene","chr2",807.510243109331,-2.33825683620798,0.67998425493708,1.82695185234825e-05,0.000150505591937867
"ENSG00000214787.10","MS4A4E"," protein_coding","chr11",22.1811445384243,-2.33489728777583,0.515159675215649,2.52097781062947e-07,3.46866883329424e-06
"ENSG00000172831.14","CES2"," protein_coding","chr16",18704.186299638,-2.32926423369748,0.445051164035483,6.54542105949828e-09,1.34718628249331e-07
"ENSG00000169418.10","NPR1"," protein_coding","chr1",320.754297034335,-2.32773673975485,0.396644813666976,1.83043284261958e-10,5.25306712694485e-09
"ENSG00000161243.9","FBXO27"," protein_coding","chr19",31.2882427049588,-2.32116142740397,0.497982614004825,1.24175314484352e-07,1.86682832678699e-06
"ENSG00000237513.2","AC007384.1"," lncRNA","chr7",39.2173850295199,-2.31895767860911,0.461564765922643,2.03935684447459e-08,3.72501094304763e-07
"ENSG00000172987.13","HPSE2"," protein_coding","chr10",154.576911249175,-2.31868685650767,0.578104279497203,2.1960311120184e-06,2.33624312795455e-05
"ENSG00000196747.4","H2AC13"," protein_coding","chr6",19.2325987540193,-2.31826831447614,0.469564425168531,2.75872209091918e-08,4.89036600912369e-07
"ENSG00000258732.1","AC025884.1"," unprocessed_pseudogene","chr15",4.03434556938975,-2.31514066473115,0.990766546824013,0.000539139734317852,0.00282339423951095
"ENSG00000164627.18","KIF6"," protein_coding","chr6",17.280779892546,-2.31268540808951,0.59578928255176,3.46298501269384e-06,3.48531992378347e-05
"ENSG00000053438.11","NNAT"," protein_coding","chr20",145.255140897253,-2.30662835945883,0.771812220019959,8.11614746547782e-05,0.000552040893617936
"ENSG00000266256.3","LINC00683"," lncRNA","chr18",8.9077772546287,-2.30412329865085,0.461732656048475,5.14816863523046e-08,8.50810883718485e-07
"ENSG00000196376.11","SLC35F1"," protein_coding","chr6",53.8462814025574,-2.30311842159768,0.540246364935442,7.31324501684347e-07,8.89371700100058e-06
"ENSG00000134962.7","KLB"," protein_coding","chr4",99.0216219848842,-2.30129910753404,0.35203731862418,3.23066777579515e-12,1.36360227134927e-10
"ENSG00000128218.8","VPREB3"," protein_coding","chr22",78.9924700055573,-2.30007141201398,0.645687377718858,1.17809522314407e-05,0.00010298576556103
"ENSG00000171303.7","KCNK3"," protein_coding","chr2",104.063753826691,-2.29957869071487,0.722028212176687,4.60608788156616e-05,0.00033649426166976
"ENSG00000018869.17","ZNF582"," protein_coding","chr19",26.7827698178064,-2.29941673244724,0.413095780191992,8.08372889887739e-10,2.03239095739553e-08
"ENSG00000108852.15","MPP2"," protein_coding","chr17",123.125717504826,-2.29841269926553,0.49660591019367,1.4538134413182e-07,2.1419826000139e-06
"ENSG00000189056.14","RELN"," protein_coding","chr7",193.179280837407,-2.29721550594352,0.630772758948212,9.18910646724009e-06,8.28500049204664e-05
"ENSG00000153956.16","CACNA2D1"," protein_coding","chr7",303.509733852862,-2.29704126122018,0.530212666605837,5.36570802789183e-07,6.71655037290061e-06
"ENSG00000264500.1","MIR3124"," miRNA","chr1",5.75981268603796,-2.29680842351086,0.508282867216487,4.77279356920192e-07,6.06085030004522e-06
"ENSG00000132932.17","ATP8A2"," protein_coding","chr13",45.6163672077478,-2.29301601587383,0.428722993704671,3.60569268606916e-09,7.84407327107458e-08
"ENSG00000168229.4","PTGDR"," protein_coding","chr14",298.445752597113,-2.29255830365371,0.678877132723108,2.28037796338535e-05,0.000182847104583897
"ENSG00000115841.21","RMDN2"," protein_coding","chr2",458.209275741016,-2.28598019165747,0.256260011622374,2.19194357294118e-20,4.11249158904768e-18
"ENSG00000187837.4","H1-2"," protein_coding","chr6",1289.62928777987,-2.28486703512822,0.373730545816034,3.91644499715849e-11,1.29714256854868e-09
"ENSG00000259363.6","AC090825.1"," lncRNA","chr15",25.4190615486883,-2.2793615628404,0.386568482010283,1.35080335971526e-10,4.00405255247835e-09
"ENSG00000205795.4","CYS1"," protein_coding","chr2",178.110657925402,-2.27930877128849,0.383108826676717,1.14372928773769e-10,3.443707348923e-09
"ENSG00000150045.12","KLRF1"," protein_coding","chr12",14.3021040276605,-2.27232280007919,0.376336200055678,6.21203267295662e-11,1.99436356576485e-09
"ENSG00000196263.8","ZNF471"," protein_coding","chr19",108.07996008236,-2.27024534239724,0.474405302886578,6.30062915307859e-08,1.02099760883986e-06
"ENSG00000070808.16","CAMK2A"," protein_coding","chr5",27.4561410081979,-2.27005661084451,0.364558819822421,3.1639576157248e-11,1.06641470707368e-09
"ENSG00000241163.8","LINC00877"," lncRNA","chr3",11.7736228400173,-2.26968098448211,0.368125929157406,4.4902060042998e-05,0.000329214155156004
"ENSG00000145384.4","FABP2"," protein_coding","chr4",2907.57629649221,-2.26785684271254,0.816308930715931,0.000138974854322483,0.000881713413135093
"ENSG00000211938.2","IGHV3-7"," IG_V_gene","chr14",2268.61213297858,-2.26391033215096,0.616030811424749,7.84141116996183e-06,7.19379660131772e-05
"ENSG00000276547.1","PCDHGB5"," protein_coding","chr5",51.5520410294698,-2.25569728441748,0.344637544080171,2.53443334093074e-12,1.08382921449183e-10
"ENSG00000213760.11","ATP6V1G2"," protein_coding","chr6",22.4056800802998,-2.25346820667627,0.438800132050988,1.09269997673854e-08,2.11995551972382e-07
"ENSG00000229155.1","LINC02038"," lncRNA","chr3",107.998066723592,-2.2426730393991,0.348339533000558,5.28276299513662e-12,2.10132256490373e-10
"ENSG00000115295.20","CLIP4"," protein_coding","chr2",290.769254273115,-2.2421973000759,0.375037902825693,9.25255610819469e-11,2.84371922899991e-09
"ENSG00000123643.13","SLC36A1"," protein_coding","chr5",2640.97329186748,-2.24059874526977,0.300079406914384,3.95134538318818e-15,2.89921943655605e-13
"ENSG00000197465.14","GYPE"," protein_coding","chr4",5.51726738521251,-2.23799848003306,0.46557863520531,1.11541424445958e-07,1.70132121929836e-06
"ENSG00000141574.8","SECTM1"," protein_coding","chr17",4327.3777675403,-2.23594094428243,0.642019423754453,1.58139988183619e-05,0.000133080314660719
"ENSG00000126861.5","OMG"," protein_coding","chr17",22.9959545332717,-2.2288683345016,0.45635837793078,3.67576367610598e-08,6.31927634528856e-07
"ENSG00000196353.11","CPNE4"," protein_coding","chr3",16.9987293238748,-2.22474971049854,0.573921679218089,3.38457934136963e-06,3.41913091385544e-05
"ENSG00000213901.11","SLC23A3"," protein_coding","chr2",129.963693266614,-2.21746703739711,0.825154154591354,0.000190709781941716,0.00115658783674593
"ENSG00000258630.3","LINC02292"," lncRNA","chr14",13.1227320372471,-2.21727430622532,0.472487801577196,1.81115785762257e-07,2.58857603446559e-06
"ENSG00000176438.12","SYNE3"," protein_coding","chr14",496.234800791738,-2.21370565108378,0.324775584718021,3.98663910063361e-13,1.96953321047741e-11
"ENSG00000167779.9","IGFBP6"," protein_coding","chr12",795.074284624436,-2.21339819298964,0.406916461802304,2.12527506973447e-09,4.8510673849115e-08
"ENSG00000166770.11","ZNF667-AS1"," lncRNA","chr19",77.6859152782341,-2.21241119424033,0.387122283472184,4.81473492662273e-10,1.2872872013865e-08
"ENSG00000139155.9","SLCO1C1"," protein_coding","chr12",14.6155760494396,-2.21056413064325,0.55085056750318,2.01951823851528e-06,2.16406480639581e-05
"ENSG00000100678.19","SLC8A3"," protein_coding","chr14",16.7660401796968,-2.20886192868183,0.367981357795156,8.47464241930381e-11,2.62471320272675e-09
"ENSG00000176293.20","ZNF135"," protein_coding","chr19",64.6699341615367,-2.20882353847121,0.354626754733828,2.16398044928362e-11,7.59334891057815e-10
"ENSG00000144063.4","MALL"," protein_coding","chr2",1326.81315625381,-2.20281743475292,0.577419648296713,4.63930130166931e-06,4.51656993550038e-05
"ENSG00000140459.18","CYP11A1"," protein_coding","chr15",15.1888181645422,-2.19612736815271,0.452246684918413,4.30136323538307e-08,7.24512962605416e-07
"ENSG00000171451.14","DSEL"," protein_coding","chr18",90.4622092535579,-2.19453589627005,0.346028100237119,9.24237130244498e-12,3.50454308101354e-10
"ENSG00000164176.13","EDIL3"," protein_coding","chr5",2254.81438647652,-2.19180963034511,0.420515627437963,7.38953470138503e-09,1.50187549992207e-07
"ENSG00000088854.12","C20orf194"," protein_coding","chr20",386.737422504337,-2.18953189505581,0.39496620722971,1.22690785243651e-09,2.95203669936133e-08
"ENSG00000136011.15","STAB2"," protein_coding","chr12",72.481883854814,-2.18942842586553,0.400326926547368,1.89486400366589e-09,4.37125059210998e-08
"ENSG00000163749.17","CCDC158"," protein_coding","chr4",21.7041158783382,-2.18774266336541,0.416747533504231,7.27260099428171e-09,1.47903560822303e-07
"ENSG00000182487.12","NCF1B"," transcribed_unprocessed_pseudogene","chr7",60.6402072644761,-2.18068727604025,0.484480347590497,2.38483456416643e-07,3.30093647265305e-06
"ENSG00000167261.14","DPEP2"," protein_coding","chr16",94.9662595235797,-2.1787329763652,0.343109091999152,8.21609188715442e-12,3.14478668010918e-10
"ENSG00000230204.1","FTH1P5"," processed_pseudogene","chr6",17.5433384798731,-2.17657114655545,0.454325942139952,1.02714224721613e-07,1.58379967031549e-06
"ENSG00000115590.14","IL1R2"," protein_coding","chr2",1217.71671837733,-2.17448544043485,0.643700582828908,2.29677228474874e-05,0.000183843735680332
"ENSG00000181804.15","SLC9A9"," protein_coding","chr3",288.940890390625,-2.17322365178879,0.359815011294545,6.17726082539346e-11,1.98516368188734e-09
"ENSG00000228013.1","IL6R-AS1"," lncRNA","chr1",7.6093514506558,-2.17276026987206,0.458190284088431,1.10668927135627e-07,1.69119210780047e-06
"ENSG00000174640.15","SLCO2A1"," protein_coding","chr3",2240.74674593097,-2.1705059133828,0.277533918566878,2.32174849462662e-16,2.15929262574758e-14
"ENSG00000136732.16","GYPC"," protein_coding","chr2",651.30153815856,-2.17012831022368,0.410775501358688,5.03548684515965e-09,1.06291325030821e-07
"ENSG00000135678.12","CPM"," protein_coding","chr12",2239.0128064339,-2.16986324330504,0.386145592943171,7.69404834868135e-10,1.94648029073655e-08
"ENSG00000173114.13","LRRN3"," protein_coding","chr7",38.3804966132753,-2.16691050955081,0.359235352298685,6.51693032056387e-11,2.07990682738311e-09
"ENSG00000238078.1","LINC01352"," lncRNA","chr1",5.87235613658139,-2.16366351255369,0.472011293539345,2.90648623374758e-07,3.93241893184573e-06
"ENSG00000171431.4","KRT20"," protein_coding","chr17",38566.1377739648,-2.16011014123682,0.443778858160408,4.34773359546561e-08,7.31564214834747e-07
"ENSG00000153902.14","LGI4"," protein_coding","chr19",433.342503756871,-2.15260568506032,0.565313849053204,4.89684966387786e-06,4.72760102290742e-05
"ENSG00000240225.10","ZNF542P"," transcribed_unprocessed_pseudogene","chr19",177.489970854165,-2.15209546960461,0.337094846273596,6.93442231148415e-12,2.70851359068776e-10
"ENSG00000178226.11","PRSS36"," protein_coding","chr16",184.880134038882,-2.15016178085362,0.243948507141066,4.83004568311603e-20,8.42868939691292e-18
"ENSG00000138193.16","PLCE1"," protein_coding","chr10",2520.41555958581,-2.14839194346361,0.321003312781218,9.71244193662112e-13,4.477932391745e-11
"ENSG00000124749.17","COL21A1"," protein_coding","chr6",84.0749069779935,-2.14538978366504,0.496110094522938,5.42446466121875e-07,6.78486604908818e-06
"ENSG00000244476.3","ERVFRD-1"," protein_coding","chr6",9.90884999293552,-2.13602868846623,0.484310334984365,4.84958196037122e-07,6.14873950272379e-06
"ENSG00000089486.17","CDIP1"," protein_coding","chr16",828.767628313931,-2.13585486454205,0.384758372924068,1.15457556775327e-09,2.81134386932749e-08
"ENSG00000196218.13","RYR1"," protein_coding","chr19",60.684828112167,-2.13416736745018,0.431815029322857,2.6856328637264e-08,4.77645323237433e-07
"ENSG00000245812.3","LINC02202"," lncRNA","chr5",10.4241155917221,-2.13393610551421,0.511615864862268,1.31752831367996e-06,1.49368962645562e-05
"ENSG00000196196.3","HRCT1"," protein_coding","chr9",666.062194043956,-2.13128099550676,0.680406874997211,5.15916689228257e-05,0.000372621804605491
"ENSG00000046653.15","GPM6B"," protein_coding","chrX",379.821738368181,-2.12718256168106,0.512468677404871,1.20405819479438e-06,1.37999014430212e-05
"ENSG00000165269.13","AQP7"," protein_coding","chr9",361.362864040958,-2.12662015976362,0.542180796111161,3.15975327201813e-06,3.21401666258741e-05
"ENSG00000185274.12","GALNT17"," protein_coding","chr7",98.8659431088878,-2.125768291115,0.534368448365006,2.45079282281181e-06,2.57353068401248e-05
"ENSG00000005249.13","PRKAR2B"," protein_coding","chr7",621.73299183204,-2.12514997699849,0.253789693391025,2.41869131067894e-18,3.16555978072649e-16
"ENSG00000215644.10","GCGR"," protein_coding","chr17",6.72096552139184,-2.12384210282193,0.478154925655769,4.93086863563755e-07,6.22747603795811e-06
"ENSG00000064655.19","EYA2"," protein_coding","chr20",469.005816613444,-2.12194517265228,0.801084570495371,0.000208632187657219,0.00125079119818582
"ENSG00000197361.8","FBXL22"," protein_coding","chr15",106.927809563338,-2.11929730138416,0.510281342885005,1.21230327073497e-06,1.38796964943617e-05
"ENSG00000007312.13","CD79B"," protein_coding","chr17",164.808795056024,-2.11729174590912,0.645140522417334,3.14306952471712e-05,0.000241519296006791
"ENSG00000197083.11","ZNF300P1"," transcribed_unprocessed_pseudogene","chr5",22.3398065188106,-2.11638366356727,0.404559743939567,6.89856982919871e-09,1.41538419416012e-07
"ENSG00000057704.13","TMCC3"," protein_coding","chr12",2737.56312476758,-2.1153052017776,0.436909968776132,4.98663381796198e-08,8.25796737058214e-07
"ENSG00000079335.20","CDC14A"," protein_coding","chr1",631.278479517101,-2.11118809055279,0.327325491308205,4.74227191509464e-12,1.9144858435341e-10
"ENSG00000130224.15","LRCH2"," protein_coding","chrX",92.4820815277107,-2.10851436465876,0.446030389548563,8.59024402835973e-08,1.3482695390353e-06
"ENSG00000204099.12","NEU4"," protein_coding","chr2",1262.77319822891,-2.10847715611092,0.448607928119014,1.00317432766708e-07,1.55348436676613e-06
"ENSG00000158473.8","CD1D"," protein_coding","chr1",251.758525212532,-2.10348415716208,0.369926265570845,5.18786957673165e-10,1.37684276959572e-08
"ENSG00000163606.11","CD200R1"," protein_coding","chr3",76.6579865690291,-2.10329502116333,0.429862970224343,3.36296661868697e-08,5.82471560882293e-07
"ENSG00000184524.6","CEND1"," protein_coding","chr11",24.8999523811096,-2.10061534812722,0.478261130437569,4.3622929914996e-07,5.60757647200373e-06
"ENSG00000224189.8","HAGLR"," lncRNA","chr2",1189.54470299092,-2.0925082388465,0.575919266051251,9.3459019320436e-06,8.4123484445444e-05
"ENSG00000225465.9","RFPL1S"," lncRNA","chr22",6.42577470578064,-2.08965799827496,0.432390382186667,7.62048092366507e-08,1.21247828343294e-06
"ENSG00000137726.17","FXYD6"," protein_coding","chr11",348.158811041544,-2.08666302201072,0.541728041148258,4.06789455927276e-06,4.00837041909154e-05
"ENSG00000105369.10","CD79A"," protein_coding","chr19",1106.69079173228,-2.0857606737398,0.662343711887207,4.9126451717201e-05,0.00035664199727956
"ENSG00000233093.6","LINC00892"," lncRNA","chrX",14.3189259689635,-2.08343102490473,0.419210668777799,2.3086309501146e-08,4.16297463215665e-07
"ENSG00000107736.21","CDH23"," protein_coding","chr10",119.892772622944,-2.08217177489241,0.289893262079201,3.28691351229105e-14,2.02058027996104e-12
"ENSG00000178301.4","AQP11"," protein_coding","chr11",188.352544581498,-2.07925989640726,0.231349826792713,3.8059593780891e-06,3.78662856752275e-05
"ENSG00000214491.8","SEC14L6"," protein_coding","chr22",11.4205693628681,-2.07762761955328,0.441596069599427,1.27475891939866e-07,1.90497813102401e-06
"ENSG00000150510.17","FAM124A"," protein_coding","chr13",108.581126526515,-2.07626066418142,0.508123893709415,1.55992364806801e-06,1.72864464899254e-05
"ENSG00000163239.12","TDRD10"," protein_coding","chr1",22.5487609695924,-2.0715124606141,0.36933603837201,1.17480516030795e-09,2.84991224912371e-08
"ENSG00000129244.9","ATP1B2"," protein_coding","chr17",91.8874610917838,-2.07061309649877,0.51627455865922,2.22661701482101e-06,2.36104328869847e-05
"ENSG00000139508.15","SLC46A3"," protein_coding","chr13",2038.3424656847,-2.06904878703459,0.393904613598409,5.99173513274118e-09,1.24403735881384e-07
"ENSG00000034239.11","EFCAB1"," protein_coding","chr8",9.36592306243023,-2.06892728982998,0.394997270300807,1.05193395377889e-08,2.04575627751678e-07
"ENSG00000143416.21","SELENBP1"," protein_coding","chr1",29154.4200175138,-2.06756396228231,0.445863560275119,1.24245768168608e-07,1.8670227514892e-06
"ENSG00000175287.19","PHYHD1"," protein_coding","chr9",96.7485228859463,-2.06748706953506,0.368957553698305,8.22860425821616e-10,2.06242499624077e-08
"ENSG00000166501.14","PRKCB"," protein_coding","chr16",589.771145355716,-2.06543292999393,0.508524346558396,1.72291691261745e-06,1.88735866182036e-05
"ENSG00000138678.11","GPAT3"," protein_coding","chr4",1030.90045280355,-2.0653684966935,0.440012111756503,1.03285733735165e-07,1.59034551497912e-06
"ENSG00000112782.19","CLIC5"," protein_coding","chr6",4815.21925544817,-2.06403700662704,0.321010271042408,5.58315610229614e-12,2.21537996049301e-10
"ENSG00000166482.12","MFAP4"," protein_coding","chr17",4454.92794345275,-2.06342964097857,0.502527420447462,1.4410551131308e-06,1.61455874566791e-05
"ENSG00000249231.8","CASC16"," lncRNA","chr16",10.6877620596492,-2.06286442305062,0.471822827827108,4.84104543732223e-07,6.14031468560395e-06
"ENSG00000177098.9","SCN4B"," protein_coding","chr11",227.689912610701,-2.0589020446892,0.36277956530809,4.97587176571322e-11,1.62809320334193e-09
"ENSG00000224650.2","IGHV3-74"," IG_V_gene","chr14",1805.78014048418,-2.05847590782659,0.650090760760261,4.65715033392514e-05,0.000339613088156689
"ENSG00000184613.11","NELL2"," protein_coding","chr12",124.732081614849,-2.05266351715755,0.433706049538951,3.39353546458577e-05,0.000258501230015313
"ENSG00000226329.2","AC005682.1"," unprocessed_pseudogene","chr7",12.6390207510593,-2.05094242291906,0.441475654677683,1.17299272491779e-07,1.77579281088534e-06
"ENSG00000186469.8","GNG2"," protein_coding","chr14",632.148234574924,-2.04901182931959,0.294504772549531,1.46944026865824e-13,7.89653845034921e-12
"ENSG00000154553.16","PDLIM3"," protein_coding","chr4",1009.88709838908,-2.04420604466537,0.466699056081597,4.39971869733793e-07,5.64897426733365e-06
"ENSG00000182636.8","NDN"," protein_coding","chr15",688.393815438334,-2.0428107920514,0.346751366900958,1.53845926354237e-10,4.51086818211909e-09
"ENSG00000197943.10","PLCG2"," protein_coding","chr16",976.231010442156,-2.04047740703573,0.422181491310199,5.20003397911967e-08,8.57235258807325e-07
"ENSG00000189221.10","MAOA"," protein_coding","chrX",13489.2106985537,-2.03468436444614,0.446819135188001,1.96033253641659e-07,2.76765869799955e-06
"ENSG00000128040.11","SPINK2"," protein_coding","chr4",36.9610548047417,-2.02894841579595,0.582860530001975,1.70393147123746e-05,0.000141665491017995
"ENSG00000197253.13","TPSB2"," protein_coding","chr16",614.69477734191,-2.02869957050799,0.443215985576633,1.78699497043132e-07,2.55741987435008e-06
"ENSG00000117472.10","TSPAN1"," protein_coding","chr1",33927.7166316913,-2.02756055591937,0.38827897053473,7.0506576144845e-09,1.44294105465598e-07
"ENSG00000231424.3","BX284613.2"," lncRNA","chr1",19.5827149058305,-2.02403447680557,0.481538100406427,1.00100077776108e-06,1.17167267380343e-05
"ENSG00000144712.12","CAND2"," protein_coding","chr3",103.192445994719,-2.02123831173924,0.427446630751692,8.63703276553919e-08,1.35430342755493e-06
"ENSG00000197629.6","MPEG1"," protein_coding","chr11",2407.53622569419,-2.0195084592379,0.427941203398791,9.08099881791713e-08,1.41775401458372e-06
"ENSG00000177272.9","KCNA3"," protein_coding","chr1",62.3538128099013,-2.01775682293499,0.576710891101109,1.43413500580676e-05,0.000122144198421611
"ENSG00000186684.14","CYP27C1"," protein_coding","chr2",24.309859540255,-2.01656053893413,0.387456524983924,7.12118064700481e-09,1.45096849617377e-07
"ENSG00000169026.13","SLC49A3"," protein_coding","chr4",190.420181416163,-2.01090316516025,0.297172347476321,5.32059223439202e-13,2.58140183473686e-11
"ENSG00000112182.15","BACH2"," protein_coding","chr6",68.6045680181184,-2.00980229429397,0.3001272515758,0.00306354015528151,0.0122323024185173
"ENSG00000173068.18","BNC2"," protein_coding","chr9",305.934630530495,-2.0075742857755,0.523952010642688,4.43123067957803e-06,4.33219534330553e-05
"ENSG00000211651.3","IGLV1-44"," IG_V_gene","chr22",1821.87705496965,-2.0048889114508,0.578912726026821,1.72965066874178e-05,0.000143399748163527
"ENSG00000073711.11","PPP2R3A"," protein_coding","chr3",646.476077124233,-1.99832370809192,0.232847706398177,4.39941005443342e-19,6.49072961576364e-17
"ENSG00000107518.18","ATRNL1"," protein_coding","chr10",35.7057746762408,-1.99742227221452,0.489822224987649,1.75810243950705e-06,1.91813408341243e-05
"ENSG00000169764.16","UGP2"," protein_coding","chr2",8964.11112502751,-1.99435063403154,0.249618185198188,6.09048907343804e-17,6.35643390178945e-15
"ENSG00000224307.2","AL161785.1"," lncRNA","chr9",13.4932704607035,-1.99086370868601,0.504047070268178,2.77451593525137e-06,2.86526370430763e-05
"ENSG00000085552.17","IGSF9"," protein_coding","chr1",1942.67855533383,-1.99040198865563,0.331151407368453,7.90137700446906e-11,2.47551056767429e-09
"ENSG00000259834.1","AL365361.1"," lncRNA","chr1",108.938153973694,-1.9899264375699,0.500029750227278,2.35755619545379e-06,2.48688849502889e-05
"ENSG00000115252.18","PDE1A"," protein_coding","chr2",225.891649679022,-1.98819851523499,0.413622844901572,5.87404577834956e-08,9.59053208620071e-07
"ENSG00000156475.18","PPP2R2B"," protein_coding","chr5",57.8404930582907,-1.9881786370527,0.478084811947583,1.14044592458744e-06,1.31591161821042e-05
"ENSG00000083814.13","ZNF671"," protein_coding","chr19",108.252154519085,-1.9806279668259,0.31762329184756,1.71292308454093e-11,6.15022759712716e-10
"ENSG00000105492.16","SIGLEC6"," protein_coding","chr19",61.0673911625701,-1.98032696139113,0.412618758110478,5.84057082326795e-08,9.5454807543621e-07
"ENSG00000262209.3","PCDHGB3"," protein_coding","chr5",13.201243995055,-1.97928554989965,0.45913902726677,7.30256697433524e-07,8.88739103310735e-06
"ENSG00000109339.24","MAPK10"," protein_coding","chr4",178.350892644976,-1.97552047033348,0.321083201067872,3.33942531369755e-11,1.1185868610113e-09
"ENSG00000011465.18","DCN"," protein_coding","chr12",14451.4931773338,-1.971236771315,0.457483234497068,6.03715903903081e-07,7.49346493647656e-06
"ENSG00000234817.2","ECI2-DT"," lncRNA","chr6",11.6332614664899,-1.97059318529592,0.393559779400896,2.18941603965332e-08,3.97895105347522e-07
"ENSG00000186715.11","MST1L"," transcribed_unprocessed_pseudogene","chr1",65.5553121124082,-1.9702768992357,0.456098448118774,6.31946976770321e-07,7.80507419026297e-06
"ENSG00000229056.2","HECW2-AS1"," lncRNA","chr2",18.748741122886,-1.96939148591819,0.463191782991198,7.01144665922092e-07,8.57165859378503e-06
"ENSG00000166311.10","SMPD1"," protein_coding","chr11",2051.85434919685,-1.96556658332737,0.213017615615929,1.00214745802493e-21,2.41894953188569e-19
"ENSG00000251141.6","MRPS30-DT"," lncRNA","chr5",33.5136739945632,-1.96446318181825,0.442116444958761,3.81671202367602e-07,5.00334567304024e-06
"ENSG00000185869.15","ZNF829"," protein_coding","chr19",56.440346986281,-1.9643215455075,0.392433878495649,2.21613969121506e-08,4.02526368760259e-07
"ENSG00000171503.12","ETFDH"," protein_coding","chr4",1682.1091411465,-1.96339776935803,0.222178866147321,4.37584830558243e-20,7.80391671992278e-18
"ENSG00000169213.7","RAB3B"," protein_coding","chr1",324.458040938121,-1.96202407956438,0.309335011544319,1.04257012734052e-11,3.90759136180353e-10
"ENSG00000187091.14","PLCD1"," protein_coding","chr3",2224.11076352248,-1.96173955080123,0.350847665316867,9.27622154440095e-10,2.30013444528775e-08
"ENSG00000240583.13","AQP1"," protein_coding","chr7",3497.21731852418,-1.95981833938763,0.444978738058304,3.94441607442379e-07,5.14063157842956e-06
"ENSG00000139117.14","CPNE8"," protein_coding","chr12",597.458832949444,-1.9568366728544,0.48911658040952,2.23975303056577e-06,2.3734216084265e-05
"ENSG00000121406.9","ZNF549"," protein_coding","chr19",150.906031604207,-1.9531412959087,0.399027606518597,3.85963367553437e-08,6.56927057370187e-07
"ENSG00000054356.14","PTPRN"," protein_coding","chr2",91.1447255218711,-1.9511890786517,0.675379217378501,0.000108097267601153,0.00070844736631595
"ENSG00000106853.20","PTGR1"," protein_coding","chr9",1474.87950050504,-1.95042592413103,0.211626398895685,0.00162252396615104,0.00717296144011582
"ENSG00000042445.14","RETSAT"," protein_coding","chr2",9817.64410026437,-1.94738393344579,0.266752386902316,1.10289363417236e-14,7.44235375841296e-13
"ENSG00000147036.12","LANCL3"," protein_coding","chrX",148.025211725198,-1.94637206900958,0.387599121190419,2.13110821251128e-08,3.88421302758401e-07
"ENSG00000168077.14","SCARA3"," protein_coding","chr8",533.10255924557,-1.94490354466686,0.274300888707921,5.84526956006367e-14,3.36990691617312e-12
"ENSG00000137094.15","DNAJB5"," protein_coding","chr9",341.175901762485,-1.93460168667006,0.469308211405983,1.38131135592995e-06,1.55635306091734e-05
"ENSG00000241755.1","IGKV1-9"," IG_V_gene","chr2",1726.47408046691,-1.93049950379546,0.657919483841647,9.62022760842862e-05,0.000640257018073357
"ENSG00000255774.2","LINC02747"," lncRNA","chr11",764.030068851767,-1.93039698571595,0.332024616136656,2.48177211665191e-10,6.98641451537622e-09
"ENSG00000176919.13","C8G"," protein_coding","chr9",138.88044776469,-1.9300058244572,0.545151359098849,1.35870399122264e-05,0.000116607123604189
"ENSG00000225969.2","ABHD11-AS1"," transcribed_unitary_pseudogene","chr7",468.309402963955,-1.92485934406704,0.349164603757244,1.46789044023064e-09,3.46784009531634e-08
"ENSG00000173198.6","CYSLTR1"," protein_coding","chrX",128.014084976496,-1.92356447843536,0.311538823870477,2.42521187892068e-11,8.3920604654592e-10
"ENSG00000136274.9","NACAD"," protein_coding","chr7",107.604005760984,-1.92010737369677,0.404254238557549,8.19762453173216e-08,1.2941561140611e-06
"ENSG00000245468.4","LINC02447"," lncRNA","chr4",18.8277396834036,-1.91713226854143,0.415546148665354,1.78149872737121e-07,2.55067868076819e-06
"ENSG00000211937.3","IGHV2-5"," IG_V_gene","chr14",1559.42570672616,-1.91703352011656,0.637631263555119,7.77211900924208e-05,0.000531201176672941
"ENSG00000172724.12","CCL19"," protein_coding","chr9",337.495003610631,-1.91634019697573,0.693368021391755,0.000156329589659881,0.000974859908007764
"ENSG00000171992.13","SYNPO"," protein_coding","chr5",5024.05879621925,-1.9132694649052,0.302509939589787,1.08386905002559e-11,4.04835691895635e-10
"ENSG00000106571.15","GLI3"," protein_coding","chr7",315.597466080245,-1.91109770765215,0.550900704337962,1.71333333557622e-05,0.000142301364908222
"ENSG00000185818.8","NAT8L"," protein_coding","chr4",37.5563063136219,-1.91097975304104,0.606063385166735,5.21460915668395e-05,0.000376040399928122
"ENSG00000172794.20","RAB37"," protein_coding","chr17",370.715488390899,-1.91097485724153,0.379772591188315,1.94916740352559e-08,3.57233628366084e-07
"ENSG00000188373.5","C10orf99"," protein_coding","chr10",6290.01473185754,-1.90572104983656,0.549585376170845,1.74109298945077e-05,0.000144164276152023
"ENSG00000239951.1","IGKV3-20"," IG_V_gene","chr2",6573.88437990123,-1.90496574504557,0.56445913703279,2.36460670443819e-05,0.000188529610446217
"ENSG00000156299.13","TIAM1"," protein_coding","chr21",225.004643809088,-1.90489718005628,0.337701702583983,6.71826313065636e-10,1.7265351123899e-08
"ENSG00000145335.17","SNCA"," protein_coding","chr4",78.5869936786264,-1.90288761699066,0.416707495170037,2.06645938186085e-07,2.89607679691016e-06
"ENSG00000185339.9","TCN2"," protein_coding","chr22",2615.77733818569,-1.90041813756831,0.381947075484103,2.56757024657905e-08,4.58962372198351e-07
"ENSG00000046889.19","PREX2"," protein_coding","chr8",188.449044802281,-1.90003404880452,0.28002101678216,4.99433231011642e-13,2.4340245964228e-11
"ENSG00000187239.17","FNBP1"," protein_coding","chr9",2358.75317800613,-1.89831631423914,0.28344759000011,8.53995874546765e-13,3.98267687811579e-11
"ENSG00000253485.2","PCDHGA5"," protein_coding","chr5",21.7733592164392,-1.8972743091715,0.358308029058733,5.19621432597447e-09,1.09305719113726e-07
"ENSG00000076555.15","ACACB"," protein_coding","chr12",1715.80669071759,-1.89716586711994,0.27913966996762,4.70144671460263e-13,2.30512926680623e-11
"ENSG00000165496.5","RPL10L"," protein_coding","chr14",30.3508824655895,-1.89144663218415,0.528315645113122,1.27865456463997e-05,0.000110673519624225
"ENSG00000259120.3","SMIM6"," protein_coding","chr17",256.199462458651,-1.88844934629492,0.329537194813135,4.27623910629733e-10,1.15955028330993e-08
"ENSG00000166920.13","C15orf48"," protein_coding","chr15",4180.86578593347,-1.88817295712253,0.42237804129022,2.82797403354449e-07,3.84060172304548e-06
"ENSG00000249249.2","AC010226.1"," lncRNA","chr5",27.4621145374526,-1.88690419822866,0.378959769726957,2.80938503763837e-08,4.97474192862336e-07
"ENSG00000240382.3","IGKV1-17"," IG_V_gene","chr2",971.774038545339,-1.88458985953957,0.696043968626257,0.000183030928370497,0.00111774560170265
"ENSG00000272463.1","AL357054.4"," lncRNA","chr6",78.7052792551192,-1.88289500095268,0.331390672761561,5.30502500077071e-10,1.40422744546647e-08
"ENSG00000100285.10","NEFH"," protein_coding","chr22",37.0306417976958,-1.88141434453274,0.430260929034943,4.47480723787061e-07,5.7324648691382e-06
"ENSG00000198771.11","RCSD1"," protein_coding","chr1",839.910936718866,-1.87943850942354,0.356778150323639,5.51802476179461e-09,1.15775079326651e-07
"ENSG00000122224.18","LY9"," protein_coding","chr1",141.540612528137,-1.87844236996535,0.50137626173881,5.96997506690542e-06,5.637865892395e-05
"ENSG00000137672.13","TRPC6"," protein_coding","chr11",78.8328245131896,-1.87650899213433,0.349697549705774,3.00628113333379e-09,6.65152508696307e-08
"ENSG00000155545.20","MIER3"," protein_coding","chr5",2998.40428937329,-1.87620768369808,0.358437203857678,6.60150535168178e-09,1.35700861751037e-07
"ENSG00000231246.2","LINC02884"," lncRNA","chr1",111.120504878754,-1.87574312183506,0.414321461504272,2.36045995924157e-07,3.27417988705397e-06
"ENSG00000141750.7","STAC2"," protein_coding","chr17",10.1287274564496,-1.87317756275036,0.451200189418737,1.77867950102336e-06,1.938629256018e-05
"ENSG00000233237.8","LINC00472"," lncRNA","chr6",36.3928092625488,-1.87232924669423,0.449614652759108,1.17284631108672e-06,1.34707167605282e-05
"ENSG00000211679.2","IGLC3"," IG_C_gene","chr22",5059.4541140145,-1.87058463428835,0.563342865090556,2.90749749586154e-05,0.000225607348124968
"ENSG00000139540.12","SLC39A5"," protein_coding","chr12",5976.16128270922,-1.87040137113628,0.483359491453742,3.75642578909106e-06,3.74695968845475e-05
"ENSG00000250742.4","LINC02381"," lncRNA","chr12",83.6124534147986,-1.86745620144906,0.310012868296586,7.3077068470301e-11,2.3050879382012e-09
"ENSG00000124507.11","PACSIN1"," protein_coding","chr6",38.1341154501943,-1.86708515714833,0.404114875209825,1.72905192111102e-07,2.48215688878468e-06
"ENSG00000144031.12","ANKRD53"," protein_coding","chr2",21.3653577906566,-1.86430865841518,0.379306635852045,3.91421148634333e-08,6.64877423345001e-07
"ENSG00000188488.14","SERPINA5"," protein_coding","chr14",66.4679690330874,-1.85898160340435,0.484371280827492,4.56422596131232e-06,4.45145497140268e-05
"ENSG00000095637.22","SORBS1"," protein_coding","chr10",3990.52829557483,-1.85674546898524,0.513389055258658,1.00644695650168e-05,8.96713019877337e-05
"ENSG00000227372.12","TP73-AS1"," transcribed_unitary_pseudogene","chr1",242.328006729271,-1.85658146087978,0.360514986206732,1.0494370157467e-08,2.04334892964045e-07
"ENSG00000203739.4","PRDX6-AS1"," lncRNA","chr1",72.7664676823734,-1.85595073358833,0.34056594004465,2.06421158789167e-09,4.72497741324315e-08
"ENSG00000144230.16","GPR17"," protein_coding","chr2",29.1224757066546,-1.85390949472167,0.556651701930189,3.13028475880981e-05,0.000240593849636393
"ENSG00000226564.1","FTH1P20"," processed_pseudogene","chr2",101.876517807689,-1.85182363401482,0.433209134163111,7.71955108426488e-07,9.3423262152524e-06
"ENSG00000149451.18","ADAM33"," protein_coding","chr20",350.238397204696,-1.84957234454643,0.619999729948449,8.4134931972264e-05,0.000570353304502035
"ENSG00000171659.15","GPR34"," protein_coding","chrX",339.728987631963,-1.84662018656527,0.464241039430301,2.44790258736812e-06,2.57141866393213e-05
"ENSG00000280186.1","AL359258.3"," TEC","chr1",11.5119444745439,-1.84601291312799,0.437611917081352,1.28567247253333e-06,1.46319625222605e-05
"ENSG00000270265.1","AC104819.3"," lncRNA","chr4",17.1140688315636,-1.84449682230274,0.4175284896187,5.04361601397945e-07,6.35010428943929e-06
"ENSG00000188906.16","LRRK2"," protein_coding","chr12",205.737456426349,-1.84383503767544,0.362135604874883,1.3872073207609e-08,2.62236314602547e-07
"ENSG00000179674.4","ARL14"," protein_coding","chr3",953.300735774335,-1.84323201253315,0.448920873630222,1.47274314995817e-06,1.64325531664979e-05
"ENSG00000198944.6","SOWAHA"," protein_coding","chr5",960.638169593397,-1.84307140667125,0.318256269507451,9.47444729059028e-05,0.000631980292145457
"ENSG00000166086.13","JAM3"," protein_coding","chr11",356.393560646055,-1.84162755470697,0.377662956872667,4.23144492756838e-08,7.14962204367592e-07
"ENSG00000135424.18","ITGA7"," protein_coding","chr12",966.104607222697,-1.84117821386064,0.446789088689578,1.37923839376569e-06,1.55550103491476e-05
"ENSG00000165124.18","SVEP1"," protein_coding","chr9",987.326726300889,-1.84027744865552,0.612929430727433,7.94304798385525e-05,0.000541174331360146
"ENSG00000280040.1","AC095031.1"," TEC","chr1",22.2870388711449,-1.84025236129229,0.356209559629819,1.01090190453481e-08,1.97542769520715e-07
"ENSG00000143603.19","KCNN3"," protein_coding","chr1",299.646277534258,-1.83940080567885,0.412110335048329,3.0438188966901e-07,4.09094301237132e-06
"ENSG00000103647.13","CORO2B"," protein_coding","chr15",122.586440610238,-1.83927783565288,0.563063984164655,3.56120305824821e-05,0.000269313906953915
"ENSG00000134955.12","SLC37A2"," protein_coding","chr11",544.138788364439,-1.83825867112274,0.430630857922782,7.21512845079522e-07,8.79746954379832e-06
"ENSG00000166313.19","APBB1"," protein_coding","chr11",453.118922116645,-1.83736843624565,0.352454081745349,7.46535587360802e-09,1.51349482164628e-07
"ENSG00000158406.5","H4C8"," protein_coding","chr6",88.9669892972712,-1.83600969630723,0.312797065693037,1.64221389254161e-10,4.78482751562978e-09
"ENSG00000258405.11","ZNF578"," protein_coding","chr19",14.3916300133482,-1.83198622577354,0.39550964133197,1.53434995155826e-07,2.24507040495146e-06
"ENSG00000286646.1","AL121933.2"," lncRNA","chr6",22.8403122742891,-1.82807580643027,0.365713990408903,2.336162300853e-08,4.20561042490775e-07
"ENSG00000067113.17","PLPP1"," protein_coding","chr5",1698.48754313297,-1.82778787776243,0.258495046127524,6.06116593733459e-14,3.48200573440719e-12
"ENSG00000198673.10","TAFA2"," protein_coding","chr12",48.0559506492689,-1.82583291023395,0.309659811738812,1.6689572521569e-10,4.8516076903833e-09
"ENSG00000137558.9","PI15"," protein_coding","chr8",171.512607086003,-1.82039602067649,0.488408931266948,6.68456472271041e-06,6.24546925071199e-05
"ENSG00000153898.13","MCOLN2"," protein_coding","chr1",693.582041672072,-1.81708061577681,0.875362843270305,0.000798825092276352,0.00395790945582443
"ENSG00000273472.1","AC096733.2"," lncRNA","chr4",18.0350493345824,-1.81599012105826,0.377569446119831,7.18710236087225e-08,1.14972384637354e-06
"ENSG00000179144.5","GIMAP7"," protein_coding","chr7",395.941791498726,-1.81572842495718,0.353010263851442,1.03146508973199e-08,2.01197679582457e-07
"ENSG00000169554.22","ZEB2"," protein_coding","chr2",1355.86946900864,-1.81215290369563,0.361706290881683,2.09078731232908e-08,3.81680396982999e-07
"ENSG00000136960.13","ENPP2"," protein_coding","chr8",1264.66495729787,-1.81190063441513,0.378337364993487,6.51311171678997e-08,1.05227765108795e-06
"ENSG00000119865.9","CNRIP1"," protein_coding","chr2",302.80159253149,-1.81087997910772,0.369522507937344,3.68950292627157e-08,6.33639729534999e-07
"ENSG00000271797.1","AC008494.3"," lncRNA","chr5",14.6111645777482,-1.80947937405145,0.382453735419554,6.92146644996462e-08,1.11161285518531e-06
"ENSG00000059728.11","MXD1"," protein_coding","chr2",4849.49378962406,-1.80695329181645,0.315391905933165,4.19430099727485e-10,1.13923532861546e-08
"ENSG00000106823.12","ECM2"," protein_coding","chr9",188.98412205627,-1.8028414581128,0.403382825910976,3.00849135256582e-07,4.05017056497641e-06
"ENSG00000155970.12","MICU3"," protein_coding","chr8",46.7970115351683,-1.79523948739064,0.359070629626197,2.30657902696575e-08,4.16158655126483e-07
"ENSG00000183134.5","PTGDR2"," protein_coding","chr11",287.430102513538,-1.79516320382705,0.439812507041108,1.6167188095999e-06,1.78487956197257e-05
"ENSG00000092421.17","SEMA6A"," protein_coding","chr5",3046.74592062329,-1.79361277214511,0.628156841982221,0.000122695397950948,0.000790638718819115
"ENSG00000249279.6","LINC02057"," lncRNA","chr5",33.4884861479816,-1.7908650289561,0.602280633266518,9.31488581219899e-05,0.000623386729262587
"ENSG00000005108.16","THSD7A"," protein_coding","chr7",106.278047568065,-1.79054241062305,0.488837296973951,8.67067150379108e-06,7.86564157825743e-05
"ENSG00000153162.9","BMP6"," protein_coding","chr6",200.622139331885,-1.78549348128422,0.317587576979986,7.48457499833885e-10,1.89940840731886e-08
"ENSG00000163637.13","PRICKLE2"," protein_coding","chr3",283.76225572554,-1.78491619536246,0.386180740413679,1.46042977145788e-07,2.1488046020843e-06
"ENSG00000182175.14","RGMA"," protein_coding","chr15",820.92421111632,-1.78361898191778,0.696036596335787,0.000270591600510329,0.00155393881269715
"ENSG00000159307.19","SCUBE1"," protein_coding","chr22",325.681184810849,-1.78213316045027,0.316524199944022,7.51055990287919e-10,1.90451369787229e-08
"ENSG00000166250.12","CLMP"," protein_coding","chr11",758.319039552755,-1.7814099960697,0.489318266166466,9.34474669118369e-06,8.4123484445444e-05
"ENSG00000186265.10","BTLA"," protein_coding","chr3",48.3281684867523,-1.78011815848503,0.43449827084443,1.45390062330377e-06,1.62502432614304e-05
"ENSG00000134533.6","RERG"," protein_coding","chr12",291.313784987127,-1.77705161279996,0.591816814416434,7.99546814210412e-05,0.000544288810730737
"ENSG00000162614.19","NEXN"," protein_coding","chr1",568.07468030908,-1.77629274212334,0.573286623406297,5.88113392452221e-05,0.000417884949479295
"ENSG00000025423.11","HSD17B6"," protein_coding","chr12",107.285352323041,-1.77506456675468,0.319507947597219,0.000132791227822734,0.000847118253276395
"ENSG00000167315.18","ACAA2"," protein_coding","chr18",6717.56543611013,-1.7739726905651,0.300386720247795,1.32769030044543e-10,3.94635272636059e-09
"ENSG00000164199.18","ADGRV1"," protein_coding","chr5",78.3159297389569,-1.77263094136861,0.568173577171625,5.79024712356352e-05,0.000412058410735858
"ENSG00000144426.18","NBEAL1"," protein_coding","chr2",703.451117480149,-1.76927951709,0.303448319580472,2.32386502269508e-10,6.57038422531681e-09
"ENSG00000133104.14","SPART"," protein_coding","chr13",515.184167469126,-1.76897587932973,0.393669614985684,2.63178457112001e-07,3.5997666923478e-06
"ENSG00000150593.18","PDCD4"," protein_coding","chr10",8840.6266934182,-1.7661090273027,0.242778188128769,1.519411642727e-14,9.96304305043092e-13
"ENSG00000115041.13","KCNIP3"," protein_coding","chr2",69.3054892043401,-1.76219808454209,0.449435594361004,3.35743980513208e-06,3.39855616676549e-05
"ENSG00000179163.12","FUCA1"," protein_coding","chr1",7368.51412922694,-1.75687991081361,0.217726150977109,2.93583310422082e-17,3.21929969245944e-15
"ENSG00000076258.10","FMO4"," protein_coding","chr1",310.452462412297,-1.75577161379713,0.29457873336904,1.08060301387759e-10,3.26185487215018e-09
"ENSG00000080031.10","PTPRH"," protein_coding","chr19",4694.79044706507,-1.75538775520328,0.374435193434078,1.06132663774073e-07,1.63031424551768e-06
"ENSG00000143995.20","MEIS1"," protein_coding","chr2",498.379982959881,-1.75405447584384,0.529710364227736,2.9899529037037e-05,0.000231231573381974
"ENSG00000033122.21","LRRC7"," protein_coding","chr1",41.5671505267154,-1.75214828669657,0.344017512875454,1.90515306293483e-08,3.49957318147927e-07
"ENSG00000112619.8","PRPH2"," protein_coding","chr6",28.2414001845355,-1.74988533832258,0.302853127859915,2.90059214076402e-10,8.07439277057621e-09
"ENSG00000124772.12","CPNE5"," protein_coding","chr6",560.841926205376,-1.74986434550056,0.371147695749665,9.48361847531022e-08,1.47423030877212e-06
"ENSG00000144648.16","ACKR2"," protein_coding","chr3",104.352827885072,-1.74707443897771,0.455080876464193,4.5029636925944e-06,4.39702754314769e-05
"ENSG00000074755.15","ZZEF1"," protein_coding","chr17",6142.05612724518,-1.74594480714145,0.305700495617931,4.67091408879785e-10,1.25399941682548e-08
"ENSG00000101049.17","SGK2"," protein_coding","chr20",1733.24474991414,-1.74051470097673,0.487232826633986,1.19622058649972e-05,0.00010434541197691
"ENSG00000267272.5","LINC01140"," lncRNA","chr1",15.9760834556051,-1.73894042007604,0.422315717890933,1.1187818614856e-06,1.29413477049535e-05
"ENSG00000188916.9","INSYN2A"," protein_coding","chr10",9.39331936174455,-1.73547771667115,0.404696324529408,8.31222956818569e-07,9.97406089922999e-06
"ENSG00000242732.4","RTL5"," protein_coding","chrX",161.0149740301,-1.73510398019157,0.424338214193859,1.62785655714273e-06,1.79412455455819e-05
"ENSG00000135916.16","ITM2C"," protein_coding","chr2",55438.4507934141,-1.73441143973797,0.406445851522217,7.32225935548864e-07,8.89801176190379e-06
"ENSG00000227908.3","FLJ31104"," lncRNA","chr5",14.5706534828199,-1.73253851801967,0.419099160567138,1.30737559895829e-06,1.48425313714544e-05
"ENSG00000148842.18","CNNM2"," protein_coding","chr10",1319.87883579924,-1.73192004663535,0.2516226290943,2.35953682975352e-13,1.22341607699904e-11
"ENSG00000263264.2","AC119396.1"," protein_coding","chr19",25.6857495293673,-1.72966757404005,0.581239873499897,0.000101449943283661,0.000670370981087349
"ENSG00000154917.11","RAB6B"," protein_coding","chr3",268.953927145197,-1.7296380911553,0.412343642555902,1.03139906139525e-06,1.20464738160371e-05
"ENSG00000154188.10","ANGPT1"," protein_coding","chr8",155.674858731426,-1.7291691119232,0.375967796741301,1.61104029770504e-07,2.33964858983938e-06
"ENSG00000058668.15","ATP2B4"," protein_coding","chr1",4030.61087613293,-1.72788915019437,0.453969893723255,4.94645366406621e-06,4.76981559798755e-05
"ENSG00000172578.12","KLHL6"," protein_coding","chr3",484.732717219997,-1.7275499556149,0.56696788100696,6.9848716983324e-05,0.000484019994843025
"ENSG00000119138.4","KLF9"," protein_coding","chr9",2156.80028455745,-1.72346420317587,0.335101794528597,1.08462887342473e-08,2.10681531858886e-07
"ENSG00000118402.6","ELOVL4"," protein_coding","chr6",39.5718482084885,-1.71751229497311,0.383731349669638,2.8442953215814e-07,3.85792467813995e-06
"ENSG00000269834.6","ZNF528-AS1"," lncRNA","chr19",58.5041495301676,-1.71604944433883,0.448855545086943,4.83630323847942e-06,4.6872717382671e-05
"ENSG00000235142.10","LINC02532"," lncRNA","chr6",28.5112119015644,-1.71534888958048,0.547535690330183,6.07655763313307e-05,0.000430169918552308
"ENSG00000172348.15","RCAN2"," protein_coding","chr6",782.066592367094,-1.71414787564535,0.345221103548142,2.74079138128748e-08,4.86123533627482e-07
"ENSG00000164442.10","CITED2"," protein_coding","chr6",2207.33634514561,-1.71357891934215,0.26581722922338,4.99795595080468e-12,2.00276116359529e-10
"ENSG00000162897.16","FCAMR"," protein_coding","chr1",82.1747962236192,-1.71356920233443,0.312062561847037,0.00816341835548504,0.0275421990579797
"ENSG00000000971.16","CFH"," protein_coding","chr1",1506.93143345506,-1.71288995332359,0.338407265254616,1.65917922249868e-08,3.07911030325112e-07
"ENSG00000285706.1","AL807776.1"," lncRNA","chr9",11.2748245287405,-1.70930699792115,0.387423576165851,5.19137321017947e-07,6.52095942941197e-06
"ENSG00000166025.18","AMOTL1"," protein_coding","chr11",885.259355394772,-1.70787191783508,0.494601224419463,1.84095798881592e-05,0.000151352113477678
"ENSG00000160685.13","ZBTB7B"," protein_coding","chr1",6293.63627130627,-1.7073880213923,0.232189196752775,8.54772156522976e-15,5.87800734246245e-13
"ENSG00000211648.2","IGLV1-47"," IG_V_gene","chr22",1503.30062252863,-1.70683467833229,0.773841144995016,0.000619007516125777,0.00318108707384586
"ENSG00000234456.8","MAGI2-AS3"," lncRNA","chr7",273.079887268235,-1.70655086557635,0.373251341457153,1.86192606575071e-07,2.651794481884e-06
"ENSG00000169282.18","KCNAB1"," protein_coding","chr3",100.620470263008,-1.70478732684193,0.361810564641411,9.88166983611968e-08,1.53390358460436e-06
"ENSG00000146006.8","LRRTM2"," protein_coding","chr5",21.1389435124867,-1.70280857110381,0.385717639052372,3.56894219640561e-07,4.70897259394037e-06
"ENSG00000234155.1","LINC02535"," lncRNA","chr6",458.221375735224,-1.69891476116769,0.508234531160351,2.68214498879928e-05,0.000210231977895308
"ENSG00000211666.2","IGLV2-14"," IG_V_gene","chr22",4839.12452300287,-1.69706284799892,0.63950962016324,0.000214860263856691,0.00128244473046349
"ENSG00000149557.14","FEZ1"," protein_coding","chr11",312.432368700349,-1.69621041086467,0.373132024442511,2.09554536084862e-07,2.93430592417708e-06
"ENSG00000151882.11","CCL28"," protein_coding","chr5",2713.51804552918,-1.6939438194759,0.504945576387417,2.57248785489061e-05,0.000202763017955413
"ENSG00000157514.16","TSC22D3"," protein_coding","chrX",3256.94014830081,-1.69380533063458,0.426358845603384,2.55513273651449e-06,2.66612987179792e-05
"ENSG00000164197.12","RNF180"," protein_coding","chr5",72.1144132181392,-1.6932325798309,0.37563587614848,2.56360396481292e-07,3.51688324133127e-06
"ENSG00000240184.7","PCDHGC3"," protein_coding","chr5",416.337212537453,-1.68965395102663,0.446812231653926,5.42676784524431e-06,5.1836971960253e-05
"ENSG00000189292.16","ALKAL2"," protein_coding","chr2",66.9885486011353,-1.68698478855798,0.554984863783548,7.38257815381444e-05,0.000509079502265793
"ENSG00000152763.17","DNAI4"," protein_coding","chr1",306.646529309785,-1.68229712063711,0.357562792113313,1.01124795639922e-07,1.56524016064883e-06
"ENSG00000174460.4","ZCCHC12"," protein_coding","chrX",17.2268167075844,-1.67707079452154,0.606758980287062,0.000195546084591626,0.0011812832335148
"ENSG00000137273.6","FOXF2"," protein_coding","chr6",464.077555531637,-1.67580151850159,0.392760249955124,7.3595024534601e-07,8.93966997548078e-06
"ENSG00000162373.13","BEND5"," protein_coding","chr1",62.9583420654125,-1.6726188628128,0.423653891765299,3.15908559026297e-06,3.21401666258741e-05
"ENSG00000186204.15","CYP4F12"," protein_coding","chr19",1769.0616869871,-1.6723532153235,0.397805438200575,9.91808884133205e-07,1.16217085780489e-05
"ENSG00000179954.16","SSC5D"," protein_coding","chr19",747.789608220823,-1.66864278029568,0.620484596670114,0.000197337060141248,0.00119055135651759
"ENSG00000248441.7","LINC01197"," lncRNA","chr15",30.6276162544165,-1.66401144607646,0.439473296979208,5.56500482851744e-06,5.30014456349821e-05
"ENSG00000177455.15","CD19"," protein_coding","chr16",141.47208414967,-1.66313418671466,0.796009817257032,0.000790855612746025,0.00392501398753983
"ENSG00000166532.16","RIMKLB"," protein_coding","chr12",255.770163266919,-1.66181822308488,0.412031579180467,2.04485578529592e-06,2.18832604942746e-05
"ENSG00000176593.8","AC008969.1"," lncRNA","chr19",62.5796997449743,-1.66068773331746,0.538984561083505,6.41897210193737e-05,0.000450090724745481
"ENSG00000211935.3","IGHV1-3"," IG_V_gene","chr14",954.40908225872,-1.66037934260975,0.894724528208628,0.00119838168602001,0.00556228696765875
"ENSG00000187658.7","C5orf52"," protein_coding","chr5",65.3412979656092,-1.65911588390687,0.427404926985044,3.667303105757e-06,3.6625638217434e-05
"ENSG00000077943.8","ITGA8"," protein_coding","chr10",426.960073220675,-1.65815090230544,0.302724533477283,1.73530608969768e-09,4.04340021962723e-08
"ENSG00000135437.10","RDH5"," protein_coding","chr12",140.022781843098,-1.65779838552419,0.310388628542523,3.96079388003483e-09,8.57062985054469e-08
"ENSG00000064886.14","CHI3L2"," protein_coding","chr1",68.338231029968,-1.65611360834207,0.549838765714543,7.67288897059977e-05,0.000525193231142403
"ENSG00000119938.9","PPP1R3C"," protein_coding","chr10",176.474563790931,-1.65445876892709,0.703924178767438,0.000455451685066662,0.00243904484307766
"ENSG00000167117.10","ANKRD40CL"," protein_coding","chr17",996.648162297089,-1.65261564353214,0.424933019880352,3.43339704308197e-06,3.45950500892637e-05
"ENSG00000144857.14","BOC"," protein_coding","chr3",509.079978512918,-1.6505553333981,0.576396946461356,0.000122409394798426,0.000789265819699506
"ENSG00000159176.14","CSRP1"," protein_coding","chr1",16636.5937051413,-1.64836946602295,0.388175074548122,8.02940142314459e-07,9.69201604285709e-06
"ENSG00000075340.23","ADD2"," protein_coding","chr2",41.4863646523902,-1.64598680215732,0.811726306842366,0.000941663451556754,0.00454220720918846
"ENSG00000171174.15","RBKS"," protein_coding","chr2",319.363264132536,-1.64597400053693,0.358470030312486,1.70034742151389e-07,2.4485304617346e-06
"ENSG00000243238.1","IGKV2-30"," IG_V_gene","chr2",791.931607067188,-1.64571169292087,0.812900946135431,0.000893304027852259,0.0043490118698108
"ENSG00000119227.8","PIGZ"," protein_coding","chr3",2958.12098871954,-1.64542756512436,0.404503616441263,1.73742175198773e-06,1.90068200963997e-05
"ENSG00000204175.5","GPRIN2"," protein_coding","chr10",669.045632272572,-1.64363945426571,0.315660566309196,7.82477292770938e-09,1.5765144611272e-07
"ENSG00000234175.1","AL355355.2"," processed_pseudogene","chr10",12.5281672312105,-1.6423310122115,0.298603468252834,2.24246887127644e-09,5.08637698280158e-08
"ENSG00000115468.12","EFHD1"," protein_coding","chr2",142.684319860561,-1.64022218063888,0.398461464472243,1.45115998723228e-06,1.62419830570984e-05
"ENSG00000198947.16","DMD"," protein_coding","chrX",900.579243533737,-1.63758226475441,0.733521392443048,0.000592894913297787,0.0030658249316265
"ENSG00000227051.7","C14orf132"," protein_coding","chr14",494.756210168956,-1.63570494071091,0.516871512495665,4.91195695434046e-05,0.00035664199727956
"ENSG00000114166.8","KAT2B"," protein_coding","chr3",1005.02054577249,-1.63534140452375,0.279635610918649,2.101486242372e-10,5.98859003115981e-09
"ENSG00000166793.13","YPEL4"," protein_coding","chr11",29.361571293048,-1.63373834533238,0.387731643493349,9.96610100117665e-07,1.16737533849221e-05
"ENSG00000178537.10","SLC25A20"," protein_coding","chr3",1627.08870906864,-1.63293259111211,0.30671986140559,4.11041507124356e-09,8.87663688505811e-08
"ENSG00000151702.17","FLI1"," protein_coding","chr11",528.420584507881,-1.63079633412483,0.326257057321463,2.27491920880873e-08,4.11361156988934e-07
"ENSG00000172828.13","CES3"," protein_coding","chr16",4608.6796922233,-1.63073934633339,0.353266431161829,1.50793170665434e-07,2.21158720116064e-06
"ENSG00000139193.4","CD27"," protein_coding","chr12",164.328969591391,-1.63068529630555,0.423056272158453,3.97524939541164e-06,3.931402951745e-05
"ENSG00000267414.1","SETBP1-DT"," lncRNA","chr18",23.6599363175575,-1.62694807362133,0.307156191648817,4.26160775650682e-09,9.17871695824143e-08
"ENSG00000176533.13","GNG7"," protein_coding","chr19",406.04173456956,-1.62566789665563,0.446963064686319,9.42258966878194e-06,8.47432572649832e-05
"ENSG00000119946.11","CNNM1"," protein_coding","chr10",35.7482153275649,-1.62434224557192,0.390581776555499,1.26819772847056e-06,1.44482842648991e-05
"ENSG00000134061.5","CD180"," protein_coding","chr5",255.414408320609,-1.62321809339753,0.466065348844057,1.64350951783202e-05,0.000137629081346212
"ENSG00000138685.17","FGF2"," protein_coding","chr4",175.508967072741,-1.62243582251611,0.390542646389432,1.22009578935443e-06,1.39541469805729e-05
"ENSG00000198046.12","ZNF667"," protein_coding","chr19",33.5858755389837,-1.62229132411808,0.361625696496857,2.9147595016819e-07,3.93868709015783e-06
"ENSG00000136044.12","APPL2"," protein_coding","chr12",5470.20074503243,-1.62183711906777,0.268932200041974,6.85734216057384e-11,2.18131885447023e-09
"ENSG00000151079.7","KCNA6"," protein_coding","chr12",31.2188841134005,-1.61894745991283,0.653729381366717,0.000378942591873683,0.00207729447067439
"ENSG00000007264.15","MATK"," protein_coding","chr19",141.192308433807,-1.61889806416515,0.295891705236473,1.80544954520026e-09,4.18580580986501e-08
"ENSG00000128918.15","ALDH1A2"," protein_coding","chr15",76.8549573234572,-1.6183840347329,0.800682405461778,0.000928835913744426,0.00449234929046589
"ENSG00000141447.18","OSBPL1A"," protein_coding","chr18",1329.51404279561,-1.61777738987223,0.286361058541144,6.7272108545846e-10,1.72746685061794e-08
"ENSG00000259342.1","AC025580.1"," lncRNA","chr15",371.621466223961,-1.61762531693852,0.478625161697238,2.39514603993079e-05,0.000190589973434846
"ENSG00000168016.15","TRANK1"," protein_coding","chr3",3521.70127584215,-1.61345931191087,0.378918557181793,7.57212952779337e-07,9.17417619309881e-06
"ENSG00000204161.14","TMEM273"," protein_coding","chr10",332.945711498502,-1.61027007383521,0.382368492669721,9.21858196487276e-07,1.0908375261241e-05
"ENSG00000254703.2","SENCR"," lncRNA","chr11",14.1572038209221,-1.6096950251644,0.405663591817034,2.19802776986786e-06,2.3376010928693e-05
"ENSG00000142494.13","SLC47A1"," protein_coding","chr17",68.432037530949,-1.60676668633971,0.454261793425251,1.30193365543625e-05,0.000112478473750732
"ENSG00000243244.7","STON1"," protein_coding","chr2",279.133131090554,-1.60471082462668,0.482357869596164,2.88903557253643e-05,0.000224335685677961
"ENSG00000272462.3","U91328.1"," lncRNA","chr6",137.607136153249,-1.60206473714142,0.284468167213015,7.52458121788117e-10,1.90614993487183e-08
"ENSG00000169851.15","PCDH7"," protein_coding","chr4",489.769029775574,-1.60085814422181,0.505961975402423,4.92247828602435e-05,0.000357275939641722
"ENSG00000163520.14","FBLN2"," protein_coding","chr3",2717.09256806772,-1.60060515431712,0.583038438856645,0.000170136663759376,0.00104827179808311
"ENSG00000179277.9","MEIS3P1"," processed_pseudogene","chr17",123.544013366494,-1.59868033098859,0.471051567456856,2.3285947461484e-05,0.000186115558410453
"ENSG00000151229.13","SLC2A13"," protein_coding","chr12",1149.76901513586,-1.59831763822571,0.307081807167355,7.91597323656941e-09,1.58995457495402e-07
"ENSG00000134917.10","ADAMTS8"," protein_coding","chr11",159.078693126223,-1.59322675028993,0.693042029295733,0.000517060381244854,0.00272182060565123
"ENSG00000166143.10","PPP1R14D"," protein_coding","chr15",2348.88745546709,-1.59014682372007,0.304992822554309,7.42071091512882e-09,1.50726805308668e-07
"ENSG00000177363.5","LRRN4CL"," protein_coding","chr11",232.895550232207,-1.58945666090602,0.456421748530063,1.66706871395124e-05,0.000139242707970739
"ENSG00000143257.12","NR1I3"," protein_coding","chr1",14.7967171276777,-1.58894314162558,0.292989438534469,0.000680564397798139,0.00344883047989571
"ENSG00000137251.16","TINAG"," protein_coding","chr6",479.478182968657,-1.58806347796241,0.513258764125045,6.13586749594941e-05,0.000433517603795224
"ENSG00000171433.12","GLOD5"," protein_coding","chrX",127.255020450647,-1.58386869742074,0.310370860892646,1.43169830535556e-08,2.69704373739007e-07
"ENSG00000149218.5","ENDOD1"," protein_coding","chr11",4169.31649758598,-1.5832114309273,0.223141993156172,6.04527749501256e-14,3.47903576122549e-12
"ENSG00000143382.15","ADAMTSL4"," protein_coding","chr1",371.578137159952,-1.58291783145518,0.23900032216334,1.56528826177024e-12,6.95974334253953e-11
"ENSG00000204131.9","NHSL2"," protein_coding","chrX",252.366719344884,-1.58163627062918,0.492109430328458,4.18527440023733e-05,0.000309584404017555
"ENSG00000250510.8","GPR162"," protein_coding","chr12",97.0835112418261,-1.57854764991073,0.351240951150391,2.76537329516215e-07,3.76503718181095e-06
"ENSG00000176472.10","ZNF575"," protein_coding","chr19",277.065756718264,-1.57719075865219,0.404975173118622,3.53935526618927e-06,3.55336817908974e-05
"ENSG00000162407.9","PLPP3"," protein_coding","chr1",1663.80279044072,-1.57645672675028,0.206794142780203,1.10502815522543e-15,8.96710288158016e-14
"ENSG00000064652.11","SNX24"," protein_coding","chr5",402.19943544708,-1.57416455197467,0.31266348957217,1.93917538451869e-08,3.55804152802192e-07
"ENSG00000178146.9","GK4P"," processed_pseudogene","chrX",24.9265663845067,-1.57410662727886,0.613919282135904,0.000303111566098228,0.00171221636136726
"ENSG00000196924.19","FLNA"," protein_coding","chrX",42624.7550697133,-1.57252207007984,0.570010279236535,0.000163482278374418,0.00101356255039271
"ENSG00000151320.11","AKAP6"," protein_coding","chr14",224.160560359465,-1.57036894198424,0.433244779881466,1.01967787597708e-05,9.07007522566838e-05
"ENSG00000172915.18","NBEA"," protein_coding","chr13",244.495419778723,-1.56910411471366,0.400505736002117,3.21699522743173e-06,3.27019201666079e-05
"ENSG00000129538.14","RNASE1"," protein_coding","chr14",8159.63953802056,-1.56833634646633,0.338269047948999,1.3777806678189e-07,2.04014620967453e-06
"ENSG00000205363.6","INSYN1"," protein_coding","chr15",58.0175419212358,-1.56830657821263,0.51894008021689,7.57927706313989e-05,0.000519662388921408
"ENSG00000268027.5","AC243960.1"," lncRNA","chr19",36.9479803735626,-1.56668249876248,0.548442223499414,0.000119794869304575,0.000774870838558769
"ENSG00000278828.1","H3C10"," protein_coding","chr6",120.89053659156,-1.56261764535998,0.331439526155843,9.04224566998759e-08,1.41238310854888e-06
"ENSG00000122786.20","CALD1"," protein_coding","chr7",9848.70943709987,-1.55987290317256,0.599093711692999,0.000249958792731888,0.00145553686661134
"ENSG00000111796.4","KLRB1"," protein_coding","chr12",163.763578815937,-1.55777936693945,0.429332648669307,9.52417466014032e-06,8.54395827688953e-05
"ENSG00000120279.6","MYCT1"," protein_coding","chr6",186.875278743719,-1.55598497834533,0.257930958553989,6.7752323823303e-11,2.158101007514e-09
"ENSG00000275025.1","AC002401.3"," lncRNA","chr17",12.1596696465479,-1.55375075914366,0.308998354737189,3.23317761874606e-08,5.63298331450668e-07
"ENSG00000167664.8","TMIGD2"," protein_coding","chr19",51.5524935677225,-1.55372424524035,0.407299981216233,4.87781234158941e-06,4.71342759700236e-05
"ENSG00000287527.1","AC005753.3"," lncRNA","chr5",25.6420985216548,-1.55342773310986,0.392172294384769,3.54050929928645e-06,3.55342766964254e-05
"ENSG00000163449.11","TMEM169"," protein_coding","chr2",20.9790981896807,-1.55217439438668,0.327873695529136,9.46312979831126e-08,1.47175020121508e-06
"ENSG00000188013.6","MEIS3P2"," processed_pseudogene","chr17",12.8593540759684,-1.54990526961205,0.301262512419335,1.35758406961535e-08,2.57686922406871e-07
"ENSG00000181751.10","MACIR"," protein_coding","chr5",1775.4704971947,-1.54952620962124,0.271193217329289,4.93458222594609e-10,1.31499728973529e-08
"ENSG00000183801.8","OLFML1"," protein_coding","chr11",344.191204834052,-1.54938823530697,0.368942678858926,9.85813391253769e-07,1.15639794193404e-05
"ENSG00000126860.12","EVI2A"," protein_coding","chr17",162.318957760995,-1.54879907892984,0.45792981542376,2.31773451033101e-05,0.000185338819256772
"ENSG00000119782.14","FKBP1B"," protein_coding","chr2",57.2204622948346,-1.54759862316522,0.354803883397461,5.15590392051947e-07,6.47891325792571e-06
"ENSG00000255277.3","ABCC6P2"," transcribed_unprocessed_pseudogene","chr16",50.5140493419556,-1.54619887916493,0.482739852746586,4.47645812476516e-05,0.000328280338485376
"ENSG00000104154.7","SLC30A4"," protein_coding","chr15",655.453239298148,-1.54528135401865,0.335226703113117,1.56519770691262e-07,2.27930069177429e-06
"ENSG00000106351.13","AGFG2"," protein_coding","chr7",2415.6089112199,-1.54486587209288,0.218523557902984,6.8136188328804e-14,3.86637133002853e-12
"ENSG00000183580.10","FBXL7"," protein_coding","chr5",284.950040386701,-1.54292037172348,0.370287954216927,1.1464470321643e-06,1.3200204955654e-05
"ENSG00000253313.6","C1orf210"," protein_coding","chr1",1953.0321337726,-1.54115766662861,0.220013709584531,1.15955086684651e-13,6.33614512392324e-12
"ENSG00000104870.13","FCGRT"," protein_coding","chr19",14708.8415434071,-1.54021743026947,0.269753549241729,4.59047461781628e-10,1.23444594154997e-08
"ENSG00000215193.13","PEX26"," protein_coding","chr22",5738.89100046898,-1.53927159431803,0.251513745523079,4.01843744829877e-11,1.32551262903335e-09
"ENSG00000152284.5","TCF7L1"," protein_coding","chr2",347.493579028547,-1.53877657379529,0.292592585091369,5.94516368602422e-09,1.23539131191405e-07
"ENSG00000268388.6","FENDRR"," lncRNA","chr16",901.584097479855,-1.53834137928033,0.389682743556363,2.8126639038727e-06,2.9000459019028e-05
"ENSG00000180573.9","H2AC6"," protein_coding","chr6",1610.93069675934,-1.5373850197605,0.303230650937001,1.58871653631003e-08,2.95849462625077e-07
"ENSG00000197256.11","KANK2"," protein_coding","chr19",4236.00838571476,-1.53592189064356,0.385375293801158,2.41450562255871e-06,2.54118104724419e-05
"ENSG00000120156.22","TEK"," protein_coding","chr9",373.949891263353,-1.53303934234526,0.294431608970444,7.74833489157964e-09,1.56402645466973e-07
"ENSG00000110324.11","IL10RA"," protein_coding","chr11",1087.3623655787,-1.53280610286275,0.382355504317045,2.2007524483875e-06,2.33896604354164e-05
"ENSG00000079739.17","PGM1"," protein_coding","chr1",4150.50425133002,-1.53275199103541,0.326171540365523,1.02313632107247e-07,1.57912309602331e-06
"ENSG00000170476.16","MZB1"," protein_coding","chr5",1201.50345771221,-1.53257288840601,0.588239870256987,0.000241358178594918,0.00141356978723094
"ENSG00000263429.3","TMEM238L"," protein_coding","chr17",97.9413396490206,-1.52977105646744,0.384725935720484,2.55691803176428e-06,2.66685236102201e-05
"ENSG00000155324.10","GRAMD2B"," protein_coding","chr5",1302.05898581561,-1.52663867375846,0.241973659717092,1.19418899829835e-11,4.4247701491744e-10
"ENSG00000172803.18","SNX32"," protein_coding","chr11",54.1175259055771,-1.52584249617809,0.340669584563727,2.9474464872125e-07,3.97458321902548e-06
"ENSG00000137936.18","BCAR3"," protein_coding","chr1",1397.25486627469,-1.52566176728734,0.218030728660117,1.05935304530186e-13,5.818017114113e-12
"ENSG00000169218.14","RSPO1"," protein_coding","chr1",27.0422135363424,-1.52381316077869,0.573930969636257,0.00023897322271788,0.00140137179096241
"ENSG00000197872.11","CYRIA"," protein_coding","chr2",314.025615824207,-1.52037831489669,0.359367021407313,8.61916264995022e-07,1.02853228416207e-05
"ENSG00000079385.23","CEACAM1"," protein_coding","chr19",18342.2674432064,-1.51950521047063,0.600436204519295,0.000299936034926094,0.00169575401874781
"ENSG00000120915.14","EPHX2"," protein_coding","chr8",4257.88521566547,-1.51943734447647,0.36881692801369,1.40350730976965e-06,1.57848372351016e-05
"ENSG00000136052.9","SLC41A2"," protein_coding","chr12",1516.23722275532,-1.51909358324585,0.30546548634164,2.62516011648186e-08,4.68172786048177e-07
"ENSG00000274750.2","H3C6"," protein_coding","chr6",237.404814061748,-1.51783615189946,0.359857575721129,9.20922893968463e-07,1.09047743065284e-05
"ENSG00000211947.2","IGHV3-21"," IG_V_gene","chr14",2265.21565730097,-1.51522824263972,0.719648931701723,0.000780361292330227,0.00388302419537859
"ENSG00000158517.15","NCF1"," protein_coding","chr7",139.516440333247,-1.51361850982343,0.542041526201852,0.000150253397195164,0.000942583062651843
"ENSG00000162894.12","FCMR"," protein_coding","chr1",374.382738092759,-1.51327684278551,0.441227999011329,2.00790295088007e-05,0.000163708902234778
"ENSG00000206538.9","VGLL3"," protein_coding","chr3",202.906029888231,-1.51049083891375,0.52141981583785,0.000113289473846126,0.000738235242340403
"ENSG00000170456.16","DENND5B"," protein_coding","chr12",672.483612874753,-1.5081359004076,0.49798731633608,7.54824627817255e-05,0.000518189081424297
"ENSG00000219481.10","NBPF1"," protein_coding","chr1",1046.06296271837,-1.50639671432724,0.22522780075913,9.8547320847498e-13,4.53709069513204e-11
"ENSG00000167074.15","TEF"," protein_coding","chr22",1534.29338242191,-1.50557220937201,0.218699803087011,2.45188597925239e-13,1.26725024067793e-11
"ENSG00000081853.15","PCDHGA2"," protein_coding","chr5",22.5877890947265,-1.50481574356578,0.474093124239035,5.28075279931522e-05,0.000380134562785924
"ENSG00000171115.4","GIMAP8"," protein_coding","chr7",491.571939514762,-1.50260317050662,0.377861185931615,2.53037314147429e-06,2.64341330627526e-05
"ENSG00000158158.12","CNNM4"," protein_coding","chr2",6342.6854441084,-1.5007763004991,0.289465558489829,8.80229768839038e-09,1.74423063717811e-07
"ENSG00000197535.15","MYO5A"," protein_coding","chr15",624.037132977254,-1.49993945689038,0.320297602022016,1.10524512109734e-07,1.68978078853403e-06
"ENSG00000116574.6","RHOU"," protein_coding","chr1",2799.70561986734,-1.499445272592,0.374916457099755,2.28586254952372e-06,2.41518641381643e-05
"ENSG00000075142.14","SRI"," protein_coding","chr7",10560.046768573,-1.49763844450958,0.304936771537272,3.60288102166344e-08,6.2005467763071e-07
"ENSG00000203497.2","PDCD4-AS1"," lncRNA","chr10",99.6640456267058,-1.49672496631588,0.178575852910424,2.70355568730818e-18,3.51008041994595e-16
"ENSG00000240875.6","LINC00886"," lncRNA","chr3",72.8058522700494,-1.49301510296899,0.50805922166157,0.000101473094039695,0.000670387479409813
"ENSG00000110077.14","MS4A6A"," protein_coding","chr11",1507.54775984293,-1.49293740363192,0.465070881326563,4.24230353983063e-05,0.000312875910692621
"ENSG00000170989.10","S1PR1"," protein_coding","chr1",629.032940087863,-1.49240547361781,0.325046240867422,1.71973903250861e-07,2.47097341820118e-06
"ENSG00000165548.11","TMEM63C"," protein_coding","chr14",490.333577822641,-1.49234712282905,0.860242373412054,0.00149875442330961,0.00670709652168527
"ENSG00000173372.17","C1QA"," protein_coding","chr1",5598.77138509587,-1.48764173053788,0.54700002547967,0.000184279540163954,0.00112325733608293
"ENSG00000186281.12","GPAT2"," protein_coding","chr2",50.1880930035271,-1.48583557069974,0.439248133396454,2.35859774898093e-05,0.000188096721711113
"ENSG00000163534.15","FCRL1"," protein_coding","chr1",59.0626313602994,-1.48202332966688,1.19834209490597,0.00267210221635563,0.0108986043903583
"ENSG00000108924.14","HLF"," protein_coding","chr17",242.899456968514,-1.48156799152298,0.547515474387098,0.000192806929440758,0.0011673432784533
"ENSG00000150681.10","RGS18"," protein_coding","chr1",62.0158940811493,-1.48137616798821,0.40316278923801,7.73205811592036e-06,7.10150374438435e-05
"ENSG00000118804.8","STBD1"," protein_coding","chr4",187.615126110093,-1.47972565312754,0.220287295327312,8.2476494808635e-13,3.86852900072063e-11
"ENSG00000185862.7","EVI2B"," protein_coding","chr17",472.861126943774,-1.47928286021394,0.371573431698478,2.48234213802463e-06,2.59993098147801e-05
"ENSG00000139567.13","ACVRL1"," protein_coding","chr12",4521.78640531711,-1.47725763754442,0.305639438171473,5.95697110979132e-08,9.71126912514347e-07
"ENSG00000167705.12","RILP"," protein_coding","chr17",831.283727991127,-1.47542835738388,0.274630023138548,3.1332950422496e-09,6.90431028386541e-08
"ENSG00000087085.16","ACHE"," protein_coding","chr7",520.201171086744,-1.47530148924515,0.40862528185612,1.05575051064889e-05,9.34229827552934e-05
"ENSG00000105755.8","ETHE1"," protein_coding","chr19",5783.71118162355,-1.47355301496519,0.310680855511128,8.28830778789915e-08,1.30656578037703e-06
"ENSG00000171747.9","LGALS4"," protein_coding","chr19",110305.432919677,-1.47350120065897,0.323222693815424,1.98346724295807e-07,2.79788699573807e-06
"ENSG00000130558.20","OLFM1"," protein_coding","chr9",409.689538847089,-1.47173325632978,0.604106943703153,0.000380482216927064,0.00208398444094139
"ENSG00000068831.19","RASGRP2"," protein_coding","chr11",241.345873003365,-1.471212949506,0.38565893177893,4.85275921159235e-06,4.69760985654234e-05
"ENSG00000256139.2","AC007637.1"," lncRNA","chr12",30.3882465954003,-1.46926167885035,0.339638664823682,7.03245210147397e-07,8.59086677868431e-06
"ENSG00000166126.11","AMN"," protein_coding","chr14",4674.97872112895,-1.46923911743629,0.44058265085951,2.55716273372937e-05,0.000201702036479679
"ENSG00000152642.11","GPD1L"," protein_coding","chr3",3871.48128694787,-1.46654914400701,0.184389636029166,8.14454362205609e-17,8.18438380447977e-15
"ENSG00000137225.13","CAPN11"," protein_coding","chr6",18.9160036937981,-1.46648028754224,0.560398876856612,0.000250417188742023,0.00145689928521036
"ENSG00000276141.4","WHAMMP3"," transcribed_unprocessed_pseudogene","chr15",16.812661740458,-1.46400557326843,0.489296330882117,9.35567968425668e-05,0.000625214435230808
"ENSG00000184451.5","CCR10"," protein_coding","chr17",31.2955470474392,-1.46291663529235,0.380449561037975,3.64009203336778e-06,3.64098943664257e-05
"ENSG00000135063.19","FAM189A2"," protein_coding","chr9",139.061637284594,-1.46151930839331,0.426024170686008,2.08344963201597e-05,0.000169002476286048
"ENSG00000120162.10","MOB3B"," protein_coding","chr9",2297.4585174078,-1.46131456786101,0.26509541948161,1.48472178209952e-09,3.50480724388264e-08
"ENSG00000189077.11","TMEM120A"," protein_coding","chr7",2680.80825694572,-1.46025925763941,0.333502260660978,4.95929906125623e-07,6.25851201128518e-06
"ENSG00000135914.6","HTR2B"," protein_coding","chr2",22.5549463733792,-1.45917325089075,0.731372708761359,0.00107762479977037,0.00508929079679127
"ENSG00000153823.19","PID1"," protein_coding","chr2",1625.94646570746,-1.45895278224255,0.510629369648553,0.000126073031701062,0.000809671243164438
"ENSG00000134363.12","FST"," protein_coding","chr5",73.8682192492979,-1.45873819275705,0.427811288505784,2.21717077342599e-05,0.000178395956777047
"ENSG00000182578.14","CSF1R"," protein_coding","chr5",2506.8818962996,-1.4576636665594,0.510504361656824,0.000125740929216177,0.000807858091943523
"ENSG00000169252.6","ADRB2"," protein_coding","chr5",74.8004857397482,-1.45468417037059,0.358429607971422,1.91724193976435e-06,2.07133939344505e-05
"ENSG00000185345.23","PRKN"," protein_coding","chr6",131.299269436775,-1.45397640138604,0.297663682014682,4.29815011094593e-08,7.24347644346225e-07
"ENSG00000043039.7","BARX2"," protein_coding","chr11",621.015642136825,-1.45185633681759,0.51739076358106,0.000151103308706471,0.000946717148509249
"ENSG00000111424.12","VDR"," protein_coding","chr12",6086.62040610309,-1.45039929214394,0.254009830771623,4.67069356487636e-10,1.25399941682548e-08
"ENSG00000150048.10","CLEC1A"," protein_coding","chr12",59.6396958697448,-1.44659811343657,0.332135516648761,4.98855656102585e-07,6.28565872895098e-06
"ENSG00000100292.18","HMOX1"," protein_coding","chr22",2446.80588197526,-1.44581085283659,0.469294305666638,6.42365634552057e-05,0.00045032189560023
"ENSG00000103942.13","HOMER2"," protein_coding","chr15",70.6643881732662,-1.44449815269042,0.441701820820767,3.5984768705177e-05,0.000271879334877243
"ENSG00000234618.1","RPSAP9"," processed_pseudogene","chr9",44.421446061903,-1.44429029494638,0.406295140050681,1.32954806818362e-05,0.000114468093361019
"ENSG00000173258.13","ZNF483"," protein_coding","chr9",144.968446854689,-1.44387084587559,0.439194477149237,3.40264010304943e-05,0.000259073170219982
"ENSG00000187260.16","WDR86"," protein_coding","chr7",47.7717323635182,-1.44042995124523,0.394443571902532,9.45952717413343e-06,8.4957756784179e-05
"ENSG00000172673.11","THEMIS"," protein_coding","chr6",78.7049179179989,-1.43973668758261,0.467277622730774,6.30400227046835e-05,0.000443658511914271
"ENSG00000188921.14","HACD4"," protein_coding","chr9",338.428283684906,-1.43846859579414,0.331305030658978,5.30500421766271e-07,6.64825586474503e-06
"ENSG00000109265.14","CRACD"," protein_coding","chr4",1531.0310592474,-1.43767701280918,0.446914931059188,4.1398764871186e-05,0.000306785641595652
"ENSG00000183049.13","CAMK1D"," protein_coding","chr10",2206.84322655721,-1.43473314103951,0.364481800805763,2.99693119911087e-06,3.06762512963547e-05
"ENSG00000164035.10","EMCN"," protein_coding","chr4",267.220086858246,-1.43243698171727,0.273800048122666,6.78896666535894e-09,1.39466000015329e-07
"ENSG00000280135.1","AL096816.1"," TEC","chr6",24.8074397960521,-1.42995727875694,0.470353144181248,7.33485238041258e-05,0.000506326326166379
"ENSG00000156804.7","FBXO32"," protein_coding","chr8",3161.06091915706,-1.42946547897658,0.411449031581865,1.72020564769365e-05,0.000142799066273249
"ENSG00000154864.13","PIEZO2"," protein_coding","chr18",137.745943369674,-1.4285338615642,0.467520686647016,7.07211202561412e-05,0.000489647210169332
"ENSG00000158828.8","PINK1"," protein_coding","chr1",1040.17953970547,-1.42817573983551,0.192627598964356,5.78965023298316e-15,4.07636588421188e-13
"ENSG00000139433.11","GLTP"," protein_coding","chr12",2932.4175859915,-1.42648031048737,0.186132567153593,9.58198784352828e-16,7.8737256057023e-14
"ENSG00000248334.6","WHAMMP2"," transcribed_unprocessed_pseudogene","chr15",16.9377267454858,-1.42201787345867,0.477599333818966,0.000101189392406243,0.000669057913775074
"ENSG00000166265.13","CYYR1"," protein_coding","chr21",325.731864352551,-1.42130004821241,0.319411323309075,3.25612996051681e-07,4.34391558809925e-06
"ENSG00000185561.10","TLCD2"," protein_coding","chr17",1247.80541358404,-1.42116807358133,0.308085538188158,1.55342688241666e-07,2.26611819098787e-06
"ENSG00000249631.6","AC005699.1"," lncRNA","chr4",14.5155564569876,-1.4205509993117,0.675633415698207,0.000861594705019338,0.00421995487181495
"ENSG00000154263.17","ABCA10"," protein_coding","chr17",121.010443517762,-1.41993403557587,0.427063133448259,3.09568854436568e-05,0.000238329835799386
"ENSG00000169508.7","GPR183"," protein_coding","chr13",325.86812100641,-1.41971668177792,0.349408538354239,1.76357112985466e-06,1.92345402328033e-05
"ENSG00000184012.13","TMPRSS2"," protein_coding","chr21",12491.9226671352,-1.41867198334894,0.273747564927451,8.91713961665305e-09,1.76268281167676e-07
"ENSG00000069974.16","RAB27A"," protein_coding","chr15",2348.13166844925,-1.41691724026525,0.311276836274919,1.86778492530501e-07,2.65547801601182e-06
"ENSG00000255150.2","EID3"," protein_coding","chr12",28.4864377142993,-1.41531251092132,0.337174303682569,1.03533790643704e-06,1.20881286932135e-05
"ENSG00000247809.9","NR2F2-AS1"," lncRNA","chr15",21.4891483075932,-1.41356180313862,0.383987021662527,9.17014707458638e-06,8.27250232759658e-05
"ENSG00000136235.17","GPNMB"," protein_coding","chr7",4014.24406141069,-1.41251651276769,0.548830549363464,0.000273014930592789,0.0015653627657977
"ENSG00000110013.13","SIAE"," protein_coding","chr11",6487.72673707344,-1.41222743682233,0.288962853711268,4.13012136367734e-08,6.98933676862561e-07
"ENSG00000161533.12","ACOX1"," protein_coding","chr17",7871.88716575008,-1.41115110489631,0.338593001057733,9.14391200950039e-07,1.08397770637094e-05
"ENSG00000156006.5","NAT2"," protein_coding","chr8",462.079691842673,-1.41102587624057,0.455053922770947,6.11220773104659e-05,0.000432222306174968
"ENSG00000160460.16","SPTBN4"," protein_coding","chr19",40.2977382241918,-1.41016876852075,0.459864922846845,7.31312658899424e-05,0.000504933977506009
"ENSG00000227191.8","TRGC2"," TR_C_gene","chr7",49.1680326418071,-1.40887735852494,0.540867169419258,0.00025338197849812,0.00147124727336171
"ENSG00000131845.15","ZNF304"," protein_coding","chr19",208.224442520966,-1.40818264507537,0.557206760773639,0.000307272472764691,0.0017312011666371
"ENSG00000185811.19","IKZF1"," protein_coding","chr7",622.482693726125,-1.40812140815761,0.482200233409357,0.000105174422482768,0.00069188313841623
"ENSG00000128311.14","TST"," protein_coding","chr22",10913.7910316157,-1.40689906588052,0.241448471663036,2.38208090837739e-10,6.72326801079247e-09
"ENSG00000103710.11","RASL12"," protein_coding","chr15",378.258916311645,-1.40655410836817,0.486836675660829,0.000113953537442777,0.000741520432702018
"ENSG00000188060.7","RAB42"," protein_coding","chr1",123.134101437167,-1.40646125585476,0.432854406813641,3.65760966329432e-05,0.000275843264219658
"ENSG00000255587.9","RAB44"," protein_coding","chr6",19.9596776927039,-1.40543099871341,0.418940338804122,2.68667556885609e-05,0.000210536252085782
"ENSG00000235863.4","B3GALT4"," protein_coding","chr6",817.735696496141,-1.4041173157755,0.242469836829156,2.98030838018682e-10,8.2608752693513e-09
"ENSG00000211891.6","IGHE"," IG_C_gene","chr14",23.9564733984429,-1.40305028854349,0.914139086323174,0.00206286261330815,0.00877541214977141
"ENSG00000236349.1","SUCLG2P2"," processed_pseudogene","chr12",32.034391024116,-1.40288051348045,0.317746772815275,4.06008472131774e-07,5.27762234219188e-06
"ENSG00000095203.14","EPB41L4B"," protein_coding","chr9",7604.05113310755,-1.40205960086124,0.247277296945839,5.99014956368766e-10,1.56069735296292e-08
"ENSG00000272686.1","WASL-DT"," lncRNA","chr7",340.059985424093,-1.40005604551248,0.268755507554927,7.90746148033729e-09,1.58922838841355e-07
"ENSG00000064787.13","BCAS1"," protein_coding","chr20",6537.94242607703,-1.39950389274471,0.445433707250542,5.32746672025359e-05,0.000383157356095703
"ENSG00000103184.12","SEC14L5"," protein_coding","chr16",79.8310020949187,-1.39498136940872,0.697880049570099,0.00102124731791962,0.00485395305975031
"ENSG00000102468.11","HTR2A"," protein_coding","chr13",23.6614109544186,-1.39026466475233,0.615823768319349,0.000601843923398813,0.00310616156235946
"ENSG00000267787.7","AC027097.2"," lncRNA","chr18",25.0356425146246,-1.39016154673088,0.267799478394975,9.96833650022925e-09,1.95028490732032e-07
"ENSG00000265519.1","AC015922.2"," lncRNA","chr17",83.8680828387852,-1.39009159518688,0.44668008228593,5.9478041965577e-05,0.000422067836930192
"ENSG00000153303.17","FRMD1"," protein_coding","chr6",1208.27235875338,-1.38807805913658,0.681868922740932,0.000910679991812647,0.00442100675654426
"ENSG00000245025.3","AC107959.1"," lncRNA","chr8",57.012386854801,-1.38787621563748,0.375609632070916,7.83591251218566e-06,7.19078451570603e-05
"ENSG00000282885.2","AL627171.2"," lncRNA","chr14",23.4141007818867,-1.3873789105696,0.265391300507892,5.99443720865377e-09,1.24403735881384e-07
"ENSG00000177133.11","PRDM16-DT"," lncRNA","chr1",28.9200819587769,-1.38678535983919,0.482187103096971,0.000115732823521337,0.000751140968977313
"ENSG00000088256.9","GNA11"," protein_coding","chr19",8234.23218769564,-1.38371790672203,0.31617283290043,4.42655821207802e-07,5.67894175682326e-06
"ENSG00000158373.8","H2BC5"," protein_coding","chr6",528.064945778756,-1.38325608499721,0.355649825979129,3.65846621228368e-06,3.65662385214113e-05
"ENSG00000127990.19","SGCE"," protein_coding","chr7",476.257515780881,-1.38324842971714,0.382128296006649,1.02214579116267e-05,9.08704686101283e-05
"ENSG00000120913.23","PDLIM2"," protein_coding","chr8",747.485970050275,-1.38289990242138,0.478961498711662,0.000115904721161414,0.000752063306514443
"ENSG00000245105.4","A2M-AS1"," lncRNA","chr12",30.7589024724078,-1.3801185451744,0.430859850894219,3.97171901636578e-05,0.000296081892129537
"ENSG00000279118.1","AC093535.2"," TEC","chr5",43.4062544715121,-1.37904412649109,0.304368348520838,2.50277043913161e-07,3.4494659411182e-06
"ENSG00000136160.17","EDNRB"," protein_coding","chr13",705.172783081405,-1.37836507403337,0.3092053469484,3.19952029924231e-07,4.27894643068838e-06
"ENSG00000164237.9","CMBL"," protein_coding","chr5",7921.27441062422,-1.37583069179905,0.520250945159232,0.000227769384771131,0.00134907640344916
"ENSG00000223394.2","TRBV29OR9-2"," TR_V_pseudogene","chr9",4.02165662996934,-1.37401923432914,0.800848238494491,0.00218316670614868,0.00919364228977771
"ENSG00000287406.1","AC098656.1"," lncRNA","chr1",22.605703940017,-1.37259419582963,0.770037306817414,0.00150341790136826,0.00672518443255388
"ENSG00000162949.16","CAPN13"," protein_coding","chr2",889.079283789907,-1.37191284119703,0.411837966424689,2.89575273934132e-05,0.000224803497760202
"ENSG00000185275.6","CD24P4"," processed_pseudogene","chrY",20.1180586520655,-1.37158126904931,0.630918694191496,0.000710754994682344,0.00358113716507289
"ENSG00000232284.7","GNG12-AS1"," lncRNA","chr1",54.5729449725762,-1.37073046873477,0.352852570271426,3.82808672469045e-06,3.80240002779445e-05
"ENSG00000167741.11","GGT6"," protein_coding","chr17",5815.96006617893,-1.36773155857521,0.409992566345703,2.81445263417786e-05,0.000219693689321842
"ENSG00000100368.14","CSF2RB"," protein_coding","chr22",804.897752079868,-1.36668887356754,0.422016762968538,3.89953886897998e-05,0.000291370240813426
"ENSG00000249740.3","OSMR-AS1"," lncRNA","chr5",4.15448715145701,-1.36463000417326,0.649751309896536,0.00110817515792235,0.00520914544183111
"ENSG00000197937.13","ZNF347"," protein_coding","chr19",236.100978630609,-1.36163562599206,0.458395640283155,9.12147610894262e-05,0.000612083670754723
"ENSG00000163412.13","EIF4E3"," protein_coding","chr3",1660.59491491116,-1.36114943693241,0.366153958621197,5.9379659043669e-06,5.61417120081389e-05
"ENSG00000117020.18","AKT3"," protein_coding","chr1",512.320345038365,-1.36086022455582,0.402869117699104,2.44689642321542e-05,0.000194136798104928
"ENSG00000104043.15","ATP8B4"," protein_coding","chr15",154.267191649584,-1.36019992344765,0.261986103425373,8.31634345591504e-09,1.66111923625902e-07
"ENSG00000166963.13","MAP1A"," protein_coding","chr15",696.194581829172,-1.35861149500149,0.633041567699723,0.000738042149605485,0.00369681668084797
"ENSG00000287743.1","AL031289.2"," lncRNA","chr1",14.1171866303722,-1.35850361320364,0.634768102503889,0.000858129259892867,0.00420742590900343
"ENSG00000110900.16","TSPAN11"," protein_coding","chr12",628.135170562663,-1.35681128485475,0.425921314752877,4.63745040942341e-05,0.000338328535376635
"ENSG00000100490.9","CDKL1"," protein_coding","chr14",325.117400619607,-1.35658921135116,0.151432952982366,1.55976975039745e-20,3.03155727894614e-18
"ENSG00000170458.14","CD14"," protein_coding","chr5",3244.91748541269,-1.35568170678279,0.383744403144299,1.41129606844172e-05,0.000120420209751528
"ENSG00000117592.9","PRDX6"," protein_coding","chr1",13330.662836813,-1.35437117216323,0.300418437009011,2.52889941495837e-07,3.47662080519774e-06
"ENSG00000185942.13","NKAIN3"," protein_coding","chr8",41.984093002933,-1.35304118305703,0.462419675273574,0.000106891625353401,0.00070189932747738
"ENSG00000060762.19","MPC1"," protein_coding","chr6",2032.88679628693,-1.35186773261814,0.204167180179561,1.54674309991369e-12,6.89617960673057e-11
"ENSG00000231205.11","ZNF826P"," transcribed_unprocessed_pseudogene","chr19",39.7697549653747,-1.34983050323734,0.352740003306263,5.04768568567276e-06,4.85589158226338e-05
"ENSG00000172340.15","SUCLG2"," protein_coding","chr3",8336.93683116191,-1.34969314159242,0.206220862127593,2.5948749478894e-12,1.10385912265523e-10
"ENSG00000134516.18","DOCK2"," protein_coding","chr5",795.534178555746,-1.34938598517818,0.465751648606167,0.000113178990156456,0.000737663386043825
"ENSG00000023902.14","PLEKHO1"," protein_coding","chr1",1395.67133096751,-1.348367337571,0.467886248503783,0.000117176010893894,0.000759444680829478
"ENSG00000072952.19","IRAG1"," protein_coding","chr11",1305.71144348605,-1.34736311323594,0.483148229588473,0.000155046252456158,0.00096813603114774
"ENSG00000159733.14","ZFYVE28"," protein_coding","chr4",824.404774817058,-1.34708052115979,0.298271310177459,2.46421117428618e-07,3.40209979987158e-06
"ENSG00000174600.14","CMKLR1"," protein_coding","chr12",636.431872662243,-1.34390269233697,0.53699646843656,0.000330628955786078,0.00184454359692412
"ENSG00000158201.10","ABHD3"," protein_coding","chr18",3360.76066365912,-1.34365657250652,0.429472379246574,5.55389608945582e-05,0.000397066870642196
"ENSG00000226791.7","LINC02611"," lncRNA","chr2",21.6788175573706,-1.34322732508788,0.413546186539196,3.67744358118455e-05,0.000277029647003954
"ENSG00000163492.15","CCDC141"," protein_coding","chr2",15.7480599645894,-1.34266603498096,0.572286793247611,0.000485384133847794,0.00257849397977606
"ENSG00000128011.5","LRFN1"," protein_coding","chr19",55.0274576932254,-1.34108825304023,0.329002070542012,1.748423575742e-06,1.91014245780659e-05
"ENSG00000157168.20","NRG1"," protein_coding","chr8",212.439724538714,-1.33970326286737,0.516028968046238,0.00025999298455059,0.00150451993092228
"ENSG00000185133.14","INPP5J"," protein_coding","chr22",1257.44631522196,-1.33864145458563,0.522599522723034,0.000284631191684302,0.00162079986310335
"ENSG00000171100.15","MTM1"," protein_coding","chrX",1522.88755321765,-1.33819965585431,0.202768082305136,1.74786728582668e-12,7.70818972328295e-11
"ENSG00000117682.17","DHDDS"," protein_coding","chr1",2265.03872139634,-1.33760825771218,0.192129874947152,1.3028288309706e-13,7.09517083819527e-12
"ENSG00000122707.12","RECK"," protein_coding","chr9",371.45799097427,-1.33751891910174,0.235391243600077,5.61773240496937e-10,1.48123767993904e-08
"ENSG00000120899.18","PTK2B"," protein_coding","chr8",3697.16695343748,-1.33744068368303,0.273931734711,4.24929445461803e-08,7.17604575483829e-07
"ENSG00000101782.15","RIOK3"," protein_coding","chr18",6022.21839031929,-1.3371840208877,0.342272133500184,3.39765655227724e-06,3.43020641909221e-05
"ENSG00000164976.9","MYORG"," protein_coding","chr9",5347.56651950495,-1.33589593441032,0.272899359861339,3.93252897541614e-08,6.67234843094914e-07
"ENSG00000162104.10","ADCY9"," protein_coding","chr16",1922.28154935672,-1.33507166608906,0.25768158043114,9.02198081178922e-09,1.78015473063255e-07
"ENSG00000111684.11","LPCAT3"," protein_coding","chr12",1046.04573549044,-1.33313654379835,0.282549769953224,9.42615200314574e-08,1.46810960517325e-06
"ENSG00000101265.16","RASSF2"," protein_coding","chr20",839.082313563739,-1.33285931996917,0.382358727194525,1.67092891400996e-05,0.000139457471563217
"ENSG00000204851.7","PNMA8B"," protein_coding","chr19",35.0036694310441,-1.3294406670288,0.476495922776502,0.000162538573324454,0.00100873365448664
"ENSG00000230490.3","AL139383.1"," lncRNA","chr13",27.6233397833743,-1.32927322554503,0.329268241991618,1.78181259413461e-06,1.94139218463985e-05
"ENSG00000237438.7","CECR7"," transcribed_unprocessed_pseudogene","chr22",23.7848756661068,-1.32901249404463,0.911906973643083,0.00236068233824061,0.00981717198393512
"ENSG00000185527.12","PDE6G"," protein_coding","chr17",24.365372081359,-1.32888746819562,0.503374910994666,0.000203679618738024,0.00122494590791158
"ENSG00000236915.2","CLCA4-AS1"," lncRNA","chr1",12.2139695559741,-1.32777391645898,0.977697620384101,0.00275273317984294,0.0111797064003181
"ENSG00000092850.12","TEKT2"," protein_coding","chr1",3.75058694057164,-1.32752253203585,0.589686478741505,0.000871069521136574,0.0042599328788686
"ENSG00000112799.9","LY86"," protein_coding","chr6",148.20901495717,-1.32621466756322,0.42676871618543,5.85091447949531e-05,0.000416193254822395
"ENSG00000249898.8","MCPH1-AS1"," lncRNA","chr8",73.1320104815087,-1.3230956956389,0.371305574062043,1.33901242990497e-05,0.000115160745760083
"ENSG00000197106.7","SLC6A17"," protein_coding","chr1",11.6429978251004,-1.32230861001878,0.689849372737068,0.00133598002007345,0.0060963362141915
"ENSG00000135617.4","PRADC1"," protein_coding","chr2",1071.50662235853,-1.32182708278905,0.224828891492521,1.77956507386156e-10,5.12066694746441e-09
"ENSG00000197245.6","FAM110D"," protein_coding","chr1",75.9525222424139,-1.3192527949968,0.469035151692025,0.000139114036895573,0.000882297460021772
"ENSG00000175899.15","A2M"," protein_coding","chr12",17639.3221175522,-1.31865027162393,0.418312480564796,4.3776245200775e-05,0.000321832246144225
"ENSG00000164626.9","KCNK5"," protein_coding","chr6",2591.0170216242,-1.31804561477501,0.448804261716647,0.000100392414251281,0.000664736226390876
"ENSG00000269243.1","AC008894.2"," lncRNA","chr19",11.4283044431114,-1.31601370867193,0.483667492692551,0.000231482593278527,0.00136633586154231
"ENSG00000246430.7","LINC00968"," lncRNA","chr8",5.187305065782,-1.31428485864351,0.727756142048611,0.00171808292502101,0.00754097844223556
"ENSG00000197540.8","GZMM"," protein_coding","chr19",74.289497800909,-1.31382770951693,0.509569532558781,0.000265442197404465,0.00152916910535084
"ENSG00000225762.1","LINC01389"," lncRNA","chr1",42.3182998716692,-1.3122947675243,0.507002557269632,0.000261992842709845,0.00151433443237204
"ENSG00000211949.3","IGHV3-23"," IG_V_gene","chr14",4095.80628510172,-1.31098409743921,0.669653344404492,0.00106055973817297,0.00502241727190229
"ENSG00000160539.6","PLPP7"," protein_coding","chr9",77.7576292306882,-1.30997399646516,0.447912318216433,0.00010324856605547,0.000680770429117452
"ENSG00000266865.6","AC138207.8"," transcribed_unprocessed_pseudogene","chr17",66.6673303766521,-1.30974179115302,0.26235214793456,2.68367077788466e-08,4.7760849297862e-07
"ENSG00000204323.5","SMIM5"," protein_coding","chr17",121.166690528443,-1.30962190293889,0.493563845312784,0.000230847289294978,0.00136357451657921
"ENSG00000183578.8","TNFAIP8L3"," protein_coding","chr15",225.12845826147,-1.30876830361529,0.496286377451884,0.000238176197027916,0.00139770800996784
"ENSG00000213713.3","PIGCP1"," processed_pseudogene","chr11",86.5030812991826,-1.30851221228489,0.213543752505814,3.97229413741507e-11,1.31296052049102e-09
"ENSG00000115425.14","PECR"," protein_coding","chr2",656.293329212342,-1.30798158346472,0.255085999756925,1.20564639741656e-08,2.31692544507678e-07
"ENSG00000114698.15","PLSCR4"," protein_coding","chr3",1188.67009015479,-1.30754637169073,0.253431820186659,9.69195218834084e-09,1.90309367289272e-07
"ENSG00000180596.7","H2BC4"," protein_coding","chr6",41.5378780832313,-1.30691018917157,0.439592109887123,8.71896117834232e-05,0.000588724863587757
"ENSG00000198894.8","CIPC"," protein_coding","chr14",1582.85966811015,-1.30600685361718,0.167173819013586,2.51299864167009e-16,2.30414999749513e-14
"ENSG00000079102.16","RUNX1T1"," protein_coding","chr8",201.253895022696,-1.30454526607028,0.483140329906052,0.000197813418008432,0.00119320347922648
"ENSG00000151967.18","SCHIP1"," protein_coding","chr3",11.0555263608618,-1.30226007471419,0.479298919270784,0.00023834566205669,0.00139844965636949
"ENSG00000150995.20","ITPR1"," protein_coding","chr3",738.957832381994,-1.30199995417177,0.387445404168711,2.35550195866466e-05,0.000187896000428453
"ENSG00000112139.16","MDGA1"," protein_coding","chr6",178.683151053481,-1.29881355330828,0.602789863297882,0.000732264342179161,0.00367127525771567
"ENSG00000236466.2","AL035670.1"," lncRNA","chr6",4.06778069828646,-1.29766352860848,0.661402663082634,0.0013358560550801,0.0060963362141915
"ENSG00000164849.10","GPR146"," protein_coding","chr7",28.8990225793453,-1.29645474438763,0.319715309841582,1.90406227265379e-06,2.05938198086627e-05
"ENSG00000171428.15","NAT1"," protein_coding","chr8",658.825133568791,-1.29284876508327,0.220387150066707,1.87708121830516e-10,5.36795613953735e-09
"ENSG00000143167.12","GPA33"," protein_coding","chr1",23132.6484236027,-1.29175549097215,0.422899660505675,7.04942701165666e-05,0.000488284895314451
"ENSG00000060971.19","ACAA1"," protein_coding","chr3",2737.93075644041,-1.29128335536461,0.24406973436434,5.34379528058049e-09,1.12264664865425e-07
"ENSG00000268505.1","AC135012.3"," lncRNA","chr16",16.3738670190097,-1.29030689079009,0.659409055740299,0.00112435273166327,0.00526764448099398
"ENSG00000272079.2","AC004233.2"," lncRNA","chr16",155.979555703331,-1.28951436011541,0.272012656356512,8.36492818945941e-08,1.3167256991924e-06
"ENSG00000155846.17","PPARGC1B"," protein_coding","chr5",1294.62224525696,-1.28946016316788,0.248846924130902,7.68495027674689e-09,1.55386145426844e-07
"ENSG00000110090.13","CPT1A"," protein_coding","chr11",9231.38672985766,-1.28719561662627,0.265825274067654,5.14581907316055e-08,8.50810883718485e-07
"ENSG00000180447.7","GAS1"," protein_coding","chr9",245.447476413515,-1.28301012662231,1.04025893903211,0.00277648923860138,0.0112635030254373
"ENSG00000133574.10","GIMAP4"," protein_coding","chr7",759.958228711947,-1.28159786980852,0.407850530815879,5.35898620251296e-05,0.000385082962499813
"ENSG00000213316.10","LTC4S"," protein_coding","chr5",59.6270115885879,-1.28072383973478,0.317558522773357,1.8390677357109e-06,1.99506886917461e-05
"ENSG00000111077.18","TNS2"," protein_coding","chr12",1980.90056654913,-1.27944958239473,0.27478953873389,1.27041600578522e-07,1.90023791316944e-06
"ENSG00000211964.3","IGHV3-48"," IG_V_gene","chr14",1362.16352566617,-1.27848344818338,0.788004890597299,0.00181400641433691,0.00786626856333298
"ENSG00000126785.13","RHOJ"," protein_coding","chr14",319.912253812878,-1.27784180328524,0.324951913445436,3.07127989560602e-06,3.13187567865474e-05
"ENSG00000127920.6","GNG11"," protein_coding","chr7",604.802459647176,-1.27647239112331,0.349450785254083,9.11301834195189e-06,8.22769986497806e-05
"ENSG00000185630.19","PBX1"," protein_coding","chr1",2711.80594615632,-1.2748751993409,0.296157520302627,6.38655255890004e-07,7.87593932206601e-06
"ENSG00000060140.9","STYK1"," protein_coding","chr12",898.813912217173,-1.27484603287801,0.392039574605967,3.77736345106987e-05,0.000283546861458894
"ENSG00000160471.13","COX6B2"," protein_coding","chr19",111.484545318454,-1.27432077578011,0.549068997083094,0.000520076567458956,0.00273725396896105
"ENSG00000121895.8","TMEM156"," protein_coding","chr4",62.7974105401319,-1.27421436242576,0.495495315129499,0.000275589068242816,0.00157800988452225
"ENSG00000262294.1","AC129507.2"," lncRNA","chr17",39.0042222140112,-1.27365908908942,0.479927528521959,0.000224763093936829,0.0013337039310789
"ENSG00000279631.1","AL158211.5"," TEC","chr10",13.2657080257851,-1.27197106492231,0.467593406235568,0.000248469521413895,0.0014481637145003
"ENSG00000075884.14","ARHGAP15"," protein_coding","chr2",225.465427265417,-1.27146221187012,0.348608309968511,9.11541336941929e-06,8.22769986497806e-05
"ENSG00000163249.13","CCNYL1"," protein_coding","chr2",1198.75558454815,-1.26972234750306,0.221891518059426,4.44602102648742e-10,1.2005736312623e-08
"ENSG00000128487.17","SPECC1"," protein_coding","chr17",1938.86532472016,-1.26942814802094,0.269897216431971,1.0241722158227e-07,1.57997061697591e-06
"ENSG00000142875.19","PRKACB"," protein_coding","chr1",4724.5851256867,-1.26844397150722,0.434113389805031,0.000105895161363631,0.000696060175686659
"ENSG00000133958.13","UNC79"," protein_coding","chr14",25.424349614331,-1.26777834051247,0.269335374858625,1.19111947102886e-07,1.79987689900628e-06
"ENSG00000176049.16","JAKMIP2"," protein_coding","chr5",31.1597180245144,-1.26587153290768,0.487930396177208,0.000283760923673859,0.00161722408265936
"ENSG00000125510.18","OPRL1"," protein_coding","chr20",4.09220398233891,-1.26498843795552,0.639915499835065,0.00125323095126596,0.00577885640235696
"ENSG00000165795.23","NDRG2"," protein_coding","chr14",5104.8844725964,-1.26378255233988,0.191084424389918,1.64118719652236e-12,7.26734707022137e-11
"ENSG00000133116.8","KL"," protein_coding","chr13",101.413416288245,-1.26201860613104,0.661371683331814,0.00120859032524527,0.00560326021665633
"ENSG00000223572.10","CKMT1A"," protein_coding","chr15",793.197424700446,-1.25987090561146,0.370771402124676,2.29650596081334e-05,0.000183843735680332
"ENSG00000117245.13","KIF17"," protein_coding","chr1",37.4651572189411,-1.25980565602147,0.390201594669006,3.87123301249089e-05,0.000289690614052028
"ENSG00000082146.13","STRADB"," protein_coding","chr2",1134.66007085641,-1.257648341034,0.223103685184681,7.22867784344815e-10,1.84456309310252e-08
"ENSG00000188993.3","LRRC66"," protein_coding","chr4",677.988371259788,-1.25751990920163,0.42650041336094,9.87263390648715e-05,0.000654906910559493
"ENSG00000185156.6","MFSD6L"," protein_coding","chr17",199.657869126801,-1.25638582517098,0.551457236618201,0.000567691842737965,0.00295243419829977
"ENSG00000113205.5","PCDHB3"," protein_coding","chr5",20.1668933911498,-1.25541864105008,0.491500669467516,0.000313323409058743,0.00175981816860798
"ENSG00000144136.11","SLC20A1"," protein_coding","chr2",4441.19355766204,-1.25527586227253,0.570770064730749,0.000647486671974366,0.00330442176084025
"ENSG00000157554.19","ERG"," protein_coding","chr21",295.562903323583,-1.24975663902018,0.315065231862604,2.6694831864238e-06,2.7708753534603e-05
"ENSG00000172159.16","FRMD3"," protein_coding","chr9",764.376584706896,-1.24975508647005,0.460241383700493,0.00019137111153214,0.00115971599333577
"ENSG00000124203.6","ZNF831"," protein_coding","chr20",64.2898989440745,-1.2496770499659,0.544337376327143,0.000538036894992234,0.00281807350938485
"ENSG00000154678.18","PDE1C"," protein_coding","chr7",147.086008889961,-1.2495498139942,0.34846269563769,1.17757076083758e-05,0.000102967650202764
"ENSG00000145012.13","LPP"," protein_coding","chr3",7002.53563318513,-1.24686579195907,0.233181542333961,3.52632238246132e-09,7.69720053059377e-08
"ENSG00000076356.7","PLXNA2"," protein_coding","chr1",3851.11325507813,-1.24680948458209,0.259092029167341,5.59611992029304e-08,9.18295552946772e-07
"ENSG00000181444.13","ZNF467"," protein_coding","chr7",136.647907751277,-1.24636230071803,0.343764303167267,9.84614370712921e-06,8.80160100374552e-05
"ENSG00000118257.17","NRP2"," protein_coding","chr2",1299.2582440308,-1.24473494185861,0.664948560694676,0.00124799485142403,0.00575716556104622
"ENSG00000197128.12","ZNF772"," protein_coding","chr19",117.547857637111,-1.24307783578304,0.487695342180402,0.000297604132609352,0.00168521195677501
"ENSG00000129048.7","ACKR4"," protein_coding","chr3",63.3337368013684,-1.24233760344454,0.983936501884101,0.00274487824505981,0.0111533873407801
"ENSG00000131094.4","C1QL1"," protein_coding","chr17",45.0715713693365,-1.2418317950735,0.355109697698459,1.62160957085752e-05,0.000136076017194657
"ENSG00000152760.10","TCTEX1D1"," protein_coding","chr1",14.6919624803363,-1.24166898918799,0.433068965113331,0.000142027083667167,0.000898093723294155
"ENSG00000119514.7","GALNT12"," protein_coding","chr9",2740.82565897587,-1.24156314768895,0.316968404381741,3.29535754686483e-06,3.33939167206177e-05
"ENSG00000069764.10","PLA2G10"," protein_coding","chr16",218.867014175818,-1.24130771642836,0.463411456765236,0.000213452483549317,0.00127521456120812
"ENSG00000104903.5","LYL1"," protein_coding","chr19",180.093860007209,-1.24048216266133,0.333204126626545,6.87592640878579e-06,6.39664142666578e-05
"ENSG00000100889.12","PCK2"," protein_coding","chr14",5336.22241879191,-1.23997578110257,0.223907179483888,0.00648792382981491,0.0228103370524407
"ENSG00000107864.15","CPEB3"," protein_coding","chr10",388.846007394317,-1.23582867498469,0.271715551679878,2.30897901453801e-07,3.20962915862419e-06
"ENSG00000204706.14","MAMDC2-AS1"," lncRNA","chr9",12.914800847016,-1.23491185382664,0.388726840640372,6.26215102615632e-05,0.000441183444838608
"ENSG00000224812.3","TMEM72-AS1"," lncRNA","chr10",19.7521540539184,-1.23263899778394,0.401478781741456,7.59982323655296e-05,0.000520741107477382
"ENSG00000138600.10","SPPL2A"," protein_coding","chr15",4510.74146566329,-1.23030720426755,0.232793606116296,5.03981604604209e-09,1.06291325030821e-07
"ENSG00000135426.16","TESPA1"," protein_coding","chr12",108.242791550097,-1.22934866717629,0.493503752046089,0.000340580723915382,0.00189290567411737
"ENSG00000053524.12","MCF2L2"," protein_coding","chr3",40.9882470851355,-1.22762978006211,0.287230520564126,8.2925520726799e-07,9.95412925943211e-06
"ENSG00000153094.24","BCL2L11"," protein_coding","chr2",1223.03182305143,-1.22632033401654,0.248722961869654,3.28664999745547e-08,5.7108182878699e-07
"ENSG00000053254.16","FOXN3"," protein_coding","chr14",2730.15120358069,-1.22614246942648,0.185249528442287,1.58605782170201e-12,7.04244388191573e-11
"ENSG00000198785.7","GRIN3A"," protein_coding","chr9",71.9322391892702,-1.22438431334818,0.37807884797657,3.94532108312995e-05,0.00029438444072697
"ENSG00000129194.8","SOX15"," protein_coding","chr17",40.2846505652915,-1.22164992913888,0.396345003354101,7.18275021260691e-05,0.000496565934825974
"ENSG00000187416.12","LHFPL3"," protein_coding","chr7",37.2208481318048,-1.22093789699868,0.713600423173436,0.00171977464765285,0.00754636278403626
"ENSG00000182048.11","TRPC2"," transcribed_unprocessed_pseudogene","chr11",4.16235213108729,-1.22085201281204,0.607048924442167,0.00111098942897173,0.00522010638181303
"ENSG00000137491.15","SLCO2B1"," protein_coding","chr11",3347.18714537624,-1.22022457783787,0.376689662824636,3.87429886173104e-05,0.000289817913007758
"ENSG00000182985.18","CADM1"," protein_coding","chr11",338.925617826427,-1.21783412058361,0.43408714547618,0.000149777307689036,0.000940323375816388
"ENSG00000143515.19","ATP8B2"," protein_coding","chr1",830.839627621717,-1.21738832166651,0.282362811186178,6.1843927668722e-07,7.65864251915825e-06
"ENSG00000143185.4","XCL2"," protein_coding","chr1",19.2856956451259,-1.21697012446091,0.782301872649091,0.00203050528005353,0.00864569597008754
"ENSG00000171817.17","ZNF540"," protein_coding","chr19",45.4592940394939,-1.21691238248245,0.334198051889819,1.06668317322483e-05,9.42875883347806e-05
"ENSG00000135363.12","LMO2"," protein_coding","chr11",357.258520031303,-1.21600276484822,0.377650175021036,4.15554136844232e-05,0.000307798208478305
"ENSG00000127914.18","AKAP9"," protein_coding","chr7",4109.97544208526,-1.21482977610764,0.244255306261029,2.6771277446954e-08,4.76916642905176e-07
"ENSG00000176845.13","METRNL"," protein_coding","chr17",2016.79496163746,-1.21071734967692,0.259991640741845,1.34736750222147e-07,2.00150363327709e-06
"ENSG00000102409.10","BEX4"," protein_coding","chrX",610.121567668423,-1.20933038743929,0.28618102398649,3.85802967835636e-15,2.83954483673675e-13
"ENSG00000082196.21","C1QTNF3"," protein_coding","chr5",200.794976716273,-1.20892600678761,0.384901338003017,5.4066287778956e-05,0.000387815318568564
"ENSG00000178977.3","LINC00324"," lncRNA","chr17",171.983749675561,-1.2086730756989,0.311337691235466,3.78035226622777e-06,3.76388570114174e-05
"ENSG00000070759.17","TESK2"," protein_coding","chr1",439.379835566064,-1.20597241080507,0.264308567637511,1.97985273181313e-07,2.79400260735612e-06
"ENSG00000104756.16","KCTD9"," protein_coding","chr8",1628.89512539653,-1.20570862511175,0.245163307486573,3.5464374186437e-08,6.11313147819104e-07
"ENSG00000105246.6","EBI3"," protein_coding","chr19",110.948230715893,-1.20443981280792,0.437845434194853,0.000168428730857271,0.00103912939482328
"ENSG00000124942.14","AHNAK"," protein_coding","chr11",36767.0104844238,-1.2041324039804,0.390053008054355,6.40276354454459e-05,0.00044924535047304
"ENSG00000271614.1","ATP2B1-AS1"," lncRNA","chr12",49.872489159584,-1.20300029004156,0.202278963786972,1.41119478996553e-10,4.16405095388193e-09
"ENSG00000111727.12","HCFC2"," protein_coding","chr12",478.587366738809,-1.20292265284838,0.201748118795908,1.06489166720556e-10,3.22427740057446e-09
"ENSG00000166924.9","NYAP1"," protein_coding","chr7",30.4619677835628,-1.20214167020172,0.434333794693491,0.000187082173454213,0.00113713730074473
"ENSG00000137171.15","KLC4"," protein_coding","chr6",3350.09494601701,-1.19912984367802,0.213807100331787,8.60031812925149e-10,2.14400250260557e-08
"ENSG00000228903.7","RASA4CP"," transcribed_unprocessed_pseudogene","chr7",181.391448084869,-1.19544402384336,0.299950045076535,2.55916472151127e-06,2.66833821171901e-05
"ENSG00000198961.10","PJA2"," protein_coding","chr5",4422.57751412646,-1.195046613454,0.221174215978208,2.8764337775934e-09,6.38599778065162e-08
"ENSG00000119950.21","MXI1"," protein_coding","chr10",3251.58606779482,-1.19197818870378,0.321424964126911,7.43209546726864e-06,6.8609486540559e-05
"ENSG00000258791.9","LINC00520"," lncRNA","chr14",12.2853828350591,-1.18711316475524,0.729511323211638,0.00207176988901867,0.00880983978223085
"ENSG00000162444.12","RBP7"," protein_coding","chr1",72.6961498807217,-1.1867361818665,0.783063697676786,0.00214516589205908,0.00905412565464215
"ENSG00000185070.11","FLRT2"," protein_coding","chr14",320.917413569714,-1.18611005407879,0.596716297143455,0.0010266637086648,0.00487684042965637
"ENSG00000260615.1","RPL23AP97"," processed_pseudogene","chr13",9.76845237148843,-1.1833946029229,0.736434200235226,0.00199252536269848,0.00851637980280051
"ENSG00000261934.2","PCDHGA9"," protein_coding","chr5",34.3805644221631,-1.18302222087404,0.451105996845714,0.000251644355735338,0.00146291085564006
"ENSG00000259134.7","LINC00924"," lncRNA","chr15",11.6351639176607,-1.18164355130678,0.683850962899319,0.00170988725108049,0.00751211699994189
"ENSG00000165406.16","MARCHF8"," protein_coding","chr10",2526.6559047077,-1.18114323891204,0.216094669581649,1.90499394891517e-09,4.38838137642927e-08
"ENSG00000285928.1","AC103591.4"," lncRNA","chr1",17.6244626502669,-1.17938034420359,0.349520339600282,2.63941971041283e-05,0.000207333700291819
"ENSG00000130449.6","ZSWIM6"," protein_coding","chr5",1103.37103087191,-1.1791814048176,0.22429874329444,6.1148876181412e-09,1.26660512003591e-07
"ENSG00000006555.11","TTC22"," protein_coding","chr1",2674.34237454591,-1.17897515253332,0.251723740224059,1.12999753425835e-07,1.71952461167171e-06
"ENSG00000249119.1","MTND6P4"," processed_pseudogene","chr5",14.2916958566135,-1.17818919102383,0.501116673528112,0.000549948403334404,0.00287443241150211
"ENSG00000165895.19","ARHGAP42"," protein_coding","chr11",917.50983655902,-1.1776319984942,0.25613882803326,1.80446622899017e-07,2.58014823174286e-06
"ENSG00000126353.3","CCR7"," protein_coding","chr17",171.836939733614,-1.17715141042658,0.569224622879872,0.00088028523317807,0.00429723238058261
"ENSG00000148180.21","GSN"," protein_coding","chr9",27967.2325232152,-1.17708957137027,0.268255039700164,4.26597214071655e-07,5.50501623911803e-06
"ENSG00000156381.9","ANKRD9"," protein_coding","chr14",2838.42582474147,-1.17657966447272,0.291874845988735,2.08621764858769e-06,2.22818204797168e-05
"ENSG00000015285.11","WAS"," protein_coding","chrX",396.160967701954,-1.1758519807874,0.408951099478174,0.0001216355284189,0.0007855244690451
"ENSG00000162458.13","FBLIM1"," protein_coding","chr1",5780.87330974819,-1.17484699916459,0.221652511487995,4.69812351187328e-09,1.0012586536335e-07
"ENSG00000077420.16","APBB1IP"," protein_coding","chr10",368.460196891435,-1.17149838987288,0.437297786375113,0.000209810055853525,0.00125646029389183
"ENSG00000157823.17","AP3S2"," protein_coding","chr15",1315.05153740501,-1.16741824866389,0.209284914666819,1.0823633380949e-09,2.65342516826921e-08
"ENSG00000173040.13","EVC2"," protein_coding","chr4",70.9019845458014,-1.16662537814631,0.39997127434638,0.000109687366520883,0.000717354935026158
"ENSG00000214900.11","LINC01588"," lncRNA","chr14",203.276166120786,-1.1658514162293,0.273012830605888,6.86819615894226e-07,8.4060298237914e-06
"ENSG00000204314.12","PRRT1"," protein_coding","chr6",76.7535399746422,-1.1657610856215,0.348506739635539,2.90341715117264e-05,0.000225344605195509
"ENSG00000187736.13","NHEJ1"," protein_coding","chr2",545.049350984119,-1.16528215115403,0.290996942716456,2.32303367286391e-06,2.45206591719729e-05
"ENSG00000284237.1","LINC02767"," lncRNA","chr1",34.8685489499583,-1.16505858212492,0.51630487987642,0.000638656310000343,0.00326912261630518
"ENSG00000171056.8","SOX7"," protein_coding","chr8",84.3265885814877,-1.16347219389454,0.31928942076936,9.42834924690961e-06,8.47484860713858e-05
"ENSG00000160445.11","ZER1"," protein_coding","chr9",3686.80516736574,-1.16313597862495,0.155722602289451,3.64555081414128e-15,2.70153626313694e-13
"ENSG00000162545.6","CAMK2N1"," protein_coding","chr1",8266.33121604926,-1.16108214015049,0.352568785584188,3.30332548670785e-05,0.000252399573087485
"ENSG00000220205.9","VAMP2"," protein_coding","chr17",1967.46275417793,-1.16019423684178,0.246785329998033,1.07776420474405e-07,1.65087638308554e-06
"ENSG00000197594.13","ENPP1"," protein_coding","chr6",611.544515480631,-1.15681028475102,0.5296576254655,0.000702068943663872,0.00354342307159726
"ENSG00000263155.6","MYZAP"," protein_coding","chr15",208.352836714132,-1.15560368566529,0.396202645170781,0.000109216334322435,0.00071441833523531
"ENSG00000227376.1","FTH1P16"," processed_pseudogene","chr11",39.2094927696704,-1.1543394526345,0.409563637196665,0.000142294372121255,0.000899433443098674
"ENSG00000114790.13","ARHGEF26"," protein_coding","chr3",364.787619921784,-1.15220027435521,0.583834680189957,0.00106144027640277,0.00502555619814787
"ENSG00000235545.1","AC103923.1"," lncRNA","chr1",12.8315369675407,-1.15147192625364,0.636661905528824,0.00160840565170584,0.00712413081919599
"ENSG00000197467.16","COL13A1"," protein_coding","chr10",125.067164639833,-1.15082892691304,0.395355199920724,0.000112273631153196,0.000732497993963906
"ENSG00000166710.21","B2M"," protein_coding","chr15",139829.094144838,-1.14965178148943,0.296480505722763,3.82840695385799e-06,3.80240002779445e-05
"ENSG00000073417.15","PDE8A"," protein_coding","chr15",2482.84560857261,-1.14762440288421,0.276312528505521,1.23903600936368e-06,1.41558010531244e-05
"ENSG00000263823.1","AC009831.1"," lncRNA","chr18",18.4483038836216,-1.14595312798203,0.309304035709371,8.95423262947557e-06,8.09346930346751e-05
"ENSG00000260698.1","AL591848.2"," lncRNA","chr1",12.8089449232923,-1.14438032509263,0.444376075058653,0.00030811368095802,0.00173524478524167
"ENSG00000131409.13","LRRC4B"," protein_coding","chr19",78.0201186330647,-1.14216585532233,0.340461319964828,2.66999662736624e-05,0.000209431489925214
"ENSG00000088756.13","ARHGAP28"," protein_coding","chr18",115.005762158935,-1.140006848629,0.354738267061409,4.2279509269704e-05,0.000312101048868786
"ENSG00000272568.6","AC005162.2"," lncRNA","chr7",13.6927241132031,-1.13979991143578,0.389157898947182,0.000122169326388786,0.000788187635843215
"ENSG00000198346.11","ZNF813"," protein_coding","chr19",182.031872810882,-1.13882921768099,0.592996569304178,0.00116456046599998,0.00542937426104961
"ENSG00000167107.13","ACSF2"," protein_coding","chr17",2874.86031741691,-1.13849385599952,0.374809586006556,7.54759886838193e-05,0.000518189081424297
"ENSG00000260025.1","CRIM1-DT"," lncRNA","chr2",37.8071631840481,-1.13843499371238,0.214340015813796,5.11228852776724e-09,1.07610026611069e-07
"ENSG00000110848.8","CD69"," protein_coding","chr12",190.068751453608,-1.13834343226455,0.389125955563817,0.000105047637248371,0.00069118917693242
"ENSG00000218052.5","ADAMTS7P4"," transcribed_unprocessed_pseudogene","chr15",11.586725483894,-1.13706835444615,0.496137696891514,0.000652661363323405,0.00332560165317913
"ENSG00000178075.20","GRAMD1C"," protein_coding","chr3",529.44549988228,-1.13696982197973,0.467927943782224,0.000396212432662925,0.00215993670463104
"ENSG00000165424.7","ZCCHC24"," protein_coding","chr10",1105.0484171869,-1.1321375319994,0.544910819579363,0.000882859438117603,0.00430720752178283
"ENSG00000135362.14","PRR5L"," protein_coding","chr11",2719.02613090383,-1.13163553024655,0.273362986226294,1.38143236444108e-06,1.55635306091734e-05
"ENSG00000137486.17","ARRB1"," protein_coding","chr11",2290.52592214503,-1.13105310583549,0.271567142877997,1.17232373930342e-06,1.3469481037278e-05
"ENSG00000162804.14","SNED1"," protein_coding","chr2",420.914895755591,-1.12648478971864,0.420347158290058,0.000213154861913044,0.00127367093298483
"ENSG00000276231.5","PIK3R6"," protein_coding","chr17",79.078690716619,-1.12325604035845,0.359916546485934,5.75394732637814e-05,0.000409654797805619
"ENSG00000177453.7","NIM1K"," protein_coding","chr5",17.7961639859112,-1.12299068358852,0.302621044164387,7.2736770218409e-06,6.72809942362246e-05
"ENSG00000047346.12","FAM214A"," protein_coding","chr15",1057.00753764358,-1.12285131162913,0.181992877912204,2.99138556260013e-11,1.01563172166187e-09
"ENSG00000164440.15","TXLNB"," protein_coding","chr6",45.0243019345547,-1.12174363526959,0.461608148071831,1.70975778446818e-07,2.45772002516687e-06
"ENSG00000163293.12","NIPAL1"," protein_coding","chr4",2013.50285301481,-1.12103363827281,0.249577308452323,2.76791775341777e-07,3.76692136018592e-06
"ENSG00000276855.1","AC015922.3"," lncRNA","chr17",110.661533460905,-1.12093545805263,0.418839418466627,0.000218365735007157,0.00130097559230218
"ENSG00000217275.2","AL031777.1"," processed_pseudogene","chr6",6.2246149483507,-1.11804762465135,0.593103536682204,0.00142301548048214,0.00641191141247702
"ENSG00000254893.6","AC113404.3"," translated_processed_pseudogene","chr5",20.3623087288038,-1.11779307156219,0.276817417379794,2.27608967490874e-06,2.40642731818202e-05
"ENSG00000135299.17","ANKRD6"," protein_coding","chr6",72.2857461420136,-1.11385001788683,0.265786911775684,1.10722046401575e-06,1.28258964386236e-05
"ENSG00000120756.13","PLS1"," protein_coding","chr3",12490.3087256145,-1.11143007578636,0.336333449027827,2.8355366654958e-05,0.000220921385234428
"ENSG00000269186.3","LINC01082"," lncRNA","chr16",18.1406298479851,-1.10990671743601,0.718009642590418,0.00197730506322238,0.00846470162781218
"ENSG00000126467.11","TSKS"," protein_coding","chr19",4.77869203646178,-1.10792420254511,0.693340523801598,0.00219668510885953,0.00924533263269745
"ENSG00000259330.3","INAFM2"," protein_coding","chr15",835.53039786228,-1.10783323178175,0.282899387240336,3.28811061859324e-06,3.33412978626365e-05
"ENSG00000136059.14","VILL"," protein_coding","chr3",5346.28356299062,-1.10532158825306,0.466711979885634,0.000465425014216907,0.00248589190578449
"ENSG00000143061.18","IGSF3"," protein_coding","chr1",1826.90394446567,-1.10485953917464,0.305654270090155,1.06229847183512e-05,9.39511820131453e-05
"ENSG00000050405.13","LIMA1"," protein_coding","chr12",12083.235654978,-1.10370281087955,0.286046015375435,4.15793851204381e-06,4.08964752193691e-05
"ENSG00000134138.20","MEIS2"," protein_coding","chr15",350.981326986059,-1.10286480424693,0.632939242223636,0.00157413526658601,0.00699524678023666
"ENSG00000179909.15","ZNF154"," protein_coding","chr19",79.8623475744887,-1.1008584202237,0.349583793834903,5.38807067065111e-05,0.000386824780720929
"ENSG00000181035.14","SLC25A42"," protein_coding","chr19",488.211982902931,-1.0995369405549,0.274043591113318,2.25227833245173e-06,2.38513703473795e-05
"ENSG00000169918.10","OTUD7A"," protein_coding","chr15",170.304445723653,-1.09826155212002,0.407600970907812,0.0002097889519951,0.00125646029389183
"ENSG00000173482.17","PTPRM"," protein_coding","chr18",847.614637218694,-1.09342034409722,0.257291361034968,8.54190264409958e-07,1.01968766466416e-05
"ENSG00000155666.12","KDM8"," protein_coding","chr16",171.147760086763,-1.09217991197927,0.121283010039729,0.00466793135113755,0.0173572821394458
"ENSG00000103175.11","WFDC1"," protein_coding","chr16",542.582309194868,-1.09063308737973,0.511596390612422,0.000784017782259509,0.00389643992904289
"ENSG00000162616.9","DNAJB4"," protein_coding","chr1",513.663353879266,-1.08997545457046,0.237497654324758,1.74764642714424e-07,2.50552595990493e-06
"ENSG00000178562.18","CD28"," protein_coding","chr2",111.867128385253,-1.08777191021717,0.484465205607615,0.000610336952542806,0.00314399568411909
"ENSG00000285103.2","AL451123.1"," lncRNA","chr9",69.1201902221218,-1.08770438562337,0.318459446432203,2.27168525616902e-05,0.000182195107597564
"ENSG00000254783.1","AP003084.1"," processed_pseudogene","chr11",20.320521420566,-1.08710435305927,0.239684843417232,2.51099737514915e-07,3.45933585749537e-06
"ENSG00000143375.15","CGN"," protein_coding","chr1",8478.06328107082,-1.08692652207735,0.3022915707515,1.30965279178567e-05,0.000112964949018813
"ENSG00000278962.1","AC092645.1"," TEC","chr2",14.9028931585916,-1.08467541632637,0.464198712210071,0.000554188864305782,0.00289286943673803
"ENSG00000106789.13","CORO2A"," protein_coding","chr9",3920.20560983252,-1.08423192934745,0.258104454538319,1.18422047290592e-06,1.359173554087e-05
"ENSG00000157184.7","CPT2"," protein_coding","chr1",1211.86447051928,-1.0829085778761,0.203511452455208,4.35862297275351e-09,9.35662595566359e-08
"ENSG00000265972.6","TXNIP"," protein_coding","chr1",31544.2212952672,-1.08289491670806,0.270157522323263,2.26889834466767e-06,2.40038795538537e-05
"ENSG00000086570.12","FAT2"," protein_coding","chr5",26.6725024592624,-1.08211459895307,0.53021186462672,0.00104398657308048,0.00495043333660281
"ENSG00000145088.9","EAF2"," protein_coding","chr3",165.314312902012,-1.08207882420634,0.272117156205142,2.58749197537547e-06,2.69354761182608e-05
"ENSG00000225279.2","AL121987.1"," lncRNA","chr1",9.27896965278552,-1.08173549920235,0.66649514828772,0.00204586212028383,0.00870651536648389
"ENSG00000181585.7","TMIE"," protein_coding","chr3",16.1575959267914,-1.08132739685617,0.514472305591725,0.000783163384020961,0.00389398240173903
"ENSG00000146859.6","TMEM140"," protein_coding","chr7",796.549689885671,-1.08099009934697,0.244608845807999,3.7877090586445e-07,4.97738706985762e-06
"ENSG00000198695.2","MT-ND6"," protein_coding","chrM",40674.9155537339,-1.08084264896713,0.436362858963599,0.000385180999637683,0.00210687645538253
"ENSG00000116016.14","EPAS1"," protein_coding","chr2",9222.50161048918,-1.08084086268124,0.252974682680397,7.39610496524308e-07,8.977665480997e-06
"ENSG00000250282.1","AC002401.2"," lncRNA","chr17",9.14529706680232,-1.07965533452452,0.414959856026563,0.000335221895929727,0.00186695818429772
"ENSG00000244124.1","ATP1B3-AS1"," lncRNA","chr3",15.5489981192934,-1.077779616772,0.404910117440239,0.000228470554621871,0.00135224238911683
"ENSG00000173727.12","AP000769.1"," transcribed_unprocessed_pseudogene","chr11",89.6275512529662,-1.07726726605691,0.518778973667051,0.000891504417538342,0.00434265940469089
"ENSG00000155744.9","FAM126B"," protein_coding","chr2",1034.5627019412,-1.07661732411541,0.211817762311176,1.54704927518145e-08,2.89085350453883e-07
"ENSG00000177599.13","ZNF491"," protein_coding","chr19",48.354507281288,-1.07641600207176,0.332327570473584,4.05352591865038e-05,0.000301074014342229
"ENSG00000086288.12","NME8"," protein_coding","chr7",4.80539655454497,-1.07614524239797,0.620127298301008,0.00211880499906288,0.00897106348285713
"ENSG00000140450.9","ARRDC4"," protein_coding","chr15",2256.54621571348,-1.07589758883889,0.321962746699244,2.82173103726753e-05,0.000220057054319149
"ENSG00000223361.5","FTH1P10"," transcribed_processed_pseudogene","chr5",5.10365040031854,-1.07586430734987,0.504745730927751,0.000930448293976701,0.00449746697332774
"ENSG00000112245.12","PTP4A1"," protein_coding","chr6",17.6862429667674,-1.07566165197811,0.318626821260408,2.64711167361598e-05,0.000207837326323724
"ENSG00000263432.2","RN7SL689P"," misc_RNA","chr5",15.0879322267717,-1.07303296487884,0.340383461562548,6.47876371443943e-05,0.000453597309411723
"ENSG00000139946.10","PELI2"," protein_coding","chr14",730.033500441001,-1.07205562722864,0.405727395394281,0.000235904231389639,0.0013871339750806
"ENSG00000214562.15","NUTM2D"," protein_coding","chr10",32.0096639455473,-1.07079940965828,0.420146837198666,0.000335552050159088,0.00186847631567399
"ENSG00000163958.14","ZDHHC19"," protein_coding","chr3",5.3839000849127,-1.06988092140458,0.574733935576483,0.00144189967081207,0.00648485236458613
"ENSG00000187244.12","BCAM"," protein_coding","chr19",1248.27546099849,-1.06955735460294,0.277508447339374,4.55855465586041e-06,4.44729687465937e-05
"ENSG00000185010.15","F8"," protein_coding","chrX",252.203868519704,-1.06862151235465,0.363275819788786,0.000101229628699463,0.000669187635097182
"ENSG00000266903.2","AC243964.3"," lncRNA","chr19",89.6999203466805,-1.06700676894517,0.441464056253283,0.000435678629906804,0.00234440543931827
"ENSG00000117298.16","ECE1"," protein_coding","chr1",8282.46216154727,-1.06627059506064,0.260491448531939,1.38541302688949e-06,1.56029618413529e-05
"ENSG00000024422.12","EHD2"," protein_coding","chr19",2508.18047294907,-1.06579861484242,0.517083511426157,0.000902373011368545,0.00438610645351355
"ENSG00000166347.19","CYB5A"," protein_coding","chr18",2458.53657517879,-1.0653709153461,0.224942522798434,0.0022351284407036,0.00938522625205141
"ENSG00000277224.2","H2BC7"," protein_coding","chr6",7.25409853663507,-1.06246210205464,0.596084186571603,0.0016322029030021,0.00721182164792297
"ENSG00000182890.5","GLUD2"," protein_coding","chrX",51.6192706100011,-1.06202230779586,0.239437275079351,3.85133992987711e-07,5.03862956926698e-06
"ENSG00000103489.12","XYLT1"," protein_coding","chr16",1549.51719060319,-1.06176382560285,0.185430278348302,4.51578155145598e-10,1.21738569432856e-08
"ENSG00000221923.9","ZNF880"," protein_coding","chr19",158.548227891608,-1.06168877113818,0.527684590955425,0.00101607707587381,0.00483362593121974
"ENSG00000132561.14","MATN2"," protein_coding","chr8",4624.93787265149,-1.06075106029226,0.471303938800319,0.000609314691836164,0.00313972634824865
"ENSG00000105750.15","ZNF85"," protein_coding","chr19",89.521339096801,-1.06000474931253,0.530685877242562,0.00103130902584329,0.00489604042135753
"ENSG00000140479.18","PCSK6"," protein_coding","chr15",1092.30271910623,-1.05834198025138,0.345265852575723,6.96176866224513e-05,0.000482831382989642
"ENSG00000180353.11","HCLS1"," protein_coding","chr3",1359.1653960634,-1.05699216528621,0.434282969911641,0.000398471396341415,0.00217079298127721
"ENSG00000254535.4","PABPC4L"," protein_coding","chr4",15.3906514930586,-1.05684869973338,0.45033159305617,0.000487722042459992,0.00258879510288903
"ENSG00000005238.20","FAM214B"," protein_coding","chr9",1197.12286009659,-1.05653949323655,0.241800656865093,4.86026671900578e-07,6.15988040474384e-06
"ENSG00000150907.10","FOXO1"," protein_coding","chr13",975.21364966719,-1.05578140547756,0.279200464504845,5.62527350182729e-06,5.34969608327894e-05
"ENSG00000205726.15","ITSN1"," protein_coding","chr21",1399.11676570213,-1.05576743250307,0.170721863751564,2.71719840564495e-11,9.30325167198561e-10
"ENSG00000140009.18","ESR2"," protein_coding","chr14",38.5081433779671,-1.05545449650944,0.352384336186177,9.0740060196093e-05,0.000609780719222523
"ENSG00000167601.12","AXL"," protein_coding","chr19",1471.18263879801,-1.05538259648174,0.406453815231029,0.000264933126866911,0.00152657543615235
"ENSG00000127955.17","GNAI1"," protein_coding","chr7",818.536209933667,-1.05513280284311,0.38434875091245,0.000178895522734578,0.00109537650951121
"ENSG00000104324.16","CPQ"," protein_coding","chr8",1109.17580669883,-1.05482703028733,0.418207152006811,0.000319983841457569,0.00179224081553577
"ENSG00000143409.15","MINDY1"," protein_coding","chr1",1423.45154128898,-1.05359438808353,0.113111240981239,5.62588699713506e-22,1.42660187619539e-19
"ENSG00000184669.9","OR7E14P"," transcribed_unprocessed_pseudogene","chr11",213.971829926385,-1.05070308008169,0.294362122750866,1.25604122557114e-05,0.000108890454325823
"ENSG00000070778.13","PTPN21"," protein_coding","chr14",1187.38864166341,-1.0506209285474,0.191485041676558,1.74220209623414e-09,4.05504296033934e-08
"ENSG00000187720.14","THSD4"," protein_coding","chr15",1316.52004708557,-1.04915007141055,0.387423453775026,0.000198195016384826,0.00119528313671845
"ENSG00000176148.16","TCP11L1"," protein_coding","chr11",470.046804420513,-1.04908615348604,0.208878341877347,2.14509581331267e-08,3.90715599935481e-07
"ENSG00000134245.18","WNT2B"," protein_coding","chr1",445.534174158728,-1.04486564910802,0.273053540785795,4.71178824298537e-06,4.57478979332393e-05
"ENSG00000138769.11","CDKL2"," protein_coding","chr4",55.8774199102724,-1.04443780887121,0.72553968357398,0.00246166309291364,0.0101745397516606
"ENSG00000121691.7","CAT"," protein_coding","chr11",5796.87060169556,-1.04405418136839,0.169256514131085,2.9783056187737e-11,1.01224967302782e-09
"ENSG00000130307.12","USHBP1"," protein_coding","chr19",59.4665864177524,-1.04310598769158,0.284507562503926,8.88122774999407e-06,8.03643407608886e-05
"ENSG00000165959.12","CLMN"," protein_coding","chr14",3993.97331066915,-1.04306069154771,0.332881916247581,5.04269361103946e-05,0.000365021742254948
"ENSG00000134982.17","APC"," protein_coding","chr5",1375.57639340143,-1.04229867470692,0.294118380230887,1.37317086201313e-05,0.000117693107576504
"ENSG00000146555.19","SDK1"," protein_coding","chr7",328.521621293224,-1.04186278873945,0.598890041886594,0.00159190266918502,0.00706163411731685
"ENSG00000161714.12","PLCD3"," protein_coding","chr17",7845.27746660447,-1.04065818474249,0.49544599378668,0.000835605939698283,0.0041156445509449
"ENSG00000158006.14","PAFAH2"," protein_coding","chr1",2050.97311390954,-1.03957682425578,0.174775498305883,1.19764375849344e-10,3.58608128350368e-09
"ENSG00000116678.20","LEPR"," protein_coding","chr1",412.620819922586,-1.03627672143987,0.361625514872213,0.00012836147536199,0.000822577841520134
"ENSG00000100412.17","ACO2"," protein_coding","chr22",6969.59148491466,-1.03527563855283,0.217672716169421,1.04102031327815e-07,1.60215444895126e-06
"ENSG00000176435.7","CLEC14A"," protein_coding","chr14",461.687889114178,-1.03362828505365,0.322737340175058,4.44328154805287e-05,0.000326299582038598
"ENSG00000118640.11","VAMP8"," protein_coding","chr2",5351.44813647003,-1.03259685100313,0.217725895268016,8.4330233107116e-08,1.32551608047979e-06
"ENSG00000107537.14","PHYH"," protein_coding","chr10",2481.71461966541,-1.03197279878224,0.276261259598033,6.75238950559448e-06,6.30158305269079e-05
"ENSG00000077782.21","FGFR1"," protein_coding","chr8",1521.84379151876,-1.02991560793369,0.44999883917646,0.000562732070204206,0.00292898613449136
"ENSG00000235501.6","AC105942.1"," lncRNA","chr1",222.581234254428,-1.02937334982433,0.346358816277416,9.55236234778229e-05,0.000636654162390796
"ENSG00000133424.22","LARGE1"," protein_coding","chr22",1626.71522878547,-1.02622623898812,0.202487925339531,1.58852994089945e-08,2.95849462625077e-07
"ENSG00000114023.15","FAM162A"," protein_coding","chr3",4175.30360120822,-1.02585392994455,0.260008706780958,2.87277387775973e-06,2.95638853913523e-05
"ENSG00000144935.15","TRPC1"," protein_coding","chr3",100.127496874993,-1.02576551661792,0.533223298975165,0.00119795327566368,0.00556188920347469
"ENSG00000101695.9","RNF125"," protein_coding","chr18",732.44992172096,-1.02538525933002,0.358193701437034,0.00012878008832916,0.000824609214241047
"ENSG00000107185.10","RGP1"," protein_coding","chr9",1822.85253647119,-1.02510354285615,0.134408831305855,1.10507152401013e-15,8.96710288158016e-14
"ENSG00000159720.12","ATP6V0D1"," protein_coding","chr16",6730.37538708886,-1.02422330617412,0.189698606890615,3.0866455611241e-09,6.82003687018149e-08
"ENSG00000118922.17","KLF12"," protein_coding","chr13",427.045531120255,-1.02371099183287,0.313937786301752,3.77274478102665e-05,0.000283317882270675
"ENSG00000188761.13","BCL2L15"," protein_coding","chr1",3546.36386457151,-1.02251210760416,0.336882676709366,8.51708479358145e-05,0.000576653187797386
"ENSG00000242242.6","NECTIN3-AS1"," lncRNA","chr3",8.17384425081967,-1.02242407084633,0.415213059803721,0.000391862723715696,0.00213945841654568
"ENSG00000176014.13","TUBB6"," protein_coding","chr18",1132.17042219816,-1.02213938306222,0.428892592781443,0.000449461026879399,0.00241133983643827
"ENSG00000259275.4","AC087477.2"," lncRNA","chr15",29.3989240141532,-1.02181310876923,0.218322909638223,1.36237993661737e-07,2.02010634914237e-06
"ENSG00000101844.18","ATG4A"," protein_coding","chrX",728.805904605513,-1.02177288515787,0.16033049317917,7.9566833014923e-12,3.05992922511655e-10
"ENSG00000026103.22","FAS"," protein_coding","chr10",930.119613869743,-1.02062066410065,0.351013473207012,0.000112602606612515,0.000734496665078179
"ENSG00000054277.14","OPN3"," protein_coding","chr1",186.638651376643,-1.01962928232608,0.527556410508285,0.00114615575454447,0.00535433556145719
"ENSG00000249679.2","AC106897.1"," lncRNA","chr4",15.0038428868454,-1.01882310874877,0.968255646734732,0.00346348013735569,0.0135426621248393
"ENSG00000167323.11","STIM1"," protein_coding","chr11",2980.30127543379,-1.01839608396521,0.162364439875247,1.53542195940121e-11,5.5808203760632e-10
"ENSG00000204370.13","SDHD"," protein_coding","chr11",3499.79726702305,-1.01818233010159,0.203963215046981,2.37093441576502e-08,4.25875978234096e-07
"ENSG00000179918.19","SEPHS2"," protein_coding","chr16",7028.39232708961,-1.01746905414347,0.305787568833711,2.95526360745821e-05,0.000228876034767069
"ENSG00000270964.1","AC016355.1"," lncRNA","chr15",75.0821329378592,-1.01599210166134,0.350601710635799,0.000119883462602498,0.000775289386162958
"ENSG00000132535.21","DLG4"," protein_coding","chr17",271.475835716649,-1.01578072101924,0.328927009197444,6.52945501404547e-05,0.000456752264754069
"ENSG00000272221.1","AL645933.2"," lncRNA","chr6",102.513393542241,-1.01491177059658,0.504940118867866,0.00101674151245618,0.00483536937894545
"ENSG00000076513.17","ANKRD13A"," protein_coding","chr12",2136.34006165803,-1.01273617181624,0.197819365998483,1.25748407603235e-08,2.40656946579352e-07
"ENSG00000181350.12","LRRC75A"," protein_coding","chr17",1637.47960134887,-1.01256940500594,0.361638748541182,0.000154072010962904,0.00096300198956941
"ENSG00000135828.11","RNASEL"," protein_coding","chr1",859.88844964294,-1.01250701539637,0.236062371329159,6.91541358092229e-07,8.45744137187549e-06
"ENSG00000072609.18","CHFR"," protein_coding","chr12",1077.54090899304,-1.01200725303265,0.419428146894603,0.00042408455009647,0.00229119736978247
"ENSG00000122122.10","SASH3"," protein_coding","chrX",631.81408518502,-1.01189004420104,0.48421206053516,0.00085640137310685,0.00420085775552397
"ENSG00000169372.13","CRADD"," protein_coding","chr12",491.071819287596,-1.01186061508501,0.242368835879898,1.13482532504812e-06,1.31082421353779e-05
"ENSG00000179981.11","TSHZ1"," protein_coding","chr18",1936.02121107348,-1.01090456721064,0.251891737274255,2.29958423263491e-06,2.42889375277787e-05
"ENSG00000278396.1","AL122023.1"," lncRNA","chr14",13.6095349987563,-1.00966230589687,0.359853649481678,0.00016625563628326,0.00102806733520329
"ENSG00000176788.9","BASP1"," protein_coding","chr5",634.865983323358,-1.00889952303447,0.436810106259769,0.000537942091064543,0.00281803169654179
"ENSG00000224051.7","CPTP"," protein_coding","chr1",2133.93605265136,-1.00873899184191,0.168440563903139,9.1274848763761e-11,2.80815074992811e-09
"ENSG00000131981.16","LGALS3"," protein_coding","chr14",51366.0412320603,-1.00829496522922,0.325346333494798,6.24038584953405e-05,0.000439848955275084
"ENSG00000117054.14","ACADM"," protein_coding","chr1",2926.47567828752,-1.00607702332125,0.281406986295413,1.12985695747366e-05,9.92769277901466e-05
"ENSG00000236444.5","UBE2L5"," protein_coding","chr13",5.66300106469132,-1.00581955772423,0.520843436312943,0.00142136242329569,0.00640758076879606
"ENSG00000163541.12","SUCLG1"," protein_coding","chr2",7121.4959016179,-1.00555312024373,0.216471481355597,1.36586681603056e-07,2.02342789204563e-06
"ENSG00000154025.16","SLC5A10"," protein_coding","chr17",10.8291876488568,-1.00469263426366,0.608524735180644,0.00193326045048354,0.00830572702869554
"ENSG00000160325.15","CACFD1"," protein_coding","chr9",2804.16957132739,-1.00434395377091,0.180162991475894,1.04925803191891e-09,2.58397702579847e-08
"ENSG00000204581.3","ACOXL-AS1"," lncRNA","chr2",11.9038213548533,-1.0042617181624,0.365654919513663,0.000185996435652092,0.00113180958162647
"ENSG00000123338.13","NCKAP1L"," protein_coding","chr12",1058.85231062504,-1.00335437742327,0.545881317975645,0.00136319670714833,0.00619267161940105
"ENSG00000173269.14","MMRN2"," protein_coding","chr10",723.017011191278,-1.00205798956046,0.383533926216045,0.000256987424349718,0.0014884542861426
