"EnsemblID","GeneSymbol","Total_DEG","Total_Up","Total_Dn","RRA_Score_pvalue","padj","Rank","Category","log_p"
"ENSG00000034971.17","MYOC",3,0,3,3.71490797621896e-05,0.175566550956108,1,"Not_Significant",0.755558222592333
"ENSG00000100604.13","CHGA",3,0,3,0.000139454243783821,0.224938641694851,2,"Not_Significant",0.647935931699528
"ENSG00000157005.4","SST",2,0,2,0.000142787965527836,0.224938641694851,3,"Not_Significant",0.647935931699528
"ENSG00000180287.17","PLD5",4,0,4,0.00043297917583026,0.481471588999014,4,"Not_Significant",0.317429334925724
"ENSG00000168309.18","FAM107A",4,0,4,0.000509385938424687,0.481471588999014,5,"Not_Significant",0.317429334925724
"ENSG00000141434.12","MEP1B",2,0,2,0.000642322567226907,0.505936075452394,6,"Not_Significant",0.295904352393533
"ENSG00000184601.11","C14orf180",2,0,2,0.00117275134020547,0.72761760778533,7,"Not_Significant",0.13809679988964
"ENSG00000136457.10","CHAD",5,1,4,0.00123168448207419,0.72761760778533,8,"Not_Significant",0.13809679988964
"ENSG00000187288.12","CIDEC",2,0,2,0.0018596897110465,0.970821635728483,9,"Not_Significant",0.0128605535465424
"ENSG00000111404.7","RERGL",3,0,3,0.00205421421017453,0.970821635728483,10,"Not_Significant",0.0128605535465424
"ENSG00000110975.8","SYT10",3,0,3,0.00255082293251657,0.982255504141743,11,"Not_Significant",0.0077755289079211
"ENSG00000181092.10","ADIPOQ",2,0,2,0.0027019300791034,0.982255504141743,12,"Not_Significant",0.0077755289079211
"ENSG00000184811.4","TRARG1",2,0,2,0.0027019300791034,0.982255504141743,13,"Not_Significant",0.0077755289079211
"ENSG00000013293.6","SLC7A14",3,0,3,0.00300920031865174,1,14,"Not_Significant",0
"ENSG00000275465.7","AL449403.2",3,1,2,0.00387922368964107,1,15,"Not_Significant",0
"ENSG00000176194.18","CIDEA",2,0,2,0.00444751436557727,1,16,"Not_Significant",0
"ENSG00000182938.7","OTOP3",1,0,1,0.005287647580812,1,17,"Not_Significant",0
"ENSG00000224943.1","LINC02819",1,0,1,0.005287647580812,1,18,"Not_Significant",0
"ENSG00000126550.10","HTN1",1,0,1,0.005287647580812,1,19,"Not_Significant",0
"ENSG00000186009.5","ATP4B",1,0,1,0.005287647580812,1,20,"Not_Significant",0
"ENSG00000198848.13","CES1",2,0,2,0.00547909418748304,1,21,"Not_Significant",0
"ENSG00000160097.20","FNDC5",2,0,2,0.00734760853672155,1,22,"Not_Significant",0
"ENSG00000130226.17","DPP6",2,0,2,0.00865060093502875,1,23,"Not_Significant",0
"ENSG00000100012.12","SEC14L3",2,0,2,0.0100567504061245,1,24,"Not_Significant",0
"ENSG00000183034.13","OTOP2",1,0,1,0.0105708207404472,1,25,"Not_Significant",0
"ENSG00000241151.1","LINC02066",1,0,1,0.0105708207404472,1,26,"Not_Significant",0
"ENSG00000194297.2","RNU1-75P",1,0,1,0.0105708207404472,1,27,"Not_Significant",0
"ENSG00000197870.12","PRB3",2,1,1,0.0105708207404472,1,28,"Not_Significant",0
"ENSG00000230572.5","AC027612.2",1,0,1,0.0105708207404472,1,29,"Not_Significant",0
"ENSG00000167281.19","RBFOX3",3,0,3,0.0106210607827388,1,30,"Not_Significant",0
"ENSG00000101098.13","RIMS4",3,1,2,0.0106479414990284,1,31,"Not_Significant",0
"ENSG00000104112.9","SCG3",4,1,3,0.0114907815432926,1,32,"Not_Significant",0
"ENSG00000187758.8","ADH1A",2,0,2,0.0115653756930391,1,33,"Not_Significant",0
"ENSG00000007314.12","SCN4A",3,0,3,0.011602606196307,1,34,"Not_Significant",0
"ENSG00000185432.12","METTL7A",4,0,4,0.0120177032855345,1,35,"Not_Significant",0
"ENSG00000163884.4","KLF15",3,0,3,0.0128456021174329,1,36,"Not_Significant",0
"ENSG00000161649.13","CD300LG",3,0,3,0.0135100381742845,1,37,"Not_Significant",0
"ENSG00000156076.10","WIF1",3,1,2,0.0141906317795426,1,38,"Not_Significant",0
"ENSG00000187957.8","DNER",3,1,2,0.0156001189298612,1,39,"Not_Significant",0
"ENSG00000004799.8","PDK4",4,0,4,0.0156946960109034,1,40,"Not_Significant",0
"ENSG00000167916.5","KRT24",1,0,1,0.0158495223192067,1,41,"Not_Significant",0
"ENSG00000153446.16","C16orf89",2,0,2,0.0158495223192067,1,42,"Not_Significant",0
"ENSG00000237560.7","LINC01497",1,0,1,0.0158495223192067,1,43,"Not_Significant",0
"ENSG00000258179.1","AC079598.3",1,0,1,0.0158495223192067,1,44,"Not_Significant",0
"ENSG00000151365.2","THRSP",2,0,2,0.0158495223192067,1,45,"Not_Significant",0
"ENSG00000120907.18","ADRA1A",3,0,3,0.0163289262632127,1,46,"Not_Significant",0
"ENSG00000143171.13","RXRG",3,0,3,0.0166663953498403,1,47,"Not_Significant",0
"ENSG00000167654.18","ATCAY",2,0,2,0.0170737187214872,1,48,"Not_Significant",0
"ENSG00000111249.14","CUX2",3,0,3,0.0172385051707457,1,49,"Not_Significant",0
"ENSG00000114771.14","AADAC",2,0,2,0.0182207855475795,1,50,"Not_Significant",0
"ENSG00000268555.2","AC123912.4",3,1,2,0.0198057553847801,1,51,"Not_Significant",0
"ENSG00000115361.8","ACADL",3,0,3,0.0198057553847801,1,52,"Not_Significant",0
"ENSG00000187783.12","TMEM72",3,1,2,0.0210359560808531,1,53,"Not_Significant",0
"ENSG00000131482.10","G6PC",2,0,2,0.0211237551561892,1,54,"Not_Significant",0
"ENSG00000089199.10","CHGB",4,2,2,0.0211237551561892,1,55,"Not_Significant",0
"ENSG00000157330.10","C1orf158",1,0,1,0.0211237551561892,1,56,"Not_Significant",0
"ENSG00000153822.14","KCNJ16",3,1,2,0.0218757589923796,1,57,"Not_Significant",0
"ENSG00000175161.14","CADM2",2,0,2,0.0223015451917029,1,58,"Not_Significant",0
"ENSG00000104332.12","SFRP1",2,0,2,0.0227312474546103,1,59,"Not_Significant",0
"ENSG00000196177.13","ACADSB",3,0,3,0.0245536402665103,1,60,"Not_Significant",0
"ENSG00000135447.17","PPP1R1A",2,0,2,0.0253914007086866,1,61,"Not_Significant",0
"ENSG00000164326.5","CARTPT",2,0,2,0.0258483666608938,1,62,"Not_Significant",0
"ENSG00000182271.13","TMIGD1",1,0,1,0.0263935220892918,1,63,"Not_Significant",0
"ENSG00000253939.1","AC007991.3",1,0,1,0.0263935220892918,1,64,"Not_Significant",0
"ENSG00000181378.14","CFAP65",2,1,1,0.0263935220892918,1,65,"Not_Significant",0
"ENSG00000220113.2","MTCYBP4",1,0,1,0.0263935220892918,1,66,"Not_Significant",0
"ENSG00000170091.11","NSG2",2,0,2,0.0277149136094167,1,67,"Not_Significant",0
"ENSG00000091138.13","SLC26A3",2,0,2,0.0281911946991193,1,68,"Not_Significant",0
"ENSG00000155816.20","FMN2",2,0,2,0.0291552931452236,1,69,"Not_Significant",0
"ENSG00000039537.14","C6",3,0,3,0.0316340648485595,1,70,"Not_Significant",0
"ENSG00000081800.9","SLC13A1",2,1,1,0.0316588259552094,1,71,"Not_Significant",0
"ENSG00000152578.13","GRIA4",2,0,2,0.0316588259552094,1,72,"Not_Significant",0
"ENSG00000197838.5","CYP2A13",1,0,1,0.0316588259552094,1,73,"Not_Significant",0
"ENSG00000187533.14","PRR27",1,0,1,0.0316588259552094,1,74,"Not_Significant",0
"ENSG00000205364.4","MT1M",3,0,3,0.0344744211163478,1,75,"Not_Significant",0
"ENSG00000154262.13","ABCA6",3,0,3,0.0349251227446487,1,76,"Not_Significant",0
"ENSG00000103375.11","AQP8",1,0,1,0.0369196695894357,1,77,"Not_Significant",0
"ENSG00000178965.14","ERICH3",2,0,2,0.0369196695894357,1,78,"Not_Significant",0
"ENSG00000186466.5","AQP7P1",2,0,2,0.0369196695894357,1,79,"Not_Significant",0
"ENSG00000182836.10","PLCXD3",3,0,3,0.0369196695894357,1,80,"Not_Significant",0
"ENSG00000277737.3","FP325317.1",1,0,1,0.0369196695894357,1,81,"Not_Significant",0
"ENSG00000226622.6","AC092155.1",2,0,2,0.0396334054735324,1,82,"Not_Significant",0
"ENSG00000121871.4","SLITRK3",2,0,2,0.0419094973222494,1,83,"Not_Significant",0
"ENSG00000126545.14","CSN1S1",1,0,1,0.0421760558262632,1,84,"Not_Significant",0
"ENSG00000286510.1","AC018695.8",1,0,1,0.0421760558262632,1,85,"Not_Significant",0
"ENSG00000165309.14","ARMC3",3,2,1,0.0421760558262632,1,86,"Not_Significant",0
"ENSG00000122756.15","CNTFR",3,0,3,0.0436555518011698,1,87,"Not_Significant",0
"ENSG00000073734.10","ABCB11",2,0,2,0.0448380749567271,1,88,"Not_Significant",0
"ENSG00000238099.3","LINC01625",2,0,2,0.0460353393038946,1,89,"Not_Significant",0
"ENSG00000172901.20","LVRN",2,0,2,0.0472473035243108,1,90,"Not_Significant",0
"ENSG00000257335.8","MGAM",2,1,1,0.0474279874987832,1,91,"Not_Significant",0
"ENSG00000153820.13","SPHKAP",1,0,1,0.0474279874987832,1,92,"Not_Significant",0
"ENSG00000287718.1","AC009166.3",1,0,1,0.0474279874987832,1,93,"Not_Significant",0
"ENSG00000157423.18","HYDIN",1,0,1,0.0474279874987832,1,94,"Not_Significant",0
"ENSG00000259702.3","AC024337.1",1,0,1,0.0474279874987832,1,95,"Not_Significant",0
"ENSG00000144908.14","ALDH1L1",2,0,2,0.0478587851901273,1,96,"Not_Significant",0
"ENSG00000179796.12","LRRC3B",2,0,2,0.0490927218694964,1,97,"Not_Significant",0
"ENSG00000160868.15","CYP3A4",2,0,2,0.04971516658802,1,98,"Not_Significant",0
"ENSG00000168447.11","SCNN1B",2,0,2,0.0516043445612745,1,99,"Not_Significant",0
"ENSG00000133742.14","CA1",1,0,1,0.0526754674388866,1,100,"Not_Significant",0
"ENSG00000196616.14","ADH1B",2,0,2,0.0526754674388866,1,101,"Not_Significant",0
"ENSG00000285854.1","AC010197.2",1,0,1,0.0526754674388866,1,102,"Not_Significant",0
"ENSG00000237361.3","TUSC8",3,1,2,0.0526754674388866,1,103,"Not_Significant",0
"ENSG00000204711.9","C9orf135",1,0,1,0.0526754674388866,1,104,"Not_Significant",0
"ENSG00000071991.9","CDH19",2,0,2,0.0535261804531634,1,105,"Not_Significant",0
"ENSG00000171819.5","ANGPTL7",2,0,2,0.0541740258072545,1,106,"Not_Significant",0
"ENSG00000053918.18","KCNQ1",3,1,2,0.0541740258072545,1,107,"Not_Significant",0
"ENSG00000169432.18","SCN9A",3,0,3,0.0542873469705688,1,108,"Not_Significant",0
"ENSG00000166816.15","LDHD",3,0,3,0.0551865737951447,1,109,"Not_Significant",0
"ENSG00000146469.13","VIP",2,0,2,0.0561391903851582,1,110,"Not_Significant",0
"ENSG00000123453.18","SARDH",2,0,2,0.0574672727623024,1,111,"Not_Significant",0
"ENSG00000044012.4","GUCA2B",1,0,1,0.0579184984772635,1,112,"Not_Significant",0
"ENSG00000236333.4","TRHDE-AS1",1,0,1,0.0579184984772635,1,113,"Not_Significant",0
"ENSG00000251424.1","AC021146.9",1,0,1,0.0579184984772635,1,114,"Not_Significant",0
"ENSG00000160838.14","LRRC71",1,0,1,0.0579184984772635,1,115,"Not_Significant",0
"ENSG00000147606.9","SLC26A7",1,0,1,0.0579184984772635,1,116,"Not_Significant",0
"ENSG00000225731.1","PDE9A-AS1",2,0,2,0.058809685633004,1,117,"Not_Significant",0
"ENSG00000154258.17","ABCA9",3,0,3,0.0591899498281903,1,118,"Not_Significant",0
"ENSG00000181856.15","SLC2A4",3,0,3,0.0615373398436278,1,119,"Not_Significant",0
"ENSG00000166292.12","TMEM100",2,0,2,0.0622281463235146,1,120,"Not_Significant",0
"ENSG00000272143.1","FGF14-AS2",4,0,4,0.063040924821974,1,121,"Not_Significant",0
"ENSG00000226482.1","ADIPOQ-AS1",1,0,1,0.063157083443404,1,122,"Not_Significant",0
"ENSG00000262881.1","CR936218.2",1,0,1,0.063157083443404,1,123,"Not_Significant",0
"ENSG00000188523.9","CFAP77",1,0,1,0.063157083443404,1,124,"Not_Significant",0
"ENSG00000140465.14","CYP1A1",1,0,1,0.063157083443404,1,125,"Not_Significant",0
"ENSG00000109906.14","ZBTB16",2,0,2,0.0636203952454286,1,126,"Not_Significant",0
"ENSG00000145864.14","GABRB2",2,0,2,0.067881864848564,1,127,"Not_Significant",0
"ENSG00000256518.3","FOLR1P1",1,0,1,0.0683912251655982,1,128,"Not_Significant",0
"ENSG00000253434.8","LINC02237",1,0,1,0.0683912251655982,1,129,"Not_Significant",0
"ENSG00000159650.9","UROC1",1,0,1,0.0683912251655982,1,130,"Not_Significant",0
"ENSG00000004838.14","ZMYND10",3,2,1,0.0683912251655982,1,131,"Not_Significant",0
"ENSG00000214510.10","SPINK13",2,1,1,0.0683912251655982,1,132,"Not_Significant",0
"ENSG00000170743.17","SYT9",3,1,2,0.0700600059141699,1,133,"Not_Significant",0
"ENSG00000145242.13","EPHA5",2,0,2,0.072269569527721,1,134,"Not_Significant",0
"ENSG00000107611.16","CUBN",3,1,2,0.0736209264709365,1,135,"Not_Significant",0
"ENSG00000237494.1","AL360007.1",1,0,1,0.0736209264709365,1,136,"Not_Significant",0
"ENSG00000162460.7","TMEM82",2,0,2,0.07526429905966,1,137,"Not_Significant",0
"ENSG00000166819.12","PLIN1",2,0,2,0.0775466540288904,1,138,"Not_Significant",0
"ENSG00000131096.10","PYY",2,0,2,0.0788461901853099,1,139,"Not_Significant",0
"ENSG00000259916.1","AL845331.1",1,0,1,0.0788461901853099,1,140,"Not_Significant",0
"ENSG00000253959.1","LINC01863",2,1,1,0.0788461901853099,1,141,"Not_Significant",0
"ENSG00000160188.10","RSPH1",3,2,1,0.0788461901853099,1,142,"Not_Significant",0
"ENSG00000206172.8","HBA1",2,0,2,0.0814193361200858,1,143,"Not_Significant",0
"ENSG00000258604.1","AL161668.4",2,0,2,0.0814193361200858,1,144,"Not_Significant",0
"ENSG00000109794.13","FAM149A",3,0,3,0.0822698317112189,1,145,"Not_Significant",0
"ENSG00000179520.11","SLC17A8",1,0,1,0.0840670191334102,1,146,"Not_Significant",0
"ENSG00000134548.11","SPX",2,0,2,0.0840670191334102,1,147,"Not_Significant",0
"ENSG00000042781.14","USH2A",2,1,1,0.0840670191334102,1,148,"Not_Significant",0
"ENSG00000152611.12","CAPSL",2,1,1,0.0840670191334102,1,149,"Not_Significant",0
"ENSG00000267132.1","HMGB3P27",1,0,1,0.0840670191334102,1,150,"Not_Significant",0
"ENSG00000189292.16","ALKAL2",4,1,3,0.0869844328454069,1,151,"Not_Significant",0
"ENSG00000246022.3","ALDH1L1-AS2",2,0,2,0.08928341613873,1,152,"Not_Significant",0
"ENSG00000251443.2","LINC02160",1,0,1,0.08928341613873,1,153,"Not_Significant",0
"ENSG00000230873.9","STMND1",2,1,1,0.08928341613873,1,154,"Not_Significant",0
"ENSG00000184608.9","FAM167A-AS1",1,0,1,0.08928341613873,1,155,"Not_Significant",0
"ENSG00000181234.9","TMEM132C",2,0,2,0.0894202945897189,1,156,"Not_Significant",0
"ENSG00000169760.17","NLGN1",3,1,2,0.0902389881514959,1,157,"Not_Significant",0
"ENSG00000118271.12","TTR",1,0,1,0.0944953840235637,1,158,"Not_Significant",0
"ENSG00000173702.7","MUC13",3,2,1,0.0944953840235637,1,159,"Not_Significant",0
"ENSG00000239571.1","IGKV2D-30",2,0,2,0.09860999492672,1,160,"Not_Significant",0
"ENSG00000060566.14","CREB3L3",2,1,1,0.0997029256090069,1,161,"Not_Significant",0
"ENSG00000278965.1","AC122713.2",1,0,1,0.0997029256090069,1,162,"Not_Significant",0
"ENSG00000131050.11","BPIFA2",1,0,1,0.0997029256090069,1,163,"Not_Significant",0
"ENSG00000253105.6","AP003548.1",1,0,1,0.0997029256090069,1,164,"Not_Significant",0
"ENSG00000158571.11","PFKFB1",2,0,2,0.100324100843406,1,165,"Not_Significant",0
"ENSG00000248309.7","MEF2C-AS1",3,0,3,0.100751887079059,1,166,"Not_Significant",0
"ENSG00000279026.1","AC005225.4",3,0,3,0.101188698343774,1,167,"Not_Significant",0
"ENSG00000172137.19","CALB2",3,1,2,0.102920015660588,1,168,"Not_Significant",0
"ENSG00000124440.16","HIF3A",2,0,2,0.104906043714957,1,169,"Not_Significant",0
"ENSG00000230645.2","LINC01818",1,0,1,0.104906043714957,1,170,"Not_Significant",0
"ENSG00000270765.6","GAS2L2",1,0,1,0.104906043714957,1,171,"Not_Significant",0
"ENSG00000174514.13","MFSD4A",2,1,1,0.104906043714957,1,172,"Not_Significant",0
"ENSG00000166831.9","RBPMS2",3,0,3,0.105545519952066,1,173,"Not_Significant",0
"ENSG00000164849.10","GPR146",4,0,4,0.110046659011151,1,174,"Not_Significant",0
"ENSG00000139144.11","PIK3C2G",1,0,1,0.110104741160114,1,175,"Not_Significant",0
"ENSG00000236267.1","AP006216.2",1,0,1,0.110104741160114,1,176,"Not_Significant",0
"ENSG00000012223.13","LTF",1,0,1,0.110104741160114,1,177,"Not_Significant",0
"ENSG00000132855.5","ANGPTL3",1,0,1,0.110104741160114,1,178,"Not_Significant",0
"ENSG00000262097.2","LINC02185",3,0,3,0.113419383573902,1,179,"Not_Significant",0
"ENSG00000164188.9","RANBP3L",2,0,2,0.113598249915084,1,180,"Not_Significant",0
"ENSG00000177133.11","PRDM16-DT",2,0,2,0.11529902076198,1,181,"Not_Significant",0
"ENSG00000286322.1","AL356218.2",1,0,1,0.11529902076198,1,182,"Not_Significant",0
"ENSG00000224273.2","AC005077.2",1,0,1,0.11529902076198,1,183,"Not_Significant",0
"ENSG00000103089.9","FA2H",2,1,1,0.11529902076198,1,184,"Not_Significant",0
"ENSG00000124253.11","PCK1",2,0,2,0.115423391355298,1,185,"Not_Significant",0
"ENSG00000123243.15","ITIH5",3,1,2,0.117261410695424,1,186,"Not_Significant",0
"ENSG00000101489.20","CELF4",3,1,2,0.118185237456987,1,187,"Not_Significant",0
"ENSG00000251049.2","AC107396.1",1,0,1,0.120488885336859,1,188,"Not_Significant",0
"ENSG00000164972.13","C9orf24",1,0,1,0.120488885336859,1,189,"Not_Significant",0
"ENSG00000214708.4","AC116407.1",1,0,1,0.120488885336859,1,190,"Not_Significant",0
"ENSG00000156959.9","LHFPL4",2,0,2,0.12097592800774,1,191,"Not_Significant",0
"ENSG00000133317.16","LGALS12",2,0,2,0.12097592800774,1,192,"Not_Significant",0
"ENSG00000182902.14","SLC25A18",3,0,3,0.121068703163667,1,193,"Not_Significant",0
"ENSG00000163710.9","PCOLCE2",2,0,2,0.123795332441513,1,194,"Not_Significant",0
"ENSG00000168477.19","TNXB",2,0,2,0.124741492254551,1,195,"Not_Significant",0
"ENSG00000169618.7","PROKR1",2,0,2,0.124741492254551,1,196,"Not_Significant",0
"ENSG00000224721.1","AC007182.1",1,0,1,0.125674337699859,1,197,"Not_Significant",0
"ENSG00000271681.1","AC136601.2",1,0,1,0.125674337699859,1,198,"Not_Significant",0
"ENSG00000119915.5","ELOVL3",1,0,1,0.125674337699859,1,199,"Not_Significant",0
"ENSG00000157315.5","TMED6",1,0,1,0.125674337699859,1,200,"Not_Significant",0
"ENSG00000179636.15","TPPP2",2,0,2,0.127598979233152,1,201,"Not_Significant",0
"ENSG00000163687.14","DNASE1L3",3,0,3,0.130036039740896,1,202,"Not_Significant",0
"ENSG00000276365.1","MIR145",2,0,2,0.130484876498281,1,203,"Not_Significant",0
"ENSG00000256863.1","AP001880.2",1,0,1,0.130855380664889,1,204,"Not_Significant",0
"ENSG00000105707.14","HPN",4,2,2,0.130855380664889,1,205,"Not_Significant",0
"ENSG00000187492.9","CDHR4",1,0,1,0.130855380664889,1,206,"Not_Significant",0
"ENSG00000095637.22","SORBS1",3,0,3,0.131453133232124,1,207,"Not_Significant",0
"ENSG00000163017.14","ACTG2",2,0,2,0.132424527460031,1,208,"Not_Significant",0
"ENSG00000154080.14","CHST9",3,1,2,0.132424527460031,1,209,"Not_Significant",0
"ENSG00000008394.13","MGST1",3,0,3,0.134664621391965,1,210,"Not_Significant",0
"ENSG00000287316.1","AC007391.3",1,0,1,0.136032017044665,1,211,"Not_Significant",0
"ENSG00000162896.6","PIGR",1,0,1,0.136032017044665,1,212,"Not_Significant",0
"ENSG00000230910.4","AL391807.1",2,0,2,0.138318512074969,1,213,"Not_Significant",0
"ENSG00000230333.6","AC004160.1",2,0,2,0.140308056710584,1,214,"Not_Significant",0
"ENSG00000109132.7","PHOX2B",1,0,1,0.141204249650704,1,215,"Not_Significant",0
"ENSG00000256847.1","CCND2P1",1,0,1,0.141204249650704,1,216,"Not_Significant",0
"ENSG00000269933.1","AL031429.2",1,0,1,0.141204249650704,1,217,"Not_Significant",0
"ENSG00000230916.2","MTCO1P53",3,1,2,0.142309979288904,1,218,"Not_Significant",0
"ENSG00000149654.11","CDH22",2,0,2,0.144324241726507,1,219,"Not_Significant",0
"ENSG00000173641.18","HSPB7",1,0,1,0.146372081293326,1,220,"Not_Significant",0
"ENSG00000205358.4","MT1H",1,0,1,0.146372081293326,1,221,"Not_Significant",0
"ENSG00000197748.13","CFAP43",3,2,1,0.146372081293326,1,222,"Not_Significant",0
"ENSG00000145920.15","CPLX2",1,0,1,0.146372081293326,1,223,"Not_Significant",0
"ENSG00000108381.11","ASPA",3,0,3,0.149413635264022,1,224,"Not_Significant",0
"ENSG00000088386.17","SLC15A1",2,1,1,0.151535514781657,1,225,"Not_Significant",0
"ENSG00000287570.1","AL035447.1",1,0,1,0.151535514781657,1,226,"Not_Significant",0
"ENSG00000112246.10","SIM1",1,0,1,0.151535514781657,1,227,"Not_Significant",0
"ENSG00000139219.19","COL2A1",2,1,1,0.151535514781657,1,228,"Not_Significant",0
"ENSG00000167701.14","GPT",2,0,2,0.155621563331555,1,229,"Not_Significant",0
"ENSG00000158458.21","NRG2",3,1,2,0.156666827447532,1,230,"Not_Significant",0
"ENSG00000196660.11","SLC30A10",1,0,1,0.156694552923628,1,231,"Not_Significant",0
"ENSG00000214128.11","TMEM213",1,0,1,0.156694552923628,1,232,"Not_Significant",0
"ENSG00000259359.2","AC012409.1",2,0,2,0.156694552923628,1,233,"Not_Significant",0
"ENSG00000187905.10","LRRC74B",1,0,1,0.156694552923628,1,234,"Not_Significant",0
"ENSG00000146233.8","CYP39A1",2,0,2,0.157715110254736,1,235,"Not_Significant",0
"ENSG00000125851.10","PCSK2",2,0,2,0.158766407044347,1,236,"Not_Significant",0
"ENSG00000165072.10","MAMDC2",2,0,2,0.160878023752118,1,237,"Not_Significant",0
"ENSG00000067842.17","ATP2B3",1,0,1,0.161849198525973,1,238,"Not_Significant",0
"ENSG00000175003.15","SLC22A1",1,0,1,0.161849198525973,1,239,"Not_Significant",0
"ENSG00000127318.11","IL22",1,0,1,0.161849198525973,1,240,"Not_Significant",0
"ENSG00000257126.6","FOXG1-AS1",1,0,1,0.161849198525973,1,241,"Not_Significant",0
"ENSG00000181195.11","PENK",2,0,2,0.165137218137035,1,242,"Not_Significant",0
"ENSG00000171246.6","NPTX1",2,1,1,0.16699945439423,1,243,"Not_Significant",0
"ENSG00000286559.1","AC099845.1",1,0,1,0.16699945439423,1,244,"Not_Significant",0
"ENSG00000150656.15","CNDP1",1,0,1,0.16699945439423,1,245,"Not_Significant",0
"ENSG00000203985.11","LDLRAD1",4,3,1,0.16699945439423,1,246,"Not_Significant",0
"ENSG00000283526.1","PRRT1B",2,1,1,0.16699945439423,1,247,"Not_Significant",0
"ENSG00000198523.6","PLN",2,0,2,0.167284720765125,1,248,"Not_Significant",0
"ENSG00000101542.10","CDH20",2,0,2,0.17052825116916,1,249,"Not_Significant",0
"ENSG00000116882.15","HAO2",1,0,1,0.172145323332744,1,250,"Not_Significant",0
"ENSG00000101441.4","CST4",5,4,1,0.172145323332744,1,251,"Not_Significant",0
"ENSG00000259763.2","LINC02157",1,0,1,0.172145323332744,1,252,"Not_Significant",0
"ENSG00000225603.3","AC244394.1",2,0,2,0.177095045005746,1,253,"Not_Significant",0
"ENSG00000000005.6","TNMD",1,0,1,0.177286808144666,1,254,"Not_Significant",0
"ENSG00000084110.11","HAL",1,0,1,0.177286808144666,1,255,"Not_Significant",0
"ENSG00000250803.6","AC010255.2",2,0,2,0.177286808144666,1,256,"Not_Significant",0
"ENSG00000140798.16","ABCC12",2,1,1,0.177286808144666,1,257,"Not_Significant",0
"ENSG00000130643.9","CALY",2,0,2,0.178199792051852,1,258,"Not_Significant",0
"ENSG00000099864.18","PALM",3,0,3,0.181371715332211,1,259,"Not_Significant",0
"ENSG00000197273.4","GUCA2A",2,1,1,0.182423911631951,1,260,"Not_Significant",0
"ENSG00000164089.9","ETNPPL",2,1,1,0.182423911631951,1,261,"Not_Significant",0
"ENSG00000198488.10","B3GNT6",1,0,1,0.182423911631951,1,262,"Not_Significant",0
"ENSG00000277494.2","GPIHBP1",2,0,2,0.182647985274002,1,263,"Not_Significant",0
"ENSG00000138640.15","FAM13A",3,0,3,0.183237751321829,1,264,"Not_Significant",0
"ENSG00000143416.21","SELENBP1",3,0,3,0.183862258714916,1,265,"Not_Significant",0
"ENSG00000123560.14","PLP1",1,0,1,0.18755663659536,1,266,"Not_Significant",0
"ENSG00000260102.2","LINC01070",1,0,1,0.18755663659536,1,267,"Not_Significant",0
"ENSG00000130037.5","KCNA5",2,0,2,0.18755663659536,1,268,"Not_Significant",0
"ENSG00000249173.6","LINC01093",1,0,1,0.18755663659536,1,269,"Not_Significant",0
"ENSG00000108231.14","LGI1",2,0,2,0.190544049373523,1,270,"Not_Significant",0
"ENSG00000141338.14","ABCA8",2,0,2,0.191683592470983,1,271,"Not_Significant",0
"ENSG00000187714.7","SLC18A3",1,0,1,0.192684985834461,1,272,"Not_Significant",0
"ENSG00000167676.4","PLIN4",2,0,2,0.192684985834461,1,273,"Not_Significant",0
"ENSG00000174992.8","ZG16",1,0,1,0.192684985834461,1,274,"Not_Significant",0
"ENSG00000124664.11","SPDEF",2,1,1,0.192684985834461,1,275,"Not_Significant",0
"ENSG00000232131.1","NCOA7-AS1",1,0,1,0.192684985834461,1,276,"Not_Significant",0
"ENSG00000188257.12","PLA2G2A",2,0,2,0.192826005219719,1,277,"Not_Significant",0
"ENSG00000104435.14","STMN2",2,0,2,0.196270415359571,1,278,"Not_Significant",0
"ENSG00000254607.2","AP001783.1",1,0,1,0.197808962147627,1,279,"Not_Significant",0
"ENSG00000229453.2","SPINK8",1,0,1,0.197808962147627,1,280,"Not_Significant",0
"ENSG00000068976.14","PYGM",2,0,2,0.198580952741025,1,281,"Not_Significant",0
"ENSG00000158445.10","KCNB1",2,0,2,0.200902858455001,1,282,"Not_Significant",0
"ENSG00000196502.12","SULT1A1",3,0,3,0.201197290558576,1,283,"Not_Significant",0
"ENSG00000197561.7","ELANE",2,0,2,0.202068062980412,1,284,"Not_Significant",0
"ENSG00000040731.10","CDH10",1,0,1,0.20292856833204,1,285,"Not_Significant",0
"ENSG00000224525.2","AL591686.1",1,0,1,0.20292856833204,1,286,"Not_Significant",0
"ENSG00000144852.19","NR1I2",1,0,1,0.20292856833204,1,287,"Not_Significant",0
"ENSG00000114638.8","UPK1B",1,0,1,0.20292856833204,1,288,"Not_Significant",0
"ENSG00000105290.13","APLP1",2,1,1,0.20292856833204,1,289,"Not_Significant",0
"ENSG00000146678.10","IGFBP1",2,0,2,0.203236095847991,1,290,"Not_Significant",0
"ENSG00000187151.7","ANGPTL5",2,0,2,0.204406952484253,1,291,"Not_Significant",0
"ENSG00000152785.8","BMP3",2,1,1,0.208043807183687,1,292,"Not_Significant",0
"ENSG00000253357.1","AC008708.1",1,0,1,0.208043807183687,1,293,"Not_Significant",0
"ENSG00000176136.6","MC5R",1,0,1,0.208043807183687,1,294,"Not_Significant",0
"ENSG00000279930.1","AL032819.2",2,1,1,0.208043807183687,1,295,"Not_Significant",0
"ENSG00000109339.24","MAPK10",3,0,3,0.209196044553509,1,296,"Not_Significant",0
"ENSG00000249948.6","GBA3",1,0,1,0.213154681497363,1,297,"Not_Significant",0
"ENSG00000254135.3","AC091939.1",1,0,1,0.213154681497363,1,298,"Not_Significant",0
"ENSG00000124939.6","SCGB2A1",1,0,1,0.213154681497363,1,299,"Not_Significant",0
"ENSG00000234235.1","BOK-AS1",2,0,2,0.213874913510446,1,300,"Not_Significant",0
"ENSG00000258274.1","AC012085.2",1,0,1,0.218261194066669,1,301,"Not_Significant",0
"ENSG00000249364.6","AC112206.2",1,0,1,0.218261194066669,1,302,"Not_Significant",0
"ENSG00000127324.9","TSPAN8",1,0,1,0.218261194066669,1,303,"Not_Significant",0
"ENSG00000187699.10","C2orf88",2,0,2,0.218675825801425,1,304,"Not_Significant",0
"ENSG00000243955.6","GSTA1",1,0,1,0.223363347684016,1,305,"Not_Significant",0
"ENSG00000198650.11","TAT",2,0,2,0.223363347684016,1,306,"Not_Significant",0
"ENSG00000021461.17","CYP3A43",1,0,1,0.223363347684016,1,307,"Not_Significant",0
"ENSG00000215187.12","FAM166B",1,0,1,0.223363347684016,1,308,"Not_Significant",0
"ENSG00000146090.16","RASGEF1C",2,0,2,0.224739136075168,1,309,"Not_Significant",0
"ENSG00000144339.12","TMEFF2",2,0,2,0.225960042215396,1,310,"Not_Significant",0
"ENSG00000150625.16","GPM6A",1,0,1,0.228461145140622,1,311,"Not_Significant",0
"ENSG00000165197.5","VEGFD",1,0,1,0.228461145140622,1,312,"Not_Significant",0
"ENSG00000238097.2","LINC02037",1,0,1,0.228461145140622,1,313,"Not_Significant",0
"ENSG00000140297.13","GCNT3",2,1,1,0.228461145140622,1,314,"Not_Significant",0
"ENSG00000080293.10","SCTR",3,1,2,0.230870996655701,1,315,"Not_Significant",0
"ENSG00000117594.10","HSD11B1",2,0,2,0.232105545219617,1,316,"Not_Significant",0
"ENSG00000164850.15","GPER1",3,0,3,0.233554589226512,1,317,"Not_Significant",0
"ENSG00000167434.10","CA4",1,0,1,0.233554589226512,1,318,"Not_Significant",0
"ENSG00000181656.7","GPR88",1,0,1,0.233554589226512,1,319,"Not_Significant",0
"ENSG00000160180.15","TFF3",1,0,1,0.233554589226512,1,320,"Not_Significant",0
"ENSG00000211445.12","GPX3",3,0,3,0.2383189230499,1,321,"Not_Significant",0
"ENSG00000188488.14","SERPINA5",2,0,2,0.238643682730521,1,322,"Not_Significant",0
"ENSG00000278928.1","AC136621.1",1,0,1,0.238643682730521,1,323,"Not_Significant",0
"ENSG00000253813.1","COX6B1P4",1,0,1,0.238643682730521,1,324,"Not_Significant",0
"ENSG00000140835.10","CHST4",3,2,1,0.238643682730521,1,325,"Not_Significant",0
"ENSG00000166183.16","ASPG",2,0,2,0.23956969422101,1,326,"Not_Significant",0
"ENSG00000149596.7","JPH2",2,0,2,0.242079296344423,1,327,"Not_Significant",0
"ENSG00000287313.1","AC016995.1",2,0,2,0.243338118355383,1,328,"Not_Significant",0
"ENSG00000197953.6","AADACL2",1,0,1,0.243728428440292,1,329,"Not_Significant",0
"ENSG00000248884.1","AC010280.2",1,0,1,0.243728428440292,1,330,"Not_Significant",0
"ENSG00000157765.13","SLC34A2",2,1,1,0.243728428440292,1,331,"Not_Significant",0
"ENSG00000255545.8","B3GAT1-DT",1,0,1,0.243728428440292,1,332,"Not_Significant",0
"ENSG00000101955.15","SRPX",2,0,2,0.248400108563417,1,333,"Not_Significant",0
"ENSG00000107537.14","PHYH",3,0,3,0.248400108563417,1,334,"Not_Significant",0
"ENSG00000108551.5","RASD1",2,0,2,0.248400108563417,1,335,"Not_Significant",0
"ENSG00000122585.8","NPY",1,0,1,0.248808829142276,1,336,"Not_Significant",0
"ENSG00000164434.12","FABP7",1,0,1,0.248808829142276,1,337,"Not_Significant",0
"ENSG00000139445.18","FOXN4",1,0,1,0.248808829142276,1,338,"Not_Significant",0
"ENSG00000062096.15","ARSF",1,0,1,0.248808829142276,1,339,"Not_Significant",0
"ENSG00000287127.1","AC009879.4",1,0,1,0.248808829142276,1,340,"Not_Significant",0
"ENSG00000184905.9","TCEAL2",2,0,2,0.249672259368031,1,341,"Not_Significant",0
"ENSG00000163792.6","TCF23",2,0,2,0.250947062569659,1,342,"Not_Significant",0
"ENSG00000172201.12","ID4",3,1,2,0.250947062569659,1,343,"Not_Significant",0
"ENSG00000142959.5","BEST4",2,1,1,0.253884887621737,1,344,"Not_Significant",0
"ENSG00000165269.13","AQP7",2,0,2,0.253884887621737,1,345,"Not_Significant",0
"ENSG00000254814.1","AP003031.1",1,0,1,0.253884887621737,1,346,"Not_Significant",0
"ENSG00000144596.13","GRIP2",3,1,2,0.253884887621737,1,347,"Not_Significant",0
"ENSG00000279372.1","AC137723.1",1,0,1,0.253884887621737,1,348,"Not_Significant",0
"ENSG00000236882.8","LINC01554",2,0,2,0.256072710468099,1,349,"Not_Significant",0
"ENSG00000137675.5","MMP27",1,0,1,0.258956606662743,1,350,"Not_Significant",0
"ENSG00000182021.10","AL591379.1",1,0,1,0.258956606662743,1,351,"Not_Significant",0
"ENSG00000230921.1","HAO2-IT1",1,0,1,0.258956606662743,1,352,"Not_Significant",0
"ENSG00000165186.12","PTCHD1",1,0,1,0.258956606662743,1,353,"Not_Significant",0
"ENSG00000266200.6","PNLIPRP2",2,1,1,0.264023989048176,1,354,"Not_Significant",0
"ENSG00000187889.13","FYB2",2,0,2,0.264023989048176,1,355,"Not_Significant",0
"ENSG00000282639.1","IGHV3-64D",1,0,1,0.264023989048176,1,356,"Not_Significant",0
"ENSG00000168497.5","CAVIN2",2,0,2,0.269070325020018,1,357,"Not_Significant",0
"ENSG00000094755.17","GABRP",3,1,2,0.269070325020018,1,358,"Not_Significant",0
"ENSG00000240498.9","CDKN2B-AS1",4,3,1,0.269087037559725,1,359,"Not_Significant",0
"ENSG00000140505.7","CYP1A2",1,0,1,0.269087037559725,1,360,"Not_Significant",0
"ENSG00000180251.5","SLC9A4",1,0,1,0.269087037559725,1,361,"Not_Significant",0
"ENSG00000170890.14","PLA2G1B",1,0,1,0.269087037559725,1,362,"Not_Significant",0
"ENSG00000022267.19","FHL1",2,0,2,0.271701021480471,1,363,"Not_Significant",0
"ENSG00000109846.9","CRYAB",3,1,2,0.274145754977892,1,364,"Not_Significant",0
"ENSG00000228842.3","PCDH9-AS2",1,0,1,0.274145754977892,1,365,"Not_Significant",0
"ENSG00000103316.12","CRYM",2,1,1,0.274145754977892,1,366,"Not_Significant",0
"ENSG00000249448.1","MTCO1P24",1,0,1,0.274145754977892,1,367,"Not_Significant",0
"ENSG00000170153.11","RNF150",2,0,2,0.274342026940676,1,368,"Not_Significant",0
"ENSG00000079308.19","TNS1",2,0,2,0.27566638456919,1,369,"Not_Significant",0
"ENSG00000133800.9","LYVE1",1,0,1,0.279200144081988,1,370,"Not_Significant",0
"ENSG00000180914.10","OXTR",3,2,1,0.279200144081988,1,371,"Not_Significant",0
"ENSG00000235357.2","LINC01621",1,0,1,0.279200144081988,1,372,"Not_Significant",0
"ENSG00000140287.11","HDC",1,0,1,0.279200144081988,1,373,"Not_Significant",0
"ENSG00000106823.12","ECM2",3,0,3,0.279783101899409,1,374,"Not_Significant",0
"ENSG00000155970.12","MICU3",3,0,3,0.280580550130855,1,375,"Not_Significant",0
"ENSG00000166573.6","GALR1",1,0,1,0.284250207650135,1,376,"Not_Significant",0
"ENSG00000267603.1","LINC01028",1,0,1,0.284250207650135,1,377,"Not_Significant",0
"ENSG00000099937.11","SERPIND1",2,1,1,0.284250207650135,1,378,"Not_Significant",0
"ENSG00000260412.1","AL353746.1",1,0,1,0.284250207650135,1,379,"Not_Significant",0
"ENSG00000168546.11","GFRA2",3,0,3,0.289050263581539,1,380,"Not_Significant",0
"ENSG00000104267.10","CA2",1,0,1,0.289295948459264,1,381,"Not_Significant",0
"ENSG00000284779.2","AC132217.2",1,0,1,0.289295948459264,1,382,"Not_Significant",0
"ENSG00000178796.13","RIIAD1",2,1,1,0.289295948459264,1,383,"Not_Significant",0
"ENSG00000186732.14","MPPED1",1,0,1,0.289295948459264,1,384,"Not_Significant",0
"ENSG00000261469.1","AC020978.4",2,0,2,0.291757423832222,1,385,"Not_Significant",0
"ENSG00000259275.4","AC087477.2",2,0,2,0.294337369285122,1,386,"Not_Significant",0
"ENSG00000257743.8","MGAM2",2,1,1,0.294337369285122,1,387,"Not_Significant",0
"ENSG00000196600.12","SLC22A25",1,0,1,0.294337369285122,1,388,"Not_Significant",0
"ENSG00000237515.9","SHISA9",3,2,1,0.294337369285122,1,389,"Not_Significant",0
"ENSG00000173267.14","SNCG",3,1,2,0.29447463094999,1,390,"Not_Significant",0
"ENSG00000171596.7","NMUR1",2,0,2,0.29447463094999,1,391,"Not_Significant",0
"ENSG00000158887.19","MPZ",2,0,2,0.297201850202277,1,392,"Not_Significant",0
"ENSG00000186417.14","GLDN",3,1,2,0.298569203538968,1,393,"Not_Significant",0
"ENSG00000160307.10","S100B",2,1,1,0.299374472902262,1,394,"Not_Significant",0
"ENSG00000112530.11","PACRG",3,0,3,0.299374472902262,1,395,"Not_Significant",0
"ENSG00000142182.9","DNMT3L",1,0,1,0.299374472902262,1,396,"Not_Significant",0
"ENSG00000241684.6","ADAMTS9-AS2",2,0,2,0.301311375981682,1,397,"Not_Significant",0
"ENSG00000260105.6","AOC4P",2,0,2,0.301311375981682,1,398,"Not_Significant",0
"ENSG00000232079.7","LINC01697",1,0,1,0.304407262084053,1,399,"Not_Significant",0
"ENSG00000249956.4","UGT2B24P",1,0,1,0.304407262084053,1,400,"Not_Significant",0
"ENSG00000186952.15","TMEM232",1,0,1,0.304407262084053,1,401,"Not_Significant",0
"ENSG00000173452.14","TMEM196",1,0,1,0.304407262084053,1,402,"Not_Significant",0
"ENSG00000162706.13","CADM3",2,0,2,0.309435739602674,1,403,"Not_Significant",0
"ENSG00000130173.13","ANGPTL8",1,0,1,0.309435739602674,1,404,"Not_Significant",0
"ENSG00000188676.13","IDO2",3,2,1,0.309435739602674,1,405,"Not_Significant",0
"ENSG00000267709.1","AC024592.2",1,0,1,0.309435739602674,1,406,"Not_Significant",0
"ENSG00000225005.1","AC211485.1",1,0,1,0.309435739602674,1,407,"Not_Significant",0
"ENSG00000166035.11","LIPC",2,0,2,0.313773481976765,1,408,"Not_Significant",0
"ENSG00000160460.16","SPTBN4",3,0,3,0.313773481976765,1,409,"Not_Significant",0
"ENSG00000147588.7","PMP2",1,0,1,0.314459908229117,1,410,"Not_Significant",0
"ENSG00000175084.12","DES",1,0,1,0.314459908229117,1,411,"Not_Significant",0
"ENSG00000118520.15","ARG1",1,0,1,0.314459908229117,1,412,"Not_Significant",0
"ENSG00000157150.5","TIMP4",1,0,1,0.314459908229117,1,413,"Not_Significant",0
"ENSG00000183549.10","ACSM5",1,0,1,0.314459908229117,1,414,"Not_Significant",0
"ENSG00000091262.16","ABCC6",2,0,2,0.319375890068896,1,415,"Not_Significant",0
"ENSG00000254645.2","AC087379.1",1,0,1,0.319479770733185,1,416,"Not_Significant",0
"ENSG00000218819.6","TDRD15",1,0,1,0.319479770733185,1,417,"Not_Significant",0
"ENSG00000179593.16","ALOX15B",1,0,1,0.319479770733185,1,418,"Not_Significant",0
"ENSG00000027644.5","INSRR",1,0,1,0.319479770733185,1,419,"Not_Significant",0
"ENSG00000127083.7","OMD",2,0,2,0.322191664019918,1,420,"Not_Significant",0
"ENSG00000064205.10","CCN5",1,0,1,0.324495329883495,1,421,"Not_Significant",0
"ENSG00000172425.12","TTC36",1,0,1,0.324495329883495,1,422,"Not_Significant",0
"ENSG00000145936.9","KCNMB1",2,0,2,0.329273320023329,1,423,"Not_Significant",0
"ENSG00000235904.3","RBMS3-AS3",2,0,2,0.329273320023329,1,424,"Not_Significant",0
"ENSG00000112232.10","KHDRBS2",1,0,1,0.329506588447478,1,425,"Not_Significant",0
"ENSG00000240935.6","PLGLA",1,0,1,0.329506588447478,1,426,"Not_Significant",0
"ENSG00000170011.14","MYRIP",2,0,2,0.329506588447478,1,427,"Not_Significant",0
"ENSG00000174502.19","SLC26A9",2,1,1,0.329506588447478,1,428,"Not_Significant",0
"ENSG00000169764.16","UGP2",3,0,3,0.329913461202266,1,429,"Not_Significant",0
"ENSG00000138075.14","ABCG5",2,0,2,0.330696854993063,1,430,"Not_Significant",0
"ENSG00000004776.13","HSPB6",1,0,1,0.334513549191377,1,431,"Not_Significant",0
"ENSG00000172482.5","AGXT",1,0,1,0.334513549191377,1,432,"Not_Significant",0
"ENSG00000149305.7","HTR3B",1,0,1,0.334513549191377,1,433,"Not_Significant",0
"ENSG00000138615.6","CILP",1,0,1,0.334513549191377,1,434,"Not_Significant",0
"ENSG00000105894.12","PTN",2,0,2,0.336414865511043,1,435,"Not_Significant",0
"ENSG00000256843.1","AC023157.1",1,0,1,0.339516214880248,1,436,"Not_Significant",0
"ENSG00000114547.10","ROPN1B",1,0,1,0.339516214880248,1,437,"Not_Significant",0
"ENSG00000110245.12","APOC3",1,0,1,0.339516214880248,1,438,"Not_Significant",0
"ENSG00000160808.11","MYL3",1,0,1,0.339516214880248,1,439,"Not_Significant",0
"ENSG00000273771.1","AC024337.2",1,0,1,0.339516214880248,1,440,"Not_Significant",0
"ENSG00000147724.12","FAM135B",2,1,1,0.344514588277963,1,441,"Not_Significant",0
"ENSG00000143278.5","F13B",1,0,1,0.344514588277963,1,442,"Not_Significant",0
"ENSG00000176387.7","HSD11B2",2,1,1,0.344514588277963,1,443,"Not_Significant",0
"ENSG00000267385.1","AC011498.4",1,0,1,0.344514588277963,1,444,"Not_Significant",0
"ENSG00000143819.12","EPHX1",2,0,2,0.349418874174151,1,445,"Not_Significant",0
"ENSG00000163295.5","ALPI",1,0,1,0.349508672147205,1,446,"Not_Significant",0
"ENSG00000270885.2","RASL10B",1,0,1,0.349508672147205,1,447,"Not_Significant",0
"ENSG00000287331.1","AC106045.1",3,2,1,0.349508672147205,1,448,"Not_Significant",0
"ENSG00000235033.7","DAAM2-AS1",2,0,2,0.353795748498233,1,449,"Not_Significant",0
"ENSG00000114200.10","BCHE",1,0,1,0.354498469249473,1,450,"Not_Significant",0
"ENSG00000116745.7","RPE65",1,0,1,0.354498469249473,1,451,"Not_Significant",0
"ENSG00000266964.6","FXYD1",1,0,1,0.354498469249473,1,452,"Not_Significant",0
"ENSG00000177459.11","ERICH5",1,0,1,0.354498469249473,1,453,"Not_Significant",0
"ENSG00000198947.16","DMD",3,0,3,0.357636302036097,1,454,"Not_Significant",0
"ENSG00000138039.15","LHCGR",1,0,1,0.359483982345081,1,455,"Not_Significant",0
"ENSG00000279218.1","AC006037.2",1,0,1,0.359483982345081,1,456,"Not_Significant",0
"ENSG00000158486.13","DNAH3",2,1,1,0.359483982345081,1,457,"Not_Significant",0
"ENSG00000004846.16","ABCB5",3,1,2,0.359664092268553,1,458,"Not_Significant",0
"ENSG00000119986.7","AVPI1",3,0,3,0.360385057236235,1,459,"Not_Significant",0
"ENSG00000112964.14","GHR",2,0,2,0.361136955808174,1,460,"Not_Significant",0
"ENSG00000227467.3","LINC01537",2,0,2,0.362612122001118,1,461,"Not_Significant",0
"ENSG00000278535.5","DHRS11",2,0,2,0.364089586660163,1,462,"Not_Significant",0
"ENSG00000247809.9","NR2F2-AS1",2,0,2,0.364465214193158,1,463,"Not_Significant",0
"ENSG00000104938.18","CLEC4M",1,0,1,0.364465214193158,1,464,"Not_Significant",0
"ENSG00000135480.16","KRT7",3,2,1,0.364465214193158,1,465,"Not_Significant",0
"ENSG00000176533.13","GNG7",3,0,3,0.365917440412167,1,466,"Not_Significant",0
"ENSG00000079557.5","AFM",1,0,1,0.369442167551646,1,467,"Not_Significant",0
"ENSG00000140057.9","AK7",1,0,1,0.369442167551646,1,468,"Not_Significant",0
"ENSG00000122012.14","SV2C",1,0,1,0.369442167551646,1,469,"Not_Significant",0
"ENSG00000135298.14","ADGRB3",2,0,2,0.370022346323444,1,470,"Not_Significant",0
"ENSG00000262543.2","SMIM28",1,0,1,0.374414845177304,1,471,"Not_Significant",0
"ENSG00000072657.9","TRHDE",1,0,1,0.374414845177304,1,472,"Not_Significant",0
"ENSG00000197177.15","ADGRA1",1,0,1,0.374414845177304,1,473,"Not_Significant",0
"ENSG00000251544.1","MTND5P12",1,0,1,0.374414845177304,1,474,"Not_Significant",0
"ENSG00000183230.17","CTNNA3",2,0,2,0.378989729953989,1,475,"Not_Significant",0
"ENSG00000116194.13","ANGPTL1",1,0,1,0.379383249825706,1,476,"Not_Significant",0
"ENSG00000180440.4","SERTM1",1,0,1,0.379383249825706,1,477,"Not_Significant",0
"ENSG00000286081.1","AC016682.1",1,0,1,0.379383249825706,1,478,"Not_Significant",0
"ENSG00000183196.10","CHST6",3,2,1,0.379383249825706,1,479,"Not_Significant",0
"ENSG00000006071.15","ABCC8",1,0,1,0.379383249825706,1,480,"Not_Significant",0
"ENSG00000124615.20","MOCS1",3,0,3,0.381844909637839,1,481,"Not_Significant",0
"ENSG00000167964.13","RAB26",3,1,2,0.381996923083256,1,482,"Not_Significant",0
"ENSG00000234456.8","MAGI2-AS3",3,0,3,0.382793432139846,1,483,"Not_Significant",0
"ENSG00000122852.15","SFTPA1",1,0,1,0.384347384251243,1,484,"Not_Significant",0
"ENSG00000215483.11","LINC00598",1,0,1,0.384347384251243,1,485,"Not_Significant",0
"ENSG00000256811.1","AC079360.1",1,0,1,0.384347384251243,1,486,"Not_Significant",0
"ENSG00000124678.20","TCP11",2,1,1,0.384347384251243,1,487,"Not_Significant",0
"ENSG00000270230.1","MTND6P22",1,0,1,0.384347384251243,1,488,"Not_Significant",0
"ENSG00000145335.17","SNCA",3,0,3,0.384694346027372,1,489,"Not_Significant",0
"ENSG00000169933.16","FRMPD4",2,0,2,0.385013093492415,1,490,"Not_Significant",0
"ENSG00000169252.6","ADRB2",3,0,3,0.385013093492415,1,491,"Not_Significant",0
"ENSG00000111700.13","SLCO1B3",3,2,1,0.389307251207121,1,492,"Not_Significant",0
"ENSG00000268628.2","AL121761.1",2,1,1,0.389307251207121,1,493,"Not_Significant",0
"ENSG00000253317.1","AC078906.1",1,0,1,0.389307251207121,1,494,"Not_Significant",0
"ENSG00000198597.9","ZNF536",2,0,2,0.392592577807753,1,495,"Not_Significant",0
"ENSG00000271826.5","PLS3-AS1",2,1,1,0.39426285344536,1,496,"Not_Significant",0
"ENSG00000167014.11","TERB2",1,0,1,0.39426285344536,1,497,"Not_Significant",0
"ENSG00000214456.8","PLIN5",2,0,2,0.39426285344536,1,498,"Not_Significant",0
"ENSG00000146147.15","MLIP",2,0,2,0.398696066991229,1,499,"Not_Significant",0
"ENSG00000271952.2","LINC01954",1,0,1,0.399214193716803,1,500,"Not_Significant",0
"ENSG00000232650.6","LINC01780",1,0,1,0.399214193716803,1,501,"Not_Significant",0
"ENSG00000100218.12","RSPH14",2,1,1,0.399214193716803,1,502,"Not_Significant",0
"ENSG00000066032.18","CTNNA2",1,0,1,0.399214193716803,1,503,"Not_Significant",0
"ENSG00000172554.12","SNTG2",2,0,2,0.400227446864511,1,504,"Not_Significant",0
"ENSG00000145708.11","CRHBP",2,0,2,0.401761021546873,1,505,"Not_Significant",0
"ENSG00000010319.7","SEMA3G",2,0,2,0.403296786932854,1,506,"Not_Significant",0
"ENSG00000245870.4","LINC00682",1,0,1,0.404161274771103,1,507,"Not_Significant",0
"ENSG00000101938.15","CHRDL1",2,0,2,0.404161274771103,1,508,"Not_Significant",0
"ENSG00000229740.3","U91324.1",1,0,1,0.404161274771103,1,509,"Not_Significant",0
"ENSG00000203952.9","CCDC160",2,1,1,0.404161274771103,1,510,"Not_Significant",0
"ENSG00000116183.11","PAPPA2",2,0,2,0.407917186304852,1,511,"Not_Significant",0
"ENSG00000173237.4","C11orf86",2,1,1,0.409104099356733,1,512,"Not_Significant",0
"ENSG00000248676.1","AC083902.1",1,0,1,0.409104099356733,1,513,"Not_Significant",0
"ENSG00000198643.7","FAM3D",2,1,1,0.409104099356733,1,514,"Not_Significant",0
"ENSG00000180712.4","LINC02363",1,0,1,0.409104099356733,1,515,"Not_Significant",0
"ENSG00000197766.8","CFD",2,0,2,0.411008330944998,1,516,"Not_Significant",0
"ENSG00000134121.10","CHL1",2,0,2,0.412557154513262,1,517,"Not_Significant",0
"ENSG00000206579.9","XKR4",1,0,1,0.414042670220985,1,518,"Not_Significant",0
"ENSG00000185942.13","NKAIN3",2,0,2,0.414042670220985,1,519,"Not_Significant",0
"ENSG00000158104.11","HPD",2,0,2,0.414042670220985,1,520,"Not_Significant",0
"ENSG00000181778.5","TMEM252",2,0,2,0.414108140134523,1,521,"Not_Significant",0
"ENSG00000225398.3","PGM5P4",2,0,2,0.415661283728338,1,522,"Not_Significant",0
"ENSG00000036473.8","OTC",2,0,2,0.41877402852747,1,523,"Not_Significant",0
"ENSG00000119121.22","TRPM6",1,0,1,0.418976990109966,1,524,"Not_Significant",0
"ENSG00000156006.5","NAT2",3,1,2,0.418976990109966,1,525,"Not_Significant",0
"ENSG00000261054.1","AC036108.2",1,0,1,0.418976990109966,1,526,"Not_Significant",0
"ENSG00000211669.3","IGLV3-10",1,0,1,0.418976990109966,1,527,"Not_Significant",0
"ENSG00000240654.6","C1QTNF9",2,0,2,0.42189535632955,1,528,"Not_Significant",0
"ENSG00000164756.12","SLC30A8",2,1,1,0.423907061768602,1,529,"Not_Significant",0
"ENSG00000226005.5","LINC02660",1,0,1,0.423907061768602,1,530,"Not_Significant",0
"ENSG00000019102.12","VSIG2",1,0,1,0.423907061768602,1,531,"Not_Significant",0
"ENSG00000277135.1","AC012409.3",1,0,1,0.423907061768602,1,532,"Not_Significant",0
"ENSG00000171766.17","GATM",2,0,2,0.425025234603382,1,533,"Not_Significant",0
"ENSG00000094963.14","FMO2",2,0,2,0.428163630867654,1,534,"Not_Significant",0
"ENSG00000260230.5","FRRS1L",2,1,1,0.428832887940636,1,535,"Not_Significant",0
"ENSG00000055957.11","ITIH1",1,0,1,0.428832887940636,1,536,"Not_Significant",0
"ENSG00000134824.14","FADS2",3,1,2,0.428832887940636,1,537,"Not_Significant",0
"ENSG00000185345.23","PRKN",3,0,3,0.429736013109425,1,538,"Not_Significant",0
"ENSG00000079739.17","PGM1",3,0,3,0.430848301736626,1,539,"Not_Significant",0
"ENSG00000166347.19","CYB5A",3,0,3,0.432887125565929,1,540,"Not_Significant",0
"ENSG00000108018.15","SORCS1",1,0,1,0.433754471368631,1,541,"Not_Significant",0
"ENSG00000227712.2","AL359915.1",1,0,1,0.433754471368631,1,542,"Not_Significant",0
"ENSG00000119147.10","ECRG4",1,0,1,0.433754471368631,1,543,"Not_Significant",0
"ENSG00000227392.2","HPN-AS1",2,1,1,0.433754471368631,1,544,"Not_Significant",0
"ENSG00000189129.14","PLAC9",2,0,2,0.434465847691473,1,545,"Not_Significant",0
"ENSG00000205362.11","MT1A",2,0,2,0.434465847691473,1,546,"Not_Significant",0
"ENSG00000250722.6","SELENOP",2,0,2,0.437629603537508,1,547,"Not_Significant",0
"ENSG00000256193.6","LINC00507",1,0,1,0.438671814793968,1,548,"Not_Significant",0
"ENSG00000280302.1","AP005264.6",1,0,1,0.438671814793968,1,549,"Not_Significant",0
"ENSG00000203972.10","GLYATL3",1,0,1,0.438671814793968,1,550,"Not_Significant",0
"ENSG00000232177.1","MTND4P24",2,1,1,0.438671814793968,1,551,"Not_Significant",0
"ENSG00000225969.2","ABHD11-AS1",3,1,2,0.443584920956848,1,552,"Not_Significant",0
"ENSG00000215124.2","AMD1P4",1,0,1,0.443584920956848,1,553,"Not_Significant",0
"ENSG00000241158.7","ADAMTS9-AS1",2,0,2,0.443982248687226,1,554,"Not_Significant",0
"ENSG00000147576.17","ADHFE1",2,0,2,0.445575622622465,1,555,"Not_Significant",0
"ENSG00000127241.18","MASP1",3,1,2,0.447171073575806,1,556,"Not_Significant",0
"ENSG00000279835.1","AL121785.1",1,0,1,0.448493792596287,1,557,"Not_Significant",0
"ENSG00000131095.13","GFAP",1,0,1,0.448493792596287,1,558,"Not_Significant",0
"ENSG00000145192.13","AHSG",2,1,1,0.448493792596287,1,559,"Not_Significant",0
"ENSG00000215559.8","ANKRD20A11P",1,0,1,0.448493792596287,1,560,"Not_Significant",0
"ENSG00000226519.2","LINC00390",2,0,2,0.450368190479575,1,561,"Not_Significant",0
"ENSG00000267405.1","AC005180.1",2,0,2,0.451969848409144,1,562,"Not_Significant",0
"ENSG00000099834.19","CDHR5",2,0,2,0.451969848409144,1,563,"Not_Significant",0
"ENSG00000155850.8","SLC26A2",2,1,1,0.453398432450125,1,564,"Not_Significant",0
"ENSG00000286789.1","AL161645.2",1,0,1,0.453398432450125,1,565,"Not_Significant",0
"ENSG00000102010.15","BMX",2,0,2,0.455179343194753,1,566,"Not_Significant",0
"ENSG00000165478.7","HEPACAM",1,0,1,0.458298843255021,1,567,"Not_Significant",0
"ENSG00000151892.15","GFRA1",3,1,2,0.458298843255021,1,568,"Not_Significant",0
"ENSG00000236751.2","LINC01186",3,2,1,0.458298843255021,1,569,"Not_Significant",0
"ENSG00000203697.12","CAPN8",3,2,1,0.458298843255021,1,570,"Not_Significant",0
"ENSG00000148288.13","GBGT1",2,1,1,0.458298843255021,1,571,"Not_Significant",0
"ENSG00000133328.4","PLAAT2",3,1,2,0.460008972695572,1,572,"Not_Significant",0
"ENSG00000213996.13","TM6SF2",1,0,1,0.46319502774645,1,573,"Not_Significant",0
"ENSG00000128313.2","APOL5",1,0,1,0.46319502774645,1,574,"Not_Significant",0
"ENSG00000143520.6","FLG2",1,0,1,0.46319502774645,1,575,"Not_Significant",0
"ENSG00000270906.1","MTND4P35",1,0,1,0.46319502774645,1,576,"Not_Significant",0
"ENSG00000145777.15","TSLP",2,0,2,0.466477034040931,1,577,"Not_Significant",0
"ENSG00000173930.9","SLCO4C1",1,0,1,0.468086988658713,1,578,"Not_Significant",0
"ENSG00000214491.8","SEC14L6",3,1,2,0.468086988658713,1,579,"Not_Significant",0
"ENSG00000267069.1","AP005264.1",1,0,1,0.468086988658713,1,580,"Not_Significant",0
"ENSG00000270385.1","AC133539.1",1,0,1,0.468086988658713,1,581,"Not_Significant",0
"ENSG00000214381.6","LINC00488",1,0,1,0.472974728724926,1,582,"Not_Significant",0
"ENSG00000277270.2","AL160412.1",1,0,1,0.472974728724926,1,583,"Not_Significant",0
"ENSG00000101323.5","HAO1",1,0,1,0.472974728724926,1,584,"Not_Significant",0
"ENSG00000164879.7","CA3",1,0,1,0.472974728724926,1,585,"Not_Significant",0
"ENSG00000134571.11","MYBPC3",1,0,1,0.472974728724926,1,586,"Not_Significant",0
"ENSG00000065609.14","SNAP91",3,1,2,0.472977496466721,1,587,"Not_Significant",0
"ENSG00000135220.11","UGT2A3",1,0,1,0.47785825067703,1,588,"Not_Significant",0
"ENSG00000224570.1","AC097063.1",1,0,1,0.47785825067703,1,589,"Not_Significant",0
"ENSG00000001626.16","CFTR",2,1,1,0.47785825067703,1,590,"Not_Significant",0
"ENSG00000173826.15","KCNH6",2,1,1,0.47785825067703,1,591,"Not_Significant",0
"ENSG00000018625.15","ATP1A2",1,0,1,0.482737557245784,1,592,"Not_Significant",0
"ENSG00000255216.2","AP001360.1",1,0,1,0.482737557245784,1,593,"Not_Significant",0
"ENSG00000146166.17","LGSN",1,0,1,0.482737557245784,1,594,"Not_Significant",0
"ENSG00000171811.14","CFAP46",1,0,1,0.482737557245784,1,595,"Not_Significant",0
"ENSG00000152779.14","SLC16A12",2,0,2,0.484430506991021,1,596,"Not_Significant",0
"ENSG00000106633.17","GCK",2,0,2,0.484430506991021,1,597,"Not_Significant",0
"ENSG00000240602.7","AADACP1",2,0,2,0.48607460897477,1,598,"Not_Significant",0
"ENSG00000112293.15","GPLD1",2,0,2,0.48607460897477,1,599,"Not_Significant",0
"ENSG00000124003.13","MOGAT1",1,0,1,0.48761265116077,1,600,"Not_Significant",0
"ENSG00000257878.1","AC007298.2",1,0,1,0.48761265116077,1,601,"Not_Significant",0
"ENSG00000099960.13","SLC7A4",1,0,1,0.48761265116077,1,602,"Not_Significant",0
"ENSG00000120885.22","CLU",2,0,2,0.491018764592502,1,603,"Not_Significant",0
"ENSG00000180354.16","MTURN",3,1,2,0.491018764592502,1,604,"Not_Significant",0
"ENSG00000254211.6","LINC01485",1,0,1,0.492483535150389,1,605,"Not_Significant",0
"ENSG00000231487.1","AP006285.1",1,0,1,0.492483535150389,1,606,"Not_Significant",0
"ENSG00000277639.2","AC007906.2",1,0,1,0.492483535150389,1,607,"Not_Significant",0
"ENSG00000248994.2","AC124852.1",3,1,2,0.494324703719638,1,608,"Not_Significant",0
"ENSG00000106278.12","PTPRZ1",1,0,1,0.497350211941866,1,609,"Not_Significant",0
"ENSG00000119927.14","GPAM",1,0,1,0.497350211941866,1,610,"Not_Significant",0
"ENSG00000253199.2","LINC02153",1,0,1,0.497350211941866,1,611,"Not_Significant",0
"ENSG00000171533.11","MAP6",2,1,1,0.497350211941866,1,612,"Not_Significant",0
"ENSG00000250961.2","AC025470.2",1,0,1,0.502212684261247,1,613,"Not_Significant",0
"ENSG00000224318.6","CHL1-AS2",1,0,1,0.502212684261247,1,614,"Not_Significant",0
"ENSG00000243384.1","AC119424.1",1,0,1,0.502212684261247,1,615,"Not_Significant",0
"ENSG00000198768.11","APCDD1L",3,1,2,0.504289385553066,1,616,"Not_Significant",0
"ENSG00000186198.4","SLC51B",2,0,2,0.507070954833401,1,617,"Not_Significant",0
"ENSG00000217228.1","GSTA12P",1,0,1,0.507070954833401,1,618,"Not_Significant",0
"ENSG00000092054.13","MYH7",1,0,1,0.507070954833401,1,619,"Not_Significant",0
"ENSG00000211655.3","IGLV1-36",1,0,1,0.507070954833401,1,620,"Not_Significant",0
"ENSG00000248174.6","LINC02268",1,0,1,0.511925026382018,1,621,"Not_Significant",0
"ENSG00000144331.20","ZNF385B",2,0,2,0.511925026382018,1,622,"Not_Significant",0
"ENSG00000172915.18","NBEA",3,1,2,0.511925026382018,1,623,"Not_Significant",0
"ENSG00000166257.9","SCN3B",3,1,2,0.514323706891522,1,624,"Not_Significant",0
"ENSG00000006747.15","SCIN",3,1,2,0.514323706891522,1,625,"Not_Significant",0
"ENSG00000249690.1","AC110813.1",1,0,1,0.516774901629613,1,626,"Not_Significant",0
"ENSG00000187134.14","AKR1C1",1,0,1,0.516774901629613,1,627,"Not_Significant",0
"ENSG00000123454.12","DBH",1,0,1,0.516774901629613,1,628,"Not_Significant",0
"ENSG00000167183.3","PRR15L",2,1,1,0.516774901629613,1,629,"Not_Significant",0
"ENSG00000187824.9","TMEM220",2,0,2,0.51768381053593,1,630,"Not_Significant",0
"ENSG00000077943.8","ITGA8",2,0,2,0.521620583297521,1,631,"Not_Significant",0
"ENSG00000223922.1","ASS1P2",1,0,1,0.521620583297521,1,632,"Not_Significant",0
"ENSG00000182463.16","TSHZ2",2,0,2,0.524426826108329,1,633,"Not_Significant",0
"ENSG00000135424.18","ITGA7",2,0,2,0.526462074105902,1,634,"Not_Significant",0
"ENSG00000228980.4","LINC01205",1,0,1,0.526462074105902,1,635,"Not_Significant",0
"ENSG00000163071.11","SPATA18",1,0,1,0.526462074105902,1,636,"Not_Significant",0
"ENSG00000189398.5","OR7E12P",1,0,1,0.526462074105902,1,637,"Not_Significant",0
"ENSG00000265554.2","AP005271.1",2,1,1,0.53129937677374,1,638,"Not_Significant",0
"ENSG00000232451.2","AC018467.1",1,0,1,0.53129937677374,1,639,"Not_Significant",0
"ENSG00000233834.6","AC005083.1",2,1,1,0.53129937677374,1,640,"Not_Significant",0
"ENSG00000168702.18","LRP1B",1,0,1,0.53129937677374,1,641,"Not_Significant",0
"ENSG00000128311.14","TST",3,0,3,0.53275650035664,1,642,"Not_Significant",0
"ENSG00000118733.17","OLFM3",1,0,1,0.53613249401884,1,643,"Not_Significant",0
"ENSG00000106927.12","AMBP",2,1,1,0.53613249401884,1,644,"Not_Significant",0
"ENSG00000135218.19","CD36",2,0,2,0.536299634093698,1,645,"Not_Significant",0
"ENSG00000236349.1","SUCLG2P2",3,0,3,0.539575874073725,1,646,"Not_Significant",0
"ENSG00000134042.14","MRO",2,0,2,0.539708669653246,1,647,"Not_Significant",0
"ENSG00000172995.16","ARPP21",1,0,1,0.540961428557834,1,648,"Not_Significant",0
"ENSG00000231290.6","APCDD1L-DT",2,1,1,0.540961428557834,1,649,"Not_Significant",0
"ENSG00000244067.3","GSTA2",1,0,1,0.540961428557834,1,650,"Not_Significant",0
"ENSG00000108602.18","ALDH3A1",1,0,1,0.540961428557834,1,651,"Not_Significant",0
"ENSG00000187922.14","LCN10",1,0,1,0.540961428557834,1,652,"Not_Significant",0
"ENSG00000108187.16","PBLD",2,0,2,0.541415968972109,1,653,"Not_Significant",0
"ENSG00000287281.1","AC012101.2",1,0,1,0.545786183106177,1,654,"Not_Significant",0
"ENSG00000105388.16","CEACAM5",3,2,1,0.545786183106177,1,655,"Not_Significant",0
"ENSG00000112562.19","SMOC2",1,0,1,0.545786183106177,1,656,"Not_Significant",0
"ENSG00000015592.16","STMN4",1,0,1,0.550606760378149,1,657,"Not_Significant",0
"ENSG00000228639.8","ROCR",1,0,1,0.550606760378149,1,658,"Not_Significant",0
"ENSG00000213069.3","KRT8P40",1,0,1,0.550606760378149,1,659,"Not_Significant",0
"ENSG00000186462.9","NAP1L2",2,0,2,0.551698464708527,1,660,"Not_Significant",0
"ENSG00000168079.17","SCARA5",1,0,1,0.555423163086853,1,661,"Not_Significant",0
"ENSG00000132837.15","DMGDH",1,0,1,0.555423163086853,1,662,"Not_Significant",0
"ENSG00000204542.3","C6orf15",1,0,1,0.555423163086853,1,663,"Not_Significant",0
"ENSG00000152580.8","IGSF10",3,0,3,0.556864418785075,1,664,"Not_Significant",0
"ENSG00000228307.2","OR2S1P",2,0,2,0.556864418785075,1,665,"Not_Significant",0
"ENSG00000198695.2","MT-ND6",3,0,3,0.558590038193536,1,666,"Not_Significant",0
"ENSG00000179270.7","PCARE",1,0,1,0.56023539394422,1,667,"Not_Significant",0
"ENSG00000287933.1","AL357141.1",1,0,1,0.56023539394422,1,668,"Not_Significant",0
"ENSG00000158423.17","RIBC1",2,1,1,0.56023539394422,1,669,"Not_Significant",0
"ENSG00000161896.12","IP6K3",1,0,1,0.56023539394422,1,670,"Not_Significant",0
"ENSG00000265972.6","TXNIP",3,0,3,0.562046706223058,1,671,"Not_Significant",0
"ENSG00000258819.2","LINC02289",2,0,2,0.563777747234129,1,672,"Not_Significant",0
"ENSG00000204403.9","CASP12",2,0,2,0.563777747234129,1,673,"Not_Significant",0
"ENSG00000198049.7","AVPR1B",2,1,1,0.565043455661003,1,674,"Not_Significant",0
"ENSG00000259129.6","LINC00648",2,1,1,0.565043455661003,1,675,"Not_Significant",0
"ENSG00000228541.1","AC093159.1",1,0,1,0.565043455661003,1,676,"Not_Significant",0
"ENSG00000122176.12","FMOD",1,0,1,0.565043455661003,1,677,"Not_Significant",0
"ENSG00000182050.13","MGAT4C",1,0,1,0.569847350946782,1,678,"Not_Significant",0
"ENSG00000237813.4","AC002066.1",1,0,1,0.569847350946782,1,679,"Not_Significant",0
"ENSG00000108244.17","KRT23",3,2,1,0.569847350946782,1,680,"Not_Significant",0
"ENSG00000278989.1","AP001148.1",1,0,1,0.569847350946782,1,681,"Not_Significant",0
"ENSG00000188783.6","PRELP",2,0,2,0.5707198692787,1,682,"Not_Significant",0
"ENSG00000130222.11","GADD45G",2,0,2,0.574201652011499,1,683,"Not_Significant",0
"ENSG00000267122.1","AC004490.1",1,0,1,0.574647082509963,1,684,"Not_Significant",0
"ENSG00000005421.9","PON1",1,0,1,0.574647082509963,1,685,"Not_Significant",0
"ENSG00000148346.12","LCN2",3,2,1,0.574647082509963,1,686,"Not_Significant",0
"ENSG00000262118.1","MTCO1P28",1,0,1,0.574647082509963,1,687,"Not_Significant",0
"ENSG00000258818.4","RNASE4",2,0,2,0.5759452105543,1,688,"Not_Significant",0
"ENSG00000106511.6","MEOX2",2,0,2,0.579437643096408,1,689,"Not_Significant",0
"ENSG00000231367.6","LINC02613",1,0,1,0.579442653057779,1,690,"Not_Significant",0
"ENSG00000162365.12","CYP4A22",1,0,1,0.579442653057779,1,691,"Not_Significant",0
"ENSG00000189377.9","CXCL17",4,3,1,0.579442653057779,1,692,"Not_Significant",0
"ENSG00000152270.9","PDE3B",2,0,2,0.581186509546264,1,693,"Not_Significant",0
"ENSG00000174944.9","P2RY14",2,0,2,0.582937137754058,1,694,"Not_Significant",0
"ENSG00000225383.8","SFTA1P",1,0,1,0.584234065296286,1,695,"Not_Significant",0
"ENSG00000066813.14","ACSM2B",1,0,1,0.584234065296286,1,696,"Not_Significant",0
"ENSG00000143412.10","ANXA9",2,1,1,0.584234065296286,1,697,"Not_Significant",0
"ENSG00000234571.2","H2BP2",1,0,1,0.584234065296286,1,698,"Not_Significant",0
"ENSG00000060762.19","MPC1",3,0,3,0.584996462850657,1,699,"Not_Significant",0
"ENSG00000172340.15","SUCLG2",3,0,3,0.587376598823013,1,700,"Not_Significant",0
"ENSG00000115841.21","RMDN2",3,0,3,0.588568518776245,1,701,"Not_Significant",0
"ENSG00000133169.6","BEX1",1,0,1,0.589021321930368,1,702,"Not_Significant",0
"ENSG00000266573.6","AC018697.1",1,0,1,0.589021321930368,1,703,"Not_Significant",0
"ENSG00000236117.1","LINC01639",1,0,1,0.589021321930368,1,704,"Not_Significant",0
"ENSG00000065717.15","TLE2",1,0,1,0.589021321930368,1,705,"Not_Significant",0
"ENSG00000185518.12","SV2B",2,0,2,0.58995719286641,1,706,"Not_Significant",0
"ENSG00000138650.9","PCDH10",1,0,1,0.59380442566374,1,707,"Not_Significant",0
"ENSG00000079385.23","CEACAM1",2,0,2,0.59380442566374,1,708,"Not_Significant",0
"ENSG00000101280.8","ANGPT4",1,0,1,0.59380442566374,1,709,"Not_Significant",0
"ENSG00000145826.9","LECT2",1,0,1,0.59380442566374,1,710,"Not_Significant",0
"ENSG00000229544.9","NKX1-2",1,0,1,0.598583379198936,1,711,"Not_Significant",0
"ENSG00000253368.4","TRNP1",4,2,2,0.598583379198936,1,712,"Not_Significant",0
"ENSG00000009724.17","MASP2",1,0,1,0.598583379198936,1,713,"Not_Significant",0
"ENSG00000102452.18","NALCN",2,1,1,0.598583379198936,1,714,"Not_Significant",0
"ENSG00000128016.7","ZFP36",2,0,2,0.59877145014349,1,715,"Not_Significant",0
"ENSG00000111275.13","ALDH2",2,0,2,0.600539489233885,1,716,"Not_Significant",0
"ENSG00000184347.15","SLIT3",2,0,2,0.602309248809178,1,717,"Not_Significant",0
"ENSG00000164106.8","SCRG1",2,0,2,0.603358185237325,1,718,"Not_Significant",0
"ENSG00000286714.1","AC093001.2",1,0,1,0.603358185237325,1,719,"Not_Significant",0
"ENSG00000285873.1","AL445253.1",1,0,1,0.603358185237325,1,720,"Not_Significant",0
"ENSG00000139220.17","PPFIA2",1,0,1,0.603358185237325,1,721,"Not_Significant",0
"ENSG00000245293.3","CYP2U1-AS1",2,0,2,0.605853914481372,1,722,"Not_Significant",0
"ENSG00000025039.15","RRAGD",2,0,2,0.605853914481372,1,723,"Not_Significant",0
"ENSG00000184809.13","B3GALT5-AS1",1,0,1,0.608128846479098,1,724,"Not_Significant",0
"ENSG00000272411.1","AC116312.1",1,0,1,0.608128846479098,1,725,"Not_Significant",0
"ENSG00000256020.1","AC006205.2",1,0,1,0.608128846479098,1,726,"Not_Significant",0
"ENSG00000173013.6","CCDC96",1,0,1,0.608128846479098,1,727,"Not_Significant",0
"ENSG00000180210.15","F2",2,1,1,0.608128846479098,1,728,"Not_Significant",0
"ENSG00000163661.4","PTX3",3,1,2,0.611183723373565,1,729,"Not_Significant",0
"ENSG00000134324.12","LPIN1",2,0,2,0.611183723373565,1,730,"Not_Significant",0
"ENSG00000168060.16","NAALADL1",2,0,2,0.612895365623276,1,731,"Not_Significant",0
"ENSG00000229246.2","LINC00377",1,0,1,0.612895365623276,1,732,"Not_Significant",0
"ENSG00000250333.2","AC093725.2",1,0,1,0.612895365623276,1,733,"Not_Significant",0
"ENSG00000280048.1","AC012409.5",1,0,1,0.612895365623276,1,734,"Not_Significant",0
"ENSG00000101605.13","MYOM1",3,0,3,0.614745426134313,1,735,"Not_Significant",0
"ENSG00000112936.19","C7",1,0,1,0.617657745367709,1,736,"Not_Significant",0
"ENSG00000259446.6","AC055874.1",1,0,1,0.617657745367709,1,737,"Not_Significant",0
"ENSG00000280587.1","LINC01348",1,0,1,0.617657745367709,1,738,"Not_Significant",0
"ENSG00000278967.1","AL138847.2",1,0,1,0.617657745367709,1,739,"Not_Significant",0
"ENSG00000253177.2","AC104211.1",2,0,2,0.618313891685567,1,740,"Not_Significant",0
"ENSG00000144655.15","CSRNP1",2,0,2,0.620100651234535,1,741,"Not_Significant",0
"ENSG00000036672.16","USP2",2,0,2,0.622415988409074,1,742,"Not_Significant",0
"ENSG00000168874.13","ATOH8",1,0,1,0.622415988409074,1,743,"Not_Significant",0
"ENSG00000109758.9","HGFAC",1,0,1,0.622415988409074,1,744,"Not_Significant",0
"ENSG00000155428.12","TRIM74",1,0,1,0.622415988409074,1,745,"Not_Significant",0
"ENSG00000263400.8","TMEM220-AS1",2,0,2,0.62547099253589,1,746,"Not_Significant",0
"ENSG00000175899.15","A2M",3,0,3,0.626127752042271,1,747,"Not_Significant",0
"ENSG00000235140.2","AC026391.1",1,0,1,0.627170097442876,1,748,"Not_Significant",0
"ENSG00000133116.8","KL",3,0,3,0.627170097442876,1,749,"Not_Significant",0
"ENSG00000287609.1","AL589787.2",1,0,1,0.627170097442876,1,750,"Not_Significant",0
"ENSG00000261058.1","AC099508.2",1,0,1,0.627170097442876,1,751,"Not_Significant",0
"ENSG00000257017.9","HP",1,0,1,0.627170097442876,1,752,"Not_Significant",0
"ENSG00000239205.1","LINC02023",1,0,1,0.63192007516345,1,753,"Not_Significant",0
"ENSG00000225472.2","AL136366.1",1,0,1,0.63192007516345,1,754,"Not_Significant",0
"ENSG00000187048.13","CYP4A11",1,0,1,0.63192007516345,1,755,"Not_Significant",0
"ENSG00000189143.9","CLDN4",2,1,1,0.63192007516345,1,756,"Not_Significant",0
"ENSG00000151948.12","GLT1D1",1,0,1,0.63666592426396,1,757,"Not_Significant",0
"ENSG00000149260.18","CAPN5",1,0,1,0.63666592426396,1,758,"Not_Significant",0
"ENSG00000169181.13","GSG1L",1,0,1,0.641407647436398,1,759,"Not_Significant",0
"ENSG00000258545.6","RHOXF1-AS1",1,0,1,0.641407647436398,1,760,"Not_Significant",0
"ENSG00000188338.15","SLC38A3",1,0,1,0.641407647436398,1,761,"Not_Significant",0
"ENSG00000225028.1","AC096541.1",1,0,1,0.641407647436398,1,762,"Not_Significant",0
"ENSG00000255350.1","MTCO1P15",1,0,1,0.641407647436398,1,763,"Not_Significant",0
"ENSG00000198624.13","CCDC69",3,0,3,0.643480022614062,1,764,"Not_Significant",0
"ENSG00000118804.8","STBD1",3,0,3,0.645972382494677,1,765,"Not_Significant",0
"ENSG00000132915.11","PDE6A",1,0,1,0.646145247371588,1,766,"Not_Significant",0
"ENSG00000224916.9","APOC4-APOC2",1,0,1,0.646145247371588,1,767,"Not_Significant",0
"ENSG00000230825.2","AC005532.1",1,0,1,0.646145247371588,1,768,"Not_Significant",0
"ENSG00000205929.11","C21orf62",1,0,1,0.646145247371588,1,769,"Not_Significant",0
"ENSG00000007306.15","CEACAM7",3,2,1,0.650878726759181,1,770,"Not_Significant",0
"ENSG00000225194.3","LINC00092",2,0,2,0.650878726759181,1,771,"Not_Significant",0
"ENSG00000263155.6","MYZAP",2,0,2,0.650878726759181,1,772,"Not_Significant",0
"ENSG00000138207.14","RBP4",1,0,1,0.650878726759181,1,773,"Not_Significant",0
"ENSG00000156298.13","TSPAN7",2,0,2,0.654363997455688,1,774,"Not_Significant",0
"ENSG00000280429.1","AF001548.3",1,0,1,0.65560808828766,1,775,"Not_Significant",0
"ENSG00000228291.1","ARL4AP3",1,0,1,0.65560808828766,1,776,"Not_Significant",0
"ENSG00000115255.12","REEP6",3,1,2,0.65560808828766,1,777,"Not_Significant",0
"ENSG00000267461.1","AC079210.1",1,0,1,0.65560808828766,1,778,"Not_Significant",0
"ENSG00000009694.13","TENM1",2,0,2,0.658004906158309,1,779,"Not_Significant",0
"ENSG00000158125.10","XDH",2,0,2,0.659827766054643,1,780,"Not_Significant",0
"ENSG00000166920.13","C15orf48",4,2,2,0.660333334644337,1,781,"Not_Significant",0
"ENSG00000009950.16","MLXIPL",3,1,2,0.660333334644337,1,782,"Not_Significant",0
"ENSG00000198610.11","AKR1C4",2,1,1,0.660333334644337,1,783,"Not_Significant",0
"ENSG00000197599.12","CCDC154",3,2,1,0.660333334644337,1,784,"Not_Significant",0
"ENSG00000232175.1","AL122003.1",1,0,1,0.665054468515357,1,785,"Not_Significant",0
"ENSG00000143125.6","PROK1",1,0,1,0.665054468515357,1,786,"Not_Significant",0
"ENSG00000250436.1","LINC02499",1,0,1,0.665054468515357,1,787,"Not_Significant",0
"ENSG00000188277.10","C15orf62",1,0,1,0.665054468515357,1,788,"Not_Significant",0
"ENSG00000232821.1","AC003986.2",1,0,1,0.669771492585693,1,789,"Not_Significant",0
"ENSG00000277526.5","AC245123.1",1,0,1,0.669771492585693,1,790,"Not_Significant",0
"ENSG00000124107.5","SLPI",1,0,1,0.669771492585693,1,791,"Not_Significant",0
"ENSG00000165462.5","PHOX2A",1,0,1,0.674484409539151,1,792,"Not_Significant",0
"ENSG00000167614.14","TTYH1",2,1,1,0.674484409539151,1,793,"Not_Significant",0
"ENSG00000151726.15","ACSL1",1,0,1,0.674484409539151,1,794,"Not_Significant",0
"ENSG00000141854.9","MISP3",2,1,1,0.674484409539151,1,795,"Not_Significant",0
"ENSG00000185149.6","NPY2R",1,0,1,0.679193222058366,1,796,"Not_Significant",0
"ENSG00000287666.1","AP000821.2",1,0,1,0.679193222058366,1,797,"Not_Significant",0
"ENSG00000139344.8","AMDHD1",1,0,1,0.679193222058366,1,798,"Not_Significant",0
"ENSG00000183742.13","MACC1",3,2,1,0.679193222058366,1,799,"Not_Significant",0
"ENSG00000226237.2","GAS1RR",2,0,2,0.679983950364751,1,800,"Not_Significant",0
"ENSG00000188828.12","GLRA4",2,0,2,0.679983950364751,1,801,"Not_Significant",0
"ENSG00000159921.19","GNE",2,0,2,0.679983950364751,1,802,"Not_Significant",0
"ENSG00000072163.20","LIMS2",2,0,2,0.68366911929297,1,803,"Not_Significant",0
"ENSG00000162461.8","SLC25A34",1,0,1,0.683897932824808,1,804,"Not_Significant",0
"ENSG00000255960.1","AC092851.1",1,0,1,0.683897932824808,1,805,"Not_Significant",0
"ENSG00000279976.1","AC073862.4",1,0,1,0.683897932824808,1,806,"Not_Significant",0
"ENSG00000157152.17","SYN2",2,0,2,0.687360495493495,1,807,"Not_Significant",0
"ENSG00000234076.1","TPRG1-AS1",2,0,2,0.687360495493495,1,808,"Not_Significant",0
"ENSG00000165795.23","NDRG2",3,0,3,0.687877959949637,1,809,"Not_Significant",0
"ENSG00000120057.5","SFRP5",2,1,1,0.688598544518777,1,810,"Not_Significant",0
"ENSG00000250266.2","LINC01612",1,0,1,0.688598544518777,1,811,"Not_Significant",0
"ENSG00000091137.14","SLC26A4",2,0,2,0.688598544518777,1,812,"Not_Significant",0
"ENSG00000271992.1","AL354872.1",1,0,1,0.688598544518777,1,813,"Not_Significant",0
"ENSG00000139055.7","ERP27",4,3,1,0.688598544518777,1,814,"Not_Significant",0
"ENSG00000272482.1","AC254633.1",2,0,2,0.692909135526035,1,815,"Not_Significant",0
"ENSG00000277586.4","NEFL",2,1,1,0.693295059819404,1,816,"Not_Significant",0
"ENSG00000235310.1","GXYLT1P6",1,0,1,0.693295059819404,1,817,"Not_Significant",0
"ENSG00000137501.17","SYTL2",2,1,1,0.693295059819404,1,818,"Not_Significant",0
"ENSG00000173597.9","SULT1B1",2,0,2,0.696615904177369,1,819,"Not_Significant",0
"ENSG00000111732.11","AICDA",2,1,1,0.697987481404655,1,820,"Not_Significant",0
"ENSG00000248869.7","LINC02511",1,0,1,0.697987481404655,1,821,"Not_Significant",0
"ENSG00000288669.1","AC008763.4",1,0,1,0.697987481404655,1,822,"Not_Significant",0
"ENSG00000231777.1","MTND4P21",1,0,1,0.697987481404655,1,823,"Not_Significant",0
"ENSG00000173320.12","STOX2",2,0,2,0.700328779641291,1,824,"Not_Significant",0
"ENSG00000136842.14","TMOD1",2,0,2,0.702187498489769,1,825,"Not_Significant",0
"ENSG00000255650.6","FAM222A-AS1",3,1,2,0.702187498489769,1,826,"Not_Significant",0
"ENSG00000078549.15","ADCYAP1R1",1,0,1,0.702675811951326,1,827,"Not_Significant",0
"ENSG00000185818.8","NAT8L",2,0,2,0.702675811951326,1,828,"Not_Significant",0
"ENSG00000229312.2","AL353693.1",2,1,1,0.702675811951326,1,829,"Not_Significant",0
"ENSG00000196352.16","CD55",3,2,1,0.702675811951326,1,830,"Not_Significant",0
"ENSG00000184254.17","ALDH1A3",2,0,2,0.705909480569191,1,831,"Not_Significant",0
"ENSG00000092009.10","CMA1",1,0,1,0.707360054135048,1,832,"Not_Significant",0
"ENSG00000228695.10","CES1P1",1,0,1,0.707360054135048,1,833,"Not_Significant",0
"ENSG00000253525.1","CPP",1,0,1,0.707360054135048,1,834,"Not_Significant",0
"ENSG00000159212.13","CLIC6",2,1,1,0.707360054135048,1,835,"Not_Significant",0
"ENSG00000176563.10","CNTD1",2,1,1,0.707360054135048,1,836,"Not_Significant",0
"ENSG00000122733.12","PHF24",3,1,2,0.709637498058908,1,837,"Not_Significant",0
"ENSG00000165457.14","FOLR2",2,0,2,0.711503761181316,1,838,"Not_Significant",0
"ENSG00000036828.17","CASR",2,1,1,0.712040210630283,1,839,"Not_Significant",0
"ENSG00000189367.15","KIAA0408",1,0,1,0.712040210630283,1,840,"Not_Significant",0
"ENSG00000100652.5","SLC10A1",1,0,1,0.712040210630283,1,841,"Not_Significant",0
"ENSG00000189283.10","FHIT",1,0,1,0.712040210630283,1,842,"Not_Significant",0
"ENSG00000251008.1","ORAOV1P1",1,0,1,0.712040210630283,1,843,"Not_Significant",0
"ENSG00000198732.11","SMOC1",2,0,2,0.713371522480621,1,844,"Not_Significant",0
"ENSG00000162733.19","DDR2",2,0,2,0.715240778404404,1,845,"Not_Significant",0
"ENSG00000182253.15","SYNM",1,0,1,0.716716284110328,1,846,"Not_Significant",0
"ENSG00000257817.2","AC026765.3",1,0,1,0.716716284110328,1,847,"Not_Significant",0
"ENSG00000178821.13","TMEM52",2,0,2,0.716716284110328,1,848,"Not_Significant",0
"ENSG00000249867.6","LINC02742",1,0,1,0.716716284110328,1,849,"Not_Significant",0
"ENSG00000213088.12","ACKR1",3,1,2,0.717111525403191,1,850,"Not_Significant",0
"ENSG00000271615.1","ACTG1P22",2,1,1,0.721388277247314,1,851,"Not_Significant",0
"ENSG00000143257.12","NR1I3",2,0,2,0.721388277247314,1,852,"Not_Significant",0
"ENSG00000123838.11","C4BPA",1,0,1,0.721388277247314,1,853,"Not_Significant",0
"ENSG00000138771.16","SHROOM3",2,1,1,0.721388277247314,1,854,"Not_Significant",0
"ENSG00000244968.7","LIFR-AS1",1,0,1,0.721388277247314,1,855,"Not_Significant",0
"ENSG00000198786.2","MT-ND5",2,0,2,0.724609353261962,1,856,"Not_Significant",0
"ENSG00000279756.1","AC012317.2",1,0,1,0.726056192712205,1,857,"Not_Significant",0
"ENSG00000117009.12","KMO",3,2,1,0.726056192712205,1,858,"Not_Significant",0
"ENSG00000172478.18","MAB21L4",2,1,1,0.726056192712205,1,859,"Not_Significant",0
"ENSG00000170482.17","SLC23A1",2,1,1,0.730720033174799,1,860,"Not_Significant",0
"ENSG00000158516.12","CPA2",1,0,1,0.730720033174799,1,861,"Not_Significant",0
"ENSG00000251637.6","LINC02754",1,0,1,0.730720033174799,1,862,"Not_Significant",0
"ENSG00000112699.11","GMDS",1,0,1,0.730720033174799,1,863,"Not_Significant",0
"ENSG00000144891.18","AGTR1",1,0,1,0.730720033174799,1,864,"Not_Significant",0
"ENSG00000164107.9","HAND2",1,0,1,0.735379801303729,1,865,"Not_Significant",0
"ENSG00000261978.1","AC116025.1",1,0,1,0.735379801303729,1,866,"Not_Significant",0
"ENSG00000070193.5","FGF10",1,0,1,0.735379801303729,1,867,"Not_Significant",0
"ENSG00000248923.1","MTND5P11",1,0,1,0.735379801303729,1,868,"Not_Significant",0
"ENSG00000168913.7","ENHO",2,0,2,0.735900225736253,1,869,"Not_Significant",0
"ENSG00000111339.12","ART4",2,0,2,0.73778714113627,1,870,"Not_Significant",0
"ENSG00000129244.9","ATP1B2",3,0,3,0.73907385108479,1,871,"Not_Significant",0
"ENSG00000080493.18","SLC4A4",1,0,1,0.740035499766461,1,872,"Not_Significant",0
"ENSG00000087494.16","PTHLH",4,3,1,0.740035499766461,1,873,"Not_Significant",0
"ENSG00000284743.1","AL139254.3",1,0,1,0.740035499766461,1,874,"Not_Significant",0
"ENSG00000225526.5","MKRN2OS",2,1,1,0.740035499766461,1,875,"Not_Significant",0
"ENSG00000159409.15","CELF3",1,0,1,0.740035499766461,1,876,"Not_Significant",0
"ENSG00000104044.16","OCA2",2,1,1,0.744687131229299,1,877,"Not_Significant",0
"ENSG00000111181.12","SLC6A12",2,1,1,0.744687131229299,1,878,"Not_Significant",0
"ENSG00000210144.1","MT-TY",3,1,2,0.744687131229299,1,879,"Not_Significant",0
"ENSG00000215045.8","GRID2IP",2,1,1,0.744687131229299,1,880,"Not_Significant",0
"ENSG00000030304.14","MUSK",1,0,1,0.749334698357379,1,881,"Not_Significant",0
"ENSG00000153303.17","FRMD1",2,0,2,0.749334698357379,1,882,"Not_Significant",0
"ENSG00000246375.3","PPM1K-DT",1,0,1,0.749334698357379,1,883,"Not_Significant",0
"ENSG00000179314.14","WSCD1",2,0,2,0.751035916410035,1,884,"Not_Significant",0
"ENSG00000116741.8","RGS2",2,0,2,0.752934323344139,1,885,"Not_Significant",0
"ENSG00000269404.7","SPIB",2,1,1,0.753978203814675,1,886,"Not_Significant",0
"ENSG00000172318.5","B3GALT1",2,1,1,0.753978203814675,1,887,"Not_Significant",0
"ENSG00000203900.2","AL121827.1",1,0,1,0.753978203814675,1,888,"Not_Significant",0
"ENSG00000186352.9","ANKRD37",1,0,1,0.753978203814675,1,889,"Not_Significant",0
"ENSG00000270350.1","MTND4LP5",1,0,1,0.753978203814675,1,890,"Not_Significant",0
"ENSG00000120756.13","PLS1",3,1,2,0.758617650263995,1,891,"Not_Significant",0
"ENSG00000224958.6","PGM5-AS1",1,0,1,0.758617650263995,1,892,"Not_Significant",0
"ENSG00000007001.13","UPP2",1,0,1,0.758617650263995,1,893,"Not_Significant",0
"ENSG00000169302.16","STK32A",2,1,1,0.758617650263995,1,894,"Not_Significant",0
"ENSG00000156395.13","SORCS3",2,1,1,0.763253040366984,1,895,"Not_Significant",0
"ENSG00000179921.15","GPBAR1",1,0,1,0.763253040366984,1,896,"Not_Significant",0
"ENSG00000255203.1","OR7E2P",1,0,1,0.763253040366984,1,897,"Not_Significant",0
"ENSG00000271474.1","AC106881.1",2,0,2,0.764354477729538,1,898,"Not_Significant",0
"ENSG00000186912.6","P2RY4",1,0,1,0.767884376784121,1,899,"Not_Significant",0
"ENSG00000286214.1","AUXG01000058.1",1,0,1,0.767884376784121,1,900,"Not_Significant",0
"ENSG00000233445.1","RPL17P11",1,0,1,0.767884376784121,1,901,"Not_Significant",0
"ENSG00000156049.7","GNA14",2,0,2,0.767884376784121,1,902,"Not_Significant",0
"ENSG00000166432.15","ZMAT1",1,0,1,0.767884376784121,1,903,"Not_Significant",0
"ENSG00000175198.17","PCCA",3,0,3,0.771463794722165,1,904,"Not_Significant",0
"ENSG00000286039.1","AC093849.2",2,0,2,0.771995956793396,1,905,"Not_Significant",0
"ENSG00000108242.13","CYP2C18",2,0,2,0.771995956793396,1,906,"Not_Significant",0
"ENSG00000134532.19","SOX5",2,0,2,0.771995956793396,1,907,"Not_Significant",0
"ENSG00000147256.12","ARHGAP36",1,0,1,0.772511662174725,1,908,"Not_Significant",0
"ENSG00000102290.22","PCDH11X",1,0,1,0.772511662174725,1,909,"Not_Significant",0
"ENSG00000228445.1","UGT1A2P",1,0,1,0.772511662174725,1,910,"Not_Significant",0
"ENSG00000144460.12","NYAP2",1,0,1,0.772511662174725,1,911,"Not_Significant",0
"ENSG00000162482.5","AKR7A3",2,1,1,0.772511662174725,1,912,"Not_Significant",0
"ENSG00000042445.14","RETSAT",3,0,3,0.772827829071113,1,913,"Not_Significant",0
"ENSG00000145362.20","ANK2",2,0,2,0.773909800105555,1,914,"Not_Significant",0
"ENSG00000130055.14","GDPD2",1,0,1,0.777134899196949,1,915,"Not_Significant",0
"ENSG00000157064.11","NMNAT2",3,2,1,0.777134899196949,1,916,"Not_Significant",0
"ENSG00000233569.2","AL161630.1",1,0,1,0.777134899196949,1,917,"Not_Significant",0
"ENSG00000128606.13","LRRC17",2,1,1,0.777134899196949,1,918,"Not_Significant",0
"ENSG00000225914.3","TSBP1-AS1",2,0,2,0.777741630764438,1,919,"Not_Significant",0
"ENSG00000147262.4","GPR119",1,0,1,0.781754090507783,1,920,"Not_Significant",0
"ENSG00000166091.21","CMTM5",1,0,1,0.781754090507783,1,921,"Not_Significant",0
"ENSG00000179577.3","AP003471.1",1,0,1,0.781754090507783,1,922,"Not_Significant",0
"ENSG00000244734.4","HBB",2,0,2,0.781754090507783,1,923,"Not_Significant",0
"ENSG00000262188.2","LINC01978",3,2,1,0.781754090507783,1,924,"Not_Significant",0
"ENSG00000168356.13","SCN11A",2,0,2,0.783499685046557,1,925,"Not_Significant",0
"ENSG00000146352.13","CLVS2",1,0,1,0.786369238763056,1,926,"Not_Significant",0
"ENSG00000137561.5","TTPA",1,0,1,0.786369238763056,1,927,"Not_Significant",0
"ENSG00000171476.22","HOPX",2,1,1,0.786369238763056,1,928,"Not_Significant",0
"ENSG00000268043.7","NBPF12",1,0,1,0.786369238763056,1,929,"Not_Significant",0
"ENSG00000224585.1","AC103563.1",1,0,1,0.790980346617433,1,930,"Not_Significant",0
"ENSG00000235142.10","LINC02532",2,0,2,0.790980346617433,1,931,"Not_Significant",0
"ENSG00000166840.13","GLYATL1",2,1,1,0.790980346617433,1,932,"Not_Significant",0
"ENSG00000234478.1","ACBD3-AS1",1,0,1,0.790980346617433,1,933,"Not_Significant",0
"ENSG00000085741.13","WNT11",2,1,1,0.795587416724416,1,934,"Not_Significant",0
"ENSG00000213512.3","GBP7",1,0,1,0.795587416724416,1,935,"Not_Significant",0
"ENSG00000253671.3","AC027117.1",1,0,1,0.795587416724416,1,936,"Not_Significant",0
"ENSG00000077157.22","PPP1R12B",2,0,2,0.796982768335121,1,937,"Not_Significant",0
"ENSG00000077080.10","ACTL6B",1,0,1,0.800190451736349,1,938,"Not_Significant",0
"ENSG00000178828.7","RNF186",1,0,1,0.800190451736349,1,939,"Not_Significant",0
"ENSG00000072080.11","SPP2",1,0,1,0.800190451736349,1,940,"Not_Significant",0
"ENSG00000227959.1","AL451042.2",1,0,1,0.800190451736349,1,941,"Not_Significant",0
"ENSG00000232352.1","SEMA3B-AS1",1,0,1,0.800190451736349,1,942,"Not_Significant",0
"ENSG00000187097.13","ENTPD5",2,0,2,0.800847200241064,1,943,"Not_Significant",0
"ENSG00000135406.14","PRPH",1,0,1,0.804789454304408,1,944,"Not_Significant",0
"ENSG00000152642.11","GPD1L",3,1,2,0.804789454304408,1,945,"Not_Significant",0
"ENSG00000165682.14","CLEC1B",1,0,1,0.804789454304408,1,946,"Not_Significant",0
"ENSG00000109738.11","GLRB",2,1,1,0.804789454304408,1,947,"Not_Significant",0
"ENSG00000136160.17","EDNRB",3,0,3,0.805908138590835,1,948,"Not_Significant",0
"ENSG00000125675.18","GRIA3",3,1,2,0.806653847425878,1,949,"Not_Significant",0
"ENSG00000146122.17","DAAM2",2,0,2,0.806653847425878,1,950,"Not_Significant",0
"ENSG00000266256.3","LINC00683",2,0,2,0.808592049322767,1,951,"Not_Significant",0
"ENSG00000103569.10","AQP9",3,2,1,0.809384427078612,1,952,"Not_Significant",0
"ENSG00000173432.12","SAA1",1,0,1,0.809384427078612,1,953,"Not_Significant",0
"ENSG00000185739.13","SRL",1,0,1,0.809384427078612,1,954,"Not_Significant",0
"ENSG00000134962.7","KLB",2,0,2,0.812472411926798,1,955,"Not_Significant",0
"ENSG00000250538.6","AC104407.1",1,0,1,0.813975372707818,1,956,"Not_Significant",0
"ENSG00000170509.12","HSD17B13",1,0,1,0.813975372707818,1,957,"Not_Significant",0
"ENSG00000169738.8","DCXR",1,0,1,0.813975372707818,1,958,"Not_Significant",0
"ENSG00000159387.8","IRX6",1,0,1,0.813975372707818,1,959,"Not_Significant",0
"ENSG00000171303.7","KCNK3",2,0,2,0.816358030269007,1,960,"Not_Significant",0
"ENSG00000286024.1","AC026803.3",2,1,1,0.818562293839721,1,961,"Not_Significant",0
"ENSG00000189056.14","RELN",2,0,2,0.822196252869469,1,962,"Not_Significant",0
"ENSG00000171403.10","KRT9",1,0,1,0.823145193120856,1,963,"Not_Significant",0
"ENSG00000253196.1","AC083841.1",1,0,1,0.823145193120856,1,964,"Not_Significant",0
"ENSG00000104237.11","RP1",2,1,1,0.823145193120856,1,965,"Not_Significant",0
"ENSG00000153956.16","CACNA2D1",2,0,2,0.824144925533829,1,966,"Not_Significant",0
"ENSG00000170382.12","LRRN2",2,1,1,0.827724073196597,1,967,"Not_Significant",0
"ENSG00000160870.15","CYP3A7",1,0,1,0.827724073196597,1,968,"Not_Significant",0
"ENSG00000114805.18","PLCH1",2,1,1,0.827724073196597,1,969,"Not_Significant",0
"ENSG00000242282.6","AC108488.1",1,0,1,0.827724073196597,1,970,"Not_Significant",0
"ENSG00000065325.13","GLP2R",1,0,1,0.832298936711158,1,971,"Not_Significant",0
"ENSG00000164638.10","SLC29A4",1,0,1,0.832298936711158,1,972,"Not_Significant",0
"ENSG00000164344.16","KLKB1",1,0,1,0.832298936711158,1,973,"Not_Significant",0
"ENSG00000187486.5","KCNJ11",3,2,1,0.832298936711158,1,974,"Not_Significant",0
"ENSG00000106034.18","CPED1",2,0,2,0.835864008717428,1,975,"Not_Significant",0
"ENSG00000152954.12","NRSN1",2,1,1,0.836869786307593,1,976,"Not_Significant",0
"ENSG00000003989.18","SLC7A2",1,0,1,0.836869786307593,1,977,"Not_Significant",0
"ENSG00000058404.20","CAMK2B",2,0,2,0.837821665631419,1,978,"Not_Significant",0
"ENSG00000006210.7","CX3CL1",1,0,1,0.841436624627796,1,979,"Not_Significant",0
"ENSG00000163032.12","VSNL1",2,1,1,0.841436624627796,1,980,"Not_Significant",0
"ENSG00000166979.13","EVA1C",2,1,1,0.841436624627796,1,981,"Not_Significant",0
"ENSG00000138741.11","TRPC3",2,1,1,0.841436624627796,1,982,"Not_Significant",0
"ENSG00000196263.8","ZNF471",2,0,2,0.841740786065836,1,983,"Not_Significant",0
"ENSG00000163293.12","NIPAL1",3,0,3,0.842481395235723,1,984,"Not_Significant",0
"ENSG00000133027.18","PEMT",2,0,2,0.843702242868749,1,985,"Not_Significant",0
"ENSG00000224968.2","LINC01645",1,0,1,0.845999454312501,1,986,"Not_Significant",0
"ENSG00000178403.4","NEUROG2",2,1,1,0.845999454312501,1,987,"Not_Significant",0
"ENSG00000143627.19","PKLR",1,0,1,0.845999454312501,1,988,"Not_Significant",0
"ENSG00000238198.2","LRIG2-DT",2,0,2,0.849594159375645,1,989,"Not_Significant",0
"ENSG00000279036.1","AC015656.1",1,0,1,0.850558278001285,1,990,"Not_Significant",0
"ENSG00000164742.16","ADCY1",3,1,2,0.850558278001285,1,991,"Not_Significant",0
"ENSG00000172738.12","TMEM217",1,0,1,0.850558278001285,1,992,"Not_Significant",0
"ENSG00000183476.12","SH2D7",1,0,1,0.855113098332564,1,993,"Not_Significant",0
"ENSG00000186715.11","MST1L",2,0,2,0.855113098332564,1,994,"Not_Significant",0
"ENSG00000142494.13","SLC47A1",2,0,2,0.855113098332564,1,995,"Not_Significant",0
"ENSG00000186205.13","MTARC1",1,0,1,0.855113098332564,1,996,"Not_Significant",0
"ENSG00000242550.6","SERPINB10",1,0,1,0.855113098332564,1,997,"Not_Significant",0
"ENSG00000203808.12","BVES-AS1",1,0,1,0.859663917943595,1,998,"Not_Significant",0
"ENSG00000248050.1","AC079061.1",1,0,1,0.859663917943595,1,999,"Not_Significant",0
"ENSG00000102362.15","SYTL4",1,0,1,0.859663917943595,1,1000,"Not_Significant",0
"ENSG00000226629.1","LINC00974",1,0,1,0.864210739470478,1,1001,"Not_Significant",0
"ENSG00000148053.17","NTRK2",1,0,1,0.864210739470478,1,1002,"Not_Significant",0
"ENSG00000237701.1","ATP5PFP1",1,0,1,0.864210739470478,1,1003,"Not_Significant",0
"ENSG00000196353.11","CPNE4",2,0,2,0.86733704153091,1,1004,"Not_Significant",0
"ENSG00000274286.2","ADRA2B",2,0,2,0.86733704153091,1,1005,"Not_Significant",0
"ENSG00000260877.2","AP005233.2",3,2,1,0.868753565548154,1,1006,"Not_Significant",0
"ENSG00000007933.13","FMO3",1,0,1,0.868753565548154,1,1007,"Not_Significant",0
"ENSG00000134463.15","ECHDC3",2,0,2,0.868753565548154,1,1008,"Not_Significant",0
"ENSG00000130653.16","PNPLA7",2,0,2,0.868753565548154,1,1009,"Not_Significant",0
"ENSG00000183454.18","GRIN2A",3,1,2,0.873292398810406,1,1010,"Not_Significant",0
"ENSG00000179428.2","IL6-AS1",1,0,1,0.873292398810406,1,1011,"Not_Significant",0
"ENSG00000109193.12","SULT1E1",1,0,1,0.873292398810406,1,1012,"Not_Significant",0
"ENSG00000172927.8","MYEOV",3,2,1,0.873292398810406,1,1013,"Not_Significant",0
"ENSG00000055163.20","CYFIP2",2,1,1,0.873292398810406,1,1014,"Not_Significant",0
"ENSG00000167779.9","IGFBP6",3,1,2,0.875254628190243,1,1015,"Not_Significant",0
"ENSG00000149295.14","DRD2",2,1,1,0.87782724188986,1,1016,"Not_Significant",0
"ENSG00000021852.13","C8B",1,0,1,0.87782724188986,1,1017,"Not_Significant",0
"ENSG00000281386.1","AP003500.1",1,0,1,0.87782724188986,1,1018,"Not_Significant",0
"ENSG00000210127.1","MT-TA",1,0,1,0.87782724188986,1,1019,"Not_Significant",0
"ENSG00000187140.6","FOXD3",1,0,1,0.882358097417983,1,1020,"Not_Significant",0
"ENSG00000227260.2","LINC01985",1,0,1,0.882358097417983,1,1021,"Not_Significant",0
"ENSG00000187545.5","PRAMEF10",1,0,1,0.882358097417983,1,1022,"Not_Significant",0
"ENSG00000135917.16","SLC19A3",1,0,1,0.882358097417983,1,1023,"Not_Significant",0
"ENSG00000131018.24","SYNE1",1,0,1,0.882358097417983,1,1024,"Not_Significant",0
"ENSG00000176293.20","ZNF135",2,0,2,0.883191521088603,1,1025,"Not_Significant",0
"ENSG00000204136.11","GGTA1",2,0,2,0.885178736136505,1,1026,"Not_Significant",0
"ENSG00000234638.1","AC053503.3",1,0,1,0.886884968025087,1,1027,"Not_Significant",0
"ENSG00000144031.12","ANKRD53",2,0,2,0.886884968025087,1,1028,"Not_Significant",0
"ENSG00000100024.15","UPB1",1,0,1,0.886884968025087,1,1029,"Not_Significant",0
"ENSG00000080224.17","EPHA6",2,1,1,0.886884968025087,1,1030,"Not_Significant",0
"ENSG00000176974.20","SHMT1",2,0,2,0.889156733350524,1,1031,"Not_Significant",0
"ENSG00000164176.13","EDIL3",3,1,2,0.891147508936702,1,1032,"Not_Significant",0
"ENSG00000139910.20","NOVA1",2,1,1,0.891407856340324,1,1033,"Not_Significant",0
"ENSG00000249198.1","AC106822.1",1,0,1,0.891407856340324,1,1034,"Not_Significant",0
"ENSG00000254343.2","AC091563.1",1,0,1,0.891407856340324,1,1035,"Not_Significant",0
"ENSG00000152932.8","RAB3C",2,0,2,0.895132597638948,1,1036,"Not_Significant",0
"ENSG00000136011.15","STAB2",2,0,2,0.895132597638948,1,1037,"Not_Significant",0
"ENSG00000231758.3","ARHGAP15-AS1",1,0,1,0.895926764991693,1,1038,"Not_Significant",0
"ENSG00000160339.16","FCN2",1,0,1,0.895926764991693,1,1039,"Not_Significant",0
"ENSG00000130005.13","GAMT",1,0,1,0.895926764991693,1,1040,"Not_Significant",0
"ENSG00000156113.24","KCNMA1",1,0,1,0.895926764991693,1,1041,"Not_Significant",0
"ENSG00000166856.3","GPR182",2,0,2,0.899122381176381,1,1042,"Not_Significant",0
"ENSG00000287115.1","AC009951.6",1,0,1,0.900441696606034,1,1043,"Not_Significant",0
"ENSG00000286790.1","AC010494.1",1,0,1,0.900441696606034,1,1044,"Not_Significant",0
"ENSG00000283633.1","AP000547.3",1,0,1,0.900441696606034,1,1045,"Not_Significant",0
"ENSG00000226149.6","AL356124.1",1,0,1,0.900441696606034,1,1046,"Not_Significant",0
"ENSG00000229274.2","LINC02829",1,0,1,0.904952653809032,1,1047,"Not_Significant",0
"ENSG00000165841.11","CYP2C19",1,0,1,0.904952653809032,1,1048,"Not_Significant",0
"ENSG00000143153.13","ATP1B1",1,0,1,0.904952653809032,1,1049,"Not_Significant",0
"ENSG00000076864.19","RAP1GAP",2,1,1,0.904952653809032,1,1050,"Not_Significant",0
"ENSG00000198099.9","ADH4",1,0,1,0.909459639225214,1,1051,"Not_Significant",0
"ENSG00000182195.9","LDOC1",2,1,1,0.909459639225214,1,1052,"Not_Significant",0
"ENSG00000185010.15","F8",3,0,3,0.913443374823312,1,1053,"Not_Significant",0
"ENSG00000124743.6","KLHL31",2,1,1,0.913962655477955,1,1054,"Not_Significant",0
"ENSG00000157103.12","SLC6A1",2,1,1,0.913962655477955,1,1055,"Not_Significant",0
"ENSG00000163704.12","PRRT3",2,1,1,0.913962655477955,1,1056,"Not_Significant",0
"ENSG00000234102.1","KRT19P4",1,0,1,0.913962655477955,1,1057,"Not_Significant",0
"ENSG00000240225.10","ZNF542P",3,0,3,0.914918770335101,1,1058,"Not_Significant",0
"ENSG00000132840.10","BHMT2",1,0,1,0.918461705189471,1,1059,"Not_Significant",0
"ENSG00000182508.14","LHFPL1",1,0,1,0.918461705189471,1,1060,"Not_Significant",0
"ENSG00000188171.16","ZNF626",2,1,1,0.918461705189471,1,1061,"Not_Significant",0
"ENSG00000134343.14","ANO3",1,0,1,0.922956790980825,1,1062,"Not_Significant",0
"ENSG00000272732.1","AC004982.1",1,0,1,0.922956790980825,1,1063,"Not_Significant",0
"ENSG00000147883.12","CDKN2B",1,0,1,0.927447915471925,1,1064,"Not_Significant",0
"ENSG00000156284.6","CLDN8",1,0,1,0.927447915471925,1,1065,"Not_Significant",0
"ENSG00000113790.11","EHHADH",1,0,1,0.927447915471925,1,1066,"Not_Significant",0
"ENSG00000125246.15","CLYBL",1,0,1,0.927447915471925,1,1067,"Not_Significant",0
"ENSG00000121691.7","CAT",3,0,3,0.929192767908491,1,1068,"Not_Significant",0
"ENSG00000124749.17","COL21A1",2,0,2,0.931206528418747,1,1069,"Not_Significant",0
"ENSG00000286449.1","AC016590.4",1,0,1,0.931935081281523,1,1070,"Not_Significant",0
"ENSG00000256508.2","MRGPRF-AS1",1,0,1,0.931935081281523,1,1071,"Not_Significant",0
"ENSG00000178467.18","P4HTM",1,0,1,0.931935081281523,1,1072,"Not_Significant",0
"ENSG00000225901.1","MTND2P9",1,0,1,0.931935081281523,1,1073,"Not_Significant",0
"ENSG00000100146.18","SOX10",1,0,1,0.936418291027217,1,1074,"Not_Significant",0
"ENSG00000185053.14","SGCZ",1,0,1,0.936418291027217,1,1075,"Not_Significant",0
"ENSG00000110243.12","APOA5",1,0,1,0.936418291027217,1,1076,"Not_Significant",0
"ENSG00000086544.3","ITPKC",1,0,1,0.936418291027217,1,1077,"Not_Significant",0
"ENSG00000234492.4","RPL34-DT",1,0,1,0.936418291027217,1,1078,"Not_Significant",0
"ENSG00000205726.15","ITSN1",3,0,3,0.937178084139917,1,1079,"Not_Significant",0
"ENSG00000245812.3","LINC02202",2,0,2,0.939272689760392,1,1080,"Not_Significant",0
"ENSG00000184557.4","SOCS3",2,0,2,0.939272689760392,1,1081,"Not_Significant",0
"ENSG00000204065.3","TCEAL5",1,0,1,0.940897547325452,1,1082,"Not_Significant",0
"ENSG00000174611.12","KY",1,0,1,0.940897547325452,1,1083,"Not_Significant",0
"ENSG00000167861.16","HID1",2,1,1,0.940897547325452,1,1084,"Not_Significant",0
"ENSG00000279319.1","AC105074.1",1,0,1,0.940897547325452,1,1085,"Not_Significant",0
"ENSG00000140538.16","NTRK3",2,0,2,0.943312396916725,1,1086,"Not_Significant",0
"ENSG00000059915.17","PSD",1,0,1,0.945372852791518,1,1087,"Not_Significant",0
"ENSG00000134917.10","ADAMTS8",2,0,2,0.945372852791518,1,1088,"Not_Significant",0
"ENSG00000243566.7","UPK3B",2,1,1,0.945372852791518,1,1089,"Not_Significant",0
"ENSG00000005249.13","PRKAR2B",2,0,2,0.949380168443292,1,1090,"Not_Significant",0
"ENSG00000104833.12","TUBB4A",1,0,1,0.949844210039552,1,1091,"Not_Significant",0
"ENSG00000167711.14","SERPINF2",2,0,2,0.949844210039552,1,1092,"Not_Significant",0
"ENSG00000188573.8","FBLL1",1,0,1,0.949844210039552,1,1093,"Not_Significant",0
"ENSG00000278948.1","AL031587.5",2,1,1,0.949844210039552,1,1094,"Not_Significant",0
"ENSG00000177301.16","KCNA2",1,0,1,0.954311621682537,1,1095,"Not_Significant",0
"ENSG00000139194.8","RBP5",1,0,1,0.954311621682537,1,1096,"Not_Significant",0
"ENSG00000211965.4","IGHV3-49",2,1,1,0.954311621682537,1,1097,"Not_Significant",0
"ENSG00000050030.16","NEXMIF",1,0,1,0.958775090332304,1,1098,"Not_Significant",0
"ENSG00000280623.1","PCAT14",3,2,1,0.958775090332304,1,1099,"Not_Significant",0
"ENSG00000253821.2","AC090796.1",1,0,1,0.958775090332304,1,1100,"Not_Significant",0
"ENSG00000070081.17","NUCB2",2,1,1,0.958775090332304,1,1101,"Not_Significant",0
"ENSG00000112981.5","NME5",2,1,1,0.958775090332304,1,1102,"Not_Significant",0
"ENSG00000197083.11","ZNF300P1",2,0,2,0.959514802826085,1,1103,"Not_Significant",0
"ENSG00000255986.6","MT1JP",1,0,1,0.96323461859953,1,1104,"Not_Significant",0
"ENSG00000279204.1","AC134043.3",1,0,1,0.96323461859953,1,1105,"Not_Significant",0
"ENSG00000199488.1","RNU1-70P",1,0,1,0.96323461859953,1,1106,"Not_Significant",0
"ENSG00000170271.11","FAXDC2",1,0,1,0.96323461859953,1,1107,"Not_Significant",0
"ENSG00000116678.20","LEPR",3,0,3,0.965715567013912,1,1108,"Not_Significant",0
"ENSG00000204099.12","NEU4",2,0,2,0.967641794002347,1,1109,"Not_Significant",0
"ENSG00000270403.1","AP001554.1",1,0,1,0.967690209093739,1,1110,"Not_Significant",0
"ENSG00000168306.13","ACOX2",1,0,1,0.967690209093739,1,1111,"Not_Significant",0
"ENSG00000163815.6","CLEC3B",1,0,1,0.972141864423305,1,1112,"Not_Significant",0
"ENSG00000172497.9","ACOT12",1,0,1,0.972141864423305,1,1113,"Not_Significant",0
"ENSG00000184845.4","DRD1",1,0,1,0.972141864423305,1,1114,"Not_Significant",0
"ENSG00000185551.15","NR2F2",1,0,1,0.972141864423305,1,1115,"Not_Significant",0
"ENSG00000176153.12","GPX2",2,0,2,0.97374815247814,1,1116,"Not_Significant",0
"ENSG00000008311.15","AASS",2,0,2,0.975785705533329,1,1117,"Not_Significant",0
"ENSG00000188517.16","COL25A1",2,0,2,0.976589587195446,1,1118,"Not_Significant",0
"ENSG00000135423.13","GLS2",3,2,1,0.976589587195446,1,1119,"Not_Significant",0
"ENSG00000267421.6","AC005498.2",1,0,1,0.976589587195446,1,1120,"Not_Significant",0
"ENSG00000198300.14","PEG3",1,0,1,0.976589587195446,1,1121,"Not_Significant",0
"ENSG00000139874.6","SSTR1",2,0,2,0.979863942983656,1,1122,"Not_Significant",0
"ENSG00000101695.9","RNF125",3,0,3,0.980887141005711,1,1123,"Not_Significant",0
"ENSG00000259374.2","NDUFB4P11",1,0,1,0.981033380016232,1,1124,"Not_Significant",0
"ENSG00000072315.3","TRPC5",1,0,1,0.981033380016232,1,1125,"Not_Significant",0
"ENSG00000107281.10","NPDC1",3,2,1,0.981033380016232,1,1126,"Not_Significant",0
"ENSG00000206559.8","ZCWPW2",1,0,1,0.981033380016232,1,1127,"Not_Significant",0
"ENSG00000100116.17","GCAT",2,0,2,0.983946334474771,1,1128,"Not_Significant",0
"ENSG00000226031.5","FGF13-AS1",1,0,1,0.985473245490579,1,1129,"Not_Significant",0
"ENSG00000171560.16","FGA",3,2,1,0.985473245490579,1,1130,"Not_Significant",0
"ENSG00000268104.3","SLC6A14",4,3,1,0.985473245490579,1,1131,"Not_Significant",0
"ENSG00000107736.21","CDH23",2,0,2,0.985989080091473,1,1132,"Not_Significant",0
"ENSG00000178301.4","AQP11",2,0,2,0.988032854751001,1,1133,"Not_Significant",0
"ENSG00000122367.20","LDB3",1,0,1,0.989909186222254,1,1134,"Not_Significant",0
"ENSG00000188763.5","FZD9",2,1,1,0.989909186222254,1,1135,"Not_Significant",0
"ENSG00000131183.11","SLC34A1",1,0,1,0.989909186222254,1,1136,"Not_Significant",0
"ENSG00000143867.7","OSR1",1,0,1,0.989909186222254,1,1137,"Not_Significant",0
"ENSG00000114378.17","HYAL1",2,0,2,0.99212347860155,1,1138,"Not_Significant",0
"ENSG00000232070.9","TMEM253",2,1,1,0.994341204813869,1,1139,"Not_Significant",0
"ENSG00000228971.3","LINC02607",1,0,1,0.994341204813869,1,1140,"Not_Significant",0
"ENSG00000088926.14","F11",1,0,1,0.994341204813869,1,1141,"Not_Significant",0
"ENSG00000205502.4","C2CD4B",2,1,1,0.994341204813869,1,1142,"Not_Significant",0
"ENSG00000270672.1","MTRNR2L6",1,0,1,0.994341204813869,1,1143,"Not_Significant",0
"ENSG00000139508.15","SLC46A3",2,0,2,0.998267053540972,1,1144,"Not_Significant",0
"ENSG00000103154.9","NECAB2",1,0,1,0.99876930386689,1,1145,"Not_Significant",0
"ENSG00000121413.13","ZSCAN18",1,0,1,0.99876930386689,1,1146,"Not_Significant",0
"ENSG00000047457.14","CP",1,0,1,1,1,1147,"Not_Significant",0
"ENSG00000157851.17","DPYSL5",2,1,1,1,1,1148,"Not_Significant",0
"ENSG00000132639.13","SNAP25",2,1,1,1,1,1149,"Not_Significant",0
"ENSG00000186038.9","HTR3E",2,1,1,1,1,1150,"Not_Significant",0
"ENSG00000180332.6","KCTD4",1,0,1,1,1,1151,"Not_Significant",0
"ENSG00000135333.14","EPHA7",2,0,2,1,1,1152,"Not_Significant",0
"ENSG00000130876.11","SLC7A10",1,0,1,1,1,1153,"Not_Significant",0
"ENSG00000184544.12","DHRS7C",1,0,1,1,1,1154,"Not_Significant",0
"ENSG00000129167.9","TPH1",1,0,1,1,1,1155,"Not_Significant",0
"ENSG00000164303.11","ENPP6",2,0,2,1,1,1156,"Not_Significant",0
"ENSG00000154975.14","CA10",1,0,1,1,1,1157,"Not_Significant",0
"ENSG00000145087.13","STXBP5L",1,0,1,1,1,1158,"Not_Significant",0
"ENSG00000186439.14","TRDN",1,0,1,1,1,1159,"Not_Significant",0
"ENSG00000280061.1","AC011504.1",1,0,1,1,1,1160,"Not_Significant",0
"ENSG00000152137.8","HSPB8",2,1,1,1,1,1161,"Not_Significant",0
"ENSG00000196361.10","ELAVL3",1,0,1,1,1,1162,"Not_Significant",0
"ENSG00000228495.2","LINC01013",1,0,1,1,1,1163,"Not_Significant",0
"ENSG00000125144.14","MT1G",1,0,1,1,1,1164,"Not_Significant",0
"ENSG00000148798.11","INA",1,0,1,1,1,1165,"Not_Significant",0
"ENSG00000197614.11","MFAP5",1,0,1,1,1,1166,"Not_Significant",0
"ENSG00000242366.3","UGT1A8",1,0,1,1,1,1167,"Not_Significant",0
"ENSG00000109182.12","CWH43",1,0,1,1,1,1168,"Not_Significant",0
"ENSG00000144834.14","TAGLN3",1,0,1,1,1,1169,"Not_Significant",0
"ENSG00000154165.5","GPR15",1,0,1,1,1,1170,"Not_Significant",0
"ENSG00000130294.17","KIF1A",1,0,1,1,1,1171,"Not_Significant",0
"ENSG00000100095.19","SEZ6L",1,0,1,1,1,1172,"Not_Significant",0
"ENSG00000223462.2","AL353801.1",1,0,1,1,1,1173,"Not_Significant",0
"ENSG00000162374.18","ELAVL4",1,0,1,1,1,1174,"Not_Significant",0
"ENSG00000170231.16","FABP6",3,2,1,1,1,1175,"Not_Significant",0
"ENSG00000186675.7","MAGEE2",1,0,1,1,1,1176,"Not_Significant",0
"ENSG00000065371.17","ROPN1",1,0,1,1,1,1177,"Not_Significant",0
"ENSG00000198074.10","AKR1B10",1,0,1,1,1,1178,"Not_Significant",0
"ENSG00000115556.14","PLCD4",1,0,1,1,1,1179,"Not_Significant",0
"ENSG00000197165.11","SULT1A2",2,0,2,1,1,1180,"Not_Significant",0
"ENSG00000144406.19","UNC80",2,1,1,1,1,1181,"Not_Significant",0
"ENSG00000286069.2","AC076968.2",1,0,1,1,1,1182,"Not_Significant",0
"ENSG00000100626.17","GALNT16",1,0,1,1,1,1183,"Not_Significant",0
"ENSG00000205037.2","AC134312.1",1,0,1,1,1,1184,"Not_Significant",0
"ENSG00000070729.14","CNGB1",4,3,1,1,1,1185,"Not_Significant",0
"ENSG00000138722.10","MMRN1",1,0,1,1,1,1186,"Not_Significant",0
"ENSG00000235523.1","AL135924.2",1,0,1,1,1,1187,"Not_Significant",0
"ENSG00000271178.1","IGHV3OR16-13",1,0,1,1,1,1188,"Not_Significant",0
"ENSG00000155980.13","KIF5A",2,1,1,1,1,1189,"Not_Significant",0
"ENSG00000281721.1","LINC01080",1,0,1,1,1,1190,"Not_Significant",0
"ENSG00000120498.14","TEX11",3,2,1,1,1,1191,"Not_Significant",0
"ENSG00000038295.8","TLL1",3,1,2,1,1,1192,"Not_Significant",0
"ENSG00000196109.9","ZNF676",1,0,1,1,1,1193,"Not_Significant",0
"ENSG00000224321.1","RPL12P14",1,0,1,1,1,1194,"Not_Significant",0
"ENSG00000139352.4","ASCL1",2,1,1,1,1,1195,"Not_Significant",0
"ENSG00000133878.9","DUSP26",1,0,1,1,1,1196,"Not_Significant",0
"ENSG00000185985.11","SLITRK2",1,0,1,1,1,1197,"Not_Significant",0
"ENSG00000124205.18","EDN3",1,0,1,1,1,1198,"Not_Significant",0
"ENSG00000158089.15","GALNT14",2,1,1,1,1,1199,"Not_Significant",0
"ENSG00000258537.5","FRMD6-AS2",1,0,1,1,1,1200,"Not_Significant",0
"ENSG00000231412.2","AC005392.2",1,0,1,1,1,1201,"Not_Significant",0
"ENSG00000168314.17","MOBP",1,0,1,1,1,1202,"Not_Significant",0
"ENSG00000286848.1","AC009570.2",1,0,1,1,1,1203,"Not_Significant",0
"ENSG00000150627.16","WDR17",1,0,1,1,1,1204,"Not_Significant",0
"ENSG00000172403.11","SYNPO2",1,0,1,1,1,1205,"Not_Significant",0
"ENSG00000236120.7","AC110995.1",2,1,1,1,1,1206,"Not_Significant",0
"ENSG00000227243.3","SLAMF6P1",1,0,1,1,1,1207,"Not_Significant",0
"ENSG00000204687.4","MAS1L",1,0,1,1,1,1208,"Not_Significant",0
"ENSG00000245080.7","MIR3150BHG",2,1,1,1,1,1209,"Not_Significant",0
"ENSG00000260947.1","AL356489.2",1,0,1,1,1,1210,"Not_Significant",0
"ENSG00000185290.4","NUPR2",2,1,1,1,1,1211,"Not_Significant",0
"ENSG00000069018.19","TRPC7",1,0,1,1,1,1212,"Not_Significant",0
"ENSG00000243832.1","LINC02000",1,0,1,1,1,1213,"Not_Significant",0
"ENSG00000162391.12","FAM151A",1,0,1,1,1,1214,"Not_Significant",0
"ENSG00000239975.2","IGKV1D-33",1,0,1,1,1,1215,"Not_Significant",0
"ENSG00000113296.14","THBS4",1,0,1,1,1,1216,"Not_Significant",0
"ENSG00000212916.4","MAP10",1,0,1,1,1,1217,"Not_Significant",0
"ENSG00000151090.20","THRB",2,0,2,1,1,1218,"Not_Significant",0
"ENSG00000288045.1","AL352979.4",2,0,2,1,1,1219,"Not_Significant",0
"ENSG00000167414.4","GNG8",1,0,1,1,1,1220,"Not_Significant",0
"ENSG00000113396.13","SLC27A6",1,0,1,1,1,1221,"Not_Significant",0
"ENSG00000172005.11","MAL",1,0,1,1,1,1222,"Not_Significant",0
"ENSG00000166473.17","PKD1L2",1,0,1,1,1,1223,"Not_Significant",0
"ENSG00000100079.7","LGALS2",1,0,1,1,1,1224,"Not_Significant",0
"ENSG00000250137.1","AC093607.1",1,0,1,1,1,1225,"Not_Significant",0
"ENSG00000134028.14","ADAMDEC1",4,3,1,1,1,1226,"Not_Significant",0
"ENSG00000116748.21","AMPD1",1,0,1,1,1,1227,"Not_Significant",0
"ENSG00000105737.9","GRIK5",1,0,1,1,1,1228,"Not_Significant",0
"ENSG00000111863.13","ADTRP",2,0,2,1,1,1229,"Not_Significant",0
"ENSG00000168903.9","BTNL3",1,0,1,1,1,1230,"Not_Significant",0
"ENSG00000167723.15","TRPV3",1,0,1,1,1,1231,"Not_Significant",0
"ENSG00000233670.7","PIRT",1,0,1,1,1,1232,"Not_Significant",0
"ENSG00000180616.9","SSTR2",2,1,1,1,1,1233,"Not_Significant",0
"ENSG00000109832.14","DDX25",2,0,2,1,1,1234,"Not_Significant",0
"ENSG00000269667.2","AC092723.1",1,0,1,1,1,1235,"Not_Significant",0
"ENSG00000180660.8","MAB21L1",1,0,1,1,1,1236,"Not_Significant",0
"ENSG00000233999.3","IGKV3OR2-268",1,0,1,1,1,1237,"Not_Significant",0
"ENSG00000117322.18","CR2",2,1,1,1,1,1238,"Not_Significant",0
"ENSG00000253549.6","CA3-AS1",1,0,1,1,1,1239,"Not_Significant",0
"ENSG00000278318.5","ZNF229",2,1,1,1,1,1240,"Not_Significant",0
"ENSG00000184434.8","LRRC19",1,0,1,1,1,1241,"Not_Significant",0
"ENSG00000279668.3","AC024610.2",1,0,1,1,1,1242,"Not_Significant",0
"ENSG00000261795.1","AC093627.7",2,1,1,1,1,1243,"Not_Significant",0
"ENSG00000267505.1","AC005180.2",1,0,1,1,1,1244,"Not_Significant",0
"ENSG00000230417.12","LINC00595",2,1,1,1,1,1245,"Not_Significant",0
"ENSG00000169397.3","RNASE3",1,0,1,1,1,1246,"Not_Significant",0
"ENSG00000164270.18","HTR4",1,0,1,1,1,1247,"Not_Significant",0
"ENSG00000105609.17","LILRB5",2,0,2,1,1,1248,"Not_Significant",0
"ENSG00000283525.1","AC005622.1",1,0,1,1,1,1249,"Not_Significant",0
"ENSG00000198569.10","SLC34A3",3,2,1,1,1,1250,"Not_Significant",0
"ENSG00000165300.7","SLITRK5",2,1,1,1,1,1251,"Not_Significant",0
"ENSG00000164418.21","GRIK2",1,0,1,1,1,1252,"Not_Significant",0
"ENSG00000205038.12","PKHD1L1",1,0,1,1,1,1253,"Not_Significant",0
"ENSG00000053328.8","METTL24",1,0,1,1,1,1254,"Not_Significant",0
"ENSG00000112818.10","MEP1A",1,0,1,1,1,1255,"Not_Significant",0
"ENSG00000224940.9","PRRT4",1,0,1,1,1,1256,"Not_Significant",0
"ENSG00000214575.9","CPEB1",2,0,2,1,1,1257,"Not_Significant",0
"ENSG00000286583.1","AC105101.2",1,0,1,1,1,1258,"Not_Significant",0
"ENSG00000287059.1","AC090004.2",1,0,1,1,1,1259,"Not_Significant",0
"ENSG00000164929.17","BAALC",2,1,1,1,1,1260,"Not_Significant",0
"ENSG00000082293.13","COL19A1",1,0,1,1,1,1261,"Not_Significant",0
"ENSG00000135842.17","NIBAN1",1,0,1,1,1,1262,"Not_Significant",0
"ENSG00000072041.17","SLC6A15",1,0,1,1,1,1263,"Not_Significant",0
"ENSG00000283422.1","LINC02452",1,0,1,1,1,1264,"Not_Significant",0
"ENSG00000174145.8","NWD2",1,0,1,1,1,1265,"Not_Significant",0
"ENSG00000099139.14","PCSK5",2,0,2,1,1,1266,"Not_Significant",0
"ENSG00000176641.11","RNF152",2,0,2,1,1,1267,"Not_Significant",0
"ENSG00000205683.11","DPF3",1,0,1,1,1,1268,"Not_Significant",0
"ENSG00000163106.11","HPGDS",1,0,1,1,1,1269,"Not_Significant",0
"ENSG00000223573.7","TINCR",2,1,1,1,1,1270,"Not_Significant",0
"ENSG00000127129.10","EDN2",1,0,1,1,1,1271,"Not_Significant",0
"ENSG00000137441.8","FGFBP2",2,0,2,1,1,1272,"Not_Significant",0
"ENSG00000253102.1","AC004707.1",1,0,1,1,1,1273,"Not_Significant",0
"ENSG00000170954.11","ZNF415",1,0,1,1,1,1274,"Not_Significant",0
"ENSG00000082397.17","EPB41L3",1,0,1,1,1,1275,"Not_Significant",0
"ENSG00000074276.10","CDHR2",1,0,1,1,1,1276,"Not_Significant",0
"ENSG00000250413.1","SLC2A9-AS1",1,0,1,1,1,1277,"Not_Significant",0
"ENSG00000260057.6","LINC01571",1,0,1,1,1,1278,"Not_Significant",0
"ENSG00000258987.2","AL132642.1",1,0,1,1,1,1279,"Not_Significant",0
"ENSG00000067840.12","PDZD4",1,0,1,1,1,1280,"Not_Significant",0
"ENSG00000130595.19","TNNT3",1,0,1,1,1,1281,"Not_Significant",0
"ENSG00000197992.7","CLEC9A",1,0,1,1,1,1282,"Not_Significant",0
"ENSG00000178473.7","UCN3",1,0,1,1,1,1283,"Not_Significant",0
"ENSG00000181374.8","CCL13",2,1,1,1,1,1284,"Not_Significant",0
"ENSG00000075035.10","WSCD2",1,0,1,1,1,1285,"Not_Significant",0
"ENSG00000253958.2","CLDN23",1,0,1,1,1,1286,"Not_Significant",0
"ENSG00000178462.12","TUBAL3",1,0,1,1,1,1287,"Not_Significant",0
"ENSG00000185774.16","KCNIP4",1,0,1,1,1,1288,"Not_Significant",0
"ENSG00000185046.18","ANKS1B",1,0,1,1,1,1289,"Not_Significant",0
"ENSG00000170214.5","ADRA1B",3,1,2,1,1,1290,"Not_Significant",0
"ENSG00000134201.12","GSTM5",1,0,1,1,1,1291,"Not_Significant",0
"ENSG00000154118.13","JPH3",1,0,1,1,1,1292,"Not_Significant",0
"ENSG00000089169.15","RPH3A",1,0,1,1,1,1293,"Not_Significant",0
"ENSG00000184226.15","PCDH9",1,0,1,1,1,1294,"Not_Significant",0
"ENSG00000249797.2","LINC02147",1,0,1,1,1,1295,"Not_Significant",0
"ENSG00000164161.10","HHIP",2,0,2,1,1,1296,"Not_Significant",0
"ENSG00000287367.1","AC016583.2",1,0,1,1,1,1297,"Not_Significant",0
"ENSG00000146151.14","HMGCLL1",1,0,1,1,1,1298,"Not_Significant",0
"ENSG00000071967.12","CYBRD1",1,0,1,1,1,1299,"Not_Significant",0
"ENSG00000072195.15","SPEG",3,1,2,1,1,1300,"Not_Significant",0
"ENSG00000226306.6","NPY6R",1,0,1,1,1,1301,"Not_Significant",0
"ENSG00000228222.1","AC073050.1",1,0,1,1,1,1302,"Not_Significant",0
"ENSG00000235049.1","LINC00940",2,1,1,1,1,1303,"Not_Significant",0
"ENSG00000153993.13","SEMA3D",2,0,2,1,1,1304,"Not_Significant",0
"ENSG00000282608.2","ADORA3",1,0,1,1,1,1305,"Not_Significant",0
"ENSG00000166959.8","MS4A8",2,1,1,1,1,1306,"Not_Significant",0
"ENSG00000211974.3","IGHV2-70D",1,0,1,1,1,1307,"Not_Significant",0
"ENSG00000250486.5","FAM218A",2,1,1,1,1,1308,"Not_Significant",0
"ENSG00000166111.10","SVOP",1,0,1,1,1,1309,"Not_Significant",0
"ENSG00000145850.9","TIMD4",2,0,2,1,1,1310,"Not_Significant",0
"ENSG00000139200.14","PIANP",2,1,1,1,1,1311,"Not_Significant",0
"ENSG00000154175.18","ABI3BP",1,0,1,1,1,1312,"Not_Significant",0
"ENSG00000171951.5","SCG2",1,0,1,1,1,1313,"Not_Significant",0
"ENSG00000185176.13","AQP12B",1,0,1,1,1,1314,"Not_Significant",0
"ENSG00000142583.18","SLC2A5",2,1,1,1,1,1315,"Not_Significant",0
"ENSG00000211895.5","IGHA1",1,0,1,1,1,1316,"Not_Significant",0
"ENSG00000276975.3","HYDIN2",2,1,1,1,1,1317,"Not_Significant",0
"ENSG00000104888.10","SLC17A7",1,0,1,1,1,1318,"Not_Significant",0
"ENSG00000263508.6","AC015908.2",1,0,1,1,1,1319,"Not_Significant",0
"ENSG00000102678.7","FGF9",1,0,1,1,1,1320,"Not_Significant",0
"ENSG00000240505.9","TNFRSF13B",2,1,1,1,1,1321,"Not_Significant",0
"ENSG00000142973.14","CYP4B1",1,0,1,1,1,1322,"Not_Significant",0
"ENSG00000144619.15","CNTN4",1,0,1,1,1,1323,"Not_Significant",0
"ENSG00000145681.11","HAPLN1",4,3,1,1,1,1324,"Not_Significant",0
"ENSG00000117115.13","PADI2",2,1,1,1,1,1325,"Not_Significant",0
"ENSG00000173175.15","ADCY5",1,0,1,1,1,1326,"Not_Significant",0
"ENSG00000166405.15","RIC3",1,0,1,1,1,1327,"Not_Significant",0
"ENSG00000172260.15","NEGR1",1,0,1,1,1,1328,"Not_Significant",0
"ENSG00000226530.2","AL158055.1",2,0,2,1,1,1329,"Not_Significant",0
"ENSG00000154277.13","UCHL1",2,1,1,1,1,1330,"Not_Significant",0
"ENSG00000234323.8","LINC01505",1,0,1,1,1,1331,"Not_Significant",0
"ENSG00000156486.8","KCNS2",1,0,1,1,1,1332,"Not_Significant",0
"ENSG00000104921.15","FCER2",1,0,1,1,1,1333,"Not_Significant",0
"ENSG00000040199.18","PHLPP2",1,0,1,1,1,1334,"Not_Significant",0
"ENSG00000181541.6","MAB21L2",2,1,1,1,1,1335,"Not_Significant",0
"ENSG00000124302.13","CHST8",2,1,1,1,1,1336,"Not_Significant",0
"ENSG00000167555.14","ZNF528",1,0,1,1,1,1337,"Not_Significant",0
"ENSG00000182674.6","KCNB2",1,0,1,1,1,1338,"Not_Significant",0
"ENSG00000228146.8","CASP16P",2,0,2,1,1,1339,"Not_Significant",0
"ENSG00000158008.10","EXTL1",2,1,1,1,1,1340,"Not_Significant",0
"ENSG00000107562.16","CXCL12",1,0,1,1,1,1341,"Not_Significant",0
"ENSG00000127074.15","RGS13",1,0,1,1,1,1342,"Not_Significant",0
"ENSG00000286035.1","AC073840.1",1,0,1,1,1,1343,"Not_Significant",0
"ENSG00000232855.7","AF165147.1",2,0,2,1,1,1344,"Not_Significant",0
"ENSG00000225523.2","IGKV6D-21",1,0,1,1,1,1345,"Not_Significant",0
"ENSG00000287750.1","AL353572.4",2,1,1,1,1,1346,"Not_Significant",0
"ENSG00000118308.15","IRAG2",1,0,1,1,1,1347,"Not_Significant",0
"ENSG00000179542.16","SLITRK4",1,0,1,1,1,1348,"Not_Significant",0
"ENSG00000225111.1","AC083900.1",1,0,1,1,1,1349,"Not_Significant",0
"ENSG00000235532.1","LINC00402",1,0,1,1,1,1350,"Not_Significant",0
"ENSG00000158270.12","COLEC12",1,0,1,1,1,1351,"Not_Significant",0
"ENSG00000175600.16","SUGCT",2,0,2,1,1,1352,"Not_Significant",0
"ENSG00000137634.10","NXPE4",1,0,1,1,1,1353,"Not_Significant",0
"ENSG00000125355.16","TMEM255A",2,0,2,1,1,1354,"Not_Significant",0
"ENSG00000171126.8","KCNG3",2,1,1,1,1,1355,"Not_Significant",0
"ENSG00000198865.10","CCDC152",2,0,2,1,1,1356,"Not_Significant",0
"ENSG00000063015.20","SEZ6",1,0,1,1,1,1357,"Not_Significant",0
"ENSG00000178404.10","CEP295NL",1,0,1,1,1,1358,"Not_Significant",0
"ENSG00000165702.14","GFI1B",1,0,1,1,1,1359,"Not_Significant",0
"ENSG00000144218.19","AFF3",1,0,1,1,1,1360,"Not_Significant",0
"ENSG00000124568.12","SLC17A1",1,0,1,1,1,1361,"Not_Significant",0
"ENSG00000175329.13","ISX",2,1,1,1,1,1362,"Not_Significant",0
"ENSG00000156687.11","UNC5D",1,0,1,1,1,1363,"Not_Significant",0
"ENSG00000160712.13","IL6R",2,0,2,1,1,1364,"Not_Significant",0
"ENSG00000160801.14","PTH1R",2,0,2,1,1,1365,"Not_Significant",0
"ENSG00000224057.1","EGFR-AS1",1,0,1,1,1,1366,"Not_Significant",0
"ENSG00000162761.14","LMX1A",1,0,1,1,1,1367,"Not_Significant",0
"ENSG00000249167.2","SEMA6A-AS2",3,1,2,1,1,1368,"Not_Significant",0
"ENSG00000080644.16","CHRNA3",1,0,1,1,1,1369,"Not_Significant",0
"ENSG00000100628.12","ASB2",1,0,1,1,1,1370,"Not_Significant",0
"ENSG00000162398.11","LEXM",1,0,1,1,1,1371,"Not_Significant",0
"ENSG00000225698.3","IGHV3-72",1,0,1,1,1,1372,"Not_Significant",0
"ENSG00000273445.1","AC133644.1",4,3,1,1,1,1373,"Not_Significant",0
"ENSG00000151789.12","ZNF385D",1,0,1,1,1,1374,"Not_Significant",0
"ENSG00000129990.15","SYT5",3,2,1,1,1,1375,"Not_Significant",0
"ENSG00000082482.14","KCNK2",3,1,2,1,1,1376,"Not_Significant",0
"ENSG00000114455.13","HHLA2",1,0,1,1,1,1377,"Not_Significant",0
"ENSG00000163803.13","PLB1",1,0,1,1,1,1378,"Not_Significant",0
"ENSG00000092051.17","JPH4",1,0,1,1,1,1379,"Not_Significant",0
"ENSG00000270472.2","IGHV3OR16-9",1,0,1,1,1,1380,"Not_Significant",0
"ENSG00000138622.4","HCN4",2,1,1,1,1,1381,"Not_Significant",0
"ENSG00000241635.8","UGT1A1",1,0,1,1,1,1382,"Not_Significant",0
"ENSG00000123119.12","NECAB1",2,1,1,1,1,1383,"Not_Significant",0
"ENSG00000171658.8","NMRAL2P",1,0,1,1,1,1384,"Not_Significant",0
"ENSG00000280032.1","AP002800.1",2,1,1,1,1,1385,"Not_Significant",0
"ENSG00000113805.8","CNTN3",1,0,1,1,1,1386,"Not_Significant",0
"ENSG00000176490.5","DIRAS1",2,1,1,1,1,1387,"Not_Significant",0
"ENSG00000237111.1","IGHJ3P",1,0,1,1,1,1388,"Not_Significant",0
"ENSG00000141668.10","CBLN2",3,2,1,1,1,1389,"Not_Significant",0
"ENSG00000047936.11","ROS1",1,0,1,1,1,1390,"Not_Significant",0
"ENSG00000227742.2","CALR4P",1,0,1,1,1,1391,"Not_Significant",0
"ENSG00000101680.15","LAMA1",1,0,1,1,1,1392,"Not_Significant",0
"ENSG00000287090.1","AC116345.4",1,0,1,1,1,1393,"Not_Significant",0
"ENSG00000211599.2","IGKV5-2",1,0,1,1,1,1394,"Not_Significant",0
"ENSG00000165495.16","PKNOX2",2,0,2,1,1,1395,"Not_Significant",0
"ENSG00000132185.18","FCRLA",2,1,1,1,1,1396,"Not_Significant",0
"ENSG00000179639.10","FCER1A",1,0,1,1,1,1397,"Not_Significant",0
"ENSG00000233760.2","AC004947.1",1,0,1,1,1,1398,"Not_Significant",0
"ENSG00000012124.17","CD22",2,1,1,1,1,1399,"Not_Significant",0
"ENSG00000018236.15","CNTN1",1,0,1,1,1,1400,"Not_Significant",0
"ENSG00000178031.17","ADAMTSL1",1,0,1,1,1,1401,"Not_Significant",0
"ENSG00000085265.11","FCN1",1,0,1,1,1,1402,"Not_Significant",0
"ENSG00000224607.4","IGKV1D-27",1,0,1,1,1,1403,"Not_Significant",0
"ENSG00000149294.17","NCAM1",1,0,1,1,1,1404,"Not_Significant",0
"ENSG00000180155.20","LYNX1",1,0,1,1,1,1405,"Not_Significant",0
"ENSG00000165023.7","DIRAS2",2,1,1,1,1,1406,"Not_Significant",0
"ENSG00000207296.1","RNU6-140P",1,0,1,1,1,1407,"Not_Significant",0
"ENSG00000240253.6","FAR2P3",1,0,1,1,1,1408,"Not_Significant",0
"ENSG00000171714.12","ANO5",1,0,1,1,1,1409,"Not_Significant",0
"ENSG00000147614.4","ATP6V0D2",2,1,1,1,1,1410,"Not_Significant",0
"ENSG00000248211.1","TRPC7-AS1",1,0,1,1,1,1411,"Not_Significant",0
"ENSG00000244116.3","IGKV2-28",1,0,1,1,1,1412,"Not_Significant",0
"ENSG00000158467.16","AHCYL2",1,0,1,1,1,1413,"Not_Significant",0
"ENSG00000148680.16","HTR7",2,1,1,1,1,1414,"Not_Significant",0
"ENSG00000213225.7","NOC2LP1",1,0,1,1,1,1415,"Not_Significant",0
"ENSG00000082175.15","PGR",1,0,1,1,1,1416,"Not_Significant",0
"ENSG00000250320.6","EDIL3-DT",2,1,1,1,1,1417,"Not_Significant",0
"ENSG00000102886.15","GDPD3",3,2,1,1,1,1418,"Not_Significant",0
"ENSG00000211899.10","IGHM",2,1,1,1,1,1419,"Not_Significant",0
"ENSG00000183379.9","SYNDIG1L",1,0,1,1,1,1420,"Not_Significant",0
"ENSG00000145287.11","PLAC8",2,0,2,1,1,1421,"Not_Significant",0
"ENSG00000166866.13","MYO1A",2,1,1,1,1,1422,"Not_Significant",0
"ENSG00000127951.8","FGL2",1,0,1,1,1,1423,"Not_Significant",0
"ENSG00000188730.5","VWC2",1,0,1,1,1,1424,"Not_Significant",0
"ENSG00000254827.6","SLC22A18AS",1,0,1,1,1,1425,"Not_Significant",0
"ENSG00000111962.8","UST",1,0,1,1,1,1426,"Not_Significant",0
"ENSG00000231346.5","LINC01160",2,1,1,1,1,1427,"Not_Significant",0
"ENSG00000169715.15","MT1E",1,0,1,1,1,1428,"Not_Significant",0
"ENSG00000148948.8","LRRC4C",1,0,1,1,1,1429,"Not_Significant",0
"ENSG00000112183.15","RBM24",2,1,1,1,1,1430,"Not_Significant",0
"ENSG00000125775.15","SDCBP2",2,1,1,1,1,1431,"Not_Significant",0
"ENSG00000137727.12","ARHGAP20",1,0,1,1,1,1432,"Not_Significant",0
"ENSG00000162520.15","SYNC",1,0,1,1,1,1433,"Not_Significant",0
"ENSG00000006016.11","CRLF1",2,1,1,1,1,1434,"Not_Significant",0
"ENSG00000231672.8","DIRC3",1,0,1,1,1,1435,"Not_Significant",0
"ENSG00000169860.7","P2RY1",1,0,1,1,1,1436,"Not_Significant",0
"ENSG00000170891.11","CYTL1",1,0,1,1,1,1437,"Not_Significant",0
"ENSG00000287401.1","AC034139.1",1,0,1,1,1,1438,"Not_Significant",0
"ENSG00000102003.11","SYP",2,1,1,1,1,1439,"Not_Significant",0
"ENSG00000253537.3","PCDHGA7",1,0,1,1,1,1440,"Not_Significant",0
"ENSG00000183798.5","EMILIN3",1,0,1,1,1,1441,"Not_Significant",0
"ENSG00000102383.14","ZDHHC15",1,0,1,1,1,1442,"Not_Significant",0
"ENSG00000162817.7","C1orf115",2,0,2,1,1,1443,"Not_Significant",0
"ENSG00000261729.2","AL133383.1",1,0,1,1,1,1444,"Not_Significant",0
"ENSG00000250073.3","AP000866.2",1,0,1,1,1,1445,"Not_Significant",0
"ENSG00000106404.14","CLDN15",1,0,1,1,1,1446,"Not_Significant",0
"ENSG00000230798.5","FOXD3-AS1",3,2,1,1,1,1447,"Not_Significant",0
"ENSG00000255408.4","PCDHA3",1,0,1,1,1,1448,"Not_Significant",0
"ENSG00000152583.12","SPARCL1",2,0,2,1,1,1449,"Not_Significant",0
"ENSG00000215218.4","UBE2QL1",2,0,2,1,1,1450,"Not_Significant",0
"ENSG00000146938.16","NLGN4X",2,0,2,1,1,1451,"Not_Significant",0
"ENSG00000116833.14","NR5A2",3,1,2,1,1,1452,"Not_Significant",0
"ENSG00000205002.4","AARD",3,2,1,1,1,1453,"Not_Significant",0
"ENSG00000170381.14","SEMA3E",2,1,1,1,1,1454,"Not_Significant",0
"ENSG00000109099.16","PMP22",2,1,1,1,1,1455,"Not_Significant",0
"ENSG00000184113.9","CLDN5",1,0,1,1,1,1456,"Not_Significant",0
"ENSG00000249346.7","LINC01016",1,0,1,1,1,1457,"Not_Significant",0
"ENSG00000145423.5","SFRP2",1,0,1,1,1,1458,"Not_Significant",0
"ENSG00000239961.3","LILRA4",2,1,1,1,1,1459,"Not_Significant",0
"ENSG00000175356.14","SCUBE2",2,1,1,1,1,1460,"Not_Significant",0
"ENSG00000065154.12","OAT",1,0,1,1,1,1461,"Not_Significant",0
"ENSG00000185760.17","KCNQ5",3,2,1,1,1,1462,"Not_Significant",0
"ENSG00000117281.16","CD160",2,1,1,1,1,1463,"Not_Significant",0
"ENSG00000161640.15","SIGLEC11",1,0,1,1,1,1464,"Not_Significant",0
"ENSG00000113580.15","NR3C1",2,0,2,1,1,1465,"Not_Significant",0
"ENSG00000174099.12","MSRB3",3,1,2,1,1,1466,"Not_Significant",0
"ENSG00000188848.16","BEND4",1,0,1,1,1,1467,"Not_Significant",0
"ENSG00000144821.10","MYH15",2,1,1,1,1,1468,"Not_Significant",0
"ENSG00000168280.18","KIF5C",2,1,1,1,1,1469,"Not_Significant",0
"ENSG00000215861.6","AC245297.1",2,0,2,1,1,1470,"Not_Significant",0
"ENSG00000171189.17","GRIK1",1,0,1,1,1,1471,"Not_Significant",0
"ENSG00000138744.16","NAAA",1,0,1,1,1,1472,"Not_Significant",0
"ENSG00000211933.2","IGHV6-1",2,1,1,1,1,1473,"Not_Significant",0
"ENSG00000155719.18","OTOA",1,0,1,1,1,1474,"Not_Significant",0
"ENSG00000125148.7","MT2A",2,0,2,1,1,1475,"Not_Significant",0
"ENSG00000126895.15","AVPR2",2,1,1,1,1,1476,"Not_Significant",0
"ENSG00000105784.15","RUNDC3B",2,0,2,1,1,1477,"Not_Significant",0
"ENSG00000261888.1","AC144831.1",1,0,1,1,1,1478,"Not_Significant",0
"ENSG00000091986.16","CCDC80",2,1,1,1,1,1479,"Not_Significant",0
"ENSG00000162687.19","KCNT2",1,0,1,1,1,1480,"Not_Significant",0
"ENSG00000170703.15","TTLL6",2,1,1,1,1,1481,"Not_Significant",0
"ENSG00000241294.1","IGKV2-24",1,0,1,1,1,1482,"Not_Significant",0
"ENSG00000214787.10","MS4A4E",1,0,1,1,1,1483,"Not_Significant",0
"ENSG00000172831.14","CES2",2,0,2,1,1,1484,"Not_Significant",0
"ENSG00000169418.10","NPR1",1,0,1,1,1,1485,"Not_Significant",0
"ENSG00000161243.9","FBXO27",2,0,2,1,1,1486,"Not_Significant",0
"ENSG00000237513.2","AC007384.1",2,1,1,1,1,1487,"Not_Significant",0
"ENSG00000172987.13","HPSE2",1,0,1,1,1,1488,"Not_Significant",0
"ENSG00000196747.4","H2AC13",4,3,1,1,1,1489,"Not_Significant",0
"ENSG00000258732.1","AC025884.1",3,1,2,1,1,1490,"Not_Significant",0
"ENSG00000164627.18","KIF6",1,0,1,1,1,1491,"Not_Significant",0
"ENSG00000053438.11","NNAT",1,0,1,1,1,1492,"Not_Significant",0
"ENSG00000196376.11","SLC35F1",1,0,1,1,1,1493,"Not_Significant",0
"ENSG00000128218.8","VPREB3",2,1,1,1,1,1494,"Not_Significant",0
"ENSG00000018869.17","ZNF582",1,0,1,1,1,1495,"Not_Significant",0
"ENSG00000108852.15","MPP2",2,1,1,1,1,1496,"Not_Significant",0
"ENSG00000264500.1","MIR3124",1,0,1,1,1,1497,"Not_Significant",0
"ENSG00000132932.17","ATP8A2",2,1,1,1,1,1498,"Not_Significant",0
"ENSG00000168229.4","PTGDR",1,0,1,1,1,1499,"Not_Significant",0
"ENSG00000187837.4","H1-2",2,1,1,1,1,1500,"Not_Significant",0
"ENSG00000259363.6","AC090825.1",1,0,1,1,1,1501,"Not_Significant",0
"ENSG00000205795.4","CYS1",2,1,1,1,1,1502,"Not_Significant",0
"ENSG00000150045.12","KLRF1",2,0,2,1,1,1503,"Not_Significant",0
"ENSG00000070808.16","CAMK2A",3,2,1,1,1,1504,"Not_Significant",0
"ENSG00000241163.8","LINC00877",1,0,1,1,1,1505,"Not_Significant",0
"ENSG00000145384.4","FABP2",1,0,1,1,1,1506,"Not_Significant",0
"ENSG00000211938.2","IGHV3-7",1,0,1,1,1,1507,"Not_Significant",0
"ENSG00000276547.1","PCDHGB5",1,0,1,1,1,1508,"Not_Significant",0
"ENSG00000213760.11","ATP6V1G2",1,0,1,1,1,1509,"Not_Significant",0
"ENSG00000229155.1","LINC02038",2,1,1,1,1,1510,"Not_Significant",0
"ENSG00000115295.20","CLIP4",2,1,1,1,1,1511,"Not_Significant",0
"ENSG00000123643.13","SLC36A1",3,2,1,1,1,1512,"Not_Significant",0
"ENSG00000197465.14","GYPE",1,0,1,1,1,1513,"Not_Significant",0
"ENSG00000141574.8","SECTM1",2,1,1,1,1,1514,"Not_Significant",0
"ENSG00000126861.5","OMG",1,0,1,1,1,1515,"Not_Significant",0
"ENSG00000213901.11","SLC23A3",1,0,1,1,1,1516,"Not_Significant",0
"ENSG00000258630.3","LINC02292",1,0,1,1,1,1517,"Not_Significant",0
"ENSG00000176438.12","SYNE3",1,0,1,1,1,1518,"Not_Significant",0
"ENSG00000166770.11","ZNF667-AS1",1,0,1,1,1,1519,"Not_Significant",0
"ENSG00000139155.9","SLCO1C1",2,1,1,1,1,1520,"Not_Significant",0
"ENSG00000100678.19","SLC8A3",1,0,1,1,1,1521,"Not_Significant",0
"ENSG00000144063.4","MALL",2,1,1,1,1,1522,"Not_Significant",0
"ENSG00000140459.18","CYP11A1",1,0,1,1,1,1523,"Not_Significant",0
"ENSG00000171451.14","DSEL",3,1,2,1,1,1524,"Not_Significant",0
"ENSG00000088854.12","C20orf194",2,1,1,1,1,1525,"Not_Significant",0
"ENSG00000163749.17","CCDC158",1,0,1,1,1,1526,"Not_Significant",0
"ENSG00000182487.12","NCF1B",1,0,1,1,1,1527,"Not_Significant",0
"ENSG00000167261.14","DPEP2",1,0,1,1,1,1528,"Not_Significant",0
"ENSG00000230204.1","FTH1P5",1,0,1,1,1,1529,"Not_Significant",0
"ENSG00000115590.14","IL1R2",1,0,1,1,1,1530,"Not_Significant",0
"ENSG00000181804.15","SLC9A9",2,0,2,1,1,1531,"Not_Significant",0
"ENSG00000228013.1","IL6R-AS1",2,0,2,1,1,1532,"Not_Significant",0
"ENSG00000174640.15","SLCO2A1",2,1,1,1,1,1533,"Not_Significant",0
"ENSG00000136732.16","GYPC",1,0,1,1,1,1534,"Not_Significant",0
"ENSG00000135678.12","CPM",1,0,1,1,1,1535,"Not_Significant",0
"ENSG00000173114.13","LRRN3",1,0,1,1,1,1536,"Not_Significant",0
"ENSG00000238078.1","LINC01352",1,0,1,1,1,1537,"Not_Significant",0
"ENSG00000171431.4","KRT20",2,1,1,1,1,1538,"Not_Significant",0
"ENSG00000153902.14","LGI4",1,0,1,1,1,1539,"Not_Significant",0
"ENSG00000178226.11","PRSS36",1,0,1,1,1,1540,"Not_Significant",0
"ENSG00000138193.16","PLCE1",2,1,1,1,1,1541,"Not_Significant",0
"ENSG00000244476.3","ERVFRD-1",1,0,1,1,1,1542,"Not_Significant",0
"ENSG00000089486.17","CDIP1",2,0,2,1,1,1543,"Not_Significant",0
"ENSG00000196218.13","RYR1",2,0,2,1,1,1544,"Not_Significant",0
"ENSG00000196196.3","HRCT1",1,0,1,1,1,1545,"Not_Significant",0
"ENSG00000046653.15","GPM6B",1,0,1,1,1,1546,"Not_Significant",0
"ENSG00000185274.12","GALNT17",1,0,1,1,1,1547,"Not_Significant",0
"ENSG00000215644.10","GCGR",1,0,1,1,1,1548,"Not_Significant",0
"ENSG00000064655.19","EYA2",1,0,1,1,1,1549,"Not_Significant",0
"ENSG00000197361.8","FBXL22",1,0,1,1,1,1550,"Not_Significant",0
"ENSG00000007312.13","CD79B",1,0,1,1,1,1551,"Not_Significant",0
"ENSG00000057704.13","TMCC3",2,0,2,1,1,1552,"Not_Significant",0
"ENSG00000079335.20","CDC14A",1,0,1,1,1,1553,"Not_Significant",0
"ENSG00000130224.15","LRCH2",3,1,2,1,1,1554,"Not_Significant",0
"ENSG00000158473.8","CD1D",2,0,2,1,1,1555,"Not_Significant",0
"ENSG00000163606.11","CD200R1",1,0,1,1,1,1556,"Not_Significant",0
"ENSG00000184524.6","CEND1",3,2,1,1,1,1557,"Not_Significant",0
"ENSG00000224189.8","HAGLR",4,3,1,1,1,1558,"Not_Significant",0
"ENSG00000225465.9","RFPL1S",1,0,1,1,1,1559,"Not_Significant",0
"ENSG00000137726.17","FXYD6",1,0,1,1,1,1560,"Not_Significant",0
"ENSG00000105369.10","CD79A",2,1,1,1,1,1561,"Not_Significant",0
"ENSG00000233093.6","LINC00892",1,0,1,1,1,1562,"Not_Significant",0
"ENSG00000150510.17","FAM124A",1,0,1,1,1,1563,"Not_Significant",0
"ENSG00000163239.12","TDRD10",2,0,2,1,1,1564,"Not_Significant",0
"ENSG00000034239.11","EFCAB1",1,0,1,1,1,1565,"Not_Significant",0
"ENSG00000175287.19","PHYHD1",2,0,2,1,1,1566,"Not_Significant",0
"ENSG00000166501.14","PRKCB",2,1,1,1,1,1567,"Not_Significant",0
"ENSG00000138678.11","GPAT3",2,0,2,1,1,1568,"Not_Significant",0
"ENSG00000112782.19","CLIC5",1,0,1,1,1,1569,"Not_Significant",0
"ENSG00000166482.12","MFAP4",2,0,2,1,1,1570,"Not_Significant",0
"ENSG00000249231.8","CASC16",2,1,1,1,1,1571,"Not_Significant",0
"ENSG00000177098.9","SCN4B",1,0,1,1,1,1572,"Not_Significant",0
"ENSG00000224650.2","IGHV3-74",1,0,1,1,1,1573,"Not_Significant",0
"ENSG00000184613.11","NELL2",3,2,1,1,1,1574,"Not_Significant",0
"ENSG00000226329.2","AC005682.1",2,0,2,1,1,1575,"Not_Significant",0
"ENSG00000186469.8","GNG2",1,0,1,1,1,1576,"Not_Significant",0
"ENSG00000154553.16","PDLIM3",2,0,2,1,1,1577,"Not_Significant",0
"ENSG00000182636.8","NDN",3,1,2,1,1,1578,"Not_Significant",0
"ENSG00000197943.10","PLCG2",2,0,2,1,1,1579,"Not_Significant",0
"ENSG00000189221.10","MAOA",1,0,1,1,1,1580,"Not_Significant",0
"ENSG00000128040.11","SPINK2",1,0,1,1,1,1581,"Not_Significant",0
"ENSG00000197253.13","TPSB2",1,0,1,1,1,1582,"Not_Significant",0
"ENSG00000117472.10","TSPAN1",3,2,1,1,1,1583,"Not_Significant",0
"ENSG00000231424.3","BX284613.2",1,0,1,1,1,1584,"Not_Significant",0
"ENSG00000144712.12","CAND2",1,0,1,1,1,1585,"Not_Significant",0
"ENSG00000197629.6","MPEG1",2,1,1,1,1,1586,"Not_Significant",0
"ENSG00000177272.9","KCNA3",2,1,1,1,1,1587,"Not_Significant",0
"ENSG00000186684.14","CYP27C1",1,0,1,1,1,1588,"Not_Significant",0
"ENSG00000169026.13","SLC49A3",2,1,1,1,1,1589,"Not_Significant",0
"ENSG00000112182.15","BACH2",1,0,1,1,1,1590,"Not_Significant",0
"ENSG00000173068.18","BNC2",2,1,1,1,1,1591,"Not_Significant",0
"ENSG00000211651.3","IGLV1-44",1,0,1,1,1,1592,"Not_Significant",0
"ENSG00000073711.11","PPP2R3A",2,1,1,1,1,1593,"Not_Significant",0
"ENSG00000107518.18","ATRNL1",2,0,2,1,1,1594,"Not_Significant",0
"ENSG00000224307.2","AL161785.1",1,0,1,1,1,1595,"Not_Significant",0
"ENSG00000085552.17","IGSF9",1,0,1,1,1,1596,"Not_Significant",0
"ENSG00000259834.1","AL365361.1",2,1,1,1,1,1597,"Not_Significant",0
"ENSG00000115252.18","PDE1A",1,0,1,1,1,1598,"Not_Significant",0
"ENSG00000156475.18","PPP2R2B",1,0,1,1,1,1599,"Not_Significant",0
"ENSG00000083814.13","ZNF671",1,0,1,1,1,1600,"Not_Significant",0
"ENSG00000105492.16","SIGLEC6",2,1,1,1,1,1601,"Not_Significant",0
"ENSG00000262209.3","PCDHGB3",1,0,1,1,1,1602,"Not_Significant",0
"ENSG00000011465.18","DCN",1,0,1,1,1,1603,"Not_Significant",0
"ENSG00000234817.2","ECI2-DT",1,0,1,1,1,1604,"Not_Significant",0
"ENSG00000229056.2","HECW2-AS1",3,2,1,1,1,1605,"Not_Significant",0
"ENSG00000166311.10","SMPD1",1,0,1,1,1,1606,"Not_Significant",0
"ENSG00000251141.6","MRPS30-DT",3,2,1,1,1,1607,"Not_Significant",0
"ENSG00000185869.15","ZNF829",1,0,1,1,1,1608,"Not_Significant",0
"ENSG00000171503.12","ETFDH",2,0,2,1,1,1609,"Not_Significant",0
"ENSG00000169213.7","RAB3B",2,1,1,1,1,1610,"Not_Significant",0
"ENSG00000187091.14","PLCD1",1,0,1,1,1,1611,"Not_Significant",0
"ENSG00000240583.13","AQP1",3,1,2,1,1,1612,"Not_Significant",0
"ENSG00000139117.14","CPNE8",1,0,1,1,1,1613,"Not_Significant",0
"ENSG00000121406.9","ZNF549",1,0,1,1,1,1614,"Not_Significant",0
"ENSG00000054356.14","PTPRN",3,2,1,1,1,1615,"Not_Significant",0
"ENSG00000106853.20","PTGR1",2,0,2,1,1,1616,"Not_Significant",0
"ENSG00000147036.12","LANCL3",2,1,1,1,1,1617,"Not_Significant",0
"ENSG00000168077.14","SCARA3",1,0,1,1,1,1618,"Not_Significant",0
"ENSG00000137094.15","DNAJB5",1,0,1,1,1,1619,"Not_Significant",0
"ENSG00000241755.1","IGKV1-9",1,0,1,1,1,1620,"Not_Significant",0
"ENSG00000255774.2","LINC02747",2,1,1,1,1,1621,"Not_Significant",0
"ENSG00000176919.13","C8G",2,0,2,1,1,1622,"Not_Significant",0
"ENSG00000173198.6","CYSLTR1",1,0,1,1,1,1623,"Not_Significant",0
"ENSG00000136274.9","NACAD",2,0,2,1,1,1624,"Not_Significant",0
"ENSG00000245468.4","LINC02447",2,0,2,1,1,1625,"Not_Significant",0
"ENSG00000211937.3","IGHV2-5",1,0,1,1,1,1626,"Not_Significant",0
"ENSG00000172724.12","CCL19",1,0,1,1,1,1627,"Not_Significant",0
"ENSG00000171992.13","SYNPO",2,0,2,1,1,1628,"Not_Significant",0
"ENSG00000106571.15","GLI3",2,1,1,1,1,1629,"Not_Significant",0
"ENSG00000172794.20","RAB37",1,0,1,1,1,1630,"Not_Significant",0
"ENSG00000188373.5","C10orf99",1,0,1,1,1,1631,"Not_Significant",0
"ENSG00000239951.1","IGKV3-20",2,1,1,1,1,1632,"Not_Significant",0
"ENSG00000156299.13","TIAM1",2,0,2,1,1,1633,"Not_Significant",0
"ENSG00000185339.9","TCN2",1,0,1,1,1,1634,"Not_Significant",0
"ENSG00000046889.19","PREX2",2,0,2,1,1,1635,"Not_Significant",0
"ENSG00000187239.17","FNBP1",1,0,1,1,1,1636,"Not_Significant",0
"ENSG00000253485.2","PCDHGA5",2,1,1,1,1,1637,"Not_Significant",0
"ENSG00000076555.15","ACACB",1,0,1,1,1,1638,"Not_Significant",0
"ENSG00000165496.5","RPL10L",1,0,1,1,1,1639,"Not_Significant",0
"ENSG00000259120.3","SMIM6",2,1,1,1,1,1640,"Not_Significant",0
"ENSG00000249249.2","AC010226.1",2,0,2,1,1,1641,"Not_Significant",0
"ENSG00000240382.3","IGKV1-17",1,0,1,1,1,1642,"Not_Significant",0
"ENSG00000272463.1","AL357054.4",1,0,1,1,1,1643,"Not_Significant",0
"ENSG00000100285.10","NEFH",1,0,1,1,1,1644,"Not_Significant",0
"ENSG00000198771.11","RCSD1",1,0,1,1,1,1645,"Not_Significant",0
"ENSG00000122224.18","LY9",1,0,1,1,1,1646,"Not_Significant",0
"ENSG00000137672.13","TRPC6",3,1,2,1,1,1647,"Not_Significant",0
"ENSG00000155545.20","MIER3",1,0,1,1,1,1648,"Not_Significant",0
"ENSG00000231246.2","LINC02884",1,0,1,1,1,1649,"Not_Significant",0
"ENSG00000141750.7","STAC2",1,0,1,1,1,1650,"Not_Significant",0
"ENSG00000233237.8","LINC00472",2,1,1,1,1,1651,"Not_Significant",0
"ENSG00000211679.2","IGLC3",1,0,1,1,1,1652,"Not_Significant",0
"ENSG00000139540.12","SLC39A5",1,0,1,1,1,1653,"Not_Significant",0
"ENSG00000250742.4","LINC02381",1,0,1,1,1,1654,"Not_Significant",0
"ENSG00000124507.11","PACSIN1",3,2,1,1,1,1655,"Not_Significant",0
"ENSG00000227372.12","TP73-AS1",1,0,1,1,1,1656,"Not_Significant",0
"ENSG00000203739.4","PRDX6-AS1",1,0,1,1,1,1657,"Not_Significant",0
"ENSG00000144230.16","GPR17",1,0,1,1,1,1658,"Not_Significant",0
"ENSG00000226564.1","FTH1P20",1,0,1,1,1,1659,"Not_Significant",0
"ENSG00000149451.18","ADAM33",2,0,2,1,1,1660,"Not_Significant",0
"ENSG00000171659.15","GPR34",1,0,1,1,1,1661,"Not_Significant",0
"ENSG00000280186.1","AL359258.3",2,1,1,1,1,1662,"Not_Significant",0
"ENSG00000270265.1","AC104819.3",1,0,1,1,1,1663,"Not_Significant",0
"ENSG00000188906.16","LRRK2",1,0,1,1,1,1664,"Not_Significant",0
"ENSG00000179674.4","ARL14",2,1,1,1,1,1665,"Not_Significant",0
"ENSG00000198944.6","SOWAHA",3,1,2,1,1,1666,"Not_Significant",0
"ENSG00000166086.13","JAM3",1,0,1,1,1,1667,"Not_Significant",0
"ENSG00000165124.18","SVEP1",2,0,2,1,1,1668,"Not_Significant",0
"ENSG00000280040.1","AC095031.1",1,0,1,1,1,1669,"Not_Significant",0
"ENSG00000143603.19","KCNN3",2,1,1,1,1,1670,"Not_Significant",0
"ENSG00000103647.13","CORO2B",3,1,2,1,1,1671,"Not_Significant",0
"ENSG00000134955.12","SLC37A2",2,1,1,1,1,1672,"Not_Significant",0
"ENSG00000166313.19","APBB1",2,1,1,1,1,1673,"Not_Significant",0
"ENSG00000158406.5","H4C8",3,2,1,1,1,1674,"Not_Significant",0
"ENSG00000258405.11","ZNF578",1,0,1,1,1,1675,"Not_Significant",0
"ENSG00000286646.1","AL121933.2",1,0,1,1,1,1676,"Not_Significant",0
"ENSG00000067113.17","PLPP1",2,0,2,1,1,1677,"Not_Significant",0
"ENSG00000198673.10","TAFA2",1,0,1,1,1,1678,"Not_Significant",0
"ENSG00000137558.9","PI15",3,2,1,1,1,1679,"Not_Significant",0
"ENSG00000153898.13","MCOLN2",4,3,1,1,1,1680,"Not_Significant",0
"ENSG00000273472.1","AC096733.2",1,0,1,1,1,1681,"Not_Significant",0
"ENSG00000179144.5","GIMAP7",1,0,1,1,1,1682,"Not_Significant",0
"ENSG00000169554.22","ZEB2",1,0,1,1,1,1683,"Not_Significant",0
"ENSG00000136960.13","ENPP2",1,0,1,1,1,1684,"Not_Significant",0
"ENSG00000119865.9","CNRIP1",2,0,2,1,1,1685,"Not_Significant",0
"ENSG00000271797.1","AC008494.3",1,0,1,1,1,1686,"Not_Significant",0
"ENSG00000059728.11","MXD1",1,0,1,1,1,1687,"Not_Significant",0
"ENSG00000183134.5","PTGDR2",1,0,1,1,1,1688,"Not_Significant",0
"ENSG00000092421.17","SEMA6A",3,1,2,1,1,1689,"Not_Significant",0
"ENSG00000249279.6","LINC02057",1,0,1,1,1,1690,"Not_Significant",0
"ENSG00000005108.16","THSD7A",1,0,1,1,1,1691,"Not_Significant",0
"ENSG00000153162.9","BMP6",3,1,2,1,1,1692,"Not_Significant",0
"ENSG00000163637.13","PRICKLE2",1,0,1,1,1,1693,"Not_Significant",0
"ENSG00000182175.14","RGMA",1,0,1,1,1,1694,"Not_Significant",0
"ENSG00000159307.19","SCUBE1",1,0,1,1,1,1695,"Not_Significant",0
"ENSG00000166250.12","CLMP",1,0,1,1,1,1696,"Not_Significant",0
"ENSG00000186265.10","BTLA",2,1,1,1,1,1697,"Not_Significant",0
"ENSG00000134533.6","RERG",2,1,1,1,1,1698,"Not_Significant",0
"ENSG00000162614.19","NEXN",2,0,2,1,1,1699,"Not_Significant",0
"ENSG00000025423.11","HSD17B6",3,2,1,1,1,1700,"Not_Significant",0
"ENSG00000167315.18","ACAA2",2,0,2,1,1,1701,"Not_Significant",0
"ENSG00000164199.18","ADGRV1",1,0,1,1,1,1702,"Not_Significant",0
"ENSG00000144426.18","NBEAL1",1,0,1,1,1,1703,"Not_Significant",0
"ENSG00000133104.14","SPART",1,0,1,1,1,1704,"Not_Significant",0
"ENSG00000150593.18","PDCD4",1,0,1,1,1,1705,"Not_Significant",0
"ENSG00000115041.13","KCNIP3",1,0,1,1,1,1706,"Not_Significant",0
"ENSG00000179163.12","FUCA1",2,0,2,1,1,1707,"Not_Significant",0
"ENSG00000076258.10","FMO4",2,0,2,1,1,1708,"Not_Significant",0
"ENSG00000080031.10","PTPRH",1,0,1,1,1,1709,"Not_Significant",0
"ENSG00000143995.20","MEIS1",1,0,1,1,1,1710,"Not_Significant",0
"ENSG00000033122.21","LRRC7",1,0,1,1,1,1711,"Not_Significant",0
"ENSG00000112619.8","PRPH2",1,0,1,1,1,1712,"Not_Significant",0
"ENSG00000124772.12","CPNE5",1,0,1,1,1,1713,"Not_Significant",0
"ENSG00000144648.16","ACKR2",2,0,2,1,1,1714,"Not_Significant",0
"ENSG00000074755.15","ZZEF1",1,0,1,1,1,1715,"Not_Significant",0
"ENSG00000101049.17","SGK2",2,0,2,1,1,1716,"Not_Significant",0
"ENSG00000267272.5","LINC01140",2,0,2,1,1,1717,"Not_Significant",0
"ENSG00000188916.9","INSYN2A",3,2,1,1,1,1718,"Not_Significant",0
"ENSG00000242732.4","RTL5",2,0,2,1,1,1719,"Not_Significant",0
"ENSG00000135916.16","ITM2C",1,0,1,1,1,1720,"Not_Significant",0
"ENSG00000227908.3","FLJ31104",1,0,1,1,1,1721,"Not_Significant",0
"ENSG00000148842.18","CNNM2",1,0,1,1,1,1722,"Not_Significant",0
"ENSG00000263264.2","AC119396.1",1,0,1,1,1,1723,"Not_Significant",0
"ENSG00000154917.11","RAB6B",3,1,2,1,1,1724,"Not_Significant",0
"ENSG00000154188.10","ANGPT1",2,0,2,1,1,1725,"Not_Significant",0
"ENSG00000058668.15","ATP2B4",1,0,1,1,1,1726,"Not_Significant",0
"ENSG00000172578.12","KLHL6",1,0,1,1,1,1727,"Not_Significant",0
"ENSG00000119138.4","KLF9",2,0,2,1,1,1728,"Not_Significant",0
"ENSG00000118402.6","ELOVL4",1,0,1,1,1,1729,"Not_Significant",0
"ENSG00000269834.6","ZNF528-AS1",1,0,1,1,1,1730,"Not_Significant",0
"ENSG00000172348.15","RCAN2",1,0,1,1,1,1731,"Not_Significant",0
"ENSG00000164442.10","CITED2",1,0,1,1,1,1732,"Not_Significant",0
"ENSG00000162897.16","FCAMR",2,0,2,1,1,1733,"Not_Significant",0
"ENSG00000000971.16","CFH",2,0,2,1,1,1734,"Not_Significant",0
"ENSG00000285706.1","AL807776.1",1,0,1,1,1,1735,"Not_Significant",0
"ENSG00000166025.18","AMOTL1",1,0,1,1,1,1736,"Not_Significant",0
"ENSG00000160685.13","ZBTB7B",1,0,1,1,1,1737,"Not_Significant",0
"ENSG00000211648.2","IGLV1-47",1,0,1,1,1,1738,"Not_Significant",0
"ENSG00000169282.18","KCNAB1",2,0,2,1,1,1739,"Not_Significant",0
"ENSG00000146006.8","LRRTM2",2,1,1,1,1,1740,"Not_Significant",0
"ENSG00000234155.1","LINC02535",1,0,1,1,1,1741,"Not_Significant",0
"ENSG00000211666.2","IGLV2-14",1,0,1,1,1,1742,"Not_Significant",0
"ENSG00000149557.14","FEZ1",2,1,1,1,1,1743,"Not_Significant",0
"ENSG00000151882.11","CCL28",1,0,1,1,1,1744,"Not_Significant",0
"ENSG00000157514.16","TSC22D3",2,0,2,1,1,1745,"Not_Significant",0
"ENSG00000164197.12","RNF180",2,0,2,1,1,1746,"Not_Significant",0
"ENSG00000240184.7","PCDHGC3",1,0,1,1,1,1747,"Not_Significant",0
"ENSG00000152763.17","DNAI4",1,0,1,1,1,1748,"Not_Significant",0
"ENSG00000174460.4","ZCCHC12",2,1,1,1,1,1749,"Not_Significant",0
"ENSG00000137273.6","FOXF2",3,2,1,1,1,1750,"Not_Significant",0
"ENSG00000162373.13","BEND5",2,0,2,1,1,1751,"Not_Significant",0
"ENSG00000186204.15","CYP4F12",2,0,2,1,1,1752,"Not_Significant",0
"ENSG00000179954.16","SSC5D",2,0,2,1,1,1753,"Not_Significant",0
"ENSG00000248441.7","LINC01197",2,0,2,1,1,1754,"Not_Significant",0
"ENSG00000177455.15","CD19",3,2,1,1,1,1755,"Not_Significant",0
"ENSG00000166532.16","RIMKLB",1,0,1,1,1,1756,"Not_Significant",0
"ENSG00000176593.8","AC008969.1",1,0,1,1,1,1757,"Not_Significant",0
"ENSG00000211935.3","IGHV1-3",1,0,1,1,1,1758,"Not_Significant",0
"ENSG00000187658.7","C5orf52",1,0,1,1,1,1759,"Not_Significant",0
"ENSG00000135437.10","RDH5",2,0,2,1,1,1760,"Not_Significant",0
"ENSG00000064886.14","CHI3L2",2,1,1,1,1,1761,"Not_Significant",0
"ENSG00000119938.9","PPP1R3C",2,1,1,1,1,1762,"Not_Significant",0
"ENSG00000167117.10","ANKRD40CL",2,1,1,1,1,1763,"Not_Significant",0
"ENSG00000144857.14","BOC",2,0,2,1,1,1764,"Not_Significant",0
"ENSG00000159176.14","CSRP1",2,0,2,1,1,1765,"Not_Significant",0
"ENSG00000075340.23","ADD2",2,1,1,1,1,1766,"Not_Significant",0
"ENSG00000171174.15","RBKS",2,0,2,1,1,1767,"Not_Significant",0
"ENSG00000243238.1","IGKV2-30",1,0,1,1,1,1768,"Not_Significant",0
"ENSG00000119227.8","PIGZ",1,0,1,1,1,1769,"Not_Significant",0
"ENSG00000204175.5","GPRIN2",2,1,1,1,1,1770,"Not_Significant",0
"ENSG00000234175.1","AL355355.2",1,0,1,1,1,1771,"Not_Significant",0
"ENSG00000115468.12","EFHD1",1,0,1,1,1,1772,"Not_Significant",0
"ENSG00000227051.7","C14orf132",1,0,1,1,1,1773,"Not_Significant",0
"ENSG00000114166.8","KAT2B",2,0,2,1,1,1774,"Not_Significant",0
"ENSG00000166793.13","YPEL4",1,0,1,1,1,1775,"Not_Significant",0
"ENSG00000178537.10","SLC25A20",2,0,2,1,1,1776,"Not_Significant",0
"ENSG00000151702.17","FLI1",2,1,1,1,1,1777,"Not_Significant",0
"ENSG00000172828.13","CES3",2,0,2,1,1,1778,"Not_Significant",0
"ENSG00000139193.4","CD27",2,1,1,1,1,1779,"Not_Significant",0
"ENSG00000267414.1","SETBP1-DT",1,0,1,1,1,1780,"Not_Significant",0
"ENSG00000119946.11","CNNM1",3,2,1,1,1,1781,"Not_Significant",0
"ENSG00000134061.5","CD180",1,0,1,1,1,1782,"Not_Significant",0
"ENSG00000138685.17","FGF2",1,0,1,1,1,1783,"Not_Significant",0
"ENSG00000198046.12","ZNF667",2,0,2,1,1,1784,"Not_Significant",0
"ENSG00000136044.12","APPL2",1,0,1,1,1,1785,"Not_Significant",0
"ENSG00000151079.7","KCNA6",1,0,1,1,1,1786,"Not_Significant",0
"ENSG00000007264.15","MATK",1,0,1,1,1,1787,"Not_Significant",0
"ENSG00000128918.15","ALDH1A2",1,0,1,1,1,1788,"Not_Significant",0
"ENSG00000141447.18","OSBPL1A",1,0,1,1,1,1789,"Not_Significant",0
"ENSG00000259342.1","AC025580.1",2,1,1,1,1,1790,"Not_Significant",0
"ENSG00000168016.15","TRANK1",1,0,1,1,1,1791,"Not_Significant",0
"ENSG00000204161.14","TMEM273",2,0,2,1,1,1792,"Not_Significant",0
"ENSG00000254703.2","SENCR",1,0,1,1,1,1793,"Not_Significant",0
"ENSG00000243244.7","STON1",2,0,2,1,1,1794,"Not_Significant",0
"ENSG00000272462.3","U91328.1",1,0,1,1,1,1795,"Not_Significant",0
"ENSG00000169851.15","PCDH7",2,1,1,1,1,1796,"Not_Significant",0
"ENSG00000163520.14","FBLN2",1,0,1,1,1,1797,"Not_Significant",0
"ENSG00000179277.9","MEIS3P1",1,0,1,1,1,1798,"Not_Significant",0
"ENSG00000151229.13","SLC2A13",1,0,1,1,1,1799,"Not_Significant",0
"ENSG00000166143.10","PPP1R14D",2,1,1,1,1,1800,"Not_Significant",0
"ENSG00000177363.5","LRRN4CL",1,0,1,1,1,1801,"Not_Significant",0
"ENSG00000137251.16","TINAG",3,2,1,1,1,1802,"Not_Significant",0
"ENSG00000171433.12","GLOD5",2,0,2,1,1,1803,"Not_Significant",0
"ENSG00000149218.5","ENDOD1",2,1,1,1,1,1804,"Not_Significant",0
"ENSG00000143382.15","ADAMTSL4",2,0,2,1,1,1805,"Not_Significant",0
"ENSG00000204131.9","NHSL2",1,0,1,1,1,1806,"Not_Significant",0
"ENSG00000250510.8","GPR162",2,0,2,1,1,1807,"Not_Significant",0
"ENSG00000176472.10","ZNF575",1,0,1,1,1,1808,"Not_Significant",0
"ENSG00000162407.9","PLPP3",1,0,1,1,1,1809,"Not_Significant",0
"ENSG00000064652.11","SNX24",1,0,1,1,1,1810,"Not_Significant",0
"ENSG00000178146.9","GK4P",2,1,1,1,1,1811,"Not_Significant",0
"ENSG00000196924.19","FLNA",2,1,1,1,1,1812,"Not_Significant",0
"ENSG00000151320.11","AKAP6",1,0,1,1,1,1813,"Not_Significant",0
"ENSG00000129538.14","RNASE1",1,0,1,1,1,1814,"Not_Significant",0
"ENSG00000205363.6","INSYN1",1,0,1,1,1,1815,"Not_Significant",0
"ENSG00000268027.5","AC243960.1",1,0,1,1,1,1816,"Not_Significant",0
"ENSG00000278828.1","H3C10",3,2,1,1,1,1817,"Not_Significant",0
"ENSG00000122786.20","CALD1",2,0,2,1,1,1818,"Not_Significant",0
"ENSG00000111796.4","KLRB1",1,0,1,1,1,1819,"Not_Significant",0
"ENSG00000120279.6","MYCT1",2,0,2,1,1,1820,"Not_Significant",0
"ENSG00000275025.1","AC002401.3",2,0,2,1,1,1821,"Not_Significant",0
"ENSG00000167664.8","TMIGD2",1,0,1,1,1,1822,"Not_Significant",0
"ENSG00000287527.1","AC005753.3",2,1,1,1,1,1823,"Not_Significant",0
"ENSG00000163449.11","TMEM169",1,0,1,1,1,1824,"Not_Significant",0
"ENSG00000188013.6","MEIS3P2",1,0,1,1,1,1825,"Not_Significant",0
"ENSG00000181751.10","MACIR",2,1,1,1,1,1826,"Not_Significant",0
"ENSG00000183801.8","OLFML1",1,0,1,1,1,1827,"Not_Significant",0
"ENSG00000126860.12","EVI2A",1,0,1,1,1,1828,"Not_Significant",0
"ENSG00000119782.14","FKBP1B",1,0,1,1,1,1829,"Not_Significant",0
"ENSG00000255277.3","ABCC6P2",1,0,1,1,1,1830,"Not_Significant",0
"ENSG00000104154.7","SLC30A4",1,0,1,1,1,1831,"Not_Significant",0
"ENSG00000106351.13","AGFG2",2,0,2,1,1,1832,"Not_Significant",0
"ENSG00000183580.10","FBXL7",1,0,1,1,1,1833,"Not_Significant",0
"ENSG00000253313.6","C1orf210",1,0,1,1,1,1834,"Not_Significant",0
"ENSG00000104870.13","FCGRT",2,0,2,1,1,1835,"Not_Significant",0
"ENSG00000215193.13","PEX26",1,0,1,1,1,1836,"Not_Significant",0
"ENSG00000152284.5","TCF7L1",2,0,2,1,1,1837,"Not_Significant",0
"ENSG00000268388.6","FENDRR",1,0,1,1,1,1838,"Not_Significant",0
"ENSG00000180573.9","H2AC6",2,1,1,1,1,1839,"Not_Significant",0
"ENSG00000197256.11","KANK2",2,0,2,1,1,1840,"Not_Significant",0
"ENSG00000120156.22","TEK",2,0,2,1,1,1841,"Not_Significant",0
"ENSG00000110324.11","IL10RA",1,0,1,1,1,1842,"Not_Significant",0
"ENSG00000170476.16","MZB1",1,0,1,1,1,1843,"Not_Significant",0
"ENSG00000263429.3","TMEM238L",1,0,1,1,1,1844,"Not_Significant",0
"ENSG00000155324.10","GRAMD2B",1,0,1,1,1,1845,"Not_Significant",0
"ENSG00000172803.18","SNX32",1,0,1,1,1,1846,"Not_Significant",0
"ENSG00000137936.18","BCAR3",1,0,1,1,1,1847,"Not_Significant",0
"ENSG00000169218.14","RSPO1",1,0,1,1,1,1848,"Not_Significant",0
"ENSG00000197872.11","CYRIA",2,0,2,1,1,1849,"Not_Significant",0
"ENSG00000120915.14","EPHX2",2,0,2,1,1,1850,"Not_Significant",0
"ENSG00000136052.9","SLC41A2",2,0,2,1,1,1851,"Not_Significant",0
"ENSG00000274750.2","H3C6",3,2,1,1,1,1852,"Not_Significant",0
"ENSG00000211947.2","IGHV3-21",2,1,1,1,1,1853,"Not_Significant",0
"ENSG00000158517.15","NCF1",1,0,1,1,1,1854,"Not_Significant",0
"ENSG00000162894.12","FCMR",2,1,1,1,1,1855,"Not_Significant",0
"ENSG00000206538.9","VGLL3",3,1,2,1,1,1856,"Not_Significant",0
"ENSG00000170456.16","DENND5B",2,0,2,1,1,1857,"Not_Significant",0
"ENSG00000219481.10","NBPF1",1,0,1,1,1,1858,"Not_Significant",0
"ENSG00000167074.15","TEF",1,0,1,1,1,1859,"Not_Significant",0
"ENSG00000081853.15","PCDHGA2",2,0,2,1,1,1860,"Not_Significant",0
"ENSG00000171115.4","GIMAP8",2,0,2,1,1,1861,"Not_Significant",0
"ENSG00000158158.12","CNNM4",2,1,1,1,1,1862,"Not_Significant",0
"ENSG00000197535.15","MYO5A",2,1,1,1,1,1863,"Not_Significant",0
"ENSG00000116574.6","RHOU",2,0,2,1,1,1864,"Not_Significant",0
"ENSG00000075142.14","SRI",2,1,1,1,1,1865,"Not_Significant",0
"ENSG00000203497.2","PDCD4-AS1",2,1,1,1,1,1866,"Not_Significant",0
"ENSG00000240875.6","LINC00886",1,0,1,1,1,1867,"Not_Significant",0
"ENSG00000110077.14","MS4A6A",1,0,1,1,1,1868,"Not_Significant",0
"ENSG00000170989.10","S1PR1",2,0,2,1,1,1869,"Not_Significant",0
"ENSG00000165548.11","TMEM63C",2,1,1,1,1,1870,"Not_Significant",0
"ENSG00000173372.17","C1QA",1,0,1,1,1,1871,"Not_Significant",0
"ENSG00000186281.12","GPAT2",1,0,1,1,1,1872,"Not_Significant",0
"ENSG00000163534.15","FCRL1",2,1,1,1,1,1873,"Not_Significant",0
"ENSG00000108924.14","HLF",2,0,2,1,1,1874,"Not_Significant",0
"ENSG00000150681.10","RGS18",1,0,1,1,1,1875,"Not_Significant",0
"ENSG00000185862.7","EVI2B",2,1,1,1,1,1876,"Not_Significant",0
"ENSG00000139567.13","ACVRL1",1,0,1,1,1,1877,"Not_Significant",0
"ENSG00000167705.12","RILP",2,0,2,1,1,1878,"Not_Significant",0
"ENSG00000087085.16","ACHE",3,2,1,1,1,1879,"Not_Significant",0
"ENSG00000105755.8","ETHE1",1,0,1,1,1,1880,"Not_Significant",0
"ENSG00000171747.9","LGALS4",1,0,1,1,1,1881,"Not_Significant",0
"ENSG00000130558.20","OLFM1",1,0,1,1,1,1882,"Not_Significant",0
"ENSG00000068831.19","RASGRP2",1,0,1,1,1,1883,"Not_Significant",0
"ENSG00000256139.2","AC007637.1",1,0,1,1,1,1884,"Not_Significant",0
"ENSG00000166126.11","AMN",1,0,1,1,1,1885,"Not_Significant",0
"ENSG00000137225.13","CAPN11",2,0,2,1,1,1886,"Not_Significant",0
"ENSG00000276141.4","WHAMMP3",1,0,1,1,1,1887,"Not_Significant",0
"ENSG00000184451.5","CCR10",1,0,1,1,1,1888,"Not_Significant",0
"ENSG00000135063.19","FAM189A2",2,0,2,1,1,1889,"Not_Significant",0
"ENSG00000120162.10","MOB3B",4,2,2,1,1,1890,"Not_Significant",0
"ENSG00000189077.11","TMEM120A",2,0,2,1,1,1891,"Not_Significant",0
"ENSG00000135914.6","HTR2B",1,0,1,1,1,1892,"Not_Significant",0
"ENSG00000153823.19","PID1",2,0,2,1,1,1893,"Not_Significant",0
"ENSG00000134363.12","FST",1,0,1,1,1,1894,"Not_Significant",0
"ENSG00000182578.14","CSF1R",1,0,1,1,1,1895,"Not_Significant",0
"ENSG00000043039.7","BARX2",2,1,1,1,1,1896,"Not_Significant",0
"ENSG00000111424.12","VDR",2,1,1,1,1,1897,"Not_Significant",0
"ENSG00000150048.10","CLEC1A",2,0,2,1,1,1898,"Not_Significant",0
"ENSG00000100292.18","HMOX1",1,0,1,1,1,1899,"Not_Significant",0
"ENSG00000103942.13","HOMER2",1,0,1,1,1,1900,"Not_Significant",0
"ENSG00000234618.1","RPSAP9",2,0,2,1,1,1901,"Not_Significant",0
"ENSG00000173258.13","ZNF483",2,0,2,1,1,1902,"Not_Significant",0
"ENSG00000187260.16","WDR86",1,0,1,1,1,1903,"Not_Significant",0
"ENSG00000172673.11","THEMIS",1,0,1,1,1,1904,"Not_Significant",0
"ENSG00000188921.14","HACD4",1,0,1,1,1,1905,"Not_Significant",0
"ENSG00000109265.14","CRACD",3,2,1,1,1,1906,"Not_Significant",0
"ENSG00000183049.13","CAMK1D",1,0,1,1,1,1907,"Not_Significant",0
"ENSG00000164035.10","EMCN",2,0,2,1,1,1908,"Not_Significant",0
"ENSG00000280135.1","AL096816.1",2,1,1,1,1,1909,"Not_Significant",0
"ENSG00000156804.7","FBXO32",2,1,1,1,1,1910,"Not_Significant",0
"ENSG00000154864.13","PIEZO2",3,2,1,1,1,1911,"Not_Significant",0
"ENSG00000158828.8","PINK1",2,0,2,1,1,1912,"Not_Significant",0
"ENSG00000139433.11","GLTP",1,0,1,1,1,1913,"Not_Significant",0
"ENSG00000248334.6","WHAMMP2",2,0,2,1,1,1914,"Not_Significant",0
"ENSG00000166265.13","CYYR1",2,0,2,1,1,1915,"Not_Significant",0
"ENSG00000185561.10","TLCD2",1,0,1,1,1,1916,"Not_Significant",0
"ENSG00000249631.6","AC005699.1",1,0,1,1,1,1917,"Not_Significant",0
"ENSG00000154263.17","ABCA10",2,0,2,1,1,1918,"Not_Significant",0
"ENSG00000169508.7","GPR183",1,0,1,1,1,1919,"Not_Significant",0
"ENSG00000184012.13","TMPRSS2",1,0,1,1,1,1920,"Not_Significant",0
"ENSG00000069974.16","RAB27A",2,0,2,1,1,1921,"Not_Significant",0
"ENSG00000255150.2","EID3",1,0,1,1,1,1922,"Not_Significant",0
"ENSG00000136235.17","GPNMB",1,0,1,1,1,1923,"Not_Significant",0
"ENSG00000110013.13","SIAE",1,0,1,1,1,1924,"Not_Significant",0
"ENSG00000161533.12","ACOX1",2,0,2,1,1,1925,"Not_Significant",0
"ENSG00000227191.8","TRGC2",2,1,1,1,1,1926,"Not_Significant",0
"ENSG00000131845.15","ZNF304",1,0,1,1,1,1927,"Not_Significant",0
"ENSG00000185811.19","IKZF1",2,1,1,1,1,1928,"Not_Significant",0
"ENSG00000103710.11","RASL12",3,1,2,1,1,1929,"Not_Significant",0
"ENSG00000188060.7","RAB42",1,0,1,1,1,1930,"Not_Significant",0
"ENSG00000255587.9","RAB44",2,0,2,1,1,1931,"Not_Significant",0
"ENSG00000235863.4","B3GALT4",2,1,1,1,1,1932,"Not_Significant",0
"ENSG00000211891.6","IGHE",2,1,1,1,1,1933,"Not_Significant",0
"ENSG00000095203.14","EPB41L4B",1,0,1,1,1,1934,"Not_Significant",0
"ENSG00000272686.1","WASL-DT",1,0,1,1,1,1935,"Not_Significant",0
"ENSG00000064787.13","BCAS1",2,1,1,1,1,1936,"Not_Significant",0
"ENSG00000103184.12","SEC14L5",2,0,2,1,1,1937,"Not_Significant",0
"ENSG00000102468.11","HTR2A",2,0,2,1,1,1938,"Not_Significant",0
"ENSG00000267787.7","AC027097.2",1,0,1,1,1,1939,"Not_Significant",0
"ENSG00000265519.1","AC015922.2",1,0,1,1,1,1940,"Not_Significant",0
"ENSG00000245025.3","AC107959.1",2,0,2,1,1,1941,"Not_Significant",0
"ENSG00000282885.2","AL627171.2",1,0,1,1,1,1942,"Not_Significant",0
"ENSG00000088256.9","GNA11",1,0,1,1,1,1943,"Not_Significant",0
"ENSG00000158373.8","H2BC5",2,1,1,1,1,1944,"Not_Significant",0
"ENSG00000127990.19","SGCE",2,0,2,1,1,1945,"Not_Significant",0
"ENSG00000120913.23","PDLIM2",2,0,2,1,1,1946,"Not_Significant",0
"ENSG00000245105.4","A2M-AS1",2,0,2,1,1,1947,"Not_Significant",0
"ENSG00000279118.1","AC093535.2",2,0,2,1,1,1948,"Not_Significant",0
"ENSG00000164237.9","CMBL",2,0,2,1,1,1949,"Not_Significant",0
"ENSG00000223394.2","TRBV29OR9-2",1,0,1,1,1,1950,"Not_Significant",0
"ENSG00000287406.1","AC098656.1",1,0,1,1,1,1951,"Not_Significant",0
"ENSG00000162949.16","CAPN13",3,2,1,1,1,1952,"Not_Significant",0
"ENSG00000185275.6","CD24P4",2,0,2,1,1,1953,"Not_Significant",0
"ENSG00000232284.7","GNG12-AS1",2,0,2,1,1,1954,"Not_Significant",0
"ENSG00000167741.11","GGT6",1,0,1,1,1,1955,"Not_Significant",0
"ENSG00000100368.14","CSF2RB",2,1,1,1,1,1956,"Not_Significant",0
"ENSG00000249740.3","OSMR-AS1",1,0,1,1,1,1957,"Not_Significant",0
"ENSG00000197937.13","ZNF347",1,0,1,1,1,1958,"Not_Significant",0
"ENSG00000163412.13","EIF4E3",1,0,1,1,1,1959,"Not_Significant",0
"ENSG00000117020.18","AKT3",4,2,2,1,1,1960,"Not_Significant",0
"ENSG00000104043.15","ATP8B4",2,0,2,1,1,1961,"Not_Significant",0
"ENSG00000166963.13","MAP1A",2,1,1,1,1,1962,"Not_Significant",0
"ENSG00000287743.1","AL031289.2",2,1,1,1,1,1963,"Not_Significant",0
"ENSG00000110900.16","TSPAN11",1,0,1,1,1,1964,"Not_Significant",0
"ENSG00000100490.9","CDKL1",1,0,1,1,1,1965,"Not_Significant",0
"ENSG00000170458.14","CD14",1,0,1,1,1,1966,"Not_Significant",0
"ENSG00000117592.9","PRDX6",2,0,2,1,1,1967,"Not_Significant",0
"ENSG00000231205.11","ZNF826P",2,1,1,1,1,1968,"Not_Significant",0
"ENSG00000134516.18","DOCK2",1,0,1,1,1,1969,"Not_Significant",0
"ENSG00000023902.14","PLEKHO1",1,0,1,1,1,1970,"Not_Significant",0
"ENSG00000072952.19","IRAG1",2,1,1,1,1,1971,"Not_Significant",0
"ENSG00000159733.14","ZFYVE28",1,0,1,1,1,1972,"Not_Significant",0
"ENSG00000174600.14","CMKLR1",2,1,1,1,1,1973,"Not_Significant",0
"ENSG00000158201.10","ABHD3",2,1,1,1,1,1974,"Not_Significant",0
"ENSG00000226791.7","LINC02611",2,1,1,1,1,1975,"Not_Significant",0
"ENSG00000163492.15","CCDC141",2,0,2,1,1,1976,"Not_Significant",0
"ENSG00000128011.5","LRFN1",2,1,1,1,1,1977,"Not_Significant",0
"ENSG00000157168.20","NRG1",1,0,1,1,1,1978,"Not_Significant",0
"ENSG00000185133.14","INPP5J",2,1,1,1,1,1979,"Not_Significant",0
"ENSG00000171100.15","MTM1",2,0,2,1,1,1980,"Not_Significant",0
"ENSG00000117682.17","DHDDS",1,0,1,1,1,1981,"Not_Significant",0
"ENSG00000122707.12","RECK",1,0,1,1,1,1982,"Not_Significant",0
"ENSG00000120899.18","PTK2B",1,0,1,1,1,1983,"Not_Significant",0
"ENSG00000101782.15","RIOK3",1,0,1,1,1,1984,"Not_Significant",0
"ENSG00000164976.9","MYORG",2,0,2,1,1,1985,"Not_Significant",0
"ENSG00000162104.10","ADCY9",2,1,1,1,1,1986,"Not_Significant",0
"ENSG00000111684.11","LPCAT3",2,0,2,1,1,1987,"Not_Significant",0
"ENSG00000101265.16","RASSF2",1,0,1,1,1,1988,"Not_Significant",0
"ENSG00000204851.7","PNMA8B",1,0,1,1,1,1989,"Not_Significant",0
"ENSG00000230490.3","AL139383.1",1,0,1,1,1,1990,"Not_Significant",0
"ENSG00000237438.7","CECR7",1,0,1,1,1,1991,"Not_Significant",0
"ENSG00000185527.12","PDE6G",2,1,1,1,1,1992,"Not_Significant",0
"ENSG00000236915.2","CLCA4-AS1",1,0,1,1,1,1993,"Not_Significant",0
"ENSG00000092850.12","TEKT2",1,0,1,1,1,1994,"Not_Significant",0
"ENSG00000112799.9","LY86",1,0,1,1,1,1995,"Not_Significant",0
"ENSG00000249898.8","MCPH1-AS1",1,0,1,1,1,1996,"Not_Significant",0
"ENSG00000197106.7","SLC6A17",2,1,1,1,1,1997,"Not_Significant",0
"ENSG00000135617.4","PRADC1",2,0,2,1,1,1998,"Not_Significant",0
"ENSG00000197245.6","FAM110D",2,0,2,1,1,1999,"Not_Significant",0
"ENSG00000164626.9","KCNK5",1,0,1,1,1,2000,"Not_Significant",0
"ENSG00000269243.1","AC008894.2",3,2,1,1,1,2001,"Not_Significant",0
"ENSG00000246430.7","LINC00968",1,0,1,1,1,2002,"Not_Significant",0
"ENSG00000197540.8","GZMM",1,0,1,1,1,2003,"Not_Significant",0
"ENSG00000225762.1","LINC01389",2,1,1,1,1,2004,"Not_Significant",0
"ENSG00000211949.3","IGHV3-23",2,1,1,1,1,2005,"Not_Significant",0
"ENSG00000160539.6","PLPP7",1,0,1,1,1,2006,"Not_Significant",0
"ENSG00000266865.6","AC138207.8",1,0,1,1,1,2007,"Not_Significant",0
"ENSG00000204323.5","SMIM5",2,1,1,1,1,2008,"Not_Significant",0
"ENSG00000183578.8","TNFAIP8L3",1,0,1,1,1,2009,"Not_Significant",0
"ENSG00000213713.3","PIGCP1",2,1,1,1,1,2010,"Not_Significant",0
"ENSG00000115425.14","PECR",2,0,2,1,1,2011,"Not_Significant",0
"ENSG00000114698.15","PLSCR4",2,0,2,1,1,2012,"Not_Significant",0
"ENSG00000180596.7","H2BC4",2,1,1,1,1,2013,"Not_Significant",0
"ENSG00000198894.8","CIPC",1,0,1,1,1,2014,"Not_Significant",0
"ENSG00000079102.16","RUNX1T1",1,0,1,1,1,2015,"Not_Significant",0
"ENSG00000151967.18","SCHIP1",1,0,1,1,1,2016,"Not_Significant",0
"ENSG00000150995.20","ITPR1",2,0,2,1,1,2017,"Not_Significant",0
"ENSG00000112139.16","MDGA1",2,1,1,1,1,2018,"Not_Significant",0
"ENSG00000236466.2","AL035670.1",1,0,1,1,1,2019,"Not_Significant",0
"ENSG00000171428.15","NAT1",3,1,2,1,1,2020,"Not_Significant",0
"ENSG00000143167.12","GPA33",1,0,1,1,1,2021,"Not_Significant",0
"ENSG00000060971.19","ACAA1",2,0,2,1,1,2022,"Not_Significant",0
"ENSG00000268505.1","AC135012.3",1,0,1,1,1,2023,"Not_Significant",0
"ENSG00000272079.2","AC004233.2",2,1,1,1,1,2024,"Not_Significant",0
"ENSG00000155846.17","PPARGC1B",1,0,1,1,1,2025,"Not_Significant",0
"ENSG00000110090.13","CPT1A",1,0,1,1,1,2026,"Not_Significant",0
"ENSG00000180447.7","GAS1",1,0,1,1,1,2027,"Not_Significant",0
"ENSG00000133574.10","GIMAP4",1,0,1,1,1,2028,"Not_Significant",0
"ENSG00000213316.10","LTC4S",1,0,1,1,1,2029,"Not_Significant",0
"ENSG00000111077.18","TNS2",2,0,2,1,1,2030,"Not_Significant",0
"ENSG00000211964.3","IGHV3-48",2,1,1,1,1,2031,"Not_Significant",0
"ENSG00000126785.13","RHOJ",2,0,2,1,1,2032,"Not_Significant",0
"ENSG00000127920.6","GNG11",2,0,2,1,1,2033,"Not_Significant",0
"ENSG00000185630.19","PBX1",2,1,1,1,1,2034,"Not_Significant",0
"ENSG00000060140.9","STYK1",2,1,1,1,1,2035,"Not_Significant",0
"ENSG00000160471.13","COX6B2",4,3,1,1,1,2036,"Not_Significant",0
"ENSG00000121895.8","TMEM156",4,3,1,1,1,2037,"Not_Significant",0
"ENSG00000262294.1","AC129507.2",1,0,1,1,1,2038,"Not_Significant",0
"ENSG00000279631.1","AL158211.5",1,0,1,1,1,2039,"Not_Significant",0
"ENSG00000075884.14","ARHGAP15",1,0,1,1,1,2040,"Not_Significant",0
"ENSG00000163249.13","CCNYL1",1,0,1,1,1,2041,"Not_Significant",0
"ENSG00000128487.17","SPECC1",2,1,1,1,1,2042,"Not_Significant",0
"ENSG00000142875.19","PRKACB",1,0,1,1,1,2043,"Not_Significant",0
"ENSG00000133958.13","UNC79",2,1,1,1,1,2044,"Not_Significant",0
"ENSG00000176049.16","JAKMIP2",1,0,1,1,1,2045,"Not_Significant",0
"ENSG00000125510.18","OPRL1",1,0,1,1,1,2046,"Not_Significant",0
"ENSG00000223572.10","CKMT1A",2,1,1,1,1,2047,"Not_Significant",0
"ENSG00000117245.13","KIF17",2,0,2,1,1,2048,"Not_Significant",0
"ENSG00000082146.13","STRADB",1,0,1,1,1,2049,"Not_Significant",0
"ENSG00000188993.3","LRRC66",2,1,1,1,1,2050,"Not_Significant",0
"ENSG00000185156.6","MFSD6L",3,2,1,1,1,2051,"Not_Significant",0
"ENSG00000113205.5","PCDHB3",1,0,1,1,1,2052,"Not_Significant",0
"ENSG00000144136.11","SLC20A1",3,2,1,1,1,2053,"Not_Significant",0
"ENSG00000157554.19","ERG",1,0,1,1,1,2054,"Not_Significant",0
"ENSG00000172159.16","FRMD3",2,1,1,1,1,2055,"Not_Significant",0
"ENSG00000124203.6","ZNF831",2,1,1,1,1,2056,"Not_Significant",0
"ENSG00000154678.18","PDE1C",3,1,2,1,1,2057,"Not_Significant",0
"ENSG00000145012.13","LPP",1,0,1,1,1,2058,"Not_Significant",0
"ENSG00000076356.7","PLXNA2",1,0,1,1,1,2059,"Not_Significant",0
"ENSG00000181444.13","ZNF467",2,1,1,1,1,2060,"Not_Significant",0
"ENSG00000118257.17","NRP2",1,0,1,1,1,2061,"Not_Significant",0
"ENSG00000197128.12","ZNF772",1,0,1,1,1,2062,"Not_Significant",0
"ENSG00000129048.7","ACKR4",2,1,1,1,1,2063,"Not_Significant",0
"ENSG00000131094.4","C1QL1",2,1,1,1,1,2064,"Not_Significant",0
"ENSG00000152760.10","TCTEX1D1",2,0,2,1,1,2065,"Not_Significant",0
"ENSG00000119514.7","GALNT12",3,1,2,1,1,2066,"Not_Significant",0
"ENSG00000069764.10","PLA2G10",2,1,1,1,1,2067,"Not_Significant",0
"ENSG00000104903.5","LYL1",1,0,1,1,1,2068,"Not_Significant",0
"ENSG00000100889.12","PCK2",2,0,2,1,1,2069,"Not_Significant",0
"ENSG00000107864.15","CPEB3",2,0,2,1,1,2070,"Not_Significant",0
"ENSG00000204706.14","MAMDC2-AS1",1,0,1,1,1,2071,"Not_Significant",0
"ENSG00000224812.3","TMEM72-AS1",2,1,1,1,1,2072,"Not_Significant",0
"ENSG00000138600.10","SPPL2A",2,0,2,1,1,2073,"Not_Significant",0
"ENSG00000135426.16","TESPA1",3,2,1,1,1,2074,"Not_Significant",0
"ENSG00000053524.12","MCF2L2",2,1,1,1,1,2075,"Not_Significant",0
"ENSG00000153094.24","BCL2L11",1,0,1,1,1,2076,"Not_Significant",0
"ENSG00000053254.16","FOXN3",2,0,2,1,1,2077,"Not_Significant",0
"ENSG00000198785.7","GRIN3A",1,0,1,1,1,2078,"Not_Significant",0
"ENSG00000129194.8","SOX15",2,0,2,1,1,2079,"Not_Significant",0
"ENSG00000187416.12","LHFPL3",2,1,1,1,1,2080,"Not_Significant",0
"ENSG00000182048.11","TRPC2",1,0,1,1,1,2081,"Not_Significant",0
"ENSG00000137491.15","SLCO2B1",2,0,2,1,1,2082,"Not_Significant",0
"ENSG00000182985.18","CADM1",2,0,2,1,1,2083,"Not_Significant",0
"ENSG00000143515.19","ATP8B2",1,0,1,1,1,2084,"Not_Significant",0
"ENSG00000143185.4","XCL2",1,0,1,1,1,2085,"Not_Significant",0
"ENSG00000171817.17","ZNF540",1,0,1,1,1,2086,"Not_Significant",0
"ENSG00000135363.12","LMO2",1,0,1,1,1,2087,"Not_Significant",0
"ENSG00000127914.18","AKAP9",1,0,1,1,1,2088,"Not_Significant",0
"ENSG00000176845.13","METRNL",2,1,1,1,1,2089,"Not_Significant",0
"ENSG00000102409.10","BEX4",1,0,1,1,1,2090,"Not_Significant",0
"ENSG00000082196.21","C1QTNF3",1,0,1,1,1,2091,"Not_Significant",0
"ENSG00000178977.3","LINC00324",1,0,1,1,1,2092,"Not_Significant",0
"ENSG00000070759.17","TESK2",2,0,2,1,1,2093,"Not_Significant",0
"ENSG00000104756.16","KCTD9",1,0,1,1,1,2094,"Not_Significant",0
"ENSG00000105246.6","EBI3",1,0,1,1,1,2095,"Not_Significant",0
"ENSG00000124942.14","AHNAK",1,0,1,1,1,2096,"Not_Significant",0
"ENSG00000271614.1","ATP2B1-AS1",2,0,2,1,1,2097,"Not_Significant",0
"ENSG00000111727.12","HCFC2",1,0,1,1,1,2098,"Not_Significant",0
"ENSG00000166924.9","NYAP1",2,0,2,1,1,2099,"Not_Significant",0
"ENSG00000137171.15","KLC4",2,0,2,1,1,2100,"Not_Significant",0
"ENSG00000228903.7","RASA4CP",1,0,1,1,1,2101,"Not_Significant",0
"ENSG00000198961.10","PJA2",1,0,1,1,1,2102,"Not_Significant",0
"ENSG00000119950.21","MXI1",2,0,2,1,1,2103,"Not_Significant",0
"ENSG00000258791.9","LINC00520",1,0,1,1,1,2104,"Not_Significant",0
"ENSG00000162444.12","RBP7",1,0,1,1,1,2105,"Not_Significant",0
"ENSG00000185070.11","FLRT2",2,1,1,1,1,2106,"Not_Significant",0
"ENSG00000260615.1","RPL23AP97",1,0,1,1,1,2107,"Not_Significant",0
"ENSG00000261934.2","PCDHGA9",3,1,2,1,1,2108,"Not_Significant",0
"ENSG00000259134.7","LINC00924",1,0,1,1,1,2109,"Not_Significant",0
"ENSG00000165406.16","MARCHF8",1,0,1,1,1,2110,"Not_Significant",0
"ENSG00000285928.1","AC103591.4",1,0,1,1,1,2111,"Not_Significant",0
"ENSG00000130449.6","ZSWIM6",1,0,1,1,1,2112,"Not_Significant",0
"ENSG00000006555.11","TTC22",2,1,1,1,1,2113,"Not_Significant",0
"ENSG00000249119.1","MTND6P4",2,0,2,1,1,2114,"Not_Significant",0
"ENSG00000165895.19","ARHGAP42",1,0,1,1,1,2115,"Not_Significant",0
"ENSG00000126353.3","CCR7",3,2,1,1,1,2116,"Not_Significant",0
"ENSG00000148180.21","GSN",2,0,2,1,1,2117,"Not_Significant",0
"ENSG00000156381.9","ANKRD9",1,0,1,1,1,2118,"Not_Significant",0
"ENSG00000015285.11","WAS",1,0,1,1,1,2119,"Not_Significant",0
"ENSG00000162458.13","FBLIM1",2,1,1,1,1,2120,"Not_Significant",0
"ENSG00000077420.16","APBB1IP",1,0,1,1,1,2121,"Not_Significant",0
"ENSG00000157823.17","AP3S2",1,0,1,1,1,2122,"Not_Significant",0
"ENSG00000173040.13","EVC2",2,1,1,1,1,2123,"Not_Significant",0
"ENSG00000214900.11","LINC01588",1,0,1,1,1,2124,"Not_Significant",0
"ENSG00000204314.12","PRRT1",1,0,1,1,1,2125,"Not_Significant",0
"ENSG00000187736.13","NHEJ1",1,0,1,1,1,2126,"Not_Significant",0
"ENSG00000284237.1","LINC02767",1,0,1,1,1,2127,"Not_Significant",0
"ENSG00000171056.8","SOX7",3,0,3,1,1,2128,"Not_Significant",0
"ENSG00000160445.11","ZER1",1,0,1,1,1,2129,"Not_Significant",0
"ENSG00000162545.6","CAMK2N1",1,0,1,1,1,2130,"Not_Significant",0
"ENSG00000220205.9","VAMP2",1,0,1,1,1,2131,"Not_Significant",0
"ENSG00000197594.13","ENPP1",2,0,2,1,1,2132,"Not_Significant",0
"ENSG00000227376.1","FTH1P16",1,0,1,1,1,2133,"Not_Significant",0
"ENSG00000114790.13","ARHGEF26",2,0,2,1,1,2134,"Not_Significant",0
"ENSG00000235545.1","AC103923.1",1,0,1,1,1,2135,"Not_Significant",0
"ENSG00000197467.16","COL13A1",3,2,1,1,1,2136,"Not_Significant",0
"ENSG00000166710.21","B2M",1,0,1,1,1,2137,"Not_Significant",0
"ENSG00000073417.15","PDE8A",1,0,1,1,1,2138,"Not_Significant",0
"ENSG00000263823.1","AC009831.1",2,0,2,1,1,2139,"Not_Significant",0
"ENSG00000260698.1","AL591848.2",2,1,1,1,1,2140,"Not_Significant",0
"ENSG00000131409.13","LRRC4B",1,0,1,1,1,2141,"Not_Significant",0
"ENSG00000088756.13","ARHGAP28",1,0,1,1,1,2142,"Not_Significant",0
"ENSG00000272568.6","AC005162.2",1,0,1,1,1,2143,"Not_Significant",0
"ENSG00000198346.11","ZNF813",1,0,1,1,1,2144,"Not_Significant",0
"ENSG00000167107.13","ACSF2",1,0,1,1,1,2145,"Not_Significant",0
"ENSG00000260025.1","CRIM1-DT",2,1,1,1,1,2146,"Not_Significant",0
"ENSG00000110848.8","CD69",1,0,1,1,1,2147,"Not_Significant",0
"ENSG00000218052.5","ADAMTS7P4",1,0,1,1,1,2148,"Not_Significant",0
"ENSG00000178075.20","GRAMD1C",1,0,1,1,1,2149,"Not_Significant",0
"ENSG00000165424.7","ZCCHC24",2,0,2,1,1,2150,"Not_Significant",0
"ENSG00000135362.14","PRR5L",1,0,1,1,1,2151,"Not_Significant",0
"ENSG00000137486.17","ARRB1",1,0,1,1,1,2152,"Not_Significant",0
"ENSG00000162804.14","SNED1",2,0,2,1,1,2153,"Not_Significant",0
"ENSG00000276231.5","PIK3R6",1,0,1,1,1,2154,"Not_Significant",0
"ENSG00000177453.7","NIM1K",2,1,1,1,1,2155,"Not_Significant",0
"ENSG00000047346.12","FAM214A",1,0,1,1,1,2156,"Not_Significant",0
"ENSG00000164440.15","TXLNB",1,0,1,1,1,2157,"Not_Significant",0
"ENSG00000276855.1","AC015922.3",2,0,2,1,1,2158,"Not_Significant",0
"ENSG00000217275.2","AL031777.1",3,2,1,1,1,2159,"Not_Significant",0
"ENSG00000254893.6","AC113404.3",1,0,1,1,1,2160,"Not_Significant",0
"ENSG00000135299.17","ANKRD6",1,0,1,1,1,2161,"Not_Significant",0
"ENSG00000269186.3","LINC01082",1,0,1,1,1,2162,"Not_Significant",0
"ENSG00000126467.11","TSKS",1,0,1,1,1,2163,"Not_Significant",0
"ENSG00000259330.3","INAFM2",1,0,1,1,1,2164,"Not_Significant",0
"ENSG00000136059.14","VILL",2,1,1,1,1,2165,"Not_Significant",0
"ENSG00000143061.18","IGSF3",2,1,1,1,1,2166,"Not_Significant",0
"ENSG00000050405.13","LIMA1",1,0,1,1,1,2167,"Not_Significant",0
"ENSG00000134138.20","MEIS2",1,0,1,1,1,2168,"Not_Significant",0
"ENSG00000179909.15","ZNF154",2,0,2,1,1,2169,"Not_Significant",0
"ENSG00000181035.14","SLC25A42",2,0,2,1,1,2170,"Not_Significant",0
"ENSG00000169918.10","OTUD7A",2,0,2,1,1,2171,"Not_Significant",0
"ENSG00000173482.17","PTPRM",2,0,2,1,1,2172,"Not_Significant",0
"ENSG00000155666.12","KDM8",2,0,2,1,1,2173,"Not_Significant",0
"ENSG00000103175.11","WFDC1",1,0,1,1,1,2174,"Not_Significant",0
"ENSG00000162616.9","DNAJB4",2,0,2,1,1,2175,"Not_Significant",0
"ENSG00000178562.18","CD28",2,1,1,1,1,2176,"Not_Significant",0
"ENSG00000285103.2","AL451123.1",2,1,1,1,1,2177,"Not_Significant",0
"ENSG00000254783.1","AP003084.1",1,0,1,1,1,2178,"Not_Significant",0
"ENSG00000143375.15","CGN",1,0,1,1,1,2179,"Not_Significant",0
"ENSG00000278962.1","AC092645.1",1,0,1,1,1,2180,"Not_Significant",0
"ENSG00000106789.13","CORO2A",3,2,1,1,1,2181,"Not_Significant",0
"ENSG00000157184.7","CPT2",2,0,2,1,1,2182,"Not_Significant",0
"ENSG00000086570.12","FAT2",1,0,1,1,1,2183,"Not_Significant",0
"ENSG00000145088.9","EAF2",1,0,1,1,1,2184,"Not_Significant",0
"ENSG00000225279.2","AL121987.1",1,0,1,1,1,2185,"Not_Significant",0
"ENSG00000181585.7","TMIE",2,0,2,1,1,2186,"Not_Significant",0
"ENSG00000146859.6","TMEM140",1,0,1,1,1,2187,"Not_Significant",0
"ENSG00000116016.14","EPAS1",3,0,3,1,1,2188,"Not_Significant",0
"ENSG00000250282.1","AC002401.2",1,0,1,1,1,2189,"Not_Significant",0
"ENSG00000244124.1","ATP1B3-AS1",2,1,1,1,1,2190,"Not_Significant",0
"ENSG00000173727.12","AP000769.1",2,1,1,1,1,2191,"Not_Significant",0
"ENSG00000155744.9","FAM126B",1,0,1,1,1,2192,"Not_Significant",0
"ENSG00000177599.13","ZNF491",1,0,1,1,1,2193,"Not_Significant",0
"ENSG00000086288.12","NME8",1,0,1,1,1,2194,"Not_Significant",0
"ENSG00000140450.9","ARRDC4",1,0,1,1,1,2195,"Not_Significant",0
"ENSG00000223361.5","FTH1P10",1,0,1,1,1,2196,"Not_Significant",0
"ENSG00000112245.12","PTP4A1",1,0,1,1,1,2197,"Not_Significant",0
"ENSG00000263432.2","RN7SL689P",1,0,1,1,1,2198,"Not_Significant",0
"ENSG00000139946.10","PELI2",2,0,2,1,1,2199,"Not_Significant",0
"ENSG00000214562.15","NUTM2D",1,0,1,1,1,2200,"Not_Significant",0
"ENSG00000163958.14","ZDHHC19",2,0,2,1,1,2201,"Not_Significant",0
"ENSG00000187244.12","BCAM",1,0,1,1,1,2202,"Not_Significant",0
"ENSG00000266903.2","AC243964.3",1,0,1,1,1,2203,"Not_Significant",0
"ENSG00000117298.16","ECE1",1,0,1,1,1,2204,"Not_Significant",0
"ENSG00000024422.12","EHD2",1,0,1,1,1,2205,"Not_Significant",0
"ENSG00000277224.2","H2BC7",3,2,1,1,1,2206,"Not_Significant",0
"ENSG00000182890.5","GLUD2",1,0,1,1,1,2207,"Not_Significant",0
"ENSG00000103489.12","XYLT1",2,1,1,1,1,2208,"Not_Significant",0
"ENSG00000221923.9","ZNF880",1,0,1,1,1,2209,"Not_Significant",0
"ENSG00000132561.14","MATN2",2,0,2,1,1,2210,"Not_Significant",0
"ENSG00000105750.15","ZNF85",2,1,1,1,1,2211,"Not_Significant",0
"ENSG00000140479.18","PCSK6",3,1,2,1,1,2212,"Not_Significant",0
"ENSG00000180353.11","HCLS1",1,0,1,1,1,2213,"Not_Significant",0
"ENSG00000254535.4","PABPC4L",1,0,1,1,1,2214,"Not_Significant",0
"ENSG00000005238.20","FAM214B",1,0,1,1,1,2215,"Not_Significant",0
"ENSG00000150907.10","FOXO1",1,0,1,1,1,2216,"Not_Significant",0
"ENSG00000140009.18","ESR2",2,0,2,1,1,2217,"Not_Significant",0
"ENSG00000167601.12","AXL",2,1,1,1,1,2218,"Not_Significant",0
"ENSG00000127955.17","GNAI1",2,0,2,1,1,2219,"Not_Significant",0
"ENSG00000104324.16","CPQ",1,0,1,1,1,2220,"Not_Significant",0
"ENSG00000143409.15","MINDY1",1,0,1,1,1,2221,"Not_Significant",0
"ENSG00000184669.9","OR7E14P",1,0,1,1,1,2222,"Not_Significant",0
"ENSG00000070778.13","PTPN21",1,0,1,1,1,2223,"Not_Significant",0
"ENSG00000187720.14","THSD4",1,0,1,1,1,2224,"Not_Significant",0
"ENSG00000176148.16","TCP11L1",3,2,1,1,1,2225,"Not_Significant",0
"ENSG00000134245.18","WNT2B",2,1,1,1,1,2226,"Not_Significant",0
"ENSG00000138769.11","CDKL2",2,1,1,1,1,2227,"Not_Significant",0
"ENSG00000130307.12","USHBP1",1,0,1,1,1,2228,"Not_Significant",0
"ENSG00000165959.12","CLMN",1,0,1,1,1,2229,"Not_Significant",0
"ENSG00000134982.17","APC",1,0,1,1,1,2230,"Not_Significant",0
"ENSG00000146555.19","SDK1",1,0,1,1,1,2231,"Not_Significant",0
"ENSG00000161714.12","PLCD3",2,1,1,1,1,2232,"Not_Significant",0
"ENSG00000158006.14","PAFAH2",2,0,2,1,1,2233,"Not_Significant",0
"ENSG00000100412.17","ACO2",1,0,1,1,1,2234,"Not_Significant",0
"ENSG00000176435.7","CLEC14A",1,0,1,1,1,2235,"Not_Significant",0
"ENSG00000118640.11","VAMP8",1,0,1,1,1,2236,"Not_Significant",0
"ENSG00000077782.21","FGFR1",3,1,2,1,1,2237,"Not_Significant",0
"ENSG00000235501.6","AC105942.1",1,0,1,1,1,2238,"Not_Significant",0
"ENSG00000133424.22","LARGE1",1,0,1,1,1,2239,"Not_Significant",0
"ENSG00000114023.15","FAM162A",1,0,1,1,1,2240,"Not_Significant",0
"ENSG00000144935.15","TRPC1",2,1,1,1,1,2241,"Not_Significant",0
"ENSG00000107185.10","RGP1",1,0,1,1,1,2242,"Not_Significant",0
"ENSG00000159720.12","ATP6V0D1",1,0,1,1,1,2243,"Not_Significant",0
"ENSG00000118922.17","KLF12",2,0,2,1,1,2244,"Not_Significant",0
"ENSG00000188761.13","BCL2L15",3,2,1,1,1,2245,"Not_Significant",0
"ENSG00000242242.6","NECTIN3-AS1",2,0,2,1,1,2246,"Not_Significant",0
"ENSG00000176014.13","TUBB6",3,1,2,1,1,2247,"Not_Significant",0
"ENSG00000101844.18","ATG4A",1,0,1,1,1,2248,"Not_Significant",0
"ENSG00000026103.22","FAS",1,0,1,1,1,2249,"Not_Significant",0
"ENSG00000054277.14","OPN3",2,1,1,1,1,2250,"Not_Significant",0
"ENSG00000249679.2","AC106897.1",1,0,1,1,1,2251,"Not_Significant",0
"ENSG00000167323.11","STIM1",1,0,1,1,1,2252,"Not_Significant",0
"ENSG00000204370.13","SDHD",2,0,2,1,1,2253,"Not_Significant",0
"ENSG00000179918.19","SEPHS2",3,1,2,1,1,2254,"Not_Significant",0
"ENSG00000270964.1","AC016355.1",1,0,1,1,1,2255,"Not_Significant",0
"ENSG00000132535.21","DLG4",1,0,1,1,1,2256,"Not_Significant",0
"ENSG00000272221.1","AL645933.2",1,0,1,1,1,2257,"Not_Significant",0
"ENSG00000076513.17","ANKRD13A",1,0,1,1,1,2258,"Not_Significant",0
"ENSG00000181350.12","LRRC75A",2,1,1,1,1,2259,"Not_Significant",0
"ENSG00000135828.11","RNASEL",1,0,1,1,1,2260,"Not_Significant",0
"ENSG00000072609.18","CHFR",1,0,1,1,1,2261,"Not_Significant",0
"ENSG00000122122.10","SASH3",2,1,1,1,1,2262,"Not_Significant",0
"ENSG00000169372.13","CRADD",2,0,2,1,1,2263,"Not_Significant",0
"ENSG00000179981.11","TSHZ1",1,0,1,1,1,2264,"Not_Significant",0
"ENSG00000278396.1","AL122023.1",1,0,1,1,1,2265,"Not_Significant",0
"ENSG00000176788.9","BASP1",2,1,1,1,1,2266,"Not_Significant",0
"ENSG00000224051.7","CPTP",2,0,2,1,1,2267,"Not_Significant",0
"ENSG00000131981.16","LGALS3",2,1,1,1,1,2268,"Not_Significant",0
"ENSG00000117054.14","ACADM",2,0,2,1,1,2269,"Not_Significant",0
"ENSG00000236444.5","UBE2L5",2,0,2,1,1,2270,"Not_Significant",0
"ENSG00000163541.12","SUCLG1",2,0,2,1,1,2271,"Not_Significant",0
"ENSG00000154025.16","SLC5A10",1,0,1,1,1,2272,"Not_Significant",0
"ENSG00000160325.15","CACFD1",2,1,1,1,1,2273,"Not_Significant",0
"ENSG00000204581.3","ACOXL-AS1",1,0,1,1,1,2274,"Not_Significant",0
"ENSG00000123338.13","NCKAP1L",2,1,1,1,1,2275,"Not_Significant",0
"ENSG00000173269.14","MMRN2",2,0,2,1,1,2276,"Not_Significant",0
"ENSG00000282840.1","AC004554.1",1,0,1,1,1,2277,"Not_Significant",0
"ENSG00000253831.3","ETV3L",2,1,1,1,1,2278,"Not_Significant",0
"ENSG00000164488.12","DACT2",1,0,1,1,1,2279,"Not_Significant",0
"ENSG00000165507.9","DEPP1",1,0,1,1,1,2280,"Not_Significant",0
"ENSG00000231013.2","SCTR-AS1",2,1,1,1,1,2281,"Not_Significant",0
"ENSG00000248144.6","ADH1C",1,0,1,1,1,2282,"Not_Significant",0
"ENSG00000234810.4","AL603840.1",1,0,1,1,1,2283,"Not_Significant",0
"ENSG00000281969.1","AL592158.1",1,0,1,1,1,2284,"Not_Significant",0
"ENSG00000226409.3","AL450332.1",1,0,1,1,1,2285,"Not_Significant",0
"ENSG00000213791.4","AC104212.2",1,0,1,1,1,2286,"Not_Significant",0
"ENSG00000279484.2","KLHL30-AS1",1,0,1,1,1,2287,"Not_Significant",0
"ENSG00000165376.11","CLDN2",2,1,1,1,1,2288,"Not_Significant",0
"ENSG00000285051.2","SLC7A14-AS1",1,0,1,1,1,2289,"Not_Significant",0
"ENSG00000164007.11","CLDN19",1,0,1,1,1,2290,"Not_Significant",0
"ENSG00000117507.6","FMO6P",1,0,1,1,1,2291,"Not_Significant",0
"ENSG00000105974.13","CAV1",2,1,1,1,1,2292,"Not_Significant",0
"ENSG00000109061.10","MYH1",1,0,1,1,1,2293,"Not_Significant",0
"ENSG00000125845.7","BMP2",2,1,1,1,1,2294,"Not_Significant",0
"ENSG00000080166.16","DCT",1,0,1,1,1,2295,"Not_Significant",0
"ENSG00000143196.5","DPT",1,0,1,1,1,2296,"Not_Significant",0
"ENSG00000182118.8","FAM89A",2,1,1,1,1,2297,"Not_Significant",0
"ENSG00000280339.1","AP001528.2",1,0,1,1,1,2298,"Not_Significant",0
"ENSG00000196549.12","MME",1,0,1,1,1,2299,"Not_Significant",0
"ENSG00000258479.6","LINC00640",1,0,1,1,1,2300,"Not_Significant",0
"ENSG00000286289.1","AL133482.1",2,1,1,1,1,2301,"Not_Significant",0
"ENSG00000167641.11","PPP1R14A",1,0,1,1,1,2302,"Not_Significant",0
"ENSG00000122592.8","HOXA7",1,0,1,1,1,2303,"Not_Significant",0
"ENSG00000179094.16","PER1",1,0,1,1,1,2304,"Not_Significant",0
"ENSG00000186081.12","KRT5",2,1,1,1,1,2305,"Not_Significant",0
"ENSG00000149488.13","TMC2",2,1,1,1,1,2306,"Not_Significant",0
"ENSG00000095713.14","CRTAC1",1,0,1,1,1,2307,"Not_Significant",0
"ENSG00000234884.2","AL022329.1",1,0,1,1,1,2308,"Not_Significant",0
"ENSG00000227094.1","AL512785.1",1,0,1,1,1,2309,"Not_Significant",0
"ENSG00000231768.2","LINC01354",2,0,2,1,1,2310,"Not_Significant",0
"ENSG00000235387.5","SPAAR",1,0,1,1,1,2311,"Not_Significant",0
"ENSG00000230461.9","PROX1-AS1",2,1,1,1,1,2312,"Not_Significant",0
"ENSG00000163735.7","CXCL5",4,3,1,1,1,2313,"Not_Significant",0
"ENSG00000186832.9","KRT16",2,1,1,1,1,2314,"Not_Significant",0
"ENSG00000286805.1","AL138716.1",3,2,1,1,1,2315,"Not_Significant",0
"ENSG00000182732.18","RGS6",1,0,1,1,1,2316,"Not_Significant",0
"ENSG00000129455.15","KLK8",2,1,1,1,1,2317,"Not_Significant",0
"ENSG00000124935.4","SCGB1D2",2,1,1,1,1,2318,"Not_Significant",0
"ENSG00000178878.13","APOLD1",1,0,1,1,1,2319,"Not_Significant",0
"ENSG00000224613.7","AC095032.1",1,0,1,1,1,2320,"Not_Significant",0
"ENSG00000167772.12","ANGPTL4",1,0,1,1,1,2321,"Not_Significant",0
"ENSG00000187185.4","AC092118.1",1,0,1,1,1,2322,"Not_Significant",0
"ENSG00000109610.6","SOD3",2,1,1,1,1,2323,"Not_Significant",0
"ENSG00000077264.15","PAK3",1,0,1,1,1,2324,"Not_Significant",0
"ENSG00000186847.6","KRT14",1,0,1,1,1,2325,"Not_Significant",0
"ENSG00000165349.12","SLC7A3",1,0,1,1,1,2326,"Not_Significant",0
"ENSG00000149090.12","PAMR1",1,0,1,1,1,2327,"Not_Significant",0
"ENSG00000164736.6","SOX17",1,0,1,1,1,2328,"Not_Significant",0
"ENSG00000287232.1","AC079848.2",1,0,1,1,1,2329,"Not_Significant",0
"ENSG00000258572.1","AL133467.1",1,0,1,1,1,2330,"Not_Significant",0
"ENSG00000249669.10","CARMN",1,0,1,1,1,2331,"Not_Significant",0
"ENSG00000167755.15","KLK6",2,1,1,1,1,2332,"Not_Significant",0
"ENSG00000163734.4","CXCL3",4,3,1,1,1,2333,"Not_Significant",0
"ENSG00000091513.16","TF",1,0,1,1,1,2334,"Not_Significant",0
"ENSG00000205221.12","VIT",1,0,1,1,1,2335,"Not_Significant",0
"ENSG00000105971.15","CAV2",1,0,1,1,1,2336,"Not_Significant",0
"ENSG00000277631.5","PGM5P3-AS1",1,0,1,1,1,2337,"Not_Significant",0
"ENSG00000187715.13","KBTBD12",1,0,1,1,1,2338,"Not_Significant",0
"ENSG00000204767.4","INSYN2B",1,0,1,1,1,2339,"Not_Significant",0
"ENSG00000257060.7","AC091078.1",1,0,1,1,1,2340,"Not_Significant",0
"ENSG00000134765.10","DSC1",1,0,1,1,1,2341,"Not_Significant",0
"ENSG00000288048.1","AC104088.3",1,0,1,1,1,2342,"Not_Significant",0
"ENSG00000083067.23","TRPM3",1,0,1,1,1,2343,"Not_Significant",0
"ENSG00000154928.18","EPHB1",1,0,1,1,1,2344,"Not_Significant",0
"ENSG00000106006.6","HOXA6",1,0,1,1,1,2345,"Not_Significant",0
"ENSG00000250056.8","LINC01018",1,0,1,1,1,2346,"Not_Significant",0
"ENSG00000106004.5","HOXA5",1,0,1,1,1,2347,"Not_Significant",0
"ENSG00000127743.6","IL17B",2,1,1,1,1,2348,"Not_Significant",0
"ENSG00000147862.17","NFIB",1,0,1,1,1,2349,"Not_Significant",0
"ENSG00000164330.17","EBF1",1,0,1,1,1,2350,"Not_Significant",0
"ENSG00000133067.17","LGR6",2,1,1,1,1,2351,"Not_Significant",0
"ENSG00000261616.1","AC036108.3",1,0,1,1,1,2352,"Not_Significant",0
"ENSG00000186150.5","UBL4B",1,0,1,1,1,2353,"Not_Significant",0
"ENSG00000129757.14","CDKN1C",1,0,1,1,1,2354,"Not_Significant",0
"ENSG00000099260.11","PALMD",2,0,2,1,1,2355,"Not_Significant",0
"ENSG00000154856.13","APCDD1",3,2,1,1,1,2356,"Not_Significant",0
"ENSG00000130176.8","CNN1",1,0,1,1,1,2357,"Not_Significant",0
"ENSG00000286288.1","AL109809.4",2,1,1,1,1,2358,"Not_Significant",0
"ENSG00000261390.6","MAFTRR",2,0,2,1,1,2359,"Not_Significant",0
"ENSG00000090659.18","CD209",1,0,1,1,1,2360,"Not_Significant",0
"ENSG00000128573.26","FOXP2",1,0,1,1,1,2361,"Not_Significant",0
"ENSG00000186642.16","PDE2A",1,0,1,1,1,2362,"Not_Significant",0
"ENSG00000119771.15","KLHL29",3,2,1,1,1,2363,"Not_Significant",0
"ENSG00000109956.13","B3GAT1",1,0,1,1,1,2364,"Not_Significant",0
"ENSG00000259683.1","AC243562.2",2,1,1,1,1,2365,"Not_Significant",0
"ENSG00000166960.16","CCDC178",1,0,1,1,1,2366,"Not_Significant",0
"ENSG00000233766.7","CAVIN2-AS1",1,0,1,1,1,2367,"Not_Significant",0
"ENSG00000152463.15","OLAH",1,0,1,1,1,2368,"Not_Significant",0
"ENSG00000165621.8","OXGR1",2,1,1,1,1,2369,"Not_Significant",0
"ENSG00000133392.18","MYH11",1,0,1,1,1,2370,"Not_Significant",0
"ENSG00000266265.4","KLF14",1,0,1,1,1,2371,"Not_Significant",0
"ENSG00000182950.3","ODF3L1",1,0,1,1,1,2372,"Not_Significant",0
"ENSG00000182263.14","FIGN",1,0,1,1,1,2373,"Not_Significant",0
"ENSG00000109819.9","PPARGC1A",1,0,1,1,1,2374,"Not_Significant",0
"ENSG00000189134.4","NKAPL",1,0,1,1,1,2375,"Not_Significant",0
"ENSG00000233926.1","AL591368.1",1,0,1,1,1,2376,"Not_Significant",0
"ENSG00000223656.1","HMGB3P10",2,0,2,1,1,2377,"Not_Significant",0
"ENSG00000260192.3","LINC02240",1,0,1,1,1,2378,"Not_Significant",0
"ENSG00000232528.3","AL109809.1",2,1,1,1,1,2379,"Not_Significant",0
"ENSG00000163431.13","LMOD1",1,0,1,1,1,2380,"Not_Significant",0
"ENSG00000134760.6","DSG1",2,1,1,1,1,2381,"Not_Significant",0
"ENSG00000101349.17","PAK5",2,1,1,1,1,2382,"Not_Significant",0
"ENSG00000104490.18","NCALD",1,0,1,1,1,2383,"Not_Significant",0
"ENSG00000171885.18","AQP4",1,0,1,1,1,2384,"Not_Significant",0
"ENSG00000149575.9","SCN2B",1,0,1,1,1,2385,"Not_Significant",0
"ENSG00000146005.4","PSD2",1,0,1,1,1,2386,"Not_Significant",0
"ENSG00000048540.15","LMO3",1,0,1,1,1,2387,"Not_Significant",0
"ENSG00000176076.7","KCNE5",1,0,1,1,1,2388,"Not_Significant",0
"ENSG00000103034.14","NDRG4",3,2,1,1,1,2389,"Not_Significant",0
"ENSG00000248668.3","OXCT1-AS1",2,1,1,1,1,2390,"Not_Significant",0
"ENSG00000241644.2","INMT",1,0,1,1,1,2391,"Not_Significant",0
"ENSG00000168824.14","NSG1",1,0,1,1,1,2392,"Not_Significant",0
"ENSG00000149970.16","CNKSR2",1,0,1,1,1,2393,"Not_Significant",0
"ENSG00000146477.6","SLC22A3",2,1,1,1,1,2394,"Not_Significant",0
"ENSG00000251257.2","AC010457.1",2,1,1,1,1,2395,"Not_Significant",0
"ENSG00000183960.9","KCNH8",2,1,1,1,1,2396,"Not_Significant",0
"ENSG00000232803.1","SLCO4A1-AS1",4,3,1,1,1,2397,"Not_Significant",0
"ENSG00000229116.3","AL137026.1",1,0,1,1,1,2398,"Not_Significant",0
"ENSG00000070182.21","SPTB",1,0,1,1,1,2399,"Not_Significant",0
"ENSG00000166173.11","LARP6",2,1,1,1,1,2400,"Not_Significant",0
"ENSG00000274021.1","AC024909.1",2,0,2,1,1,2401,"Not_Significant",0
"ENSG00000077274.9","CAPN6",2,1,1,1,1,2402,"Not_Significant",0
"ENSG00000099957.16","P2RX6",2,0,2,1,1,2403,"Not_Significant",0
"ENSG00000137960.6","GIPC2",1,0,1,1,1,2404,"Not_Significant",0
"ENSG00000113594.10","LIFR",2,0,2,1,1,2405,"Not_Significant",0
"ENSG00000153291.16","SLC25A27",3,1,2,1,1,2406,"Not_Significant",0
"ENSG00000267304.1","AC004637.1",1,0,1,1,1,2407,"Not_Significant",0
"ENSG00000254369.6","HOXA-AS3",1,0,1,1,1,2408,"Not_Significant",0
"ENSG00000003096.14","KLHL13",1,0,1,1,1,2409,"Not_Significant",0
"ENSG00000278266.1","AC079949.2",3,1,2,1,1,2410,"Not_Significant",0
"ENSG00000106714.17","CNTNAP3",1,0,1,1,1,2411,"Not_Significant",0
"ENSG00000180525.13","PRR26",1,0,1,1,1,2412,"Not_Significant",0
"ENSG00000136158.12","SPRY2",2,0,2,1,1,2413,"Not_Significant",0
"ENSG00000078399.19","HOXA9",1,0,1,1,1,2414,"Not_Significant",0
"ENSG00000154529.15","CNTNAP3B",1,0,1,1,1,2415,"Not_Significant",0
"ENSG00000254862.5","LGR4-AS1",1,0,1,1,1,2416,"Not_Significant",0
"ENSG00000151623.15","NR3C2",1,0,1,1,1,2417,"Not_Significant",0
"ENSG00000135046.14","ANXA1",2,1,1,1,1,2418,"Not_Significant",0
"ENSG00000230587.2","LINC02580",1,0,1,1,1,2419,"Not_Significant",0
"ENSG00000196139.14","AKR1C3",1,0,1,1,1,2420,"Not_Significant",0
"ENSG00000246228.6","CASC8",3,2,1,1,1,2421,"Not_Significant",0
"ENSG00000188626.6","GOLGA8M",1,0,1,1,1,2422,"Not_Significant",0
"ENSG00000286406.1","AC138776.1",1,0,1,1,1,2423,"Not_Significant",0
"ENSG00000131730.16","CKMT2",2,1,1,1,1,2424,"Not_Significant",0
"ENSG00000178722.13","C5orf64",1,0,1,1,1,2425,"Not_Significant",0
"ENSG00000283031.2","AC009242.1",1,0,1,1,1,2426,"Not_Significant",0
"ENSG00000162878.13","PKDCC",2,1,1,1,1,2427,"Not_Significant",0
"ENSG00000154330.13","PGM5",1,0,1,1,1,2428,"Not_Significant",0
"ENSG00000128422.17","KRT17",3,2,1,1,1,2429,"Not_Significant",0
"ENSG00000147257.15","GPC3",1,0,1,1,1,2430,"Not_Significant",0
"ENSG00000197696.10","NMB",3,2,1,1,1,2431,"Not_Significant",0
"ENSG00000264345.2","LINC01894",1,0,1,1,1,2432,"Not_Significant",0
"ENSG00000276476.3","LINC00540",1,0,1,1,1,2433,"Not_Significant",0
"ENSG00000272701.3","MESTIT1",1,0,1,1,1,2434,"Not_Significant",0
"ENSG00000224063.6","AC007319.1",1,0,1,1,1,2435,"Not_Significant",0
"ENSG00000088992.18","TESC",3,2,1,1,1,2436,"Not_Significant",0
"ENSG00000105996.7","HOXA2",1,0,1,1,1,2437,"Not_Significant",0
"ENSG00000169550.14","MUC15",1,0,1,1,1,2438,"Not_Significant",0
"ENSG00000108001.15","EBF3",2,1,1,1,1,2439,"Not_Significant",0
"ENSG00000101230.6","ISM1",2,0,2,1,1,2440,"Not_Significant",0
"ENSG00000274312.1","AC015722.2",1,0,1,1,1,2441,"Not_Significant",0
"ENSG00000223658.8","C1GALT1C1L",2,1,1,1,1,2442,"Not_Significant",0
"ENSG00000233608.4","TWIST2",2,1,1,1,1,2443,"Not_Significant",0
"ENSG00000168490.14","PHYHIP",1,0,1,1,1,2444,"Not_Significant",0
"ENSG00000280916.2","FOXCUT",3,2,1,1,1,2445,"Not_Significant",0
"ENSG00000076706.17","MCAM",2,1,1,1,1,2446,"Not_Significant",0
"ENSG00000161281.11","COX7A1",1,0,1,1,1,2447,"Not_Significant",0
"ENSG00000243836.5","WDR86-AS1",1,0,1,1,1,2448,"Not_Significant",0
"ENSG00000163827.13","LRRC2",1,0,1,1,1,2449,"Not_Significant",0
"ENSG00000170145.5","SIK2",2,0,2,1,1,2450,"Not_Significant",0
"ENSG00000253649.5","PRSS51",2,1,1,1,1,2451,"Not_Significant",0
"ENSG00000133401.16","PDZD2",1,0,1,1,1,2452,"Not_Significant",0
"ENSG00000223756.7","TSSC2",1,0,1,1,1,2453,"Not_Significant",0
"ENSG00000259407.1","AC021739.2",1,0,1,1,1,2454,"Not_Significant",0
"ENSG00000198885.10","ITPRIPL1",1,0,1,1,1,2455,"Not_Significant",0
"ENSG00000254847.1","AC009806.1",1,0,1,1,1,2456,"Not_Significant",0
"ENSG00000145113.22","MUC4",1,0,1,1,1,2457,"Not_Significant",0
"ENSG00000203930.12","LINC00632",2,1,1,1,1,2458,"Not_Significant",0
"ENSG00000141485.17","SLC13A5",1,0,1,1,1,2459,"Not_Significant",0
"ENSG00000253293.5","HOXA10",3,2,1,1,1,2460,"Not_Significant",0
"ENSG00000146592.17","CREB5",2,1,1,1,1,2461,"Not_Significant",0
"ENSG00000231826.6","LINC01819",2,1,1,1,1,2462,"Not_Significant",0
"ENSG00000144642.22","RBMS3",1,0,1,1,1,2463,"Not_Significant",0
"ENSG00000151962.8","RBM46",1,0,1,1,1,2464,"Not_Significant",0
"ENSG00000116690.13","PRG4",1,0,1,1,1,2465,"Not_Significant",0
"ENSG00000146374.14","RSPO3",2,0,2,1,1,2466,"Not_Significant",0
"ENSG00000283383.1","AC108477.1",1,0,1,1,1,2467,"Not_Significant",0
"ENSG00000285000.1","AC008581.2",1,0,1,1,1,2468,"Not_Significant",0
"ENSG00000102287.19","GABRE",4,3,1,1,1,2469,"Not_Significant",0
"ENSG00000115353.11","TACR1",1,0,1,1,1,2470,"Not_Significant",0
"ENSG00000164776.10","PHKG1",1,0,1,1,1,2471,"Not_Significant",0
"ENSG00000136826.15","KLF4",1,0,1,1,1,2472,"Not_Significant",0
"ENSG00000116711.10","PLA2G4A",1,0,1,1,1,2473,"Not_Significant",0
"ENSG00000167874.7","TMEM88",1,0,1,1,1,2474,"Not_Significant",0
"ENSG00000131016.17","AKAP12",1,0,1,1,1,2475,"Not_Significant",0
"ENSG00000154645.14","CHODL",1,0,1,1,1,2476,"Not_Significant",0
"ENSG00000257219.6","LNCOG",2,1,1,1,1,2477,"Not_Significant",0
"ENSG00000228649.9","SNHG26",2,1,1,1,1,2478,"Not_Significant",0
"ENSG00000174804.4","FZD4",1,0,1,1,1,2479,"Not_Significant",0
"ENSG00000282556.3","AC068733.3",1,0,1,1,1,2480,"Not_Significant",0
"ENSG00000073282.14","TP63",1,0,1,1,1,2481,"Not_Significant",0
"ENSG00000205611.5","LINC01597",1,0,1,1,1,2482,"Not_Significant",0
"ENSG00000126218.12","F10",2,0,2,1,1,2483,"Not_Significant",0
"ENSG00000146530.14","VWDE",2,1,1,1,1,2484,"Not_Significant",0
"ENSG00000184384.14","MAML2",2,1,1,1,1,2485,"Not_Significant",0
"ENSG00000260633.1","AC010207.1",1,0,1,1,1,2486,"Not_Significant",0
"ENSG00000203876.10","ADD3-AS1",1,0,1,1,1,2487,"Not_Significant",0
"ENSG00000152465.18","NMT2",1,0,1,1,1,2488,"Not_Significant",0
"ENSG00000277851.2","LINC02391",1,0,1,1,1,2489,"Not_Significant",0
"ENSG00000065534.19","MYLK",1,0,1,1,1,2490,"Not_Significant",0
"ENSG00000129680.16","MAP7D3",1,0,1,1,1,2491,"Not_Significant",0
"ENSG00000254602.2","AP000662.1",1,0,1,1,1,2492,"Not_Significant",0
"ENSG00000172399.6","MYOZ2",1,0,1,1,1,2493,"Not_Significant",0
"ENSG00000259920.1","AC007938.1",1,0,1,1,1,2494,"Not_Significant",0
"ENSG00000162772.17","ATF3",2,0,2,1,1,2495,"Not_Significant",0
"ENSG00000115596.4","WNT6",1,0,1,1,1,2496,"Not_Significant",0
"ENSG00000198483.13","ANKRD35",2,0,2,1,1,2497,"Not_Significant",0
"ENSG00000141052.18","MYOCD",1,0,1,1,1,2498,"Not_Significant",0
"ENSG00000146411.6","SLC2A12",1,0,1,1,1,2499,"Not_Significant",0
"ENSG00000140545.15","MFGE8",2,1,1,1,1,2500,"Not_Significant",0
"ENSG00000235172.8","LINC01366",1,0,1,1,1,2501,"Not_Significant",0
"ENSG00000182885.17","ADGRG3",1,0,1,1,1,2502,"Not_Significant",0
"ENSG00000175785.13","PRIMA1",1,0,1,1,1,2503,"Not_Significant",0
"ENSG00000198838.14","RYR3",1,0,1,1,1,2504,"Not_Significant",0
"ENSG00000178947.9","SMIM10L2A",2,1,1,1,1,2505,"Not_Significant",0
"ENSG00000267365.1","KCNJ2-AS1",1,0,1,1,1,2506,"Not_Significant",0
"ENSG00000113231.14","PDE8B",1,0,1,1,1,2507,"Not_Significant",0
"ENSG00000132170.23","PPARG",1,0,1,1,1,2508,"Not_Significant",0
"ENSG00000229619.4","MBNL1-AS1",1,0,1,1,1,2509,"Not_Significant",0
"ENSG00000146648.19","EGFR",1,0,1,1,1,2510,"Not_Significant",0
"ENSG00000198881.10","ASB12",1,0,1,1,1,2511,"Not_Significant",0
"ENSG00000253250.3","C8orf88",1,0,1,1,1,2512,"Not_Significant",0
"ENSG00000147251.15","DOCK11",1,0,1,1,1,2513,"Not_Significant",0
"ENSG00000158966.16","CACHD1",1,0,1,1,1,2514,"Not_Significant",0
"ENSG00000136014.12","USP44",1,0,1,1,1,2515,"Not_Significant",0
"ENSG00000127472.11","PLA2G5",1,0,1,1,1,2516,"Not_Significant",0
"ENSG00000287998.1","AC104232.3",1,0,1,1,1,2517,"Not_Significant",0
"ENSG00000250802.7","ZBED3-AS1",1,0,1,1,1,2518,"Not_Significant",0
"ENSG00000122121.11","XPNPEP2",1,0,1,1,1,2519,"Not_Significant",0
"ENSG00000177666.17","PNPLA2",1,0,1,1,1,2520,"Not_Significant",0
"ENSG00000165152.9","PGAP4",2,1,1,1,1,2521,"Not_Significant",0
"ENSG00000154134.15","ROBO3",1,0,1,1,1,2522,"Not_Significant",0
"ENSG00000186994.11","KANK3",1,0,1,1,1,2523,"Not_Significant",0
"ENSG00000197576.14","HOXA4",1,0,1,1,1,2524,"Not_Significant",0
"ENSG00000279013.1","AC110774.1",1,0,1,1,1,2525,"Not_Significant",0
"ENSG00000111716.14","LDHB",2,1,1,1,1,2526,"Not_Significant",0
"ENSG00000258498.8","DIO3OS",1,0,1,1,1,2527,"Not_Significant",0
"ENSG00000198478.8","SH3BGRL2",2,0,2,1,1,2528,"Not_Significant",0
"ENSG00000258311.5","AC009779.3",1,0,1,1,1,2529,"Not_Significant",0
"ENSG00000136002.20","ARHGEF4",1,0,1,1,1,2530,"Not_Significant",0
"ENSG00000250334.6","LINC00989",1,0,1,1,1,2531,"Not_Significant",0
"ENSG00000226953.8","NCKAP5-AS2",2,1,1,1,1,2532,"Not_Significant",0
"ENSG00000180875.5","GREM2",1,0,1,1,1,2533,"Not_Significant",0
"ENSG00000177627.11","C12orf54",1,0,1,1,1,2534,"Not_Significant",0
"ENSG00000249464.6","LINC01091",2,1,1,1,1,2535,"Not_Significant",0
"ENSG00000229847.9","EMX2OS",1,0,1,1,1,2536,"Not_Significant",0
"ENSG00000013297.12","CLDN11",1,0,1,1,1,2537,"Not_Significant",0
"ENSG00000238120.1","LINC01589",2,1,1,1,1,2538,"Not_Significant",0
"ENSG00000073464.13","CLCN4",2,1,1,1,1,2539,"Not_Significant",0
"ENSG00000164056.11","SPRY1",1,0,1,1,1,2540,"Not_Significant",0
"ENSG00000144229.12","THSD7B",1,0,1,1,1,2541,"Not_Significant",0
"ENSG00000276649.1","AL117335.1",2,1,1,1,1,2542,"Not_Significant",0
"ENSG00000185271.9","KLHL33",1,0,1,1,1,2543,"Not_Significant",0
"ENSG00000179242.16","CDH4",1,0,1,1,1,2544,"Not_Significant",0
"ENSG00000115226.10","FNDC4",2,0,2,1,1,2545,"Not_Significant",0
"ENSG00000238290.1","AL034417.2",1,0,1,1,1,2546,"Not_Significant",0
"ENSG00000003436.16","TFPI",2,0,2,1,1,2547,"Not_Significant",0
"ENSG00000134531.10","EMP1",1,0,1,1,1,2548,"Not_Significant",0
"ENSG00000248202.2","LINC02234",1,0,1,1,1,2549,"Not_Significant",0
"ENSG00000243422.2","RPL23AP49",1,0,1,1,1,2550,"Not_Significant",0
"ENSG00000128268.12","MGAT3",1,0,1,1,1,2551,"Not_Significant",0
"ENSG00000185920.16","PTCH1",1,0,1,1,1,2552,"Not_Significant",0
"ENSG00000141404.17","GNAL",1,0,1,1,1,2553,"Not_Significant",0
"ENSG00000074416.14","MGLL",2,0,2,1,1,2554,"Not_Significant",0
"ENSG00000078401.7","EDN1",1,0,1,1,1,2555,"Not_Significant",0
"ENSG00000180537.13","RNF182",3,2,1,1,1,2556,"Not_Significant",0
"ENSG00000123360.12","PDE1B",1,0,1,1,1,2557,"Not_Significant",0
"ENSG00000069431.11","ABCC9",1,0,1,1,1,2558,"Not_Significant",0
"ENSG00000104055.16","TGM5",2,1,1,1,1,2559,"Not_Significant",0
"ENSG00000177707.11","NECTIN3",1,0,1,1,1,2560,"Not_Significant",0
"ENSG00000230082.1","PRRT3-AS1",2,1,1,1,1,2561,"Not_Significant",0
"ENSG00000157368.11","IL34",2,1,1,1,1,2562,"Not_Significant",0
"ENSG00000163513.19","TGFBR2",1,0,1,1,1,2563,"Not_Significant",0
"ENSG00000182600.9","SNORC",2,1,1,1,1,2564,"Not_Significant",0
"ENSG00000122591.12","FAM126A",1,0,1,1,1,2565,"Not_Significant",0
"ENSG00000073712.15","FERMT2",2,0,2,1,1,2566,"Not_Significant",0
"ENSG00000177469.13","CAVIN1",2,1,1,1,1,2567,"Not_Significant",0
"ENSG00000078596.11","ITM2A",1,0,1,1,1,2568,"Not_Significant",0
"ENSG00000272914.1","AL359532.1",1,0,1,1,1,2569,"Not_Significant",0
"ENSG00000113578.18","FGF1",2,1,1,1,1,2570,"Not_Significant",0
"ENSG00000105997.22","HOXA3",2,1,1,1,1,2571,"Not_Significant",0
"ENSG00000064218.5","DMRT3",1,0,1,1,1,2572,"Not_Significant",0
"ENSG00000119715.15","ESRRB",1,0,1,1,1,2573,"Not_Significant",0
"ENSG00000215237.6","AL592293.1",1,0,1,1,1,2574,"Not_Significant",0
"ENSG00000228063.2","LYPLAL1-DT",1,0,1,1,1,2575,"Not_Significant",0
"ENSG00000169744.13","LDB2",1,0,1,1,1,2576,"Not_Significant",0
"ENSG00000225889.9","AC012368.1",1,0,1,1,1,2577,"Not_Significant",0
"ENSG00000141431.12","ASXL3",1,0,1,1,1,2578,"Not_Significant",0
"ENSG00000259728.5","LINC00933",1,0,1,1,1,2579,"Not_Significant",0
"ENSG00000229052.2","AL449283.1",1,0,1,1,1,2580,"Not_Significant",0
"ENSG00000154240.17","CEP112",2,1,1,1,1,2581,"Not_Significant",0
"ENSG00000286511.1","Z95118.2",1,0,1,1,1,2582,"Not_Significant",0
"ENSG00000173530.6","TNFRSF10D",1,0,1,1,1,2583,"Not_Significant",0
"ENSG00000132688.11","NES",1,0,1,1,1,2584,"Not_Significant",0
"ENSG00000120129.6","DUSP1",1,0,1,1,1,2585,"Not_Significant",0
"ENSG00000140876.11","NUDT7",2,0,2,1,1,2586,"Not_Significant",0
"ENSG00000054598.9","FOXC1",2,1,1,1,1,2587,"Not_Significant",0
"ENSG00000259070.7","LINC00639",1,0,1,1,1,2588,"Not_Significant",0
"ENSG00000115380.20","EFEMP1",2,1,1,1,1,2589,"Not_Significant",0
"ENSG00000139737.22","SLAIN1",1,0,1,1,1,2590,"Not_Significant",0
"ENSG00000165084.16","C8orf34",2,1,1,1,1,2591,"Not_Significant",0
"ENSG00000281392.2","LINC00506",1,0,1,1,1,2592,"Not_Significant",0
"ENSG00000073792.16","IGF2BP2",3,2,1,1,1,2593,"Not_Significant",0
"ENSG00000148541.13","FAM13C",1,0,1,1,1,2594,"Not_Significant",0
"ENSG00000231007.5","CDC20P1",1,0,1,1,1,2595,"Not_Significant",0
"ENSG00000177990.12","DPY19L2",1,0,1,1,1,2596,"Not_Significant",0
"ENSG00000163590.14","PPM1L",1,0,1,1,1,2597,"Not_Significant",0
"ENSG00000126561.17","STAT5A",1,0,1,1,1,2598,"Not_Significant",0
"ENSG00000105538.10","RASIP1",1,0,1,1,1,2599,"Not_Significant",0
"ENSG00000226833.6","AC092164.1",1,0,1,1,1,2600,"Not_Significant",0
"ENSG00000135324.6","MRAP2",2,1,1,1,1,2601,"Not_Significant",0
"ENSG00000067082.15","KLF6",1,0,1,1,1,2602,"Not_Significant",0
"ENSG00000101331.17","CCM2L",1,0,1,1,1,2603,"Not_Significant",0
"ENSG00000214140.11","PRCD",1,0,1,1,1,2604,"Not_Significant",0
"ENSG00000122863.6","CHST3",2,1,1,1,1,2605,"Not_Significant",0
"ENSG00000198932.13","GPRASP1",1,0,1,1,1,2606,"Not_Significant",0
"ENSG00000234754.2","LINC02817",1,0,1,1,1,2607,"Not_Significant",0
"ENSG00000109686.19","SH3D19",1,0,1,1,1,2608,"Not_Significant",0
"ENSG00000107796.13","ACTA2",1,0,1,1,1,2609,"Not_Significant",0
"ENSG00000233554.6","B4GALT1-AS1",1,0,1,1,1,2610,"Not_Significant",0
"ENSG00000147113.17","DIPK2B",2,1,1,1,1,2611,"Not_Significant",0
"ENSG00000147027.4","TMEM47",1,0,1,1,1,2612,"Not_Significant",0
"ENSG00000272505.1","AC104964.3",2,0,2,1,1,2613,"Not_Significant",0
"ENSG00000160191.18","PDE9A",1,0,1,1,1,2614,"Not_Significant",0
"ENSG00000183873.18","SCN5A",2,1,1,1,1,2615,"Not_Significant",0
"ENSG00000171867.17","PRNP",1,0,1,1,1,2616,"Not_Significant",0
"ENSG00000255389.1","Z97989.1",1,0,1,1,1,2617,"Not_Significant",0
"ENSG00000157927.17","RADIL",1,0,1,1,1,2618,"Not_Significant",0
"ENSG00000225670.4","CADM3-AS1",1,0,1,1,1,2619,"Not_Significant",0
"ENSG00000090530.10","P3H2",2,1,1,1,1,2620,"Not_Significant",0
"ENSG00000170919.16","TPT1-AS1",1,0,1,1,1,2621,"Not_Significant",0
"ENSG00000005513.10","SOX8",1,0,1,1,1,2622,"Not_Significant",0
"ENSG00000081818.4","PCDHB4",1,0,1,1,1,2623,"Not_Significant",0
"ENSG00000180638.19","SLC47A2",1,0,1,1,1,2624,"Not_Significant",0
"ENSG00000113369.9","ARRDC3",1,0,1,1,1,2625,"Not_Significant",0
"ENSG00000109654.16","TRIM2",1,0,1,1,1,2626,"Not_Significant",0
"ENSG00000152672.8","CLEC4F",1,0,1,1,1,2627,"Not_Significant",0
"ENSG00000184500.16","PROS1",1,0,1,1,1,2628,"Not_Significant",0
"ENSG00000277954.1","AC092376.2",1,0,1,1,1,2629,"Not_Significant",0
"ENSG00000254122.3","PCDHGB7",1,0,1,1,1,2630,"Not_Significant",0
"ENSG00000154065.17","ANKRD29",1,0,1,1,1,2631,"Not_Significant",0
"ENSG00000272777.1","AC019131.2",2,0,2,1,1,2632,"Not_Significant",0
"ENSG00000108947.5","EFNB3",1,0,1,1,1,2633,"Not_Significant",0
"ENSG00000253771.6","TPTE2P1",1,0,1,1,1,2634,"Not_Significant",0
"ENSG00000163762.7","TM4SF18",1,0,1,1,1,2635,"Not_Significant",0
"ENSG00000223561.7","AC005165.1",1,0,1,1,1,2636,"Not_Significant",0
"ENSG00000185038.14","MROH2A",1,0,1,1,1,2637,"Not_Significant",0
"ENSG00000286923.1","AC004522.5",2,0,2,1,1,2638,"Not_Significant",0
"ENSG00000105088.8","OLFM2",2,1,1,1,1,2639,"Not_Significant",0
"ENSG00000228436.3","AL139260.1",1,0,1,1,1,2640,"Not_Significant",0
"ENSG00000278931.1","CR381670.1",1,0,1,1,1,2641,"Not_Significant",0
"ENSG00000159433.12","STARD9",2,1,1,1,1,2642,"Not_Significant",0
"ENSG00000142611.17","PRDM16",1,0,1,1,1,2643,"Not_Significant",0
"ENSG00000221968.9","FADS3",2,1,1,1,1,2644,"Not_Significant",0
"ENSG00000235641.5","LINC00484",1,0,1,1,1,2645,"Not_Significant",0
"ENSG00000120471.15","TP53AIP1",1,0,1,1,1,2646,"Not_Significant",0
"ENSG00000115705.22","TPO",1,0,1,1,1,2647,"Not_Significant",0
"ENSG00000276409.5","CCL14",1,0,1,1,1,2648,"Not_Significant",0
"ENSG00000239405.1","TMED10P2",1,0,1,1,1,2649,"Not_Significant",0
"ENSG00000267107.8","PCAT19",1,0,1,1,1,2650,"Not_Significant",0
"ENSG00000166148.4","AVPR1A",2,1,1,1,1,2651,"Not_Significant",0
"ENSG00000164841.5","TMEM74",1,0,1,1,1,2652,"Not_Significant",0
"ENSG00000154721.15","JAM2",1,0,1,1,1,2653,"Not_Significant",0
"ENSG00000137070.18","IL11RA",1,0,1,1,1,2654,"Not_Significant",0
"ENSG00000164318.18","EGFLAM",1,0,1,1,1,2655,"Not_Significant",0
"ENSG00000108823.16","SGCA",1,0,1,1,1,2656,"Not_Significant",0
"ENSG00000183722.9","LHFPL6",1,0,1,1,1,2657,"Not_Significant",0
"ENSG00000162367.11","TAL1",1,0,1,1,1,2658,"Not_Significant",0
"ENSG00000117525.14","F3",2,1,1,1,1,2659,"Not_Significant",0
"ENSG00000130707.18","ASS1",3,1,2,1,1,2660,"Not_Significant",0
"ENSG00000236975.2","LINC02814",1,0,1,1,1,2661,"Not_Significant",0
"ENSG00000169515.8","CCDC8",1,0,1,1,1,2662,"Not_Significant",0
"ENSG00000153551.14","CMTM7",4,3,1,1,1,2663,"Not_Significant",0
"ENSG00000112320.12","SOBP",1,0,1,1,1,2664,"Not_Significant",0
"ENSG00000147872.10","PLIN2",1,0,1,1,1,2665,"Not_Significant",0
"ENSG00000115306.16","SPTBN1",1,0,1,1,1,2666,"Not_Significant",0
"ENSG00000258168.6","AC025569.1",2,1,1,1,1,2667,"Not_Significant",0
"ENSG00000159899.15","NPR2",1,0,1,1,1,2668,"Not_Significant",0
"ENSG00000187800.13","PEAR1",1,0,1,1,1,2669,"Not_Significant",0
"ENSG00000052850.8","ALX4",2,1,1,1,1,2670,"Not_Significant",0
"ENSG00000176485.12","PLAAT3",1,0,1,1,1,2671,"Not_Significant",0
"ENSG00000111186.13","WNT5B",1,0,1,1,1,2672,"Not_Significant",0
"ENSG00000107104.20","KANK1",2,0,2,1,1,2673,"Not_Significant",0
"ENSG00000198774.5","RASSF9",1,0,1,1,1,2674,"Not_Significant",0
"ENSG00000149591.17","TAGLN",1,0,1,1,1,2675,"Not_Significant",0
"ENSG00000148143.13","ZNF462",1,0,1,1,1,2676,"Not_Significant",0
"ENSG00000256235.2","SMIM3",2,1,1,1,1,2677,"Not_Significant",0
"ENSG00000165443.12","PHYHIPL",2,1,1,1,1,2678,"Not_Significant",0
"ENSG00000206075.14","SERPINB5",2,1,1,1,1,2679,"Not_Significant",0
"ENSG00000165996.14","HACD1",2,1,1,1,1,2680,"Not_Significant",0
"ENSG00000154133.15","ROBO4",1,0,1,1,1,2681,"Not_Significant",0
"ENSG00000176597.12","B3GNT5",3,2,1,1,1,2682,"Not_Significant",0
"ENSG00000198075.10","SULT1C4",1,0,1,1,1,2683,"Not_Significant",0
"ENSG00000184785.6","SMIM10",1,0,1,1,1,2684,"Not_Significant",0
"ENSG00000119185.13","ITGB1BP1",2,1,1,1,1,2685,"Not_Significant",0
"ENSG00000081377.17","CDC14B",2,0,2,1,1,2686,"Not_Significant",0
"ENSG00000151491.14","EPS8",1,0,1,1,1,2687,"Not_Significant",0
"ENSG00000111879.20","FAM184A",2,0,2,1,1,2688,"Not_Significant",0
"ENSG00000169291.10","SHE",2,0,2,1,1,2689,"Not_Significant",0
"ENSG00000169991.11","IFFO2",2,1,1,1,1,2690,"Not_Significant",0
"ENSG00000102760.13","RGCC",1,0,1,1,1,2691,"Not_Significant",0
"ENSG00000196169.15","KIF19",2,0,2,1,1,2692,"Not_Significant",0
"ENSG00000158555.15","GDPD5",2,1,1,1,1,2693,"Not_Significant",0
"ENSG00000232742.3","RHOQP2",1,0,1,1,1,2694,"Not_Significant",0
"ENSG00000069122.19","ADGRF5",2,1,1,1,1,2695,"Not_Significant",0
"ENSG00000127528.6","KLF2",1,0,1,1,1,2696,"Not_Significant",0
"ENSG00000131943.18","C19orf12",2,0,2,1,1,2697,"Not_Significant",0
"ENSG00000186105.8","LRRC70",1,0,1,1,1,2698,"Not_Significant",0
"ENSG00000109472.14","CPE",1,0,1,1,1,2699,"Not_Significant",0
"ENSG00000267440.2","LINC02594",1,0,1,1,1,2700,"Not_Significant",0
"ENSG00000185022.12","MAFF",1,0,1,1,1,2701,"Not_Significant",0
"ENSG00000155966.14","AFF2",2,1,1,1,1,2702,"Not_Significant",0
"ENSG00000231419.6","LINC00689",1,0,1,1,1,2703,"Not_Significant",0
"ENSG00000118004.18","COLEC11",2,0,2,1,1,2704,"Not_Significant",0
"ENSG00000122971.9","ACADS",2,0,2,1,1,2705,"Not_Significant",0
"ENSG00000174059.17","CD34",1,0,1,1,1,2706,"Not_Significant",0
"ENSG00000186951.16","PPARA",2,0,2,1,1,2707,"Not_Significant",0
"ENSG00000172458.4","IL17D",1,0,1,1,1,2708,"Not_Significant",0
"ENSG00000143344.16","RGL1",1,0,1,1,1,2709,"Not_Significant",0
"ENSG00000221818.9","EBF2",2,1,1,1,1,2710,"Not_Significant",0
"ENSG00000118495.20","PLAGL1",1,0,1,1,1,2711,"Not_Significant",0
"ENSG00000142871.18","CCN1",1,0,1,1,1,2712,"Not_Significant",0
"ENSG00000075213.11","SEMA3A",2,1,1,1,1,2713,"Not_Significant",0
"ENSG00000149231.15","CCDC82",1,0,1,1,1,2714,"Not_Significant",0
"ENSG00000036530.9","CYP46A1",1,0,1,1,1,2715,"Not_Significant",0
"ENSG00000233117.4","LINC00702",2,1,1,1,1,2716,"Not_Significant",0
"ENSG00000196781.16","TLE1",1,0,1,1,1,2717,"Not_Significant",0
"ENSG00000171914.16","TLN2",1,0,1,1,1,2718,"Not_Significant",0
"ENSG00000122644.13","ARL4A",1,0,1,1,1,2719,"Not_Significant",0
"ENSG00000274340.1","AC032011.1",1,0,1,1,1,2720,"Not_Significant",0
"ENSG00000142910.16","TINAGL1",2,1,1,1,1,2721,"Not_Significant",0
"ENSG00000274031.1","AC092140.2",1,0,1,1,1,2722,"Not_Significant",0
"ENSG00000234722.5","LINC01287",1,0,1,1,1,2723,"Not_Significant",0
"ENSG00000126838.10","PZP",1,0,1,1,1,2724,"Not_Significant",0
"ENSG00000147526.20","TACC1",2,1,1,1,1,2725,"Not_Significant",0
"ENSG00000196569.13","LAMA2",1,0,1,1,1,2726,"Not_Significant",0
"ENSG00000101311.16","FERMT1",3,2,1,1,1,2727,"Not_Significant",0
"ENSG00000129467.14","ADCY4",1,0,1,1,1,2728,"Not_Significant",0
"ENSG00000156689.7","GLYATL2",1,0,1,1,1,2729,"Not_Significant",0
"ENSG00000166682.13","TMPRSS5",2,1,1,1,1,2730,"Not_Significant",0
"ENSG00000121898.13","CPXM2",1,0,1,1,1,2731,"Not_Significant",0
"ENSG00000164687.11","FABP5",2,1,1,1,1,2732,"Not_Significant",0
"ENSG00000142677.4","IL22RA1",1,0,1,1,1,2733,"Not_Significant",0
"ENSG00000236548.2","RNF217-AS1",2,0,2,1,1,2734,"Not_Significant",0
"ENSG00000149289.11","ZC3H12C",1,0,1,1,1,2735,"Not_Significant",0
"ENSG00000183638.6","RP1L1",2,1,1,1,1,2736,"Not_Significant",0
"ENSG00000198756.12","COLGALT2",2,1,1,1,1,2737,"Not_Significant",0
"ENSG00000087903.13","RFX2",1,0,1,1,1,2738,"Not_Significant",0
"ENSG00000255398.3","HCAR3",2,1,1,1,1,2739,"Not_Significant",0
"ENSG00000266601.1","AC018521.6",1,0,1,1,1,2740,"Not_Significant",0
"ENSG00000231999.7","LRRC8C-DT",1,0,1,1,1,2741,"Not_Significant",0
"ENSG00000167992.13","VWCE",1,0,1,1,1,2742,"Not_Significant",0
"ENSG00000119729.12","RHOQ",1,0,1,1,1,2743,"Not_Significant",0
"ENSG00000226026.6","AC092802.1",2,0,2,1,1,2744,"Not_Significant",0
"ENSG00000205562.3","AL049775.1",3,2,1,1,1,2745,"Not_Significant",0
"ENSG00000203685.10","STUM",1,0,1,1,1,2746,"Not_Significant",0
"ENSG00000234779.1","BNC2-AS1",1,0,1,1,1,2747,"Not_Significant",0
"ENSG00000079819.19","EPB41L2",1,0,1,1,1,2748,"Not_Significant",0
"ENSG00000224468.3","LAMC1-AS1",1,0,1,1,1,2749,"Not_Significant",0
"ENSG00000105376.5","ICAM5",3,2,1,1,1,2750,"Not_Significant",0
"ENSG00000248275.2","TRIM52-AS1",1,0,1,1,1,2751,"Not_Significant",0
"ENSG00000070371.16","CLTCL1",1,0,1,1,1,2752,"Not_Significant",0
"ENSG00000106829.20","TLE4",1,0,1,1,1,2753,"Not_Significant",0
"ENSG00000280594.1","BTG3-AS1",2,1,1,1,1,2754,"Not_Significant",0
"ENSG00000227176.1","NSA2P5",1,0,1,1,1,2755,"Not_Significant",0
"ENSG00000184304.16","PRKD1",2,1,1,1,1,2756,"Not_Significant",0
"ENSG00000286458.1","AC083870.1",1,0,1,1,1,2757,"Not_Significant",0
"ENSG00000251396.7","LINC01301",2,1,1,1,1,2758,"Not_Significant",0
"ENSG00000204618.8","RNF39",3,2,1,1,1,2759,"Not_Significant",0
"ENSG00000026025.16","VIM",2,1,1,1,1,2760,"Not_Significant",0
"ENSG00000148483.9","TMEM236",1,0,1,1,1,2761,"Not_Significant",0
"ENSG00000260306.1","AC092375.2",1,0,1,1,1,2762,"Not_Significant",0
"ENSG00000079337.16","RAPGEF3",1,0,1,1,1,2763,"Not_Significant",0
"ENSG00000122035.7","RASL11A",1,0,1,1,1,2764,"Not_Significant",0
"ENSG00000187323.12","DCC",1,0,1,1,1,2765,"Not_Significant",0
"ENSG00000272636.4","DOC2B",1,0,1,1,1,2766,"Not_Significant",0
"ENSG00000260423.2","LINC02367",1,0,1,1,1,2767,"Not_Significant",0
"ENSG00000272691.1","AC092807.2",1,0,1,1,1,2768,"Not_Significant",0
"ENSG00000269067.2","ZNF728",1,0,1,1,1,2769,"Not_Significant",0
"ENSG00000246548.3","LINC02288",1,0,1,1,1,2770,"Not_Significant",0
"ENSG00000227755.1","AP000344.1",2,1,1,1,1,2771,"Not_Significant",0
"ENSG00000148468.17","FAM171A1",2,1,1,1,1,2772,"Not_Significant",0
"ENSG00000264017.2","RN7SL336P",1,0,1,1,1,2773,"Not_Significant",0
"ENSG00000286622.1","AC034111.2",1,0,1,1,1,2774,"Not_Significant",0
"ENSG00000146072.6","TNFRSF21",2,1,1,1,1,2775,"Not_Significant",0
"ENSG00000253520.1","AC136628.3",1,0,1,1,1,2776,"Not_Significant",0
"ENSG00000168994.14","PXDC1",2,0,2,1,1,2777,"Not_Significant",0
"ENSG00000223804.5","AC244669.1",1,0,1,1,1,2778,"Not_Significant",0
"ENSG00000215548.2","FRG1JP",1,0,1,1,1,2779,"Not_Significant",0
"ENSG00000272690.6","LINC02018",1,0,1,1,1,2780,"Not_Significant",0
"ENSG00000176720.6","BOK",2,0,2,1,1,2781,"Not_Significant",0
"ENSG00000112276.14","BVES",1,0,1,1,1,2782,"Not_Significant",0
"ENSG00000251600.8","AC107223.1",1,0,1,1,1,2783,"Not_Significant",0
"ENSG00000261707.1","AC092134.1",1,0,1,1,1,2784,"Not_Significant",0
"ENSG00000261371.6","PECAM1",1,0,1,1,1,2785,"Not_Significant",0
"ENSG00000287811.1","AL391840.3",1,0,1,1,1,2786,"Not_Significant",0
"ENSG00000134627.12","PIWIL4",2,1,1,1,1,2787,"Not_Significant",0
"ENSG00000189320.9","FAM180A",1,0,1,1,1,2788,"Not_Significant",0
"ENSG00000267131.1","AC005746.2",1,0,1,1,1,2789,"Not_Significant",0
"ENSG00000185950.9","IRS2",1,0,1,1,1,2790,"Not_Significant",0
"ENSG00000255362.1","LINC02761",1,0,1,1,1,2791,"Not_Significant",0
"ENSG00000273091.1","AP000255.1",1,0,1,1,1,2792,"Not_Significant",0
"ENSG00000160145.15","KALRN",1,0,1,1,1,2793,"Not_Significant",0
"ENSG00000144476.6","ACKR3",1,0,1,1,1,2794,"Not_Significant",0
"ENSG00000071205.12","ARHGAP10",1,0,1,1,1,2795,"Not_Significant",0
"ENSG00000212719.13","LINC02693",2,1,1,1,1,2796,"Not_Significant",0
"ENSG00000138772.13","ANXA3",3,2,1,1,1,2797,"Not_Significant",0
"ENSG00000255248.9","MIR100HG",1,0,1,1,1,2798,"Not_Significant",0
"ENSG00000134775.15","FHOD3",2,1,1,1,1,2799,"Not_Significant",0
"ENSG00000124212.6","PTGIS",1,0,1,1,1,2800,"Not_Significant",0
"ENSG00000223774.5","AL513217.1",1,0,1,1,1,2801,"Not_Significant",0
"ENSG00000226252.1","AL135960.1",1,0,1,1,1,2802,"Not_Significant",0
"ENSG00000261997.1","AC007336.1",2,1,1,1,1,2803,"Not_Significant",0
"ENSG00000279805.1","Z95114.3",1,0,1,1,1,2804,"Not_Significant",0
"ENSG00000132702.13","HAPLN2",1,0,1,1,1,2805,"Not_Significant",0
"ENSG00000141576.16","RNF157",3,2,1,1,1,2806,"Not_Significant",0
"ENSG00000203875.13","SNHG5",1,0,1,1,1,2807,"Not_Significant",0
"ENSG00000277587.1","AC008759.3",1,0,1,1,1,2808,"Not_Significant",0
"ENSG00000248896.3","AC105001.1",1,0,1,1,1,2809,"Not_Significant",0
"ENSG00000269190.6","FBXO17",1,0,1,1,1,2810,"Not_Significant",0
"ENSG00000253875.2","AC013643.2",1,0,1,1,1,2811,"Not_Significant",0
"ENSG00000204022.9","LIPJ",2,0,2,1,1,2812,"Not_Significant",0
"ENSG00000261409.1","AL035425.3",1,0,1,1,1,2813,"Not_Significant",0
"ENSG00000135835.12","KIAA1614",2,1,1,1,1,2814,"Not_Significant",0
"ENSG00000165030.4","NFIL3",1,0,1,1,1,2815,"Not_Significant",0
"ENSG00000228139.1","LINC01402",1,0,1,1,1,2816,"Not_Significant",0
"ENSG00000100979.15","PLTP",1,0,1,1,1,2817,"Not_Significant",0
"ENSG00000285918.1","AC092376.3",1,0,1,1,1,2818,"Not_Significant",0
"ENSG00000259236.1","GOLGA8VP",1,0,1,1,1,2819,"Not_Significant",0
"ENSG00000100077.15","GRK3",1,0,1,1,1,2820,"Not_Significant",0
"ENSG00000119326.15","CTNNAL1",1,0,1,1,1,2821,"Not_Significant",0
"ENSG00000237248.5","LINC00987",1,0,1,1,1,2822,"Not_Significant",0
"ENSG00000169313.10","P2RY12",1,0,1,1,1,2823,"Not_Significant",0
"ENSG00000157557.13","ETS2",2,0,2,1,1,2824,"Not_Significant",0
"ENSG00000260876.6","LINC01229",2,0,2,1,1,2825,"Not_Significant",0
"ENSG00000114019.15","AMOTL2",1,0,1,1,1,2826,"Not_Significant",0
"ENSG00000148700.15","ADD3",1,0,1,1,1,2827,"Not_Significant",0
"ENSG00000260549.2","MT1L",1,0,1,1,1,2828,"Not_Significant",0
"ENSG00000125966.10","MMP24",2,1,1,1,1,2829,"Not_Significant",0
"ENSG00000236501.6","AC074286.1",2,1,1,1,1,2830,"Not_Significant",0
"ENSG00000272209.1","AL023583.1",1,0,1,1,1,2831,"Not_Significant",0
"ENSG00000111961.18","SASH1",1,0,1,1,1,2832,"Not_Significant",0
"ENSG00000226581.2","LINC02848",1,0,1,1,1,2833,"Not_Significant",0
"ENSG00000124557.12","BTN1A1",1,0,1,1,1,2834,"Not_Significant",0
"ENSG00000226440.7","LAMA4-AS1",1,0,1,1,1,2835,"Not_Significant",0
"ENSG00000136111.14","TBC1D4",1,0,1,1,1,2836,"Not_Significant",0
"ENSG00000157021.9","CIBAR1P1",2,1,1,1,1,2837,"Not_Significant",0
"ENSG00000204301.6","NOTCH4",1,0,1,1,1,2838,"Not_Significant",0
"ENSG00000279453.1","Z99129.4",1,0,1,1,1,2839,"Not_Significant",0
"ENSG00000093144.19","ECHDC1",2,0,2,1,1,2840,"Not_Significant",0
"ENSG00000262728.6","AC123768.2",1,0,1,1,1,2841,"Not_Significant",0
"ENSG00000221970.2","OR2A1",1,0,1,1,1,2842,"Not_Significant",0
"ENSG00000147119.4","CHST7",2,1,1,1,1,2843,"Not_Significant",0
"ENSG00000270362.1","HMGN3-AS1",2,1,1,1,1,2844,"Not_Significant",0
"ENSG00000178695.6","KCTD12",1,0,1,1,1,2845,"Not_Significant",0
"ENSG00000251322.9","SHANK3",1,0,1,1,1,2846,"Not_Significant",0
"ENSG00000118762.8","PKD2",1,0,1,1,1,2847,"Not_Significant",0
"ENSG00000288009.1","AL353135.2",1,0,1,1,1,2848,"Not_Significant",0
"ENSG00000095932.7","SMIM24",1,0,1,1,1,2849,"Not_Significant",0
"ENSG00000130234.12","ACE2",1,0,1,1,1,2850,"Not_Significant",0
"ENSG00000111859.17","NEDD9",1,0,1,1,1,2851,"Not_Significant",0
"ENSG00000255642.1","PABPC1P4",1,0,1,1,1,2852,"Not_Significant",0
"ENSG00000155760.2","FZD7",1,0,1,1,1,2853,"Not_Significant",0
"ENSG00000133019.12","CHRM3",2,0,2,1,1,2854,"Not_Significant",0
"ENSG00000154265.16","ABCA5",2,0,2,1,1,2855,"Not_Significant",0
"ENSG00000200253.1","RNU6-529P",1,0,1,1,1,2856,"Not_Significant",0
"ENSG00000165804.16","ZNF219",2,1,1,1,1,2857,"Not_Significant",0
"ENSG00000185615.16","PDIA2",2,1,1,1,1,2858,"Not_Significant",0
"ENSG00000173662.21","TAS1R1",1,0,1,1,1,2859,"Not_Significant",0
"ENSG00000153246.13","PLA2R1",2,1,1,1,1,2860,"Not_Significant",0
"ENSG00000230042.1","AK3P3",1,0,1,1,1,2861,"Not_Significant",0
"ENSG00000232000.3","CLCN3P1",1,0,1,1,1,2862,"Not_Significant",0
"ENSG00000154229.12","PRKCA",2,1,1,1,1,2863,"Not_Significant",0
"ENSG00000087842.11","PIR",1,0,1,1,1,2864,"Not_Significant",0
"ENSG00000235098.8","ANKRD65",1,0,1,1,1,2865,"Not_Significant",0
"ENSG00000260439.1","LMF1-AS1",1,0,1,1,1,2866,"Not_Significant",0
"ENSG00000237505.8","PKN2-AS1",1,0,1,1,1,2867,"Not_Significant",0
"ENSG00000174950.11","CD164L2",1,0,1,1,1,2868,"Not_Significant",0
"ENSG00000146278.11","PNRC1",1,0,1,1,1,2869,"Not_Significant",0
"ENSG00000155659.15","VSIG4",1,0,1,1,1,2870,"Not_Significant",0
"ENSG00000277449.1","CEBPB-AS1",1,0,1,1,1,2871,"Not_Significant",0
"ENSG00000206567.10","AC022007.1",1,0,1,1,1,2872,"Not_Significant",0
"ENSG00000280159.1","AC016583.1",1,0,1,1,1,2873,"Not_Significant",0
"ENSG00000113946.4","CLDN16",3,2,1,1,1,2874,"Not_Significant",0
"ENSG00000222005.9","LINC01118",1,0,1,1,1,2875,"Not_Significant",0
"ENSG00000231160.10","KLF3-AS1",1,0,1,1,1,2876,"Not_Significant",0
"ENSG00000085563.15","ABCB1",1,0,1,1,1,2877,"Not_Significant",0
"ENSG00000183060.15","LYSMD4",1,0,1,1,1,2878,"Not_Significant",0
"ENSG00000242337.5","INHCAP",1,0,1,1,1,2879,"Not_Significant",0
"ENSG00000157827.20","FMNL2",2,1,1,1,1,2880,"Not_Significant",0
"ENSG00000231889.7","TRAF3IP2-AS1",1,0,1,1,1,2881,"Not_Significant",0
"ENSG00000156222.12","SLC28A1",2,0,2,1,1,2882,"Not_Significant",0
"ENSG00000178385.15","PLEKHM3",1,0,1,1,1,2883,"Not_Significant",0
"ENSG00000155016.18","CYP2U1",2,0,2,1,1,2884,"Not_Significant",0
"ENSG00000123080.12","CDKN2C",1,0,1,1,1,2885,"Not_Significant",0
"ENSG00000260329.1","AC007541.1",1,0,1,1,1,2886,"Not_Significant",0
"ENSG00000152492.15","CCDC50",1,0,1,1,1,2887,"Not_Significant",0
"ENSG00000115504.15","EHBP1",2,0,2,1,1,2888,"Not_Significant",0
"ENSG00000244513.7","AC109587.1",1,0,1,1,1,2889,"Not_Significant",0
"ENSG00000115459.18","ELMOD3",1,0,1,1,1,2890,"Not_Significant",0
"ENSG00000185112.6","FAM43A",1,0,1,1,1,2891,"Not_Significant",0
"ENSG00000156140.10","ADAMTS3",1,0,1,1,1,2892,"Not_Significant",0
"ENSG00000146674.15","IGFBP3",2,0,2,1,1,2893,"Not_Significant",0
"ENSG00000179388.9","EGR3",1,0,1,1,1,2894,"Not_Significant",0
"ENSG00000278934.1","AC117489.1",1,0,1,1,1,2895,"Not_Significant",0
"ENSG00000257135.7","ODC1-DT",1,0,1,1,1,2896,"Not_Significant",0
"ENSG00000163273.4","NPPC",1,0,1,1,1,2897,"Not_Significant",0
"ENSG00000230747.1","AC021188.1",1,0,1,1,1,2898,"Not_Significant",0
"ENSG00000239332.6","LINC01119",1,0,1,1,1,2899,"Not_Significant",0
"ENSG00000188580.15","NKAIN2",1,0,1,1,1,2900,"Not_Significant",0
"ENSG00000113212.7","PCDHB7",2,1,1,1,1,2901,"Not_Significant",0
"ENSG00000225434.3","LINC01504",1,0,1,1,1,2902,"Not_Significant",0
"ENSG00000171357.6","LURAP1",1,0,1,1,1,2903,"Not_Significant",0
"ENSG00000237461.2","AL359710.1",1,0,1,1,1,2904,"Not_Significant",0
"ENSG00000162551.14","ALPL",1,0,1,1,1,2905,"Not_Significant",0
"ENSG00000162877.13","PM20D1",1,0,1,1,1,2906,"Not_Significant",0
"ENSG00000134030.14","CTIF",1,0,1,1,1,2907,"Not_Significant",0
"ENSG00000066405.13","CLDN18",3,2,1,1,1,2908,"Not_Significant",0
"ENSG00000162618.15","ADGRL4",1,0,1,1,1,2909,"Not_Significant",0
"ENSG00000135272.12","MDFIC",1,0,1,1,1,2910,"Not_Significant",0
"ENSG00000111254.8","AKAP3",1,0,1,1,1,2911,"Not_Significant",0
"ENSG00000189369.9","GSPT2",1,0,1,1,1,2912,"Not_Significant",0
"ENSG00000117013.17","KCNQ4",2,0,2,1,1,2913,"Not_Significant",0
"ENSG00000060138.13","YBX3",2,1,1,1,1,2914,"Not_Significant",0
"ENSG00000027697.15","IFNGR1",1,0,1,1,1,2915,"Not_Significant",0
"ENSG00000249751.4","ECSCR",1,0,1,1,1,2916,"Not_Significant",0
"ENSG00000250131.2","AC078881.1",1,0,1,1,1,2917,"Not_Significant",0
"ENSG00000123358.20","NR4A1",1,0,1,1,1,2918,"Not_Significant",0
"ENSG00000250326.2","AC104596.1",1,0,1,1,1,2919,"Not_Significant",0
"ENSG00000139289.13","PHLDA1",3,1,2,1,1,2920,"Not_Significant",0
"ENSG00000288548.1","AL035653.1",1,0,1,1,1,2921,"Not_Significant",0
"ENSG00000255328.1","AC136475.5",1,0,1,1,1,2922,"Not_Significant",0
"ENSG00000152518.8","ZFP36L2",1,0,1,1,1,2923,"Not_Significant",0
"ENSG00000104967.8","NOVA2",2,1,1,1,1,2924,"Not_Significant",0
"ENSG00000173757.10","STAT5B",1,0,1,1,1,2925,"Not_Significant",0
"ENSG00000178187.8","ZNF454",1,0,1,1,1,2926,"Not_Significant",0
"ENSG00000112531.17","QKI",1,0,1,1,1,2927,"Not_Significant",0
"ENSG00000105131.8","EPHX3",3,2,1,1,1,2928,"Not_Significant",0
"ENSG00000064692.20","SNCAIP",1,0,1,1,1,2929,"Not_Significant",0
"ENSG00000148935.11","GAS2",3,1,2,1,1,2930,"Not_Significant",0
"ENSG00000253348.1","AC008514.1",2,1,1,1,1,2931,"Not_Significant",0
"ENSG00000116285.13","ERRFI1",2,0,2,1,1,2932,"Not_Significant",0
"ENSG00000219693.3","FGF7P8",1,0,1,1,1,2933,"Not_Significant",0
"ENSG00000163378.14","EOGT",1,0,1,1,1,2934,"Not_Significant",0
"ENSG00000124019.10","FAM124B",1,0,1,1,1,2935,"Not_Significant",0
"ENSG00000259583.3","AC015712.2",2,1,1,1,1,2936,"Not_Significant",0
"ENSG00000077684.16","JADE1",2,0,2,1,1,2937,"Not_Significant",0
"ENSG00000087253.13","LPCAT2",3,2,1,1,1,2938,"Not_Significant",0
"ENSG00000140285.12","FGF7",1,0,1,1,1,2939,"Not_Significant",0
"ENSG00000102053.12","ZC3H12B",1,0,1,1,1,2940,"Not_Significant",0
"ENSG00000271601.4","LIX1L",1,0,1,1,1,2941,"Not_Significant",0
"ENSG00000103264.18","FBXO31",2,0,2,1,1,2942,"Not_Significant",0
"ENSG00000205269.6","TMEM170B",2,0,2,1,1,2943,"Not_Significant",0
"ENSG00000099250.18","NRP1",1,0,1,1,1,2944,"Not_Significant",0
"ENSG00000066382.16","MPPED2",1,0,1,1,1,2945,"Not_Significant",0
"ENSG00000234690.7","EPCAM-DT",2,1,1,1,1,2946,"Not_Significant",0
"ENSG00000146281.6","PM20D2",1,0,1,1,1,2947,"Not_Significant",0
"ENSG00000135862.6","LAMC1",3,2,1,1,1,2948,"Not_Significant",0
"ENSG00000285938.1","AC072022.2",1,0,1,1,1,2949,"Not_Significant",0
"ENSG00000142661.19","MYOM3",2,1,1,1,1,2950,"Not_Significant",0
"ENSG00000171044.11","XKR6",2,1,1,1,1,2951,"Not_Significant",0
"ENSG00000064225.12","ST3GAL6",2,0,2,1,1,2952,"Not_Significant",0
"ENSG00000287917.1","AP000944.7",1,0,1,1,1,2953,"Not_Significant",0
"ENSG00000120318.16","ARAP3",1,0,1,1,1,2954,"Not_Significant",0
"ENSG00000165914.15","TTC7B",1,0,1,1,1,2955,"Not_Significant",0
"ENSG00000006652.15","IFRD1",1,0,1,1,1,2956,"Not_Significant",0
"ENSG00000008323.15","PLEKHG6",1,0,1,1,1,2957,"Not_Significant",0
"ENSG00000105379.10","ETFB",2,0,2,1,1,2958,"Not_Significant",0
"ENSG00000198467.16","TPM2",2,1,1,1,1,2959,"Not_Significant",0
"ENSG00000152527.14","PLEKHH2",2,1,1,1,1,2960,"Not_Significant",0
"ENSG00000272848.2","AL135910.1",1,0,1,1,1,2961,"Not_Significant",0
"ENSG00000274818.1","AC004825.2",1,0,1,1,1,2962,"Not_Significant",0
"ENSG00000135318.12","NT5E",2,1,1,1,1,2963,"Not_Significant",0
"ENSG00000180815.14","MAP3K15",2,1,1,1,1,2964,"Not_Significant",0
"ENSG00000148339.12","SLC25A25",2,0,2,1,1,2965,"Not_Significant",0
"ENSG00000232818.2","RPS2P32",1,0,1,1,1,2966,"Not_Significant",0
"ENSG00000165633.13","VSTM4",1,0,1,1,1,2967,"Not_Significant",0
"ENSG00000171462.15","DLK2",1,0,1,1,1,2968,"Not_Significant",0
"ENSG00000117400.18","MPL",1,0,1,1,1,2969,"Not_Significant",0
"ENSG00000165801.10","ARHGEF40",1,0,1,1,1,2970,"Not_Significant",0
"ENSG00000100242.15","SUN2",1,0,1,1,1,2971,"Not_Significant",0
"ENSG00000181744.9","DIPK2A",1,0,1,1,1,2972,"Not_Significant",0
"ENSG00000075651.16","PLD1",1,0,1,1,1,2973,"Not_Significant",0
"ENSG00000186231.17","KLHL32",2,1,1,1,1,2974,"Not_Significant",0
"ENSG00000136869.16","TLR4",1,0,1,1,1,2975,"Not_Significant",0
"ENSG00000170962.13","PDGFD",2,1,1,1,1,2976,"Not_Significant",0
"ENSG00000123700.5","KCNJ2",1,0,1,1,1,2977,"Not_Significant",0
"ENSG00000228223.3","HCG11",1,0,1,1,1,2978,"Not_Significant",0
"ENSG00000162413.16","KLHL21",1,0,1,1,1,2979,"Not_Significant",0
"ENSG00000138738.11","PRDM5",2,1,1,1,1,2980,"Not_Significant",0
"ENSG00000105227.16","PRX",2,1,1,1,1,2981,"Not_Significant",0
"ENSG00000068366.20","ACSL4",1,0,1,1,1,2982,"Not_Significant",0
"ENSG00000144730.19","IL17RD",2,1,1,1,1,2983,"Not_Significant",0
"ENSG00000140718.21","FTO",1,0,1,1,1,2984,"Not_Significant",0
"ENSG00000197702.14","PARVA",1,0,1,1,1,2985,"Not_Significant",0
"ENSG00000196154.12","S100A4",2,1,1,1,1,2986,"Not_Significant",0
"ENSG00000142627.13","EPHA2",2,1,1,1,1,2987,"Not_Significant",0
"ENSG00000180871.8","CXCR2",1,0,1,1,1,2988,"Not_Significant",0
"ENSG00000145675.15","PIK3R1",2,0,2,1,1,2989,"Not_Significant",0
"ENSG00000132357.14","CARD6",1,0,1,1,1,2990,"Not_Significant",0
"ENSG00000172059.11","KLF11",1,0,1,1,1,2991,"Not_Significant",0
"ENSG00000197894.11","ADH5",2,0,2,1,1,2992,"Not_Significant",0
"ENSG00000117016.10","RIMS3",2,1,1,1,1,2993,"Not_Significant",0
"ENSG00000171522.6","PTGER4",1,0,1,1,1,2994,"Not_Significant",0
"ENSG00000277144.1","AC092757.3",2,1,1,1,1,2995,"Not_Significant",0
"ENSG00000261737.1","CLCA4-AS1",2,1,1,1,1,2996,"Not_Significant",0
"ENSG00000112290.13","WASF1",1,0,1,1,1,2997,"Not_Significant",0
"ENSG00000267519.6","AC020916.1",2,1,1,1,1,2998,"Not_Significant",0
"ENSG00000099204.20","ABLIM1",2,1,1,1,1,2999,"Not_Significant",0
"ENSG00000158301.18","GPRASP2",1,0,1,1,1,3000,"Not_Significant",0
"ENSG00000019144.19","PHLDB1",2,1,1,1,1,3001,"Not_Significant",0
"ENSG00000102024.18","PLS3",1,0,1,1,1,3002,"Not_Significant",0
"ENSG00000162571.14","TTLL10",1,0,1,1,1,3003,"Not_Significant",0
"ENSG00000113070.8","HBEGF",1,0,1,1,1,3004,"Not_Significant",0
"ENSG00000124104.19","SNX21",1,0,1,1,1,3005,"Not_Significant",0
"ENSG00000108387.15","SEPTIN4",1,0,1,1,1,3006,"Not_Significant",0
"ENSG00000005020.13","SKAP2",1,0,1,1,1,3007,"Not_Significant",0
"ENSG00000259065.2","AC005520.2",2,0,2,1,1,3008,"Not_Significant",0
"ENSG00000162337.12","LRP5",1,0,1,1,1,3009,"Not_Significant",0
"ENSG00000258636.2","AL121821.2",1,0,1,1,1,3010,"Not_Significant",0
"ENSG00000180769.10","WDFY3-AS2",2,0,2,1,1,3011,"Not_Significant",0
"ENSG00000130956.14","HABP4",1,0,1,1,1,3012,"Not_Significant",0
"ENSG00000155755.19","TMEM237",2,1,1,1,1,3013,"Not_Significant",0
"ENSG00000011198.10","ABHD5",1,0,1,1,1,3014,"Not_Significant",0
"ENSG00000152818.18","UTRN",1,0,1,1,1,3015,"Not_Significant",0
"ENSG00000226314.8","ZNF192P1",1,0,1,1,1,3016,"Not_Significant",0
"ENSG00000286340.1","AL356776.2",1,0,1,1,1,3017,"Not_Significant",0
"ENSG00000253305.2","PCDHGB6",1,0,1,1,1,3018,"Not_Significant",0
"ENSG00000108799.13","EZH1",1,0,1,1,1,3019,"Not_Significant",0
"ENSG00000139318.8","DUSP6",2,0,2,1,1,3020,"Not_Significant",0
"ENSG00000101400.6","SNTA1",1,0,1,1,1,3021,"Not_Significant",0
"ENSG00000284052.1","AC006460.2",1,0,1,1,1,3022,"Not_Significant",0
"ENSG00000175745.14","NR2F1",1,0,1,1,1,3023,"Not_Significant",0
"ENSG00000226491.1","FTOP1",1,0,1,1,1,3024,"Not_Significant",0
"ENSG00000124067.17","SLC12A4",1,0,1,1,1,3025,"Not_Significant",0
"ENSG00000113916.18","BCL6",1,0,1,1,1,3026,"Not_Significant",0
"ENSG00000225439.3","BOLA3-AS1",2,1,1,1,1,3027,"Not_Significant",0
"ENSG00000198835.4","GJC2",1,0,1,1,1,3028,"Not_Significant",0
"ENSG00000184271.17","POU6F1",1,0,1,1,1,3029,"Not_Significant",0
"ENSG00000112096.19","SOD2",1,0,1,1,1,3030,"Not_Significant",0
"ENSG00000149531.15","FRG1BP",1,0,1,1,1,3031,"Not_Significant",0
"ENSG00000129657.16","SEC14L1",1,0,1,1,1,3032,"Not_Significant",0
"ENSG00000233452.7","STXBP5-AS1",1,0,1,1,1,3033,"Not_Significant",0
"ENSG00000138639.18","ARHGAP24",1,0,1,1,1,3034,"Not_Significant",0
"ENSG00000100234.12","TIMP3",1,0,1,1,1,3035,"Not_Significant",0
"ENSG00000148737.17","TCF7L2",1,0,1,1,1,3036,"Not_Significant",0
"ENSG00000241935.9","HOGA1",2,1,1,1,1,3037,"Not_Significant",0
"ENSG00000259877.2","AC009113.1",1,0,1,1,1,3038,"Not_Significant",0
"ENSG00000140945.17","CDH13",3,2,1,1,1,3039,"Not_Significant",0
"ENSG00000153814.13","JAZF1",1,0,1,1,1,3040,"Not_Significant",0
"ENSG00000267280.5","TBX2-AS1",1,0,1,1,1,3041,"Not_Significant",0
"ENSG00000170802.16","FOXN2",1,0,1,1,1,3042,"Not_Significant",0
"ENSG00000102804.15","TSC22D1",1,0,1,1,1,3043,"Not_Significant",0
"ENSG00000148357.16","HMCN2",1,0,1,1,1,3044,"Not_Significant",0
"ENSG00000175984.15","DENND2C",2,0,2,1,1,3045,"Not_Significant",0
"ENSG00000267364.2","AC022706.1",1,0,1,1,1,3046,"Not_Significant",0
"ENSG00000078070.13","MCCC1",1,0,1,1,1,3047,"Not_Significant",0
"ENSG00000100307.13","CBX7",2,0,2,1,1,3048,"Not_Significant",0
"ENSG00000103852.13","TTC23",1,0,1,1,1,3049,"Not_Significant",0
"ENSG00000166548.17","TK2",1,0,1,1,1,3050,"Not_Significant",0
"ENSG00000182568.17","SATB1",1,0,1,1,1,3051,"Not_Significant",0
"ENSG00000137713.16","PPP2R1B",2,0,2,1,1,3052,"Not_Significant",0
"ENSG00000259370.2","AC103740.1",2,0,2,1,1,3053,"Not_Significant",0
"ENSG00000236914.4","LINC01852",1,0,1,1,1,3054,"Not_Significant",0
"ENSG00000140848.17","CPNE2",1,0,1,1,1,3055,"Not_Significant",0
"ENSG00000145908.12","ZNF300",2,1,1,1,1,3056,"Not_Significant",0
"ENSG00000103994.18","ZNF106",1,0,1,1,1,3057,"Not_Significant",0
"ENSG00000198053.12","SIRPA",1,0,1,1,1,3058,"Not_Significant",0
"ENSG00000111696.12","NT5DC3",1,0,1,1,1,3059,"Not_Significant",0
"ENSG00000134198.10","TSPAN2",2,1,1,1,1,3060,"Not_Significant",0
"ENSG00000121964.14","GTDC1",1,0,1,1,1,3061,"Not_Significant",0
"ENSG00000143882.12","ATP6V1C2",2,1,1,1,1,3062,"Not_Significant",0
"ENSG00000115042.10","FAHD2A",2,0,2,1,1,3063,"Not_Significant",0
"ENSG00000286760.1","AL022069.3",2,0,2,1,1,3064,"Not_Significant",0
"ENSG00000251359.4","WWC2-AS2",1,0,1,1,1,3065,"Not_Significant",0
"ENSG00000147100.11","SLC16A2",2,0,2,1,1,3066,"Not_Significant",0
"ENSG00000253873.6","PCDHGA11",1,0,1,1,1,3067,"Not_Significant",0
"ENSG00000139597.18","N4BP2L1",2,0,2,1,1,3068,"Not_Significant",0
"ENSG00000179604.10","CDC42EP4",1,0,1,1,1,3069,"Not_Significant",0
"ENSG00000183853.18","KIRREL1",2,1,1,1,1,3070,"Not_Significant",0
"ENSG00000166741.8","NNMT",2,0,2,1,1,3071,"Not_Significant",0
"ENSG00000118507.17","AKAP7",1,0,1,1,1,3072,"Not_Significant",0
"ENSG00000213930.12","GALT",2,0,2,1,1,3073,"Not_Significant",0
"ENSG00000163069.13","SGCB",1,0,1,1,1,3074,"Not_Significant",0
"ENSG00000111850.11","SMIM8",1,0,1,1,1,3075,"Not_Significant",0
"ENSG00000126458.4","RRAS",2,1,1,1,1,3076,"Not_Significant",0
"ENSG00000138030.13","KHK",1,0,1,1,1,3077,"Not_Significant",0
"ENSG00000287440.1","AC063919.2",1,0,1,1,1,3078,"Not_Significant",0
"ENSG00000227117.6","HORMAD2-AS1",1,0,1,1,1,3079,"Not_Significant",0
"ENSG00000196553.15","CCDC196",2,1,1,1,1,3080,"Not_Significant",0
"ENSG00000116761.12","CTH",1,0,1,1,1,3081,"Not_Significant",0
"ENSG00000236497.2","LINC01744",1,0,1,1,1,3082,"Not_Significant",0
"ENSG00000078898.7","BPIFB2",1,0,1,1,1,3083,"Not_Significant",0
"ENSG00000249746.1","AC099509.1",1,0,1,1,1,3084,"Not_Significant",0
"ENSG00000173531.15","MST1",1,0,1,1,1,3085,"Not_Significant",0
"ENSG00000257906.3","LINC02156",3,2,1,1,1,3086,"Not_Significant",0
"ENSG00000186480.13","INSIG1",1,0,1,1,1,3087,"Not_Significant",0
"ENSG00000230435.1","AC004160.2",1,0,1,1,1,3088,"Not_Significant",0
"ENSG00000236341.1","AL161740.1",1,0,1,1,1,3089,"Not_Significant",0
"ENSG00000108515.18","ENO3",1,0,1,1,1,3090,"Not_Significant",0
"ENSG00000084674.15","APOB",1,0,1,1,1,3091,"Not_Significant",0
"ENSG00000272430.1","LINC02637",1,0,1,1,1,3092,"Not_Significant",0
"ENSG00000100362.13","PVALB",1,0,1,1,1,3093,"Not_Significant",0
"ENSG00000271732.1","AL137798.1",1,0,1,1,1,3094,"Not_Significant",0
"ENSG00000229484.1","LINC02766",1,0,1,1,1,3095,"Not_Significant",0
"ENSG00000287956.1","AC010872.2",1,0,1,1,1,3096,"Not_Significant",0
"ENSG00000164120.14","HPGD",1,0,1,1,1,3097,"Not_Significant",0
"ENSG00000286398.1","AL360013.3",1,0,1,1,1,3098,"Not_Significant",0
"ENSG00000233377.1","MTND4P20",1,0,1,1,1,3099,"Not_Significant",0
"ENSG00000130203.10","APOE",1,0,1,1,1,3100,"Not_Significant",0
"ENSG00000226798.1","AL138749.1",1,0,1,1,1,3101,"Not_Significant",0
"ENSG00000257715.1","AC007298.1",1,0,1,1,1,3102,"Not_Significant",0
"ENSG00000187193.9","MT1X",1,0,1,1,1,3103,"Not_Significant",0
"ENSG00000091831.24","ESR1",2,1,1,1,1,3104,"Not_Significant",0
"ENSG00000259670.1","AC012379.1",1,0,1,1,1,3105,"Not_Significant",0
"ENSG00000260733.1","AC046158.1",1,0,1,1,1,3106,"Not_Significant",0
"ENSG00000241186.10","TDGF1",2,1,1,1,1,3107,"Not_Significant",0
"ENSG00000229314.5","ORM1",1,0,1,1,1,3108,"Not_Significant",0
"ENSG00000264006.8","AKR1C8P",1,0,1,1,1,3109,"Not_Significant",0
"ENSG00000282097.1","AL160408.6",1,0,1,1,1,3110,"Not_Significant",0
"ENSG00000196344.11","ADH7",1,0,1,1,1,3111,"Not_Significant",0
"ENSG00000258867.6","LINC01146",2,1,1,1,1,3112,"Not_Significant",0
"ENSG00000227240.2","AL136456.1",1,0,1,1,1,3113,"Not_Significant",0
"ENSG00000161267.12","BDH1",1,0,1,1,1,3114,"Not_Significant",0
"ENSG00000106327.13","TFR2",3,2,1,1,1,3115,"Not_Significant",0
"ENSG00000240915.2","AC120042.1",1,0,1,1,1,3116,"Not_Significant",0
"ENSG00000228826.3","AL592494.1",1,0,1,1,1,3117,"Not_Significant",0
"ENSG00000187823.3","RTL4",1,0,1,1,1,3118,"Not_Significant",0
"ENSG00000105697.9","HAMP",1,0,1,1,1,3119,"Not_Significant",0
"ENSG00000248319.2","LINC02275",1,0,1,1,1,3120,"Not_Significant",0
"ENSG00000278690.1","AC244100.4",1,0,1,1,1,3121,"Not_Significant",0
"ENSG00000168746.8","LINC01620",1,0,1,1,1,3122,"Not_Significant",0
"ENSG00000258001.1","AC126614.1",1,0,1,1,1,3123,"Not_Significant",0
"ENSG00000176635.18","HORMAD2",1,0,1,1,1,3124,"Not_Significant",0
"ENSG00000205622.11","AP001042.1",2,1,1,1,1,3125,"Not_Significant",0
"ENSG00000132854.19","KANK4",2,1,1,1,1,3126,"Not_Significant",0
"ENSG00000253111.2","AC091114.1",1,0,1,1,1,3127,"Not_Significant",0
"ENSG00000109576.14","AADAT",2,1,1,1,1,3128,"Not_Significant",0
"ENSG00000093134.15","VNN3",3,2,1,1,1,3129,"Not_Significant",0
"ENSG00000261701.7","HPR",1,0,1,1,1,3130,"Not_Significant",0
"ENSG00000275944.1","AC244100.3",1,0,1,1,1,3131,"Not_Significant",0
"ENSG00000183971.10","NPW",4,3,1,1,1,3132,"Not_Significant",0
"ENSG00000228477.1","AL663070.1",1,0,1,1,1,3133,"Not_Significant",0
"ENSG00000168237.18","GLYCTK",1,0,1,1,1,3134,"Not_Significant",0
"ENSG00000233376.1","AL117382.2",1,0,1,1,1,3135,"Not_Significant",0
"ENSG00000286478.1","AC007130.1",1,0,1,1,1,3136,"Not_Significant",0
"ENSG00000140263.15","SORD",3,2,1,1,1,3137,"Not_Significant",0
"ENSG00000223723.1","TFDP1P2",1,0,1,1,1,3138,"Not_Significant",0
"ENSG00000154269.15","ENPP3",1,0,1,1,1,3139,"Not_Significant",0
"ENSG00000248810.2","LINC02432",1,0,1,1,1,3140,"Not_Significant",0
"ENSG00000145321.13","GC",1,0,1,1,1,3141,"Not_Significant",0
"ENSG00000148965.10","SAA4",1,0,1,1,1,3142,"Not_Significant",0
"ENSG00000279082.4","LINC01727",1,0,1,1,1,3143,"Not_Significant",0
"ENSG00000165140.11","FBP1",2,1,1,1,1,3144,"Not_Significant",0
"ENSG00000226321.5","CROCC2",2,1,1,1,1,3145,"Not_Significant",0
"ENSG00000235263.1","AL928921.1",1,0,1,1,1,3146,"Not_Significant",0
"ENSG00000231100.1","AL606752.1",1,0,1,1,1,3147,"Not_Significant",0
"ENSG00000134612.12","FOLH1B",1,0,1,1,1,3148,"Not_Significant",0
"ENSG00000283991.1","AC017000.1",1,0,1,1,1,3149,"Not_Significant",0
"ENSG00000005471.19","ABCB4",1,0,1,1,1,3150,"Not_Significant",0
"ENSG00000141505.12","ASGR1",2,1,1,1,1,3151,"Not_Significant",0
"ENSG00000197254.4","AP000445.1",1,0,1,1,1,3152,"Not_Significant",0
"ENSG00000135929.9","CYP27A1",1,0,1,1,1,3153,"Not_Significant",0
"ENSG00000287928.1","AC007535.1",1,0,1,1,1,3154,"Not_Significant",0
"ENSG00000204710.2","SPDYC",3,2,1,1,1,3155,"Not_Significant",0
"ENSG00000213398.8","LCAT",1,0,1,1,1,3156,"Not_Significant",0
"ENSG00000198744.5","MTCO3P12",1,0,1,1,1,3157,"Not_Significant",0
"ENSG00000130812.10","ANGPTL6",2,1,1,1,1,3158,"Not_Significant",0
"ENSG00000224893.7","LINC02840",1,0,1,1,1,3159,"Not_Significant",0
"ENSG00000113492.14","AGXT2",1,0,1,1,1,3160,"Not_Significant",0
"ENSG00000172955.17","ADH6",1,0,1,1,1,3161,"Not_Significant",0
"ENSG00000185899.1","TAS2R60",1,0,1,1,1,3162,"Not_Significant",0
"ENSG00000163581.14","SLC2A2",1,0,1,1,1,3163,"Not_Significant",0
"ENSG00000230647.2","AC022816.1",1,0,1,1,1,3164,"Not_Significant",0
"ENSG00000204583.10","LRCOL1",1,0,1,1,1,3165,"Not_Significant",0
"ENSG00000283003.2","AC007221.1",1,0,1,1,1,3166,"Not_Significant",0
"ENSG00000105852.11","PON3",1,0,1,1,1,3167,"Not_Significant",0
"ENSG00000205669.4","ACOT6",1,0,1,1,1,3168,"Not_Significant",0
"ENSG00000251685.3","UGT2B27P",1,0,1,1,1,3169,"Not_Significant",0
"ENSG00000287709.1","AC008780.1",1,0,1,1,1,3170,"Not_Significant",0
"ENSG00000205702.11","CYP2D7",2,1,1,1,1,3171,"Not_Significant",0
"ENSG00000173406.16","DAB1",1,0,1,1,1,3172,"Not_Significant",0
"ENSG00000251448.2","AC063919.1",1,0,1,1,1,3173,"Not_Significant",0
"ENSG00000080618.17","CPB2",2,1,1,1,1,3174,"Not_Significant",0
"ENSG00000272021.1","AC008592.4",1,0,1,1,1,3175,"Not_Significant",0
"ENSG00000250799.11","PRODH2",1,0,1,1,1,3176,"Not_Significant",0
"ENSG00000272456.1","AC087045.2",1,0,1,1,1,3177,"Not_Significant",0
"ENSG00000214888.3","AL772337.1",1,0,1,1,1,3178,"Not_Significant",0
"ENSG00000231948.2","HS1BP3-IT1",2,1,1,1,1,3179,"Not_Significant",0
"ENSG00000165972.13","CCDC38",1,0,1,1,1,3180,"Not_Significant",0
"ENSG00000248485.2","PCP4L1",1,0,1,1,1,3181,"Not_Significant",0
"ENSG00000236155.6","ZPLD2P",1,0,1,1,1,3182,"Not_Significant",0
"ENSG00000160862.13","AZGP1",2,1,1,1,1,3183,"Not_Significant",0
"ENSG00000116771.6","AGMAT",2,1,1,1,1,3184,"Not_Significant",0
"ENSG00000237742.7","AL365259.1",1,0,1,1,1,3185,"Not_Significant",0
"ENSG00000236136.1","ADORA2BP1",1,0,1,1,1,3186,"Not_Significant",0
"ENSG00000143845.15","ETNK2",1,0,1,1,1,3187,"Not_Significant",0
"ENSG00000243696.5","AC006254.1",1,0,1,1,1,3188,"Not_Significant",0
"ENSG00000233929.1","MT1XP1",1,0,1,1,1,3189,"Not_Significant",0
"ENSG00000247317.3","LY6E-DT",1,0,1,1,1,3190,"Not_Significant",0
"ENSG00000055955.17","ITIH4",1,0,1,1,1,3191,"Not_Significant",0
"ENSG00000099954.18","CECR2",2,1,1,1,1,3192,"Not_Significant",0
"ENSG00000284196.3","AL158064.1",1,0,1,1,1,3193,"Not_Significant",0
"ENSG00000177138.17","FAM9B",1,0,1,1,1,3194,"Not_Significant",0
"ENSG00000062282.15","DGAT2",2,1,1,1,1,3195,"Not_Significant",0
"ENSG00000232724.1","TRIM80P",1,0,1,1,1,3196,"Not_Significant",0
"ENSG00000248538.8","AC022784.1",2,1,1,1,1,3197,"Not_Significant",0
"ENSG00000183044.12","ABAT",2,1,1,1,1,3198,"Not_Significant",0
"ENSG00000168389.18","MFSD2A",1,0,1,1,1,3199,"Not_Significant",0
"ENSG00000121570.12","DPPA4",1,0,1,1,1,3200,"Not_Significant",0
"ENSG00000164406.8","LEAP2",2,1,1,1,1,3201,"Not_Significant",0
"ENSG00000273582.1","AC009093.5",1,0,1,1,1,3202,"Not_Significant",0
"ENSG00000121690.11","DEPDC7",1,0,1,1,1,3203,"Not_Significant",0
"ENSG00000171402.15","XAGE3",1,0,1,1,1,3204,"Not_Significant",0
"ENSG00000147481.17","SNTG1",1,0,1,1,1,3205,"Not_Significant",0
"ENSG00000260802.1","SERTM2",1,0,1,1,1,3206,"Not_Significant",0
"ENSG00000171234.14","UGT2B7",1,0,1,1,1,3207,"Not_Significant",0
"ENSG00000183281.14","PLGLB1",1,0,1,1,1,3208,"Not_Significant",0
"ENSG00000286153.1","AP000331.1",1,0,1,1,1,3209,"Not_Significant",0
"ENSG00000227242.4","AC244394.2",1,0,1,1,1,3210,"Not_Significant",0
"ENSG00000102743.15","SLC25A15",1,0,1,1,1,3211,"Not_Significant",0
"ENSG00000275088.1","AC026469.1",1,0,1,1,1,3212,"Not_Significant",0
"ENSG00000254704.3","AP002358.2",1,0,1,1,1,3213,"Not_Significant",0
"ENSG00000256340.8","ABCC6P1",1,0,1,1,1,3214,"Not_Significant",0
"ENSG00000228923.1","AP000355.1",1,0,1,1,1,3215,"Not_Significant",0
"ENSG00000238102.2","AL080248.1",1,0,1,1,1,3216,"Not_Significant",0
"ENSG00000230102.8","LINC02028",1,0,1,1,1,3217,"Not_Significant",0
"ENSG00000182156.10","ENPP7",1,0,1,1,1,3218,"Not_Significant",0
"ENSG00000171557.17","FGG",1,0,1,1,1,3219,"Not_Significant",0
"ENSG00000225756.1","DBH-AS1",2,1,1,1,1,3220,"Not_Significant",0
"ENSG00000139914.6","FITM1",1,0,1,1,1,3221,"Not_Significant",0
"ENSG00000254990.5","AP001781.1",1,0,1,1,1,3222,"Not_Significant",0
"ENSG00000258460.2","AL355096.1",1,0,1,1,1,3223,"Not_Significant",0
"ENSG00000213938.3","SEPHS1P6",1,0,1,1,1,3224,"Not_Significant",0
"ENSG00000205436.7","EXOC3L4",2,1,1,1,1,3225,"Not_Significant",0
"ENSG00000259881.1","AC092384.2",1,0,1,1,1,3226,"Not_Significant",0
"ENSG00000254042.2","SLIT3-AS2",1,0,1,1,1,3227,"Not_Significant",0
"ENSG00000176381.6","PRR18",1,0,1,1,1,3228,"Not_Significant",0
"ENSG00000270513.1","AC113368.1",1,0,1,1,1,3229,"Not_Significant",0
"ENSG00000159423.17","ALDH4A1",2,1,1,1,1,3230,"Not_Significant",0
"ENSG00000189419.8","SPATA41",1,0,1,1,1,3231,"Not_Significant",0
"ENSG00000259974.3","LINC00261",1,0,1,1,1,3232,"Not_Significant",0
"ENSG00000197444.10","OGDHL",1,0,1,1,1,3233,"Not_Significant",0
"ENSG00000205835.9","GMNC",1,0,1,1,1,3234,"Not_Significant",0
"ENSG00000120054.12","CPN1",2,1,1,1,1,3235,"Not_Significant",0
"ENSG00000219607.4","PPP1R3G",1,0,1,1,1,3236,"Not_Significant",0
"ENSG00000121270.16","ABCC11",1,0,1,1,1,3237,"Not_Significant",0
"ENSG00000166278.15","C2",2,1,1,1,1,3238,"Not_Significant",0
"ENSG00000273407.1","AC069294.1",1,0,1,1,1,3239,"Not_Significant",0
"ENSG00000241754.2","AC063938.1",1,0,1,1,1,3240,"Not_Significant",0
"ENSG00000259479.6","SORD2P",1,0,1,1,1,3241,"Not_Significant",0
"ENSG00000100003.18","SEC14L2",1,0,1,1,1,3242,"Not_Significant",0
"ENSG00000285624.2","AC025062.3",1,0,1,1,1,3243,"Not_Significant",0
"ENSG00000251209.9","LINC00923",1,0,1,1,1,3244,"Not_Significant",0
"ENSG00000269964.3","MEI4",1,0,1,1,1,3245,"Not_Significant",0
"ENSG00000198948.12","MFAP3L",1,0,1,1,1,3246,"Not_Significant",0
"ENSG00000260850.2","AC007344.1",1,0,1,1,1,3247,"Not_Significant",0
"ENSG00000269353.1","AC092071.1",2,1,1,1,1,3248,"Not_Significant",0
"ENSG00000244731.8","C4A",1,0,1,1,1,3249,"Not_Significant",0
"ENSG00000073754.6","CD5L",1,0,1,1,1,3250,"Not_Significant",0
"ENSG00000268230.5","AC012313.3",1,0,1,1,1,3251,"Not_Significant",0
"ENSG00000197099.8","AC068631.1",1,0,1,1,1,3252,"Not_Significant",0
"ENSG00000115363.14","EVA1A",3,2,1,1,1,3253,"Not_Significant",0
"ENSG00000159261.12","CLDN14",2,1,1,1,1,3254,"Not_Significant",0
"ENSG00000162882.15","HAAO",1,0,1,1,1,3255,"Not_Significant",0
"ENSG00000132541.11","RIDA",1,0,1,1,1,3256,"Not_Significant",0
"ENSG00000171954.13","CYP4F22",1,0,1,1,1,3257,"Not_Significant",0
"ENSG00000203995.10","ZYG11A",1,0,1,1,1,3258,"Not_Significant",0
"ENSG00000287770.1","AC107385.2",1,0,1,1,1,3259,"Not_Significant",0
"ENSG00000229886.1","AC068533.2",1,0,1,1,1,3260,"Not_Significant",0
"ENSG00000017427.17","IGF1",1,0,1,1,1,3261,"Not_Significant",0
"ENSG00000232721.2","AC239800.2",2,1,1,1,1,3262,"Not_Significant",0
"ENSG00000158296.14","SLC13A3",1,0,1,1,1,3263,"Not_Significant",0
"ENSG00000282301.3","CYP3A7-CYP3A51P",1,0,1,1,1,3264,"Not_Significant",0
"ENSG00000125337.19","KIF25",2,1,1,1,1,3265,"Not_Significant",0
"ENSG00000134716.11","CYP2J2",1,0,1,1,1,3266,"Not_Significant",0
"ENSG00000264404.3","LINC02675",1,0,1,1,1,3267,"Not_Significant",0
"ENSG00000224177.8","LINC00570",1,0,1,1,1,3268,"Not_Significant",0
"ENSG00000148803.12","FUOM",1,0,1,1,1,3269,"Not_Significant",0
"ENSG00000213071.11","LPAL2",2,1,1,1,1,3270,"Not_Significant",0
"ENSG00000261238.1","AC009166.1",1,0,1,1,1,3271,"Not_Significant",0
"ENSG00000165828.15","PRAP1",1,0,1,1,1,3272,"Not_Significant",0
"ENSG00000267586.7","LINC00907",1,0,1,1,1,3273,"Not_Significant",0
"ENSG00000118777.12","ABCG2",1,0,1,1,1,3274,"Not_Significant",0
"ENSG00000099194.6","SCD",1,0,1,1,1,3275,"Not_Significant",0
"ENSG00000287320.1","AC110790.1",1,0,1,1,1,3276,"Not_Significant",0
"ENSG00000234647.2","AL606970.3",1,0,1,1,1,3277,"Not_Significant",0
"ENSG00000228888.1","LINC01428",1,0,1,1,1,3278,"Not_Significant",0
"ENSG00000171236.10","LRG1",2,1,1,1,1,3279,"Not_Significant",0
"ENSG00000160200.18","CBS",1,0,1,1,1,3280,"Not_Significant",0
"ENSG00000084734.9","GCKR",1,0,1,1,1,3281,"Not_Significant",0
"ENSG00000267675.1","AC105105.2",1,0,1,1,1,3282,"Not_Significant",0
"ENSG00000141622.14","RNF165",1,0,1,1,1,3283,"Not_Significant",0
"ENSG00000121361.5","KCNJ8",1,0,1,1,1,3284,"Not_Significant",0
"ENSG00000090534.20","THPO",2,1,1,1,1,3285,"Not_Significant",0
"ENSG00000092607.15","TBX15",2,1,1,1,1,3286,"Not_Significant",0
"ENSG00000121410.12","A1BG",1,0,1,1,1,3287,"Not_Significant",0
"ENSG00000148123.15","PLPPR1",2,1,1,1,1,3288,"Not_Significant",0
"ENSG00000149809.16","TM7SF2",1,0,1,1,1,3289,"Not_Significant",0
"ENSG00000184374.3","COLEC10",1,0,1,1,1,3290,"Not_Significant",0
"ENSG00000280306.1","AC137056.2",1,0,1,1,1,3291,"Not_Significant",0
"ENSG00000023330.15","ALAS1",1,0,1,1,1,3292,"Not_Significant",0
"ENSG00000214264.4","KCTD9P4",1,0,1,1,1,3293,"Not_Significant",0
"ENSG00000152782.16","PANK1",1,0,1,1,1,3294,"Not_Significant",0
"ENSG00000161653.11","NAGS",2,1,1,1,1,3295,"Not_Significant",0
"ENSG00000129910.8","CDH15",2,1,1,1,1,3296,"Not_Significant",0
"ENSG00000182704.8","TSKU",1,0,1,1,1,3297,"Not_Significant",0
"ENSG00000230306.1","BANF1P2",1,0,1,1,1,3298,"Not_Significant",0
"ENSG00000279611.1","AC012313.10",2,1,1,1,1,3299,"Not_Significant",0
"ENSG00000140470.15","ADAMTS17",1,0,1,1,1,3300,"Not_Significant",0
"ENSG00000243135.6","UGT1A3",1,0,1,1,1,3301,"Not_Significant",0
"ENSG00000129988.6","LBP",1,0,1,1,1,3302,"Not_Significant",0
"ENSG00000236754.5","AC007666.1",1,0,1,1,1,3303,"Not_Significant",0
"ENSG00000100665.12","SERPINA4",2,1,1,1,1,3304,"Not_Significant",0
"ENSG00000259417.3","CTXND1",1,0,1,1,1,3305,"Not_Significant",0
"ENSG00000227634.3","LINC01714",1,0,1,1,1,3306,"Not_Significant",0
"ENSG00000166123.14","GPT2",2,1,1,1,1,3307,"Not_Significant",0
"ENSG00000131979.20","GCH1",1,0,1,1,1,3308,"Not_Significant",0
"ENSG00000227999.1","MTND5P1",1,0,1,1,1,3309,"Not_Significant",0
"ENSG00000147223.6","RIPPLY1",1,0,1,1,1,3310,"Not_Significant",0
"ENSG00000109929.10","SC5D",1,0,1,1,1,3311,"Not_Significant",0
"ENSG00000198515.16","CNGA1",1,0,1,1,1,3312,"Not_Significant",0
"ENSG00000269976.1","AC012065.2",1,0,1,1,1,3313,"Not_Significant",0
"ENSG00000262995.1","AC137056.1",1,0,1,1,1,3314,"Not_Significant",0
"ENSG00000241399.7","CD302",1,0,1,1,1,3315,"Not_Significant",0
"ENSG00000227192.1","AL023581.2",1,0,1,1,1,3316,"Not_Significant",0
"ENSG00000274225.1","AP001065.3",1,0,1,1,1,3317,"Not_Significant",0
"ENSG00000185652.12","NTF3",1,0,1,1,1,3318,"Not_Significant",0
"ENSG00000261578.1","AP003119.3",1,0,1,1,1,3319,"Not_Significant",0
"ENSG00000120158.12","RCL1",1,0,1,1,1,3320,"Not_Significant",0
"ENSG00000279949.1","AC022784.6",1,0,1,1,1,3321,"Not_Significant",0
"ENSG00000272510.1","AL121992.3",1,0,1,1,1,3322,"Not_Significant",0
"ENSG00000184227.8","ACOT1",1,0,1,1,1,3323,"Not_Significant",0
"ENSG00000081051.8","AFP",1,0,1,1,1,3324,"Not_Significant",0
"ENSG00000011347.10","SYT7",2,1,1,1,1,3325,"Not_Significant",0
"ENSG00000165953.10","SERPINA12",1,0,1,1,1,3326,"Not_Significant",0
"ENSG00000111058.8","ACSS3",1,0,1,1,1,3327,"Not_Significant",0
"ENSG00000222236.1","RNA5SP163",1,0,1,1,1,3328,"Not_Significant",0
"ENSG00000279878.1","AP003108.5",1,0,1,1,1,3329,"Not_Significant",0
"ENSG00000156885.6","COX6A2",2,1,1,1,1,3330,"Not_Significant",0
"ENSG00000173599.15","PC",1,0,1,1,1,3331,"Not_Significant",0
"ENSG00000251061.2","LINC02512",1,0,1,1,1,3332,"Not_Significant",0
"ENSG00000100577.19","GSTZ1",1,0,1,1,1,3333,"Not_Significant",0
"ENSG00000171759.10","PAH",2,1,1,1,1,3334,"Not_Significant",0
"ENSG00000226699.1","AL360181.1",1,0,1,1,1,3335,"Not_Significant",0
"ENSG00000259706.1","HSP90B2P",1,0,1,1,1,3336,"Not_Significant",0
"ENSG00000154654.15","NCAM2",2,1,1,1,1,3337,"Not_Significant",0
"ENSG00000248685.6","LINC02484",1,0,1,1,1,3338,"Not_Significant",0
"ENSG00000228133.3","AC099684.1",2,1,1,1,1,3339,"Not_Significant",0
"ENSG00000002933.9","TMEM176A",1,0,1,1,1,3340,"Not_Significant",0
"ENSG00000266151.1","MIR3646",1,0,1,1,1,3341,"Not_Significant",0
"ENSG00000205403.13","CFI",1,0,1,1,1,3342,"Not_Significant",0
"ENSG00000259444.1","AL161669.1",1,0,1,1,1,3343,"Not_Significant",0
"ENSG00000152620.13","NADK2",1,0,1,1,1,3344,"Not_Significant",0
"ENSG00000259478.2","AC024651.1",1,0,1,1,1,3345,"Not_Significant",0
"ENSG00000275830.2","AL390755.1",1,0,1,1,1,3346,"Not_Significant",0
"ENSG00000110244.7","APOA4",1,0,1,1,1,3347,"Not_Significant",0
"ENSG00000075239.14","ACAT1",1,0,1,1,1,3348,"Not_Significant",0
"ENSG00000253944.1","AC027117.2",1,0,1,1,1,3349,"Not_Significant",0
"ENSG00000270720.1","AC104785.1",2,1,1,1,1,3350,"Not_Significant",0
"ENSG00000152078.10","TLCD4",1,0,1,1,1,3351,"Not_Significant",0
"ENSG00000137860.12","SLC28A2",1,0,1,1,1,3352,"Not_Significant",0
"ENSG00000106565.18","TMEM176B",1,0,1,1,1,3353,"Not_Significant",0
"ENSG00000276980.1","AC008760.2",1,0,1,1,1,3354,"Not_Significant",0
"ENSG00000052802.13","MSMO1",1,0,1,1,1,3355,"Not_Significant",0
"ENSG00000224389.9","C4B",1,0,1,1,1,3356,"Not_Significant",0
"ENSG00000132386.11","SERPINF1",1,0,1,1,1,3357,"Not_Significant",0
"ENSG00000255746.1","AC007406.2",1,0,1,1,1,3358,"Not_Significant",0
"ENSG00000182326.15","C1S",1,0,1,1,1,3359,"Not_Significant",0
"ENSG00000144649.9","GASK1A",1,0,1,1,1,3360,"Not_Significant",0
"ENSG00000251409.1","AC008592.3",1,0,1,1,1,3361,"Not_Significant",0
"ENSG00000164100.9","NDST3",1,0,1,1,1,3362,"Not_Significant",0
"ENSG00000164619.10","BMPER",1,0,1,1,1,3363,"Not_Significant",0
"ENSG00000131910.5","NR0B2",1,0,1,1,1,3364,"Not_Significant",0
"ENSG00000197249.14","SERPINA1",1,0,1,1,1,3365,"Not_Significant",0
"ENSG00000125551.19","PLGLB2",1,0,1,1,1,3366,"Not_Significant",0
"ENSG00000163217.2","BMP10",1,0,1,1,1,3367,"Not_Significant",0
"ENSG00000173281.5","PPP1R3B",1,0,1,1,1,3368,"Not_Significant",0
"ENSG00000181192.12","DHTKD1",1,0,1,1,1,3369,"Not_Significant",0
"ENSG00000159403.18","C1R",1,0,1,1,1,3370,"Not_Significant",0
"ENSG00000285791.1","AC009879.3",1,0,1,1,1,3371,"Not_Significant",0
"ENSG00000182551.14","ADI1",1,0,1,1,1,3372,"Not_Significant",0
"ENSG00000285467.1","AL136419.1",1,0,1,1,1,3373,"Not_Significant",0
"ENSG00000169083.18","AR",2,1,1,1,1,3374,"Not_Significant",0
"ENSG00000162433.15","AK4",1,0,1,1,1,3375,"Not_Significant",0
"ENSG00000245017.2","LINC02453",1,0,1,1,1,3376,"Not_Significant",0
"ENSG00000179399.15","GPC5",1,0,1,1,1,3377,"Not_Significant",0
"ENSG00000288046.1","AL031123.5",1,0,1,1,1,3378,"Not_Significant",0
"ENSG00000106538.10","RARRES2",1,0,1,1,1,3379,"Not_Significant",0
"ENSG00000140961.14","OSGIN1",1,0,1,1,1,3380,"Not_Significant",0
"ENSG00000093217.11","XYLB",1,0,1,1,1,3381,"Not_Significant",0
"ENSG00000112294.14","ALDH5A1",1,0,1,1,1,3382,"Not_Significant",0
"ENSG00000279022.1","AL359715.4",1,0,1,1,1,3383,"Not_Significant",0
"ENSG00000251165.6","F11-AS1",1,0,1,1,1,3384,"Not_Significant",0
"ENSG00000254480.2","LINC02749",1,0,1,1,1,3385,"Not_Significant",0
"ENSG00000135409.11","AMHR2",1,0,1,1,1,3386,"Not_Significant",0
"ENSG00000275880.1","AL139385.1",1,0,1,1,1,3387,"Not_Significant",0
"ENSG00000279607.1","AL358613.2",1,0,1,1,1,3388,"Not_Significant",0
"ENSG00000109991.9","P2RX3",1,0,1,1,1,3389,"Not_Significant",0
"ENSG00000285676.1","AL158212.5",1,0,1,1,1,3390,"Not_Significant",0
"ENSG00000132437.18","DDC",1,0,1,1,1,3391,"Not_Significant",0
"ENSG00000263535.2","AK4P1",1,0,1,1,1,3392,"Not_Significant",0
"ENSG00000277210.3","AC090164.3",1,0,1,1,1,3393,"Not_Significant",0
"ENSG00000109667.12","SLC2A9",1,0,1,1,1,3394,"Not_Significant",0
"ENSG00000164038.16","SLC9B2",2,1,1,1,1,3395,"Not_Significant",0
"ENSG00000148795.7","CYP17A1",2,1,1,1,1,3396,"Not_Significant",0
"ENSG00000280087.1","AC011481.3",1,0,1,1,1,3397,"Not_Significant",0
"ENSG00000143994.14","ABHD1",1,0,1,1,1,3398,"Not_Significant",0
"ENSG00000253311.3","LINC01847",1,0,1,1,1,3399,"Not_Significant",0
"ENSG00000117305.15","HMGCL",1,0,1,1,1,3400,"Not_Significant",0
"ENSG00000224122.2","POU6F2-AS1",1,0,1,1,1,3401,"Not_Significant",0
"ENSG00000226015.2","CCT8P1",1,0,1,1,1,3402,"Not_Significant",0
"ENSG00000261572.1","AC097639.1",1,0,1,1,1,3403,"Not_Significant",0
"ENSG00000102967.12","DHODH",1,0,1,1,1,3404,"Not_Significant",0
"ENSG00000124564.17","SLC17A3",1,0,1,1,1,3405,"Not_Significant",0
"ENSG00000235529.1","AGAP1-IT1",2,1,1,1,1,3406,"Not_Significant",0
"ENSG00000273350.1","AC004832.5",1,0,1,1,1,3407,"Not_Significant",0
"ENSG00000178445.10","GLDC",1,0,1,1,1,3408,"Not_Significant",0
"ENSG00000127884.5","ECHS1",1,0,1,1,1,3409,"Not_Significant",0
"ENSG00000287200.1","AC022506.2",1,0,1,1,1,3410,"Not_Significant",0
"ENSG00000237076.1","AL035706.1",1,0,1,1,1,3411,"Not_Significant",0
"ENSG00000177465.4","ACOT4",1,0,1,1,1,3412,"Not_Significant",0
"ENSG00000159200.18","RCAN1",1,0,1,1,1,3413,"Not_Significant",0
"ENSG00000157379.14","DHRS1",1,0,1,1,1,3414,"Not_Significant",0
"ENSG00000114812.13","VIPR1",1,0,1,1,1,3415,"Not_Significant",0
"ENSG00000151552.12","QDPR",1,0,1,1,1,3416,"Not_Significant",0
"ENSG00000275392.1","AL445493.3",1,0,1,1,1,3417,"Not_Significant",0
"ENSG00000183154.1","AC138356.1",1,0,1,1,1,3418,"Not_Significant",0
"ENSG00000188672.19","RHCE",2,1,1,1,1,3419,"Not_Significant",0
"ENSG00000205106.4","LINC02716",1,0,1,1,1,3420,"Not_Significant",0
"ENSG00000144040.13","SFXN5",2,1,1,1,1,3421,"Not_Significant",0
"ENSG00000103485.19","QPRT",2,1,1,1,1,3422,"Not_Significant",0
"ENSG00000162068.2","NTN3",1,0,1,1,1,3423,"Not_Significant",0
"ENSG00000245768.7","AC106793.1",1,0,1,1,1,3424,"Not_Significant",0
"ENSG00000103876.13","FAH",1,0,1,1,1,3425,"Not_Significant",0
"ENSG00000286751.1","AC140168.1",1,0,1,1,1,3426,"Not_Significant",0
"ENSG00000165874.13","SHLD2P1",1,0,1,1,1,3427,"Not_Significant",0
"ENSG00000119673.14","ACOT2",1,0,1,1,1,3428,"Not_Significant",0
"ENSG00000272129.1","AL359715.3",1,0,1,1,1,3429,"Not_Significant",0
"ENSG00000165475.15","CRYL1",1,0,1,1,1,3430,"Not_Significant",0
"ENSG00000186714.12","CCDC73",1,0,1,1,1,3431,"Not_Significant",0
"ENSG00000100714.17","MTHFD1",1,0,1,1,1,3432,"Not_Significant",0
"ENSG00000160233.8","LRRC3",2,1,1,1,1,3433,"Not_Significant",0
"ENSG00000282793.1","AC090164.4",1,0,1,1,1,3434,"Not_Significant",0
"ENSG00000176422.14","SPRYD4",1,0,1,1,1,3435,"Not_Significant",0
"ENSG00000257943.2","AC084879.1",1,0,1,1,1,3436,"Not_Significant",0
"ENSG00000204682.8","MIR1915HG",2,1,1,1,1,3437,"Not_Significant",0
"ENSG00000170099.6","SERPINA6",1,0,1,1,1,3438,"Not_Significant",0
"ENSG00000146085.8","MMUT",1,0,1,1,1,3439,"Not_Significant",0
"ENSG00000187546.14","AGMO",1,0,1,1,1,3440,"Not_Significant",0
"ENSG00000116171.19","SCP2",1,0,1,1,1,3441,"Not_Significant",0
"ENSG00000090539.15","CHRD",1,0,1,1,1,3442,"Not_Significant",0
"ENSG00000196632.10","WNK3",1,0,1,1,1,3443,"Not_Significant",0
"ENSG00000105607.13","GCDH",1,0,1,1,1,3444,"Not_Significant",0
"ENSG00000137106.18","GRHPR",1,0,1,1,1,3445,"Not_Significant",0
"ENSG00000123561.15","SERPINA7",1,0,1,1,1,3446,"Not_Significant",0
"ENSG00000273901.1","AC012313.9",1,0,1,1,1,3447,"Not_Significant",0
"ENSG00000256262.1","USP30-AS1",1,0,1,1,1,3448,"Not_Significant",0
"ENSG00000187017.17","ESPN",2,1,1,1,1,3449,"Not_Significant",0
"ENSG00000138670.18","RASGEF1B",1,0,1,1,1,3450,"Not_Significant",0
"ENSG00000267659.5","LINC01482",1,0,1,1,1,3451,"Not_Significant",0
"ENSG00000241570.8","PAQR9-AS1",1,0,1,1,1,3452,"Not_Significant",0
"ENSG00000148672.9","GLUD1",1,0,1,1,1,3453,"Not_Significant",0
"ENSG00000278214.1","LINC02139",1,0,1,1,1,3454,"Not_Significant",0
"ENSG00000162840.4","MT2P1",1,0,1,1,1,3455,"Not_Significant",0
"ENSG00000160323.19","ADAMTS13",1,0,1,1,1,3456,"Not_Significant",0
"ENSG00000251393.4","AC005280.1",1,0,1,1,1,3457,"Not_Significant",0
"ENSG00000279419.1","AC004925.1",1,0,1,1,1,3458,"Not_Significant",0
"ENSG00000235199.1","CYP2C58P",1,0,1,1,1,3459,"Not_Significant",0
"ENSG00000132703.4","APCS",1,0,1,1,1,3460,"Not_Significant",0
"ENSG00000285219.2","HULC",1,0,1,1,1,3461,"Not_Significant",0
"ENSG00000177943.14","MAMDC4",1,0,1,1,1,3462,"Not_Significant",0
"ENSG00000111885.7","MAN1A1",1,0,1,1,1,3463,"Not_Significant",0
"ENSG00000138606.19","SHF",2,1,1,1,1,3464,"Not_Significant",0
"ENSG00000259343.7","TMC3-AS1",1,0,1,1,1,3465,"Not_Significant",0
"ENSG00000260886.2","TAT-AS1",1,0,1,1,1,3466,"Not_Significant",0
"ENSG00000260500.1","AC010336.2",1,0,1,1,1,3467,"Not_Significant",0
"ENSG00000121446.20","RGSL1",1,0,1,1,1,3468,"Not_Significant",0
"ENSG00000171903.16","CYP4F11",1,0,1,1,1,3469,"Not_Significant",0
"ENSG00000138796.17","HADH",1,0,1,1,1,3470,"Not_Significant",0
"ENSG00000073849.16","ST6GAL1",1,0,1,1,1,3471,"Not_Significant",0
"ENSG00000271868.1","AC114810.1",1,0,1,1,1,3472,"Not_Significant",0
"ENSG00000174327.7","SLC16A13",1,0,1,1,1,3473,"Not_Significant",0
"ENSG00000197580.13","BCO2",1,0,1,1,1,3474,"Not_Significant",0
"ENSG00000163683.12","SMIM14",1,0,1,1,1,3475,"Not_Significant",0
"ENSG00000135069.14","PSAT1",2,1,1,1,1,3476,"Not_Significant",0
"ENSG00000230188.1","AL158156.1",1,0,1,1,1,3477,"Not_Significant",0
"ENSG00000281756.1","C2-AS1",2,1,1,1,1,3478,"Not_Significant",0
"ENSG00000005981.13","ASB4",1,0,1,1,1,3479,"Not_Significant",0
"ENSG00000149150.9","SLC43A1",2,1,1,1,1,3480,"Not_Significant",0
"ENSG00000168234.13","TTC39C",1,0,1,1,1,3481,"Not_Significant",0
"ENSG00000176894.10","PXMP2",1,0,1,1,1,3482,"Not_Significant",0
"ENSG00000180346.4","TIGD2",1,0,1,1,1,3483,"Not_Significant",0
"ENSG00000260325.2","HSPB9",1,0,1,1,1,3484,"Not_Significant",0
"ENSG00000231327.1","LINC01816",1,0,1,1,1,3485,"Not_Significant",0
"ENSG00000112299.8","VNN1",1,0,1,1,1,3486,"Not_Significant",0
"ENSG00000145703.16","IQGAP2",1,0,1,1,1,3487,"Not_Significant",0
"ENSG00000198417.7","MT1F",1,0,1,1,1,3488,"Not_Significant",0
"ENSG00000284959.2","AC007262.2",1,0,1,1,1,3489,"Not_Significant",0
"ENSG00000125430.9","HS3ST3B1",1,0,1,1,1,3490,"Not_Significant",0
"ENSG00000138792.10","ENPEP",2,1,1,1,1,3491,"Not_Significant",0
"ENSG00000135111.16","TBX3",1,0,1,1,1,3492,"Not_Significant",0
"ENSG00000059769.20","DNAJC25",1,0,1,1,1,3493,"Not_Significant",0
"ENSG00000215386.13","MIR99AHG",1,0,1,1,1,3494,"Not_Significant",0
"ENSG00000127948.16","POR",1,0,1,1,1,3495,"Not_Significant",0
"ENSG00000274560.1","AC010205.1",1,0,1,1,1,3496,"Not_Significant",0
"ENSG00000137642.13","SORL1",1,0,1,1,1,3497,"Not_Significant",0
"ENSG00000260293.2","AC106820.4",1,0,1,1,1,3498,"Not_Significant",0
"ENSG00000123104.12","ITPR2",1,0,1,1,1,3499,"Not_Significant",0
"ENSG00000147155.11","EBP",1,0,1,1,1,3500,"Not_Significant",0
"ENSG00000216588.9","IGSF23",1,0,1,1,1,3501,"Not_Significant",0
"ENSG00000272555.1","AC009974.1",1,0,1,1,1,3502,"Not_Significant",0
"ENSG00000231047.1","GCNT1P3",1,0,1,1,1,3503,"Not_Significant",0
"ENSG00000253661.2","ZFHX4-AS1",1,0,1,1,1,3504,"Not_Significant",0
"ENSG00000226087.2","AC073283.2",1,0,1,1,1,3505,"Not_Significant",0
"ENSG00000243649.9","CFB",2,1,1,1,1,3506,"Not_Significant",0
"ENSG00000056998.20","GYG2",1,0,1,1,1,3507,"Not_Significant",0
"ENSG00000116704.8","SLC35D1",1,0,1,1,1,3508,"Not_Significant",0
"ENSG00000165410.15","CFL2",1,0,1,1,1,3509,"Not_Significant",0
"ENSG00000197142.10","ACSL5",1,0,1,1,1,3510,"Not_Significant",0
"ENSG00000133048.13","CHI3L1",1,0,1,1,1,3511,"Not_Significant",0
"ENSG00000126522.17","ASL",1,0,1,1,1,3512,"Not_Significant",0
"ENSG00000246145.1","RRS1-AS1",1,0,1,1,1,3513,"Not_Significant",0
"ENSG00000231882.1","F10-AS1",1,0,1,1,1,3514,"Not_Significant",0
"ENSG00000255353.1","ASS1P13",1,0,1,1,1,3515,"Not_Significant",0
"ENSG00000166211.8","SPIC",1,0,1,1,1,3516,"Not_Significant",0
"ENSG00000149131.17","SERPING1",1,0,1,1,1,3517,"Not_Significant",0
"ENSG00000151360.10","ALLC",1,0,1,1,1,3518,"Not_Significant",0
"ENSG00000230611.1","HMGB1P27",1,0,1,1,1,3519,"Not_Significant",0
"ENSG00000232287.2","SLC6A1-AS1",1,0,1,1,1,3520,"Not_Significant",0
"ENSG00000124374.9","PAIP2B",1,0,1,1,1,3521,"Not_Significant",0
"ENSG00000117791.16","MTARC2",1,0,1,1,1,3522,"Not_Significant",0
"ENSG00000120437.9","ACAT2",1,0,1,1,1,3523,"Not_Significant",0
"ENSG00000063854.13","HAGH",1,0,1,1,1,3524,"Not_Significant",0
"ENSG00000145476.16","CYP4V2",1,0,1,1,1,3525,"Not_Significant",0
"ENSG00000004864.14","SLC25A13",1,0,1,1,1,3526,"Not_Significant",0
"ENSG00000187627.17","RGPD1",1,0,1,1,1,3527,"Not_Significant",0
"ENSG00000242600.8","MBL1P",1,0,1,1,1,3528,"Not_Significant",0
"ENSG00000213533.13","STIMATE",1,0,1,1,1,3529,"Not_Significant",0
"ENSG00000237949.2","LINC00844",1,0,1,1,1,3530,"Not_Significant",0
"ENSG00000126759.14","CFP",1,0,1,1,1,3531,"Not_Significant",0
"ENSG00000263232.2","ATP5F1AP3",2,0,2,1,1,3532,"Not_Significant",0
"ENSG00000230870.2","FBXW11P1",1,0,1,1,1,3533,"Not_Significant",0
"ENSG00000156869.14","FRRS1",1,0,1,1,1,3534,"Not_Significant",0
"ENSG00000145217.14","SLC26A1",1,0,1,1,1,3535,"Not_Significant",0
"ENSG00000198736.12","MSRB1",1,0,1,1,1,3536,"Not_Significant",0
"ENSG00000109107.14","ALDOC",1,0,1,1,1,3537,"Not_Significant",0
"ENSG00000250596.2","AC096751.1",1,0,1,1,1,3538,"Not_Significant",0
"ENSG00000198721.13","ECI2",2,0,2,1,1,3539,"Not_Significant",0
"ENSG00000165731.20","RET",2,1,1,1,1,3540,"Not_Significant",0
"ENSG00000167769.5","ACER1",1,0,1,1,1,3541,"Not_Significant",0
"ENSG00000142168.15","SOD1",1,0,1,1,1,3542,"Not_Significant",0
"ENSG00000206384.10","COL6A6",1,0,1,1,1,3543,"Not_Significant",0
"ENSG00000271784.1","AL031055.1",1,0,1,1,1,3544,"Not_Significant",0
"ENSG00000170873.19","MTSS1",1,0,1,1,1,3545,"Not_Significant",0
"ENSG00000187045.19","TMPRSS6",2,1,1,1,1,3546,"Not_Significant",0
"ENSG00000128928.10","IVD",1,0,1,1,1,3547,"Not_Significant",0
"ENSG00000170439.7","METTL7B",1,0,1,1,1,3548,"Not_Significant",0
"ENSG00000136868.11","SLC31A1",1,0,1,1,1,3549,"Not_Significant",0
"ENSG00000251584.2","AC096751.2",1,0,1,1,1,3550,"Not_Significant",0
"ENSG00000182871.16","COL18A1",1,0,1,1,1,3551,"Not_Significant",0
"ENSG00000230550.2","ERLNC1",1,0,1,1,1,3552,"Not_Significant",0
"ENSG00000172345.14","STARD5",1,0,1,1,1,3553,"Not_Significant",0
"ENSG00000149485.19","FADS1",1,0,1,1,1,3554,"Not_Significant",0
"ENSG00000114054.14","PCCB",1,0,1,1,1,3555,"Not_Significant",0
"ENSG00000165092.13","ALDH1A1",1,0,1,1,1,3556,"Not_Significant",0
"ENSG00000101856.10","PGRMC1",1,0,1,1,1,3557,"Not_Significant",0
"ENSG00000259783.6","LINC02259",1,0,1,1,1,3558,"Not_Significant",0
"ENSG00000212907.2","MT-ND4L",1,0,1,1,1,3559,"Not_Significant",0
"ENSG00000151014.6","NOCT",1,0,1,1,1,3560,"Not_Significant",0
"ENSG00000143878.10","RHOB",1,0,1,1,1,3561,"Not_Significant",0
"ENSG00000164904.18","ALDH7A1",1,0,1,1,1,3562,"Not_Significant",0
"ENSG00000125166.13","GOT2",1,0,1,1,1,3563,"Not_Significant",0
"ENSG00000184925.12","LCN12",2,1,1,1,1,3564,"Not_Significant",0
"ENSG00000174885.13","NLRP6",2,1,1,1,1,3565,"Not_Significant",0
"ENSG00000089220.5","PEBP1",2,0,2,1,1,3566,"Not_Significant",0
"ENSG00000012504.15","NR1H4",1,0,1,1,1,3567,"Not_Significant",0
"ENSG00000137563.13","GGH",1,0,1,1,1,3568,"Not_Significant",0
"ENSG00000172893.16","DHCR7",2,1,1,1,1,3569,"Not_Significant",0
"ENSG00000256148.1","AP000763.2",2,0,2,1,1,3570,"Not_Significant",0
"ENSG00000198727.2","MT-CYB",2,0,2,1,1,3571,"Not_Significant",0
"ENSG00000198899.2","MT-ATP6",1,0,1,1,1,3572,"Not_Significant",0
"ENSG00000267390.1","AC036176.1",1,0,1,1,1,3573,"Not_Significant",0
"ENSG00000185100.11","ADSS1",1,0,1,1,1,3574,"Not_Significant",0
"ENSG00000143028.9","SYPL2",1,0,1,1,1,3575,"Not_Significant",0
"ENSG00000101974.14","ATP11C",1,0,1,1,1,3576,"Not_Significant",0
"ENSG00000214842.5","RAD51AP2",2,1,1,1,1,3577,"Not_Significant",0
"ENSG00000278518.1","AL161645.1",1,0,1,1,1,3578,"Not_Significant",0
"ENSG00000119471.15","HSDL2",1,0,1,1,1,3579,"Not_Significant",0
"ENSG00000248527.1","MTATP6P1",2,0,2,1,1,3580,"Not_Significant",0
"ENSG00000104325.7","DECR1",1,0,1,1,1,3581,"Not_Significant",0
"ENSG00000273291.5","AC092042.3",1,0,1,1,1,3582,"Not_Significant",0
"ENSG00000169439.12","SDC2",1,0,1,1,1,3583,"Not_Significant",0
"ENSG00000237413.5","MGC27382",1,0,1,1,1,3584,"Not_Significant",0
"ENSG00000122490.19","SLC66A2",1,0,1,1,1,3585,"Not_Significant",0
"ENSG00000255231.1","MRPS36P4",1,0,1,1,1,3586,"Not_Significant",0
"ENSG00000214530.9","STARD10",2,1,1,1,1,3587,"Not_Significant",0
"ENSG00000066583.12","ISOC1",1,0,1,1,1,3588,"Not_Significant",0
"ENSG00000114737.16","CISH",1,0,1,1,1,3589,"Not_Significant",0
"ENSG00000240303.8","ACAD11",1,0,1,1,1,3590,"Not_Significant",0
"ENSG00000285872.1","AC007240.3",2,1,1,1,1,3591,"Not_Significant",0
"ENSG00000243069.8","ARHGEF26-AS1",2,0,2,1,1,3592,"Not_Significant",0
"ENSG00000049246.14","PER3",1,0,1,1,1,3593,"Not_Significant",0
"ENSG00000198804.2","MT-CO1",2,0,2,1,1,3594,"Not_Significant",0
"ENSG00000177688.7","SUMO4",1,0,1,1,1,3595,"Not_Significant",0
"ENSG00000135144.7","DTX1",1,0,1,1,1,3596,"Not_Significant",0
"ENSG00000251139.2","AC084871.1",1,0,1,1,1,3597,"Not_Significant",0
"ENSG00000198888.2","MT-ND1",1,0,1,1,1,3598,"Not_Significant",0
"ENSG00000198763.3","MT-ND2",1,0,1,1,1,3599,"Not_Significant",0
"ENSG00000288007.1","AC092803.4",1,0,1,1,1,3600,"Not_Significant",0
"ENSG00000126106.14","TMEM53",1,0,1,1,1,3601,"Not_Significant",0
"ENSG00000148057.16","IDNK",1,0,1,1,1,3602,"Not_Significant",0
"ENSG00000149476.16","TKFC",1,0,1,1,1,3603,"Not_Significant",0
"ENSG00000198886.2","MT-ND4",1,0,1,1,1,3604,"Not_Significant",0
"ENSG00000162688.17","AGL",1,0,1,1,1,3605,"Not_Significant",0
"ENSG00000074935.14","TUBE1",1,0,1,1,1,3606,"Not_Significant",0
"ENSG00000233967.7","AL359715.1",1,0,1,1,1,3607,"Not_Significant",0
"ENSG00000107902.14","LHPP",1,0,1,1,1,3608,"Not_Significant",0
"ENSG00000231083.1","AC011747.1",1,0,1,1,1,3609,"Not_Significant",0
"ENSG00000162496.9","DHRS3",1,0,1,1,1,3610,"Not_Significant",0
"ENSG00000169752.17","NRG4",1,0,1,1,1,3611,"Not_Significant",0
"ENSG00000170959.14","DCDC1",3,2,1,1,1,3612,"Not_Significant",0
"ENSG00000131951.11","LRRC9",2,1,1,1,1,3613,"Not_Significant",0
"ENSG00000170608.3","FOXA3",1,0,1,1,1,3614,"Not_Significant",0
"ENSG00000106049.9","HIBADH",1,0,1,1,1,3615,"Not_Significant",0
"ENSG00000272689.1","AC004832.4",1,0,1,1,1,3616,"Not_Significant",0
"ENSG00000271874.1","AC025754.2",1,0,1,1,1,3617,"Not_Significant",0
"ENSG00000253406.1","AC012613.2",1,0,1,1,1,3618,"Not_Significant",0
"ENSG00000286330.1","AL353660.1",1,0,1,1,1,3619,"Not_Significant",0
"ENSG00000237188.5","AC242426.2",1,0,1,1,1,3620,"Not_Significant",0
"ENSG00000263606.1","CHORDC1P4",1,0,1,1,1,3621,"Not_Significant",0
"ENSG00000124343.14","XG",1,0,1,1,1,3622,"Not_Significant",0
"ENSG00000119686.10","FLVCR2",1,0,1,1,1,3623,"Not_Significant",0
"ENSG00000139178.11","C1RL",1,0,1,1,1,3624,"Not_Significant",0
"ENSG00000186301.8","MST1P2",1,0,1,1,1,3625,"Not_Significant",0
"ENSG00000242262.1","AC092597.1",1,0,1,1,1,3626,"Not_Significant",0
"ENSG00000100344.11","PNPLA3",2,1,1,1,1,3627,"Not_Significant",0
"ENSG00000138821.13","SLC39A8",1,0,1,1,1,3628,"Not_Significant",0
"ENSG00000146416.19","AIG1",1,0,1,1,1,3629,"Not_Significant",0
"ENSG00000125730.17","C3",1,0,1,1,1,3630,"Not_Significant",0
"ENSG00000120053.12","GOT1",1,0,1,1,1,3631,"Not_Significant",0
"ENSG00000001084.13","GCLC",1,0,1,1,1,3632,"Not_Significant",0
"ENSG00000128271.22","ADORA2A",2,1,1,1,1,3633,"Not_Significant",0
"ENSG00000170385.10","SLC30A1",1,0,1,1,1,3634,"Not_Significant",0
"ENSG00000115486.12","GGCX",1,0,1,1,1,3635,"Not_Significant",0
"ENSG00000131620.17","ANO1",3,2,1,1,1,3636,"Not_Significant",0
"ENSG00000162881.6","OXER1",1,0,1,1,1,3637,"Not_Significant",0
"ENSG00000205832.7","C16orf96",1,0,1,1,1,3638,"Not_Significant",0
"ENSG00000065054.14","SLC9A3R2",1,0,1,1,1,3639,"Not_Significant",0
"ENSG00000268297.1","CLEC4GP1",1,0,1,1,1,3640,"Not_Significant",0
"ENSG00000241058.4","NSUN6",1,0,1,1,1,3641,"Not_Significant",0
"ENSG00000127954.13","STEAP4",1,0,1,1,1,3642,"Not_Significant",0
"ENSG00000286430.1","AC020558.6",1,0,1,1,1,3643,"Not_Significant",0
"ENSG00000156110.15","ADK",1,0,1,1,1,3644,"Not_Significant",0
"ENSG00000111907.21","TPD52L1",1,0,1,1,1,3645,"Not_Significant",0
"ENSG00000067445.21","TRO",1,0,1,1,1,3646,"Not_Significant",0
"ENSG00000198840.2","MT-ND3",1,0,1,1,1,3647,"Not_Significant",0
"ENSG00000265943.1","AC090912.1",2,1,1,1,1,3648,"Not_Significant",0
"ENSG00000066185.13","ZMYND12",1,0,1,1,1,3649,"Not_Significant",0
"ENSG00000172824.16","CES4A",1,0,1,1,1,3650,"Not_Significant",0
"ENSG00000121310.17","ECHDC2",1,0,1,1,1,3651,"Not_Significant",0
"ENSG00000156398.13","SFXN2",2,1,1,1,1,3652,"Not_Significant",0
"ENSG00000232368.1","FTLP2",1,0,1,1,1,3653,"Not_Significant",0
"ENSG00000266850.1","AC090912.2",1,0,1,1,1,3654,"Not_Significant",0
"ENSG00000075643.6","MOCOS",1,0,1,1,1,3655,"Not_Significant",0
"ENSG00000236213.2","AC006369.1",1,0,1,1,1,3656,"Not_Significant",0
"ENSG00000188001.10","TPRG1",2,1,1,1,1,3657,"Not_Significant",0
"ENSG00000158077.5","NLRP14",1,0,1,1,1,3658,"Not_Significant",0
"ENSG00000260156.1","AC020763.1",1,0,1,1,1,3659,"Not_Significant",0
"ENSG00000175806.15","MSRA",2,0,2,1,1,3660,"Not_Significant",0
"ENSG00000257259.3","LINC02388",1,0,1,1,1,3661,"Not_Significant",0
"ENSG00000249352.4","LINC02198",2,1,1,1,1,3662,"Not_Significant",0
"ENSG00000260605.1","AC027688.1",1,0,1,1,1,3663,"Not_Significant",0
"ENSG00000233585.2","AC231533.2",1,0,1,1,1,3664,"Not_Significant",0
"ENSG00000287378.1","AC129803.1",1,0,1,1,1,3665,"Not_Significant",0
"ENSG00000170917.14","NUDT6",1,0,1,1,1,3666,"Not_Significant",0
"ENSG00000162843.17","WDR64",1,0,1,1,1,3667,"Not_Significant",0
"ENSG00000273328.5","AC099329.2",1,0,1,1,1,3668,"Not_Significant",0
"ENSG00000111052.7","LIN7A",2,0,2,1,1,3669,"Not_Significant",0
"ENSG00000157326.19","DHRS4",1,0,1,1,1,3670,"Not_Significant",0
"ENSG00000196136.18","SERPINA3",1,0,1,1,1,3671,"Not_Significant",0
"ENSG00000203280.4","KIAA1671-AS1",1,0,1,1,1,3672,"Not_Significant",0
"ENSG00000225938.1","AL109741.1",1,0,1,1,1,3673,"Not_Significant",0
"ENSG00000230849.2","GOT2P2",1,0,1,1,1,3674,"Not_Significant",0
"ENSG00000075234.17","TTC38",1,0,1,1,1,3675,"Not_Significant",0
"ENSG00000185304.15","RGPD2",1,0,1,1,1,3676,"Not_Significant",0
"ENSG00000137274.13","BPHL",1,0,1,1,1,3677,"Not_Significant",0
"ENSG00000261447.1","AL162412.1",1,0,1,1,1,3678,"Not_Significant",0
"ENSG00000118985.16","ELL2",1,0,1,1,1,3679,"Not_Significant",0
"ENSG00000176171.11","BNIP3",1,0,1,1,1,3680,"Not_Significant",0
"ENSG00000228253.1","MT-ATP8",1,0,1,1,1,3681,"Not_Significant",0
"ENSG00000164039.15","BDH2",2,0,2,1,1,3682,"Not_Significant",0
"ENSG00000124120.11","TTPAL",1,0,1,1,1,3683,"Not_Significant",0
"ENSG00000125787.11","GNRH2",1,0,1,1,1,3684,"Not_Significant",0
"ENSG00000143891.17","GALM",1,0,1,1,1,3685,"Not_Significant",0
"ENSG00000085871.9","MGST2",2,0,2,1,1,3686,"Not_Significant",0
"ENSG00000170293.9","CMTM8",2,1,1,1,1,3687,"Not_Significant",0
"ENSG00000235078.1","AC231981.1",1,0,1,1,1,3688,"Not_Significant",0
"ENSG00000131069.20","ACSS2",1,0,1,1,1,3689,"Not_Significant",0
"ENSG00000173221.14","GLRX",1,0,1,1,1,3690,"Not_Significant",0
"ENSG00000164211.13","STARD4",1,0,1,1,1,3691,"Not_Significant",0
"ENSG00000182329.14","KIAA2012",1,0,1,1,1,3692,"Not_Significant",0
"ENSG00000132763.15","MMACHC",1,0,1,1,1,3693,"Not_Significant",0
"ENSG00000278058.1","AC009159.3",1,0,1,1,1,3694,"Not_Significant",0
"ENSG00000203797.12","DDO",1,0,1,1,1,3695,"Not_Significant",0
"ENSG00000172057.10","ORMDL3",1,0,1,1,1,3696,"Not_Significant",0
"ENSG00000106993.12","CDC37L1",1,0,1,1,1,3697,"Not_Significant",0
"ENSG00000225077.3","LINC00337",2,1,1,1,1,3698,"Not_Significant",0
"ENSG00000274501.1","AL121845.4",1,0,1,1,1,3699,"Not_Significant",0
"ENSG00000230894.2","AL133284.1",1,0,1,1,1,3700,"Not_Significant",0
"ENSG00000166669.13","ATF7IP2",1,0,1,1,1,3701,"Not_Significant",0
"ENSG00000230314.7","ELOVL2-AS1",1,0,1,1,1,3702,"Not_Significant",0
"ENSG00000118298.12","CA14",1,0,1,1,1,3703,"Not_Significant",0
"ENSG00000112304.11","ACOT13",1,0,1,1,1,3704,"Not_Significant",0
"ENSG00000080573.7","COL5A3",2,1,1,1,1,3705,"Not_Significant",0
"ENSG00000172164.15","SNTB1",3,1,2,1,1,3706,"Not_Significant",0
"ENSG00000107372.13","ZFAND5",1,0,1,1,1,3707,"Not_Significant",0
"ENSG00000138413.14","IDH1",1,0,1,1,1,3708,"Not_Significant",0
"ENSG00000067064.11","IDI1",1,0,1,1,1,3709,"Not_Significant",0
"ENSG00000152700.14","SAR1B",1,0,1,1,1,3710,"Not_Significant",0
"ENSG00000287189.1","AL121956.7",1,0,1,1,1,3711,"Not_Significant",0
"ENSG00000237417.1","XRCC6P1",1,0,1,1,1,3712,"Not_Significant",0
"ENSG00000271945.2","AL355612.1",1,0,1,1,1,3713,"Not_Significant",0
"ENSG00000164616.16","FBXL21P",1,0,1,1,1,3714,"Not_Significant",0
"ENSG00000148218.16","ALAD",1,0,1,1,1,3715,"Not_Significant",0
"ENSG00000198682.13","PAPSS2",1,0,1,1,1,3716,"Not_Significant",0
"ENSG00000185267.10","CDNF",1,0,1,1,1,3717,"Not_Significant",0
"ENSG00000147853.17","AK3",1,0,1,1,1,3718,"Not_Significant",0
"ENSG00000160932.11","LY6E",3,2,1,1,1,3719,"Not_Significant",0
"ENSG00000178732.5","GP5",1,0,1,1,1,3720,"Not_Significant",0
"ENSG00000180767.10","CHST13",1,0,1,1,1,3721,"Not_Significant",0
"ENSG00000168904.15","LRRC28",1,0,1,1,1,3722,"Not_Significant",0
"ENSG00000114779.19","ABHD14B",2,0,2,1,1,3723,"Not_Significant",0
"ENSG00000166821.9","PEX11A",1,0,1,1,1,3724,"Not_Significant",0
"ENSG00000135469.14","COQ10A",1,0,1,1,1,3725,"Not_Significant",0
"ENSG00000284730.1","TMDD1",1,0,1,1,1,3726,"Not_Significant",0
"ENSG00000123384.14","LRP1",1,0,1,1,1,3727,"Not_Significant",0
"ENSG00000140905.11","GCSH",1,0,1,1,1,3728,"Not_Significant",0
"ENSG00000181061.14","HIGD1A",1,0,1,1,1,3729,"Not_Significant",0
"ENSG00000134294.14","SLC38A2",1,0,1,1,1,3730,"Not_Significant",0
"ENSG00000103150.7","MLYCD",1,0,1,1,1,3731,"Not_Significant",0
"ENSG00000169814.16","BTD",1,0,1,1,1,3732,"Not_Significant",0
"ENSG00000135547.9","HEY2",1,0,1,1,1,3733,"Not_Significant",0
"ENSG00000092621.13","PHGDH",2,1,1,1,1,3734,"Not_Significant",0
"ENSG00000171723.16","GPHN",1,0,1,1,1,3735,"Not_Significant",0
"ENSG00000259905.7","PWRN1",1,0,1,1,1,3736,"Not_Significant",0
"ENSG00000210196.2","MT-TP",1,0,1,1,1,3737,"Not_Significant",0
"ENSG00000136371.11","MTHFS",1,0,1,1,1,3738,"Not_Significant",0
"ENSG00000170345.10","FOS",1,0,1,1,1,3739,"Not_Significant",0
"ENSG00000272507.1","RNU6-88P",1,0,1,1,1,3740,"Not_Significant",0
"ENSG00000232934.8","AL157786.1",1,0,1,1,1,3741,"Not_Significant",0
"ENSG00000273958.1","AC009560.1",1,0,1,1,1,3742,"Not_Significant",0
"ENSG00000272518.1","AC036214.2",1,0,1,1,1,3743,"Not_Significant",0
"ENSG00000164466.13","SFXN1",1,0,1,1,1,3744,"Not_Significant",0
"ENSG00000153165.19","RGPD3",1,0,1,1,1,3745,"Not_Significant",0
"ENSG00000139531.13","SUOX",1,0,1,1,1,3746,"Not_Significant",0
"ENSG00000204228.4","HSD17B8",1,0,1,1,1,3747,"Not_Significant",0
"ENSG00000273174.1","AC108673.2",1,0,1,1,1,3748,"Not_Significant",0
"ENSG00000183077.15","AFMID",1,0,1,1,1,3749,"Not_Significant",0
"ENSG00000163702.20","IL17RC",1,0,1,1,1,3750,"Not_Significant",0
"ENSG00000174473.16","GALNTL6",1,0,1,1,1,3751,"Not_Significant",0
"ENSG00000100897.18","DCAF11",1,0,1,1,1,3752,"Not_Significant",0
"ENSG00000095321.17","CRAT",1,0,1,1,1,3753,"Not_Significant",0
"ENSG00000227070.1","EPS15-AS1",1,0,1,1,1,3754,"Not_Significant",0
"ENSG00000174963.18","ZIC4",1,0,1,1,1,3755,"Not_Significant",0
"ENSG00000227295.2","ELL2P1",1,0,1,1,1,3756,"Not_Significant",0
"ENSG00000288100.1","AL161663.2",1,0,1,1,1,3757,"Not_Significant",0
"ENSG00000178297.14","TMPRSS9",1,0,1,1,1,3758,"Not_Significant",0
"ENSG00000230623.6","AC104461.1",1,0,1,1,1,3759,"Not_Significant",0
"ENSG00000257057.3","C11orf97",1,0,1,1,1,3760,"Not_Significant",0
"ENSG00000260541.1","AL031722.1",1,0,1,1,1,3761,"Not_Significant",0
"ENSG00000159228.13","CBR1",1,0,1,1,1,3762,"Not_Significant",0
"ENSG00000139428.12","MMAB",1,0,1,1,1,3763,"Not_Significant",0
"ENSG00000151715.8","TMEM45B",2,1,1,1,1,3764,"Not_Significant",0
"ENSG00000143149.12","ALDH9A1",1,0,1,1,1,3765,"Not_Significant",0
"ENSG00000107566.14","ERLIN1",1,0,1,1,1,3766,"Not_Significant",0
"ENSG00000240409.1","MTATP8P1",2,0,2,1,1,3767,"Not_Significant",0
"ENSG00000251314.2","AC104123.1",2,1,1,1,1,3768,"Not_Significant",0
"ENSG00000161132.6","AC007663.1",1,0,1,1,1,3769,"Not_Significant",0
"ENSG00000141753.7","IGFBP4",1,0,1,1,1,3770,"Not_Significant",0
"ENSG00000188833.10","ENTPD8",2,1,1,1,1,3771,"Not_Significant",0
"ENSG00000174567.8","GOLT1A",2,1,1,1,1,3772,"Not_Significant",0
"ENSG00000179152.20","TCAIM",1,0,1,1,1,3773,"Not_Significant",0
"ENSG00000187630.17","DHRS4L2",1,0,1,1,1,3774,"Not_Significant",0
"ENSG00000239911.2","PRKAG2-AS1",1,0,1,1,1,3775,"Not_Significant",0
"ENSG00000139631.19","CSAD",1,0,1,1,1,3776,"Not_Significant",0
"ENSG00000175820.4","CCDC168",1,0,1,1,1,3777,"Not_Significant",0
"ENSG00000241135.6","LINC00881",1,0,1,1,1,3778,"Not_Significant",0
"ENSG00000179915.24","NRXN1",1,0,1,1,1,3779,"Not_Significant",0
"ENSG00000124299.15","PEPD",1,0,1,1,1,3780,"Not_Significant",0
"ENSG00000258561.2","AL359232.1",2,1,1,1,1,3781,"Not_Significant",0
"ENSG00000087086.15","FTL",1,0,1,1,1,3782,"Not_Significant",0
"ENSG00000099974.8","DDTL",1,0,1,1,1,3783,"Not_Significant",0
"ENSG00000258451.1","EGILA",1,0,1,1,1,3784,"Not_Significant",0
"ENSG00000270532.1","PEBP1P2",1,0,1,1,1,3785,"Not_Significant",0
"ENSG00000176907.5","TCIM",1,0,1,1,1,3786,"Not_Significant",0
"ENSG00000287620.1","AC092053.4",2,0,2,1,1,3787,"Not_Significant",0
"ENSG00000159335.18","PTMS",1,0,1,1,1,3788,"Not_Significant",0
"ENSG00000185813.11","PCYT2",1,0,1,1,1,3789,"Not_Significant",0
"ENSG00000143653.10","SCCPDH",2,1,1,1,1,3790,"Not_Significant",0
"ENSG00000091483.7","FH",1,0,1,1,1,3791,"Not_Significant",0
"ENSG00000243055.1","GK-AS1",2,1,1,1,1,3792,"Not_Significant",0
"ENSG00000094631.21","HDAC6",1,0,1,1,1,3793,"Not_Significant",0
"ENSG00000165474.8","GJB2",2,1,1,1,1,3794,"Not_Significant",0
"ENSG00000241886.1","AC112496.1",2,1,1,1,1,3795,"Not_Significant",0
"ENSG00000124588.21","NQO2",1,0,1,1,1,3796,"Not_Significant",0
"ENSG00000229896.2","AL157373.2",1,0,1,1,1,3797,"Not_Significant",0
"ENSG00000267056.2","AC005336.1",1,0,1,1,1,3798,"Not_Significant",0
"ENSG00000224837.1","GCSHP5",1,0,1,1,1,3799,"Not_Significant",0
"ENSG00000272622.2","AC010735.2",1,0,1,1,1,3800,"Not_Significant",0
"ENSG00000167363.14","FN3K",1,0,1,1,1,3801,"Not_Significant",0
"ENSG00000137364.5","TPMT",1,0,1,1,1,3802,"Not_Significant",0
"ENSG00000284505.1","LYNX1-SLURP2",1,0,1,1,1,3803,"Not_Significant",0
"ENSG00000286144.1","Z97056.2",1,0,1,1,1,3804,"Not_Significant",0
"ENSG00000233942.1","AC004012.1",1,0,1,1,1,3805,"Not_Significant",0
"ENSG00000137714.3","FDX1",1,0,1,1,1,3806,"Not_Significant",0
"ENSG00000170430.10","MGMT",1,0,1,1,1,3807,"Not_Significant",0
"ENSG00000038210.14","PI4K2B",1,0,1,1,1,3808,"Not_Significant",0
"ENSG00000204173.11","LRRC37A5P",1,0,1,1,1,3809,"Not_Significant",0
"ENSG00000278344.1","AC063943.1",1,0,1,1,1,3810,"Not_Significant",0
"ENSG00000197635.11","DPP4",1,0,1,1,1,3811,"Not_Significant",0
"ENSG00000284747.1","AL034417.4",1,0,1,1,1,3812,"Not_Significant",0
"ENSG00000155380.12","SLC16A1",1,0,1,1,1,3813,"Not_Significant",0
"ENSG00000146521.10","LINC01558",1,0,1,1,1,3814,"Not_Significant",0
"ENSG00000255191.1","AP003555.2",1,0,1,1,1,3815,"Not_Significant",0
"ENSG00000185361.9","TNFAIP8L1",1,0,1,1,1,3816,"Not_Significant",0
"ENSG00000162039.17","MEIOB",1,0,1,1,1,3817,"Not_Significant",0
"ENSG00000101353.15","MROH8",1,0,1,1,1,3818,"Not_Significant",0
"ENSG00000110723.12","EXPH5",1,0,1,1,1,3819,"Not_Significant",0
"ENSG00000108439.11","PNPO",1,0,1,1,1,3820,"Not_Significant",0
"ENSG00000160285.15","LSS",1,0,1,1,1,3821,"Not_Significant",0
"ENSG00000269028.3","MTRNR2L12",2,0,2,1,1,3822,"Not_Significant",0
"ENSG00000133935.7","ERG28",1,0,1,1,1,3823,"Not_Significant",0
"ENSG00000144290.17","SLC4A10",1,0,1,1,1,3824,"Not_Significant",0
"ENSG00000260645.2","AL359715.2",1,0,1,1,1,3825,"Not_Significant",0
"ENSG00000117118.10","SDHB",1,0,1,1,1,3826,"Not_Significant",0
"ENSG00000141179.14","PCTP",1,0,1,1,1,3827,"Not_Significant",0
"ENSG00000165995.22","CACNB2",1,0,1,1,1,3828,"Not_Significant",0
"ENSG00000130813.18","SHFL",1,0,1,1,1,3829,"Not_Significant",0
"ENSG00000184517.12","ZFP1",1,0,1,1,1,3830,"Not_Significant",0
"ENSG00000229915.1","AC016999.1",1,0,1,1,1,3831,"Not_Significant",0
"ENSG00000287780.1","AC104850.2",1,0,1,1,1,3832,"Not_Significant",0
"ENSG00000188641.14","DPYD",1,0,1,1,1,3833,"Not_Significant",0
"ENSG00000254718.6","AL157756.1",1,0,1,1,1,3834,"Not_Significant",0
"ENSG00000210082.2","MT-RNR2",2,0,2,1,1,3835,"Not_Significant",0
"ENSG00000224097.5","AC021148.1",1,0,1,1,1,3836,"Not_Significant",0
"ENSG00000263063.1","AC024361.2",1,0,1,1,1,3837,"Not_Significant",0
"ENSG00000073169.14","SELENOO",1,0,1,1,1,3838,"Not_Significant",0
"ENSG00000284882.1","AL359762.1",1,0,1,1,1,3839,"Not_Significant",0
"ENSG00000225968.7","ELFN1",1,0,1,1,1,3840,"Not_Significant",0
"ENSG00000183048.12","SLC25A10",1,0,1,1,1,3841,"Not_Significant",0
"ENSG00000115963.13","RND3",1,0,1,1,1,3842,"Not_Significant",0
"ENSG00000197417.9","SHPK",1,0,1,1,1,3843,"Not_Significant",0
"ENSG00000166002.7","SMCO4",1,0,1,1,1,3844,"Not_Significant",0
"ENSG00000264575.1","LINC00526",1,0,1,1,1,3845,"Not_Significant",0
"ENSG00000246523.8","FZD4-DT",1,0,1,1,1,3846,"Not_Significant",0
"ENSG00000180425.11","C11orf71",1,0,1,1,1,3847,"Not_Significant",0
"ENSG00000152990.14","ADGRA3",1,0,1,1,1,3848,"Not_Significant",0
"ENSG00000154153.13","RETREG1",1,0,1,1,1,3849,"Not_Significant",0
"ENSG00000168792.5","ABHD15",1,0,1,1,1,3850,"Not_Significant",0
"ENSG00000124370.11","MCEE",1,0,1,1,1,3851,"Not_Significant",0
"ENSG00000284418.2","AL391117.1",1,0,1,1,1,3852,"Not_Significant",0
"ENSG00000269293.3","ZSCAN16-AS1",1,0,1,1,1,3853,"Not_Significant",0
"ENSG00000287236.1","Z73420.1",1,0,1,1,1,3854,"Not_Significant",0
"ENSG00000270030.1","AC136475.7",1,0,1,1,1,3855,"Not_Significant",0
"ENSG00000144837.9","PLA1A",1,0,1,1,1,3856,"Not_Significant",0
"ENSG00000198814.13","GK",3,2,1,1,1,3857,"Not_Significant",0
"ENSG00000197885.11","NKIRAS1",1,0,1,1,1,3858,"Not_Significant",0
"ENSG00000114021.12","NIT2",1,0,1,1,1,3859,"Not_Significant",0
"ENSG00000131373.15","HACL1",1,0,1,1,1,3860,"Not_Significant",0
"ENSG00000223999.1","AC244250.1",1,0,1,1,1,3861,"Not_Significant",0
"ENSG00000108179.14","PPIF",1,0,1,1,1,3862,"Not_Significant",0
"ENSG00000245750.10","DRAIC",2,1,1,1,1,3863,"Not_Significant",0
"ENSG00000147955.17","SIGMAR1",1,0,1,1,1,3864,"Not_Significant",0
"ENSG00000139899.11","CBLN3",1,0,1,1,1,3865,"Not_Significant",0
"ENSG00000198520.12","ARMH1",1,0,1,1,1,3866,"Not_Significant",0
"ENSG00000139160.13","ETFBKMT",2,0,2,1,1,3867,"Not_Significant",0
"ENSG00000265511.1","AC020558.2",1,0,1,1,1,3868,"Not_Significant",0
"ENSG00000288012.1","AP003307.1",1,0,1,1,1,3869,"Not_Significant",0
"ENSG00000170088.14","TMEM192",1,0,1,1,1,3870,"Not_Significant",0
"ENSG00000151611.16","MMAA",1,0,1,1,1,3871,"Not_Significant",0
"ENSG00000211459.2","MT-RNR1",1,0,1,1,1,3872,"Not_Significant",0
"ENSG00000210140.1","MT-TC",2,1,1,1,1,3873,"Not_Significant",0
"ENSG00000099860.9","GADD45B",1,0,1,1,1,3874,"Not_Significant",0
"ENSG00000185875.13","THNSL1",1,0,1,1,1,3875,"Not_Significant",0
"ENSG00000214960.11","CRPPA",1,0,1,1,1,3876,"Not_Significant",0
"ENSG00000260971.4","AC119674.1",1,0,1,1,1,3877,"Not_Significant",0
"ENSG00000102038.16","SMARCA1",1,0,1,1,1,3878,"Not_Significant",0
"ENSG00000231473.3","RB1-DT",1,0,1,1,1,3879,"Not_Significant",0
"ENSG00000100522.10","GNPNAT1",1,0,1,1,1,3880,"Not_Significant",0
"ENSG00000072042.13","RDH11",1,0,1,1,1,3881,"Not_Significant",0
"ENSG00000091428.18","RAPGEF4",1,0,1,1,1,3882,"Not_Significant",0
"ENSG00000100219.16","XBP1",1,0,1,1,1,3883,"Not_Significant",0
"ENSG00000235169.11","SMIM1",1,0,1,1,1,3884,"Not_Significant",0
"ENSG00000138709.19","LARP1B",1,0,1,1,1,3885,"Not_Significant",0
"ENSG00000137992.14","DBT",1,0,1,1,1,3886,"Not_Significant",0
"ENSG00000128309.16","MPST",1,0,1,1,1,3887,"Not_Significant",0
"ENSG00000275494.1","AC133552.5",1,0,1,1,1,3888,"Not_Significant",0
"ENSG00000235286.1","AP000925.1",1,0,1,1,1,3889,"Not_Significant",0
"ENSG00000272402.1","AL031775.2",1,0,1,1,1,3890,"Not_Significant",0
"ENSG00000112972.15","HMGCS1",1,0,1,1,1,3891,"Not_Significant",0
"ENSG00000181513.15","ACBD4",1,0,1,1,1,3892,"Not_Significant",0
"ENSG00000255471.1","AP001528.1",1,0,1,1,1,3893,"Not_Significant",0
"ENSG00000243176.6","AC092944.1",1,0,1,1,1,3894,"Not_Significant",0
"ENSG00000166228.9","PCBD1",1,0,1,1,1,3895,"Not_Significant",0
"ENSG00000147471.12","PLPBP",1,0,1,1,1,3896,"Not_Significant",0
"ENSG00000287091.1","AC009961.3",1,0,1,1,1,3897,"Not_Significant",0
"ENSG00000151287.17","TEX30",1,0,1,1,1,3898,"Not_Significant",0
"ENSG00000010610.10","CD4",1,0,1,1,1,3899,"Not_Significant",0
"ENSG00000060642.11","PIGV",1,0,1,1,1,3900,"Not_Significant",0
"ENSG00000110074.11","FOXRED1",1,0,1,1,1,3901,"Not_Significant",0
"ENSG00000145545.12","SRD5A1",1,0,1,1,1,3902,"Not_Significant",0
"ENSG00000122378.14","PRXL2A",1,0,1,1,1,3903,"Not_Significant",0
"ENSG00000153002.12","CPB1",1,0,1,1,1,3904,"Not_Significant",0
"ENSG00000184402.15","SS18L1",1,0,1,1,1,3905,"Not_Significant",0
"ENSG00000140564.12","FURIN",1,0,1,1,1,3906,"Not_Significant",0
"ENSG00000102910.14","LONP2",1,0,1,1,1,3907,"Not_Significant",0
"ENSG00000150722.10","PPP1R1C",1,0,1,1,1,3908,"Not_Significant",0
"ENSG00000165672.7","PRDX3",1,0,1,1,1,3909,"Not_Significant",0
"ENSG00000120332.16","TNN",1,0,1,1,1,3910,"Not_Significant",0
"ENSG00000125798.15","FOXA2",2,1,1,1,1,3911,"Not_Significant",0
"ENSG00000117479.15","SLC19A2",1,0,1,1,1,3912,"Not_Significant",0
"ENSG00000166855.9","CLPX",1,0,1,1,1,3913,"Not_Significant",0
"ENSG00000213563.7","C8orf82",1,0,1,1,1,3914,"Not_Significant",0
"ENSG00000273062.1","AL449106.1",2,1,1,1,1,3915,"Not_Significant",0
"ENSG00000069667.16","RORA",1,0,1,1,1,3916,"Not_Significant",0
"ENSG00000044459.15","CNTLN",1,0,1,1,1,3917,"Not_Significant",0
"ENSG00000180176.15","TH",1,0,1,1,1,3918,"Not_Significant",0
"ENSG00000135744.8","AGT",1,0,1,1,1,3919,"Not_Significant",0
"ENSG00000225630.1","MTND2P28",1,0,1,1,1,3920,"Not_Significant",0
"ENSG00000236266.1","Z98884.1",1,0,1,1,1,3921,"Not_Significant",0
"ENSG00000204178.11","MACO1",1,0,1,1,1,3922,"Not_Significant",0
"ENSG00000101474.12","APMAP",1,0,1,1,1,3923,"Not_Significant",0
"ENSG00000184117.12","NIPSNAP1",1,0,1,1,1,3924,"Not_Significant",0
"ENSG00000279605.1","AC067930.5",1,0,1,1,1,3925,"Not_Significant",0
"ENSG00000165029.17","ABCA1",2,1,1,1,1,3926,"Not_Significant",0
"ENSG00000211454.15","AKR7L",2,1,1,1,1,3927,"Not_Significant",0
"ENSG00000260274.1","AC068338.2",1,0,1,1,1,3928,"Not_Significant",0
"ENSG00000156709.15","AIFM1",1,0,1,1,1,3929,"Not_Significant",0
"ENSG00000269386.5","RAB11B-AS1",1,0,1,1,1,3930,"Not_Significant",0
"ENSG00000273259.3","AL049839.2",1,0,1,1,1,3931,"Not_Significant",0
"ENSG00000117448.14","AKR1A1",1,0,1,1,1,3932,"Not_Significant",0
"ENSG00000104205.16","SGK3",1,0,1,1,1,3933,"Not_Significant",0
"ENSG00000069535.14","MAOB",1,0,1,1,1,3934,"Not_Significant",0
"ENSG00000166275.16","BORCS7",1,0,1,1,1,3935,"Not_Significant",0
"ENSG00000286885.1","AL138824.1",1,0,1,1,1,3936,"Not_Significant",0
"ENSG00000272341.1","AL137003.1",1,0,1,1,1,3937,"Not_Significant",0
"ENSG00000104883.8","PEX11G",1,0,1,1,1,3938,"Not_Significant",0
"ENSG00000065485.20","PDIA5",1,0,1,1,1,3939,"Not_Significant",0
"ENSG00000185745.10","IFIT1",4,3,1,1,1,3940,"Not_Significant",0
"ENSG00000117010.17","ZNF684",1,0,1,1,1,3941,"Not_Significant",0
"ENSG00000188611.16","ASAH2",1,0,1,1,1,3942,"Not_Significant",0
"ENSG00000166796.12","LDHC",2,1,1,1,1,3943,"Not_Significant",0
"ENSG00000078804.13","TP53INP2",2,0,2,1,1,3944,"Not_Significant",0
"ENSG00000140374.16","ETFA",1,0,1,1,1,3945,"Not_Significant",0
"ENSG00000137414.6","FAM8A1",1,0,1,1,1,3946,"Not_Significant",0
"ENSG00000128294.16","TPST2",1,0,1,1,1,3947,"Not_Significant",0
"ENSG00000072210.19","ALDH3A2",1,0,1,1,1,3948,"Not_Significant",0
"ENSG00000121210.16","TMEM131L",1,0,1,1,1,3949,"Not_Significant",0
"ENSG00000198455.4","ZXDB",1,0,1,1,1,3950,"Not_Significant",0
"ENSG00000169562.13","GJB1",1,0,1,1,1,3951,"Not_Significant",0
"ENSG00000271420.1","AL109936.2",2,0,2,1,1,3952,"Not_Significant",0
"ENSG00000112159.12","MDN1",1,0,1,1,1,3953,"Not_Significant",0
"ENSG00000125149.12","C16orf70",1,0,1,1,1,3954,"Not_Significant",0
"ENSG00000088451.11","TGDS",1,0,1,1,1,3955,"Not_Significant",0
"ENSG00000172817.4","CYP7B1",1,0,1,1,1,3956,"Not_Significant",0
"ENSG00000141664.10","ZCCHC2",1,0,1,1,1,3957,"Not_Significant",0
"ENSG00000148834.13","GSTO1",1,0,1,1,1,3958,"Not_Significant",0
"ENSG00000230328.2","AL359893.1",1,0,1,1,1,3959,"Not_Significant",0
"ENSG00000004866.22","ST7",1,0,1,1,1,3960,"Not_Significant",0
"ENSG00000171497.5","PPID",1,0,1,1,1,3961,"Not_Significant",0
"ENSG00000111452.13","ADGRD1",1,0,1,1,1,3962,"Not_Significant",0
"ENSG00000259347.7","AC087482.1",1,0,1,1,1,3963,"Not_Significant",0
"ENSG00000100934.15","SEC23A",1,0,1,1,1,3964,"Not_Significant",0
"ENSG00000089057.15","SLC23A2",1,0,1,1,1,3965,"Not_Significant",0
"ENSG00000286638.1","AC123595.2",1,0,1,1,1,3966,"Not_Significant",0
"ENSG00000286585.1","AC104472.4",1,0,1,1,1,3967,"Not_Significant",0
"ENSG00000287134.1","AC106845.1",1,0,1,1,1,3968,"Not_Significant",0
"ENSG00000204128.6","C2orf72",1,0,1,1,1,3969,"Not_Significant",0
"ENSG00000215908.10","CROCCP2",1,0,1,1,1,3970,"Not_Significant",0
"ENSG00000112499.13","SLC22A2",1,0,1,1,1,3971,"Not_Significant",0
"ENSG00000112992.18","NNT",1,0,1,1,1,3972,"Not_Significant",0
"ENSG00000169762.17","TAPT1",1,0,1,1,1,3973,"Not_Significant",0
"ENSG00000257702.3","LBX2-AS1",2,1,1,1,1,3974,"Not_Significant",0
"ENSG00000154814.14","OXNAD1",1,0,1,1,1,3975,"Not_Significant",0
"ENSG00000143869.7","GDF7",1,0,1,1,1,3976,"Not_Significant",0
"ENSG00000109618.12","SEPSECS",1,0,1,1,1,3977,"Not_Significant",0
"ENSG00000176209.12","SMIM19",1,0,1,1,1,3978,"Not_Significant",0
"ENSG00000177692.12","DNAJC28",1,0,1,1,1,3979,"Not_Significant",0
"ENSG00000213066.13","CEP43",1,0,1,1,1,3980,"Not_Significant",0
"ENSG00000109084.14","TMEM97",3,2,1,1,1,3981,"Not_Significant",0
"ENSG00000283175.1","AC007920.2",1,0,1,1,1,3982,"Not_Significant",0
"ENSG00000117528.14","ABCD3",2,1,1,1,1,3983,"Not_Significant",0
"ENSG00000232075.1","MRPL35P2",1,0,1,1,1,3984,"Not_Significant",0
"ENSG00000128590.5","DNAJB9",1,0,1,1,1,3985,"Not_Significant",0
"ENSG00000106733.21","NMRK1",1,0,1,1,1,3986,"Not_Significant",0
"ENSG00000182199.11","SHMT2",2,1,1,1,1,3987,"Not_Significant",0
"ENSG00000173041.12","ZNF680",1,0,1,1,1,3988,"Not_Significant",0
"ENSG00000280071.4","GATD3B",1,0,1,1,1,3989,"Not_Significant",0
"ENSG00000197568.14","HHLA3",1,0,1,1,1,3990,"Not_Significant",0
"ENSG00000115604.11","IL18R1",1,0,1,1,1,3991,"Not_Significant",0
"ENSG00000272583.1","AL592494.2",1,0,1,1,1,3992,"Not_Significant",0
"ENSG00000223797.6","ENTPD3-AS1",1,0,1,1,1,3993,"Not_Significant",0
"ENSG00000273061.1","CDC37L1-DT",1,0,1,1,1,3994,"Not_Significant",0
"ENSG00000162972.10","MAIP1",1,0,1,1,1,3995,"Not_Significant",0
"ENSG00000264920.2","AC018521.5",1,0,1,1,1,3996,"Not_Significant",0
"ENSG00000257526.2","AC107032.2",1,0,1,1,1,3997,"Not_Significant",0
"ENSG00000182512.5","GLRX5",1,0,1,1,1,3998,"Not_Significant",0
"ENSG00000139644.13","TMBIM6",1,0,1,1,1,3999,"Not_Significant",0
"ENSG00000186106.11","ANKRD46",1,0,1,1,1,4000,"Not_Significant",0
"ENSG00000286602.1","AC021660.4",1,0,1,1,1,4001,"Not_Significant",0
"ENSG00000221963.6","APOL6",1,0,1,1,1,4002,"Not_Significant",0
"ENSG00000142655.13","PEX14",1,0,1,1,1,4003,"Not_Significant",0
"ENSG00000134864.10","GGACT",1,0,1,1,1,4004,"Not_Significant",0
"ENSG00000158109.15","TPRG1L",1,0,1,1,1,4005,"Not_Significant",0
"ENSG00000285825.2","CCDC15-DT",1,0,1,1,1,4006,"Not_Significant",0
"ENSG00000063127.16","SLC6A16",1,0,1,1,1,4007,"Not_Significant",0
"ENSG00000197312.12","DDI2",1,0,1,1,1,4008,"Not_Significant",0
"ENSG00000197043.14","ANXA6",1,0,1,1,1,4009,"Not_Significant",0
"ENSG00000108479.12","GALK1",1,0,1,1,1,4010,"Not_Significant",0
"ENSG00000167799.10","NUDT8",1,0,1,1,1,4011,"Not_Significant",0
"ENSG00000131844.16","MCCC2",1,0,1,1,1,4012,"Not_Significant",0
"ENSG00000074964.17","ARHGEF10L",2,0,2,1,1,4013,"Not_Significant",0
"ENSG00000278376.1","AP004609.3",1,0,1,1,1,4014,"Not_Significant",0
"ENSG00000124523.16","SIRT5",1,0,1,1,1,4015,"Not_Significant",0
"ENSG00000168675.19","LDLRAD4",1,0,1,1,1,4016,"Not_Significant",0
"ENSG00000102048.16","ASB9",2,1,1,1,1,4017,"Not_Significant",0
"ENSG00000102897.10","LYRM1",1,0,1,1,1,4018,"Not_Significant",0
"ENSG00000262558.1","AC129507.3",1,0,1,1,1,4019,"Not_Significant",0
"ENSG00000063241.8","ISOC2",1,0,1,1,1,4020,"Not_Significant",0
"ENSG00000161813.22","LARP4",1,0,1,1,1,4021,"Not_Significant",0
"ENSG00000116133.13","DHCR24",2,1,1,1,1,4022,"Not_Significant",0
"ENSG00000228794.10","LINC01128",1,0,1,1,1,4023,"Not_Significant",0
"ENSG00000176595.4","KBTBD11",1,0,1,1,1,4024,"Not_Significant",0
"ENSG00000269952.1","AL117336.1",1,0,1,1,1,4025,"Not_Significant",0
"ENSG00000108950.12","FAM20A",1,0,1,1,1,4026,"Not_Significant",0
"ENSG00000120137.7","PANK3",1,0,1,1,1,4027,"Not_Significant",0
"ENSG00000130312.7","MRPL34",1,0,1,1,1,4028,"Not_Significant",0
"ENSG00000164494.12","PDSS2",1,0,1,1,1,4029,"Not_Significant",0
"ENSG00000240291.1","AL450384.2",1,0,1,1,1,4030,"Not_Significant",0
"ENSG00000006831.10","ADIPOR2",1,0,1,1,1,4031,"Not_Significant",0
"ENSG00000137513.10","NARS2",1,0,1,1,1,4032,"Not_Significant",0
"ENSG00000206535.8","LNP1",1,0,1,1,1,4033,"Not_Significant",0
"ENSG00000162599.17","NFIA",1,0,1,1,1,4034,"Not_Significant",0
"ENSG00000120738.8","EGR1",1,0,1,1,1,4035,"Not_Significant",0
"ENSG00000091317.8","CMTM6",1,0,1,1,1,4036,"Not_Significant",0
"ENSG00000164300.17","SERINC5",1,0,1,1,1,4037,"Not_Significant",0
"ENSG00000153086.14","ACMSD",2,1,1,1,1,4038,"Not_Significant",0
"ENSG00000229344.1","MTCO2P12",2,0,2,1,1,4039,"Not_Significant",0
"ENSG00000222019.7","URAHP",2,1,1,1,1,4040,"Not_Significant",0
"ENSG00000104823.9","ECH1",1,0,1,1,1,4041,"Not_Significant",0
"ENSG00000162927.14","PUS10",1,0,1,1,1,4042,"Not_Significant",0
"ENSG00000166780.11","BMERB1",1,0,1,1,1,4043,"Not_Significant",0
"ENSG00000134802.18","SLC43A3",1,0,1,1,1,4044,"Not_Significant",0
"ENSG00000198252.12","STYX",1,0,1,1,1,4045,"Not_Significant",0
"ENSG00000162735.19","PEX19",1,0,1,1,1,4046,"Not_Significant",0
"ENSG00000197448.14","GSTK1",1,0,1,1,1,4047,"Not_Significant",0
"ENSG00000116138.13","DNAJC16",1,0,1,1,1,4048,"Not_Significant",0
"ENSG00000225850.3","AL355490.1",1,0,1,1,1,4049,"Not_Significant",0
"ENSG00000165688.12","PMPCA",1,0,1,1,1,4050,"Not_Significant",0
"ENSG00000178425.14","NT5DC1",1,0,1,1,1,4051,"Not_Significant",0
"ENSG00000149547.15","EI24",1,0,1,1,1,4052,"Not_Significant",0
"ENSG00000254550.1","OMP",1,0,1,1,1,4053,"Not_Significant",0
"ENSG00000260668.1","AC093536.1",1,0,1,1,1,4054,"Not_Significant",0
"ENSG00000105676.14","ARMC6",1,0,1,1,1,4055,"Not_Significant",0
"ENSG00000113615.13","SEC24A",1,0,1,1,1,4056,"Not_Significant",0
"ENSG00000182919.15","C11orf54",1,0,1,1,1,4057,"Not_Significant",0
"ENSG00000128641.19","MYO1B",2,1,1,1,1,4058,"Not_Significant",0
"ENSG00000153904.21","DDAH1",1,0,1,1,1,4059,"Not_Significant",0
"ENSG00000182511.12","FES",1,0,1,1,1,4060,"Not_Significant",0
"ENSG00000170315.14","UBB",1,0,1,1,1,4061,"Not_Significant",0
"ENSG00000117228.10","GBP1",3,2,1,1,1,4062,"Not_Significant",0
"ENSG00000175866.15","BAIAP2",1,0,1,1,1,4063,"Not_Significant",0
"ENSG00000163738.18","MTHFD2L",1,0,1,1,1,4064,"Not_Significant",0
"ENSG00000231752.6","EMBP1",2,1,1,1,1,4065,"Not_Significant",0
"ENSG00000106617.15","PRKAG2",1,0,1,1,1,4066,"Not_Significant",0
"ENSG00000143369.15","ECM1",2,1,1,1,1,4067,"Not_Significant",0
"ENSG00000188266.14","HYKK",1,0,1,1,1,4068,"Not_Significant",0
"ENSG00000147592.9","LACTB2",1,0,1,1,1,4069,"Not_Significant",0
"ENSG00000047634.15","SCML1",2,1,1,1,1,4070,"Not_Significant",0
"ENSG00000175556.17","LONRF3",1,0,1,1,1,4071,"Not_Significant",0
"ENSG00000240401.9","AC012358.2",1,0,1,1,1,4072,"Not_Significant",0
"ENSG00000184470.21","TXNRD2",1,0,1,1,1,4073,"Not_Significant",0
"ENSG00000153561.13","RMND5A",1,0,1,1,1,4074,"Not_Significant",0
"ENSG00000072694.21","FCGR2B",1,0,1,1,1,4075,"Not_Significant",0
"ENSG00000250012.2","AC079848.1",1,0,1,1,1,4076,"Not_Significant",0
"ENSG00000232310.8","AL078590.2",1,0,1,1,1,4077,"Not_Significant",0
"ENSG00000258813.2","AL442663.3",1,0,1,1,1,4078,"Not_Significant",0
"ENSG00000143507.18","DUSP10",3,2,1,1,1,4079,"Not_Significant",0
"ENSG00000166797.11","CIAO2A",1,0,1,1,1,4080,"Not_Significant",0
"ENSG00000132613.15","MTSS2",1,0,1,1,1,4081,"Not_Significant",0
"ENSG00000110756.18","HPS5",1,0,1,1,1,4082,"Not_Significant",0
"ENSG00000187566.6","NHLRC1",1,0,1,1,1,4083,"Not_Significant",0
"ENSG00000109919.10","MTCH2",1,0,1,1,1,4084,"Not_Significant",0
"ENSG00000156011.17","PSD3",2,1,1,1,1,4085,"Not_Significant",0
"ENSG00000164117.14","FBXO8",1,0,1,1,1,4086,"Not_Significant",0
"ENSG00000166323.13","C11orf65",1,0,1,1,1,4087,"Not_Significant",0
"ENSG00000106526.10","ACTR3C",1,0,1,1,1,4088,"Not_Significant",0
"ENSG00000280088.1","AC126474.2",1,0,1,1,1,4089,"Not_Significant",0
"ENSG00000174010.9","KLHL15",1,0,1,1,1,4090,"Not_Significant",0
"ENSG00000161558.11","TMEM143",1,0,1,1,1,4091,"Not_Significant",0
"ENSG00000174080.12","CTSF",1,0,1,1,1,4092,"Not_Significant",0
"ENSG00000286813.1","AC015871.6",1,0,1,1,1,4093,"Not_Significant",0
"ENSG00000103047.8","TANGO6",1,0,1,1,1,4094,"Not_Significant",0
"ENSG00000010318.21","PHF7",1,0,1,1,1,4095,"Not_Significant",0
"ENSG00000287865.1","AC099552.5",1,0,1,1,1,4096,"Not_Significant",0
"ENSG00000221869.5","CEBPD",1,0,1,1,1,4097,"Not_Significant",0
"ENSG00000283828.1","AL137002.2",1,0,1,1,1,4098,"Not_Significant",0
"ENSG00000249242.8","TMEM150C",1,0,1,1,1,4099,"Not_Significant",0
"ENSG00000205544.4","TMEM256",1,0,1,1,1,4100,"Not_Significant",0
"ENSG00000147642.17","SYBU",1,0,1,1,1,4101,"Not_Significant",0
"ENSG00000267064.2","UXT-AS1",1,0,1,1,1,4102,"Not_Significant",0
"ENSG00000117114.20","ADGRL2",1,0,1,1,1,4103,"Not_Significant",0
"ENSG00000256043.4","CTSO",1,0,1,1,1,4104,"Not_Significant",0
"ENSG00000109466.14","KLHL2",1,0,1,1,1,4105,"Not_Significant",0
"ENSG00000025434.19","NR1H3",1,0,1,1,1,4106,"Not_Significant",0
"ENSG00000256433.3","AC005840.2",1,0,1,1,1,4107,"Not_Significant",0
"ENSG00000008226.20","DLEC1",1,0,1,1,1,4108,"Not_Significant",0
"ENSG00000154305.18","MIA3",1,0,1,1,1,4109,"Not_Significant",0
"ENSG00000250479.9","CHCHD10",2,0,2,1,1,4110,"Not_Significant",0
"ENSG00000183908.7","LRRC55",1,0,1,1,1,4111,"Not_Significant",0
"ENSG00000123728.10","RAP2C",2,1,1,1,1,4112,"Not_Significant",0
"ENSG00000224080.1","UBE2FP1",1,0,1,1,1,4113,"Not_Significant",0
"ENSG00000122223.13","CD244",2,1,1,1,1,4114,"Not_Significant",0
"ENSG00000136463.8","TACO1",1,0,1,1,1,4115,"Not_Significant",0
"ENSG00000062524.16","LTK",1,0,1,1,1,4116,"Not_Significant",0
"ENSG00000108389.9","MTMR4",1,0,1,1,1,4117,"Not_Significant",0
"ENSG00000184979.10","USP18",3,2,1,1,1,4118,"Not_Significant",0
"ENSG00000102763.18","VWA8",1,0,1,1,1,4119,"Not_Significant",0
"ENSG00000154719.14","MRPL39",1,0,1,1,1,4120,"Not_Significant",0
"ENSG00000163053.11","SLC16A14",1,0,1,1,1,4121,"Not_Significant",0
"ENSG00000128185.10","DGCR6L",1,0,1,1,1,4122,"Not_Significant",0
"ENSG00000129535.13","NRL",1,0,1,1,1,4123,"Not_Significant",0
"ENSG00000280054.1","AC004241.5",1,0,1,1,1,4124,"Not_Significant",0
"ENSG00000135093.13","USP30",1,0,1,1,1,4125,"Not_Significant",0
"ENSG00000109445.11","ZNF330",1,0,1,1,1,4126,"Not_Significant",0
"ENSG00000142484.7","TM4SF5",1,0,1,1,1,4127,"Not_Significant",0
"ENSG00000147586.10","MRPS28",1,0,1,1,1,4128,"Not_Significant",0
"ENSG00000127838.14","PNKD",1,0,1,1,1,4129,"Not_Significant",0
"ENSG00000072954.7","TMEM38A",1,0,1,1,1,4130,"Not_Significant",0
"ENSG00000148943.12","LIN7C",1,0,1,1,1,4131,"Not_Significant",0
"ENSG00000100528.12","CNIH1",1,0,1,1,1,4132,"Not_Significant",0
"ENSG00000138802.11","SEC24B",1,0,1,1,1,4133,"Not_Significant",0
"ENSG00000166922.8","SCG5",2,1,1,1,1,4134,"Not_Significant",0
"ENSG00000183287.14","CCBE1",2,1,1,1,1,4135,"Not_Significant",0
"ENSG00000241316.8","SUCLG2-AS1",1,0,1,1,1,4136,"Not_Significant",0
"ENSG00000168303.9","MPLKIP",1,0,1,1,1,4137,"Not_Significant",0
"ENSG00000169629.12","RGPD8",1,0,1,1,1,4138,"Not_Significant",0
"ENSG00000034152.19","MAP2K3",2,0,2,1,1,4139,"Not_Significant",0
"ENSG00000275198.1","AL512791.2",1,0,1,1,1,4140,"Not_Significant",0
"ENSG00000266412.5","NCOA4",1,0,1,1,1,4141,"Not_Significant",0
"ENSG00000151093.8","OXSM",1,0,1,1,1,4142,"Not_Significant",0
"ENSG00000256967.1","AC018653.3",2,1,1,1,1,4143,"Not_Significant",0
"ENSG00000246090.7","AP002026.1",1,0,1,1,1,4144,"Not_Significant",0
"ENSG00000106333.13","PCOLCE",1,0,1,1,1,4145,"Not_Significant",0
"ENSG00000117500.13","TMED5",1,0,1,1,1,4146,"Not_Significant",0
"ENSG00000285955.1","BX842242.1",1,0,1,1,1,4147,"Not_Significant",0
"ENSG00000066855.16","MTFR1",1,0,1,1,1,4148,"Not_Significant",0
"ENSG00000154274.15","C4orf19",1,0,1,1,1,4149,"Not_Significant",0
"ENSG00000155330.10","C16orf87",1,0,1,1,1,4150,"Not_Significant",0
"ENSG00000005469.12","CROT",1,0,1,1,1,4151,"Not_Significant",0
"ENSG00000109519.13","GRPEL1",1,0,1,1,1,4152,"Not_Significant",0
"ENSG00000171612.7","SLC25A33",1,0,1,1,1,4153,"Not_Significant",0
"ENSG00000284686.1","AC119674.2",1,0,1,1,1,4154,"Not_Significant",0
"ENSG00000138152.10","BTBD16",2,1,1,1,1,4155,"Not_Significant",0
"ENSG00000231908.1","IDH1-AS1",1,0,1,1,1,4156,"Not_Significant",0
"ENSG00000074695.6","LMAN1",1,0,1,1,1,4157,"Not_Significant",0
"ENSG00000235961.6","PNMA6A",1,0,1,1,1,4158,"Not_Significant",0
"ENSG00000203724.11","C1orf53",1,0,1,1,1,4159,"Not_Significant",0
"ENSG00000113119.13","TMCO6",1,0,1,1,1,4160,"Not_Significant",0
"ENSG00000078902.16","TOLLIP",1,0,1,1,1,4161,"Not_Significant",0
"ENSG00000083223.18","TUT7",1,0,1,1,1,4162,"Not_Significant",0
"ENSG00000188868.14","ZNF563",1,0,1,1,1,4163,"Not_Significant",0
"ENSG00000150527.17","MIA2",1,0,1,1,1,4164,"Not_Significant",0
"ENSG00000115109.14","EPB41L5",1,0,1,1,1,4165,"Not_Significant",0
"ENSG00000164074.15","ABHD18",1,0,1,1,1,4166,"Not_Significant",0
"ENSG00000239445.6","ST3GAL6-AS1",1,0,1,1,1,4167,"Not_Significant",0
"ENSG00000279317.2","AC006994.1",1,0,1,1,1,4168,"Not_Significant",0
"ENSG00000164172.20","MOCS2",1,0,1,1,1,4169,"Not_Significant",0
"ENSG00000132530.17","XAF1",2,1,1,1,1,4170,"Not_Significant",0
"ENSG00000121552.4","CSTA",1,0,1,1,1,4171,"Not_Significant",0
"ENSG00000157978.12","LDLRAP1",1,0,1,1,1,4172,"Not_Significant",0
"ENSG00000107897.20","ACBD5",1,0,1,1,1,4173,"Not_Significant",0
"ENSG00000104228.13","TRIM35",1,0,1,1,1,4174,"Not_Significant",0
"ENSG00000172936.16","MYD88",1,0,1,1,1,4175,"Not_Significant",0
"ENSG00000237310.2","GS1-124K5.4",1,0,1,1,1,4176,"Not_Significant",0
"ENSG00000265399.1","AP005329.2",1,0,1,1,1,4177,"Not_Significant",0
"ENSG00000156017.13","CARNMT1",1,0,1,1,1,4178,"Not_Significant",0
"ENSG00000163491.16","NEK10",1,0,1,1,1,4179,"Not_Significant",0
"ENSG00000008130.15","NADK",1,0,1,1,1,4180,"Not_Significant",0
"ENSG00000241360.2","PDXP",2,1,1,1,1,4181,"Not_Significant",0
"ENSG00000131791.8","PRKAB2",1,0,1,1,1,4182,"Not_Significant",0
"ENSG00000165156.15","ZHX1",1,0,1,1,1,4183,"Not_Significant",0
"ENSG00000268062.1","SRP14P4",1,0,1,1,1,4184,"Not_Significant",0
"ENSG00000182054.10","IDH2",2,0,2,1,1,4185,"Not_Significant",0
"ENSG00000174738.13","NR1D2",1,0,1,1,1,4186,"Not_Significant",0
"ENSG00000146904.9","EPHA1",1,0,1,1,1,4187,"Not_Significant",0
"ENSG00000181788.4","SIAH2",2,1,1,1,1,4188,"Not_Significant",0
"ENSG00000285693.1","AP002381.2",1,0,1,1,1,4189,"Not_Significant",0
"ENSG00000169919.17","GUSB",1,0,1,1,1,4190,"Not_Significant",0
"ENSG00000135297.16","MTO1",1,0,1,1,1,4191,"Not_Significant",0
"ENSG00000151729.11","SLC25A4",2,0,2,1,1,4192,"Not_Significant",0
"ENSG00000121101.16","TEX14",2,1,1,1,1,4193,"Not_Significant",0
"ENSG00000119688.21","ABCD4",1,0,1,1,1,4194,"Not_Significant",0
"ENSG00000016391.11","CHDH",1,0,1,1,1,4195,"Not_Significant",0
"ENSG00000162928.9","PEX13",1,0,1,1,1,4196,"Not_Significant",0
"ENSG00000100342.21","APOL1",1,0,1,1,1,4197,"Not_Significant",0
"ENSG00000005882.12","PDK2",1,0,1,1,1,4198,"Not_Significant",0
"ENSG00000113269.14","RNF130",1,0,1,1,1,4199,"Not_Significant",0
"ENSG00000139112.11","GABARAPL1",2,0,2,1,1,4200,"Not_Significant",0
"ENSG00000005187.12","ACSM3",1,0,1,1,1,4201,"Not_Significant",0
"ENSG00000169891.18","REPS2",2,1,1,1,1,4202,"Not_Significant",0
"ENSG00000270820.6","AC016727.1",1,0,1,1,1,4203,"Not_Significant",0
"ENSG00000116962.15","NID1",2,1,1,1,1,4204,"Not_Significant",0
"ENSG00000103528.17","SYT17",2,1,1,1,1,4205,"Not_Significant",0
"ENSG00000102543.14","CDADC1",1,0,1,1,1,4206,"Not_Significant",0
"ENSG00000102738.8","MRPS31",1,0,1,1,1,4207,"Not_Significant",0
"ENSG00000117640.18","MTFR1L",1,0,1,1,1,4208,"Not_Significant",0
"ENSG00000186654.21","PRR5",1,0,1,1,1,4209,"Not_Significant",0
"ENSG00000112414.15","ADGRG6",1,0,1,1,1,4210,"Not_Significant",0
"ENSG00000279948.1","AC008895.1",1,0,1,1,1,4211,"Not_Significant",0
"ENSG00000182853.12","VMO1",2,0,2,1,1,4212,"Not_Significant",0
"ENSG00000063587.15","ZNF275",1,0,1,1,1,4213,"Not_Significant",0
"ENSG00000145331.14","TRMT10A",1,0,1,1,1,4214,"Not_Significant",0
"ENSG00000275457.1","AL117332.1",1,0,1,1,1,4215,"Not_Significant",0
"ENSG00000110063.10","DCPS",1,0,1,1,1,4216,"Not_Significant",0
"ENSG00000230371.1","KARS1P2",1,0,1,1,1,4217,"Not_Significant",0
"ENSG00000153208.17","MERTK",1,0,1,1,1,4218,"Not_Significant",0
"ENSG00000164741.15","DLC1",1,0,1,1,1,4219,"Not_Significant",0
"ENSG00000185000.12","DGAT1",1,0,1,1,1,4220,"Not_Significant",0
"ENSG00000229808.1","AL391825.1",1,0,1,1,1,4221,"Not_Significant",0
"ENSG00000024862.18","CCDC28A",1,0,1,1,1,4222,"Not_Significant",0
"ENSG00000228705.2","LINC00659",2,1,1,1,1,4223,"Not_Significant",0
"ENSG00000154723.12","ATP5PF",1,0,1,1,1,4224,"Not_Significant",0
"ENSG00000011105.14","TSPAN9",1,0,1,1,1,4225,"Not_Significant",0
"ENSG00000078747.16","ITCH",1,0,1,1,1,4226,"Not_Significant",0
"ENSG00000103449.12","SALL1",1,0,1,1,1,4227,"Not_Significant",0
"ENSG00000119431.9","HDHD3",1,0,1,1,1,4228,"Not_Significant",0
"ENSG00000146373.16","RNF217",1,0,1,1,1,4229,"Not_Significant",0
"ENSG00000089847.12","ANKRD24",1,0,1,1,1,4230,"Not_Significant",0
"ENSG00000136856.18","SLC2A8",1,0,1,1,1,4231,"Not_Significant",0
"ENSG00000276644.5","DACH1",2,1,1,1,1,4232,"Not_Significant",0
"ENSG00000177406.5","NINJ2-AS1",1,0,1,1,1,4233,"Not_Significant",0
"ENSG00000010256.11","UQCRC1",1,0,1,1,1,4234,"Not_Significant",0
"ENSG00000272156.1","AC008280.2",1,0,1,1,1,4235,"Not_Significant",0
"ENSG00000279133.1","AC018628.1",1,0,1,1,1,4236,"Not_Significant",0
"ENSG00000103067.14","ESRP2",1,0,1,1,1,4237,"Not_Significant",0
"ENSG00000165997.5","ARL5B",1,0,1,1,1,4238,"Not_Significant",0
"ENSG00000171067.11","C11orf24",1,0,1,1,1,4239,"Not_Significant",0
"ENSG00000049239.13","H6PD",1,0,1,1,1,4240,"Not_Significant",0
"ENSG00000137806.10","NDUFAF1",1,0,1,1,1,4241,"Not_Significant",0
"ENSG00000008952.17","SEC62",1,0,1,1,1,4242,"Not_Significant",0
"ENSG00000151498.12","ACAD8",2,0,2,1,1,4243,"Not_Significant",0
"ENSG00000102531.16","FNDC3A",1,0,1,1,1,4244,"Not_Significant",0
"ENSG00000065665.21","SEC61A2",1,0,1,1,1,4245,"Not_Significant",0
"ENSG00000271646.1","IRF2-DT",1,0,1,1,1,4246,"Not_Significant",0
"ENSG00000099840.14","IZUMO4",1,0,1,1,1,4247,"Not_Significant",0
"ENSG00000228701.2","TNKS2-AS1",1,0,1,1,1,4248,"Not_Significant",0
"ENSG00000170634.13","ACYP2",1,0,1,1,1,4249,"Not_Significant",0
"ENSG00000076770.14","MBNL3",1,0,1,1,1,4250,"Not_Significant",0
"ENSG00000164096.13","C4orf3",1,0,1,1,1,4251,"Not_Significant",0
"ENSG00000185808.14","PIGP",1,0,1,1,1,4252,"Not_Significant",0
"ENSG00000106591.4","MRPL32",1,0,1,1,1,4253,"Not_Significant",0
"ENSG00000225791.7","TRAM2-AS1",1,0,1,1,1,4254,"Not_Significant",0
"ENSG00000166912.17","MTMR10",1,0,1,1,1,4255,"Not_Significant",0
"ENSG00000113328.19","CCNG1",1,0,1,1,1,4256,"Not_Significant",0
"ENSG00000182934.12","SRPRA",1,0,1,1,1,4257,"Not_Significant",0
"ENSG00000121039.10","RDH10",1,0,1,1,1,4258,"Not_Significant",0
"ENSG00000242612.7","DECR2",1,0,1,1,1,4259,"Not_Significant",0
"ENSG00000116688.18","MFN2",1,0,1,1,1,4260,"Not_Significant",0
"ENSG00000144668.12","ITGA9",1,0,1,1,1,4261,"Not_Significant",0
"ENSG00000005700.15","IBTK",1,0,1,1,1,4262,"Not_Significant",0
"ENSG00000155368.16","DBI",1,0,1,1,1,4263,"Not_Significant",0
"ENSG00000197181.12","PIWIL2",1,0,1,1,1,4264,"Not_Significant",0
"ENSG00000072778.20","ACADVL",2,0,2,1,1,4265,"Not_Significant",0
"ENSG00000277972.2","CISD3",1,0,1,1,1,4266,"Not_Significant",0
"ENSG00000059691.12","GATB",1,0,1,1,1,4267,"Not_Significant",0
"ENSG00000143162.9","CREG1",1,0,1,1,1,4268,"Not_Significant",0
"ENSG00000163684.12","RPP14",1,0,1,1,1,4269,"Not_Significant",0
"ENSG00000132361.18","CLUH",1,0,1,1,1,4270,"Not_Significant",0
"ENSG00000053371.12","AKR7A2",1,0,1,1,1,4271,"Not_Significant",0
"ENSG00000078487.17","ZCWPW1",1,0,1,1,1,4272,"Not_Significant",0
"ENSG00000147475.17","ERLIN2",1,0,1,1,1,4273,"Not_Significant",0
"ENSG00000130881.14","LRP3",1,0,1,1,1,4274,"Not_Significant",0
"ENSG00000166562.9","SEC11C",1,0,1,1,1,4275,"Not_Significant",0
"ENSG00000137824.16","RMDN3",1,0,1,1,1,4276,"Not_Significant",0
"ENSG00000285665.1","TOP1P1",1,0,1,1,1,4277,"Not_Significant",0
"ENSG00000176542.10","USF3",1,0,1,1,1,4278,"Not_Significant",0
"ENSG00000178573.7","MAF",1,0,1,1,1,4279,"Not_Significant",0
"ENSG00000285632.1","AC084024.4",1,0,1,1,1,4280,"Not_Significant",0
"ENSG00000272861.1","AC012360.2",1,0,1,1,1,4281,"Not_Significant",0
"ENSG00000162241.12","SLC25A45",1,0,1,1,1,4282,"Not_Significant",0
"ENSG00000161860.8","SYCE2",2,1,1,1,1,4283,"Not_Significant",0
"ENSG00000109927.11","TECTA",1,0,1,1,1,4284,"Not_Significant",0
"ENSG00000138496.16","PARP9",2,1,1,1,1,4285,"Not_Significant",0
"ENSG00000166575.17","TMEM135",1,0,1,1,1,4286,"Not_Significant",0
"ENSG00000253598.3","SLC10A5",1,0,1,1,1,4287,"Not_Significant",0
"ENSG00000132196.15","HSD17B7",2,1,1,1,1,4288,"Not_Significant",0
"ENSG00000157399.16","ARSL",1,0,1,1,1,4289,"Not_Significant",0
"ENSG00000180011.7","ZADH2",1,0,1,1,1,4290,"Not_Significant",0
"ENSG00000172780.17","RAB43",1,0,1,1,1,4291,"Not_Significant",0
"ENSG00000163626.17","COX18",1,0,1,1,1,4292,"Not_Significant",0
"ENSG00000110060.9","PUS3",1,0,1,1,1,4293,"Not_Significant",0
"ENSG00000154642.11","C21orf91",1,0,1,1,1,4294,"Not_Significant",0
"ENSG00000125844.16","RRBP1",1,0,1,1,1,4295,"Not_Significant",0
"ENSG00000258484.4","SPESP1",1,0,1,1,1,4296,"Not_Significant",0
"ENSG00000134575.13","ACP2",1,0,1,1,1,4297,"Not_Significant",0
"ENSG00000144827.9","ABHD10",1,0,1,1,1,4298,"Not_Significant",0
"ENSG00000088280.19","ASAP3",1,0,1,1,1,4299,"Not_Significant",0
"ENSG00000167700.9","MFSD3",1,0,1,1,1,4300,"Not_Significant",0
"ENSG00000101194.18","SLC17A9",4,3,1,1,1,4301,"Not_Significant",0
"ENSG00000172840.7","PDP2",1,0,1,1,1,4302,"Not_Significant",0
"ENSG00000144749.14","LRIG1",2,0,2,1,1,4303,"Not_Significant",0
"ENSG00000104611.12","SH2D4A",1,0,1,1,1,4304,"Not_Significant",0
"ENSG00000197776.8","KLHDC1",1,0,1,1,1,4305,"Not_Significant",0
"ENSG00000170540.15","ARL6IP1",1,0,1,1,1,4306,"Not_Significant",0
"ENSG00000136630.13","HLX",1,0,1,1,1,4307,"Not_Significant",0
"ENSG00000229589.1","ACVR2B-AS1",1,0,1,1,1,4308,"Not_Significant",0
"ENSG00000133678.14","TMEM254",1,0,1,1,1,4309,"Not_Significant",0
"ENSG00000006638.13","TBXA2R",2,1,1,1,1,4310,"Not_Significant",0
"ENSG00000164342.13","TLR3",1,0,1,1,1,4311,"Not_Significant",0
"ENSG00000161542.17","PRPSAP1",1,0,1,1,1,4312,"Not_Significant",0
"ENSG00000008513.16","ST3GAL1",1,0,1,1,1,4313,"Not_Significant",0
"ENSG00000163605.15","PPP4R2",1,0,1,1,1,4314,"Not_Significant",0
"ENSG00000107745.19","MICU1",1,0,1,1,1,4315,"Not_Significant",0
"ENSG00000158793.14","NIT1",1,0,1,1,1,4316,"Not_Significant",0
"ENSG00000162572.21","SCNN1D",1,0,1,1,1,4317,"Not_Significant",0
"ENSG00000164040.18","PGRMC2",1,0,1,1,1,4318,"Not_Significant",0
"ENSG00000102796.11","DHRS12",1,0,1,1,1,4319,"Not_Significant",0
"ENSG00000136783.10","NIPSNAP3A",1,0,1,1,1,4320,"Not_Significant",0
"ENSG00000100075.10","SLC25A1",1,0,1,1,1,4321,"Not_Significant",0
"ENSG00000023697.13","DERA",1,0,1,1,1,4322,"Not_Significant",0
"ENSG00000130770.18","ATP5IF1",1,0,1,1,1,4323,"Not_Significant",0
"ENSG00000106546.14","AHR",1,0,1,1,1,4324,"Not_Significant",0
"ENSG00000226853.3","AC010894.1",1,0,1,1,1,4325,"Not_Significant",0
"ENSG00000111266.9","DUSP16",1,0,1,1,1,4326,"Not_Significant",0
"ENSG00000116717.13","GADD45A",1,0,1,1,1,4327,"Not_Significant",0
"ENSG00000145022.4","TCTA",1,0,1,1,1,4328,"Not_Significant",0
"ENSG00000270587.1","AC046185.2",1,0,1,1,1,4329,"Not_Significant",0
"ENSG00000167130.18","DOLPP1",1,0,1,1,1,4330,"Not_Significant",0
"ENSG00000100664.11","EIF5",1,0,1,1,1,4331,"Not_Significant",0
"ENSG00000204103.4","MAFB",1,0,1,1,1,4332,"Not_Significant",0
"ENSG00000122779.18","TRIM24",1,0,1,1,1,4333,"Not_Significant",0
"ENSG00000130522.6","JUND",1,0,1,1,1,4334,"Not_Significant",0
"ENSG00000136933.17","RABEPK",1,0,1,1,1,4335,"Not_Significant",0
"ENSG00000117620.15","SLC35A3",1,0,1,1,1,4336,"Not_Significant",0
"ENSG00000198585.12","NUDT16",1,0,1,1,1,4337,"Not_Significant",0
"ENSG00000175606.11","TMEM70",1,0,1,1,1,4338,"Not_Significant",0
"ENSG00000278831.1","AL513190.1",1,0,1,1,1,4339,"Not_Significant",0
"ENSG00000155906.19","RMND1",1,0,1,1,1,4340,"Not_Significant",0
"ENSG00000110871.15","COQ5",1,0,1,1,1,4341,"Not_Significant",0
"ENSG00000130349.10","MTRES1",1,0,1,1,1,4342,"Not_Significant",0
"ENSG00000139835.14","GRTP1",2,1,1,1,1,4343,"Not_Significant",0
"ENSG00000257261.6","AC008014.1",1,0,1,1,1,4344,"Not_Significant",0
"ENSG00000235903.9","CPB2-AS1",1,0,1,1,1,4345,"Not_Significant",0
"ENSG00000139405.16","RITA1",1,0,1,1,1,4346,"Not_Significant",0
"ENSG00000152558.15","TMEM123",1,0,1,1,1,4347,"Not_Significant",0
"ENSG00000196159.14","FAT4",2,1,1,1,1,4348,"Not_Significant",0
"ENSG00000157224.16","CLDN12",2,1,1,1,1,4349,"Not_Significant",0
"ENSG00000162298.19","SYVN1",1,0,1,1,1,4350,"Not_Significant",0
"ENSG00000149084.13","HSD17B12",1,0,1,1,1,4351,"Not_Significant",0
"ENSG00000175309.15","PHYKPL",1,0,1,1,1,4352,"Not_Significant",0
"ENSG00000161929.15","SCIMP",1,0,1,1,1,4353,"Not_Significant",0
"ENSG00000069869.16","NEDD4",1,0,1,1,1,4354,"Not_Significant",0
"ENSG00000186907.8","RTN4RL2",3,2,1,1,1,4355,"Not_Significant",0
"ENSG00000141098.13","GFOD2",1,0,1,1,1,4356,"Not_Significant",0
"ENSG00000129255.16","MPDU1",1,0,1,1,1,4357,"Not_Significant",0
"ENSG00000131724.11","IL13RA1",1,0,1,1,1,4358,"Not_Significant",0
"ENSG00000150540.14","HNMT",1,0,1,1,1,4359,"Not_Significant",0
"ENSG00000253878.5","AC087752.3",1,0,1,1,1,4360,"Not_Significant",0
"ENSG00000116663.11","FBXO6",1,0,1,1,1,4361,"Not_Significant",0
"ENSG00000254682.1","AP002387.1",1,0,1,1,1,4362,"Not_Significant",0
"ENSG00000117859.19","OSBPL9",1,0,1,1,1,4363,"Not_Significant",0
"ENSG00000114520.11","SNX4",1,0,1,1,1,4364,"Not_Significant",0
"ENSG00000006459.11","KDM7A",1,0,1,1,1,4365,"Not_Significant",0
"ENSG00000173992.9","CCS",1,0,1,1,1,4366,"Not_Significant",0
"ENSG00000153443.13","UBALD1",1,0,1,1,1,4367,"Not_Significant",0
"ENSG00000110046.13","ATG2A",1,0,1,1,1,4368,"Not_Significant",0
"ENSG00000100614.18","PPM1A",1,0,1,1,1,4369,"Not_Significant",0
"ENSG00000117151.13","CTBS",1,0,1,1,1,4370,"Not_Significant",0
"ENSG00000248508.8","SRP14-AS1",1,0,1,1,1,4371,"Not_Significant",0
"ENSG00000204923.4","FBXO48",1,0,1,1,1,4372,"Not_Significant",0
"ENSG00000189050.16","RNFT1",1,0,1,1,1,4373,"Not_Significant",0
"ENSG00000020577.14","SAMD4A",1,0,1,1,1,4374,"Not_Significant",0
"ENSG00000144659.13","SLC25A38",1,0,1,1,1,4375,"Not_Significant",0
"ENSG00000287126.1","AC108488.3",2,1,1,1,1,4376,"Not_Significant",0
"ENSG00000100650.16","SRSF5",1,0,1,1,1,4377,"Not_Significant",0
"ENSG00000111726.13","CMAS",1,0,1,1,1,4378,"Not_Significant",0
"ENSG00000122912.15","SLC25A16",1,0,1,1,1,4379,"Not_Significant",0
"ENSG00000147894.17","C9orf72",1,0,1,1,1,4380,"Not_Significant",0
"ENSG00000119723.17","COQ6",1,0,1,1,1,4381,"Not_Significant",0
"ENSG00000277369.1","AC010654.1",1,0,1,1,1,4382,"Not_Significant",0
"ENSG00000070159.14","PTPN3",1,0,1,1,1,4383,"Not_Significant",0
"ENSG00000176055.10","MBLAC2",1,0,1,1,1,4384,"Not_Significant",0
"ENSG00000169714.17","CNBP",1,0,1,1,1,4385,"Not_Significant",0
"ENSG00000260018.1","AC040169.1",1,0,1,1,1,4386,"Not_Significant",0
"ENSG00000138942.16","RNF185",1,0,1,1,1,4387,"Not_Significant",0
"ENSG00000185684.15","EP400P1",1,0,1,1,1,4388,"Not_Significant",0
"ENSG00000166902.5","MRPL16",1,0,1,1,1,4389,"Not_Significant",0
"ENSG00000166289.6","PLEKHF1",1,0,1,1,1,4390,"Not_Significant",0
"ENSG00000280734.3","LINC01232",2,1,1,1,1,4391,"Not_Significant",0
"ENSG00000142166.13","IFNAR1",1,0,1,1,1,4392,"Not_Significant",0
"ENSG00000213995.11","NAXD",1,0,1,1,1,4393,"Not_Significant",0
"ENSG00000187866.10","FAM122A",1,0,1,1,1,4394,"Not_Significant",0
"ENSG00000188997.8","KCTD21",1,0,1,1,1,4395,"Not_Significant",0
"ENSG00000261542.1","AC011978.2",1,0,1,1,1,4396,"Not_Significant",0
"ENSG00000011007.12","ELOA",1,0,1,1,1,4397,"Not_Significant",0
"ENSG00000111271.15","ACAD10",1,0,1,1,1,4398,"Not_Significant",0
"ENSG00000144357.18","UBR3",1,0,1,1,1,4399,"Not_Significant",0
"ENSG00000123739.11","PLA2G12A",1,0,1,1,1,4400,"Not_Significant",0
"ENSG00000134072.11","CAMK1",1,0,1,1,1,4401,"Not_Significant",0
"ENSG00000160785.13","SLC25A44",1,0,1,1,1,4402,"Not_Significant",0
"ENSG00000113318.11","MSH3",1,0,1,1,1,4403,"Not_Significant",0
"ENSG00000119318.13","RAD23B",1,0,1,1,1,4404,"Not_Significant",0
"ENSG00000168827.15","GFM1",1,0,1,1,1,4405,"Not_Significant",0
"ENSG00000146476.11","ARMT1",2,1,1,1,1,4406,"Not_Significant",0
"ENSG00000110628.16","SLC22A18",2,1,1,1,1,4407,"Not_Significant",0
"ENSG00000179988.15","PSTK",1,0,1,1,1,4408,"Not_Significant",0
"ENSG00000136152.15","COG3",1,0,1,1,1,4409,"Not_Significant",0
"ENSG00000185973.12","TMLHE",1,0,1,1,1,4410,"Not_Significant",0
"ENSG00000123472.12","ATPAF1",1,0,1,1,1,4411,"Not_Significant",0
"ENSG00000143252.16","SDHC",1,0,1,1,1,4412,"Not_Significant",0
"ENSG00000162129.14","CLPB",1,0,1,1,1,4413,"Not_Significant",0
"ENSG00000072310.17","SREBF1",1,0,1,1,1,4414,"Not_Significant",0
"ENSG00000117308.15","GALE",2,1,1,1,1,4415,"Not_Significant",0
"ENSG00000166016.6","ABTB2",1,0,1,1,1,4416,"Not_Significant",0
"ENSG00000103642.12","LACTB",1,0,1,1,1,4417,"Not_Significant",0
"ENSG00000076351.13","SLC46A1",1,0,1,1,1,4418,"Not_Significant",0
"ENSG00000173141.5","MRPL57",1,0,1,1,1,4419,"Not_Significant",0
"ENSG00000066926.12","FECH",1,0,1,1,1,4420,"Not_Significant",0
"ENSG00000285976.2","AL135905.2",1,0,1,1,1,4421,"Not_Significant",0
"ENSG00000141295.14","SCRN2",1,0,1,1,1,4422,"Not_Significant",0
"ENSG00000152484.14","USP12",1,0,1,1,1,4423,"Not_Significant",0
"ENSG00000170899.11","GSTA4",1,0,1,1,1,4424,"Not_Significant",0
"ENSG00000132394.11","EEFSEC",1,0,1,1,1,4425,"Not_Significant",0
"ENSG00000123124.14","WWP1",2,1,1,1,1,4426,"Not_Significant",0
"ENSG00000118515.11","SGK1",1,0,1,1,1,4427,"Not_Significant",0
"ENSG00000136874.11","STX17",1,0,1,1,1,4428,"Not_Significant",0
"ENSG00000107362.14","ABHD17B",1,0,1,1,1,4429,"Not_Significant",0
"ENSG00000259802.1","AC012640.2",1,0,1,1,1,4430,"Not_Significant",0
"ENSG00000178567.8","EPM2AIP1",1,0,1,1,1,4431,"Not_Significant",0
"ENSG00000189241.8","TSPYL1",1,0,1,1,1,4432,"Not_Significant",0
"ENSG00000013583.10","HEBP1",1,0,1,1,1,4433,"Not_Significant",0
"ENSG00000175048.17","ZDHHC14",1,0,1,1,1,4434,"Not_Significant",0
"ENSG00000224870.7","MRPL20-AS1",1,0,1,1,1,4435,"Not_Significant",0
"ENSG00000100225.18","FBXO7",1,0,1,1,1,4436,"Not_Significant",0
"ENSG00000184903.10","IMMP2L",1,0,1,1,1,4437,"Not_Significant",0
"ENSG00000100150.20","DEPDC5",1,0,1,1,1,4438,"Not_Significant",0
"ENSG00000227456.9","LINC00310",1,0,1,1,1,4439,"Not_Significant",0
"ENSG00000133135.14","RNF128",1,0,1,1,1,4440,"Not_Significant",0
"ENSG00000154359.13","LONRF1",1,0,1,1,1,4441,"Not_Significant",0
"ENSG00000001630.17","CYP51A1",1,0,1,1,1,4442,"Not_Significant",0
"ENSG00000130023.16","ERMARD",1,0,1,1,1,4443,"Not_Significant",0
"ENSG00000197859.11","ADAMTSL2",4,3,1,1,1,4444,"Not_Significant",0
"ENSG00000104805.16","NUCB1",1,0,1,1,1,4445,"Not_Significant",0
"ENSG00000151332.19","MBIP",1,0,1,1,1,4446,"Not_Significant",0
"ENSG00000120696.9","KBTBD7",1,0,1,1,1,4447,"Not_Significant",0
"ENSG00000111911.7","HINT3",1,0,1,1,1,4448,"Not_Significant",0
"ENSG00000066651.20","TRMT11",1,0,1,1,1,4449,"Not_Significant",0
"ENSG00000253982.2","AC100810.1",1,0,1,1,1,4450,"Not_Significant",0
"ENSG00000121104.8","FAM117A",1,0,1,1,1,4451,"Not_Significant",0
"ENSG00000196428.12","TSC22D2",1,0,1,1,1,4452,"Not_Significant",0
"ENSG00000179476.8","C14orf28",1,0,1,1,1,4453,"Not_Significant",0
"ENSG00000226471.6","Z93930.2",1,0,1,1,1,4454,"Not_Significant",0
"ENSG00000157916.20","RER1",1,0,1,1,1,4455,"Not_Significant",0
"ENSG00000230513.2","THAP7-AS1",1,0,1,1,1,4456,"Not_Significant",0
"ENSG00000173905.9","GOLIM4",2,1,1,1,1,4457,"Not_Significant",0
"ENSG00000092148.13","HECTD1",1,0,1,1,1,4458,"Not_Significant",0
"ENSG00000196511.14","TPK1",1,0,1,1,1,4459,"Not_Significant",0
"ENSG00000023228.14","NDUFS1",1,0,1,1,1,4460,"Not_Significant",0
"ENSG00000273264.1","AL360219.1",1,0,1,1,1,4461,"Not_Significant",0
"ENSG00000168288.13","MMADHC",1,0,1,1,1,4462,"Not_Significant",0
"ENSG00000005844.19","ITGAL",3,2,1,1,1,4463,"Not_Significant",0
"ENSG00000160007.19","ARHGAP35",1,0,1,1,1,4464,"Not_Significant",0
"ENSG00000173276.14","ZBTB21",1,0,1,1,1,4465,"Not_Significant",0
"ENSG00000127329.16","PTPRB",1,0,1,1,1,4466,"Not_Significant",0
"ENSG00000130164.14","LDLR",1,0,1,1,1,4467,"Not_Significant",0
"ENSG00000138029.14","HADHB",1,0,1,1,1,4468,"Not_Significant",0
"ENSG00000272123.1","AC008966.2",1,0,1,1,1,4469,"Not_Significant",0
"ENSG00000086061.16","DNAJA1",1,0,1,1,1,4470,"Not_Significant",0
"ENSG00000214198.8","TTC41P",1,0,1,1,1,4471,"Not_Significant",0
"ENSG00000153363.13","LINC00467",1,0,1,1,1,4472,"Not_Significant",0
"ENSG00000273096.1","AL021707.8",1,0,1,1,1,4473,"Not_Significant",0
"ENSG00000172007.7","RAB33B",1,0,1,1,1,4474,"Not_Significant",0
"ENSG00000072062.15","PRKACA",1,0,1,1,1,4475,"Not_Significant",0
"ENSG00000170677.6","SOCS6",1,0,1,1,1,4476,"Not_Significant",0
"ENSG00000119787.14","ATL2",1,0,1,1,1,4477,"Not_Significant",0
"ENSG00000271828.1","AC008937.3",1,0,1,1,1,4478,"Not_Significant",0
"ENSG00000178104.19","PDE4DIP",1,0,1,1,1,4479,"Not_Significant",0
"ENSG00000136280.17","CCM2",1,0,1,1,1,4480,"Not_Significant",0
"ENSG00000184990.13","SIVA1",1,0,1,1,1,4481,"Not_Significant",0
"ENSG00000067208.14","EVI5",1,0,1,1,1,4482,"Not_Significant",0
"ENSG00000176018.13","LYSMD3",1,0,1,1,1,4483,"Not_Significant",0
"ENSG00000106686.16","SPATA6L",2,1,1,1,1,4484,"Not_Significant",0
"ENSG00000152931.9","PART1",1,0,1,1,1,4485,"Not_Significant",0
"ENSG00000257084.1","MIR200CHG",1,0,1,1,1,4486,"Not_Significant",0
"ENSG00000124839.13","RAB17",1,0,1,1,1,4487,"Not_Significant",0
"ENSG00000106688.12","SLC1A1",2,1,1,1,1,4488,"Not_Significant",0
"ENSG00000069702.11","TGFBR3",1,0,1,1,1,4489,"Not_Significant",0
"ENSG00000145911.6","N4BP3",3,2,1,1,1,4490,"Not_Significant",0
"ENSG00000185015.8","CA13",1,0,1,1,1,4491,"Not_Significant",0
"ENSG00000223254.1","Y_RNA",1,0,1,1,1,4492,"Not_Significant",0
"ENSG00000196542.8","SPTSSB",3,2,1,1,1,4493,"Not_Significant",0
"ENSG00000124249.7","KCNK15",3,2,1,1,1,4494,"Not_Significant",0
"ENSG00000125648.15","SLC25A23",1,0,1,1,1,4495,"Not_Significant",0
"ENSG00000188037.12","CLCN1",1,0,1,1,1,4496,"Not_Significant",0
"ENSG00000102934.10","PLLP",2,1,1,1,1,4497,"Not_Significant",0
"ENSG00000213860.4","RPL21P75",1,0,1,1,1,4498,"Not_Significant",0
"ENSG00000072201.14","LNX1",1,0,1,1,1,4499,"Not_Significant",0
"ENSG00000204991.11","SPIRE2",2,1,1,1,1,4500,"Not_Significant",0
"ENSG00000236830.7","CBR3-AS1",2,1,1,1,1,4501,"Not_Significant",0
"ENSG00000169908.12","TM4SF1",3,2,1,1,1,4502,"Not_Significant",0
"ENSG00000133112.17","TPT1",1,0,1,1,1,4503,"Not_Significant",0
"ENSG00000241656.1","UBA52P7",1,0,1,1,1,4504,"Not_Significant",0
"ENSG00000269985.1","AL021328.1",1,0,1,1,1,4505,"Not_Significant",0
"ENSG00000000003.15","TSPAN6",1,0,1,1,1,4506,"Not_Significant",0
"ENSG00000135951.16","TSGA10",1,0,1,1,1,4507,"Not_Significant",0
"ENSG00000251615.3","AC104825.1",1,0,1,1,1,4508,"Not_Significant",0
"ENSG00000142765.18","SYTL1",3,2,1,1,1,4509,"Not_Significant",0
"ENSG00000168273.8","SMIM4",1,0,1,1,1,4510,"Not_Significant",0
"ENSG00000160799.11","CCDC12",1,0,1,1,1,4511,"Not_Significant",0
"ENSG00000272398.6","CD24",2,1,1,1,1,4512,"Not_Significant",0
"ENSG00000213757.3","RPS3AP20",1,0,1,1,1,4513,"Not_Significant",0
"ENSG00000142657.21","PGD",1,0,1,1,1,4514,"Not_Significant",0
"ENSG00000224094.1","RPS24P8",1,0,1,1,1,4515,"Not_Significant",0
"ENSG00000156675.16","RAB11FIP1",2,1,1,1,1,4516,"Not_Significant",0
"ENSG00000259883.2","EHD4-AS1",1,0,1,1,1,4517,"Not_Significant",0
"ENSG00000197520.10","FAM177B",1,0,1,1,1,4518,"Not_Significant",0
"ENSG00000156453.14","PCDH1",1,0,1,1,1,4519,"Not_Significant",0
"ENSG00000165807.8","PPP1R36",2,1,1,1,1,4520,"Not_Significant",0
"ENSG00000176920.13","FUT2",3,2,1,1,1,4521,"Not_Significant",0
"ENSG00000170545.17","SMAGP",2,1,1,1,1,4522,"Not_Significant",0
"ENSG00000183172.9","SMDT1",1,0,1,1,1,4523,"Not_Significant",0
"ENSG00000269313.5","MAGIX",1,0,1,1,1,4524,"Not_Significant",0
"ENSG00000188846.14","RPL14",1,0,1,1,1,4525,"Not_Significant",0
"ENSG00000262902.1","MTCO1P40",2,1,1,1,1,4526,"Not_Significant",0
"ENSG00000057294.15","PKP2",1,0,1,1,1,4527,"Not_Significant",0
"ENSG00000135373.13","EHF",2,1,1,1,1,4528,"Not_Significant",0
"ENSG00000273045.7","C2orf15",4,3,1,1,1,4529,"Not_Significant",0
"ENSG00000182795.13","C1orf116",2,1,1,1,1,4530,"Not_Significant",0
"ENSG00000129595.14","EPB41L4A",2,1,1,1,1,4531,"Not_Significant",0
"ENSG00000007255.10","TRAPPC6A",1,0,1,1,1,4532,"Not_Significant",0
"ENSG00000169020.10","ATP5ME",1,0,1,1,1,4533,"Not_Significant",0
"ENSG00000162244.12","RPL29",1,0,1,1,1,4534,"Not_Significant",0
"ENSG00000127418.15","FGFRL1",2,1,1,1,1,4535,"Not_Significant",0
"ENSG00000127184.13","COX7C",1,0,1,1,1,4536,"Not_Significant",0
"ENSG00000122359.18","ANXA11",2,1,1,1,1,4537,"Not_Significant",0
"ENSG00000197892.13","KIF13B",1,0,1,1,1,4538,"Not_Significant",0
"ENSG00000144366.16","GULP1",2,1,1,1,1,4539,"Not_Significant",0
"ENSG00000241837.7","ATP5PO",1,0,1,1,1,4540,"Not_Significant",0
"ENSG00000213722.10","DDAH2",1,0,1,1,1,4541,"Not_Significant",0
"ENSG00000144451.19","SPAG16",1,0,1,1,1,4542,"Not_Significant",0
"ENSG00000099849.15","RASSF7",2,1,1,1,1,4543,"Not_Significant",0
"ENSG00000197019.5","SERTAD1",1,0,1,1,1,4544,"Not_Significant",0
"ENSG00000152234.16","ATP5F1A",1,0,1,1,1,4545,"Not_Significant",0
"ENSG00000144713.13","RPL32",1,0,1,1,1,4546,"Not_Significant",0
"ENSG00000133315.12","MACROD1",1,0,1,1,1,4547,"Not_Significant",0
"ENSG00000073350.14","LLGL2",3,2,1,1,1,4548,"Not_Significant",0
"ENSG00000134243.12","SORT1",1,0,1,1,1,4549,"Not_Significant",0
"ENSG00000165929.13","TC2N",2,1,1,1,1,4550,"Not_Significant",0
"ENSG00000203709.12","MIR29B2CHG",2,1,1,1,1,4551,"Not_Significant",0
"ENSG00000164484.12","TMEM200A",3,2,1,1,1,4552,"Not_Significant",0
"ENSG00000239920.2","AC104389.5",1,0,1,1,1,4553,"Not_Significant",0
"ENSG00000249192.1","MTND3P25",1,0,1,1,1,4554,"Not_Significant",0
"ENSG00000237832.1","AL138808.1",1,0,1,1,1,4555,"Not_Significant",0
"ENSG00000227258.6","SMIM2-AS1",1,0,1,1,1,4556,"Not_Significant",0
"ENSG00000115461.5","IGFBP5",2,1,1,1,1,4557,"Not_Significant",0
"ENSG00000210049.1","MT-TF",1,0,1,1,1,4558,"Not_Significant",0
"ENSG00000225362.10","CT62",2,1,1,1,1,4559,"Not_Significant",0
"ENSG00000283636.1","Metazoa_SRP",1,0,1,1,1,4560,"Not_Significant",0
"ENSG00000255823.5","MTRNR2L8",1,0,1,1,1,4561,"Not_Significant",0
"ENSG00000128591.16","FLNC",2,1,1,1,1,4562,"Not_Significant",0
"ENSG00000119711.13","ALDH6A1",1,0,1,1,1,4563,"Not_Significant",0
"ENSG00000131831.18","RAI2",2,1,1,1,1,4564,"Not_Significant",0
"ENSG00000133083.15","DCLK1",2,1,1,1,1,4565,"Not_Significant",0
"ENSG00000172508.10","CARNS1",2,1,1,1,1,4566,"Not_Significant",0
"ENSG00000177669.4","MBOAT4",1,0,1,1,1,4567,"Not_Significant",0
"ENSG00000271538.6","LINC02427",1,0,1,1,1,4568,"Not_Significant",0
"ENSG00000235485.1","AL021877.1",1,0,1,1,1,4569,"Not_Significant",0
"ENSG00000110786.18","PTPN5",2,1,1,1,1,4570,"Not_Significant",0
"ENSG00000135821.19","GLUL",1,0,1,1,1,4571,"Not_Significant",0
"ENSG00000185669.6","SNAI3",1,0,1,1,1,4572,"Not_Significant",0
"ENSG00000271699.5","SNX29P2",1,0,1,1,1,4573,"Not_Significant",0
"ENSG00000187098.17","MITF",2,1,1,1,1,4574,"Not_Significant",0
"ENSG00000248673.2","LINC01331",2,1,1,1,1,4575,"Not_Significant",0
"ENSG00000119919.11","NKX2-3",1,0,1,1,1,4576,"Not_Significant",0
"ENSG00000205959.4","AC105345.1",1,0,1,1,1,4577,"Not_Significant",0
"ENSG00000271858.5","Z84492.1",1,0,1,1,1,4578,"Not_Significant",0
"ENSG00000216809.1","AL589993.1",1,0,1,1,1,4579,"Not_Significant",0
"ENSG00000164404.8","GDF9",1,0,1,1,1,4580,"Not_Significant",0
"ENSG00000274461.2","AC023282.1",1,0,1,1,1,4581,"Not_Significant",0
"ENSG00000137103.20","TMEM8B",1,0,1,1,1,4582,"Not_Significant",0
"ENSG00000111846.19","GCNT2",1,0,1,1,1,4583,"Not_Significant",0
"ENSG00000267508.6","ZNF285",1,0,1,1,1,4584,"Not_Significant",0
"ENSG00000167554.15","ZNF610",1,0,1,1,1,4585,"Not_Significant",0
"ENSG00000205517.13","RGL3",2,1,1,1,1,4586,"Not_Significant",0
"ENSG00000230118.1","AC092569.1",1,0,1,1,1,4587,"Not_Significant",0
"ENSG00000135549.15","PKIB",2,1,1,1,1,4588,"Not_Significant",0
"ENSG00000198440.9","ZNF583",1,0,1,1,1,4589,"Not_Significant",0
"ENSG00000209082.1","MT-TL1",1,0,1,1,1,4590,"Not_Significant",0
"ENSG00000101638.14","ST8SIA5",2,1,1,1,1,4591,"Not_Significant",0
"ENSG00000139438.6","FAM222A",2,1,1,1,1,4592,"Not_Significant",0
"ENSG00000252448.1","SNORA63",1,0,1,1,1,4593,"Not_Significant",0
"ENSG00000015532.10","XYLT2",1,0,1,1,1,4594,"Not_Significant",0
"ENSG00000260932.1","AC009119.2",1,0,1,1,1,4595,"Not_Significant",0
"ENSG00000257277.2","AC092652.1",1,0,1,1,1,4596,"Not_Significant",0
"ENSG00000261208.1","AL365475.1",1,0,1,1,1,4597,"Not_Significant",0
"ENSG00000270020.1","AC009108.3",1,0,1,1,1,4598,"Not_Significant",0
"ENSG00000255234.6","AP000446.1",1,0,1,1,1,4599,"Not_Significant",0
"ENSG00000112541.17","PDE10A",3,2,1,1,1,4600,"Not_Significant",0
"ENSG00000198336.9","MYL4",1,0,1,1,1,4601,"Not_Significant",0
"ENSG00000235731.3","LINC02250",1,0,1,1,1,4602,"Not_Significant",0
"ENSG00000268926.3","AL354861.3",1,0,1,1,1,4603,"Not_Significant",0
"ENSG00000188536.13","HBA2",1,0,1,1,1,4604,"Not_Significant",0
"ENSG00000096060.15","FKBP5",1,0,1,1,1,4605,"Not_Significant",0
"ENSG00000187229.3","AC100800.1",1,0,1,1,1,4606,"Not_Significant",0
"ENSG00000267694.1","AP005131.5",1,0,1,1,1,4607,"Not_Significant",0
"ENSG00000155875.15","SAXO1",1,0,1,1,1,4608,"Not_Significant",0
"ENSG00000287458.1","AL033519.5",1,0,1,1,1,4609,"Not_Significant",0
"ENSG00000266907.1","AC006116.1",1,0,1,1,1,4610,"Not_Significant",0
"ENSG00000255669.2","AC092471.1",1,0,1,1,1,4611,"Not_Significant",0
"ENSG00000281181.1","FP236383.5",1,0,1,1,1,4612,"Not_Significant",0
"ENSG00000217181.1","AL139039.2",1,0,1,1,1,4613,"Not_Significant",0
"ENSG00000187942.12","LDLRAD2",1,0,1,1,1,4614,"Not_Significant",0
"ENSG00000224295.3","OLFM5P",1,0,1,1,1,4615,"Not_Significant",0
"ENSG00000253404.1","AC034243.1",1,0,1,1,1,4616,"Not_Significant",0
"ENSG00000269971.1","AL020997.2",1,0,1,1,1,4617,"Not_Significant",0
"ENSG00000112394.17","SLC16A10",1,0,1,1,1,4618,"Not_Significant",0
"ENSG00000275110.1","AL928646.1",1,0,1,1,1,4619,"Not_Significant",0
"ENSG00000222465.1","RNU2-5P",1,0,1,1,1,4620,"Not_Significant",0
"ENSG00000282024.1","AL009031.1",2,1,1,1,1,4621,"Not_Significant",0
"ENSG00000091181.20","IL5RA",1,0,1,1,1,4622,"Not_Significant",0
"ENSG00000258708.1","SLC25A21-AS1",1,0,1,1,1,4623,"Not_Significant",0
"ENSG00000155792.10","DEPTOR",1,0,1,1,1,4624,"Not_Significant",0
"ENSG00000077044.11","DGKD",1,0,1,1,1,4625,"Not_Significant",0
"ENSG00000184084.7","AC091868.1",1,0,1,1,1,4626,"Not_Significant",0
"ENSG00000225972.1","MTND1P23",3,2,1,1,1,4627,"Not_Significant",0
"ENSG00000188039.16","NWD1",1,0,1,1,1,4628,"Not_Significant",0
"ENSG00000248522.1","SBF1P1",1,0,1,1,1,4629,"Not_Significant",0
"ENSG00000288109.1","AC079331.3",1,0,1,1,1,4630,"Not_Significant",0
"ENSG00000218749.1","AL033519.2",1,0,1,1,1,4631,"Not_Significant",0
"ENSG00000243904.1","RPSAP5",1,0,1,1,1,4632,"Not_Significant",0
"ENSG00000273674.5","AC021752.1",1,0,1,1,1,4633,"Not_Significant",0
"ENSG00000240175.1","MAGI1-AS1",1,0,1,1,1,4634,"Not_Significant",0
"ENSG00000206127.11","GOLGA8O",1,0,1,1,1,4635,"Not_Significant",0
"ENSG00000197816.16","CCDC180",1,0,1,1,1,4636,"Not_Significant",0
"ENSG00000279796.1","AL133384.2",1,0,1,1,1,4637,"Not_Significant",0
"ENSG00000186628.12","FSD2",1,0,1,1,1,4638,"Not_Significant",0
"ENSG00000232186.1","TERF1P7",1,0,1,1,1,4639,"Not_Significant",0
"ENSG00000273372.1","SFTPD-AS1",1,0,1,1,1,4640,"Not_Significant",0
"ENSG00000275120.3","AC048382.5",1,0,1,1,1,4641,"Not_Significant",0
"ENSG00000283945.1","LINC00032",1,0,1,1,1,4642,"Not_Significant",0
"ENSG00000101298.15","SNPH",2,1,1,1,1,4643,"Not_Significant",0
"ENSG00000259660.2","DNM1P47",1,0,1,1,1,4644,"Not_Significant",0
"ENSG00000070915.10","SLC12A3",3,2,1,1,1,4645,"Not_Significant",0
"ENSG00000265527.1","MIR5690",1,0,1,1,1,4646,"Not_Significant",0
"ENSG00000230832.3","SSBL4P",1,0,1,1,1,4647,"Not_Significant",0
"ENSG00000259665.1","AC021231.3",1,0,1,1,1,4648,"Not_Significant",0
"ENSG00000232097.1","AC079781.3",1,0,1,1,1,4649,"Not_Significant",0
"ENSG00000157445.15","CACNA2D3",2,1,1,1,1,4650,"Not_Significant",0
"ENSG00000198868.3","MTND4LP30",1,0,1,1,1,4651,"Not_Significant",0
"ENSG00000262700.1","AC133552.3",1,0,1,1,1,4652,"Not_Significant",0
"ENSG00000170935.8","NCBP2L",1,0,1,1,1,4653,"Not_Significant",0
"ENSG00000181982.19","CCDC149",1,0,1,1,1,4654,"Not_Significant",0
"ENSG00000249494.6","AC008629.1",1,0,1,1,1,4655,"Not_Significant",0
"ENSG00000159388.6","BTG2",1,0,1,1,1,4656,"Not_Significant",0
"ENSG00000285719.2","AL356275.1",1,0,1,1,1,4657,"Not_Significant",0
"ENSG00000247828.8","TMEM161B-AS1",1,0,1,1,1,4658,"Not_Significant",0
"ENSG00000213480.3","AC093816.1",1,0,1,1,1,4659,"Not_Significant",0
"ENSG00000267529.3","AP005131.4",1,0,1,1,1,4660,"Not_Significant",0
"ENSG00000168405.17","CMAHP",1,0,1,1,1,4661,"Not_Significant",0
"ENSG00000249505.1","AC108673.1",1,0,1,1,1,4662,"Not_Significant",0
"ENSG00000197928.10","ZNF677",1,0,1,1,1,4663,"Not_Significant",0
"ENSG00000198521.12","ZNF43",3,2,1,1,1,4664,"Not_Significant",0
"ENSG00000287508.1","AC009560.4",1,0,1,1,1,4665,"Not_Significant",0
"ENSG00000260903.3","XKR7",1,0,1,1,1,4666,"Not_Significant",0
"ENSG00000266876.1","AC104996.2",1,0,1,1,1,4667,"Not_Significant",0
"ENSG00000276396.1","Metazoa_SRP",1,0,1,1,1,4668,"Not_Significant",0
"ENSG00000225808.1","DNAJC19P5",1,0,1,1,1,4669,"Not_Significant",0
"ENSG00000148219.17","ASTN2",1,0,1,1,1,4670,"Not_Significant",0
"ENSG00000139132.14","FGD4",1,0,1,1,1,4671,"Not_Significant",0
"ENSG00000268182.6","SMIM17",1,0,1,1,1,4672,"Not_Significant",0
"ENSG00000121671.12","CRY2",1,0,1,1,1,4673,"Not_Significant",0
"ENSG00000232196.4","MTRNR2L4",1,0,1,1,1,4674,"Not_Significant",0
"ENSG00000277039.1","Metazoa_SRP",1,0,1,1,1,4675,"Not_Significant",0
"ENSG00000259635.1","AC100830.1",1,0,1,1,1,4676,"Not_Significant",0
"ENSG00000226443.3","GAPDHP32",1,0,1,1,1,4677,"Not_Significant",0
"ENSG00000203506.5","RBMS3-AS2",1,0,1,1,1,4678,"Not_Significant",0
"ENSG00000196507.11","TCEAL3",3,2,1,1,1,4679,"Not_Significant",0
"ENSG00000197054.12","ZNF763",1,0,1,1,1,4680,"Not_Significant",0
"ENSG00000116983.13","HPCAL4",2,1,1,1,1,4681,"Not_Significant",0
"ENSG00000115457.10","IGFBP2",1,0,1,1,1,4682,"Not_Significant",0
"ENSG00000255366.1","AC120036.4",2,1,1,1,1,4683,"Not_Significant",0
"ENSG00000284691.1","AC073111.3",1,0,1,1,1,4684,"Not_Significant",0
"ENSG00000226935.6","LINC00161",1,0,1,1,1,4685,"Not_Significant",0
"ENSG00000279357.1","AC007224.2",1,0,1,1,1,4686,"Not_Significant",0
"ENSG00000133943.21","DGLUCY",1,0,1,1,1,4687,"Not_Significant",0
"ENSG00000164180.14","TMEM161B",1,0,1,1,1,4688,"Not_Significant",0
"ENSG00000168427.9","KLHL30",2,1,1,1,1,4689,"Not_Significant",0
"ENSG00000132405.19","TBC1D14",1,0,1,1,1,4690,"Not_Significant",0
"ENSG00000232926.1","AC000078.1",2,1,1,1,1,4691,"Not_Significant",0
"ENSG00000256222.3","MTRNR2L3",1,0,1,1,1,4692,"Not_Significant",0
"ENSG00000144792.9","ZNF660",1,0,1,1,1,4693,"Not_Significant",0
"ENSG00000247679.3","AC139795.2",1,0,1,1,1,4694,"Not_Significant",0
"ENSG00000215580.11","BCORP1",1,0,1,1,1,4695,"Not_Significant",0
"ENSG00000185442.13","FAM174B",2,1,1,1,1,4696,"Not_Significant",0
"ENSG00000170624.13","SGCD",1,0,1,1,1,4697,"Not_Significant",0
"ENSG00000094841.14","UPRT",1,0,1,1,1,4698,"Not_Significant",0
"ENSG00000083720.13","OXCT1",2,1,1,1,1,4699,"Not_Significant",0
"ENSG00000106804.8","C5",1,0,1,1,1,4700,"Not_Significant",0
"ENSG00000258458.8","AL160314.2",1,0,1,1,1,4701,"Not_Significant",0
"ENSG00000183111.12","ARHGEF37",1,0,1,1,1,4702,"Not_Significant",0
"ENSG00000265413.1","AP001094.2",1,0,1,1,1,4703,"Not_Significant",0
"ENSG00000224609.8","HSD52",1,0,1,1,1,4704,"Not_Significant",0
"ENSG00000196275.14","GTF2IRD2",1,0,1,1,1,4705,"Not_Significant",0
"ENSG00000250303.4","LINC02762",1,0,1,1,1,4706,"Not_Significant",0
"ENSG00000213463.5","SYNJ2BP",1,0,1,1,1,4707,"Not_Significant",0
"ENSG00000196268.12","ZNF493",1,0,1,1,1,4708,"Not_Significant",0
"ENSG00000205710.4","C17orf107",1,0,1,1,1,4709,"Not_Significant",0
"ENSG00000227354.7","RBM26-AS1",1,0,1,1,1,4710,"Not_Significant",0
"ENSG00000260339.1","HEXA-AS1",2,1,1,1,1,4711,"Not_Significant",0
"ENSG00000204219.11","TCEA3",2,1,1,1,1,4712,"Not_Significant",0
"ENSG00000259448.3","LINC02352",1,0,1,1,1,4713,"Not_Significant",0
"ENSG00000287875.1","AC068193.1",1,0,1,1,1,4714,"Not_Significant",0
"ENSG00000243431.1","RPL5P30",1,0,1,1,1,4715,"Not_Significant",0
"ENSG00000255967.1","HADHAP2",1,0,1,1,1,4716,"Not_Significant",0
"ENSG00000229956.11","ZRANB2-AS2",1,0,1,1,1,4717,"Not_Significant",0
"ENSG00000275131.3","AC241952.1",1,0,1,1,1,4718,"Not_Significant",0
"ENSG00000196220.16","SRGAP3",1,0,1,1,1,4719,"Not_Significant",0
"ENSG00000148090.12","AUH",1,0,1,1,1,4720,"Not_Significant",0
"ENSG00000198938.2","MT-CO3",1,0,1,1,1,4721,"Not_Significant",0
"ENSG00000237489.5","C10orf143",1,0,1,1,1,4722,"Not_Significant",0
"ENSG00000261338.2","AC021016.1",1,0,1,1,1,4723,"Not_Significant",0
"ENSG00000116117.18","PARD3B",1,0,1,1,1,4724,"Not_Significant",0
"ENSG00000080546.13","SESN1",1,0,1,1,1,4725,"Not_Significant",0
"ENSG00000234604.2","AL021068.1",1,0,1,1,1,4726,"Not_Significant",0
