"BRCA","CHOL","COAD","ESCA","HNSC"
"ENSG00000170367.5","ENSG00000173826.15","ENSG00000223812.8","ENSG00000198681.7","ENSG00000147381.11"
"ENSG00000166961.15","ENSG00000169067.4","ENSG00000224099.2","ENSG00000197172.10","ENSG00000251144.1"
"ENSG00000166509.12","ENSG00000167080.9","ENSG00000185269.12","ENSG00000143556.9","ENSG00000170178.7"
"ENSG00000235123.5","ENSG00000186007.10","ENSG00000137673.9","ENSG00000221867.9","ENSG00000128713.14"
"ENSG00000101441.4","ENSG00000174502.19","ENSG00000260573.4","ENSG00000287394.1","ENSG00000260597.1"
"ENSG00000263639.7","ENSG00000170231.16","ENSG00000230316.7","ENSG00000184330.12","ENSG00000233085.5"
"ENSG00000197153.5","ENSG00000074317.11","ENSG00000104371.5","ENSG00000124260.12","ENSG00000273706.5"
"ENSG00000258387.1","ENSG00000233532.6","ENSG00000134827.8","ENSG00000268916.6","ENSG00000138675.16"
"ENSG00000265766.3","ENSG00000132429.10","ENSG00000233532.6","ENSG00000180318.4","ENSG00000106031.9"
"ENSG00000228607.2","ENSG00000129991.13","ENSG00000128610.12","ENSG00000275216.2","ENSG00000237445.2"
"ENSG00000223808.1","ENSG00000231290.6","ENSG00000167755.15","ENSG00000286058.1","ENSG00000250564.2"
"ENSG00000170373.8","ENSG00000187908.20","ENSG00000139800.8","ENSG00000036828.17","ENSG00000196611.5"
"ENSG00000123500.10","ENSG00000123999.5","ENSG00000214039.9","ENSG00000123407.4","ENSG00000269927.1"
"ENSG00000198251.7","ENSG00000276740.1","ENSG00000283689.1","ENSG00000185247.15","ENSG00000116996.9"
"ENSG00000141668.10","ENSG00000137868.19","ENSG00000159263.16","ENSG00000286966.1","ENSG00000203756.8"
"ENSG00000269353.1","ENSG00000234602.9","ENSG00000169035.12","ENSG00000231240.1","ENSG00000259672.3"
"ENSG00000287301.1","ENSG00000107984.10","ENSG00000249162.1","ENSG00000286051.1","ENSG00000224999.1"
"ENSG00000287747.1","ENSG00000168959.14","ENSG00000249306.6","ENSG00000198443.6","ENSG00000244128.7"
"ENSG00000256612.7","ENSG00000230156.3","ENSG00000198842.10","ENSG00000149968.12","ENSG00000164400.6"
"ENSG00000137745.12","ENSG00000268104.3","ENSG00000100557.10","ENSG00000122859.5","ENSG00000228742.11"
"ENSG00000203740.4","ENSG00000197587.11","ENSG00000129455.15","ENSG00000287407.1","ENSG00000277128.2"
"ENSG00000225972.1","ENSG00000102837.7","ENSG00000251095.7","ENSG00000164400.6","ENSG00000177234.7"
"ENSG00000258894.1","ENSG00000142698.15","ENSG00000170373.8","ENSG00000257636.6","ENSG00000204539.4"
"ENSG00000260963.2","ENSG00000185479.6","ENSG00000256916.1","ENSG00000164283.13","ENSG00000203740.4"
"ENSG00000177234.7","ENSG00000198768.11","ENSG00000108244.17","ENSG00000259977.1","ENSG00000288062.1"
"ENSG00000268088.1","ENSG00000145681.11","ENSG00000251026.2","ENSG00000029559.7","ENSG00000234041.1"
"ENSG00000273301.1","ENSG00000170373.8","ENSG00000253339.2","ENSG00000111981.5","ENSG00000277268.2"
"ENSG00000170369.4","ENSG00000243479.3","ENSG00000224269.1","ENSG00000180178.11","ENSG00000287944.1"
"ENSG00000164287.13","ENSG00000170689.10","ENSG00000078579.9","ENSG00000111700.13","ENSG00000267123.7"
"ENSG00000233080.3","ENSG00000153294.12","ENSG00000198930.13","ENSG00000262406.3","ENSG00000242207.1"
"ENSG00000099953.10","ENSG00000242515.5","ENSG00000240972.2","ENSG00000137251.16","ENSG00000115414.21"
"ENSG00000203805.11","ENSG00000205922.5","ENSG00000180305.5","ENSG00000228626.1","ENSG00000137745.12"
"ENSG00000249001.5","ENSG00000106038.13","ENSG00000174015.10","ENSG00000183091.19","ENSG00000258654.1"
"ENSG00000138696.11","ENSG00000225298.5","ENSG00000268621.6","ENSG00000099953.10","ENSG00000139800.8"
"ENSG00000147434.9","ENSG00000255345.1","ENSG00000170454.6","ENSG00000174015.10","ENSG00000255535.2"
"ENSG00000277619.1","ENSG00000205086.8","ENSG00000249550.7","ENSG00000171711.3","ENSG00000149968.12"
"ENSG00000237423.3","ENSG00000167653.5","ENSG00000234929.2","ENSG00000011677.13","ENSG00000159217.10"
"ENSG00000230838.1","ENSG00000164287.13","ENSG00000228742.11","ENSG00000171786.6","ENSG00000230838.1"
"ENSG00000249599.2","ENSG00000105388.16","ENSG00000224173.2","ENSG00000228742.11","ENSG00000168505.7"
"ENSG00000216331.2","ENSG00000124102.5","ENSG00000100665.12","ENSG00000277129.1","ENSG00000250133.2"
"ENSG00000029559.7","ENSG00000159337.7","ENSG00000135374.11","ENSG00000233532.6","ENSG00000236651.1"
"ENSG00000197079.8","ENSG00000171431.4","ENSG00000167767.14","ENSG00000198930.13","ENSG00000123500.10"
"ENSG00000241361.8","ENSG00000183072.10","ENSG00000140835.10","ENSG00000204936.10","ENSG00000123407.4"
"ENSG00000211452.11","ENSG00000029559.7","ENSG00000168875.3","ENSG00000162344.4","ENSG00000133063.16"
"ENSG00000100867.15","ENSG00000153930.12","ENSG00000213981.8","ENSG00000122861.16","ENSG00000230988.3"
"ENSG00000237940.3","ENSG00000231826.6","ENSG00000164778.4","ENSG00000095752.7","ENSG00000268916.6"
"ENSG00000162989.5","ENSG00000163209.15","ENSG00000243944.5","ENSG00000251095.7","ENSG00000128710.6"
"ENSG00000249082.2","ENSG00000130675.15","ENSG00000164379.7","ENSG00000258815.1","ENSG00000237575.4"
"ENSG00000287900.1","ENSG00000109255.11","ENSG00000263745.7","ENSG00000162892.16","ENSG00000182545.6"
"ENSG00000139352.4","ENSG00000226476.6","ENSG00000231221.1","ENSG00000225127.3","ENSG00000267577.1"
"ENSG00000187475.6","ENSG00000115386.6","ENSG00000104892.17","ENSG00000124731.13","ENSG00000272763.1"
"ENSG00000094796.5","ENSG00000272620.2","ENSG00000136352.19","ENSG00000187608.10","ENSG00000170689.10"
"ENSG00000173335.5","ENSG00000172137.19","ENSG00000230834.1","ENSG00000183914.14","ENSG00000122133.17"
"ENSG00000019505.8","ENSG00000101441.4","ENSG00000248740.6","ENSG00000131015.5","ENSG00000005073.6"
"ENSG00000163993.7","ENSG00000249550.7","ENSG00000229404.6","ENSG00000283876.1","ENSG00000122641.11"
"ENSG00000231324.1","ENSG00000180861.9","ENSG00000261650.1","ENSG00000124875.10","ENSG00000257900.2"
"ENSG00000108576.10","ENSG00000161798.7","ENSG00000170835.16","ENSG00000151224.13","ENSG00000139219.19"
"ENSG00000060718.22","ENSG00000284727.1","ENSG00000213468.7","ENSG00000231550.1","ENSG00000110203.9"
"ENSG00000188133.6","ENSG00000231324.1","ENSG00000162006.9","ENSG00000253706.5","ENSG00000257042.1"
"ENSG00000124493.14","ENSG00000157851.17","ENSG00000171060.11","ENSG00000287929.1","ENSG00000228509.6"
"ENSG00000286293.1","ENSG00000258910.3","ENSG00000259471.1","ENSG00000166670.10","ENSG00000286042.1"
"ENSG00000249231.8","ENSG00000183317.17","ENSG00000272620.2","ENSG00000278594.1","ENSG00000043355.12"
"ENSG00000084628.10","ENSG00000237289.10","ENSG00000166396.13","ENSG00000164761.9","ENSG00000128714.6"
"ENSG00000108417.4","ENSG00000198758.11","ENSG00000177238.14","ENSG00000198734.12","ENSG00000180818.5"
"ENSG00000083782.8","ENSG00000149948.14","ENSG00000280623.1","ENSG00000213281.5","ENSG00000134438.10"
"ENSG00000277224.2","ENSG00000283142.1","ENSG00000112761.21","ENSG00000118785.14","ENSG00000148704.13"
"ENSG00000124657.1","ENSG00000142619.4","ENSG00000043355.12","ENSG00000123500.10","ENSG00000248458.2"
"ENSG00000071909.19","ENSG00000186493.13","ENSG00000142619.4","ENSG00000231431.7","ENSG00000162892.16"
"ENSG00000135346.9","ENSG00000105048.17","ENSG00000237412.7","ENSG00000164651.17","ENSG00000244675.2"
"ENSG00000224715.1","ENSG00000228714.4","ENSG00000250641.1","ENSG00000148704.13","ENSG00000249395.4"
"ENSG00000166959.8","ENSG00000253227.2","ENSG00000171759.10","ENSG00000169174.11","ENSG00000164744.13"
"ENSG00000253931.1","ENSG00000287853.1","ENSG00000267073.1","ENSG00000149927.18","ENSG00000258732.1"
"ENSG00000282988.2","ENSG00000249628.3","ENSG00000228437.5","ENSG00000268104.3","ENSG00000244215.2"
"ENSG00000138684.9","ENSG00000160716.6","ENSG00000281591.1","ENSG00000287064.1","ENSG00000163518.11"
"ENSG00000170419.11","ENSG00000128422.17","ENSG00000278909.1","ENSG00000261327.5","ENSG00000282122.1"
"ENSG00000218357.3","ENSG00000185640.6","ENSG00000107159.13","ENSG00000123496.8","ENSG00000203446.2"
"ENSG00000232679.2","ENSG00000165309.14","ENSG00000204869.8","ENSG00000261949.6","ENSG00000273129.1"
"ENSG00000265112.1","ENSG00000284309.1","ENSG00000270372.1","ENSG00000287591.1","ENSG00000286878.1"
"ENSG00000154252.12","ENSG00000205057.6","ENSG00000231172.2","ENSG00000129991.13","ENSG00000083782.8"
"ENSG00000230916.2","ENSG00000155269.12","ENSG00000226532.1","ENSG00000254349.6","ENSG00000222032.1"
"ENSG00000225208.1","ENSG00000143217.9","ENSG00000171102.14","ENSG00000225548.7","ENSG00000174792.11"
"ENSG00000217275.2","ENSG00000143001.5","ENSG00000259485.2","ENSG00000249550.7","ENSG00000236841.8"
"ENSG00000117598.13","ENSG00000180806.5","ENSG00000249942.1","ENSG00000187730.9","ENSG00000179546.4"
"ENSG00000237442.3","ENSG00000223485.4","ENSG00000066405.13","ENSG00000248870.1","ENSG00000117215.15"
"ENSG00000122584.13","ENSG00000277586.4","ENSG00000251138.7","ENSG00000248268.1","ENSG00000172156.4"
"ENSG00000250244.5","ENSG00000286042.1","ENSG00000197587.11","ENSG00000227777.1","ENSG00000206195.11"
"ENSG00000117148.8","ENSG00000256870.3","ENSG00000103355.13","ENSG00000169429.11","ENSG00000214429.3"
"ENSG00000159263.16","ENSG00000167748.11","ENSG00000235277.1","ENSG00000131747.15","ENSG00000225886.3"
"ENSG00000287457.1","ENSG00000104112.9","ENSG00000247381.3","ENSG00000122133.17","ENSG00000095752.7"
"ENSG00000188916.9","ENSG00000267073.1","ENSG00000260476.1","ENSG00000148848.14","ENSG00000240280.7"
"ENSG00000274641.2","ENSG00000253308.2","ENSG00000244355.7","ENSG00000274428.1","ENSG00000165556.10"
"ENSG00000237487.1","ENSG00000267795.6","ENSG00000213886.4","ENSG00000250451.5","ENSG00000225210.10"
"ENSG00000175877.4","ENSG00000163364.10","ENSG00000105219.10","ENSG00000214617.9","ENSG00000077935.17"
"ENSG00000081138.14","ENSG00000075461.6","ENSG00000105464.3","ENSG00000128714.6","ENSG00000229720.1"
"ENSG00000278828.1","ENSG00000256643.1","ENSG00000115507.10","ENSG00000163739.5","ENSG00000203650.9"
"ENSG00000196747.4","ENSG00000089199.10","ENSG00000128683.14","ENSG00000281406.2","ENSG00000251281.1"
"ENSG00000228559.2","ENSG00000254560.6","ENSG00000134812.8","ENSG00000254726.3","ENSG00000258711.2"
"ENSG00000286935.1","ENSG00000272763.1","ENSG00000123500.10","ENSG00000175874.10","ENSG00000240764.4"
"ENSG00000260284.1","ENSG00000186897.5","ENSG00000260015.1","ENSG00000128578.10","ENSG00000107159.13"
"ENSG00000266995.1","ENSG00000124935.4","ENSG00000103888.17","ENSG00000253410.1","ENSG00000102794.10"
"ENSG00000198788.9","ENSG00000105290.13","ENSG00000233221.7","ENSG00000163736.4","ENSG00000151025.11"
"ENSG00000162975.5","ENSG00000167419.11","ENSG00000182798.10","ENSG00000269927.1","ENSG00000169436.17"
"ENSG00000287226.1","ENSG00000253931.1","ENSG00000226320.6","ENSG00000281327.2","ENSG00000248554.1"
"ENSG00000159184.8","ENSG00000197273.4","ENSG00000170369.4","ENSG00000286042.1","ENSG00000211893.4"
"ENSG00000218281.1","ENSG00000185686.18","ENSG00000237077.1","ENSG00000058085.15","ENSG00000276566.1"
"ENSG00000218549.2","ENSG00000166866.13","ENSG00000204424.10","ENSG00000266602.2","ENSG00000176510.5"
"ENSG00000086548.9","ENSG00000198729.5","ENSG00000205922.5","ENSG00000087085.16","ENSG00000223749.11"
"ENSG00000116014.10","ENSG00000101842.14","ENSG00000182747.5","ENSG00000223760.4","ENSG00000251003.9"
"ENSG00000262902.1","ENSG00000188162.12","ENSG00000196260.5","ENSG00000151790.9","ENSG00000236347.1"
"ENSG00000174343.6","ENSG00000123977.10","ENSG00000276122.1","ENSG00000136231.14","ENSG00000238125.1"
"ENSG00000224272.2","ENSG00000270002.1","ENSG00000124678.20","ENSG00000233589.1","ENSG00000228630.5"
"ENSG00000230798.5","ENSG00000268941.2","ENSG00000213816.3","ENSG00000094804.12","ENSG00000284095.1"
"ENSG00000226012.1","ENSG00000287929.1","ENSG00000254548.1","ENSG00000101115.13","ENSG00000248898.3"
"ENSG00000205592.15","ENSG00000137648.19","ENSG00000105989.10","ENSG00000173237.4","ENSG00000156150.9"
"ENSG00000100985.7","ENSG00000132746.15","ENSG00000249937.8","ENSG00000225210.10","ENSG00000123388.4"
"ENSG00000283162.1","ENSG00000284713.1","ENSG00000062038.14","ENSG00000078081.8","ENSG00000163825.4"
"ENSG00000238118.1","ENSG00000254338.1","ENSG00000129451.12","ENSG00000165891.16","ENSG00000224817.2"
"ENSG00000128683.14","ENSG00000114923.17","ENSG00000274238.1","ENSG00000223486.1","ENSG00000287394.1"
"ENSG00000276966.2","ENSG00000171450.6","ENSG00000129991.13","ENSG00000286856.1","ENSG00000253818.1"
"ENSG00000135638.14","ENSG00000275896.6","ENSG00000280409.1","ENSG00000151388.11","ENSG00000155886.11"
"ENSG00000284621.1","ENSG00000142661.19","ENSG00000205293.5","ENSG00000226363.3","ENSG00000149948.14"
"ENSG00000230076.1","ENSG00000248540.3","ENSG00000142700.12","ENSG00000250920.3","ENSG00000237290.2"
"ENSG00000185008.17","ENSG00000186326.4","ENSG00000186007.10","ENSG00000186185.14","ENSG00000244649.5"
"ENSG00000249853.8","ENSG00000285108.1","ENSG00000164283.13","ENSG00000021826.17","ENSG00000197757.8"
"ENSG00000229970.3","ENSG00000166407.14","ENSG00000256084.1","ENSG00000060566.14","ENSG00000272620.2"
"ENSG00000196427.13","ENSG00000134443.10","ENSG00000225328.2","ENSG00000163975.12","ENSG00000151790.9"
"ENSG00000269416.6","ENSG00000105889.16","ENSG00000111700.13","ENSG00000123388.4","ENSG00000244218.3"
"ENSG00000285094.1","ENSG00000062038.14","ENSG00000175832.13","ENSG00000101224.17","ENSG00000233532.6"
"ENSG00000249203.2","ENSG00000169436.17","ENSG00000138083.5","ENSG00000106038.13","ENSG00000120708.17"
"ENSG00000179546.4","ENSG00000259439.2","ENSG00000259439.2","ENSG00000070729.14","ENSG00000164932.13"
"ENSG00000144191.12","ENSG00000140274.14","ENSG00000163347.6","ENSG00000101255.11","ENSG00000268655.2"
"ENSG00000142224.17","ENSG00000148735.15","ENSG00000198610.11","ENSG00000117122.14","ENSG00000267013.6"
"ENSG00000174469.23","ENSG00000065618.21","ENSG00000236452.1","ENSG00000163735.7","ENSG00000254842.6"
"ENSG00000261327.5","ENSG00000287338.1","ENSG00000261787.2","ENSG00000268089.3","ENSG00000037965.6"
"ENSG00000179934.7","ENSG00000099812.9","ENSG00000257588.1","ENSG00000187595.16","ENSG00000156234.7"
"ENSG00000241475.1","ENSG00000287725.1","ENSG00000224817.2","ENSG00000238279.1","ENSG00000148848.14"
"ENSG00000171428.15","ENSG00000182272.12","ENSG00000197085.11","ENSG00000181333.12","ENSG00000203805.11"
"ENSG00000224920.1","ENSG00000189433.7","ENSG00000240052.1","ENSG00000101057.16","ENSG00000134321.12"
"ENSG00000261742.6","ENSG00000187957.8","ENSG00000122133.17","ENSG00000232775.6","ENSG00000213468.7"
"ENSG00000127588.5","ENSG00000242078.1","ENSG00000258077.2","ENSG00000105173.14","ENSG00000146839.19"
"ENSG00000180269.8","ENSG00000140481.15","ENSG00000229970.3","ENSG00000228509.6","ENSG00000169248.13"
"ENSG00000069011.16","ENSG00000006118.15","ENSG00000230234.1","ENSG00000108813.11","ENSG00000260084.1"
"ENSG00000257335.8","ENSG00000176406.23","ENSG00000120149.9","ENSG00000118193.12","ENSG00000108821.14"
"ENSG00000132821.12","ENSG00000177182.11","ENSG00000244306.11","ENSG00000273838.2","ENSG00000164694.17"
"ENSG00000261039.3","ENSG00000138669.9","ENSG00000172031.7","ENSG00000166415.15","ENSG00000235385.2"
"ENSG00000196611.5","ENSG00000181617.6","ENSG00000232560.7","ENSG00000280053.1","ENSG00000248347.3"
"ENSG00000274290.3","ENSG00000166143.10","ENSG00000132911.5","ENSG00000011422.12","ENSG00000070729.14"
"ENSG00000170965.10","ENSG00000130477.15","ENSG00000136881.12","ENSG00000068489.13","ENSG00000168779.20"
"ENSG00000248245.1","ENSG00000107159.13","ENSG00000223392.1","ENSG00000236039.3","ENSG00000167941.3"
"ENSG00000155886.11","ENSG00000106031.9","ENSG00000101441.4","ENSG00000265417.1","ENSG00000211897.9"
"ENSG00000158406.5","ENSG00000235034.7","ENSG00000235934.2","ENSG00000144407.9","ENSG00000119547.6"
"ENSG00000204544.5","ENSG00000258474.1","ENSG00000029559.7","ENSG00000248103.1","ENSG00000214544.7"
"ENSG00000255007.1","ENSG00000151012.13","ENSG00000122584.13","ENSG00000100526.20","ENSG00000049192.15"
"ENSG00000188869.13","ENSG00000166589.13","ENSG00000178773.15","ENSG00000273232.1","ENSG00000263834.1"
"ENSG00000166670.10","ENSG00000140279.13","ENSG00000176842.15","ENSG00000180340.7","ENSG00000198178.11"
"ENSG00000286502.1","ENSG00000122133.17","ENSG00000137868.19","ENSG00000223485.4","ENSG00000174945.13"
"ENSG00000166159.11","ENSG00000103723.16","ENSG00000260604.2","ENSG00000143228.13","ENSG00000243321.3"
"ENSG00000203812.2","ENSG00000162366.8","ENSG00000257239.1","ENSG00000126709.15","ENSG00000237548.1"
"ENSG00000070886.12","ENSG00000281406.2","ENSG00000198535.5","ENSG00000053747.17","ENSG00000167634.12"
"ENSG00000217159.2","ENSG00000043039.7","ENSG00000227121.2","ENSG00000100473.18","ENSG00000154451.14"
"ENSG00000287559.1","ENSG00000177359.20","ENSG00000110195.14","ENSG00000287656.1","ENSG00000266869.2"
"ENSG00000228723.6","ENSG00000084628.10","ENSG00000212993.5","ENSG00000240280.7","ENSG00000237380.7"
"ENSG00000254654.2","ENSG00000137203.15","ENSG00000168505.7","ENSG00000124134.9","ENSG00000250697.2"
"ENSG00000116176.6","ENSG00000131746.13","ENSG00000236081.1","ENSG00000227674.3","ENSG00000177807.10"
"ENSG00000236651.1","ENSG00000262406.3","ENSG00000219222.1","ENSG00000134538.3","ENSG00000248329.6"
"ENSG00000236039.3","ENSG00000104055.16","ENSG00000107984.10","ENSG00000285278.1","ENSG00000278399.1"
"ENSG00000144045.14","ENSG00000184350.11","ENSG00000183248.12","ENSG00000141668.10","ENSG00000197172.10"
"ENSG00000184613.11","ENSG00000246228.6","ENSG00000232679.2","ENSG00000253669.4","ENSG00000283178.1"
"ENSG00000234115.2","ENSG00000178919.9","ENSG00000148702.15","ENSG00000108106.14","ENSG00000236120.7"
"ENSG00000127561.15","ENSG00000065609.14","ENSG00000236473.1","ENSG00000168779.20","ENSG00000205116.3"
"ENSG00000225438.1","ENSG00000205426.10","ENSG00000261873.2","ENSG00000071539.14","ENSG00000150276.8"
"ENSG00000253521.2","ENSG00000205002.4","ENSG00000281406.2","ENSG00000186897.5","ENSG00000183770.7"
"ENSG00000176177.10","ENSG00000123610.5","ENSG00000206069.6","ENSG00000089685.15","ENSG00000211896.7"
"ENSG00000156885.6","ENSG00000168907.13","ENSG00000137699.17","ENSG00000039600.11","ENSG00000180806.5"
"ENSG00000169900.8","ENSG00000128610.12","ENSG00000169548.3","ENSG00000232164.1","ENSG00000130635.16"
"ENSG00000272196.2","ENSG00000261068.2","ENSG00000171560.16","ENSG00000154920.15","ENSG00000127928.13"
"ENSG00000137648.19","ENSG00000259459.6","ENSG00000167656.5","ENSG00000141469.18","ENSG00000182393.3"
"ENSG00000270882.2","ENSG00000052850.8","ENSG00000245694.10","ENSG00000117650.13","ENSG00000132031.13"
"ENSG00000224209.8","ENSG00000268307.1","ENSG00000181418.8","ENSG00000131203.13","ENSG00000078098.14"
"ENSG00000105664.11","ENSG00000164362.21","ENSG00000134762.17","ENSG00000189052.7","ENSG00000105464.3"
"ENSG00000254337.2","ENSG00000180537.13","ENSG00000213293.4","ENSG00000229312.2","ENSG00000261327.5"
"ENSG00000215023.2","ENSG00000196754.13","ENSG00000226476.6","ENSG00000160471.13","ENSG00000178752.16"
"ENSG00000258010.4","ENSG00000106128.19","ENSG00000236347.1","ENSG00000228709.1","ENSG00000029559.7"
"ENSG00000137825.11","ENSG00000179292.5","ENSG00000286486.1","ENSG00000128710.6","ENSG00000237372.4"
"ENSG00000125823.12","ENSG00000277883.1","ENSG00000227579.6","ENSG00000286614.1","ENSG00000262406.3"
"ENSG00000138316.11","ENSG00000196337.12","ENSG00000284700.1","ENSG00000255151.2","ENSG00000257763.1"
"ENSG00000162891.10","ENSG00000134668.12","ENSG00000088992.18","ENSG00000196604.13","ENSG00000257114.3"
"ENSG00000064787.13","ENSG00000174899.12","ENSG00000104237.11","ENSG00000076382.17","ENSG00000229754.1"
"ENSG00000258647.6","ENSG00000006611.17","ENSG00000178776.5","ENSG00000256037.1","ENSG00000100985.7"
"ENSG00000172156.4","ENSG00000104140.7","ENSG00000060718.22","ENSG00000287424.1","ENSG00000251151.2"
"ENSG00000170075.9","ENSG00000035499.13","ENSG00000238178.7","ENSG00000175063.17","ENSG00000151388.11"
"ENSG00000273415.3","ENSG00000235385.2","ENSG00000286540.1","ENSG00000231971.6","ENSG00000204262.14"
"ENSG00000196132.14","ENSG00000263893.2","ENSG00000254560.6","ENSG00000138823.13","ENSG00000244306.11"
"ENSG00000186086.18","ENSG00000196890.4","ENSG00000262768.2","ENSG00000256694.1","ENSG00000282780.1"
"ENSG00000077327.16","ENSG00000171246.6","ENSG00000287862.1","ENSG00000260644.6","ENSG00000257636.6"
"ENSG00000165474.8","ENSG00000254973.2","ENSG00000104760.17","ENSG00000119946.11","ENSG00000189238.6"
"ENSG00000162004.18","ENSG00000074211.14","ENSG00000254166.3","ENSG00000035499.13","ENSG00000172061.9"
"ENSG00000184937.16","ENSG00000174607.11","ENSG00000272328.1","ENSG00000125726.11","ENSG00000285600.1"
"ENSG00000123201.14","ENSG00000123243.15","ENSG00000155918.8","ENSG00000100985.7","ENSG00000147896.3"
"ENSG00000105388.16","ENSG00000121904.17","ENSG00000286042.1","ENSG00000110427.17","ENSG00000170965.10"
"ENSG00000101098.13","ENSG00000248635.1","ENSG00000251350.2","ENSG00000077152.11","ENSG00000267284.2"
"ENSG00000273802.2","ENSG00000153347.10","ENSG00000182352.8","ENSG00000101670.12","ENSG00000253755.1"
"ENSG00000234703.1","ENSG00000075891.22","ENSG00000285601.1","ENSG00000204516.10","ENSG00000087116.16"
"ENSG00000277022.1","ENSG00000233017.3","ENSG00000283098.2","ENSG00000088325.16","ENSG00000248240.1"
"ENSG00000180596.7","ENSG00000205847.6","ENSG00000277559.1","ENSG00000087494.16","ENSG00000149380.12"
"ENSG00000120094.9","ENSG00000095752.7","ENSG00000144452.15","ENSG00000129195.16","ENSG00000181355.21"
"ENSG00000243635.1","ENSG00000189325.7","ENSG00000288571.1","ENSG00000106484.16","ENSG00000102195.10"
"ENSG00000235304.2","ENSG00000099953.10","ENSG00000181085.15","ENSG00000255143.1","ENSG00000287055.1"
"ENSG00000167749.11","ENSG00000137251.16","ENSG00000106536.21","ENSG00000240204.3","ENSG00000168542.16"
"ENSG00000131650.14","ENSG00000019505.8","ENSG00000137745.12","ENSG00000110680.13","ENSG00000249001.5"
"ENSG00000176092.16","ENSG00000007306.15","ENSG00000280997.1","ENSG00000196584.3","ENSG00000006377.11"
"ENSG00000236283.5","ENSG00000171346.16","ENSG00000228705.2","ENSG00000196155.13","ENSG00000231346.5"
"ENSG00000218690.2","ENSG00000169427.8","ENSG00000110680.13","ENSG00000163673.7","ENSG00000187608.10"
"ENSG00000132681.17","ENSG00000080293.10","ENSG00000214748.2","ENSG00000024526.17","ENSG00000133636.11"
"ENSG00000253182.1","ENSG00000178531.6","ENSG00000227088.2","ENSG00000184564.11","ENSG00000256268.2"
"ENSG00000226876.3","ENSG00000026559.14","ENSG00000238133.6","ENSG00000109272.4","ENSG00000224594.2"
"ENSG00000232400.1","ENSG00000175315.3","ENSG00000126583.11","ENSG00000117399.14","ENSG00000164220.7"
"ENSG00000160182.3","ENSG00000229028.2","ENSG00000196335.13","ENSG00000226476.6","ENSG00000111799.21"
"ENSG00000160683.5","ENSG00000197757.8","ENSG00000088836.14","ENSG00000116661.11","ENSG00000117152.14"
"ENSG00000253125.1","ENSG00000171345.13","ENSG00000165816.13","ENSG00000025708.14","ENSG00000258521.1"
"ENSG00000117650.13","ENSG00000224577.3","ENSG00000187258.14","ENSG00000095739.11","ENSG00000099953.10"
"ENSG00000134028.14","ENSG00000170561.13","ENSG00000232023.3","ENSG00000284540.1","ENSG00000278709.2"
"ENSG00000167964.13","ENSG00000254968.7","ENSG00000233839.1","ENSG00000215267.8","ENSG00000231560.1"
"ENSG00000249421.2","ENSG00000058085.15","ENSG00000170523.3","ENSG00000091651.9","ENSG00000267432.6"
"ENSG00000124171.9","ENSG00000120068.7","ENSG00000139515.6","ENSG00000280916.2","ENSG00000225362.10"
"ENSG00000253364.2","ENSG00000178773.15","ENSG00000145192.13","ENSG00000286563.1","ENSG00000183682.8"
"ENSG00000225166.2","ENSG00000258279.4","ENSG00000236257.1","ENSG00000183770.7","ENSG00000196979.1"
"ENSG00000057593.14","ENSG00000183454.18","ENSG00000174171.6","ENSG00000163923.10","ENSG00000226363.3"
"ENSG00000183971.10","ENSG00000169347.17","ENSG00000253308.2","ENSG00000287061.1","ENSG00000187775.17"
"ENSG00000108821.14","ENSG00000204540.11","ENSG00000233854.2","ENSG00000178999.13","ENSG00000233473.2"
"ENSG00000172061.9","ENSG00000138311.18","ENSG00000101115.13","ENSG00000169679.15","ENSG00000163568.15"
"ENSG00000132329.11","ENSG00000272068.1","ENSG00000204335.4","ENSG00000128709.13","ENSG00000184613.11"
"ENSG00000287566.1","ENSG00000154678.18","ENSG00000175426.11","ENSG00000272666.1","ENSG00000287626.1"
"ENSG00000183145.9","ENSG00000166342.19","ENSG00000105664.11","ENSG00000205277.9","ENSG00000256128.6"
"ENSG00000273983.1","ENSG00000124664.11","ENSG00000149243.16","ENSG00000163507.14","ENSG00000211673.2"
"ENSG00000151790.9","ENSG00000236714.3","ENSG00000149968.12","ENSG00000108379.10","ENSG00000156414.19"
"ENSG00000260220.7","ENSG00000153404.14","ENSG00000105048.17","ENSG00000170044.8","ENSG00000205334.2"
"ENSG00000234965.2","ENSG00000162931.12","ENSG00000287407.1","ENSG00000169607.13","ENSG00000257844.2"
"ENSG00000231868.1","ENSG00000255202.1","ENSG00000151224.13","ENSG00000135451.13","ENSG00000160856.21"
"ENSG00000102837.7","ENSG00000165891.16","ENSG00000203635.2","ENSG00000197261.11","ENSG00000115844.11"
"ENSG00000188833.10","ENSG00000234477.1","ENSG00000241598.5","ENSG00000114346.14","ENSG00000178150.10"
"ENSG00000162849.16","ENSG00000110195.14","ENSG00000196611.5","ENSG00000147536.12","ENSG00000287188.1"
"ENSG00000203814.6","ENSG00000101210.13","ENSG00000005001.10","ENSG00000006047.13","ENSG00000278966.2"
"ENSG00000218416.4","ENSG00000163082.10","ENSG00000184292.7","ENSG00000123485.12","ENSG00000235890.2"
"ENSG00000262152.7","ENSG00000108244.17","ENSG00000171564.12","ENSG00000137807.16","ENSG00000287987.1"
"ENSG00000139547.7","ENSG00000196188.12","ENSG00000100253.13","ENSG00000264425.1","ENSG00000258073.1"
"ENSG00000284395.2","ENSG00000138180.16","ENSG00000234602.9","ENSG00000222041.11","ENSG00000134013.16"
"ENSG00000183734.4","ENSG00000174938.14","ENSG00000225616.2","ENSG00000154839.10","ENSG00000089116.4"
"ENSG00000122711.9","ENSG00000274718.1","ENSG00000178403.4","ENSG00000215270.3","ENSG00000255571.9"
"ENSG00000273542.2","ENSG00000102854.16","ENSG00000177508.12","ENSG00000263786.1","ENSG00000173157.17"
"ENSG00000108878.5","ENSG00000108309.14","ENSG00000275896.6","ENSG00000146670.10","ENSG00000253293.5"
"ENSG00000158373.8","ENSG00000130720.13","ENSG00000240204.3","ENSG00000173894.11","ENSG00000260976.2"
"ENSG00000260001.6","ENSG00000105825.14","ENSG00000135477.11","ENSG00000021488.13","ENSG00000137959.16"
"ENSG00000138755.6","ENSG00000262172.1","ENSG00000122641.11","ENSG00000260027.5","ENSG00000233515.2"
"ENSG00000275713.2","ENSG00000162782.16","ENSG00000260328.1","ENSG00000160957.14","ENSG00000167889.13"
"ENSG00000109705.8","ENSG00000113249.13","ENSG00000169429.11","ENSG00000265800.1","ENSG00000169245.6"
"ENSG00000145063.15","ENSG00000132031.13","ENSG00000286966.1","ENSG00000087586.18","ENSG00000174325.6"
"ENSG00000196684.12","ENSG00000128683.14","ENSG00000204983.14","ENSG00000085999.13","ENSG00000164692.18"
"ENSG00000258227.7","ENSG00000007216.15","ENSG00000231764.10","ENSG00000285517.1","ENSG00000242472.1"
"ENSG00000171126.8","ENSG00000238266.2","ENSG00000064195.7","ENSG00000167900.12","ENSG00000081985.13"
"ENSG00000122641.11","ENSG00000108813.11","ENSG00000214691.9","ENSG00000121152.10","ENSG00000172752.14"
"ENSG00000175985.10","ENSG00000125726.11","ENSG00000088726.16","ENSG00000115163.15","ENSG00000261780.3"
"ENSG00000251141.6","ENSG00000237512.6","ENSG00000286519.1","ENSG00000121858.11","ENSG00000273551.1"
"ENSG00000243742.5","ENSG00000089356.18","ENSG00000196421.8","ENSG00000164099.3","ENSG00000280356.1"
"ENSG00000226806.1","ENSG00000182667.14","ENSG00000112115.7","ENSG00000179750.16","ENSG00000259831.1"
"ENSG00000270977.2","ENSG00000150551.11","ENSG00000188064.10","ENSG00000183856.11","ENSG00000285517.1"
"ENSG00000223979.2","ENSG00000183780.13","ENSG00000167757.14","ENSG00000253395.1","ENSG00000104415.14"
"ENSG00000129654.8","ENSG00000130054.5","ENSG00000188883.5","ENSG00000105048.17","ENSG00000182963.11"
"ENSG00000106327.13","ENSG00000233217.2","ENSG00000075461.6","ENSG00000228109.1","ENSG00000265612.1"
"ENSG00000103253.19","ENSG00000013588.9","ENSG00000246228.6","ENSG00000178752.16","ENSG00000232383.1"
"ENSG00000228626.1","ENSG00000144583.5","ENSG00000165905.18","ENSG00000258227.7","ENSG00000152192.8"
"ENSG00000049249.9","ENSG00000080854.16","ENSG00000134339.9","ENSG00000169258.7","ENSG00000183929.7"
"ENSG00000239265.5","ENSG00000262772.2","ENSG00000204345.1","ENSG00000274080.1","ENSG00000257906.3"
"ENSG00000203585.4","ENSG00000243902.6","ENSG00000266402.3","ENSG00000130829.18","ENSG00000163359.16"
"ENSG00000167619.13","ENSG00000101222.12","ENSG00000273604.2","ENSG00000254605.1","ENSG00000211821.2"
"ENSG00000265728.1","ENSG00000115221.12","ENSG00000243694.3","ENSG00000112984.12","ENSG00000197646.8"
"ENSG00000228168.1","ENSG00000235779.8","ENSG00000120054.12","ENSG00000121621.7","ENSG00000239620.3"
"ENSG00000197588.9","ENSG00000286519.1","ENSG00000226539.1","ENSG00000115290.10","ENSG00000100253.13"
"ENSG00000233913.7","ENSG00000189280.3","ENSG00000269516.6","ENSG00000105989.10","ENSG00000277156.1"
"ENSG00000225401.2","ENSG00000123500.10","ENSG00000131730.16","ENSG00000171241.9","ENSG00000205562.3"
"ENSG00000270919.1","ENSG00000249738.10","ENSG00000286280.1","ENSG00000127564.17","ENSG00000211965.4"
"ENSG00000214725.9","ENSG00000186185.14","ENSG00000006377.11","ENSG00000249007.1","ENSG00000258116.1"
"ENSG00000177238.14","ENSG00000185156.6","ENSG00000166682.13","ENSG00000116017.11","ENSG00000211804.3"
"ENSG00000282390.1","ENSG00000137673.9","ENSG00000230061.2","ENSG00000166851.15","ENSG00000124256.15"
"ENSG00000278023.7","ENSG00000132698.15","ENSG00000164076.17","ENSG00000133466.14","ENSG00000113739.10"
"ENSG00000135773.13","ENSG00000183248.12","ENSG00000280109.3","ENSG00000239672.8","ENSG00000225964.6"
"ENSG00000086717.18","ENSG00000146267.12","ENSG00000273132.1","ENSG00000115363.14","ENSG00000196092.14"
"ENSG00000074211.14","ENSG00000140297.13","ENSG00000125363.14","ENSG00000185745.10","ENSG00000211934.3"
"ENSG00000174885.13","ENSG00000135519.8","ENSG00000267432.6","ENSG00000196611.5","ENSG00000224116.7"
"ENSG00000124507.11","ENSG00000225206.10","ENSG00000128510.12","ENSG00000162062.15","ENSG00000242258.1"
"ENSG00000196553.15","ENSG00000198807.13","ENSG00000196917.6","ENSG00000196335.13","ENSG00000287895.1"
"ENSG00000277010.1","ENSG00000250133.2","ENSG00000271303.2","ENSG00000188610.12","ENSG00000211933.2"
"ENSG00000212901.4","ENSG00000181019.13","ENSG00000124143.10","ENSG00000142945.13","ENSG00000089199.10"
"ENSG00000234337.4","ENSG00000118785.14","ENSG00000206195.11","ENSG00000117724.13","ENSG00000121904.17"
"ENSG00000109265.14","ENSG00000284610.1","ENSG00000140807.7","ENSG00000134321.12","ENSG00000185745.10"
"ENSG00000286519.1","ENSG00000174939.11","ENSG00000015520.15","ENSG00000166508.18","ENSG00000167618.10"
"ENSG00000130720.13","ENSG00000056487.16","ENSG00000120875.9","ENSG00000125878.6","ENSG00000119922.10"
"ENSG00000207751.3","ENSG00000167880.8","ENSG00000131015.5","ENSG00000134057.15","ENSG00000249307.7"
"ENSG00000112183.15","ENSG00000229647.2","ENSG00000094755.17","ENSG00000126787.13","ENSG00000248268.1"
"ENSG00000127564.17","ENSG00000163814.8","ENSG00000234985.2","ENSG00000255624.3","ENSG00000134028.14"
"ENSG00000157303.11","ENSG00000152954.12","ENSG00000274520.1","ENSG00000157766.19","ENSG00000186038.9"
"ENSG00000104415.14","ENSG00000101276.18","ENSG00000229950.1","ENSG00000090889.12","ENSG00000179046.8"
"ENSG00000250643.1","ENSG00000117650.13","ENSG00000181577.16","ENSG00000101441.4","ENSG00000254417.1"
"ENSG00000196890.4","ENSG00000136327.7","ENSG00000198807.13","ENSG00000263325.1","ENSG00000125872.8"
"ENSG00000130561.17","ENSG00000167619.13","ENSG00000145040.4","ENSG00000065328.17","ENSG00000211892.4"
"ENSG00000188001.10","ENSG00000088836.14","ENSG00000170367.5","ENSG00000146410.12","ENSG00000230033.1"
"ENSG00000079393.20","ENSG00000169594.13","ENSG00000255650.6","ENSG00000080986.13","ENSG00000203585.4"
"ENSG00000279930.1","ENSG00000104413.18","ENSG00000196497.17","ENSG00000244306.11","ENSG00000204296.11"
"ENSG00000066279.18","ENSG00000183091.19","ENSG00000089116.4","ENSG00000140534.14","ENSG00000263961.8"
"ENSG00000141977.9","ENSG00000248994.2","ENSG00000185105.5","ENSG00000180806.5","ENSG00000111537.5"
"ENSG00000170298.15","ENSG00000178623.12","ENSG00000231252.3","ENSG00000051341.14","ENSG00000002079.14"
"ENSG00000233823.1","ENSG00000069011.16","ENSG00000210140.1","ENSG00000177359.20","ENSG00000262703.1"
"ENSG00000269420.5","ENSG00000117399.14","ENSG00000171388.12","ENSG00000278635.1","ENSG00000211956.2"
"ENSG00000170231.16","ENSG00000160472.5","ENSG00000214049.8","ENSG00000138180.16","ENSG00000271615.1"
"ENSG00000266242.1","ENSG00000139800.8","ENSG00000275216.2","ENSG00000144395.18","ENSG00000261730.1"
"ENSG00000227964.1","ENSG00000007372.24","ENSG00000173557.15","ENSG00000179772.8","ENSG00000205846.4"
"ENSG00000235027.1","ENSG00000229380.1","ENSG00000158786.5","ENSG00000237978.6","ENSG00000100721.11"
"ENSG00000268100.1","ENSG00000261175.6","ENSG00000255433.5","ENSG00000189159.16","ENSG00000226806.1"
"ENSG00000228918.4","ENSG00000128510.12","ENSG00000229960.1","ENSG00000224594.2","ENSG00000105219.10"
"ENSG00000177202.3","ENSG00000139973.16","ENSG00000189433.7","ENSG00000251880.1","ENSG00000198353.8"
"ENSG00000117215.15","ENSG00000204538.4","ENSG00000251314.2","ENSG00000243055.1","ENSG00000279296.1"
"ENSG00000142025.16","ENSG00000244675.2","ENSG00000137203.15","ENSG00000162975.5","ENSG00000118113.12"
"ENSG00000203756.8","ENSG00000164266.11","ENSG00000182379.10","ENSG00000206195.11","ENSG00000253154.2"
"ENSG00000255774.2","ENSG00000165887.12","ENSG00000196711.9","ENSG00000117632.23","ENSG00000246859.3"
"ENSG00000163394.6","ENSG00000115616.3","ENSG00000164935.6","ENSG00000273802.2","ENSG00000157766.19"
"ENSG00000141682.12","ENSG00000197106.7","ENSG00000131188.12","ENSG00000170689.10","ENSG00000119917.14"
"ENSG00000152611.12","ENSG00000131094.4","ENSG00000165376.11","ENSG00000173207.13","ENSG00000225907.1"
"ENSG00000165891.16","ENSG00000162078.11","ENSG00000180438.15","ENSG00000106089.12","ENSG00000174450.12"
"ENSG00000127585.12","ENSG00000134762.17","ENSG00000176343.5","ENSG00000165480.16","ENSG00000164485.15"
"ENSG00000243064.8","ENSG00000171877.21","ENSG00000178752.16","ENSG00000224189.8","ENSG00000229618.3"
"ENSG00000263745.7","ENSG00000157306.14","ENSG00000186451.2","ENSG00000138778.13","ENSG00000287721.1"
"ENSG00000173404.5","ENSG00000037965.6","ENSG00000244485.1","ENSG00000062038.14","ENSG00000252690.3"
"ENSG00000025423.11","ENSG00000285402.1","ENSG00000189280.3","ENSG00000203760.9","ENSG00000125726.11"
"ENSG00000169064.13","ENSG00000085831.15","ENSG00000126778.12","ENSG00000280721.1","ENSG00000140093.10"
"ENSG00000277157.2","ENSG00000167767.14","ENSG00000253746.1","ENSG00000236449.2","ENSG00000169856.9"
"ENSG00000166920.13","ENSG00000138622.4","ENSG00000263041.2","ENSG00000072274.13","ENSG00000211947.2"
"ENSG00000287914.1","ENSG00000169258.7","ENSG00000287781.1","ENSG00000231226.1","ENSG00000145681.11"
"ENSG00000213538.5","ENSG00000230798.5","ENSG00000279774.1","ENSG00000196550.10","ENSG00000211964.3"
"ENSG00000230552.6","ENSG00000267374.2","ENSG00000241361.8","ENSG00000196890.4","ENSG00000133466.14"
"ENSG00000258331.1","ENSG00000161270.20","ENSG00000104899.8","ENSG00000115919.15","ENSG00000260027.5"
"ENSG00000287359.1","ENSG00000011426.11","ENSG00000286733.1","ENSG00000174371.17","ENSG00000230479.1"
"ENSG00000150667.8","ENSG00000163462.18","ENSG00000214429.3","ENSG00000160932.11","ENSG00000166342.19"
"ENSG00000225077.3","ENSG00000081277.13","ENSG00000232203.3","ENSG00000027869.12","ENSG00000261072.2"
"ENSG00000198944.6","ENSG00000127325.19","ENSG00000255026.1","ENSG00000120659.15","ENSG00000088305.18"
"ENSG00000286591.1","ENSG00000088002.12","ENSG00000233287.1","ENSG00000184260.6","ENSG00000177822.8"
"ENSG00000183856.11","ENSG00000231013.2","ENSG00000183171.5","ENSG00000066279.18","ENSG00000233975.1"
"ENSG00000253239.1","ENSG00000167757.14","ENSG00000164398.15","ENSG00000168078.10","ENSG00000138829.12"
"ENSG00000283064.1","ENSG00000218014.1","ENSG00000253616.5","ENSG00000091879.14","ENSG00000173705.9"
"ENSG00000104321.11","ENSG00000163362.11","ENSG00000231749.3","ENSG00000011426.11","ENSG00000224373.3"
"ENSG00000105048.17","ENSG00000203697.12","ENSG00000243678.12","ENSG00000125571.9","ENSG00000103546.18"
"ENSG00000260710.1","ENSG00000164932.13","ENSG00000165188.13","ENSG00000215784.6","ENSG00000285897.1"
"ENSG00000186564.6","ENSG00000204614.9","ENSG00000168065.16","ENSG00000164109.14","ENSG00000058085.15"
"ENSG00000276397.2","ENSG00000113763.12","ENSG00000134258.17","ENSG00000258884.2","ENSG00000233122.2"
"ENSG00000214814.7","ENSG00000179913.11","ENSG00000262772.2","ENSG00000182481.10","ENSG00000211662.2"
"ENSG00000244265.2","ENSG00000164651.17","ENSG00000162004.18","ENSG00000213420.8","ENSG00000253497.1"
"ENSG00000169245.6","ENSG00000112812.16","ENSG00000183734.4","ENSG00000227590.2","ENSG00000135114.12"
"ENSG00000266200.6","ENSG00000086548.9","ENSG00000115363.14","ENSG00000111206.13","ENSG00000211899.10"
"ENSG00000068078.20","ENSG00000287626.1","ENSG00000171004.18","ENSG00000172965.17","ENSG00000106366.9"
"ENSG00000273551.1","ENSG00000227619.3","ENSG00000276573.1","ENSG00000093009.11","ENSG00000163599.17"
"ENSG00000231057.4","ENSG00000250072.6","ENSG00000185479.6","ENSG00000149554.13","ENSG00000134326.11"
"ENSG00000131747.15","ENSG00000148677.7","ENSG00000258919.1","ENSG00000163535.18","ENSG00000256540.1"
"ENSG00000135127.11","ENSG00000113361.13","ENSG00000250337.7","ENSG00000140945.17","ENSG00000175093.5"
"ENSG00000173391.9","ENSG00000152128.13","ENSG00000287338.1","ENSG00000260368.1","ENSG00000163064.7"
"ENSG00000070031.4","ENSG00000214049.8","ENSG00000242327.1","ENSG00000088305.18","ENSG00000259107.2"
"ENSG00000168350.8","ENSG00000240204.3","ENSG00000101255.11","ENSG00000278266.1","ENSG00000162631.19"
"ENSG00000115718.18","ENSG00000144452.15","ENSG00000173612.10","ENSG00000250133.2","ENSG00000174837.15"
"ENSG00000118193.12","ENSG00000285517.1","ENSG00000232237.3","ENSG00000196352.16","ENSG00000137273.6"
"ENSG00000169248.13","ENSG00000129654.8","ENSG00000235559.1","ENSG00000171388.12","ENSG00000163508.13"
"ENSG00000226706.1","ENSG00000005884.18","ENSG00000261863.1","ENSG00000165490.13","ENSG00000215493.3"
"ENSG00000105219.10","ENSG00000129354.12","ENSG00000129910.8","ENSG00000284095.1","ENSG00000244617.2"
"ENSG00000168078.10","ENSG00000172508.10","ENSG00000230453.9","ENSG00000115523.17","ENSG00000169495.5"
"ENSG00000104899.8","ENSG00000260877.2","ENSG00000265688.2","ENSG00000165949.12","ENSG00000257924.1"
"ENSG00000253959.1","ENSG00000272405.1","ENSG00000180537.13","ENSG00000213462.5","ENSG00000166670.10"
"ENSG00000258676.5","ENSG00000243137.8","ENSG00000253414.3","ENSG00000170312.16","ENSG00000239961.3"
"ENSG00000170743.17","ENSG00000132932.17","ENSG00000203499.12","ENSG00000131153.9","ENSG00000257500.1"
"ENSG00000090889.12","ENSG00000163121.10","ENSG00000111981.5","ENSG00000111665.12","ENSG00000231948.2"
"ENSG00000107295.10","ENSG00000077274.9","ENSG00000102854.16","ENSG00000081985.13","ENSG00000231764.10"
"ENSG00000166803.14","ENSG00000269646.1","ENSG00000274979.1","ENSG00000157456.8","ENSG00000249326.1"
"ENSG00000149380.12","ENSG00000175063.17","ENSG00000253438.4","ENSG00000182600.9","ENSG00000143355.16"
"ENSG00000170786.12","ENSG00000140254.12","ENSG00000099953.10","ENSG00000177674.16","ENSG00000125869.10"
"ENSG00000171916.17","ENSG00000225969.2","ENSG00000237061.1","ENSG00000152422.16","ENSG00000205634.7"
"ENSG00000237515.9","ENSG00000224189.8","ENSG00000227619.3","ENSG00000197472.15","ENSG00000105989.10"
"ENSG00000150873.12","ENSG00000124143.10","ENSG00000163132.8","ENSG00000148734.8","ENSG00000225684.4"
"ENSG00000226835.3","ENSG00000171033.13","ENSG00000230107.1","ENSG00000187741.15","ENSG00000223648.4"
"ENSG00000189377.9","ENSG00000178776.5","ENSG00000224271.7","ENSG00000167513.9","ENSG00000163600.13"
"ENSG00000147614.4","ENSG00000235621.9","ENSG00000173894.11","ENSG00000138435.16","ENSG00000269956.2"
"ENSG00000160161.9","ENSG00000024526.17","ENSG00000286266.1","ENSG00000111012.10","ENSG00000104327.7"
"ENSG00000260777.1","ENSG00000287306.1","ENSG00000205414.1","ENSG00000131620.17","ENSG00000101194.18"
"ENSG00000268535.1","ENSG00000177679.16","ENSG00000112559.15","ENSG00000143476.18","ENSG00000163364.10"
"ENSG00000140623.14","ENSG00000107165.13","ENSG00000236345.1","ENSG00000135094.11","ENSG00000196932.12"
"ENSG00000162746.14","ENSG00000227036.8","ENSG00000233695.2","ENSG00000106268.15","ENSG00000170166.6"
"ENSG00000123485.12","ENSG00000141934.10","ENSG00000158106.14","ENSG00000137285.10","ENSG00000232216.1"
"ENSG00000173467.9","ENSG00000085999.13","ENSG00000239605.11","ENSG00000188290.11","ENSG00000134668.12"
"ENSG00000214145.7","ENSG00000284606.1","ENSG00000120708.17","ENSG00000127423.11","ENSG00000004948.16"
"ENSG00000103522.16","ENSG00000166145.14","ENSG00000234123.1","ENSG00000130475.14","ENSG00000250451.5"
"ENSG00000137142.5","ENSG00000150556.17","ENSG00000148734.8","ENSG00000073111.14","ENSG00000211973.2"
"ENSG00000123364.5","ENSG00000091844.8","ENSG00000103253.19","ENSG00000101003.10","ENSG00000254413.8"
"ENSG00000158014.15","ENSG00000102385.12","ENSG00000286180.1","ENSG00000222881.1","ENSG00000279555.1"
"ENSG00000204385.13","ENSG00000231066.3","ENSG00000182459.5","ENSG00000138316.11","ENSG00000106819.13"
"ENSG00000264714.1","ENSG00000154839.10","ENSG00000101187.16","ENSG00000124391.5","ENSG00000164778.4"
"ENSG00000108813.11","ENSG00000144354.14","ENSG00000259803.7","ENSG00000270190.1","ENSG00000224969.1"
"ENSG00000164047.6","ENSG00000229743.4","ENSG00000235939.1","ENSG00000287263.1","ENSG00000197301.7"
"ENSG00000109674.4","ENSG00000165304.8","ENSG00000240668.1","ENSG00000161888.11","ENSG00000255282.6"
"ENSG00000184492.6","ENSG00000184349.13","ENSG00000131746.13","ENSG00000146070.17","ENSG00000228203.7"
"ENSG00000189325.7","ENSG00000235162.9","ENSG00000255552.7","ENSG00000286048.1","ENSG00000181847.12"
"ENSG00000287205.1","ENSG00000119888.11","ENSG00000213269.2","ENSG00000280206.1","ENSG00000187498.16"
"ENSG00000230107.1","ENSG00000164078.13","ENSG00000155761.14","ENSG00000134668.12","ENSG00000272872.1"
"ENSG00000175920.18","ENSG00000183856.11","ENSG00000145506.14","ENSG00000186891.14","ENSG00000166922.8"
"ENSG00000007372.24","ENSG00000188064.10","ENSG00000253641.6","ENSG00000224969.1","ENSG00000253214.2"
"ENSG00000167653.5","ENSG00000115163.15","ENSG00000258404.1","ENSG00000075218.19","ENSG00000160117.16"
"ENSG00000049247.14","ENSG00000287463.1","ENSG00000265554.2","ENSG00000075702.18","ENSG00000116962.15"
"ENSG00000168505.7","ENSG00000237515.9","ENSG00000083782.8","ENSG00000080839.12","ENSG00000011083.9"
"ENSG00000183682.8","ENSG00000100167.20","ENSG00000244512.3","ENSG00000275713.2","ENSG00000224750.6"
"ENSG00000278677.2","ENSG00000101057.16","ENSG00000225680.1","ENSG00000265688.2","ENSG00000104321.11"
"ENSG00000231123.1","ENSG00000204936.10","ENSG00000233542.2","ENSG00000181544.15","ENSG00000133110.15"
"ENSG00000152592.14","ENSG00000181085.15","ENSG00000257472.1","ENSG00000111602.12","ENSG00000231806.3"
"ENSG00000185499.16","ENSG00000170454.6","ENSG00000196754.13","ENSG00000126453.9","ENSG00000225096.3"
"ENSG00000168334.9","ENSG00000022556.16","ENSG00000106327.13","ENSG00000156970.13","ENSG00000119608.14"
"ENSG00000233542.2","ENSG00000277287.1","ENSG00000250568.1","ENSG00000287080.2","ENSG00000179331.3"
"ENSG00000279511.1","ENSG00000284928.1","ENSG00000179846.10","ENSG00000282870.1","ENSG00000086717.18"
"ENSG00000259459.6","ENSG00000218358.2","ENSG00000204421.3","ENSG00000139354.11","ENSG00000054356.14"
"ENSG00000226025.9","ENSG00000101463.6","ENSG00000152669.9","ENSG00000158402.20","ENSG00000138755.6"
"ENSG00000280119.1","ENSG00000136943.11","ENSG00000187583.11","ENSG00000111335.13","ENSG00000008300.17"
"ENSG00000133110.15","ENSG00000244649.5","ENSG00000125823.12","ENSG00000271924.1","ENSG00000170128.5"
"ENSG00000144583.5","ENSG00000104892.17","ENSG00000138152.10","ENSG00000133119.13","ENSG00000254605.1"
"ENSG00000175315.3","ENSG00000188089.13","ENSG00000140481.15","ENSG00000171502.15","ENSG00000287743.1"
"ENSG00000249306.6","ENSG00000130701.4","ENSG00000130513.6","ENSG00000173391.9","ENSG00000117122.14"
"ENSG00000249007.1","ENSG00000155761.14","ENSG00000166670.10","ENSG00000143507.18","ENSG00000256039.2"
"ENSG00000205089.8","ENSG00000139734.19","ENSG00000221241.1","ENSG00000197956.10","ENSG00000170160.17"
"ENSG00000277075.2","ENSG00000213412.3","ENSG00000129474.16","ENSG00000286522.2","ENSG00000132530.17"
"ENSG00000166851.15","ENSG00000163898.10","ENSG00000237223.6","ENSG00000268833.1","ENSG00000253451.1"
"ENSG00000169607.13","ENSG00000102109.9","ENSG00000248323.7","ENSG00000256540.1","ENSG00000133106.15"
"ENSG00000231806.3","ENSG00000144366.16","ENSG00000240652.1","ENSG00000164430.16","ENSG00000116544.12"
"ENSG00000261716.2","ENSG00000231252.3","ENSG00000251985.1","ENSG00000116833.14","ENSG00000240403.5"
"ENSG00000235049.1","ENSG00000152076.19","ENSG00000169247.14","ENSG00000185480.12","ENSG00000215270.3"
"ENSG00000126709.15","ENSG00000181218.5","ENSG00000042832.12","ENSG00000086300.16","ENSG00000189423.13"
"ENSG00000129173.13","ENSG00000169760.17","ENSG00000114656.12","ENSG00000125869.10","ENSG00000111012.10"
"ENSG00000089685.15","ENSG00000127561.15","ENSG00000115008.6","ENSG00000124571.18","ENSG00000160326.14"
"ENSG00000143228.13","ENSG00000165556.10","ENSG00000230356.1","ENSG00000129951.19","ENSG00000197467.16"
"ENSG00000270930.1","ENSG00000162975.5","ENSG00000150201.15","ENSG00000146918.20","ENSG00000211941.3"
"ENSG00000152049.6","ENSG00000049283.18","ENSG00000166415.15","ENSG00000106397.12","ENSG00000226025.9"
"ENSG00000145808.10","ENSG00000129173.13","ENSG00000227115.8","ENSG00000277075.2","ENSG00000154864.13"
"ENSG00000103269.14","ENSG00000173947.14","ENSG00000181652.19","ENSG00000164611.13","ENSG00000007372.24"
"ENSG00000158402.20","ENSG00000182379.10","ENSG00000132746.15","ENSG00000276672.1","ENSG00000164484.12"
"ENSG00000115414.21","ENSG00000228952.1","ENSG00000254973.2","ENSG00000141576.16","ENSG00000130303.13"
"ENSG00000167080.9","ENSG00000170477.13","ENSG00000250329.1","ENSG00000123975.5","ENSG00000271947.1"
"ENSG00000196364.9","ENSG00000131747.15","ENSG00000168646.13","ENSG00000240163.1","ENSG00000211949.3"
"ENSG00000197587.11","ENSG00000132470.14","ENSG00000103257.9","ENSG00000274204.1","ENSG00000236015.1"
"ENSG00000167105.8","ENSG00000070729.14","ENSG00000237978.6","ENSG00000184445.12","ENSG00000261136.1"
"ENSG00000148773.14","ENSG00000110427.17","ENSG00000232445.2","ENSG00000113946.4","ENSG00000275216.2"
"ENSG00000225768.1","ENSG00000124225.16","ENSG00000244300.3","ENSG00000125319.15","ENSG00000229656.7"
"ENSG00000138180.16","ENSG00000171241.9","ENSG00000237686.7","ENSG00000072571.20","ENSG00000187862.12"
"ENSG00000151892.15","ENSG00000260593.1","ENSG00000213361.2","ENSG00000151651.16","ENSG00000284948.1"
"ENSG00000244137.1","ENSG00000104899.8","ENSG00000257671.1","ENSG00000112877.8","ENSG00000112238.12"
"ENSG00000075891.22","ENSG00000173702.7","ENSG00000272502.1","ENSG00000112655.16","ENSG00000244437.1"
"ENSG00000101115.13","ENSG00000197956.10","ENSG00000227210.2","ENSG00000123219.13","ENSG00000286990.1"
"ENSG00000163545.11","ENSG00000143228.13","ENSG00000198723.11","ENSG00000226887.8","ENSG00000025423.11"
"ENSG00000116329.11","ENSG00000096088.16","ENSG00000187556.7","ENSG00000125462.19","ENSG00000205041.1"
"ENSG00000167968.13","ENSG00000169679.15","ENSG00000125657.5","ENSG00000197299.12","ENSG00000228168.1"
"ENSG00000172478.18","ENSG00000163975.12","ENSG00000159708.18","ENSG00000115009.13","ENSG00000239855.1"
"ENSG00000222022.1","ENSG00000082482.14","ENSG00000231185.7","ENSG00000184661.14","ENSG00000211640.4"
"ENSG00000175063.17","ENSG00000264269.1","ENSG00000226468.2","ENSG00000051180.17","ENSG00000169994.18"
"ENSG00000223511.7","ENSG00000204442.4","ENSG00000258227.7","ENSG00000124225.16","ENSG00000175352.11"
"ENSG00000253116.1","ENSG00000079112.10","ENSG00000109205.16","ENSG00000089327.15","ENSG00000132185.18"
"ENSG00000186185.14","ENSG00000276043.5","ENSG00000128422.17","ENSG00000120149.9","ENSG00000156738.18"
"ENSG00000188282.12","ENSG00000230316.7","ENSG00000213820.3","ENSG00000085840.13","ENSG00000126709.15"
"ENSG00000004838.14","ENSG00000162814.11","ENSG00000120068.7","ENSG00000104899.8","ENSG00000172322.14"
"ENSG00000188452.14","ENSG00000104177.18","ENSG00000101084.18","ENSG00000241886.1","ENSG00000258938.1"
"ENSG00000204936.10","ENSG00000198049.7","ENSG00000173898.14","ENSG00000163347.6","ENSG00000122188.13"
"ENSG00000171236.10","ENSG00000158458.21","ENSG00000253649.5","ENSG00000093134.15","ENSG00000128322.7"
"ENSG00000249047.2","ENSG00000185567.7","ENSG00000285278.1","ENSG00000106462.11","ENSG00000115523.17"
"ENSG00000234233.1","ENSG00000142945.13","ENSG00000248329.6","ENSG00000224853.3","ENSG00000243107.1"
"ENSG00000285587.1","ENSG00000198759.12","ENSG00000249650.1","ENSG00000182912.6","ENSG00000034053.14"
"ENSG00000261104.1","ENSG00000258947.7","ENSG00000233384.3","ENSG00000105376.5","ENSG00000124191.18"
"ENSG00000204710.2","ENSG00000184363.10","ENSG00000080618.17","ENSG00000171848.16","ENSG00000262874.2"
"ENSG00000238358.2","ENSG00000126787.13","ENSG00000253844.1","ENSG00000237649.8","ENSG00000232926.1"
"ENSG00000163518.11","ENSG00000205704.7","ENSG00000287446.1","ENSG00000233966.1","ENSG00000186827.11"
"ENSG00000233622.3","ENSG00000233828.5","ENSG00000249859.12","ENSG00000109674.4","ENSG00000086300.16"
"ENSG00000011426.11","ENSG00000111981.5","ENSG00000170577.8","ENSG00000260430.2","ENSG00000243650.3"
"ENSG00000255026.1","ENSG00000175793.12","ENSG00000099937.11","ENSG00000269919.1","ENSG00000243264.2"
"ENSG00000230873.9","ENSG00000124429.18","ENSG00000149295.14","ENSG00000149257.16","ENSG00000125675.18"
"ENSG00000287335.1","ENSG00000261115.6","ENSG00000243297.2","ENSG00000267892.1","ENSG00000241749.4"
"ENSG00000253490.5","ENSG00000148734.8","ENSG00000230426.4","ENSG00000287248.1","ENSG00000223485.4"
"ENSG00000125869.10","ENSG00000168143.9","ENSG00000186474.15","ENSG00000263513.5","ENSG00000286782.1"
"ENSG00000175356.14","ENSG00000128298.17","ENSG00000163734.4","ENSG00000123473.16","ENSG00000117586.11"
"ENSG00000254815.6","ENSG00000271824.2","ENSG00000224167.2","ENSG00000138160.7","ENSG00000112837.17"
"ENSG00000135451.13","ENSG00000159640.17","ENSG00000280055.2","ENSG00000163918.11","ENSG00000270550.1"
"ENSG00000187045.19","ENSG00000121742.19","ENSG00000148123.15","ENSG00000000460.17","ENSG00000229162.1"
"ENSG00000287331.1","ENSG00000164171.11","ENSG00000258551.6","ENSG00000102384.13","ENSG00000274460.1"
"ENSG00000069812.11","ENSG00000179178.11","ENSG00000124614.16","ENSG00000006634.8","ENSG00000188282.12"
"ENSG00000284659.1","ENSG00000204866.8","ENSG00000269978.1","ENSG00000123136.15","ENSG00000224189.8"
"ENSG00000170312.16","ENSG00000165078.13","ENSG00000163618.18","ENSG00000112578.10","ENSG00000233589.1"
"ENSG00000268866.1","ENSG00000243742.5","ENSG00000182272.12","ENSG00000079616.13","ENSG00000272666.1"
"ENSG00000049768.16","ENSG00000133519.12","ENSG00000215182.8","ENSG00000199377.1","ENSG00000173546.7"
"ENSG00000088325.16","ENSG00000267123.7","ENSG00000187867.10","ENSG00000235852.1","ENSG00000211790.2"
"ENSG00000167094.16","ENSG00000155980.13","ENSG00000270975.1","ENSG00000163734.4","ENSG00000148680.16"
"ENSG00000013588.9","ENSG00000103089.9","ENSG00000124391.5","ENSG00000111331.13","ENSG00000255921.1"
"ENSG00000075429.9","ENSG00000129195.16","ENSG00000175592.9","ENSG00000166073.11","ENSG00000226777.7"
"ENSG00000207186.1","ENSG00000220154.2","ENSG00000227066.2","ENSG00000229647.2","ENSG00000113722.17"
"ENSG00000220323.4","ENSG00000179284.5","ENSG00000176043.5","ENSG00000142731.11","ENSG00000060718.22"
"ENSG00000067715.14","ENSG00000118194.20","ENSG00000214612.3","ENSG00000269155.2","ENSG00000239951.1"
"ENSG00000117724.13","ENSG00000143061.18","ENSG00000226132.1","ENSG00000180992.7","ENSG00000124225.16"
"ENSG00000174945.13","ENSG00000175874.10","ENSG00000162849.16","ENSG00000175643.10","ENSG00000226421.1"
"ENSG00000234602.9","ENSG00000261798.1","ENSG00000242136.1","ENSG00000165304.8","ENSG00000240864.3"
"ENSG00000115616.3","ENSG00000278709.2","ENSG00000119547.6","ENSG00000262904.1","ENSG00000267151.5"
"ENSG00000228630.5","ENSG00000155265.11","ENSG00000280113.2","ENSG00000246334.2","ENSG00000224014.1"
"ENSG00000272516.1","ENSG00000072195.15","ENSG00000259664.3","ENSG00000137404.14","ENSG00000139193.4"
"ENSG00000173838.12","ENSG00000109805.10","ENSG00000095752.7","ENSG00000181649.8","ENSG00000231625.4"
"ENSG00000135094.11","ENSG00000137558.9","ENSG00000180066.10","ENSG00000173825.7","ENSG00000272849.1"
"ENSG00000185933.7","ENSG00000112379.9","ENSG00000137747.16","ENSG00000134690.11","ENSG00000258053.1"
"ENSG00000174788.10","ENSG00000184949.16","ENSG00000240950.1","ENSG00000140525.19","ENSG00000205045.11"
"ENSG00000125508.3","ENSG00000161249.21","ENSG00000261373.1","ENSG00000112742.10","ENSG00000280721.1"
"ENSG00000214077.4","ENSG00000110786.18","ENSG00000184937.16","ENSG00000176678.6","ENSG00000255733.6"
"ENSG00000125879.5","ENSG00000137857.17","ENSG00000155265.11","ENSG00000229331.1","ENSG00000186818.12"
"ENSG00000143476.18","ENSG00000170166.6","ENSG00000239223.3","ENSG00000139618.16","ENSG00000137809.17"
"ENSG00000259345.7","ENSG00000185615.16","ENSG00000232803.1","ENSG00000286696.1","ENSG00000105369.10"
"ENSG00000197308.9","ENSG00000157765.13","ENSG00000114270.17","ENSG00000273338.1","ENSG00000135454.14"
"ENSG00000103888.17","ENSG00000256008.3","ENSG00000288530.1","ENSG00000138346.15","ENSG00000230699.2"
"ENSG00000276043.5","ENSG00000103253.19","ENSG00000183145.9","ENSG00000164087.8","ENSG00000287511.1"
"ENSG00000283265.1","ENSG00000167513.9","ENSG00000135423.13","ENSG00000140105.18","ENSG00000253831.3"
"ENSG00000259977.1","ENSG00000100228.12","ENSG00000254726.3","ENSG00000176890.16","ENSG00000270427.1"
"ENSG00000178773.15","ENSG00000206262.9","ENSG00000135480.16","ENSG00000117877.11","ENSG00000147138.3"
"ENSG00000105011.9","ENSG00000183876.9","ENSG00000264175.1","ENSG00000276368.2","ENSG00000269220.1"
"ENSG00000112984.12","ENSG00000250579.2","ENSG00000109255.11","ENSG00000172244.9","ENSG00000089692.9"
"ENSG00000133466.14","ENSG00000135373.13","ENSG00000107807.13","ENSG00000277156.1","ENSG00000244124.1"
"ENSG00000267409.1","ENSG00000256061.7","ENSG00000266401.2","ENSG00000105011.9","ENSG00000130508.11"
"ENSG00000186891.14","ENSG00000274444.1","ENSG00000105131.8","ENSG00000161653.11","ENSG00000260051.1"
"ENSG00000226915.1","ENSG00000143476.18","ENSG00000253161.5","ENSG00000050555.19","ENSG00000147434.9"
"ENSG00000169679.15","ENSG00000214803.3","ENSG00000277247.1","ENSG00000148795.7","ENSG00000249916.1"
"ENSG00000171848.16","ENSG00000164283.13","ENSG00000231566.2","ENSG00000137691.13","ENSG00000189420.8"
"ENSG00000268529.1","ENSG00000141682.12","ENSG00000225210.10","ENSG00000162782.16","ENSG00000287335.1"
"ENSG00000149926.13","ENSG00000159556.10","ENSG00000184949.16","ENSG00000227403.2","ENSG00000087494.16"
"ENSG00000165731.20","ENSG00000166851.15","ENSG00000162009.8","ENSG00000115419.13","ENSG00000228492.2"
"ENSG00000127084.19","ENSG00000125731.13","ENSG00000050344.9","ENSG00000177602.5","ENSG00000256694.1"
"ENSG00000072571.20","ENSG00000231298.7","ENSG00000163739.5","ENSG00000161800.13","ENSG00000168062.10"
"ENSG00000154864.13","ENSG00000149488.13","ENSG00000261104.1","ENSG00000196932.12","ENSG00000285103.2"
"ENSG00000229630.1","ENSG00000125966.10","ENSG00000213246.7","ENSG00000267201.1","ENSG00000267074.1"
"ENSG00000117009.12","ENSG00000283265.1","ENSG00000100867.15","ENSG00000161692.18","ENSG00000189013.14"
"ENSG00000162482.5","ENSG00000246465.1","ENSG00000167476.10","ENSG00000149636.16","ENSG00000282431.1"
"ENSG00000230606.11","ENSG00000043355.12","ENSG00000222033.1","ENSG00000198554.12","ENSG00000128709.13"
"ENSG00000235939.1","ENSG00000183671.12","ENSG00000121743.4","ENSG00000232803.1","ENSG00000231292.6"
"ENSG00000189057.11","ENSG00000196747.4","ENSG00000084453.16","ENSG00000183763.9","ENSG00000288065.1"
"ENSG00000149972.11","ENSG00000187730.9","ENSG00000138028.16","ENSG00000284753.2","ENSG00000276557.1"
"ENSG00000165304.8","ENSG00000067057.18","ENSG00000225536.2","ENSG00000009950.16","ENSG00000148408.13"
"ENSG00000182631.7","ENSG00000177414.13","ENSG00000151012.13","ENSG00000198826.11","ENSG00000243466.1"
"ENSG00000136542.9","ENSG00000156970.13","ENSG00000142102.16","ENSG00000092853.14","ENSG00000188404.10"
"ENSG00000253973.3","ENSG00000007038.11","ENSG00000277223.1","ENSG00000089127.14","ENSG00000144810.16"
"ENSG00000153132.13","ENSG00000125850.11","ENSG00000279692.1","ENSG00000255753.1","ENSG00000188820.13"
"ENSG00000233041.8","ENSG00000255082.1","ENSG00000257138.1","ENSG00000271781.1","ENSG00000211950.2"
"ENSG00000136541.15","ENSG00000279822.1","ENSG00000244342.5","ENSG00000196756.13","ENSG00000279822.1"
"ENSG00000164089.9","ENSG00000187783.12","ENSG00000262001.1","ENSG00000175592.9","ENSG00000211637.2"
"ENSG00000288585.1","ENSG00000203499.12","ENSG00000224322.2","ENSG00000265943.1","ENSG00000180340.7"
"ENSG00000226321.5","ENSG00000099282.10","ENSG00000130711.5","ENSG00000130429.15","ENSG00000113721.14"
"ENSG00000024526.17","ENSG00000285906.2","ENSG00000275491.1","ENSG00000273604.2","ENSG00000257253.2"
"ENSG00000224137.1","ENSG00000093009.11","ENSG00000285897.1","ENSG00000113739.10","ENSG00000166073.11"
"ENSG00000151651.16","ENSG00000184524.6","ENSG00000204334.7","ENSG00000144136.11","ENSG00000231298.7"
"ENSG00000273267.1","ENSG00000152766.6","ENSG00000279806.1","ENSG00000230002.3","ENSG00000226659.1"
"ENSG00000204677.13","ENSG00000215475.5","ENSG00000198759.12","ENSG00000236675.1","ENSG00000053747.17"
"ENSG00000165309.14","ENSG00000166863.13","ENSG00000108813.11","ENSG00000140451.13","ENSG00000235897.1"
"ENSG00000164932.13","ENSG00000220412.1","ENSG00000225405.3","ENSG00000171345.13","ENSG00000253931.1"
"ENSG00000288234.1","ENSG00000089685.15","ENSG00000167419.11","ENSG00000136108.15","ENSG00000253616.5"
"ENSG00000288547.3","ENSG00000235029.1","ENSG00000205502.4","ENSG00000146232.17","ENSG00000183150.8"
"ENSG00000280311.1","ENSG00000265763.4","ENSG00000198203.10","ENSG00000251985.1","ENSG00000229816.1"
"ENSG00000157613.11","ENSG00000090889.12","ENSG00000170561.13","ENSG00000148773.14","ENSG00000204936.10"
"ENSG00000174371.17","ENSG00000115507.10","ENSG00000179431.7","ENSG00000109805.10","ENSG00000230061.2"
"ENSG00000105707.14","ENSG00000177181.15","ENSG00000251396.7","ENSG00000155660.11","ENSG00000242041.1"
"ENSG00000166796.12","ENSG00000287358.1","ENSG00000273079.6","ENSG00000214078.13","ENSG00000188822.8"
"ENSG00000284299.1","ENSG00000261488.1","ENSG00000225742.6","ENSG00000172167.8","ENSG00000235298.1"
"ENSG00000181085.15","ENSG00000166736.11","ENSG00000163032.12","ENSG00000271754.1","ENSG00000286561.1"
"ENSG00000124575.7","ENSG00000271662.1","ENSG00000169427.8","ENSG00000135454.14","ENSG00000253167.1"
"ENSG00000224260.6","ENSG00000114529.13","ENSG00000145244.12","ENSG00000173621.9","ENSG00000169427.8"
"ENSG00000106541.12","ENSG00000256196.2","ENSG00000164932.13","ENSG00000261373.1","ENSG00000137965.11"
"ENSG00000260337.4","ENSG00000186081.12","ENSG00000169253.3","ENSG00000138623.10","ENSG00000161638.11"
"ENSG00000231073.1","ENSG00000259341.2","ENSG00000274080.1","ENSG00000200879.1","ENSG00000143297.19"
"ENSG00000075275.18","ENSG00000241359.1","ENSG00000157193.18","ENSG00000153044.10","ENSG00000211639.2"
"ENSG00000279685.2","ENSG00000117724.13","ENSG00000218358.2","ENSG00000168393.13","ENSG00000286196.1"
"ENSG00000223776.5","ENSG00000087494.16","ENSG00000164690.8","ENSG00000214826.5","ENSG00000179934.7"
"ENSG00000286208.1","ENSG00000163618.18","ENSG00000137877.10","ENSG00000155629.15","ENSG00000230570.1"
"ENSG00000227066.2","ENSG00000182795.13","ENSG00000226887.8","ENSG00000145506.14","ENSG00000283554.1"
"ENSG00000177494.6","ENSG00000176678.6","ENSG00000228566.2","ENSG00000241634.1","ENSG00000166923.12"
"ENSG00000227404.1","ENSG00000234362.6","ENSG00000234350.5","ENSG00000097046.13","ENSG00000211968.3"
"ENSG00000168743.13","ENSG00000114757.19","ENSG00000110944.9","ENSG00000059378.13","ENSG00000130675.15"
"ENSG00000075886.11","ENSG00000177494.6","ENSG00000287828.1","ENSG00000112118.20","ENSG00000211668.2"
"ENSG00000243141.2","ENSG00000187123.15","ENSG00000165935.9","ENSG00000139880.19","ENSG00000134460.18"
"ENSG00000121895.8","ENSG00000121621.7","ENSG00000139289.13","ENSG00000176597.12","ENSG00000276509.1"
"ENSG00000249661.1","ENSG00000148773.14","ENSG00000203907.9","ENSG00000134326.11","ENSG00000217455.8"
"ENSG00000218014.1","ENSG00000237988.5","ENSG00000139547.7","ENSG00000136603.14","ENSG00000225783.8"
"ENSG00000185130.5","ENSG00000158402.20","ENSG00000250081.1","ENSG00000267637.1","ENSG00000236526.1"
"ENSG00000152253.9","ENSG00000181374.8","ENSG00000164761.9","ENSG00000170779.11","ENSG00000117009.12"
"ENSG00000074410.14","ENSG00000251095.7","ENSG00000101104.13","ENSG00000170537.13","ENSG00000089012.14"
"ENSG00000114529.13","ENSG00000269959.1","ENSG00000185008.17","ENSG00000120254.16","ENSG00000179772.8"
"ENSG00000226957.1","ENSG00000132692.19","ENSG00000198720.13","ENSG00000196739.15","ENSG00000147889.18"
"ENSG00000184678.10","ENSG00000174371.17","ENSG00000229835.2","ENSG00000249859.12","ENSG00000186191.8"
"ENSG00000119938.9","ENSG00000078098.14","ENSG00000096088.16","ENSG00000180263.14","ENSG00000187037.8"
"ENSG00000251635.2","ENSG00000259495.3","ENSG00000287626.1","ENSG00000196460.14","ENSG00000087303.18"
"ENSG00000272202.1","ENSG00000087128.10","ENSG00000185519.9","ENSG00000204682.8","ENSG00000073756.12"
"ENSG00000187608.10","ENSG00000176490.5","ENSG00000183914.14","ENSG00000129810.15","ENSG00000103522.16"
"ENSG00000237649.8","ENSG00000136928.7","ENSG00000260877.2","ENSG00000142102.16","ENSG00000248964.7"
"ENSG00000287080.2","ENSG00000067225.18","ENSG00000088340.17","ENSG00000105088.8","ENSG00000121594.12"
"ENSG00000160973.8","ENSG00000170369.4","ENSG00000228462.1","ENSG00000073060.16","ENSG00000136378.15"
"ENSG00000260792.1","ENSG00000087510.7","ENSG00000154856.13","ENSG00000114646.10","ENSG00000182667.14"
"ENSG00000179023.8","ENSG00000011332.19","ENSG00000180869.4","ENSG00000163808.17","ENSG00000110446.11"
"ENSG00000162779.22","ENSG00000138759.19","ENSG00000139292.13","ENSG00000177721.4","ENSG00000162676.12"
"ENSG00000188676.13","ENSG00000131650.14","ENSG00000113739.10","ENSG00000109321.11","ENSG00000152402.11"
"ENSG00000237737.6","ENSG00000080224.17","ENSG00000268628.2","ENSG00000168394.11","ENSG00000271788.1"
"ENSG00000197191.6","ENSG00000157456.8","ENSG00000233845.1","ENSG00000261236.8","ENSG00000255438.2"
"ENSG00000175643.10","ENSG00000136231.14","ENSG00000267533.1","ENSG00000130816.17","ENSG00000049249.9"
"ENSG00000105467.9","ENSG00000176884.16","ENSG00000231439.4","ENSG00000087088.20","ENSG00000058335.16"
"ENSG00000154839.10","ENSG00000164181.14","ENSG00000224652.2","ENSG00000276900.1","ENSG00000255837.1"
"ENSG00000234869.1","ENSG00000267750.6","ENSG00000105707.14","ENSG00000168298.7","ENSG00000129048.7"
"ENSG00000240350.3","ENSG00000163064.7","ENSG00000203985.11","ENSG00000006327.14","ENSG00000171587.15"
"ENSG00000259807.2","ENSG00000232233.1","ENSG00000109321.11","ENSG00000101189.7","ENSG00000279345.1"
"ENSG00000245080.7","ENSG00000176383.9","ENSG00000214259.3","ENSG00000162063.13","ENSG00000130487.9"
"ENSG00000126787.13","ENSG00000287315.1","ENSG00000258884.2","ENSG00000175264.8","ENSG00000138684.9"
"ENSG00000183242.12","ENSG00000196878.15","ENSG00000258947.7","ENSG00000111247.15","ENSG00000267369.1"
"ENSG00000266830.1","ENSG00000261183.5","ENSG00000224367.6","ENSG00000104738.18","ENSG00000196747.4"
"ENSG00000166268.11","ENSG00000230650.1","ENSG00000241186.10","ENSG00000164171.11","ENSG00000262663.1"
"ENSG00000267123.7","ENSG00000251257.2","ENSG00000277363.5","ENSG00000156787.17","ENSG00000152377.14"
"ENSG00000268864.4","ENSG00000173838.12","ENSG00000135069.14","ENSG00000188486.3","ENSG00000211598.2"
"ENSG00000130635.16","ENSG00000008735.14","ENSG00000171017.11","ENSG00000143256.5","ENSG00000271013.1"
"ENSG00000100078.4","ENSG00000237330.3","ENSG00000029153.14","ENSG00000196878.15","ENSG00000140557.12"
"ENSG00000203446.2","ENSG00000167759.13","ENSG00000172927.8","ENSG00000122952.17","ENSG00000137573.14"
"ENSG00000272954.1","ENSG00000165480.16","ENSG00000257906.3","ENSG00000088386.17","ENSG00000204624.8"
"ENSG00000203711.14","ENSG00000168078.10","ENSG00000259078.2","ENSG00000100206.10","ENSG00000231131.8"
"ENSG00000259470.2","ENSG00000161714.12","ENSG00000142408.6","ENSG00000196230.13","ENSG00000186340.16"
"ENSG00000124249.7","ENSG00000123485.12","ENSG00000163735.7","ENSG00000143321.19","ENSG00000268108.1"
"ENSG00000165973.19","ENSG00000169607.13","ENSG00000232850.3","ENSG00000196950.14","ENSG00000175879.9"
"ENSG00000145681.11","ENSG00000130045.16","ENSG00000219700.1","ENSG00000101132.10","ENSG00000178199.14"
"ENSG00000286424.1","ENSG00000109846.9","ENSG00000181773.7","ENSG00000137965.11","ENSG00000124731.13"
"ENSG00000267750.6","ENSG00000188015.10","ENSG00000282890.1","ENSG00000185507.21","ENSG00000124657.1"
"ENSG00000091831.24","ENSG00000261437.1","ENSG00000184489.12","ENSG00000176619.13","ENSG00000242294.6"
"ENSG00000233183.3","ENSG00000263961.8","ENSG00000125864.14","ENSG00000054967.13","ENSG00000206262.9"
"ENSG00000099812.9","ENSG00000267736.2","ENSG00000257883.1","ENSG00000029993.15","ENSG00000211706.2"
"ENSG00000163600.13","ENSG00000075218.19","ENSG00000003249.15","ENSG00000173559.14","ENSG00000211787.1"
"ENSG00000129810.15","ENSG00000169213.7","ENSG00000284948.1","ENSG00000128645.15","ENSG00000225857.5"
"ENSG00000267751.5","ENSG00000129451.12","ENSG00000213177.3","ENSG00000152253.9","ENSG00000111335.13"
"ENSG00000258408.1","ENSG00000088992.18","ENSG00000108375.13","ENSG00000132646.11","ENSG00000256209.2"
"ENSG00000265480.5","ENSG00000187997.11","ENSG00000259045.1","ENSG00000198901.14","ENSG00000225075.1"
"ENSG00000244649.5","ENSG00000231106.2","ENSG00000246528.3","ENSG00000118162.14","ENSG00000287839.1"
"ENSG00000213376.4","ENSG00000121753.12","ENSG00000256008.3","ENSG00000101412.13","ENSG00000218358.2"
"ENSG00000276662.1","ENSG00000226900.2","ENSG00000287566.1","ENSG00000136982.6","ENSG00000178033.6"
"ENSG00000113302.5","ENSG00000198857.3","ENSG00000261670.1","ENSG00000153310.19","ENSG00000113140.11"
"ENSG00000224367.6","ENSG00000168350.8","ENSG00000278842.1","ENSG00000106077.18","ENSG00000274024.1"
"ENSG00000264188.1","ENSG00000075223.14","ENSG00000281756.1","ENSG00000213186.8","ENSG00000280411.1"
"ENSG00000179902.13","ENSG00000196368.5","ENSG00000210144.1","ENSG00000173727.12","ENSG00000250390.2"
"ENSG00000147570.10","ENSG00000103534.17","ENSG00000273812.3","ENSG00000040608.14","ENSG00000107201.10"
"ENSG00000172575.12","ENSG00000134258.17","ENSG00000197506.8","ENSG00000172716.16","ENSG00000162624.14"
"ENSG00000227507.3","ENSG00000152669.9","ENSG00000261742.6","ENSG00000254854.1","ENSG00000256282.1"
"ENSG00000077152.11","ENSG00000253395.1","ENSG00000183971.10","ENSG00000138182.15","ENSG00000086991.13"
"ENSG00000264175.1","ENSG00000160182.3","ENSG00000146477.6","ENSG00000152804.11","ENSG00000146070.17"
"ENSG00000080986.13","ENSG00000157782.9","ENSG00000256694.1","ENSG00000204899.6","ENSG00000184979.10"
"ENSG00000183813.7","ENSG00000128805.15","ENSG00000211676.2","ENSG00000141391.14","ENSG00000231638.1"
"ENSG00000281641.3","ENSG00000267432.6","ENSG00000187730.9","ENSG00000106367.15","ENSG00000279670.1"
"ENSG00000175267.15","ENSG00000257642.1","ENSG00000251537.4","ENSG00000142627.13","ENSG00000224041.3"
"ENSG00000181847.12","ENSG00000203985.11","ENSG00000006118.15","ENSG00000280161.1","ENSG00000279608.1"
"ENSG00000169783.13","ENSG00000136542.9","ENSG00000163584.18","ENSG00000233081.1","ENSG00000104951.16"
"ENSG00000226979.9","ENSG00000101342.10","ENSG00000258088.1","ENSG00000188157.15","ENSG00000149257.16"
"ENSG00000266088.6","ENSG00000232021.7","ENSG00000159217.10","ENSG00000235363.1","ENSG00000287126.1"
"ENSG00000121594.12","ENSG00000198915.12","ENSG00000198064.13","ENSG00000008735.14","ENSG00000011332.19"
"ENSG00000236591.1","ENSG00000253293.5","ENSG00000162723.10","ENSG00000137161.17","ENSG00000109943.9"
"ENSG00000171320.15","ENSG00000167642.13","ENSG00000120254.16","ENSG00000198088.10","ENSG00000266718.2"
"ENSG00000164128.7","ENSG00000182010.11","ENSG00000078114.19","ENSG00000273445.1","ENSG00000262668.2"
"ENSG00000198797.7","ENSG00000111206.13","ENSG00000268941.2","ENSG00000186871.7","ENSG00000205837.7"
"ENSG00000259793.1","ENSG00000154917.11","ENSG00000124882.4","ENSG00000267374.2","ENSG00000166707.12"
"ENSG00000243649.9","ENSG00000170381.14","ENSG00000241935.9","ENSG00000130309.11","ENSG00000105255.11"
"ENSG00000182459.5","ENSG00000137270.11","ENSG00000231684.3","ENSG00000198814.13","ENSG00000198400.12"
"ENSG00000137812.20","ENSG00000163218.15","ENSG00000075891.22","ENSG00000185947.15","ENSG00000270165.1"
"ENSG00000117407.17","ENSG00000265688.2","ENSG00000258844.2","ENSG00000188095.6","ENSG00000266289.1"
"ENSG00000170290.4","ENSG00000114279.13","ENSG00000160183.17","ENSG00000261431.1","ENSG00000167178.16"
"ENSG00000274928.6","ENSG00000167157.11","ENSG00000197472.15","ENSG00000214146.3","ENSG00000211716.2"
"ENSG00000275223.1","ENSG00000154102.11","ENSG00000278716.1","ENSG00000161921.17","ENSG00000229425.3"
"ENSG00000242048.3","ENSG00000131037.15","ENSG00000174939.11","ENSG00000130707.18","ENSG00000082684.16"
"ENSG00000117983.17","ENSG00000255303.2","ENSG00000259051.1","ENSG00000125885.13","ENSG00000112761.21"
"ENSG00000263513.5","ENSG00000275465.7","ENSG00000283646.2","ENSG00000272359.1","ENSG00000260589.1"
"ENSG00000285600.1","ENSG00000204657.4","ENSG00000256817.1","ENSG00000112029.10","ENSG00000246130.1"
"ENSG00000202522.1","ENSG00000189143.9","ENSG00000250412.1","ENSG00000145386.11","ENSG00000146216.13"
"ENSG00000161888.11","ENSG00000183196.10","ENSG00000251254.1","ENSG00000115415.20","ENSG00000180113.16"
"ENSG00000092345.14","ENSG00000164611.13","ENSG00000170965.10","ENSG00000198720.13","ENSG00000041982.16"
"ENSG00000111206.13","ENSG00000170312.16","ENSG00000257654.1","ENSG00000257167.2","ENSG00000185155.12"
"ENSG00000263325.1","ENSG00000157470.12","ENSG00000100344.11","ENSG00000177917.11","ENSG00000027869.12"
"ENSG00000197870.12","ENSG00000110660.15","ENSG00000234065.2","ENSG00000127586.17","ENSG00000217555.13"
"ENSG00000199313.1","ENSG00000236671.9","ENSG00000254389.3","ENSG00000167645.17","ENSG00000268499.1"
"ENSG00000133665.13","ENSG00000112559.15","ENSG00000234800.2","ENSG00000115828.17","ENSG00000084731.15"
"ENSG00000102385.12","ENSG00000170442.12","ENSG00000268510.1","ENSG00000091127.14","ENSG00000232712.6"
"ENSG00000184730.11","ENSG00000178999.13","ENSG00000174951.11","ENSG00000034510.6","ENSG00000244720.1"
"ENSG00000268438.1","ENSG00000155066.16","ENSG00000133519.12","ENSG00000184979.10","ENSG00000229393.1"
"ENSG00000101463.6","ENSG00000283283.2","ENSG00000235269.2","ENSG00000145604.17","ENSG00000237989.1"
"ENSG00000175302.5","ENSG00000146670.10","ENSG00000226883.1","ENSG00000272720.1","ENSG00000180061.10"
"ENSG00000264570.1","ENSG00000137807.16","ENSG00000153237.18","ENSG00000100479.13","ENSG00000162849.16"
"ENSG00000213085.10","ENSG00000122870.12","ENSG00000272006.1","ENSG00000172432.19","ENSG00000261039.3"
"ENSG00000167900.12","ENSG00000224081.9","ENSG00000226562.4","ENSG00000278023.7","ENSG00000118473.22"
"ENSG00000188817.8","ENSG00000174672.16","ENSG00000144596.13","ENSG00000104147.9","ENSG00000271503.6"
"ENSG00000231439.4","ENSG00000095777.17","ENSG00000101144.13","ENSG00000141524.17","ENSG00000090530.10"
"ENSG00000069764.10","ENSG00000071539.14","ENSG00000138795.10","ENSG00000266969.1","ENSG00000275793.1"
"ENSG00000207422.1","ENSG00000088726.16","ENSG00000180914.10","ENSG00000166451.13","ENSG00000196460.14"
"ENSG00000262979.1","ENSG00000121152.10","ENSG00000143217.9","ENSG00000114859.16","ENSG00000207741.1"
"ENSG00000156970.13","ENSG00000129521.15","ENSG00000225173.1","ENSG00000076604.15","ENSG00000250274.2"
"ENSG00000260810.1","ENSG00000131435.13","ENSG00000286223.1","ENSG00000150753.12","ENSG00000287670.1"
"ENSG00000182492.16","ENSG00000205054.8","ENSG00000255737.2","ENSG00000168496.4","ENSG00000147059.8"
"ENSG00000250488.2","ENSG00000227885.3","ENSG00000152413.15","ENSG00000012048.23","ENSG00000279347.1"
"ENSG00000232177.1","ENSG00000079689.14","ENSG00000179066.8","ENSG00000087077.14","ENSG00000038427.16"
"ENSG00000286836.1","ENSG00000284948.1","ENSG00000104889.7","ENSG00000125835.19","ENSG00000112195.9"
"ENSG00000101638.14","ENSG00000092853.14","ENSG00000288050.1","ENSG00000250519.7","ENSG00000211660.3"
"ENSG00000150676.13","ENSG00000159713.11","ENSG00000277840.1","ENSG00000078098.14","ENSG00000286276.1"
"ENSG00000103260.9","ENSG00000226496.3","ENSG00000081277.13","ENSG00000185436.12","ENSG00000271134.1"
"ENSG00000199082.1","ENSG00000258647.6","ENSG00000257913.2","ENSG00000184220.12","ENSG00000251493.5"
"ENSG00000275092.1","ENSG00000232237.3","ENSG00000263934.5","ENSG00000130589.16","ENSG00000188403.7"
"ENSG00000223813.3","ENSG00000186765.12","ENSG00000224476.3","ENSG00000235724.10","ENSG00000185070.11"
"ENSG00000227579.6","ENSG00000147697.9","ENSG00000008300.17","ENSG00000128641.19","ENSG00000260661.1"
"ENSG00000268510.1","ENSG00000139572.4","ENSG00000262979.1","ENSG00000226928.1","ENSG00000142156.15"
"ENSG00000177453.7","ENSG00000233198.4","ENSG00000183091.19","ENSG00000113368.12","ENSG00000132854.19"
"ENSG00000076382.17","ENSG00000136944.19","ENSG00000236268.6","ENSG00000174442.12","ENSG00000134871.19"
"ENSG00000075461.6","ENSG00000133216.17","ENSG00000232021.7","ENSG00000176912.5","ENSG00000273272.2"
"ENSG00000107954.10","ENSG00000233101.10","ENSG00000239672.8","ENSG00000146828.18","ENSG00000256553.1"
"ENSG00000260731.1","ENSG00000186451.2","ENSG00000228399.1","ENSG00000179958.10","ENSG00000205809.9"
"ENSG00000154451.14","ENSG00000232803.1","ENSG00000090932.11","ENSG00000117228.10","ENSG00000109072.14"
"ENSG00000131187.10","ENSG00000100162.15","ENSG00000151388.11","ENSG00000183765.23","ENSG00000243433.1"
"ENSG00000152086.9","ENSG00000226363.3","ENSG00000175894.18","ENSG00000120334.15","ENSG00000272211.1"
"ENSG00000174871.11","ENSG00000164393.8","ENSG00000225506.2","ENSG00000131944.10","ENSG00000128656.15"
"ENSG00000256663.1","ENSG00000243449.6","ENSG00000173391.9","ENSG00000134222.16","ENSG00000205922.5"
"ENSG00000186493.13","ENSG00000286728.1","ENSG00000272945.1","ENSG00000110092.4","ENSG00000270011.7"
"ENSG00000213047.13","ENSG00000139044.12","ENSG00000180210.15","ENSG00000156587.16","ENSG00000187912.12"
"ENSG00000225449.3","ENSG00000113722.17","ENSG00000111110.12","ENSG00000160949.17","ENSG00000256083.1"
"ENSG00000259087.5","ENSG00000015413.9","ENSG00000261222.3","ENSG00000160326.14","ENSG00000196787.3"
"ENSG00000149403.13","ENSG00000157193.18","ENSG00000071539.14","ENSG00000153551.14","ENSG00000231453.1"
"ENSG00000109805.10","ENSG00000145536.15","ENSG00000225475.1","ENSG00000154429.11","ENSG00000183287.14"
"ENSG00000205847.6","ENSG00000179546.4","ENSG00000092758.18","ENSG00000126368.6","ENSG00000115318.12"
"ENSG00000160606.11","ENSG00000228412.9","ENSG00000224728.1","ENSG00000127561.15","ENSG00000105967.16"
"ENSG00000230417.12","ENSG00000160471.13","ENSG00000253173.3","ENSG00000279495.1","ENSG00000101916.12"
"ENSG00000279281.1","ENSG00000185499.16","ENSG00000172164.15","ENSG00000168005.9","ENSG00000165891.16"
"ENSG00000235529.1","ENSG00000189057.11","ENSG00000254413.8","ENSG00000169692.13","ENSG00000164465.19"
"ENSG00000124334.17","ENSG00000261801.6","ENSG00000167968.13","ENSG00000070718.12","ENSG00000049768.16"
"ENSG00000175264.8","ENSG00000137269.15","ENSG00000137571.11","ENSG00000275894.1","ENSG00000211727.3"
"ENSG00000129744.3","ENSG00000065328.17","ENSG00000262188.2","ENSG00000204410.16","ENSG00000279369.1"
"ENSG00000100625.9","ENSG00000162073.14","ENSG00000258815.1","ENSG00000111581.10","ENSG00000154898.15"
"ENSG00000256037.1","ENSG00000069812.11","ENSG00000276644.5","ENSG00000156802.13","ENSG00000279989.1"
"ENSG00000254271.1","ENSG00000139970.17","ENSG00000171617.14","ENSG00000031691.7","ENSG00000287202.1"
"ENSG00000175336.10","ENSG00000085840.13","ENSG00000158806.14","ENSG00000198937.9","ENSG00000177272.9"
"ENSG00000128438.10","ENSG00000267530.3","ENSG00000234156.3","ENSG00000233429.9","ENSG00000241351.3"
"ENSG00000137261.14","ENSG00000246640.1","ENSG00000287331.1","ENSG00000175792.12","ENSG00000162745.10"
"ENSG00000115163.15","ENSG00000119946.11","ENSG00000197168.13","","ENSG00000288534.1"
"ENSG00000132031.13","ENSG00000234928.1","ENSG00000285517.1","","ENSG00000161405.17"
"ENSG00000101447.15","ENSG00000139364.10","ENSG00000181781.9","","ENSG00000255987.1"
"ENSG00000134830.6","ENSG00000105011.9","ENSG00000151790.9","","ENSG00000142552.8"
"ENSG00000183044.12","ENSG00000101489.20","ENSG00000123201.14","","ENSG00000139329.5"
"ENSG00000224559.2","ENSG00000162069.16","ENSG00000283877.1","","ENSG00000066294.15"
"ENSG00000267795.6","ENSG00000204175.5","ENSG00000136997.21","","ENSG00000122861.16"
"ENSG00000143412.10","ENSG00000172379.21","ENSG00000186377.8","","ENSG00000255262.3"
"ENSG00000134690.11","ENSG00000162004.18","ENSG00000229782.1","","ENSG00000184838.15"
"ENSG00000137976.7","ENSG00000259129.6","ENSG00000188763.5","","ENSG00000266235.1"
"ENSG00000267943.1","ENSG00000152377.14","ENSG00000099625.13","","ENSG00000150630.4"
"ENSG00000197599.12","ENSG00000249992.2","ENSG00000239559.2","","ENSG00000279400.1"
"ENSG00000133454.16","ENSG00000117152.14","ENSG00000080007.8","","ENSG00000211799.3"
"ENSG00000271013.1","ENSG00000169862.19","ENSG00000184368.16","","ENSG00000228668.1"
"ENSG00000232536.1","ENSG00000184661.14","ENSG00000270933.1","","ENSG00000141756.19"
"ENSG00000181215.15","ENSG00000268510.1","ENSG00000268324.2","","ENSG00000245148.2"
"ENSG00000234261.4","ENSG00000188112.9","ENSG00000224635.2","","ENSG00000162493.16"
"ENSG00000213057.5","ENSG00000237649.8","ENSG00000287335.1","","ENSG00000270130.1"
"ENSG00000155367.15","ENSG00000148346.12","ENSG00000273821.1","","ENSG00000256037.1"
"ENSG00000117399.14","ENSG00000127564.17","ENSG00000261587.2","","ENSG00000260139.6"
"ENSG00000186871.7","ENSG00000285210.1","ENSG00000148346.12","","ENSG00000128045.7"
"ENSG00000211793.2","ENSG00000128408.9","ENSG00000263325.1","","ENSG00000173200.13"
"ENSG00000162073.14","ENSG00000279561.2","ENSG00000109511.12","","ENSG00000151917.18"
"ENSG00000162078.11","ENSG00000198353.8","ENSG00000179148.10","","ENSG00000161791.14"
"ENSG00000164756.12","ENSG00000152253.9","ENSG00000125872.8","","ENSG00000254338.1"
"ENSG00000240535.8","ENSG00000137843.12","ENSG00000235669.1","","ENSG00000170858.10"
"ENSG00000154478.4","ENSG00000197385.6","ENSG00000086717.18","","ENSG00000267046.1"
"ENSG00000075218.19","ENSG00000162738.6","ENSG00000120055.7","","ENSG00000232021.7"
"ENSG00000172379.21","ENSG00000143320.9","ENSG00000230779.1","","ENSG00000280107.1"
"ENSG00000142945.13","ENSG00000078295.17","ENSG00000265148.6","","ENSG00000183971.10"
"ENSG00000171241.9","ENSG00000225329.3","ENSG00000183960.9","","ENSG00000213949.10"
"ENSG00000232815.1","ENSG00000232386.9","ENSG00000235947.1","","ENSG00000118946.12"
"ENSG00000242136.1","ENSG00000103034.14","ENSG00000196155.13","","ENSG00000137265.15"
"ENSG00000276434.1","ENSG00000092969.12","ENSG00000253405.1","","ENSG00000223511.7"
"ENSG00000254973.2","ENSG00000121743.4","ENSG00000175065.12","","ENSG00000235531.11"
"ENSG00000261124.1","ENSG00000116132.12","ENSG00000246339.6","","ENSG00000211721.2"
"ENSG00000214894.6","ENSG00000135451.13","ENSG00000253307.1","","ENSG00000213809.9"
"ENSG00000228544.1","ENSG00000154342.6","ENSG00000237988.5","","ENSG00000121716.20"
"ENSG00000161270.20","ENSG00000094804.12","ENSG00000131019.11","","ENSG00000248540.3"
"ENSG00000224577.3","ENSG00000005001.10","ENSG00000179031.8","","ENSG00000134986.14"
"ENSG00000262362.1","ENSG00000112984.12","ENSG00000126709.15","","ENSG00000171864.5"
"ENSG00000164893.9","ENSG00000262188.2","ENSG00000262585.1","","ENSG00000111331.13"
"ENSG00000227392.2","ENSG00000101443.18","ENSG00000228278.5","","ENSG00000275791.1"
"ENSG00000288534.1","ENSG00000229167.2","ENSG00000260577.2","","ENSG00000269720.2"
"ENSG00000213471.10","ENSG00000271788.1","ENSG00000143882.12","","ENSG00000082126.18"
"ENSG00000231381.2","ENSG00000166257.9","ENSG00000144485.11","","ENSG00000123485.12"
"ENSG00000104951.16","ENSG00000136155.17","ENSG00000282024.1","","ENSG00000211778.2"
"ENSG00000224520.2","ENSG00000154127.10","ENSG00000113946.4","","ENSG00000270903.1"
"ENSG00000262703.1","ENSG00000260420.3","ENSG00000214353.8","","ENSG00000129007.14"
"ENSG00000176532.4","ENSG00000146410.12","ENSG00000236481.1","","ENSG00000179935.10"
"ENSG00000101222.12","ENSG00000170837.3","ENSG00000236751.2","","ENSG00000198930.13"
"ENSG00000150782.12","ENSG00000136193.17","ENSG00000141391.14","","ENSG00000153495.11"
"ENSG00000170959.14","ENSG00000159263.16","ENSG00000261236.8","","ENSG00000076641.4"
"ENSG00000272205.1","ENSG00000201684.1","ENSG00000104369.5","","ENSG00000115163.15"
"ENSG00000276819.1","ENSG00000198216.12","ENSG00000169248.13","","ENSG00000231407.6"
"ENSG00000087586.18","ENSG00000188766.12","ENSG00000099954.18","","ENSG00000132704.16"
"ENSG00000183248.12","ENSG00000276966.2","ENSG00000236499.2","","ENSG00000211597.2"
"ENSG00000168542.16","ENSG00000114346.14","ENSG00000092607.15","","ENSG00000177359.20"
"ENSG00000267013.6","ENSG00000245694.10","ENSG00000086159.13","","ENSG00000230010.2"
"ENSG00000251191.8","ENSG00000115008.6","ENSG00000135747.11","","ENSG00000233818.1"
"ENSG00000107485.18","ENSG00000134690.11","ENSG00000224945.1","","ENSG00000259712.1"
"ENSG00000280027.1","ENSG00000186603.6","ENSG00000249395.4","","ENSG00000103313.13"
"ENSG00000135248.15","ENSG00000285043.2","ENSG00000284625.1","","ENSG00000137628.17"
"ENSG00000259495.3","ENSG00000275713.2","ENSG00000101194.18","","ENSG00000168685.15"
"ENSG00000237512.6","ENSG00000232560.7","ENSG00000253428.1","","ENSG00000284194.3"
"ENSG00000180549.8","ENSG00000183742.13","ENSG00000141527.18","","ENSG00000224875.2"
"ENSG00000188263.10","ENSG00000181751.10","ENSG00000130829.18","","ENSG00000152207.7"
"ENSG00000165480.16","ENSG00000185101.13","ENSG00000093134.15","","ENSG00000176678.6"
"ENSG00000185352.8","ENSG00000236780.7","ENSG00000133488.15","","ENSG00000287727.1"
"ENSG00000094804.12","ENSG00000144407.9","ENSG00000160957.14","","ENSG00000128340.15"
"ENSG00000279623.1","ENSG00000112742.10","ENSG00000286362.1","","ENSG00000277290.1"
"ENSG00000261488.1","ENSG00000115339.14","ENSG00000182472.9","","ENSG00000169071.15"
"ENSG00000255815.3","ENSG00000146038.12","ENSG00000183638.6","","ENSG00000110427.17"
"ENSG00000008735.14","ENSG00000100739.11","ENSG00000239443.1","","ENSG00000162641.20"
"ENSG00000180044.5","ENSG00000229953.1","ENSG00000163794.6","","ENSG00000186810.8"
"ENSG00000269720.2","ENSG00000168032.10","ENSG00000115657.14","","ENSG00000267648.1"
"ENSG00000176058.13","ENSG00000273802.2","ENSG00000117877.11","","ENSG00000223060.1"
"ENSG00000188822.8","ENSG00000064195.7","ENSG00000223485.4","","ENSG00000170122.5"
"ENSG00000276180.1","ENSG00000235026.6","ENSG00000158113.13","","ENSG00000175040.6"
"ENSG00000070985.13","ENSG00000214491.8","ENSG00000170324.21","","ENSG00000287030.1"
"ENSG00000261257.1","ENSG00000158106.14","ENSG00000122778.10","","ENSG00000275560.1"
"ENSG00000101057.16","ENSG00000165188.13","ENSG00000186526.13","","ENSG00000273002.1"
"ENSG00000228133.3","ENSG00000038427.16","ENSG00000242616.4","","ENSG00000145107.16"
"ENSG00000101213.7","ENSG00000132639.13","ENSG00000255398.3","","ENSG00000277883.1"
"ENSG00000273920.1","ENSG00000060140.9","ENSG00000234997.2","","ENSG00000288611.1"
"ENSG00000197903.8","ENSG00000178882.15","ENSG00000151650.8","","ENSG00000237015.1"
"ENSG00000235721.1","ENSG00000215045.8","ENSG00000255507.6","","ENSG00000257298.1"
"ENSG00000111665.12","ENSG00000115112.8","ENSG00000088826.18","","ENSG00000131650.14"
"ENSG00000230115.1","ENSG00000253616.5","ENSG00000163013.12","","ENSG00000197046.12"
"ENSG00000099769.6","ENSG00000101412.13","ENSG00000086506.3","","ENSG00000138646.9"
"ENSG00000285952.1","ENSG00000242866.10","ENSG00000182489.9","","ENSG00000225101.6"
"ENSG00000164611.13","ENSG00000128591.16","ENSG00000186160.5","","ENSG00000178217.14"
"ENSG00000112796.10","ENSG00000104783.14","ENSG00000175920.18","","ENSG00000229647.2"
"ENSG00000135114.12","ENSG00000113758.13","ENSG00000228127.3","","ENSG00000161133.16"
"ENSG00000106819.13","ENSG00000234425.1","ENSG00000163993.7","","ENSG00000274752.1"
"ENSG00000163220.11","ENSG00000272808.4","ENSG00000158055.16","","ENSG00000211734.3"
"ENSG00000287224.1","ENSG00000168334.9","ENSG00000161249.21","","ENSG00000184492.6"
"ENSG00000260009.1","ENSG00000105173.14","ENSG00000125508.3","","ENSG00000234147.1"
"ENSG00000146670.10","ENSG00000140534.14","ENSG00000049089.15","","ENSG00000125245.13"
"ENSG00000092853.14","ENSG00000163191.6","ENSG00000278709.2","","ENSG00000096996.16"
"ENSG00000223519.8","ENSG00000143816.8","ENSG00000179058.7","","ENSG00000211797.2"
"ENSG00000200879.1","ENSG00000228033.6","ENSG00000215417.13","","ENSG00000221184.1"
"ENSG00000124302.13","ENSG00000285155.1","ENSG00000266289.1","","ENSG00000254585.5"
"ENSG00000162892.16","ENSG00000230453.9","ENSG00000228526.7","","ENSG00000253476.1"
"ENSG00000084444.14","ENSG00000229950.1","ENSG00000180730.5","","ENSG00000140937.14"
"ENSG00000178999.13","ENSG00000267711.1","ENSG00000186832.9","","ENSG00000225756.1"
"ENSG00000234949.2","ENSG00000236699.9","ENSG00000081041.9","","ENSG00000254756.1"
"ENSG00000196366.3","ENSG00000223855.2","ENSG00000156096.14","","ENSG00000078081.8"
"ENSG00000265206.5","ENSG00000203780.12","ENSG00000236212.2","","ENSG00000038295.8"
"ENSG00000185760.17","ENSG00000130822.16","ENSG00000235888.3","","ENSG00000136490.9"
"ENSG00000157388.19","ENSG00000081800.9","ENSG00000151364.17","","ENSG00000181381.14"
"ENSG00000213186.8","ENSG00000077152.11","ENSG00000135245.10","","ENSG00000211724.3"
"ENSG00000122952.17","ENSG00000070808.16","ENSG00000088899.15","","ENSG00000235138.1"
"ENSG00000075702.18","ENSG00000235023.1","ENSG00000090382.7","","ENSG00000232656.8"
"ENSG00000245750.10","ENSG00000197415.12","ENSG00000158555.15","","ENSG00000158714.11"
"ENSG00000233203.6","ENSG00000226562.4","ENSG00000089558.9","","ENSG00000275385.2"
"ENSG00000196787.3","ENSG00000157064.11","ENSG00000271156.1","","ENSG00000204516.10"
"ENSG00000196092.14","ENSG00000102174.9","ENSG00000234753.5","","ENSG00000171502.15"
"ENSG00000169174.11","ENSG00000214691.9","ENSG00000133067.17","","ENSG00000136573.14"
"ENSG00000189334.9","ENSG00000134827.8","ENSG00000183239.5","","ENSG00000256967.1"
"ENSG00000178803.12","ENSG00000184160.8","ENSG00000239467.6","","ENSG00000261997.1"
"ENSG00000158488.16","ENSG00000249856.1","ENSG00000184428.13","","ENSG00000164483.17"
"ENSG00000206113.11","ENSG00000235269.2","ENSG00000141682.12","","ENSG00000229961.3"
"ENSG00000256196.2","ENSG00000163040.15","ENSG00000238062.6","","ENSG00000156103.16"
"ENSG00000156509.14","ENSG00000113739.10","ENSG00000164220.7","","ENSG00000122687.19"
"ENSG00000164692.18","ENSG00000282988.2","ENSG00000232721.2","","ENSG00000170961.7"
"ENSG00000264425.1","ENSG00000145386.11","ENSG00000250302.3","","ENSG00000152495.11"
"ENSG00000249896.2","ENSG00000137460.9","ENSG00000273374.1","","ENSG00000136514.3"
"ENSG00000140798.16","ENSG00000184156.17","ENSG00000159337.7","","ENSG00000163909.8"
"ENSG00000261804.2","ENSG00000166578.10","ENSG00000127423.11","","ENSG00000197847.12"
"ENSG00000179603.18","ENSG00000138119.17","ENSG00000158352.16","","ENSG00000140968.11"
"ENSG00000261210.8","ENSG00000180914.10","ENSG00000160401.15","","ENSG00000049323.16"
"ENSG00000238141.2","ENSG00000268655.2","ENSG00000272235.1","","ENSG00000228915.3"
"ENSG00000167034.10","ENSG00000166920.13","ENSG00000104044.16","","ENSG00000286940.1"
"ENSG00000267311.1","ENSG00000260230.5","ENSG00000270781.1","","ENSG00000179406.8"
"ENSG00000203697.12","ENSG00000116983.13","ENSG00000250237.1","","ENSG00000261008.7"
"ENSG00000182379.10","ENSG00000167183.3","ENSG00000160862.13","","ENSG00000137474.22"
"ENSG00000259278.2","ENSG00000255624.3","ENSG00000255443.1","","ENSG00000177455.15"
"ENSG00000159239.13","ENSG00000167608.12","ENSG00000267892.1","","ENSG00000180644.8"
"ENSG00000100162.15","ENSG00000049089.15","ENSG00000267530.3","","ENSG00000279926.1"
"ENSG00000156006.5","ENSG00000135324.6","ENSG00000185090.14","","ENSG00000011590.14"
"ENSG00000070808.16","ENSG00000041982.16","ENSG00000248795.1","","ENSG00000273343.1"
"ENSG00000126353.3","ENSG00000123473.16","ENSG00000120659.15","","ENSG00000226979.9"
"ENSG00000107731.12","ENSG00000204580.13","ENSG00000234546.4","","ENSG00000165521.15"
"ENSG00000138795.10","ENSG00000068489.13","ENSG00000164764.11","","ENSG00000167100.15"
"ENSG00000134668.12","ENSG00000172139.15","ENSG00000197275.14","","ENSG00000080573.7"
"ENSG00000132026.14","ENSG00000170577.8","ENSG00000267123.7","","ENSG00000146006.8"
"ENSG00000204709.4","ENSG00000281091.3","ENSG00000224903.2","","ENSG00000256633.1"
"ENSG00000051341.14","ENSG00000285933.1","ENSG00000131650.14","","ENSG00000065308.5"
"ENSG00000232434.2","ENSG00000275484.1","ENSG00000124875.10","","ENSG00000153707.17"
"ENSG00000143369.15","ENSG00000264772.6","ENSG00000206075.14","","ENSG00000254503.1"
"ENSG00000232615.4","ENSG00000184368.16","ENSG00000102878.17","","ENSG00000279331.1"
"ENSG00000234345.2","ENSG00000256663.1","ENSG00000236095.1","","ENSG00000211592.8"
"ENSG00000278987.1","ENSG00000281398.4","ENSG00000259305.6","","ENSG00000211795.3"
"ENSG00000197774.13","ENSG00000231359.3","ENSG00000089327.15","","ENSG00000211810.3"
"ENSG00000204434.6","ENSG00000250986.1","ENSG00000213315.5","","ENSG00000231870.4"
"ENSG00000135074.16","ENSG00000287778.1","ENSG00000089723.10","","ENSG00000164362.21"
"ENSG00000123388.4","ENSG00000224376.1","ENSG00000140519.14","","ENSG00000183918.17"
"ENSG00000233030.2","ENSG00000186193.9","ENSG00000236305.1","","ENSG00000087586.18"
"ENSG00000035499.13","ENSG00000138798.13","ENSG00000251087.3","","ENSG00000183486.13"
"ENSG00000136918.8","ENSG00000232527.8","ENSG00000215866.8","","ENSG00000115232.14"
"ENSG00000117152.14","ENSG00000185519.9","ENSG00000167771.6","","ENSG00000188933.16"
"ENSG00000135476.12","ENSG00000164400.6","ENSG00000279786.1","","ENSG00000144488.15"
"ENSG00000160957.14","ENSG00000150873.12","ENSG00000187013.4","","ENSG00000233355.7"
"ENSG00000223823.1","ENSG00000051341.14","ENSG00000186193.9","","ENSG00000088827.12"
"ENSG00000204110.6","ENSG00000196260.5","ENSG00000204876.4","","ENSG00000249502.3"
"ENSG00000135750.15","ENSG00000265912.1","ENSG00000233155.1","","ENSG00000272235.1"
"ENSG00000229780.1","ENSG00000133640.20","ENSG00000259225.7","","ENSG00000189430.13"
"ENSG00000173110.8","ENSG00000135749.19","ENSG00000114631.11","","ENSG00000126353.3"
"ENSG00000142102.16","ENSG00000138778.13","ENSG00000106178.7","","ENSG00000230524.8"
"ENSG00000129514.8","ENSG00000119514.7","ENSG00000141505.12","","ENSG00000091136.15"
"ENSG00000167371.21","ENSG00000273162.1","ENSG00000286805.1","","ENSG00000138316.11"
"ENSG00000138160.7","ENSG00000236751.2","ENSG00000011426.11","","ENSG00000287692.1"
"ENSG00000198125.13","ENSG00000260027.5","ENSG00000244310.2","","ENSG00000182183.15"
"ENSG00000286989.1","ENSG00000233818.1","ENSG00000235736.1","","ENSG00000258018.2"
"ENSG00000211454.15","ENSG00000251320.1","ENSG00000287114.1","","ENSG00000266302.6"
"ENSG00000273812.3","ENSG00000134028.14","ENSG00000251307.1","","ENSG00000227953.7"
"ENSG00000136928.7","ENSG00000138772.13","ENSG00000233680.4","","ENSG00000205436.7"
"ENSG00000287750.1","ENSG00000135638.14","ENSG00000196460.14","","ENSG00000101307.16"
"ENSG00000227953.7","ENSG00000257219.6","ENSG00000006704.11","","ENSG00000204149.13"
"ENSG00000233626.2","ENSG00000171848.16","ENSG00000279225.1","","ENSG00000136167.15"
"ENSG00000064489.23","ENSG00000138131.4","ENSG00000265574.1","","ENSG00000255624.3"
"ENSG00000285570.1","ENSG00000180316.12","ENSG00000182580.3","","ENSG00000287263.1"
"ENSG00000117122.14","ENSG00000112852.7","ENSG00000283656.1","","ENSG00000211647.1"
"ENSG00000136457.10","ENSG00000086991.13","ENSG00000196756.13","","ENSG00000232729.8"
"ENSG00000102575.13","ENSG00000172927.8","ENSG00000268833.1","","ENSG00000267201.1"
"ENSG00000165816.13","ENSG00000154760.14","ENSG00000100228.12","","ENSG00000213928.9"
"ENSG00000276058.1","ENSG00000121075.11","ENSG00000230461.9","","ENSG00000228060.3"
"ENSG00000284948.1","ENSG00000272398.6","ENSG00000238279.1","","ENSG00000269155.2"
"ENSG00000164403.15","ENSG00000156510.13","ENSG00000186231.17","","ENSG00000271580.1"
"ENSG00000229754.1","ENSG00000116299.17","ENSG00000118707.11","","ENSG00000135318.12"
"ENSG00000265369.3","ENSG00000135625.8","ENSG00000071909.19","","ENSG00000204410.16"
"ENSG00000260430.2","ENSG00000164176.13","ENSG00000268204.1","","ENSG00000275437.1"
"ENSG00000160472.5","ENSG00000259337.4","ENSG00000224550.1","","ENSG00000120436.4"
"ENSG00000156738.18","ENSG00000010310.9","ENSG00000101224.17","","ENSG00000254415.3"
"ENSG00000233822.4","ENSG00000132749.11","ENSG00000259649.4","","ENSG00000232334.1"
"ENSG00000250221.1","ENSG00000142235.12","ENSG00000204950.4","","ENSG00000241360.2"
"ENSG00000266922.1","ENSG00000176092.16","ENSG00000011332.19","","ENSG00000134545.14"
"ENSG00000143195.13","ENSG00000179846.10","ENSG00000158023.10","","ENSG00000104899.8"
"ENSG00000280721.1","ENSG00000156076.10","ENSG00000179698.14","","ENSG00000176177.10"
"ENSG00000185290.4","ENSG00000026508.20","ENSG00000258429.2","","ENSG00000266313.2"
"ENSG00000138778.13","ENSG00000182580.3","ENSG00000125538.12","","ENSG00000258673.1"
"ENSG00000232021.7","ENSG00000278530.4","ENSG00000163888.4","","ENSG00000160883.11"
"ENSG00000079462.8","ENSG00000100526.20","ENSG00000158815.11","","ENSG00000136531.18"
"ENSG00000180573.9","ENSG00000198643.7","ENSG00000177410.13","","ENSG00000234515.1"
"ENSG00000263718.2","ENSG00000100218.12","ENSG00000196950.14","","ENSG00000240498.9"
"ENSG00000130045.16","ENSG00000183760.11","ENSG00000274356.1","","ENSG00000218336.9"
"ENSG00000188603.22","ENSG00000144119.4","ENSG00000110881.12","","ENSG00000279500.1"
"ENSG00000236908.2","ENSG00000275395.6","ENSG00000248641.1","","ENSG00000280063.1"
"ENSG00000184774.10","ENSG00000117122.14","ENSG00000121716.20","","ENSG00000138944.8"
"ENSG00000237053.1","ENSG00000134873.10","ENSG00000064651.14","","ENSG00000230481.2"
"ENSG00000214100.8","ENSG00000102007.11","ENSG00000104415.14","","ENSG00000233892.1"
"ENSG00000234996.4","ENSG00000243566.7","ENSG00000213867.4","","ENSG00000179253.3"
"ENSG00000141424.13","ENSG00000205795.4","ENSG00000235350.1","","ENSG00000251301.7"
"ENSG00000253161.5","ENSG00000215478.8","ENSG00000213613.2","","ENSG00000133107.15"
"ENSG00000237686.7","ENSG00000230131.6","ENSG00000287156.1","","ENSG00000133216.17"
"ENSG00000101276.18","ENSG00000171847.11","ENSG00000283162.1","","ENSG00000182574.8"
"ENSG00000222032.1","ENSG00000259867.6","ENSG00000199753.1","","ENSG00000177294.7"
"ENSG00000285650.1","ENSG00000213085.10","ENSG00000228168.1","","ENSG00000286563.1"
"ENSG00000273821.1","ENSG00000128578.10","ENSG00000104356.11","","ENSG00000205238.9"
"ENSG00000211896.7","ENSG00000105409.19","ENSG00000163467.12","","ENSG00000279649.1"
"ENSG00000197977.4","ENSG00000227014.6","ENSG00000275485.1","","ENSG00000174680.10"
"ENSG00000085999.13","ENSG00000277373.1","ENSG00000248538.8","","ENSG00000115267.8"
"ENSG00000169962.5","ENSG00000133863.9","ENSG00000042781.14","","ENSG00000135426.16"
"ENSG00000175305.17","ENSG00000174599.5","ENSG00000136982.6","","ENSG00000287023.1"
"ENSG00000255833.2","ENSG00000286447.1","ENSG00000233966.1","","ENSG00000028277.21"
"ENSG00000171502.15","ENSG00000145040.4","ENSG00000128578.10","","ENSG00000178175.12"
"ENSG00000167702.13","ENSG00000196611.5","ENSG00000256061.7","","ENSG00000153404.14"
"ENSG00000104953.20","ENSG00000002079.14","ENSG00000125398.8","","ENSG00000259807.2"
"ENSG00000168461.13","ENSG00000188761.13","ENSG00000101057.16","","ENSG00000188501.11"
"ENSG00000141294.10","ENSG00000117322.18","ENSG00000184564.11","","ENSG00000100314.4"
"ENSG00000152315.5","ENSG00000248409.2","ENSG00000215030.5","","ENSG00000178562.18"
"ENSG00000117472.10","ENSG00000105427.10","ENSG00000283267.1","","ENSG00000225614.4"
"ENSG00000117586.11","ENSG00000091651.9","ENSG00000086991.13","","ENSG00000203747.12"
"ENSG00000253130.2","ENSG00000023171.18","ENSG00000275191.1","","ENSG00000261787.2"
"ENSG00000259354.5","ENSG00000122861.16","ENSG00000109084.14","","ENSG00000257270.1"
"ENSG00000203985.11","ENSG00000272473.1","ENSG00000189377.9","","ENSG00000273983.1"
"ENSG00000187730.9","ENSG00000183873.18","ENSG00000139055.7","","ENSG00000127241.18"
"ENSG00000224271.7","ENSG00000248265.2","ENSG00000179041.4","","ENSG00000106624.11"
"ENSG00000143512.13","ENSG00000129673.10","ENSG00000146858.8","","ENSG00000136295.15"
"ENSG00000265702.2","ENSG00000127585.12","ENSG00000104524.14","","ENSG00000042062.13"
"ENSG00000164283.13","ENSG00000146049.2","ENSG00000183010.17","","ENSG00000254838.5"
"ENSG00000198003.12","ENSG00000198648.11","ENSG00000286984.1","","ENSG00000120498.14"
"ENSG00000215784.6","ENSG00000198753.12","ENSG00000205702.11","","ENSG00000106397.12"
"ENSG00000262874.2","ENSG00000185133.14","ENSG00000182324.7","","ENSG00000197565.16"
"ENSG00000286859.1","ENSG00000286546.1","ENSG00000183579.16","","ENSG00000159753.14"
"ENSG00000220378.3","ENSG00000181577.16","ENSG00000102287.19","","ENSG00000265182.1"
"ENSG00000285637.2","ENSG00000137273.6","ENSG00000287712.1","","ENSG00000287735.1"
"ENSG00000078098.14","ENSG00000096433.11","ENSG00000161133.16","","ENSG00000156509.14"
"ENSG00000171560.16","ENSG00000228127.3","ENSG00000242078.1","","ENSG00000177839.7"
"ENSG00000159753.14","ENSG00000232977.7","ENSG00000162073.14","","ENSG00000221968.9"
"ENSG00000204262.14","ENSG00000182240.16","ENSG00000241547.1","","ENSG00000240505.9"
"ENSG00000173702.7","ENSG00000158014.15","ENSG00000124766.7","","ENSG00000278811.4"
"ENSG00000015413.9","ENSG00000167972.14","ENSG00000273069.1","","ENSG00000261241.7"
"ENSG00000248399.1","ENSG00000108576.10","ENSG00000103021.9","","ENSG00000167619.13"
"ENSG00000257758.1","ENSG00000133134.12","ENSG00000230191.1","","ENSG00000188610.12"
"ENSG00000100526.20","ENSG00000111732.11","ENSG00000287831.1","","ENSG00000243290.3"
"ENSG00000173890.17","ENSG00000128266.9","ENSG00000136383.7","","ENSG00000196584.3"
"ENSG00000198723.11","ENSG00000051180.17","ENSG00000104312.8","","ENSG00000267197.1"
"ENSG00000286159.1","ENSG00000102003.11","ENSG00000259306.2","","ENSG00000184524.6"
"ENSG00000213771.3","ENSG00000159217.10","ENSG00000213889.10","","ENSG00000149557.14"
"ENSG00000233198.4","ENSG00000116147.17","ENSG00000087510.7","","ENSG00000135074.16"
"ENSG00000261136.1","ENSG00000197847.12","ENSG00000271811.1","","ENSG00000227507.3"
"ENSG00000160345.13","ENSG00000101198.15","ENSG00000128564.7","","ENSG00000165168.8"
"ENSG00000128165.9","ENSG00000129990.15","ENSG00000185885.16","","ENSG00000143476.18"
"ENSG00000137819.14","ENSG00000128487.17","ENSG00000227992.1","","ENSG00000277218.1"
"ENSG00000113368.12","ENSG00000196584.3","ENSG00000156427.8","","ENSG00000136114.17"
"ENSG00000261324.2","ENSG00000171517.6","ENSG00000231369.1","","ENSG00000117560.8"
"ENSG00000226942.2","ENSG00000173557.15","ENSG00000276023.5","","ENSG00000137135.18"
"ENSG00000235124.1","ENSG00000260403.1","ENSG00000197961.12","","ENSG00000107742.13"
"ENSG00000164919.11","ENSG00000133958.13","ENSG00000262406.3","","ENSG00000140105.18"
"ENSG00000144485.11","ENSG00000273079.6","ENSG00000197905.10","","ENSG00000211745.3"
"ENSG00000196405.13","ENSG00000286805.1","ENSG00000215148.11","","ENSG00000250548.7"
"ENSG00000217442.4","ENSG00000101311.16","ENSG00000287481.1","","ENSG00000198857.3"
"ENSG00000182759.4","ENSG00000264425.1","ENSG00000147689.16","","ENSG00000286828.1"
"ENSG00000254231.3","ENSG00000175318.12","ENSG00000100036.13","","ENSG00000078589.13"
"ENSG00000103490.14","ENSG00000142149.9","ENSG00000267213.4","","ENSG00000243368.2"
"ENSG00000269516.6","ENSG00000164379.7","ENSG00000131620.17","","ENSG00000272183.1"
"ENSG00000250740.1","ENSG00000162174.12","ENSG00000175602.4","","ENSG00000285728.2"
"ENSG00000272183.1","ENSG00000176040.13","ENSG00000166123.14","","ENSG00000091879.14"
"ENSG00000008300.17","ENSG00000141526.17","ENSG00000174672.16","","ENSG00000154016.14"
"ENSG00000240498.9","ENSG00000158220.14","ENSG00000160932.11","","ENSG00000226706.1"
"ENSG00000115648.14","ENSG00000287171.1","ENSG00000131044.17","","ENSG00000272476.1"
"ENSG00000149243.16","ENSG00000198794.12","ENSG00000186907.8","","ENSG00000103569.10"
"ENSG00000270605.1","ENSG00000277324.1","ENSG00000250526.1","","ENSG00000172167.8"
"ENSG00000176510.5","ENSG00000151572.18","ENSG00000187024.15","","ENSG00000211776.2"
"ENSG00000197837.3","ENSG00000181378.14","ENSG00000168243.11","","ENSG00000285018.1"
"ENSG00000243910.8","ENSG00000130413.15","ENSG00000277287.1","","ENSG00000250081.1"
"ENSG00000138944.8","ENSG00000083307.12","ENSG00000276272.1","","ENSG00000101115.13"
"ENSG00000250644.3","ENSG00000073067.14","ENSG00000133985.3","","ENSG00000267554.1"
"ENSG00000184661.14","ENSG00000189001.11","ENSG00000160345.13","","ENSG00000074590.13"
"ENSG00000260219.2","ENSG00000011638.11","ENSG00000182240.16","","ENSG00000163534.15"
"ENSG00000170745.12","ENSG00000141391.14","ENSG00000165480.16","","ENSG00000287543.1"
"ENSG00000149927.18","ENSG00000165238.16","ENSG00000261798.1","","ENSG00000153233.13"
"ENSG00000163888.4","ENSG00000117394.24","ENSG00000164542.13","","ENSG00000245164.8"
"ENSG00000169344.15","ENSG00000253348.1","ENSG00000197191.6","","ENSG00000225963.8"
"ENSG00000147234.10","ENSG00000259225.7","ENSG00000285684.1","","ENSG00000281183.1"
"ENSG00000254854.1","ENSG00000204381.12","ENSG00000163191.6","","ENSG00000258559.2"
"ENSG00000138435.16","ENSG00000263325.1","ENSG00000126249.8","","ENSG00000286677.1"
"ENSG00000128285.4","ENSG00000228109.1","ENSG00000248673.2","","ENSG00000151006.7"
"ENSG00000123975.5","ENSG00000173621.9","ENSG00000134317.18","","ENSG00000165949.12"
"ENSG00000137573.14","ENSG00000149328.15","ENSG00000138772.13","","ENSG00000070915.10"
"ENSG00000161328.11","ENSG00000111344.11","ENSG00000236809.2","","ENSG00000260853.2"
"ENSG00000261456.6","ENSG00000279748.1","ENSG00000125378.16","","ENSG00000170955.10"
"ENSG00000134057.15","ENSG00000173267.14","ENSG00000287051.1","","ENSG00000186891.14"
"ENSG00000279653.1","ENSG00000181634.8","ENSG00000130475.14","","ENSG00000171310.11"
"ENSG00000198807.13","ENSG00000051128.19","ENSG00000246898.1","","ENSG00000230138.2"
"ENSG00000168280.18","ENSG00000148848.14","ENSG00000224066.1","","ENSG00000196159.14"
"ENSG00000237637.1","ENSG00000198720.13","ENSG00000166840.13","","ENSG00000279692.1"
"ENSG00000147676.14","ENSG00000080986.13","ENSG00000179934.7","","ENSG00000135248.15"
"ENSG00000090382.7","ENSG00000253978.2","ENSG00000114346.14","","ENSG00000196739.15"
"ENSG00000148154.10","ENSG00000112655.16","ENSG00000104549.12","","ENSG00000279277.2"
"ENSG00000237594.2","ENSG00000205336.14","ENSG00000105976.16","","ENSG00000166147.14"
"ENSG00000284731.1","ENSG00000277224.2","ENSG00000239253.1","","ENSG00000020181.18"
"ENSG00000156564.9","ENSG00000147394.18","ENSG00000162591.16","","ENSG00000138378.19"
"ENSG00000159261.12","ENSG00000014914.21","ENSG00000189366.9","","ENSG00000232043.1"
"ENSG00000281106.4","ENSG00000072571.20","ENSG00000165490.13","","ENSG00000164761.9"
"ENSG00000114757.19","ENSG00000183010.17","ENSG00000111344.11","","ENSG00000118193.12"
"ENSG00000115902.11","ENSG00000230076.1","ENSG00000167747.15","","ENSG00000185269.12"
"ENSG00000178796.13","ENSG00000287071.1","ENSG00000148848.14","","ENSG00000105889.16"
"ENSG00000173825.7","ENSG00000135119.15","ENSG00000176563.10","","ENSG00000067715.14"
"ENSG00000121753.12","ENSG00000160188.10","ENSG00000261083.3","","ENSG00000258659.7"
"ENSG00000283098.2","ENSG00000131459.13","ENSG00000236663.1","","ENSG00000069493.15"
"ENSG00000255050.1","ENSG00000111665.12","ENSG00000276712.1","","ENSG00000265205.1"
"ENSG00000099822.3","ENSG00000147509.14","ENSG00000203805.11","","ENSG00000229298.1"
"ENSG00000111335.13","ENSG00000261357.1","ENSG00000235399.1","","ENSG00000105825.14"
"ENSG00000204049.1","ENSG00000203585.4","ENSG00000230524.8","","ENSG00000237513.2"
"ENSG00000160856.21","ENSG00000125657.5","ENSG00000236311.6","","ENSG00000179528.16"
"ENSG00000145244.12","ENSG00000183778.17","ENSG00000276043.5","","ENSG00000160791.13"
"ENSG00000145386.11","ENSG00000165695.10","ENSG00000254605.1","","ENSG00000140807.7"
"ENSG00000258450.1","ENSG00000053747.17","ENSG00000224885.1","","ENSG00000280062.1"
"ENSG00000101003.10","ENSG00000267128.2","ENSG00000117707.16","","ENSG00000166845.15"
"ENSG00000104549.12","ENSG00000106665.16","ENSG00000108773.11","","ENSG00000116852.15"
"ENSG00000274460.1","ENSG00000285492.1","ENSG00000225267.1","","ENSG00000261654.1"
"ENSG00000105647.19","ENSG00000105642.15","ENSG00000228007.1","","ENSG00000110031.13"
"ENSG00000204839.9","ENSG00000158315.11","ENSG00000100625.9","","ENSG00000146670.10"
"ENSG00000259954.1","ENSG00000064270.13","ENSG00000241322.11","","ENSG00000275468.1"
"ENSG00000228044.3","ENSG00000157445.15","ENSG00000196584.3","","ENSG00000183688.4"
"ENSG00000257226.2","ENSG00000170044.8","ENSG00000204060.7","","ENSG00000120217.14"
"ENSG00000128271.22","ENSG00000053108.17","ENSG00000224126.2","","ENSG00000102931.8"
"ENSG00000089012.14","ENSG00000154027.19","ENSG00000006327.14","","ENSG00000183023.18"
"ENSG00000145911.6","ENSG00000116035.4","ENSG00000139269.3","","ENSG00000140451.13"
"ENSG00000153294.12","ENSG00000286591.1","ENSG00000204710.2","","ENSG00000234353.2"
"ENSG00000166928.11","ENSG00000285294.1","ENSG00000197696.10","","ENSG00000103855.18"
"ENSG00000236841.8","ENSG00000162493.16","ENSG00000274895.1","","ENSG00000143184.5"
"ENSG00000262801.6","ENSG00000170801.10","ENSG00000091127.14","","ENSG00000276071.1"
"ENSG00000267644.1","ENSG00000232070.9","ENSG00000286708.1","","ENSG00000284946.1"
"ENSG00000250893.1","ENSG00000281706.3","ENSG00000078900.15","","ENSG00000198915.12"
"ENSG00000151715.8","ENSG00000174171.6","ENSG00000196793.14","","ENSG00000279569.1"
"ENSG00000116191.17","ENSG00000116985.12","ENSG00000204866.8","","ENSG00000117600.12"
"ENSG00000286413.1","ENSG00000213186.8","ENSG00000214297.3","","ENSG00000163623.9"
"ENSG00000103528.17","ENSG00000278035.1","ENSG00000175063.17","","ENSG00000260941.1"
"ENSG00000163689.20","ENSG00000167535.8","ENSG00000124225.16","","ENSG00000106588.12"
"ENSG00000141293.16","ENSG00000248663.6","ENSG00000214145.7","","ENSG00000067798.16"
"ENSG00000232406.7","ENSG00000275620.1","ENSG00000236409.2","","ENSG00000085514.16"
"ENSG00000261476.1","ENSG00000151690.15","ENSG00000026508.20","","ENSG00000259834.1"
"ENSG00000236616.3","ENSG00000233834.6","ENSG00000075275.18","","ENSG00000286555.1"
"ENSG00000134955.12","ENSG00000134057.15","ENSG00000146666.5","","ENSG00000260086.3"
"ENSG00000286607.1","ENSG00000070882.13","ENSG00000168268.11","","ENSG00000198711.5"
"ENSG00000204832.10","ENSG00000175832.13","ENSG00000284753.2","","ENSG00000176225.15"
"ENSG00000264964.2","ENSG00000205890.3","ENSG00000255624.3","","ENSG00000163464.8"
"ENSG00000188322.8","ENSG00000007062.12","ENSG00000116649.10","","ENSG00000271936.1"
"ENSG00000167100.15","ENSG00000159708.18","ENSG00000102359.8","","ENSG00000142185.16"
"ENSG00000124243.17","ENSG00000179477.11","ENSG00000182912.6","","ENSG00000163564.15"
"ENSG00000181788.4","ENSG00000091490.11","ENSG00000255874.2","","ENSG00000142945.13"
"ENSG00000121152.10","ENSG00000176692.8","ENSG00000222898.1","","ENSG00000269243.1"
"ENSG00000136573.14","ENSG00000055732.13","ENSG00000226419.8","","ENSG00000166341.8"
"ENSG00000163263.7","ENSG00000253361.3","ENSG00000231881.2","","ENSG00000275302.2"
"ENSG00000225886.3","ENSG00000183186.8","ENSG00000241269.1","","ENSG00000120949.15"
"ENSG00000100346.18","ENSG00000175294.6","ENSG00000215440.12","","ENSG00000166148.4"
"ENSG00000226609.2","ENSG00000280623.1","ENSG00000228109.1","","ENSG00000285979.1"
"ENSG00000096088.16","ENSG00000021300.14","ENSG00000231503.4","","ENSG00000166851.15"
"ENSG00000149609.6","ENSG00000135925.9","ENSG00000249992.2","","ENSG00000255710.2"
"ENSG00000176920.13","ENSG00000176170.14","ENSG00000250565.7","","ENSG00000231345.3"
"ENSG00000118137.10","ENSG00000214376.6","ENSG00000167914.12","","ENSG00000154920.15"
"ENSG00000182183.15","ENSG00000184702.20","ENSG00000133740.11","","ENSG00000203588.3"
"ENSG00000264589.4","ENSG00000162949.16","ENSG00000240541.3","","ENSG00000058673.17"
"ENSG00000273443.1","ENSG00000106976.21","ENSG00000257727.6","","ENSG00000255267.4"
"ENSG00000236772.1","ENSG00000204588.5","ENSG00000270035.1","","ENSG00000177409.12"
"ENSG00000213943.3","ENSG00000142621.19","ENSG00000157021.9","","ENSG00000105376.5"
"ENSG00000106537.8","ENSG00000109089.7","ENSG00000269473.1","","ENSG00000276953.1"
"ENSG00000091651.9","ENSG00000127743.6","ENSG00000104290.11","","ENSG00000255893.1"
"ENSG00000105289.15","ENSG00000162630.6","ENSG00000237730.1","","ENSG00000117724.13"
"ENSG00000189212.12","ENSG00000214433.4","ENSG00000125895.5","","ENSG00000286004.1"
"ENSG00000133816.17","ENSG00000240583.13","ENSG00000143507.18","","ENSG00000165078.13"
"ENSG00000172139.15","ENSG00000135480.16","ENSG00000286010.1","","ENSG00000109674.4"
"ENSG00000103485.19","ENSG00000101000.6","ENSG00000279591.1","","ENSG00000262312.2"
"ENSG00000175946.8","ENSG00000118193.12","ENSG00000105948.13","","ENSG00000115415.20"
"ENSG00000157456.8","ENSG00000142408.6","ENSG00000248405.10","","ENSG00000113361.13"
"ENSG00000102970.11","ENSG00000283445.1","ENSG00000142235.12","","ENSG00000285437.1"
"ENSG00000279057.1","ENSG00000102384.13","ENSG00000111012.10","","ENSG00000268041.2"
"ENSG00000276744.1","ENSG00000269680.1","ENSG00000167619.13","","ENSG00000232884.9"
"ENSG00000279406.1","ENSG00000124243.17","ENSG00000184160.8","","ENSG00000083454.22"
"ENSG00000167483.19","ENSG00000141655.17","ENSG00000207751.3","","ENSG00000137496.18"
"ENSG00000013810.20","ENSG00000166670.10","ENSG00000249352.4","","ENSG00000230006.7"
"ENSG00000132182.12","ENSG00000233154.6","ENSG00000135960.10","","ENSG00000225720.6"
"ENSG00000101306.11","ENSG00000204291.11","ENSG00000164532.11","","ENSG00000270977.2"
"ENSG00000184925.12","ENSG00000125618.17","ENSG00000253506.3","","ENSG00000267523.1"
"ENSG00000230716.3","ENSG00000088340.17","ENSG00000217442.4","","ENSG00000115935.18"
"ENSG00000129990.15","ENSG00000257556.2","ENSG00000196420.7","","ENSG00000105928.16"
"ENSG00000135824.12","ENSG00000089101.19","ENSG00000266490.1","","ENSG00000119699.8"
"ENSG00000288610.1","ENSG00000089505.18","ENSG00000070882.13","","ENSG00000244349.1"
"ENSG00000143797.12","ENSG00000135083.16","ENSG00000274427.1","","ENSG00000250654.7"
"ENSG00000252892.1","ENSG00000159625.15","ENSG00000213169.3","","ENSG00000145649.8"
"ENSG00000287595.1","ENSG00000075213.11","ENSG00000127564.17","","ENSG00000263745.7"
"ENSG00000169347.17","ENSG00000137691.13","ENSG00000117122.14","","ENSG00000130427.3"
"ENSG00000162062.15","ENSG00000196503.5","ENSG00000160161.9","","ENSG00000261213.1"
"ENSG00000264843.1","ENSG00000167117.10","ENSG00000108379.10","","ENSG00000261534.1"
"ENSG00000068615.19","ENSG00000203971.2","ENSG00000128965.13","","ENSG00000234883.6"
"ENSG00000185674.9","ENSG00000280924.1","ENSG00000049192.15","","ENSG00000116819.8"
"ENSG00000262714.1","ENSG00000217275.2","ENSG00000164070.12","","ENSG00000147485.13"
"ENSG00000137807.16","ENSG00000106089.12","ENSG00000167695.15","","ENSG00000172986.13"
"ENSG00000197472.15","ENSG00000225972.1","ENSG00000225356.3","","ENSG00000134901.13"
"ENSG00000111331.13","ENSG00000064547.14","ENSG00000232555.2","","ENSG00000153563.16"
"ENSG00000166246.14","ENSG00000274356.1","ENSG00000281398.4","","ENSG00000142173.16"
"ENSG00000285545.1","ENSG00000259326.1","ENSG00000277342.1","","ENSG00000277734.8"
"ENSG00000264647.1","ENSG00000258628.1","ENSG00000123989.14","","ENSG00000186564.6"
"ENSG00000273002.1","ENSG00000144355.15","ENSG00000185838.14","","ENSG00000272953.1"
"ENSG00000168502.17","ENSG00000084731.15","ENSG00000142765.18","","ENSG00000128606.13"
"ENSG00000125245.13","ENSG00000162849.16","ENSG00000167646.14","","ENSG00000105374.10"
"ENSG00000141526.17","ENSG00000213983.12","ENSG00000236256.9","","ENSG00000279900.1"
"ENSG00000266017.1","ENSG00000146530.14","ENSG00000108106.14","","ENSG00000035720.8"
"ENSG00000152669.9","ENSG00000277559.1","ENSG00000288675.1","","ENSG00000279529.1"
"ENSG00000268403.2","ENSG00000261762.1","ENSG00000258210.1","","ENSG00000121454.6"
"ENSG00000116771.6","ENSG00000145198.14","ENSG00000222019.7","","ENSG00000196550.10"
"ENSG00000141854.9","ENSG00000235721.1","ENSG00000213376.4","","ENSG00000100453.13"
"ENSG00000225385.3","ENSG00000170579.17","ENSG00000213085.10","","ENSG00000211747.3"
"ENSG00000105464.3","ENSG00000138795.10","ENSG00000231707.4","","ENSG00000211728.2"
"ENSG00000102886.15","ENSG00000169684.13","ENSG00000121075.11","","ENSG00000102271.14"
"ENSG00000229720.1","ENSG00000170962.13","ENSG00000214541.3","","ENSG00000272941.1"
"ENSG00000237017.1","ENSG00000225526.5","ENSG00000179862.7","","ENSG00000258101.2"
"ENSG00000156395.13","ENSG00000137731.14","ENSG00000124731.13","","ENSG00000256973.1"
"ENSG00000103316.12","ENSG00000249306.6","ENSG00000238213.1","","ENSG00000171121.16"
"ENSG00000157766.19","ENSG00000152104.12","ENSG00000069011.16","","ENSG00000143851.15"
"ENSG00000153086.14","ENSG00000242147.3","ENSG00000183856.11","","ENSG00000104972.15"
"ENSG00000286176.2","ENSG00000277342.1","ENSG00000162062.15","","ENSG00000182612.10"
"ENSG00000162949.16","ENSG00000149554.13","ENSG00000154920.15","","ENSG00000286656.1"
"ENSG00000280417.1","ENSG00000144406.19","ENSG00000236993.2","","ENSG00000274184.1"
"ENSG00000143320.9","ENSG00000230533.4","ENSG00000106089.12","","ENSG00000238113.7"
"ENSG00000179841.8","ENSG00000106483.12","ENSG00000236498.1","","ENSG00000280129.1"
"ENSG00000177732.8","ENSG00000276445.1","ENSG00000162814.11","","ENSG00000088325.16"
"ENSG00000211806.2","ENSG00000073792.16","ENSG00000204538.4","","ENSG00000204446.4"
"ENSG00000211780.3","ENSG00000213937.4","ENSG00000215349.2","","ENSG00000114948.13"
"ENSG00000170909.13","ENSG00000166897.16","ENSG00000186648.15","","ENSG00000109705.8"
"ENSG00000132749.11","ENSG00000086717.18","ENSG00000147536.12","","ENSG00000237424.1"
"ENSG00000123191.16","ENSG00000140937.14","ENSG00000060656.20","","ENSG00000111206.13"
"ENSG00000169258.7","ENSG00000128242.13","ENSG00000165891.16","","ENSG00000280832.1"
"ENSG00000118513.19","ENSG00000186862.20","ENSG00000250603.1","","ENSG00000089505.18"
"ENSG00000105523.3","ENSG00000162878.13","ENSG00000183742.13","","ENSG00000275481.1"
"ENSG00000249684.6","ENSG00000137309.20","ENSG00000146054.18","","ENSG00000117385.16"
"ENSG00000126010.6","ENSG00000104369.5","ENSG00000163689.20","","ENSG00000019549.13"
"ENSG00000162032.16","ENSG00000060982.15","ENSG00000039139.9","","ENSG00000102524.11"
"ENSG00000274372.5","ENSG00000176920.13","ENSG00000108465.15","","ENSG00000084710.14"
"ENSG00000205002.4","ENSG00000118997.14","ENSG00000174844.14","","ENSG00000128815.19"
"ENSG00000229759.1","ENSG00000134460.18","ENSG00000089351.14","","ENSG00000258884.2"
"ENSG00000163704.12","ENSG00000100373.10","ENSG00000188343.13","","ENSG00000275895.7"
"ENSG00000284630.1","ENSG00000168743.13","ENSG00000260220.7","","ENSG00000187474.5"
"ENSG00000222014.6","ENSG00000163808.17","ENSG00000131389.17","","ENSG00000178015.5"
"ENSG00000078589.13","ENSG00000167103.12","ENSG00000094804.12","","ENSG00000162739.14"
"ENSG00000159212.13","ENSG00000168502.17","ENSG00000147697.9","","ENSG00000005844.19"
"ENSG00000138315.13","ENSG00000250320.6","ENSG00000052749.14","","ENSG00000090889.12"
"ENSG00000256463.8","ENSG00000135773.13","ENSG00000088325.16","","ENSG00000172572.7"
"ENSG00000236963.7","ENSG00000154856.13","ENSG00000248626.1","","ENSG00000281327.2"
"ENSG00000154920.15","ENSG00000170684.9","ENSG00000287108.1","","ENSG00000256663.1"
"ENSG00000126231.15","ENSG00000112796.10","ENSG00000110092.4","","ENSG00000075340.23"
"ENSG00000183562.3","ENSG00000002587.10","ENSG00000186973.11","","ENSG00000244482.10"
"ENSG00000276107.1","ENSG00000233608.4","ENSG00000101412.13","","ENSG00000181104.7"
"ENSG00000165548.11","ENSG00000105664.11","ENSG00000104341.17","","ENSG00000105492.16"
"ENSG00000157601.14","ENSG00000271983.1","ENSG00000139438.6","","ENSG00000228049.7"
"ENSG00000279741.1","ENSG00000092929.12","ENSG00000261141.1","","ENSG00000174371.17"
"ENSG00000076554.15","ENSG00000167476.10","ENSG00000128059.8","","ENSG00000051128.19"
"ENSG00000143851.15","ENSG00000146242.9","ENSG00000136231.14","","ENSG00000188153.14"
"ENSG00000158201.10","ENSG00000110375.3","ENSG00000274373.1","","ENSG00000055332.18"
"ENSG00000185507.21","ENSG00000238279.1","ENSG00000246334.2","","ENSG00000116985.12"
"ENSG00000130513.6","ENSG00000165300.7","ENSG00000260641.1","","ENSG00000157601.14"
"ENSG00000197261.11","ENSG00000224746.2","ENSG00000186185.14","","ENSG00000126882.13"
"ENSG00000214530.9","ENSG00000100290.3","ENSG00000011201.12","","ENSG00000056558.11"
"ENSG00000270120.1","ENSG00000110881.12","ENSG00000198088.10","","ENSG00000259318.1"
"ENSG00000175262.14","ENSG00000233175.2","ENSG00000203914.4","","ENSG00000196209.13"
"ENSG00000106688.12","ENSG00000268707.1","ENSG00000049449.10","","ENSG00000174600.14"
"ENSG00000106462.11","ENSG00000185792.10","ENSG00000178896.9","","ENSG00000164076.17"
"ENSG00000160188.10","ENSG00000127863.16","ENSG00000226380.9","","ENSG00000287733.1"
"ENSG00000223940.1","ENSG00000184492.6","ENSG00000185332.8","","ENSG00000241634.1"
"ENSG00000109684.15","ENSG00000261634.4","ENSG00000273113.1","","ENSG00000275582.1"
"ENSG00000279742.1","ENSG00000230445.4","ENSG00000092445.12","","ENSG00000276603.1"
"ENSG00000177807.10","ENSG00000105855.10","ENSG00000105717.14","","ENSG00000163462.18"
"ENSG00000225783.8","ENSG00000234062.8","ENSG00000122034.17","","ENSG00000170214.5"
"ENSG00000169241.19","ENSG00000172031.7","ENSG00000124249.7","","ENSG00000188676.13"
"ENSG00000144130.11","ENSG00000168778.12","ENSG00000112877.8","","ENSG00000211807.3"
"ENSG00000005001.10","ENSG00000186871.7","ENSG00000100350.15","","ENSG00000138092.11"
"ENSG00000254290.1","ENSG00000187583.11","ENSG00000183018.9","","ENSG00000026036.22"
"ENSG00000129991.13","ENSG00000202079.1","ENSG00000224628.2","","ENSG00000197927.13"
"ENSG00000095587.9","ENSG00000111432.4","ENSG00000205517.13","","ENSG00000271826.5"
"ENSG00000132196.15","ENSG00000163013.12","ENSG00000140263.15","","ENSG00000227992.1"
"ENSG00000278071.1","ENSG00000175877.4","ENSG00000265982.1","","ENSG00000102384.13"
"ENSG00000164938.14","ENSG00000213023.11","ENSG00000221829.10","","ENSG00000281530.1"
"ENSG00000267366.1","ENSG00000231563.2","ENSG00000251194.2","","ENSG00000163577.8"
"ENSG00000277182.1","ENSG00000154277.13","ENSG00000218502.3","","ENSG00000239494.2"
"ENSG00000218186.2","ENSG00000175147.13","ENSG00000260643.2","","ENSG00000211751.9"
"ENSG00000007968.7","ENSG00000214870.9","ENSG00000235408.6","","ENSG00000249459.11"
"ENSG00000240793.1","ENSG00000159259.8","ENSG00000179588.9","","ENSG00000121621.7"
"ENSG00000283526.1","ENSG00000185052.12","ENSG00000127586.17","","ENSG00000136040.9"
"ENSG00000163040.15","ENSG00000077279.19","ENSG00000272702.1","","ENSG00000143248.13"
"ENSG00000182791.5","ENSG00000006747.15","ENSG00000204410.16","","ENSG00000158402.20"
"ENSG00000173917.10","ENSG00000261659.2","ENSG00000156802.13","","ENSG00000225470.8"
"ENSG00000117154.12","ENSG00000236824.2","ENSG00000256377.6","","ENSG00000234902.6"
"ENSG00000273272.2","ENSG00000148344.11","ENSG00000172167.8","","ENSG00000185697.16"
"ENSG00000143552.9","ENSG00000272872.1","ENSG00000171848.16","","ENSG00000130429.15"
"ENSG00000119714.11","ENSG00000271133.5","ENSG00000266733.7","","ENSG00000168487.20"
"ENSG00000224401.2","ENSG00000138623.10","ENSG00000267313.7","","ENSG00000230224.1"
"ENSG00000172548.14","ENSG00000265190.7","ENSG00000255521.2","","ENSG00000228318.3"
"ENSG00000279901.1","ENSG00000110400.11","ENSG00000243479.3","","ENSG00000134539.17"
"ENSG00000163808.17","ENSG00000224812.3","ENSG00000225366.4","","ENSG00000283297.2"
"ENSG00000255559.1","ENSG00000186472.20","ENSG00000129667.13","","ENSG00000059378.13"
"ENSG00000272666.1","ENSG00000211979.2","ENSG00000085741.13","","ENSG00000287892.1"
"ENSG00000185467.7","ENSG00000231185.7","ENSG00000236393.2","","ENSG00000226953.8"
"ENSG00000279789.1","ENSG00000263513.5","ENSG00000236255.2","","ENSG00000231587.1"
"ENSG00000124496.12","ENSG00000135374.11","ENSG00000025772.8","","ENSG00000180610.10"
"ENSG00000143473.13","ENSG00000213088.12","ENSG00000102048.16","","ENSG00000135622.13"
"ENSG00000188064.10","ENSG00000197140.15","ENSG00000133937.5","","ENSG00000269984.1"
"ENSG00000211814.1","ENSG00000226330.1","ENSG00000100429.18","","ENSG00000169896.18"
"ENSG00000043355.12","ENSG00000234373.1","ENSG00000161091.13","","ENSG00000117707.16"
"ENSG00000196834.13","ENSG00000287642.1","ENSG00000123496.8","","ENSG00000255833.2"
"ENSG00000198216.12","ENSG00000233966.1","ENSG00000088766.12","","ENSG00000101825.8"
"ENSG00000254285.3","ENSG00000130768.15","ENSG00000088305.18","","ENSG00000178860.8"
"ENSG00000125997.5","ENSG00000176697.20","ENSG00000168993.15","","ENSG00000166349.10"
"ENSG00000250378.4","ENSG00000261795.1","ENSG00000256540.1","","ENSG00000138792.10"
"ENSG00000171722.13","ENSG00000120322.4","ENSG00000065911.13","","ENSG00000140368.13"
"ENSG00000225595.2","ENSG00000102265.12","ENSG00000184220.12","","ENSG00000130224.15"
"ENSG00000258947.7","ENSG00000273367.1","ENSG00000260493.1","","ENSG00000163918.11"
"ENSG00000269967.1","ENSG00000168298.7","ENSG00000253522.6","","ENSG00000089327.15"
"ENSG00000140678.17","ENSG00000144821.10","ENSG00000170959.14","","ENSG00000270300.2"
"ENSG00000262406.3","ENSG00000154920.15","ENSG00000112655.16","","ENSG00000101057.16"
"ENSG00000266970.1","ENSG00000134253.10","ENSG00000118785.14","","ENSG00000072571.20"
"ENSG00000076716.9","ENSG00000139714.12","ENSG00000129946.10","","ENSG00000223374.1"
"ENSG00000273445.1","ENSG00000237423.3","ENSG00000079462.8","","ENSG00000236200.6"
"ENSG00000272953.1","ENSG00000171388.12","ENSG00000278876.1","","ENSG00000261308.3"
"ENSG00000227440.1","ENSG00000145284.12","ENSG00000050438.17","","ENSG00000230280.2"
"ENSG00000260589.1","ENSG00000189377.9","ENSG00000157766.19","","ENSG00000197859.11"
"ENSG00000275560.1","ENSG00000231920.1","ENSG00000226644.5","","ENSG00000130829.18"
"ENSG00000211891.6","ENSG00000232677.9","ENSG00000176402.6","","ENSG00000132718.9"
"ENSG00000116147.17","ENSG00000172318.5","ENSG00000152056.17","","ENSG00000186185.14"
"ENSG00000283709.1","ENSG00000279138.1","ENSG00000095739.11","","ENSG00000279520.1"
"ENSG00000186326.4","ENSG00000099822.3","ENSG00000245910.8","","ENSG00000173193.15"
"ENSG00000231852.9","ENSG00000130821.17","ENSG00000213071.11","","ENSG00000181908.5"
"ENSG00000233028.1","ENSG00000150782.12","ENSG00000223823.1","","ENSG00000136286.16"
"ENSG00000084710.14","ENSG00000223572.10","ENSG00000171224.9","","ENSG00000258168.6"
"ENSG00000179528.16","ENSG00000184611.12","ENSG00000129295.9","","ENSG00000155465.20"
"ENSG00000267503.1","ENSG00000161888.11","ENSG00000160796.18","","ENSG00000284523.2"
"ENSG00000112742.10","ENSG00000110492.15","ENSG00000149609.6","","ENSG00000198846.6"
"ENSG00000186810.8","ENSG00000105479.16","ENSG00000065328.17","","ENSG00000279789.1"
"ENSG00000051180.17","ENSG00000157227.13","ENSG00000107815.10","","ENSG00000247903.1"
"ENSG00000134824.14","ENSG00000142319.18","ENSG00000174137.13","","ENSG00000146535.14"
"ENSG00000164078.13","ENSG00000198901.14","ENSG00000186010.19","","ENSG00000073111.14"
"ENSG00000231550.1","ENSG00000277840.1","ENSG00000163597.15","","ENSG00000285851.1"
"ENSG00000285210.1","ENSG00000147036.12","ENSG00000188322.8","","ENSG00000131778.19"
"ENSG00000196507.11","ENSG00000225614.4","ENSG00000287539.1","","ENSG00000282851.2"
"ENSG00000213937.4","ENSG00000156711.17","ENSG00000225138.8","","ENSG00000160233.8"
"ENSG00000263677.2","ENSG00000066405.13","ENSG00000176826.15","","ENSG00000268520.1"
"ENSG00000273162.1","ENSG00000161682.15","ENSG00000215252.11","","ENSG00000273747.1"
"ENSG00000196074.13","ENSG00000255521.2","ENSG00000175711.8","","ENSG00000231752.6"
"ENSG00000258884.2","ENSG00000273045.7","ENSG00000121957.15","","ENSG00000169184.6"
"ENSG00000178935.5","ENSG00000176532.4","ENSG00000254911.3","","ENSG00000221164.1"
"ENSG00000276509.1","ENSG00000166503.9","ENSG00000037897.17","","ENSG00000171488.15"
"ENSG00000234521.2","ENSG00000100625.9","ENSG00000108511.10","","ENSG00000273542.2"
"ENSG00000139890.10","ENSG00000269404.7","ENSG00000139890.10","","ENSG00000160293.17"
"ENSG00000170684.9","ENSG00000248099.4","ENSG00000188368.10","","ENSG00000279873.2"
"ENSG00000135119.15","ENSG00000264230.9","ENSG00000233017.3","","ENSG00000258904.1"
"ENSG00000204338.8","ENSG00000104881.16","ENSG00000134323.12","","ENSG00000184486.10"
"ENSG00000144040.13","ENSG00000177103.15","ENSG00000261762.1","","ENSG00000185565.12"
"ENSG00000135549.15","ENSG00000082458.12","ENSG00000021300.14","","ENSG00000224126.2"
"ENSG00000185101.13","ENSG00000050344.9","ENSG00000081059.20","","ENSG00000260314.3"
"ENSG00000263011.1","ENSG00000227640.3","ENSG00000288531.1","","ENSG00000211777.2"
"ENSG00000262488.1","ENSG00000223949.8","ENSG00000124207.17","","ENSG00000105851.11"
"ENSG00000242798.1","ENSG00000261342.1","ENSG00000127418.15","","ENSG00000240996.1"
"ENSG00000276404.1","ENSG00000213185.7","ENSG00000118939.18","","ENSG00000285520.1"
"ENSG00000089127.14","ENSG00000236740.6","ENSG00000287545.1","","ENSG00000130475.14"
"ENSG00000148848.14","ENSG00000205869.2","ENSG00000228847.1","","ENSG00000222047.9"
"ENSG00000170122.5","ENSG00000244558.6","ENSG00000260725.1","","ENSG00000153395.10"
"ENSG00000162769.13","ENSG00000283518.1","ENSG00000228887.3","","ENSG00000020633.19"
"ENSG00000185522.9","ENSG00000241634.1","ENSG00000182481.10","","ENSG00000223960.7"
"ENSG00000234937.1","ENSG00000283538.3","ENSG00000226235.1","","ENSG00000162888.4"
"ENSG00000268947.1","ENSG00000176956.13","ENSG00000198901.14","","ENSG00000140323.6"
"ENSG00000105519.18","ENSG00000236393.2","ENSG00000236501.6","","ENSG00000204531.20"
"ENSG00000183484.12","ENSG00000187527.11","ENSG00000164953.16","","ENSG00000259668.6"
"ENSG00000224885.1","ENSG00000162062.15","ENSG00000073464.13","","ENSG00000167483.19"
"ENSG00000072858.11","ENSG00000133636.11","ENSG00000141570.11","","ENSG00000103034.14"
"ENSG00000274825.1","ENSG00000108511.10","ENSG00000178217.14","","ENSG00000171608.16"
"ENSG00000160781.17","ENSG00000152127.9","ENSG00000186710.11","","ENSG00000167895.15"
"ENSG00000136492.9","ENSG00000198237.8","ENSG00000286431.1","","ENSG00000107105.15"
"ENSG00000274750.2","ENSG00000176826.15","ENSG00000068650.18","","ENSG00000224149.1"
"ENSG00000163364.10","ENSG00000187672.14","ENSG00000260924.2","","ENSG00000198821.11"
"ENSG00000228140.2","ENSG00000132563.16","ENSG00000232956.9","","ENSG00000149534.9"
"ENSG00000049283.18","ENSG00000119283.15","ENSG00000188483.8","","ENSG00000258352.1"
"ENSG00000196550.10","ENSG00000121900.19","ENSG00000268104.3","","ENSG00000225313.5"
"ENSG00000158485.11","ENSG00000205755.12","ENSG00000135451.13","","ENSG00000248693.1"
"ENSG00000272141.1","ENSG00000280032.1","ENSG00000197119.13","","ENSG00000157657.14"
"ENSG00000238117.1","ENSG00000175643.10","ENSG00000147889.18","","ENSG00000112984.12"
"ENSG00000280129.1","ENSG00000188322.8","ENSG00000153395.10","","ENSG00000139908.15"
"ENSG00000139055.7","ENSG00000253210.2","ENSG00000287929.1","","ENSG00000279700.1"
"ENSG00000177455.15","ENSG00000255794.9","ENSG00000187486.5","","ENSG00000266173.7"
"ENSG00000287171.1","ENSG00000107130.10","ENSG00000163288.14","","ENSG00000269069.1"
"ENSG00000197168.13","ENSG00000185483.12","ENSG00000278291.1","","ENSG00000143387.14"
"ENSG00000163462.18","ENSG00000166268.11","ENSG00000229891.2","","ENSG00000164430.16"
"ENSG00000230280.2","ENSG00000165816.13","ENSG00000228874.1","","ENSG00000180264.11"
"ENSG00000279791.1","ENSG00000188505.5","ENSG00000105173.14","","ENSG00000272168.8"
"ENSG00000167106.12","ENSG00000228689.8","ENSG00000248098.12","","ENSG00000186265.10"
"ENSG00000183876.9","ENSG00000176753.5","ENSG00000280734.3","","ENSG00000122733.12"
"ENSG00000182010.11","ENSG00000229951.5","ENSG00000135119.15","","ENSG00000197275.14"
"ENSG00000137270.11","ENSG00000042980.13","ENSG00000227857.2","","ENSG00000179855.9"
"ENSG00000287322.1","ENSG00000276691.1","ENSG00000135625.8","","ENSG00000092853.14"
"ENSG00000118946.12","ENSG00000189120.5","ENSG00000075702.18","","ENSG00000179841.8"
"ENSG00000022556.16","ENSG00000172020.13","ENSG00000177192.14","","ENSG00000272145.1"
"ENSG00000188404.10","ENSG00000155966.14","ENSG00000241343.10","","ENSG00000286337.1"
"ENSG00000177398.18","ENSG00000163393.13","ENSG00000139618.16","","ENSG00000171509.16"
"ENSG00000271856.1","ENSG00000187642.9","ENSG00000167702.13","","ENSG00000253854.1"
"ENSG00000158477.7","ENSG00000153822.14","ENSG00000167393.18","","ENSG00000101082.14"
"ENSG00000161980.6","ENSG00000139514.13","ENSG00000149599.15","","ENSG00000166881.10"
"ENSG00000153898.13","ENSG00000144730.19","ENSG00000172244.9","","ENSG00000287625.1"
"ENSG00000260586.2","ENSG00000258227.7","ENSG00000227304.3","","ENSG00000176826.15"
"ENSG00000101412.13","ENSG00000225506.2","ENSG00000122687.19","","ENSG00000230499.1"
"ENSG00000255693.3","ENSG00000262979.1","ENSG00000204930.10","","ENSG00000244300.3"
"ENSG00000111674.9","ENSG00000146592.17","ENSG00000175315.3","","ENSG00000139618.16"
"ENSG00000035720.8","ENSG00000239122.1","ENSG00000245614.4","","ENSG00000215784.6"
"ENSG00000273669.1","ENSG00000146858.8","ENSG00000264112.1","","ENSG00000234389.1"
"ENSG00000131242.18","ENSG00000122952.17","ENSG00000006606.9","","ENSG00000167123.19"
"ENSG00000216490.4","ENSG00000263874.2","ENSG00000272217.1","","ENSG00000122122.10"
"ENSG00000227857.2","ENSG00000226101.2","ENSG00000138074.15","","ENSG00000000460.17"
"ENSG00000261654.1","ENSG00000112312.10","ENSG00000268812.3","","ENSG00000174004.6"
"ENSG00000265656.1","ENSG00000278192.1","ENSG00000103222.20","","ENSG00000267048.1"
"ENSG00000277290.1","ENSG00000137819.14","ENSG00000276337.1","","ENSG00000203667.10"
"ENSG00000160401.15","ENSG00000165935.9","ENSG00000215156.5","","ENSG00000280135.1"
"ENSG00000273449.1","ENSG00000053918.18","ENSG00000254290.1","","ENSG00000114346.14"
"ENSG00000188389.11","ENSG00000245614.4","ENSG00000104783.14","","ENSG00000184378.3"
"ENSG00000114656.12","ENSG00000145103.15","ENSG00000272800.3","","ENSG00000271533.1"
"ENSG00000275484.1","ENSG00000168779.20","ENSG00000196352.16","","ENSG00000115085.14"
"ENSG00000153944.12","ENSG00000122863.6","ENSG00000279459.1","","ENSG00000279044.1"
"ENSG00000243478.9","ENSG00000182963.11","ENSG00000164620.9","","ENSG00000101445.10"
"ENSG00000010030.14","ENSG00000258793.1","ENSG00000198780.12","","ENSG00000008517.18"
"ENSG00000139734.19","ENSG00000283674.3","ENSG00000227542.1","","ENSG00000121068.14"
"ENSG00000188368.10","ENSG00000127366.5","ENSG00000234432.4","","ENSG00000276043.5"
"ENSG00000158106.14","ENSG00000156127.8","ENSG00000091651.9","","ENSG00000283154.2"
"ENSG00000050438.17","ENSG00000227440.1","ENSG00000105467.9","","ENSG00000157350.13"
"ENSG00000269915.1","ENSG00000273230.1","ENSG00000177732.8","","ENSG00000125910.6"
"ENSG00000204516.10","ENSG00000175329.13","ENSG00000176236.6","","ENSG00000127364.4"
"ENSG00000106789.13","ENSG00000111247.15","ENSG00000101361.17","","ENSG00000279881.1"
"ENSG00000232093.1","ENSG00000079462.8","ENSG00000130826.18","","ENSG00000163673.7"
"ENSG00000197275.14","ENSG00000137310.12","ENSG00000169989.3","","ENSG00000157227.13"
"ENSG00000130208.9","ENSG00000135454.14","ENSG00000136854.24","","ENSG00000259341.2"
"ENSG00000270933.1","ENSG00000224420.3","ENSG00000235173.7","","ENSG00000205268.11"
"ENSG00000223949.8","ENSG00000138160.7","ENSG00000110104.13","","ENSG00000154485.5"
"ENSG00000162755.14","ENSG00000229891.2","ENSG00000236144.8","","ENSG00000101412.13"
"ENSG00000286529.1","ENSG00000187486.5","ENSG00000169684.13","","ENSG00000227191.8"
"ENSG00000224186.8","ENSG00000012779.11","ENSG00000253785.1","","ENSG00000197506.8"
"ENSG00000228613.1","ENSG00000286451.1","ENSG00000070669.17","","ENSG00000120162.10"
"ENSG00000117308.15","ENSG00000222041.11","ENSG00000196411.10","","ENSG00000268947.1"
"ENSG00000178401.16","ENSG00000146955.11","ENSG00000116455.14","","ENSG00000138795.10"
"ENSG00000259831.1","ENSG00000109674.4","ENSG00000184916.9","","ENSG00000253837.1"
"ENSG00000285043.2","ENSG00000254842.6","ENSG00000125798.15","","ENSG00000278492.1"
"ENSG00000111247.15","ENSG00000123219.13","ENSG00000160193.12","","ENSG00000167208.15"
"ENSG00000137571.11","ENSG00000171124.13","ENSG00000242082.2","","ENSG00000180263.14"
"ENSG00000198178.11","ENSG00000280721.1","ENSG00000185272.14","","ENSG00000026751.17"
"ENSG00000233327.11","ENSG00000233487.6","ENSG00000260740.2","","ENSG00000111247.15"
"ENSG00000165923.16","ENSG00000171044.11","ENSG00000082512.15","","ENSG00000186074.19"
"ENSG00000255120.5","ENSG00000233913.7","ENSG00000188290.11","","ENSG00000239636.1"
"ENSG00000142197.12","ENSG00000144810.16","ENSG00000182118.8","","ENSG00000160654.11"
"ENSG00000005844.19","ENSG00000273445.1","ENSG00000259723.1","","ENSG00000124091.9"
"ENSG00000246465.1","ENSG00000236305.1","ENSG00000143333.7","","ENSG00000258646.1"
"ENSG00000113739.10","ENSG00000114948.13","ENSG00000262712.1","","ENSG00000075218.19"
"ENSG00000278918.1","ENSG00000120658.13","ENSG00000067177.15","","ENSG00000126787.13"
"ENSG00000183150.8","ENSG00000103044.11","ENSG00000236603.2","","ENSG00000174332.5"
"ENSG00000107593.17","ENSG00000284308.1","ENSG00000107719.9","","ENSG00000163888.4"
"ENSG00000287967.1","ENSG00000131015.5","ENSG00000120526.12","","ENSG00000167578.18"
"ENSG00000144893.12","ENSG00000116675.16","ENSG00000240463.1","","ENSG00000117020.18"
"ENSG00000204060.7","ENSG00000144130.11","ENSG00000138180.16","","ENSG00000224939.1"
"ENSG00000268204.1","ENSG00000253047.1","ENSG00000228981.3","","ENSG00000166928.11"
"ENSG00000237233.2","ENSG00000176887.7","ENSG00000265018.6","","ENSG00000287349.1"
"ENSG00000140937.14","ENSG00000231940.1","ENSG00000119969.15","","ENSG00000233231.1"
"ENSG00000250081.1","ENSG00000120875.9","ENSG00000114767.7","","ENSG00000177602.5"
"ENSG00000123473.16","ENSG00000273001.1","ENSG00000188372.15","","ENSG00000260884.1"
"ENSG00000164087.8","ENSG00000137573.14","ENSG00000107338.10","","ENSG00000124203.6"
"ENSG00000110628.16","ENSG00000183092.16","ENSG00000196739.15","","ENSG00000182866.17"
"ENSG00000275438.1","ENSG00000163507.14","ENSG00000128050.9","","ENSG00000198879.12"
"ENSG00000131044.17","ENSG00000034510.6","ENSG00000133119.13","","ENSG00000228393.4"
"ENSG00000237054.9","ENSG00000164114.19","ENSG00000155886.11","","ENSG00000094804.12"
"ENSG00000260196.1","ENSG00000203814.6","ENSG00000162366.8","","ENSG00000252516.1"
"ENSG00000167536.14","ENSG00000187416.12","ENSG00000105988.6","","ENSG00000234380.2"
"ENSG00000175294.6","ENSG00000249859.12","ENSG00000261744.1","","ENSG00000112655.16"
"ENSG00000276085.1","ENSG00000143036.17","ENSG00000274270.1","","ENSG00000116132.12"
"ENSG00000254088.1","ENSG00000256894.1","ENSG00000260442.5","","ENSG00000146094.15"
"ENSG00000238045.9","ENSG00000064651.14","ENSG00000272347.1","","ENSG00000278828.1"
"ENSG00000238098.9","ENSG00000287672.1","ENSG00000137331.12","","ENSG00000072422.17"
"ENSG00000283413.1","ENSG00000229155.1","ENSG00000200534.1","","ENSG00000106976.21"
"ENSG00000146839.19","ENSG00000221890.6","ENSG00000272325.2","","ENSG00000136982.6"
"ENSG00000038427.16","ENSG00000267013.6","ENSG00000224739.2","","ENSG00000231652.2"
"ENSG00000067836.13","ENSG00000188613.7","ENSG00000162063.13","","ENSG00000141391.14"
"ENSG00000188211.9","ENSG00000161800.13","ENSG00000165568.18","","ENSG00000233542.2"
"ENSG00000170482.17","ENSG00000286048.1","ENSG00000268401.2","","ENSG00000284719.1"
"ENSG00000108932.12","ENSG00000286472.1","ENSG00000131187.10","","ENSG00000169174.11"
"ENSG00000254777.5","ENSG00000185737.13","ENSG00000279031.1","","ENSG00000253304.2"
"ENSG00000011083.9","ENSG00000092445.12","ENSG00000234062.8","","ENSG00000182022.18"
"ENSG00000257086.1","ENSG00000287125.1","ENSG00000101003.10","","ENSG00000261207.1"
"ENSG00000284654.1","ENSG00000189431.8","ENSG00000245970.2","","ENSG00000223776.5"
"ENSG00000196421.8","ENSG00000280216.1","ENSG00000134760.6","","ENSG00000129195.16"
"ENSG00000167971.16","ENSG00000101349.17","ENSG00000185842.15","","ENSG00000273302.1"
"ENSG00000162894.12","ENSG00000173391.9","ENSG00000162782.16","","ENSG00000119698.12"
"ENSG00000217889.3","ENSG00000163735.7","ENSG00000139734.19","","ENSG00000108797.12"
"ENSG00000164855.16","ENSG00000169330.9","ENSG00000204791.10","","ENSG00000100385.14"
"ENSG00000237372.4","ENSG00000224259.7","ENSG00000111716.14","","ENSG00000207554.1"
"ENSG00000136490.9","ENSG00000135740.17","ENSG00000189046.11","","ENSG00000108309.14"
"ENSG00000230650.1","ENSG00000273287.2","ENSG00000065923.10","","ENSG00000157999.6"
"ENSG00000165685.8","ENSG00000203706.8","ENSG00000112578.10","","ENSG00000112769.20"
"ENSG00000272335.1","ENSG00000204060.7","ENSG00000145220.14","","ENSG00000167912.6"
"ENSG00000204661.9","ENSG00000198535.5","ENSG00000174371.17","","ENSG00000198554.12"
"ENSG00000099219.14","ENSG00000170921.15","ENSG00000256940.2","","ENSG00000182162.11"
"ENSG00000161800.13","ENSG00000211892.4","ENSG00000285280.2","","ENSG00000137807.16"
"ENSG00000227719.1","ENSG00000260996.1","ENSG00000011347.10","","ENSG00000168040.5"
"ENSG00000065328.17","ENSG00000198467.16","ENSG00000178538.10","","ENSG00000228663.1"
"ENSG00000225614.4","ENSG00000127533.4","ENSG00000174938.14","","ENSG00000245614.4"
"ENSG00000167208.15","ENSG00000230606.11","ENSG00000231982.1","","ENSG00000066279.18"
"ENSG00000224126.2","ENSG00000188158.16","ENSG00000270823.1","","ENSG00000076662.10"
"ENSG00000214867.3","ENSG00000112981.5","ENSG00000257831.1","","ENSG00000175063.17"
"ENSG00000146955.11","ENSG00000264548.1","ENSG00000268903.1","","ENSG00000141696.13"
"ENSG00000267112.1","ENSG00000160345.13","ENSG00000168785.8","","ENSG00000266934.1"
"ENSG00000187980.7","ENSG00000169302.16","ENSG00000132661.4","","ENSG00000104738.18"
"ENSG00000279954.1","ENSG00000172244.9","ENSG00000231703.2","","ENSG00000123338.13"
"ENSG00000092068.20","ENSG00000187951.11","ENSG00000251493.5","","ENSG00000180616.9"
"ENSG00000168454.12","ENSG00000123095.6","ENSG00000123485.12","","ENSG00000135047.16"
"ENSG00000197859.11","ENSG00000213793.5","ENSG00000120694.20","","ENSG00000273064.1"
"ENSG00000134909.18","ENSG00000007968.7","ENSG00000169245.6","","ENSG00000102385.12"
"ENSG00000255303.2","ENSG00000042493.16","ENSG00000185252.19","","ENSG00000260361.1"
"ENSG00000259725.1","ENSG00000260025.1","ENSG00000165621.8","","ENSG00000135636.14"
"ENSG00000235138.1","ENSG00000179750.16","ENSG00000115758.13","","ENSG00000284526.1"
"ENSG00000249064.1","ENSG00000288234.1","ENSG00000104738.18","","ENSG00000169258.7"
"ENSG00000273062.1","ENSG00000141756.19","ENSG00000204366.4","","ENSG00000224614.2"
"ENSG00000171631.15","ENSG00000159166.15","ENSG00000284308.1","","ENSG00000128652.11"
"ENSG00000113810.16","ENSG00000144959.11","ENSG00000129151.9","","ENSG00000285881.1"
"ENSG00000127578.7","ENSG00000174307.7","ENSG00000084774.14","","ENSG00000103187.8"
"ENSG00000228232.1","ENSG00000204323.5","ENSG00000197446.9","","ENSG00000143603.19"
"ENSG00000187164.20","ENSG00000114270.17","ENSG00000257279.1","","ENSG00000230773.9"
"ENSG00000245164.8","ENSG00000131981.16","ENSG00000243224.1","","ENSG00000091656.19"
"ENSG00000007306.15","ENSG00000232363.1","ENSG00000243989.9","","ENSG00000127564.17"
"ENSG00000269858.6","ENSG00000113073.15","ENSG00000141519.15","","ENSG00000232545.1"
"ENSG00000244274.8","ENSG00000284946.1","ENSG00000197859.11","","ENSG00000139880.19"
"ENSG00000105877.18","ENSG00000184305.15","ENSG00000138606.19","","ENSG00000223725.6"
"ENSG00000076944.16","ENSG00000276103.1","ENSG00000204860.5","","ENSG00000096264.14"
"ENSG00000187808.5","ENSG00000214425.8","ENSG00000162641.20","","ENSG00000120280.6"
"ENSG00000099849.15","ENSG00000238062.6","ENSG00000141582.15","","ENSG00000277049.1"
"ENSG00000124256.15","ENSG00000276851.1","ENSG00000235790.7","","ENSG00000283128.2"
"ENSG00000164220.7","ENSG00000155897.10","ENSG00000214842.5","","ENSG00000163751.4"
"ENSG00000137868.19","ENSG00000131389.17","ENSG00000203688.6","","ENSG00000081237.20"
"ENSG00000269887.1","ENSG00000171219.9","ENSG00000228446.2","","ENSG00000111665.12"
"ENSG00000170627.11","ENSG00000158528.12","ENSG00000142544.7","","ENSG00000265917.1"
"ENSG00000261790.2","ENSG00000254854.1","ENSG00000167550.11","","ENSG00000104635.15"
"ENSG00000280332.1","ENSG00000184292.7","ENSG00000173621.9","","ENSG00000134690.11"
"ENSG00000173218.15","ENSG00000153558.16","ENSG00000179241.13","","ENSG00000179715.13"
"ENSG00000109084.14","ENSG00000137135.18","ENSG00000156697.13","","ENSG00000271161.1"
"ENSG00000127328.22","ENSG00000117115.13","ENSG00000156469.9","","ENSG00000158079.16"
"ENSG00000241359.1","ENSG00000017483.15","ENSG00000144354.14","","ENSG00000211689.7"
"ENSG00000183317.17","ENSG00000175697.11","ENSG00000125319.15","","ENSG00000260830.1"
"ENSG00000228318.3","ENSG00000140525.19","ENSG00000139998.16","","ENSG00000157064.11"
"ENSG00000101210.13","ENSG00000227356.2","ENSG00000101311.16","","ENSG00000165304.8"
"ENSG00000167332.9","ENSG00000161040.16","ENSG00000287445.1","","ENSG00000138741.11"
"ENSG00000156802.13","ENSG00000228594.4","ENSG00000137261.14","","ENSG00000134954.14"
"ENSG00000183779.7","ENSG00000267279.2","ENSG00000164934.14","","ENSG00000160886.13"
"ENSG00000267452.3","ENSG00000261136.1","ENSG00000177426.22","","ENSG00000138180.16"
"ENSG00000257167.2","ENSG00000158427.15","ENSG00000117394.24","","ENSG00000163823.4"
"ENSG00000110448.11","ENSG00000149418.11","ENSG00000093009.11","","ENSG00000174370.11"
"ENSG00000224746.2","ENSG00000197653.16","ENSG00000135763.10","","ENSG00000231728.5"
"ENSG00000178531.6","ENSG00000205078.6","ENSG00000180921.7","","ENSG00000163297.17"
"ENSG00000151725.12","ENSG00000083720.13","ENSG00000258561.2","","ENSG00000043462.13"
"ENSG00000183850.14","ENSG00000177602.5","ENSG00000269053.1","","ENSG00000283064.1"
"ENSG00000260470.1","ENSG00000134627.12","ENSG00000140534.14","","ENSG00000151651.16"
"ENSG00000127663.15","ENSG00000258777.1","ENSG00000171163.16","","ENSG00000185507.21"
"ENSG00000221598.3","ENSG00000102554.14","ENSG00000256663.1","","ENSG00000146410.12"
"ENSG00000167207.14","ENSG00000007237.19","ENSG00000182841.12","","ENSG00000112208.11"
"ENSG00000055163.20","ENSG00000170004.17","ENSG00000260920.2","","ENSG00000113088.6"
"ENSG00000226965.2","ENSG00000284719.1","ENSG00000134297.6","","ENSG00000151702.17"
"ENSG00000233975.1","ENSG00000188549.12","ENSG00000227630.4","","ENSG00000169224.13"
"ENSG00000121621.7","ENSG00000171843.17","ENSG00000172460.17","","ENSG00000196876.18"
"ENSG00000286264.2","ENSG00000101003.10","ENSG00000186416.17","","ENSG00000228649.9"
"ENSG00000285868.1","ENSG00000272168.8","ENSG00000261061.1","","ENSG00000062582.14"
"ENSG00000180777.14","ENSG00000004838.14","ENSG00000131747.15","","ENSG00000259562.2"
"ENSG00000143578.16","ENSG00000054179.12","ENSG00000220472.1","","ENSG00000197629.6"
"ENSG00000269867.1","ENSG00000172965.17","ENSG00000259933.6","","ENSG00000100055.21"
"ENSG00000138829.12","ENSG00000154358.22","ENSG00000002079.14","","ENSG00000079263.19"
"ENSG00000272948.2","ENSG00000234690.7","ENSG00000123009.4","","ENSG00000074219.14"
"ENSG00000263006.6","ENSG00000196154.12","ENSG00000088002.12","","ENSG00000168394.11"
"ENSG00000274038.1","ENSG00000160991.16","ENSG00000142945.13","","ENSG00000283208.2"
"ENSG00000231705.1","ENSG00000070669.17","ENSG00000234772.2","","ENSG00000184445.12"
"ENSG00000198246.9","ENSG00000137821.12","ENSG00000185988.15","","ENSG00000044524.11"
"ENSG00000187951.11","ENSG00000183723.13","ENSG00000116670.15","","ENSG00000212125.2"
"ENSG00000122966.17","ENSG00000111012.10","ENSG00000139629.16","","ENSG00000230183.4"
"ENSG00000130695.16","ENSG00000164520.11","ENSG00000181026.15","","ENSG00000226334.1"
"ENSG00000082512.15","ENSG00000163485.17","ENSG00000170312.16","","ENSG00000123329.20"
"ENSG00000252690.3","ENSG00000197696.10","ENSG00000109576.14","","ENSG00000259408.2"
"ENSG00000269737.2","ENSG00000129951.19","ENSG00000112984.12","","ENSG00000288033.1"
"ENSG00000280079.1","ENSG00000168785.8","ENSG00000048162.21","","ENSG00000163872.16"
"ENSG00000183010.17","ENSG00000078900.15","ENSG00000181544.15","","ENSG00000213222.3"
"ENSG00000244144.1","ENSG00000119411.11","ENSG00000197748.13","","ENSG00000006638.13"
"ENSG00000287306.1","ENSG00000256029.6","ENSG00000099985.4","","ENSG00000101160.14"
"ENSG00000012124.17","ENSG00000106012.18","ENSG00000104907.12","","ENSG00000239264.9"
"ENSG00000215089.3","ENSG00000226711.7","ENSG00000181588.16","","ENSG00000172116.23"
"ENSG00000108176.15","ENSG00000162522.11","ENSG00000161179.14","","ENSG00000142798.20"
"ENSG00000078081.8","ENSG00000161647.19","ENSG00000138696.11","","ENSG00000186047.10"
"ENSG00000184350.11","ENSG00000124920.14","ENSG00000110375.3","","ENSG00000087258.16"
"ENSG00000271524.1","ENSG00000143797.12","ENSG00000265787.2","","ENSG00000113302.5"
"ENSG00000140525.19","ENSG00000116176.6","ENSG00000169607.13","","ENSG00000101000.6"
"ENSG00000101255.11","ENSG00000139174.12","ENSG00000226747.6","","ENSG00000143494.15"
"ENSG00000138346.15","ENSG00000262691.1","ENSG00000189431.8","","ENSG00000227543.5"
"ENSG00000179362.14","ENSG00000119969.15","ENSG00000137198.10","","ENSG00000166278.15"
"ENSG00000255561.7","ENSG00000073111.14","ENSG00000134815.19","","ENSG00000225205.5"
"ENSG00000162702.8","ENSG00000162458.13","ENSG00000135749.19","","ENSG00000144395.18"
"ENSG00000227619.3","ENSG00000066279.18","ENSG00000146670.10","","ENSG00000287828.1"
"ENSG00000139572.4","ENSG00000285077.2","ENSG00000065600.13","","ENSG00000185811.19"
"ENSG00000268658.5","ENSG00000163075.13","ENSG00000184575.12","","ENSG00000143226.15"
"ENSG00000271119.1","ENSG00000213468.7","ENSG00000182584.6","","ENSG00000126091.21"
"ENSG00000183196.10","ENSG00000286288.1","ENSG00000171097.14","","ENSG00000276931.1"
"ENSG00000186818.12","ENSG00000169247.14","ENSG00000237361.3","","ENSG00000246889.2"
"ENSG00000205794.4","ENSG00000158477.7","ENSG00000259994.1","","ENSG00000169826.8"
"ENSG00000286732.1","ENSG00000276115.1","ENSG00000108821.14","","ENSG00000139187.10"
"ENSG00000265296.1","ENSG00000260493.1","ENSG00000130590.14","","ENSG00000270019.1"
"ENSG00000029993.15","ENSG00000214290.8","ENSG00000056277.16","","ENSG00000137558.9"
"ENSG00000107821.15","ENSG00000151746.15","ENSG00000243753.5","","ENSG00000197299.12"
"ENSG00000170577.8","ENSG00000085491.17","ENSG00000183779.7","","ENSG00000212719.13"
"ENSG00000280789.2","ENSG00000168243.11","ENSG00000163577.8","","ENSG00000121933.19"
"ENSG00000232043.1","ENSG00000182013.18","ENSG00000200087.1","","ENSG00000114270.17"
"ENSG00000105419.18","ENSG00000272141.1","ENSG00000167880.8","","ENSG00000180785.10"
"ENSG00000109586.12","ENSG00000135477.11","ENSG00000103569.10","","ENSG00000085999.13"
"ENSG00000262312.2","ENSG00000137699.17","ENSG00000101444.13","","ENSG00000261655.1"
"ENSG00000269553.1","ENSG00000125869.10","ENSG00000255717.7","","ENSG00000150636.17"
"ENSG00000231203.1","ENSG00000197461.13","ENSG00000170122.5","","ENSG00000156802.13"
"ENSG00000025708.14","ENSG00000248405.10","ENSG00000089685.15","","ENSG00000263990.1"
"ENSG00000074370.18","ENSG00000121957.15","ENSG00000235363.1","","ENSG00000073792.16"
"ENSG00000225951.1","ENSG00000229124.7","ENSG00000223806.8","","ENSG00000282939.1"
"ENSG00000167880.8","ENSG00000180385.8","ENSG00000248693.1","","ENSG00000085840.13"
"ENSG00000274184.1","ENSG00000283064.1","ENSG00000187961.14","","ENSG00000169031.20"
"ENSG00000261801.6","ENSG00000128203.7","ENSG00000257956.1","","ENSG00000120334.15"
"ENSG00000165140.11","ENSG00000162873.15","ENSG00000115163.15","","ENSG00000157456.8"
"ENSG00000253535.5","ENSG00000041353.10","ENSG00000133627.18","","ENSG00000281103.2"
"ENSG00000104147.9","ENSG00000179111.9","ENSG00000284830.1","","ENSG00000130309.11"
"ENSG00000203635.2","ENSG00000170537.13","ENSG00000264057.1","","ENSG00000024526.17"
"ENSG00000284308.1","ENSG00000067191.16","ENSG00000157653.12","","ENSG00000119681.12"
"ENSG00000280924.1","ENSG00000103489.12","ENSG00000128342.5","","ENSG00000009790.15"
"ENSG00000087085.16","ENSG00000104901.7","ENSG00000230082.1","","ENSG00000187678.10"
"ENSG00000162782.16","ENSG00000170915.9","ENSG00000124743.6","","ENSG00000127946.17"
"ENSG00000285999.1","ENSG00000262703.1","ENSG00000279536.1","","ENSG00000124507.11"
"ENSG00000102384.13","ENSG00000269069.1","ENSG00000269947.1","","ENSG00000278861.1"
"ENSG00000175857.8","ENSG00000125257.16","ENSG00000197140.15","","ENSG00000167984.18"
"ENSG00000204624.8","ENSG00000163624.6","ENSG00000287707.1","","ENSG00000258682.1"
"ENSG00000280063.1","ENSG00000196639.7","ENSG00000180071.20","","ENSG00000253180.1"
"ENSG00000286555.1","ENSG00000249715.12","ENSG00000253368.4","","ENSG00000155307.19"
"ENSG00000198814.13","ENSG00000104537.17","ENSG00000198298.13","","ENSG00000136122.18"
"ENSG00000122136.14","ENSG00000145911.6","ENSG00000141294.10","","ENSG00000176083.18"
"ENSG00000257596.1","ENSG00000251365.4","ENSG00000179292.5","","ENSG00000157510.14"
"ENSG00000129038.16","ENSG00000119866.22","ENSG00000224020.1","","ENSG00000071246.11"
"ENSG00000113088.6","ENSG00000223573.7","ENSG00000197930.13","","ENSG00000185338.6"
"ENSG00000229178.1","ENSG00000158406.5","ENSG00000197763.19","","ENSG00000259488.2"
"ENSG00000162063.13","ENSG00000163596.16","ENSG00000184162.15","","ENSG00000121858.11"
"ENSG00000159217.10","ENSG00000136425.14","ENSG00000085465.13","","ENSG00000115956.10"
"ENSG00000265474.1","ENSG00000181544.15","ENSG00000164109.14","","ENSG00000147119.4"
"ENSG00000211797.2","ENSG00000163995.21","ENSG00000116017.11","","ENSG00000152689.18"
"ENSG00000136770.11","ENSG00000111371.16","ENSG00000102221.14","","ENSG00000095370.20"
"ENSG00000114346.14","ENSG00000248905.10","ENSG00000123405.14","","ENSG00000113263.13"
"ENSG00000258867.6","ENSG00000239521.9","ENSG00000064545.15","","ENSG00000105329.11"
"ENSG00000277301.1","ENSG00000160211.19","ENSG00000175768.13","","ENSG00000248445.5"
"ENSG00000116128.11","ENSG00000144227.5","ENSG00000214184.3","","ENSG00000104081.14"
"ENSG00000176788.9","ENSG00000184792.16","ENSG00000275092.1","","ENSG00000162063.13"
"ENSG00000232629.9","ENSG00000171476.22","ENSG00000226287.8","","ENSG00000248996.1"
"ENSG00000079263.19","ENSG00000227533.6","ENSG00000124787.14","","ENSG00000225762.1"
"ENSG00000211817.2","ENSG00000177054.14","ENSG00000228594.4","","ENSG00000122986.14"
"ENSG00000187862.12","ENSG00000175029.17","ENSG00000271032.1","","ENSG00000104147.9"
"ENSG00000103460.17","ENSG00000204869.8","ENSG00000270804.1","","ENSG00000095970.17"
"ENSG00000187037.8","ENSG00000174460.4","ENSG00000205336.14","","ENSG00000135862.6"
"ENSG00000143418.20","ENSG00000274964.1","ENSG00000131951.11","","ENSG00000104967.8"
"ENSG00000247735.2","ENSG00000224014.1","ENSG00000027869.12","","ENSG00000269858.6"
"ENSG00000260996.1","ENSG00000260196.1","ENSG00000145700.10","","ENSG00000138346.15"
"ENSG00000246214.2","ENSG00000162390.18","ENSG00000109805.10","","ENSG00000160867.15"
"ENSG00000237080.3","ENSG00000197457.10","ENSG00000142632.17","","ENSG00000135451.13"
"ENSG00000163508.13","ENSG00000178217.14","ENSG00000166897.16","","ENSG00000156970.13"
"ENSG00000186583.12","ENSG00000255326.1","ENSG00000268601.1","","ENSG00000148773.14"
"ENSG00000118242.16","ENSG00000170382.12","ENSG00000143228.13","","ENSG00000153898.13"
"ENSG00000213013.4","ENSG00000187556.7","ENSG00000068489.13","","ENSG00000138336.9"
"ENSG00000261634.4","ENSG00000164509.15","ENSG00000172965.17","","ENSG00000254428.1"
"ENSG00000267394.1","ENSG00000275591.5","ENSG00000140104.14","","ENSG00000187951.11"
"ENSG00000188312.14","ENSG00000269918.1","ENSG00000140937.14","","ENSG00000171049.9"
"ENSG00000285417.1","ENSG00000166592.12","ENSG00000075290.8","","ENSG00000233025.1"
"ENSG00000224535.2","ENSG00000204531.20","ENSG00000279347.1","","ENSG00000164061.5"
"ENSG00000107105.15","ENSG00000112218.9","ENSG00000176170.14","","ENSG00000182218.9"
"ENSG00000172292.15","ENSG00000134775.15","ENSG00000214050.8","","ENSG00000101162.4"
"ENSG00000254389.3","ENSG00000179934.7","ENSG00000226666.1","","ENSG00000066735.14"
"ENSG00000233791.5","ENSG00000196155.13","ENSG00000204764.14","","ENSG00000151490.15"
"ENSG00000251002.8","ENSG00000213514.2","ENSG00000118193.12","","ENSG00000169682.18"
"ENSG00000258384.1","ENSG00000188042.8","ENSG00000214185.3","","ENSG00000092068.20"
"ENSG00000250982.2","ENSG00000135931.18","ENSG00000132330.18","","ENSG00000201772.1"
"ENSG00000188486.3","ENSG00000125531.7","ENSG00000142089.16","","ENSG00000165029.17"
"ENSG00000146410.12","ENSG00000100379.17","ENSG00000287535.1","","ENSG00000167900.12"
"ENSG00000198569.10","ENSG00000182195.9","ENSG00000099889.14","","ENSG00000162073.14"
"ENSG00000279555.1","ENSG00000158008.10","ENSG00000059377.18","","ENSG00000106560.11"
"ENSG00000111012.10","ENSG00000164385.9","ENSG00000115598.10","","ENSG00000181690.8"
"ENSG00000261083.3","ENSG00000288547.3","ENSG00000183199.6","","ENSG00000115355.17"
"ENSG00000260989.1","ENSG00000016402.13","ENSG00000275004.4","","ENSG00000180998.12"
"ENSG00000162745.10","ENSG00000166557.14","ENSG00000171316.12","","ENSG00000116824.5"
"ENSG00000109436.8","ENSG00000160284.15","ENSG00000270714.1","","ENSG00000276488.1"
"ENSG00000272841.1","ENSG00000286797.1","ENSG00000136295.15","","ENSG00000162062.15"
"ENSG00000140332.17","ENSG00000135902.10","ENSG00000187840.5","","ENSG00000168282.6"
"ENSG00000139725.8","ENSG00000079257.8","ENSG00000159216.19","","ENSG00000196562.14"
"ENSG00000221539.1","ENSG00000005448.17","ENSG00000166012.17","","ENSG00000101003.10"
"ENSG00000230498.3","ENSG00000159714.12","ENSG00000170779.11","","ENSG00000172716.16"
"ENSG00000164175.15","ENSG00000240764.4","ENSG00000243449.6","","ENSG00000121895.8"
"ENSG00000136379.12","ENSG00000275393.1","ENSG00000189343.7","","ENSG00000167601.12"
"ENSG00000217644.5","ENSG00000159399.10","ENSG00000287569.1","","ENSG00000004399.13"
"ENSG00000081923.15","ENSG00000260578.1","ENSG00000186871.7","","ENSG00000170442.12"
"ENSG00000068489.13","ENSG00000204624.8","ENSG00000230561.4","","ENSG00000087245.13"
"ENSG00000248712.7","ENSG00000272512.1","ENSG00000107833.10","","ENSG00000180815.14"
"ENSG00000176956.13","ENSG00000233930.4","ENSG00000273568.1","","ENSG00000122223.13"
"ENSG00000070915.10","ENSG00000076706.17","ENSG00000213420.8","","ENSG00000111181.12"
"ENSG00000221955.11","ENSG00000163535.18","ENSG00000104728.16","","ENSG00000149554.13"
"ENSG00000268034.1","ENSG00000278023.7","ENSG00000075218.19","","ENSG00000082512.15"
"ENSG00000163623.9","ENSG00000276649.1","ENSG00000142530.11","","ENSG00000184661.14"
"ENSG00000286407.1","ENSG00000171729.14","ENSG00000149150.9","","ENSG00000102287.19"
"ENSG00000267573.1","ENSG00000238045.9","ENSG00000235890.2","","ENSG00000146263.11"
"ENSG00000133321.11","ENSG00000102359.8","ENSG00000186792.17","","ENSG00000123473.16"
"ENSG00000196118.12","ENSG00000105963.15","ENSG00000245648.2","","ENSG00000130589.16"
"ENSG00000254978.2","ENSG00000165084.16","ENSG00000170293.9","","ENSG00000140678.17"
"ENSG00000276116.2","ENSG00000280157.1","ENSG00000205667.3","","ENSG00000175643.10"
"ENSG00000137135.18","ENSG00000204681.11","ENSG00000171793.16","","ENSG00000068079.8"
"ENSG00000185842.15","ENSG00000102034.17","ENSG00000143590.14","","ENSG00000269053.1"
"ENSG00000233493.4","ENSG00000260804.3","ENSG00000270000.1","","ENSG00000149609.6"
"ENSG00000140379.9","ENSG00000260495.1","ENSG00000281091.3","","ENSG00000100351.17"
"ENSG00000259153.2","ENSG00000260070.1","ENSG00000141293.16","","ENSG00000263513.5"
"ENSG00000129195.16","ENSG00000183150.8","ENSG00000130589.16","","ENSG00000160185.15"
"ENSG00000204219.11","ENSG00000287760.1","ENSG00000163393.13","","ENSG00000170581.14"
"ENSG00000286281.1","ENSG00000197506.8","ENSG00000174791.11","","ENSG00000203999.9"
"ENSG00000164406.8","ENSG00000173715.18","ENSG00000137807.16","","ENSG00000185862.7"
"ENSG00000134020.8","ENSG00000137261.14","ENSG00000102384.13","","ENSG00000197471.12"
"ENSG00000128886.12","ENSG00000171320.15","ENSG00000165732.13","","ENSG00000213713.3"
"ENSG00000187621.15","ENSG00000162437.14","ENSG00000214944.9","","ENSG00000285278.1"
"ENSG00000230489.1","ENSG00000268812.3","ENSG00000101333.17","","ENSG00000080839.12"
"ENSG00000213988.11","ENSG00000276791.1","ENSG00000137692.12","","ENSG00000224402.2"
"ENSG00000186340.16","ENSG00000134780.10","ENSG00000090447.12","","ENSG00000117281.16"
"ENSG00000285416.1","ENSG00000167178.16","ENSG00000179528.16","","ENSG00000179348.12"
"ENSG00000168907.13","ENSG00000270607.1","ENSG00000125630.16","","ENSG00000274641.2"
"ENSG00000105327.18","ENSG00000029534.21","ENSG00000213923.13","","ENSG00000245275.8"
"ENSG00000185442.13","ENSG00000114670.14","ENSG00000205089.8","","ENSG00000214826.5"
"ENSG00000095970.17","ENSG00000238120.1","ENSG00000118557.16","","ENSG00000253669.4"
"ENSG00000169891.18","ENSG00000008300.17","ENSG00000070718.12","","ENSG00000101986.12"
"ENSG00000180921.7","ENSG00000088538.13","ENSG00000112541.17","","ENSG00000178295.15"
"ENSG00000267383.7","ENSG00000273888.1","ENSG00000162639.16","","ENSG00000133816.17"
"ENSG00000133328.4","ENSG00000274698.1","ENSG00000223803.1","","ENSG00000143147.14"
"ENSG00000274425.1","ENSG00000125398.8","ENSG00000111335.13","","ENSG00000250656.2"
"ENSG00000279289.1","ENSG00000095587.9","ENSG00000144381.18","","ENSG00000135314.12"
"ENSG00000137501.17","ENSG00000227755.1","ENSG00000198208.12","","ENSG00000134222.16"
"ENSG00000177570.15","ENSG00000187372.11","ENSG00000085999.13","","ENSG00000143228.13"
"ENSG00000234678.2","ENSG00000196526.10","ENSG00000161996.19","","ENSG00000242622.2"
"ENSG00000222872.1","ENSG00000187098.17","ENSG00000153291.16","","ENSG00000229056.2"
"ENSG00000258875.6","ENSG00000227825.4","ENSG00000274825.1","","ENSG00000109861.17"
"ENSG00000269473.1","ENSG00000272953.1","ENSG00000123473.16","","ENSG00000260121.1"
"ENSG00000146197.9","ENSG00000248727.6","ENSG00000110536.14","","ENSG00000169679.15"
"ENSG00000071539.14","ENSG00000026025.16","ENSG00000169220.18","","ENSG00000285053.1"
"ENSG00000097046.13","ENSG00000225556.1","ENSG00000128408.9","","ENSG00000165490.13"
"ENSG00000170017.12","ENSG00000229848.1","ENSG00000196366.3","","ENSG00000198056.15"
"ENSG00000127423.11","ENSG00000227486.2","ENSG00000228252.9","","ENSG00000183856.11"
"ENSG00000255182.2","ENSG00000142731.11","ENSG00000125531.7","","ENSG00000128595.17"
"ENSG00000277383.1","ENSG00000171435.14","ENSG00000169908.12","","ENSG00000073861.3"
"ENSG00000164049.14","ENSG00000155974.12","ENSG00000060558.4","","ENSG00000149781.13"
"ENSG00000237846.1","ENSG00000275772.1","ENSG00000142621.19","","ENSG00000164294.14"
"ENSG00000213928.9","ENSG00000278995.1","ENSG00000164038.16","","ENSG00000114251.15"
"ENSG00000099337.5","ENSG00000162009.8","ENSG00000260145.1","","ENSG00000251593.1"
"ENSG00000285872.1","ENSG00000140931.20","ENSG00000268756.1","","ENSG00000136634.7"
"ENSG00000203499.12","ENSG00000162643.13","ENSG00000127399.15","","ENSG00000245522.2"
"ENSG00000206053.13","ENSG00000133962.8","ENSG00000189007.16","","ENSG00000124126.14"
"ENSG00000205913.7","ENSG00000272788.1","ENSG00000106105.15","","ENSG00000158869.11"
"ENSG00000260555.1","ENSG00000129667.13","ENSG00000016402.13","","ENSG00000105011.9"
"ENSG00000197670.6","ENSG00000260589.1","ENSG00000087586.18","","ENSG00000172543.8"
"ENSG00000232750.2","ENSG00000204618.8","ENSG00000175792.12","","ENSG00000105639.20"
"ENSG00000172818.10","ENSG00000196935.9","ENSG00000175877.4","","ENSG00000257702.3"
"ENSG00000259940.2","ENSG00000265096.2","ENSG00000040608.14","","ENSG00000071539.14"
"ENSG00000227617.9","ENSG00000075702.18","ENSG00000107281.10","","ENSG00000135976.20"
"ENSG00000267201.1","ENSG00000257743.8","ENSG00000083635.8","","ENSG00000254732.2"
"ENSG00000236809.2","ENSG00000141696.13","ENSG00000204839.9","","ENSG00000155011.9"
"ENSG00000152766.6","ENSG00000277128.2","ENSG00000115009.13","","ENSG00000108001.15"
"ENSG00000270804.1","ENSG00000227992.1","ENSG00000226450.2","","ENSG00000270195.2"
"ENSG00000100479.13","ENSG00000224543.4","ENSG00000125337.19","","ENSG00000076382.17"
"ENSG00000253210.2","ENSG00000182183.15","ENSG00000252743.1","","ENSG00000163923.10"
"ENSG00000162814.11","ENSG00000261924.1","ENSG00000117724.13","","ENSG00000163507.14"
"ENSG00000187017.17","ENSG00000180340.7","ENSG00000136108.15","","ENSG00000038382.20"
"ENSG00000161664.7","ENSG00000254332.1","ENSG00000101294.18","","ENSG00000157833.13"
"ENSG00000134183.12","ENSG00000287851.1","ENSG00000067955.15","","ENSG00000140853.16"
"ENSG00000258414.1","ENSG00000139354.11","ENSG00000165724.6","","ENSG00000267102.1"
"ENSG00000162888.4","ENSG00000100994.12","ENSG00000168005.9","","ENSG00000104814.13"
"ENSG00000284946.1","ENSG00000183844.17","ENSG00000273619.1","","ENSG00000006118.15"
"ENSG00000271969.1","ENSG00000099256.19","ENSG00000147509.14","","ENSG00000074657.14"
"ENSG00000280832.1","ENSG00000144369.13","ENSG00000134057.15","","ENSG00000213397.10"
"ENSG00000170421.12","ENSG00000170122.5","ENSG00000255566.1","","ENSG00000172123.13"
"ENSG00000144136.11","ENSG00000259732.1","ENSG00000205704.7","","ENSG00000117650.13"
"ENSG00000102001.13","ENSG00000105514.8","ENSG00000286557.1","","ENSG00000227440.1"
"ENSG00000137968.16","ENSG00000158164.7","ENSG00000047634.15","","ENSG00000286067.1"
"ENSG00000224805.2","ENSG00000001626.16","ENSG00000077152.11","","ENSG00000125864.14"
"ENSG00000163568.15","ENSG00000135835.12","ENSG00000113356.13","","ENSG00000260097.3"
"ENSG00000116133.13","ENSG00000276571.1","ENSG00000134668.12","","ENSG00000136108.15"
"ENSG00000130812.10","ENSG00000134871.19","ENSG00000159259.8","","ENSG00000104894.12"
"ENSG00000152076.19","ENSG00000120075.5","ENSG00000276445.1","","ENSG00000164933.12"
"ENSG00000185745.10","ENSG00000232528.3","ENSG00000070501.12","","ENSG00000176148.16"
"ENSG00000187837.4","ENSG00000128567.17","ENSG00000203999.9","","ENSG00000100526.20"
"ENSG00000268941.2","ENSG00000139880.19","ENSG00000277173.1","","ENSG00000069122.19"
"ENSG00000159337.7","ENSG00000162745.10","ENSG00000164163.11","","ENSG00000270557.1"
"ENSG00000152213.4","ENSG00000167552.14","ENSG00000271590.1","","ENSG00000163453.11"
"ENSG00000257696.1","ENSG00000261008.7","ENSG00000087269.16","","ENSG00000253667.2"
"ENSG00000213145.10","ENSG00000288533.1","ENSG00000087253.13","","ENSG00000279861.1"
"ENSG00000256762.1","ENSG00000175772.11","ENSG00000198546.15","","ENSG00000181544.15"
"ENSG00000276445.1","ENSG00000122420.10","ENSG00000273142.1","","ENSG00000169504.15"
"ENSG00000234773.7","ENSG00000286482.1","ENSG00000196236.13","","ENSG00000140022.13"
"ENSG00000272989.1","ENSG00000149043.16","ENSG00000265912.1","","ENSG00000229152.2"
"ENSG00000234432.4","ENSG00000174791.11","ENSG00000242125.3","","ENSG00000173706.14"
"ENSG00000093009.11","ENSG00000164109.14","ENSG00000244151.1","","ENSG00000268583.2"
"ENSG00000101198.15","ENSG00000140511.12","ENSG00000077348.9","","ENSG00000182366.10"
"ENSG00000179241.13","ENSG00000271447.6","ENSG00000137309.20","","ENSG00000135899.19"
"ENSG00000214207.2","ENSG00000135253.15","ENSG00000100473.18","","ENSG00000198826.11"
"ENSG00000121101.16","ENSG00000171208.10","ENSG00000124802.12","","ENSG00000151692.15"
"ENSG00000185697.16","ENSG00000261664.5","ENSG00000141934.10","","ENSG00000287110.1"
"ENSG00000165490.13","ENSG00000100036.13","ENSG00000125821.13","","ENSG00000083444.17"
"ENSG00000272449.2","ENSG00000197299.12","ENSG00000167751.13","","ENSG00000171241.9"
"ENSG00000277701.5","ENSG00000168615.13","ENSG00000196187.12","","ENSG00000100097.12"
"ENSG00000117560.8","ENSG00000278153.1","ENSG00000225093.1","","ENSG00000166501.14"
"ENSG00000214872.8","ENSG00000185480.12","ENSG00000144395.18","","ENSG00000138080.14"
"ENSG00000188610.12","ENSG00000107819.13","ENSG00000214706.10","","ENSG00000089685.15"
"ENSG00000227039.6","ENSG00000101333.17","ENSG00000101190.13","","ENSG00000117407.17"
"ENSG00000104450.13","ENSG00000140945.17","ENSG00000160606.11","","ENSG00000123643.13"
"ENSG00000160791.13","ENSG00000250208.6","ENSG00000285106.2","","ENSG00000270257.1"
"ENSG00000261732.1","ENSG00000172460.17","ENSG00000111912.20","","ENSG00000168502.17"
"ENSG00000264491.1","ENSG00000102934.10","ENSG00000243181.2","","ENSG00000238018.2"
"ENSG00000141449.15","ENSG00000179674.4","ENSG00000123131.13","","ENSG00000166508.18"
"ENSG00000154654.15","ENSG00000179431.7","ENSG00000106927.12","","ENSG00000054277.14"
"ENSG00000205890.3","ENSG00000102802.10","ENSG00000126602.11","","ENSG00000169607.13"
"ENSG00000259500.1","ENSG00000197261.11","ENSG00000274964.1","","ENSG00000245149.4"
"ENSG00000245149.4","ENSG00000274427.1","ENSG00000230215.1","","ENSG00000168067.12"
"ENSG00000180263.14","ENSG00000274270.1","ENSG00000130827.6","","ENSG00000130684.14"
"ENSG00000198331.11","ENSG00000206538.9","ENSG00000176029.14","","ENSG00000250116.2"
"ENSG00000250274.2","ENSG00000164951.16","ENSG00000253729.8","","ENSG00000147536.12"
"ENSG00000185527.12","ENSG00000126603.9","ENSG00000119771.15","","ENSG00000131747.15"
"ENSG00000100583.4","ENSG00000272944.1","ENSG00000273045.7","","ENSG00000213420.8"
"ENSG00000160471.13","ENSG00000164574.16","ENSG00000161692.18","","ENSG00000227214.2"
"ENSG00000123219.13","ENSG00000198569.10","ENSG00000181218.5","","ENSG00000167286.10"
"ENSG00000179082.3","ENSG00000280420.1","ENSG00000169710.9","","ENSG00000147065.17"
"ENSG00000073350.14","ENSG00000160352.16","ENSG00000092853.14","","ENSG00000276180.1"
"ENSG00000188886.3","ENSG00000169435.14","ENSG00000180340.7","","ENSG00000168496.4"
"ENSG00000274751.1","ENSG00000224805.2","ENSG00000242578.1","","ENSG00000080986.13"
"ENSG00000279861.1","ENSG00000198554.12","ENSG00000178719.17","","ENSG00000197779.15"
"ENSG00000049192.15","ENSG00000157827.20","ENSG00000157224.16","","ENSG00000100368.14"
"ENSG00000162924.15","ENSG00000105131.8","ENSG00000160949.17","","ENSG00000248858.7"
"ENSG00000285653.1","ENSG00000213123.11","ENSG00000151846.8","","ENSG00000283632.4"
"ENSG00000285812.1","ENSG00000167695.15","ENSG00000097046.13","","ENSG00000171812.13"
"ENSG00000122741.16","ENSG00000073711.11","ENSG00000273723.1","","ENSG00000135077.9"
"ENSG00000168298.7","ENSG00000127252.7","ENSG00000062282.15","","ENSG00000159433.12"
"ENSG00000130545.16","ENSG00000167646.14","ENSG00000249244.1","","ENSG00000188483.8"
"ENSG00000253522.6","ENSG00000237686.7","ENSG00000260428.3","","ENSG00000260920.2"
"ENSG00000176912.5","ENSG00000252743.1","ENSG00000133131.15","","ENSG00000131944.10"
"ENSG00000198466.12","ENSG00000134215.16","ENSG00000267041.6","","ENSG00000117228.10"
"ENSG00000157103.12","ENSG00000133083.15","ENSG00000168676.11","","ENSG00000138172.11"
"ENSG00000260942.1","ENSG00000275632.1","ENSG00000164951.16","","ENSG00000167202.11"
"ENSG00000270903.1","ENSG00000175352.11","ENSG00000137965.11","","ENSG00000115165.10"
"ENSG00000282742.1","ENSG00000164294.14","ENSG00000155100.11","","ENSG00000124181.14"
"ENSG00000233058.2","ENSG00000255310.2","ENSG00000274443.4","","ENSG00000180626.10"
"ENSG00000240204.3","ENSG00000205277.9","ENSG00000102265.12","","ENSG00000138031.14"
"ENSG00000213830.3","ENSG00000074219.14","ENSG00000080839.12","","ENSG00000136205.17"
"ENSG00000237440.9","ENSG00000196924.19","ENSG00000204618.8","","ENSG00000134242.16"
"ENSG00000105649.10","ENSG00000084207.18","ENSG00000049768.16","","ENSG00000173905.9"
"ENSG00000095752.7","ENSG00000253666.2","ENSG00000115274.15","","ENSG00000100298.16"
"ENSG00000100558.9","ENSG00000141576.16","ENSG00000272540.1","","ENSG00000168005.9"
"ENSG00000179456.10","ENSG00000177508.12","ENSG00000104881.16","","ENSG00000271862.1"
"ENSG00000128578.10","ENSG00000285053.1","ENSG00000121621.7","","ENSG00000273004.1"
"ENSG00000269934.3","ENSG00000167123.19","ENSG00000221926.13","","ENSG00000077152.11"
"ENSG00000101278.6","ENSG00000206190.12","ENSG00000225518.3","","ENSG00000175455.16"
"ENSG00000269794.1","ENSG00000228168.1","ENSG00000278192.1","","ENSG00000035499.13"
"ENSG00000223478.1","ENSG00000101144.13","ENSG00000137843.12","","ENSG00000267745.1"
"ENSG00000287071.1","ENSG00000071051.14","ENSG00000100105.18","","ENSG00000114115.10"
"ENSG00000196976.7","ENSG00000166803.14","ENSG00000207181.1","","ENSG00000108379.10"
"ENSG00000141582.15","ENSG00000221818.9","ENSG00000205869.2","","ENSG00000121931.16"
"ENSG00000255624.3","ENSG00000051523.11","ENSG00000167513.9","","ENSG00000279407.1"
"ENSG00000110436.13","ENSG00000166171.13","ENSG00000103494.15","","ENSG00000010292.13"
"ENSG00000160298.18","ENSG00000231205.11","ENSG00000132003.9","","ENSG00000131470.15"
"ENSG00000050730.16","ENSG00000172687.13","ENSG00000148840.11","","ENSG00000234750.1"
"ENSG00000250608.2","ENSG00000198286.10","ENSG00000280206.1","","ENSG00000166523.8"
"ENSG00000262468.6","ENSG00000131097.7","ENSG00000204316.13","","ENSG00000287151.1"
"ENSG00000225578.1","ENSG00000109113.20","ENSG00000136492.9","","ENSG00000162639.16"
"ENSG00000225361.4","ENSG00000157613.11","ENSG00000163811.12","","ENSG00000091409.15"
"ENSG00000231651.1","ENSG00000267737.1","ENSG00000125772.14","","ENSG00000141028.6"
"ENSG00000146476.11","ENSG00000255737.2","ENSG00000141933.9","","ENSG00000258366.9"
"ENSG00000196172.9","ENSG00000092421.17","ENSG00000225489.7","","ENSG00000131378.14"
"ENSG00000013725.14","ENSG00000197905.10","ENSG00000230454.1","","ENSG00000113273.17"
"ENSG00000287405.1","ENSG00000105997.22","ENSG00000257446.4","","ENSG00000187801.15"
"ENSG00000164109.14","ENSG00000185760.17","ENSG00000174788.10","","ENSG00000168995.13"
"ENSG00000117226.12","ENSG00000205740.2","ENSG00000214078.13","","ENSG00000153317.15"
"ENSG00000213212.3","ENSG00000180891.13","ENSG00000169679.15","","ENSG00000134594.5"
"ENSG00000151012.13","ENSG00000053524.12","ENSG00000285812.1","","ENSG00000111252.11"
"ENSG00000183918.17","ENSG00000253368.4","ENSG00000228444.2","","ENSG00000146112.12"
"ENSG00000229901.1","ENSG00000069849.11","ENSG00000185803.12","","ENSG00000051341.14"
"ENSG00000269489.1","ENSG00000274414.1","ENSG00000070756.17","","ENSG00000002822.15"
"ENSG00000274925.1","ENSG00000161381.14","ENSG00000261659.2","","ENSG00000198108.4"
"ENSG00000090534.20","ENSG00000277351.1","ENSG00000134107.5","","ENSG00000143702.16"
"ENSG00000233122.2","ENSG00000120162.10","ENSG00000168672.4","",""
"ENSG00000249042.6","ENSG00000232229.6","ENSG00000254109.6","",""
"ENSG00000188095.6","ENSG00000120334.15","ENSG00000176244.7","",""
"ENSG00000238178.7","ENSG00000265702.2","ENSG00000106125.14","",""
"ENSG00000184992.13","ENSG00000227388.3","ENSG00000179772.8","",""
"ENSG00000260793.2","ENSG00000163888.4","ENSG00000147799.11","",""
"ENSG00000174567.8","ENSG00000164221.13","ENSG00000113460.13","",""
"ENSG00000237522.1","ENSG00000072832.15","ENSG00000281706.3","",""
"ENSG00000196796.5","ENSG00000167900.12","ENSG00000153944.12","",""
"ENSG00000163463.13","ENSG00000204052.4","ENSG00000280106.1","",""
"ENSG00000111490.15","ENSG00000125864.14","ENSG00000158050.5","",""
"ENSG00000115257.15","ENSG00000227473.1","ENSG00000124571.18","",""
"ENSG00000027869.12","ENSG00000131470.15","ENSG00000138778.13","",""
"ENSG00000204869.8","ENSG00000242715.8","ENSG00000114554.11","",""
"ENSG00000143653.10","ENSG00000124766.7","ENSG00000223705.9","",""
"ENSG00000141574.8","ENSG00000205238.9","ENSG00000261040.7","",""
"ENSG00000139835.14","ENSG00000137285.10","ENSG00000167618.10","",""
"ENSG00000134215.16","ENSG00000137747.16","ENSG00000189057.11","",""
"ENSG00000108106.14","ENSG00000121895.8","ENSG00000181649.8","",""
"ENSG00000157870.17","ENSG00000287895.1","ENSG00000224356.5","",""
"ENSG00000235655.3","ENSG00000241155.1","ENSG00000221944.9","",""
"ENSG00000160325.15","ENSG00000106462.11","ENSG00000165304.8","",""
"ENSG00000127586.17","ENSG00000188152.13","ENSG00000177674.16","",""
"ENSG00000102316.17","ENSG00000145147.20","ENSG00000269821.1","",""
"ENSG00000111371.16","ENSG00000143632.14","ENSG00000196118.12","",""
"ENSG00000144550.13","ENSG00000100302.7","ENSG00000188878.19","",""
"ENSG00000156398.13","ENSG00000247081.8","ENSG00000272556.2","",""
"ENSG00000111799.21","ENSG00000162929.14","ENSG00000206828.1","",""
"ENSG00000178772.7","ENSG00000004846.16","ENSG00000105855.10","",""
"ENSG00000272079.2","ENSG00000274070.2","ENSG00000100401.20","",""
"ENSG00000204872.4","ENSG00000167861.16","ENSG00000171453.20","",""
"ENSG00000278709.2","ENSG00000237928.6","ENSG00000165752.17","",""
"ENSG00000274270.1","ENSG00000287692.1","ENSG00000163938.17","",""
"ENSG00000248971.2","ENSG00000168676.11","ENSG00000183150.8","",""
"ENSG00000124635.9","ENSG00000287906.1","ENSG00000090889.12","",""
"ENSG00000255367.3","ENSG00000183307.4","ENSG00000099810.21","",""
"ENSG00000125505.17","ENSG00000280079.1","ENSG00000146918.20","",""
"ENSG00000260852.1","ENSG00000241484.10","ENSG00000280303.2","",""
"ENSG00000090661.12","ENSG00000180044.5","ENSG00000283294.1","",""
"ENSG00000175463.12","ENSG00000132000.13","ENSG00000176022.7","",""
"ENSG00000100385.14","ENSG00000135314.12","ENSG00000225556.1","",""
"ENSG00000282173.1","ENSG00000091129.21","ENSG00000149554.13","",""
"ENSG00000123124.14","ENSG00000186638.16","ENSG00000272138.2","",""
"ENSG00000283341.2","ENSG00000119681.12","ENSG00000196305.18","",""
"ENSG00000095585.17","ENSG00000114554.11","ENSG00000229358.3","",""
"ENSG00000136108.15","ENSG00000213420.8","ENSG00000055044.11","",""
"ENSG00000169122.11","ENSG00000184489.12","ENSG00000126787.13","",""
"ENSG00000286623.1","ENSG00000163235.16","ENSG00000099901.17","",""
"ENSG00000287110.1","ENSG00000234869.1","ENSG00000164171.11","",""
"ENSG00000161911.11","ENSG00000140443.15","ENSG00000273008.1","",""
"ENSG00000149269.10","ENSG00000243701.7","ENSG00000165271.17","",""
"ENSG00000156587.16","ENSG00000229178.1","ENSG00000170448.12","",""
"ENSG00000279331.1","ENSG00000259840.1","ENSG00000284194.3","",""
"ENSG00000175591.12","ENSG00000245522.2","ENSG00000176619.13","",""
"ENSG00000172375.14","ENSG00000115526.11","ENSG00000171757.17","",""
"ENSG00000153060.8","ENSG00000105738.11","ENSG00000106628.11","",""
"ENSG00000175279.22","ENSG00000005102.14","ENSG00000012048.23","",""
"ENSG00000160753.16","ENSG00000269516.6","ENSG00000174177.13","",""
"ENSG00000134253.10","ENSG00000176945.17","ENSG00000143126.8","",""
"ENSG00000230457.3","ENSG00000154380.17","ENSG00000135446.17","",""
"ENSG00000158714.11","ENSG00000279673.1","ENSG00000233672.9","",""
"ENSG00000171310.11","ENSG00000186481.16","ENSG00000176124.15","",""
"ENSG00000261360.1","ENSG00000214510.10","ENSG00000235297.3","",""
"ENSG00000176601.13","ENSG00000196793.14","ENSG00000135372.9","",""
"ENSG00000175746.6","ENSG00000186409.18","ENSG00000284727.1","",""
"ENSG00000079616.13","ENSG00000273002.1","ENSG00000267500.1","",""
"ENSG00000227896.2","ENSG00000118432.12","ENSG00000161970.15","",""
"ENSG00000269959.1","ENSG00000280537.2","ENSG00000287315.1","",""
"ENSG00000214988.4","ENSG00000165105.10","ENSG00000274026.2","",""
"ENSG00000197372.10","ENSG00000106683.15","ENSG00000105258.9","",""
"ENSG00000267348.3","ENSG00000109736.15","ENSG00000218891.5","",""
"ENSG00000011422.12","ENSG00000235370.6","ENSG00000101189.7","",""
"ENSG00000215845.11","ENSG00000233117.4","ENSG00000106686.16","",""
"ENSG00000161996.19","ENSG00000287595.1","ENSG00000253930.1","",""
"ENSG00000163507.14","ENSG00000250486.5","ENSG00000274943.1","",""
"ENSG00000111057.11","ENSG00000181885.18","ENSG00000179598.6","",""
"ENSG00000279039.1","ENSG00000196923.14","ENSG00000123843.13","",""
"ENSG00000283839.1","ENSG00000178752.16","ENSG00000091409.15","",""
"ENSG00000260855.1","ENSG00000225269.3","ENSG00000279199.1","",""
"ENSG00000203497.2","ENSG00000123352.18","ENSG00000143476.18","",""
"ENSG00000186973.11","ENSG00000276417.1","ENSG00000111331.13","",""
"ENSG00000269970.1","ENSG00000188282.12","ENSG00000244405.8","",""
"ENSG00000247363.2","ENSG00000109265.14","ENSG00000181333.12","",""
"ENSG00000260135.7","ENSG00000108852.15","ENSG00000285043.2","",""
"ENSG00000133142.18","ENSG00000156515.24","ENSG00000186094.17","",""
"ENSG00000203327.2","ENSG00000079101.16","ENSG00000132382.15","",""
"ENSG00000163013.12","ENSG00000182718.18","ENSG00000172216.6","",""
"ENSG00000166557.14","ENSG00000215795.2","ENSG00000185480.12","",""
"ENSG00000111348.9","ENSG00000176454.14","ENSG00000140525.19","",""
"ENSG00000204904.7","ENSG00000280351.2","ENSG00000106484.16","",""
"ENSG00000204930.10","ENSG00000285278.1","ENSG00000160813.7","",""
"ENSG00000254521.7","ENSG00000287712.1","ENSG00000109674.4","",""
"ENSG00000285053.1","ENSG00000261713.6","ENSG00000101158.15","",""
"ENSG00000287851.1","ENSG00000146072.6","ENSG00000178460.18","",""
"ENSG00000279662.1","ENSG00000204385.13","ENSG00000171084.15","",""
"ENSG00000279611.1","ENSG00000269978.1","ENSG00000105281.12","",""
"ENSG00000185156.6","ENSG00000197093.11","ENSG00000159714.12","",""
"ENSG00000287975.1","ENSG00000103888.17","ENSG00000253966.1","",""
"ENSG00000259529.2","ENSG00000259349.2","ENSG00000256029.6","",""
"ENSG00000163535.18","ENSG00000274737.1","ENSG00000188015.10","",""
"ENSG00000203734.12","ENSG00000061273.18","ENSG00000178105.11","",""
"ENSG00000270248.1","ENSG00000138769.11","ENSG00000138346.15","",""
"ENSG00000147799.11","ENSG00000103490.14","ENSG00000160867.15","",""
"ENSG00000279837.1","ENSG00000147889.18","ENSG00000159871.15","",""
"ENSG00000172366.20","ENSG00000225151.10","ENSG00000155367.15","",""
"ENSG00000186907.8","ENSG00000102890.16","ENSG00000159423.17","",""
"ENSG00000161405.17","ENSG00000054356.14","ENSG00000173145.11","",""
"ENSG00000113763.12","ENSG00000075073.15","ENSG00000100526.20","",""
"ENSG00000112996.11","ENSG00000276975.3","ENSG00000115946.8","",""
"ENSG00000272744.1","ENSG00000065911.13","ENSG00000006625.18","",""
"ENSG00000264047.2","ENSG00000149639.15","ENSG00000275807.1","",""
"ENSG00000164045.12","ENSG00000144063.4","ENSG00000272202.1","",""
"ENSG00000182481.10","ENSG00000173894.11","ENSG00000142623.11","",""
"ENSG00000140479.18","ENSG00000118513.19","ENSG00000200913.1","",""
"ENSG00000133055.9","ENSG00000077063.11","ENSG00000073536.18","",""
"ENSG00000147255.19","ENSG00000113578.18","ENSG00000109610.6","",""
"ENSG00000215217.7","ENSG00000151725.12","ENSG00000123975.5","",""
"ENSG00000185090.14","ENSG00000103222.20","ENSG00000116337.19","",""
"ENSG00000233966.1","ENSG00000261716.2","ENSG00000148935.11","",""
"ENSG00000131171.13","ENSG00000129038.16","ENSG00000130193.8","",""
"ENSG00000104524.14","ENSG00000254364.1","ENSG00000112378.12","",""
"ENSG00000119969.15","ENSG00000188290.11","ENSG00000185238.13","",""
"ENSG00000233155.1","ENSG00000172197.11","ENSG00000125835.19","",""
"ENSG00000196081.10","ENSG00000229852.4","ENSG00000134222.16","",""
"ENSG00000279199.1","ENSG00000076864.19","ENSG00000265817.4","",""
"ENSG00000172465.14","ENSG00000170955.10","ENSG00000184956.16","",""
"ENSG00000237638.2","ENSG00000261373.1","ENSG00000169330.9","",""
"ENSG00000178966.17","ENSG00000224596.8","ENSG00000142185.16","",""
"ENSG00000166578.10","ENSG00000176971.4","ENSG00000226496.3","",""
"ENSG00000143493.13","ENSG00000244556.1","ENSG00000253716.6","",""
"ENSG00000238113.7","ENSG00000105523.3","ENSG00000213123.11","",""
"ENSG00000141696.13","ENSG00000226281.4","ENSG00000254812.1","",""
"ENSG00000203709.12","ENSG00000134245.18","ENSG00000166197.17","",""
"ENSG00000115687.14","ENSG00000170927.15","ENSG00000226396.1","",""
"ENSG00000156886.12","ENSG00000263724.2","ENSG00000132182.12","",""
"ENSG00000271366.1","ENSG00000014257.16","ENSG00000234494.7","",""
"ENSG00000256282.1","ENSG00000141469.18","ENSG00000283486.2","",""
"ENSG00000213199.8","ENSG00000088325.16","ENSG00000226174.7","",""
"ENSG00000188981.11","ENSG00000276850.5","ENSG00000287860.1","",""
"ENSG00000142606.16","ENSG00000275491.1","ENSG00000177602.5","",""
"ENSG00000104894.12","ENSG00000249375.8","ENSG00000134490.14","",""
"ENSG00000131944.10","ENSG00000188130.14","ENSG00000180900.20","",""
"ENSG00000173193.15","ENSG00000164484.12","ENSG00000165689.17","",""
"ENSG00000196735.13","ENSG00000183160.9","ENSG00000065268.11","",""
"ENSG00000279407.1","ENSG00000224367.6","ENSG00000188486.3","",""
"ENSG00000160326.14","ENSG00000105519.18","ENSG00000137574.11","",""
"ENSG00000137877.10","ENSG00000140873.16","ENSG00000173918.15","",""
"ENSG00000198018.7","ENSG00000260428.3","ENSG00000267342.1","",""
"ENSG00000140443.15","ENSG00000260588.1","ENSG00000286874.1","",""
"ENSG00000279970.1","ENSG00000287151.1","ENSG00000100068.13","",""
"ENSG00000071553.18","ENSG00000205593.12","ENSG00000212232.1","",""
"ENSG00000149582.16","ENSG00000143147.14","ENSG00000245149.4","",""
"ENSG00000090971.5","ENSG00000085662.14","ENSG00000224805.2","",""
"ENSG00000232004.1","ENSG00000149218.5","ENSG00000132031.13","",""
"ENSG00000197385.6","ENSG00000273008.1","ENSG00000100814.18","",""
"ENSG00000182272.12","ENSG00000230393.1","ENSG00000146263.11","",""
"ENSG00000277363.5","ENSG00000196950.14","ENSG00000146731.11","",""
"ENSG00000272551.1","ENSG00000105643.10","ENSG00000136689.19","",""
"ENSG00000114654.7","ENSG00000237977.1","ENSG00000111641.12","",""
"ENSG00000123728.10","ENSG00000111412.6","ENSG00000223749.11","",""
"ENSG00000204991.11","ENSG00000277744.1","ENSG00000166851.15","",""
"ENSG00000033170.17","ENSG00000279255.1","ENSG00000249115.9","",""
"ENSG00000275437.1","ENSG00000166173.11","ENSG00000115541.11","",""
"ENSG00000269086.3","ENSG00000022567.10","ENSG00000125485.17","",""
"ENSG00000226763.5","ENSG00000267288.2","ENSG00000265298.1","",""
"ENSG00000114770.17","ENSG00000121236.21","ENSG00000143067.5","",""
"ENSG00000092978.11","ENSG00000109586.12","ENSG00000187109.15","",""
"ENSG00000279296.1","ENSG00000149256.16","ENSG00000187801.15","",""
"ENSG00000177888.8","ENSG00000149926.13","ENSG00000254854.1","",""
"ENSG00000089723.10","ENSG00000187498.16","ENSG00000123179.14","",""
"ENSG00000143748.18","ENSG00000151693.11","ENSG00000111490.15","",""
"ENSG00000100911.16","ENSG00000204650.14","ENSG00000111206.13","",""
"ENSG00000250041.3","ENSG00000189223.15","ENSG00000104522.16","",""
"ENSG00000170044.8","ENSG00000188211.9","ENSG00000240616.1","",""
"ENSG00000139163.16","ENSG00000203952.9","ENSG00000183479.12","",""
"ENSG00000134222.16","ENSG00000005059.16","ENSG00000153551.14","",""
"ENSG00000188761.13","ENSG00000196542.8","ENSG00000171159.5","",""
"ENSG00000137216.19","ENSG00000166845.15","ENSG00000135632.12","",""
"ENSG00000149554.13","ENSG00000255366.1","ENSG00000106344.8","",""
"ENSG00000172382.10","ENSG00000172476.4","ENSG00000133612.19","",""
"ENSG00000270195.2","ENSG00000141738.14","ENSG00000101236.17","",""
"ENSG00000125967.17","ENSG00000157992.12","ENSG00000205622.11","",""
"ENSG00000257512.1","ENSG00000286216.1","ENSG00000158042.9","",""
"ENSG00000143801.18","ENSG00000176597.12","ENSG00000120327.6","",""
"ENSG00000134986.14","ENSG00000233542.2","ENSG00000160214.13","",""
"ENSG00000232850.3","ENSG00000169031.20","ENSG00000105327.18","",""
"ENSG00000187123.15","ENSG00000268601.1","ENSG00000110400.11","",""
"ENSG00000110660.15","ENSG00000152137.8","ENSG00000273064.1","",""
"ENSG00000165244.7","ENSG00000279821.1","ENSG00000272077.1","",""
"ENSG00000182685.7","ENSG00000132359.15","ENSG00000132635.17","",""
"ENSG00000231305.4","ENSG00000220323.4","ENSG00000249007.1","",""
"ENSG00000262966.2","ENSG00000163399.16","ENSG00000122861.16","",""
"ENSG00000109062.12","ENSG00000129353.15","ENSG00000264548.1","",""
"ENSG00000110080.20","ENSG00000167460.17","ENSG00000180817.12","",""
"ENSG00000182325.11","ENSG00000263006.6","ENSG00000236699.9","",""
"ENSG00000168496.4","ENSG00000117407.17","ENSG00000107937.19","",""
"ENSG00000263528.8","ENSG00000035115.22","ENSG00000135919.14","",""
"ENSG00000167513.9","ENSG00000124657.1","ENSG00000000460.17","",""
"ENSG00000142408.6","ENSG00000224431.1","ENSG00000141076.18","",""
"ENSG00000215493.3","ENSG00000204241.8","ENSG00000167280.17","",""
"ENSG00000244187.8","ENSG00000230638.4","ENSG00000130299.17","",""
"ENSG00000171617.14","ENSG00000183479.12","ENSG00000064102.15","",""
"ENSG00000185420.19","ENSG00000279198.1","ENSG00000110911.16","",""
"ENSG00000226266.6","ENSG00000182771.19","ENSG00000197989.14","",""
"ENSG00000143549.21","ENSG00000198756.12","ENSG00000239900.13","",""
"ENSG00000261723.1","ENSG00000114405.11","ENSG00000161888.11","",""
"ENSG00000279259.1","ENSG00000118307.20","ENSG00000164045.12","",""
"ENSG00000119333.11","ENSG00000259342.1","ENSG00000148843.15","",""
"ENSG00000236060.2","ENSG00000260792.1","ENSG00000231890.8","",""
"ENSG00000196396.10","ENSG00000163629.13","ENSG00000003147.19","",""
"ENSG00000134326.11","ENSG00000143179.16","ENSG00000164611.13","",""
"ENSG00000186638.16","ENSG00000179772.8","ENSG00000227110.7","",""
"ENSG00000261220.2","ENSG00000272108.1","ENSG00000175538.11","",""
"ENSG00000140451.13","ENSG00000163923.10","ENSG00000170515.14","",""
"ENSG00000160190.14","ENSG00000078018.20","ENSG00000180758.12","",""
"ENSG00000131759.18","ENSG00000235927.4","ENSG00000146410.12","",""
"ENSG00000205413.8","ENSG00000149435.12","ENSG00000153044.10","",""
"ENSG00000159363.19","ENSG00000159842.15","ENSG00000117650.13","",""
"ENSG00000228594.4","ENSG00000176619.13","ENSG00000102030.16","",""
"ENSG00000236675.1","ENSG00000225385.3","ENSG00000065183.16","",""
"ENSG00000186868.16","ENSG00000181541.6","ENSG00000275632.1","",""
"ENSG00000266835.6","ENSG00000174705.13","ENSG00000119285.11","",""
"ENSG00000263466.1","ENSG00000147408.14","ENSG00000233578.1","",""
"ENSG00000167232.14","ENSG00000120254.16","ENSG00000263006.6","",""
"ENSG00000174943.11","ENSG00000186806.5","ENSG00000269399.2","",""
"ENSG00000166471.11","ENSG00000175497.17","ENSG00000167291.16","",""
"ENSG00000102879.16","ENSG00000089327.15","ENSG00000115368.10","",""
"ENSG00000128203.7","ENSG00000075391.17","ENSG00000135740.17","",""
"ENSG00000114268.12","ENSG00000114805.18","ENSG00000239857.7","",""
"ENSG00000225506.2","ENSG00000176014.13","ENSG00000130748.7","",""
"ENSG00000267682.1","ENSG00000268555.2","ENSG00000166508.18","",""
"ENSG00000277310.1","ENSG00000168398.7","ENSG00000167523.14","",""
"ENSG00000276255.2","ENSG00000279536.1","ENSG00000188158.16","",""
"ENSG00000163467.12","ENSG00000125744.12","ENSG00000187535.14","",""
"ENSG00000197620.11","ENSG00000185585.20","ENSG00000144554.12","",""
"ENSG00000125898.13","ENSG00000181418.8","ENSG00000158062.20","",""
"ENSG00000169242.12","ENSG00000280255.1","ENSG00000137168.8","",""
"ENSG00000176890.16","ENSG00000166448.15","ENSG00000136891.14","",""
"ENSG00000178146.9","ENSG00000169908.12","ENSG00000139266.6","",""
"ENSG00000230400.3","ENSG00000147378.11","ENSG00000204899.6","",""
"ENSG00000275897.1","ENSG00000272927.1","ENSG00000174586.11","",""
"ENSG00000217801.10","ENSG00000106125.14","ENSG00000113569.16","",""
"ENSG00000178199.14","ENSG00000267648.1","ENSG00000207445.1","",""
"ENSG00000267474.1","ENSG00000287625.1","ENSG00000173272.16","",""
"ENSG00000105479.16","ENSG00000245975.2","ENSG00000123374.11","",""
"ENSG00000143367.16","ENSG00000276952.1","ENSG00000284738.1","",""
"ENSG00000162889.11","ENSG00000203930.12","ENSG00000141101.13","",""
"ENSG00000015133.19","ENSG00000111674.9","ENSG00000185900.11","",""
"ENSG00000260101.1","ENSG00000236098.1","ENSG00000234380.2","",""
"ENSG00000112137.18","ENSG00000277050.1","ENSG00000245522.2","",""
"ENSG00000123999.5","ENSG00000172159.16","ENSG00000259863.1","",""
"ENSG00000101194.18","ENSG00000097046.13","ENSG00000261123.1","",""
"ENSG00000128408.9","ENSG00000154040.21","ENSG00000161860.8","",""
"ENSG00000233532.6","ENSG00000155850.8","ENSG00000251432.7","",""
"ENSG00000120992.18","ENSG00000259683.1","ENSG00000163507.14","",""
"ENSG00000262420.3","ENSG00000226887.8","ENSG00000168778.12","",""
"ENSG00000186074.19","ENSG00000189334.9","ENSG00000232888.4","",""
"ENSG00000136040.9","ENSG00000218226.1","ENSG00000232442.1","",""
"ENSG00000228201.1","ENSG00000255306.1","ENSG00000285756.2","",""
"ENSG00000182489.9","ENSG00000271590.1","ENSG00000175130.7","",""
"ENSG00000275393.1","ENSG00000287507.1","ENSG00000106462.11","",""
"ENSG00000196557.13","ENSG00000177410.13","ENSG00000213185.7","",""
"ENSG00000214796.8","ENSG00000223522.2","ENSG00000101146.13","",""
"ENSG00000089356.18","ENSG00000174151.15","ENSG00000118690.13","",""
"ENSG00000153395.10","ENSG00000163661.4","ENSG00000169621.10","",""
"ENSG00000054967.13","ENSG00000272070.1","ENSG00000177788.6","",""
"ENSG00000280213.1","ENSG00000257913.2","ENSG00000152455.16","",""
"ENSG00000287721.1","ENSG00000101298.15","ENSG00000182199.11","",""
"ENSG00000198521.12","ENSG00000249007.1","ENSG00000204852.16","",""
"ENSG00000244558.6","ENSG00000172915.18","ENSG00000263731.1","",""
"ENSG00000101842.14","ENSG00000144554.12","ENSG00000130810.20","",""
"ENSG00000111602.12","ENSG00000176928.7","ENSG00000176890.16","",""
"ENSG00000170500.13","ENSG00000102001.13","ENSG00000066279.18","",""
"ENSG00000284649.1","ENSG00000114646.10","ENSG00000106263.18","",""
"ENSG00000272913.1","ENSG00000122778.10","ENSG00000141738.14","",""
"ENSG00000160179.19","ENSG00000259674.1","ENSG00000105514.8","",""
"ENSG00000101825.8","ENSG00000286938.1","ENSG00000174276.7","",""
"ENSG00000168394.11","ENSG00000240541.3","ENSG00000145386.11","",""
"ENSG00000156650.14","ENSG00000287575.1","ENSG00000181610.13","",""
"ENSG00000128340.15","ENSG00000166963.13","ENSG00000100479.13","",""
"ENSG00000049130.16","ENSG00000246334.2","ENSG00000134684.11","",""
"ENSG00000204475.10","ENSG00000162415.7","ENSG00000189376.12","",""
"ENSG00000147168.13","ENSG00000286833.1","ENSG00000132768.14","",""
"ENSG00000141570.11","ENSG00000181938.14","ENSG00000204946.10","",""
"ENSG00000156011.17","ENSG00000174996.12","ENSG00000121152.10","",""
"ENSG00000187535.14","ENSG00000023445.16","ENSG00000101670.12","",""
"ENSG00000171302.17","ENSG00000196420.7","ENSG00000235280.2","",""
"ENSG00000077585.14","ENSG00000123892.12","ENSG00000130731.16","",""
"ENSG00000270426.1","ENSG00000224566.2","ENSG00000259020.3","",""
"ENSG00000135052.16","ENSG00000225210.10","ENSG00000178934.5","",""
"ENSG00000248360.7","ENSG00000132321.17","ENSG00000118420.17","",""
"ENSG00000274356.1","ENSG00000260924.2","ENSG00000033170.17","",""
"ENSG00000102100.16","ENSG00000242267.6","ENSG00000213763.4","",""
"ENSG00000129925.11","ENSG00000141527.18","ENSG00000128039.12","",""
"ENSG00000115255.12","ENSG00000003249.15","ENSG00000096384.20","",""
"ENSG00000143390.18","ENSG00000273186.1","ENSG00000234420.7","",""
"ENSG00000183161.6","ENSG00000128274.17","ENSG00000161647.19","",""
"ENSG00000180340.7","ENSG00000198521.12","ENSG00000273243.1","",""
"ENSG00000059588.10","ENSG00000133069.17","ENSG00000240342.3","",""
"ENSG00000167646.14","ENSG00000248690.8","ENSG00000155438.12","",""
"ENSG00000177602.5","ENSG00000187595.16","ENSG00000111300.10","",""
"ENSG00000196517.13","ENSG00000154096.14","ENSG00000109065.12","",""
"ENSG00000270557.1","ENSG00000229901.1","ENSG00000271833.1","",""
"ENSG00000185187.13","ENSG00000125319.15","ENSG00000105011.9","",""
"ENSG00000120436.4","ENSG00000181264.9","ENSG00000171241.9","",""
"ENSG00000198691.13","ENSG00000134207.17","ENSG00000101407.13","",""
"ENSG00000123562.18","ENSG00000111424.12","ENSG00000254111.3","",""
"ENSG00000155530.3","ENSG00000275468.1","ENSG00000092621.13","",""
"ENSG00000128218.8","ENSG00000135862.6","ENSG00000152749.8","",""
"ENSG00000272455.1","ENSG00000287431.1","ENSG00000184967.7","",""
"ENSG00000085840.13","ENSG00000103494.15","ENSG00000133216.17","",""
"ENSG00000140534.14","ENSG00000261143.1","ENSG00000170191.5","",""
"ENSG00000230216.1","ENSG00000286989.1","ENSG00000136367.14","",""
"ENSG00000162104.10","ENSG00000274290.3","ENSG00000080845.18","",""
"ENSG00000230783.1","ENSG00000163638.13","ENSG00000279766.1","",""
"ENSG00000144554.12","ENSG00000267114.1","ENSG00000196510.12","",""
"ENSG00000169083.18","ENSG00000158560.14","ENSG00000006015.18","",""
"ENSG00000265321.1","ENSG00000228623.6","ENSG00000013573.17","",""
"ENSG00000151023.17","ENSG00000184908.18","ENSG00000171877.21","",""
"ENSG00000286331.1","ENSG00000260910.2","ENSG00000221955.11","",""
"ENSG00000233968.7","ENSG00000119632.4","ENSG00000104689.10","",""
"ENSG00000165164.14","ENSG00000223356.1","ENSG00000130649.10","",""
"ENSG00000225339.4","ENSG00000167065.14","ENSG00000068438.15","",""
"ENSG00000140263.15","ENSG00000152785.8","ENSG00000182057.5","",""
"ENSG00000261253.2","ENSG00000006606.9","ENSG00000270720.1","",""
"ENSG00000117528.14","ENSG00000151917.18","ENSG00000150556.17","",""
"ENSG00000272906.1","ENSG00000046604.13","ENSG00000249464.6","",""
"ENSG00000172460.17","ENSG00000165046.13","ENSG00000197498.13","",""
"ENSG00000227218.7","ENSG00000236753.7","ENSG00000075131.10","",""
"ENSG00000054392.13","ENSG00000256124.6","ENSG00000140451.13","",""
"ENSG00000138623.10","ENSG00000272899.4","ENSG00000088727.13","",""
"ENSG00000196542.8","ENSG00000117069.15","ENSG00000155660.11","",""
"ENSG00000230612.3","ENSG00000138376.11","ENSG00000172731.14","",""
"ENSG00000139618.16","ENSG00000007384.15","ENSG00000172893.16","",""
"ENSG00000183155.5","ENSG00000142583.18","ENSG00000263235.1","",""
"ENSG00000154370.16","ENSG00000164694.17","ENSG00000182492.16","",""
"ENSG00000280486.2","ENSG00000287737.1","ENSG00000204394.13","",""
"ENSG00000286682.1","ENSG00000010292.13","ENSG00000215012.9","",""
"ENSG00000141741.12","ENSG00000167173.19","","",""
"ENSG00000130751.10","ENSG00000138400.13","","",""
"ENSG00000287742.1","ENSG00000135269.18","","",""
"ENSG00000165209.19","ENSG00000145882.11","","",""
"ENSG00000177548.13","ENSG00000165807.8","","",""
"ENSG00000275479.1","ENSG00000226174.7","","",""
"ENSG00000114631.11","ENSG00000203684.5","","",""
"ENSG00000169026.13","ENSG00000275703.1","","",""
"ENSG00000205744.10","ENSG00000275191.1","","",""
"ENSG00000260698.1","ENSG00000213222.3","","",""
"ENSG00000228157.4","ENSG00000125841.13","","",""
"ENSG00000229207.1","ENSG00000271943.2","","",""
"ENSG00000198133.8","ENSG00000109861.17","","",""
"ENSG00000149177.13","ENSG00000269825.1","","",""
"ENSG00000271555.1","ENSG00000117632.23","","",""
"ENSG00000163840.10","ENSG00000151612.18","","",""
"ENSG00000181649.8","ENSG00000128342.5","","",""
"ENSG00000065361.16","ENSG00000113319.13","","",""
"ENSG00000179627.10","ENSG00000250067.12","","",""
"ENSG00000233680.4","ENSG00000134533.6","","",""
"ENSG00000214146.3","ENSG00000164236.12","","",""
"ENSG00000261326.4","ENSG00000224739.2","","",""
"ENSG00000149346.15","ENSG00000144061.14","","",""
"ENSG00000179698.14","ENSG00000064886.14","","",""
"ENSG00000180818.5","ENSG00000117020.18","","",""
"ENSG00000134321.12","ENSG00000161328.11","","",""
"ENSG00000196793.14","ENSG00000165152.9","","",""
"ENSG00000115415.20","ENSG00000236841.8","","",""
"ENSG00000273473.1","ENSG00000128596.17","","",""
"ENSG00000164742.16","ENSG00000111341.10","","",""
"ENSG00000236830.7","ENSG00000188157.15","","",""
"ENSG00000117984.15","ENSG00000140403.12","","",""
"ENSG00000160404.18","ENSG00000279233.1","","",""
"ENSG00000105514.8","ENSG00000076716.9","","",""
"ENSG00000104447.13","ENSG00000284430.1","","",""
"ENSG00000232713.2","ENSG00000128346.11","","",""
"ENSG00000221716.1","ENSG00000244723.3","","",""
"ENSG00000287584.1","ENSG00000074181.9","","",""
"ENSG00000266445.1","ENSG00000218416.4","","",""
"ENSG00000286024.1","ENSG00000151208.17","","",""
"ENSG00000211751.9","ENSG00000076067.13","","",""
"ENSG00000171345.13","ENSG00000221926.13","","",""
"ENSG00000173486.14","ENSG00000162981.14","","",""
"ENSG00000163517.15","ENSG00000231991.4","","",""
"ENSG00000225447.1","ENSG00000127364.4","","",""
"ENSG00000263280.2","ENSG00000153064.12","","",""
"ENSG00000285906.2","ENSG00000213144.2","","",""
"ENSG00000087095.13","ENSG00000249459.11","","",""
"ENSG00000178458.5","ENSG00000286872.1","","",""
"ENSG00000197471.12","ENSG00000234741.8","","",""
"ENSG00000277999.1","ENSG00000260852.1","","",""
"ENSG00000273045.7","ENSG00000165434.8","","",""
"ENSG00000138376.11","ENSG00000197927.13","","",""
"ENSG00000185761.11","ENSG00000179104.9","","",""
"ENSG00000197496.6","ENSG00000131080.15","","",""
"ENSG00000286931.1","ENSG00000229780.1","","",""
"ENSG00000117601.14","ENSG00000196421.8","","",""
"ENSG00000160710.17","ENSG00000196371.3","","",""
"ENSG00000275329.1","ENSG00000234353.2","","",""
"ENSG00000265750.1","ENSG00000255750.6","","",""
"ENSG00000185480.12","ENSG00000286289.1","","",""
"ENSG00000104738.18","ENSG00000127249.15","","",""
"ENSG00000103495.14","ENSG00000214650.3","","",""
"ENSG00000267909.3","ENSG00000170703.15","","",""
"ENSG00000103254.10","ENSG00000188452.14","","",""
"ENSG00000229832.1","ENSG00000138100.14","","",""
"ENSG00000233806.7","ENSG00000285816.1","","",""
"ENSG00000149923.14","ENSG00000114120.14","","",""
"ENSG00000120756.13","ENSG00000150275.19","","",""
"ENSG00000159214.13","ENSG00000100473.18","","",""
"ENSG00000185630.19","ENSG00000129810.15","","",""
"ENSG00000179918.19","ENSG00000273173.5","","",""
"ENSG00000245748.1","ENSG00000270923.1","","",""
"ENSG00000229525.1","ENSG00000251442.6","","",""
"ENSG00000206530.11","ENSG00000273760.1","","",""
"ENSG00000143373.18","ENSG00000179168.15","","",""
"ENSG00000168528.12","ENSG00000175970.11","","",""
"ENSG00000175087.10","ENSG00000245857.3","","",""
"ENSG00000261159.1","ENSG00000121289.18","","",""
"ENSG00000228887.3","ENSG00000166165.13","","",""
"ENSG00000070081.17","ENSG00000104723.21","","",""
"ENSG00000122861.16","ENSG00000205089.8","","",""
"ENSG00000223343.1","ENSG00000267048.1","","",""
"ENSG00000179958.10","ENSG00000173040.13","","",""
"ENSG00000255306.1","ENSG00000147724.12","","",""
"ENSG00000211747.3","ENSG00000197467.16","","",""
"ENSG00000287125.1","ENSG00000169184.6","","",""
"ENSG00000130590.14","ENSG00000267834.1","","",""
"ENSG00000143190.23","ENSG00000275410.5","","",""
"ENSG00000010310.9","ENSG00000271550.1","","",""
"ENSG00000124593.16","ENSG00000251141.6","","",""
"ENSG00000213347.10","ENSG00000006025.12","","",""
"ENSG00000100918.13","ENSG00000280916.2","","",""
"ENSG00000233384.3","ENSG00000177685.17","","",""
"ENSG00000175274.19","ENSG00000287527.1","","",""
"ENSG00000071073.13","ENSG00000272734.1","","",""
"ENSG00000189060.5","ENSG00000278090.3","","",""
"ENSG00000117480.16","ENSG00000091986.16","","",""
"ENSG00000203326.12","ENSG00000171224.9","","",""
"ENSG00000106785.15","ENSG00000130702.15","","",""
"ENSG00000273305.1","ENSG00000259488.2","","",""
"ENSG00000167972.14","ENSG00000188610.12","","",""
"ENSG00000279114.1","ENSG00000196517.13","","",""
"ENSG00000214653.4","ENSG00000266456.1","","",""
"ENSG00000160207.9","ENSG00000172367.16","","",""
"ENSG00000117155.17","ENSG00000092470.12","","",""
"ENSG00000261659.2","ENSG00000149925.22","","",""
"ENSG00000105472.13","ENSG00000130377.13","","",""
"ENSG00000167535.8","ENSG00000196366.3","","",""
"ENSG00000180667.10","ENSG00000272674.3","","",""
"ENSG00000284976.1","ENSG00000164930.12","","",""
"ENSG00000254433.1","ENSG00000072071.16","","",""
"ENSG00000271936.1","ENSG00000138735.16","","",""
"ENSG00000103550.14","ENSG00000246100.4","","",""
"ENSG00000147804.10","ENSG00000101236.17","","",""
"ENSG00000173272.16","ENSG00000162913.10","","",""
"ENSG00000124126.14","ENSG00000160360.13","","",""
"ENSG00000272097.2","ENSG00000065989.16","","",""
"ENSG00000182022.18","ENSG00000064199.7","","",""
"ENSG00000130827.6","ENSG00000140575.13","","",""
"ENSG00000102221.14","ENSG00000156675.16","","",""
"ENSG00000110092.4","ENSG00000135127.11","","",""
"ENSG00000138496.16","ENSG00000158246.8","","",""
"ENSG00000263105.1","ENSG00000109944.11","","",""
"ENSG00000175895.4","ENSG00000168268.11","","",""
"ENSG00000139714.12","ENSG00000151575.14","","",""
"ENSG00000242147.3","ENSG00000263528.8","","",""
"ENSG00000154040.21","ENSG00000184408.10","","",""
"ENSG00000008283.16","ENSG00000133065.11","","",""
"ENSG00000160877.6","ENSG00000288573.1","","",""
"ENSG00000163357.11","ENSG00000120324.9","","",""
"ENSG00000232872.2","ENSG00000116815.16","","",""
"ENSG00000235734.4","ENSG00000170485.17","","",""
"ENSG00000142621.19","ENSG00000095970.17","","",""
"ENSG00000169885.10","ENSG00000259583.3","","",""
"ENSG00000267128.2","ENSG00000174514.13","","",""
"ENSG00000121454.6","ENSG00000258839.4","","",""
"ENSG00000188171.16","ENSG00000172819.17","","",""
"ENSG00000183323.13","ENSG00000240498.9","","",""
"ENSG00000198937.9","ENSG00000128709.13","","",""
"ENSG00000012048.23","ENSG00000196550.10","","",""
"ENSG00000254340.2","ENSG00000274460.1","","",""
"ENSG00000211794.3","ENSG00000176809.10","","",""
"ENSG00000146094.15","ENSG00000101384.12","","",""
"ENSG00000090565.17","ENSG00000105281.12","","",""
"ENSG00000180539.8","ENSG00000260711.2","","",""
"ENSG00000120093.11","ENSG00000255045.1","","",""
"ENSG00000259475.1","ENSG00000225680.1","","",""
"ENSG00000283897.2","ENSG00000136449.15","","",""
"ENSG00000135426.16","ENSG00000136982.6","","",""
"ENSG00000162777.17","ENSG00000061337.15","","",""
"ENSG00000259668.6","ENSG00000120498.14","","",""
"ENSG00000287188.1","ENSG00000214534.5","","",""
"ENSG00000236565.3","ENSG00000153237.18","","",""
"ENSG00000265688.2","ENSG00000197601.13","","",""
"ENSG00000134115.13","ENSG00000273759.1","","",""
"ENSG00000267121.6","ENSG00000197122.12","","",""
"ENSG00000139629.16","ENSG00000186174.12","","",""
"ENSG00000230325.1","ENSG00000140950.16","","",""
"ENSG00000149212.12","ENSG00000153395.10","","",""
"ENSG00000269646.1","ENSG00000119771.15","","",""
"ENSG00000143742.14","ENSG00000232850.3","","",""
"ENSG00000188672.19","ENSG00000271781.1","","",""
"ENSG00000186193.9","ENSG00000237080.3","","",""
"ENSG00000074696.13","ENSG00000183690.13","","",""
"ENSG00000166801.16","ENSG00000134013.16","","",""
"ENSG00000268119.6","ENSG00000058335.16","","",""
"ENSG00000105967.16","ENSG00000162426.16","","",""
"ENSG00000166167.18","ENSG00000106268.15","","",""
"ENSG00000163472.19","ENSG00000287808.1","","",""
"ENSG00000240429.1","ENSG00000204174.8","","",""
"ENSG00000168301.13","ENSG00000130827.6","","",""
"ENSG00000228549.4","ENSG00000251161.4","","",""
"ENSG00000000460.17","ENSG00000198513.13","","",""
"ENSG00000269243.1","ENSG00000100583.4","","",""
"ENSG00000142235.12","ENSG00000165138.18","","",""
"ENSG00000267571.1","ENSG00000158089.15","","",""
"ENSG00000197375.13","ENSG00000147180.17","","",""
"ENSG00000135423.13","ENSG00000266835.6","","",""
"ENSG00000196358.11","ENSG00000135052.16","","",""
"ENSG00000225855.7","ENSG00000206195.11","","",""
"","ENSG00000077782.21","","",""
"","ENSG00000109881.17","","",""
"","ENSG00000182986.14","","",""
"","ENSG00000286810.1","","",""
"","ENSG00000156966.7","","",""
"","ENSG00000150687.12","","",""
"","ENSG00000160753.16","","",""
"","ENSG00000108821.14","","",""
"","ENSG00000280022.1","","",""
"","ENSG00000100767.17","","",""
"","ENSG00000087111.21","","",""
"","ENSG00000244306.11","","",""
"","ENSG00000181097.5","","",""
"","ENSG00000165443.12","","",""
"","ENSG00000104951.16","","",""
"","ENSG00000189159.16","","",""
"","ENSG00000138092.11","","",""
"","ENSG00000260285.1","","",""
"","ENSG00000089091.16","","",""
"","ENSG00000131188.12","","",""
"","ENSG00000133101.10","","",""
"","ENSG00000169126.16","","",""
"","ENSG00000008277.14","","",""
"","ENSG00000182366.10","","",""
"","ENSG00000286046.1","","",""
"","ENSG00000152503.10","","",""
"","ENSG00000165025.15","","",""
"","ENSG00000150337.13","","",""
"","ENSG00000274253.5","","",""
"","ENSG00000101306.11","","",""
"","ENSG00000275004.4","","",""
"","ENSG00000120057.5","","",""
"","ENSG00000171813.14","","",""
"","ENSG00000110318.15","","",""
"","ENSG00000149927.18","","",""
"","ENSG00000074657.14","","",""
"","ENSG00000227896.2","","",""
"","ENSG00000158486.13","","",""
"","ENSG00000280187.1","","",""
"","ENSG00000260193.1","","",""
"","ENSG00000213801.4","","",""
"","ENSG00000255769.7","","",""
"","ENSG00000271032.1","","",""
"","ENSG00000241269.1","","",""
"","ENSG00000167191.12","","",""
"","ENSG00000125733.18","","",""
"","ENSG00000244509.4","","",""
"","ENSG00000196705.8","","",""
"","ENSG00000178498.16","","",""
"","ENSG00000231964.1","","",""
"","ENSG00000169255.15","","",""
"","ENSG00000124134.9","","",""
"","ENSG00000172361.6","","",""
"","ENSG00000278195.2","","",""
"","ENSG00000180066.10","","",""
"","ENSG00000285018.1","","",""
"","ENSG00000106348.18","","",""
"","ENSG00000090924.15","","",""
"","ENSG00000125885.13","","",""
"","ENSG00000279555.1","","",""
"","ENSG00000153233.13","","",""
"","ENSG00000136830.12","","",""
"","ENSG00000275212.3","","",""
"","ENSG00000250318.1","","",""
"","ENSG00000103064.15","","",""
"","ENSG00000183496.6","","",""
"","ENSG00000284707.2","","",""
"","ENSG00000132517.15","","",""
"","ENSG00000273148.1","","",""
"","ENSG00000116819.8","","",""
"","ENSG00000168961.17","","",""
"","ENSG00000060138.13","","",""
"","ENSG00000135622.13","","",""
"","ENSG00000188095.6","","",""
"","ENSG00000187987.9","","",""
"","ENSG00000101425.14","","",""
"","ENSG00000159915.12","","",""
"","ENSG00000151835.16","","",""
"","ENSG00000253605.1","","",""
"","ENSG00000076003.5","","",""
"","ENSG00000132003.9","","",""
"","ENSG00000145555.15","","",""
"","ENSG00000181004.10","","",""
"","ENSG00000183763.9","","",""
"","ENSG00000079931.15","","",""
"","ENSG00000177994.16","","",""
"","ENSG00000265962.1","","",""
"","ENSG00000196872.12","","",""
"","ENSG00000147799.11","","",""
"","ENSG00000152556.17","","",""
"","ENSG00000132718.9","","",""
"","ENSG00000147852.16","","",""
"","ENSG00000257698.2","","",""
"","ENSG00000287033.1","","",""
"","ENSG00000175164.15","","",""
"","ENSG00000106701.13","","",""
"","ENSG00000287051.1","","",""
"","ENSG00000155530.3","","",""
"","ENSG00000164929.17","","",""
"","ENSG00000242861.1","","",""
"","ENSG00000006534.16","","",""
"","ENSG00000242798.1","","",""
"","ENSG00000021762.20","","",""
"","ENSG00000255717.7","","",""
"","ENSG00000244073.1","","",""
"","ENSG00000204528.3","","",""
"","ENSG00000116260.17","","",""
"","ENSG00000277511.1","","",""
"","ENSG00000089351.14","","",""
"","ENSG00000207200.1","","",""
"","ENSG00000067141.17","","",""
"","ENSG00000285417.1","","",""
"","ENSG00000121207.12","","",""
"","ENSG00000230615.7","","",""
"","ENSG00000112118.20","","",""
"","ENSG00000215246.5","","",""
"","ENSG00000185803.12","","",""
"","ENSG00000268041.2","","",""
"","ENSG00000178201.4","","",""
"","ENSG00000134198.10","","",""
"","ENSG00000133454.16","","",""
"","ENSG00000265750.1","","",""
"","ENSG00000213465.8","","",""
"","ENSG00000188372.15","","",""
"","ENSG00000180263.14","","",""
"","ENSG00000088826.18","","",""
"","ENSG00000043143.20","","",""
"","ENSG00000104368.19","","",""
"","ENSG00000176463.14","","",""
"","ENSG00000274211.6","","",""
"","ENSG00000198976.1","","",""
"","ENSG00000260339.1","","",""
"","ENSG00000100170.10","","",""
"","ENSG00000082512.15","","",""
"","ENSG00000245571.7","","",""
"","ENSG00000135046.14","","",""
"","ENSG00000116830.12","","",""
"","ENSG00000163359.16","","",""
"","ENSG00000116885.18","","",""
"","ENSG00000198113.3","","",""
"","ENSG00000087586.18","","",""
"","ENSG00000131899.11","","",""
"","ENSG00000184916.9","","",""
"","ENSG00000144645.14","","",""
"","ENSG00000162063.13","","",""
"","ENSG00000149179.14","","",""
"","ENSG00000257596.1","","",""
"","ENSG00000161082.13","","",""
"","ENSG00000184838.15","","",""
"","ENSG00000287910.1","","",""
"","ENSG00000080839.12","","",""
"","ENSG00000223652.2","","",""
"","ENSG00000107611.16","","",""
"","ENSG00000133110.15","","",""
"","ENSG00000144847.13","","",""
"","ENSG00000085276.19","","",""
"","ENSG00000167595.15","","",""
"","ENSG00000271327.1","","",""
"","ENSG00000183943.6","","",""
"","ENSG00000160307.10","","",""
"","ENSG00000163739.5","","",""
"","ENSG00000173728.11","","",""
"","ENSG00000011201.12","","",""
"","ENSG00000154319.16","","",""
"","ENSG00000235863.4","","",""
"","ENSG00000139537.11","","",""
"","ENSG00000145730.20","","",""
"","ENSG00000197208.6","","",""
"","ENSG00000256229.8","","",""
"","ENSG00000244300.3","","",""
"","ENSG00000082014.17","","",""
"","ENSG00000090971.5","","",""
"","ENSG00000203943.9","","",""
"","ENSG00000159363.19","","",""
"","ENSG00000272720.1","","",""
"","ENSG00000198826.11","","",""
"","ENSG00000169429.11","","",""
"","ENSG00000187535.14","","",""
"","ENSG00000261652.3","","",""
"","ENSG00000164692.18","","",""
"","ENSG00000157680.15","","",""
"","ENSG00000270110.2","","",""
"","ENSG00000257671.1","","",""
"","ENSG00000164953.16","","",""
"","ENSG00000273419.1","","",""
"","ENSG00000171004.18","","",""
"","ENSG00000204956.5","","",""
"","ENSG00000139200.14","","",""
"","ENSG00000132965.10","","",""
"","ENSG00000274363.1","","",""
"","ENSG00000182310.15","","",""
"","ENSG00000275367.1","","",""
"","ENSG00000081760.17","","",""
"","ENSG00000244041.7","","",""
"","ENSG00000223658.8","","",""
"","ENSG00000140545.15","","",""
"","ENSG00000285591.1","","",""
"","ENSG00000109452.12","","",""
"","ENSG00000156804.7","","",""
"","ENSG00000167670.16","","",""
"","ENSG00000063180.9","","",""
"","ENSG00000118971.9","","",""
"","ENSG00000184261.5","","",""
"","ENSG00000159231.6","","",""
"","ENSG00000177640.16","","",""
"","ENSG00000166923.12","","",""
"","ENSG00000141384.13","","",""
"","ENSG00000284773.1","","",""
"","ENSG00000107249.23","","",""
"","ENSG00000213719.8","","",""
"","ENSG00000227471.9","","",""
"","ENSG00000170075.9","","",""
"","ENSG00000008283.16","","",""
"","ENSG00000128872.10","","",""
"","ENSG00000168427.9","","",""
"","ENSG00000196975.16","","",""
"","ENSG00000132481.7","","",""
"","ENSG00000160767.21","","",""
"","ENSG00000155254.13","","",""
"","ENSG00000133619.17","","",""
"","ENSG00000218631.1","","",""
"","ENSG00000240338.6","","",""
"","ENSG00000174871.11","","",""
"","ENSG00000013364.19","","",""
"","ENSG00000149243.16","","",""
"","ENSG00000140451.13","","",""
"","ENSG00000113657.13","","",""
"","ENSG00000184445.12","","",""
"","ENSG00000262903.1","","",""
"","ENSG00000157600.12","","",""
"","ENSG00000213626.13","","",""
"","ENSG00000247134.7","","",""
"","ENSG00000261693.1","","",""
"","ENSG00000105717.14","","",""
"","ENSG00000267751.5","","",""
"","ENSG00000140416.23","","",""
"","ENSG00000141424.13","","",""
"","ENSG00000260942.1","","",""
"","ENSG00000108262.16","","",""
"","ENSG00000071564.17","","",""
"","ENSG00000064763.11","","",""
"","ENSG00000234405.2","","",""
"","ENSG00000157833.13","","",""
"","ENSG00000165685.8","","",""
"","ENSG00000121905.10","","",""
"","ENSG00000029153.14","","",""
"","ENSG00000285601.1","","",""
"","ENSG00000158710.15","","",""
"","ENSG00000139629.16","","",""
"","ENSG00000167291.16","","",""
"","ENSG00000131153.9","","",""
"","ENSG00000268573.1","","",""
"","ENSG00000205177.6","","",""
"","ENSG00000172382.10","","",""
"","ENSG00000272323.1","","",""
"","ENSG00000108785.7","","",""
"","ENSG00000128011.5","","",""
"","ENSG00000101052.13","","",""
"","ENSG00000133107.15","","",""
"","ENSG00000117472.10","","",""
"","ENSG00000156535.15","","",""
"","ENSG00000170779.11","","",""
"","ENSG00000274750.2","","",""
"","ENSG00000183067.5","","",""
"","ENSG00000150773.11","","",""
"","ENSG00000108106.14","","",""
"","ENSG00000179859.9","","",""
"","ENSG00000279667.1","","",""
"","ENSG00000178947.9","","",""
"","ENSG00000188508.11","","",""
"","ENSG00000131711.15","","",""
"","ENSG00000113211.5","","",""
"","ENSG00000278000.1","","",""
"","ENSG00000099364.18","","",""
"","ENSG00000183741.12","","",""
"","ENSG00000121903.14","","",""
"","ENSG00000133059.17","","",""
"","ENSG00000150938.10","","",""
"","ENSG00000164620.9","","",""
"","ENSG00000262333.1","","",""
"","ENSG00000165490.13","","",""
"","ENSG00000087495.17","","",""
"","ENSG00000163734.4","","",""
"","ENSG00000139146.14","","",""
"","ENSG00000251455.1","","",""
"","ENSG00000170128.5","","",""
"","ENSG00000153044.10","","",""
"","ENSG00000186340.16","","",""
"","ENSG00000242125.3","","",""
"","ENSG00000225377.6","","",""
"","ENSG00000105948.13","","",""
"","ENSG00000131944.10","","",""
"","ENSG00000151388.11","","",""
"","ENSG00000106605.11","","",""
"","ENSG00000174099.12","","",""
"","ENSG00000065600.13","","",""
"","ENSG00000243004.6","","",""
"","ENSG00000117525.14","","",""
"","ENSG00000170425.3","","",""
"","ENSG00000011422.12","","",""
"","ENSG00000150967.18","","",""
"","ENSG00000164675.11","","",""
"","ENSG00000214353.8","","",""
"","ENSG00000183682.8","","",""
"","ENSG00000130635.16","","",""
"","ENSG00000162645.13","","",""
"","ENSG00000254815.6","","",""
"","ENSG00000144935.15","","",""
"","ENSG00000273654.1","","",""
"","ENSG00000160766.14","","",""
"","ENSG00000142279.13","","",""
"","ENSG00000169896.18","","",""
"","ENSG00000267049.1","","",""
"","ENSG00000084636.18","","",""
"","ENSG00000163872.16","","",""
"","ENSG00000160957.14","","",""
"","ENSG00000152661.9","","",""
"","ENSG00000276710.4","","",""
"","ENSG00000100271.17","","",""
"","ENSG00000122691.13","","",""
"","ENSG00000163545.11","","",""
"","ENSG00000186417.14","","",""
"","ENSG00000135723.14","","",""
"","ENSG00000125872.8","","",""
"","ENSG00000136840.19","","",""
"","ENSG00000186868.16","","",""
"","ENSG00000181350.12","","",""
"","ENSG00000159871.15","","",""
"","ENSG00000165929.13","","",""
"","ENSG00000244274.8","","",""
"","ENSG00000198435.4","","",""
"","ENSG00000261150.3","","",""
"","ENSG00000286974.1","","",""
"","ENSG00000134247.10","","",""
"","ENSG00000115461.5","","",""
"","ENSG00000235330.2","","",""
"","ENSG00000145687.16","","",""
"","ENSG00000144550.13","","",""
"","ENSG00000213199.8","","",""
"","ENSG00000197965.12","","",""
"","ENSG00000175115.13","","",""
"","ENSG00000200087.1","","",""
"","ENSG00000188916.9","","",""
"","ENSG00000165899.11","","",""
"","ENSG00000214193.11","","",""
"","ENSG00000168005.9","","",""
"","ENSG00000253159.3","","",""
"","ENSG00000181191.12","","",""
"","ENSG00000260941.1","","",""
"","ENSG00000242419.5","","",""
"","ENSG00000185386.15","","",""
"","ENSG00000203392.3","","",""
"","ENSG00000160469.17","","",""
"","ENSG00000139645.10","","",""
"","ENSG00000203760.9","","",""
"","ENSG00000273055.1","","",""
"","ENSG00000110328.6","","",""
"","ENSG00000177096.9","","",""
"","ENSG00000151067.22","","",""
"","ENSG00000167037.19","","",""
"","ENSG00000205838.14","","",""
"","ENSG00000174483.20","","",""
"","ENSG00000254461.1","","",""
"","ENSG00000135596.18","","",""
"","ENSG00000279278.1","","",""
"","ENSG00000130762.15","","",""
"","ENSG00000187775.17","","",""
"","ENSG00000102780.17","","",""
"","ENSG00000204860.5","","",""
"","ENSG00000267394.1","","",""
"","ENSG00000274925.1","","",""
"","ENSG00000152953.13","","",""
"","ENSG00000287454.1","","",""
"","ENSG00000176903.5","","",""
"","ENSG00000244459.2","","",""
"","ENSG00000267281.2","","",""
"","ENSG00000276449.1","","",""
"","ENSG00000228274.4","","",""
"","ENSG00000270195.2","","",""
"","ENSG00000260917.1","","",""
"","ENSG00000277258.5","","",""
"","ENSG00000070526.15","","",""
"","ENSG00000101079.21","","",""
"","ENSG00000136048.14","","",""
"","ENSG00000185924.7","","",""
"","ENSG00000214826.5","","",""
"","ENSG00000267150.1","","",""
"","ENSG00000282936.2","","",""
"","ENSG00000128581.17","","",""
"","ENSG00000153944.12","","",""
"","ENSG00000278493.1","","",""
"","ENSG00000267199.1","","",""
"","ENSG00000248008.3","","",""
"","ENSG00000260261.2","","",""
"","ENSG00000257058.1","","",""
"","ENSG00000126351.13","","",""
"","ENSG00000115419.13","","",""
"","ENSG00000261089.1","","",""
"","ENSG00000277938.1","","",""
"","ENSG00000278948.1","","",""
"","ENSG00000250091.3","","",""
"","ENSG00000197747.9","","",""
"","ENSG00000155011.9","","",""
"","ENSG00000185955.5","","",""
"","ENSG00000226942.2","","",""
"","ENSG00000115561.16","","",""
"","ENSG00000185565.12","","",""
"","ENSG00000188859.7","","",""
"","ENSG00000172167.8","","",""
"","ENSG00000204616.11","","",""
"","ENSG00000152582.14","","",""
"","ENSG00000288033.1","","",""
"","ENSG00000104808.8","","",""
"","ENSG00000188878.19","","",""
"","ENSG00000140527.15","","",""
"","ENSG00000116396.15","","",""
"","ENSG00000109321.11","","",""
"","ENSG00000246877.1","","",""
"","ENSG00000226791.7","","",""
"","ENSG00000176749.9","","",""
"","ENSG00000104427.12","","",""
"","ENSG00000176208.9","","",""
"","ENSG00000104213.13","","",""
"","ENSG00000181652.19","","",""
"","ENSG00000171603.18","","",""
"","ENSG00000214145.7","","",""
"","ENSG00000163617.11","","",""
"","ENSG00000285416.1","","",""
"","ENSG00000162769.13","","",""
"","ENSG00000173890.17","","",""
"","ENSG00000233871.2","","",""
"","ENSG00000214756.8","","",""
"","ENSG00000196684.12","","",""
"","ENSG00000160207.9","","",""
"","ENSG00000277978.1","","",""
"","ENSG00000157240.4","","",""
"","ENSG00000137869.15","","",""
"","ENSG00000277283.1","","",""
"","ENSG00000129437.11","","",""
"","ENSG00000206762.1","","",""
"","ENSG00000275180.1","","",""
"","ENSG00000187013.4","","",""
"","ENSG00000102452.18","","",""
"","ENSG00000160781.17","","",""
"","ENSG00000288559.1","","",""
"","ENSG00000184384.14","","",""
"","ENSG00000213385.3","","",""
"","ENSG00000251143.1","","",""
"","ENSG00000198792.13","","",""
"","ENSG00000147650.11","","",""
"","ENSG00000104826.15","","",""
"","ENSG00000138448.12","","",""
"","ENSG00000152056.17","","",""
"","ENSG00000229689.3","","",""
"","ENSG00000138738.11","","",""
"","ENSG00000140367.12","","",""
"","ENSG00000111319.13","","",""
"","ENSG00000169604.20","","",""
"","ENSG00000259705.1","","",""
"","ENSG00000090020.11","","",""
"","ENSG00000170113.16","","",""
"","ENSG00000254726.3","","",""
"","ENSG00000142675.18","","",""
"","ENSG00000080823.23","","",""
"","ENSG00000085644.14","","",""
"","ENSG00000226445.2","","",""
"","ENSG00000257242.8","","",""
"","ENSG00000250899.3","","",""
"","ENSG00000132334.17","","",""
"","ENSG00000168461.13","","",""
"","ENSG00000150403.18","","",""
"","ENSG00000271259.1","","",""
"","ENSG00000226180.3","","",""
"","ENSG00000174500.13","","",""
"","ENSG00000160298.18","","",""
"","ENSG00000079691.18","","",""
"","ENSG00000273373.1","","",""
"","ENSG00000177469.13","","",""
"","ENSG00000196642.19","","",""
"","ENSG00000236809.2","","",""
"","ENSG00000145014.18","","",""
"","ENSG00000273305.1","","",""
"","ENSG00000103710.11","","",""
"","ENSG00000138439.12","","",""
"","ENSG00000173926.6","","",""
"","ENSG00000160401.15","","",""
"","ENSG00000171649.12","","",""
"","ENSG00000273447.1","","",""
"","ENSG00000125898.13","","",""
"","ENSG00000119280.17","","",""
"","ENSG00000278727.1","","",""
"","ENSG00000155755.19","","",""
"","ENSG00000275601.1","","",""
"","ENSG00000107833.10","","",""
"","ENSG00000103550.14","","",""
"","ENSG00000197558.13","","",""
"","ENSG00000171310.11","","",""
"","ENSG00000224020.1","","",""
"","ENSG00000205268.11","","",""
"","ENSG00000167771.6","","",""
"","ENSG00000078081.8","","",""
"","ENSG00000139618.16","","",""
"","ENSG00000246898.1","","",""
"","ENSG00000197479.7","","",""
"","ENSG00000253307.1","","",""
"","ENSG00000237950.3","","",""
"","ENSG00000164684.13","","",""
"","ENSG00000227540.1","","",""
"","ENSG00000233817.1","","",""
"","ENSG00000135631.17","","",""
"","ENSG00000105974.13","","",""
"","ENSG00000171792.11","","",""
"","ENSG00000124491.16","","",""
"","ENSG00000116141.17","","",""
"","ENSG00000171502.15","","",""
"","ENSG00000162639.16","","",""
"","ENSG00000145908.12","","",""
"","ENSG00000159214.13","","",""
"","ENSG00000177173.5","","",""
"","ENSG00000157985.19","","",""
"","ENSG00000165799.5","","",""
"","ENSG00000167614.14","","",""
"","ENSG00000070404.10","","",""
"","ENSG00000170545.17","","",""
"","ENSG00000135338.14","","",""
"","ENSG00000286207.1","","",""
"","ENSG00000272097.2","","",""
"","ENSG00000204764.14","","",""
"","ENSG00000104321.11","","",""
"","ENSG00000156509.14","","",""
"","ENSG00000166428.14","","",""
"","ENSG00000114446.5","","",""
"","ENSG00000072682.19","","",""
"","ENSG00000108557.19","","",""
"","ENSG00000186891.14","","",""
"","ENSG00000226332.2","","",""
"","ENSG00000270210.1","","",""
"","ENSG00000258674.5","","",""
"","ENSG00000168394.11","","",""
"","ENSG00000277144.1","","",""
"","ENSG00000116871.15","","",""
"","ENSG00000143079.15","","",""
"","ENSG00000267692.1","","",""
"","ENSG00000221944.9","","",""
"","ENSG00000203761.5","","",""
"","ENSG00000104936.19","","",""
"","ENSG00000107731.12","","",""
"","ENSG00000118322.14","","",""
"","ENSG00000125508.3","","",""
"","ENSG00000179051.14","","",""
"","ENSG00000162909.18","","",""
"","ENSG00000173950.16","","",""
"","ENSG00000040275.17","","",""
"","ENSG00000067369.14","","",""
"","ENSG00000087053.20","","",""
"","ENSG00000234616.9","","",""
"","ENSG00000250397.2","","",""
"","ENSG00000226377.2","","",""
"","ENSG00000091409.15","","",""
"","ENSG00000146426.18","","",""
"","ENSG00000197948.11","","",""
"","ENSG00000221838.10","","",""
"","ENSG00000035862.12","","",""
"","ENSG00000227719.1","","",""
"","ENSG00000197748.13","","",""
"","ENSG00000184867.14","","",""
"","ENSG00000213347.10","","",""
"","ENSG00000167523.14","","",""
"","ENSG00000159164.10","","",""
"","ENSG00000231365.6","","",""
"","ENSG00000181322.15","","",""
"","ENSG00000188185.13","","",""
"","ENSG00000169991.11","","",""
"","ENSG00000198576.4","","",""
"","ENSG00000141349.8","","",""
"","ENSG00000188738.15","","",""
"","ENSG00000136883.14","","",""
"","ENSG00000267519.6","","",""
"","ENSG00000106123.12","","",""
"","ENSG00000151881.15","","",""
"","ENSG00000133740.11","","",""
"","ENSG00000197006.14","","",""
"","ENSG00000242779.7","","",""
"","ENSG00000196247.11","","",""
"","ENSG00000184162.15","","",""
"","ENSG00000164687.11","","",""
"","ENSG00000279199.1","","",""
"","ENSG00000174370.11","","",""
"","ENSG00000143674.11","","",""
"","ENSG00000272588.1","","",""
"","ENSG00000055118.16","","",""
"","ENSG00000130300.9","","",""
"","ENSG00000091136.15","","",""
"","ENSG00000164695.5","","",""
"","ENSG00000139725.8","","",""
"","ENSG00000105227.16","","",""
"","ENSG00000165757.9","","",""
"","ENSG00000153898.13","","",""
"","ENSG00000164659.15","","",""
"","ENSG00000260793.2","","",""
"","ENSG00000102057.10","","",""
"","ENSG00000285813.1","","",""
"","ENSG00000149503.13","","",""
"","ENSG00000256235.2","","",""
"","ENSG00000150594.7","","",""
"","ENSG00000103021.9","","",""
"","ENSG00000213190.4","","",""
"","ENSG00000273599.1","","",""
"","ENSG00000245904.4","","",""
"","ENSG00000263412.1","","",""
"","ENSG00000165023.7","","",""
"","ENSG00000126895.15","","",""
"","ENSG00000258667.2","","",""
"","ENSG00000127616.19","","",""
"","ENSG00000123143.13","","",""
"","ENSG00000253731.3","","",""
"","ENSG00000140835.10","","",""
"","ENSG00000138031.14","","",""
"","ENSG00000280193.1","","",""
"","ENSG00000138587.6","","",""
"","ENSG00000102317.18","","",""
"","ENSG00000280239.1","","",""
"","ENSG00000123159.16","","",""
"","ENSG00000146197.9","","",""
"","ENSG00000141569.12","","",""
"","ENSG00000163918.11","","",""
"","ENSG00000165730.16","","",""
"","ENSG00000139625.13","","",""
"","ENSG00000100246.13","","",""
"","ENSG00000026652.15","","",""
"","ENSG00000013810.20","","",""
"","ENSG00000196456.13","","",""
"","ENSG00000124251.11","","",""
"","ENSG00000236675.1","","",""
"","ENSG00000172123.13","","",""
"","ENSG00000115568.16","","",""
"","ENSG00000105186.16","","",""
"","ENSG00000174640.15","","",""
"","ENSG00000185250.16","","",""
"","ENSG00000086730.17","","",""
"","ENSG00000155366.17","","",""
"","ENSG00000278867.1","","",""
"","ENSG00000163463.13","","",""
"","ENSG00000142910.16","","",""
"","ENSG00000182173.13","","",""
"","ENSG00000255052.5","","",""
"","ENSG00000231789.2","","",""
"","ENSG00000123810.9","","",""
"","ENSG00000272088.1","","",""
"","ENSG00000115295.20","","",""
"","ENSG00000197063.11","","",""
"","ENSG00000179862.7","","",""
"","ENSG00000286786.1","","",""
"","ENSG00000161692.18","","",""
"","ENSG00000183018.9","","",""
"","ENSG00000204366.4","","",""
"","ENSG00000205208.5","","",""
"","ENSG00000114770.17","","",""
"","ENSG00000176842.15","","",""
"","ENSG00000155754.15","","",""
"","ENSG00000160229.13","","",""
"","ENSG00000141519.15","","",""
"","ENSG00000225439.3","","",""
"","ENSG00000205084.11","","",""
"","ENSG00000227855.3","","",""
"","ENSG00000198934.5","","",""
"","ENSG00000223768.2","","",""
"","ENSG00000265800.1","","",""
"","ENSG00000231064.7","","",""
"","ENSG00000272509.1","","",""
"","ENSG00000139910.20","","",""
"","ENSG00000163584.18","","",""
"","ENSG00000171812.13","","",""
"","ENSG00000279412.1","","",""
"","ENSG00000183814.15","","",""
"","ENSG00000231728.5","","",""
"","ENSG00000127586.17","","",""
"","ENSG00000279529.1","","",""
"","ENSG00000169100.14","","",""
"","ENSG00000102287.19","","",""
"","ENSG00000066322.15","","",""
"","ENSG00000072840.13","","",""
"","ENSG00000103995.14","","",""
"","ENSG00000169989.3","","",""
"","ENSG00000159314.11","","",""
"","ENSG00000236409.2","","",""
"","ENSG00000234912.12","","",""
"","ENSG00000100300.18","","",""
"","ENSG00000265478.2","","",""
"","ENSG00000184216.14","","",""
"","ENSG00000279696.1","","",""
"","ENSG00000077232.18","","",""
"","ENSG00000137404.14","","",""
"","ENSG00000105204.14","","",""
"","ENSG00000103647.13","","",""
"","ENSG00000141040.15","","",""
"","ENSG00000047578.13","","",""
"","ENSG00000115840.14","","",""
"","ENSG00000154370.16","","",""
"","ENSG00000286177.1","","",""
"","ENSG00000186111.10","","",""
"","ENSG00000230438.7","","",""
"","ENSG00000279277.2","","",""
"","ENSG00000143570.19","","",""
"","ENSG00000072864.16","","",""
"","ENSG00000105443.15","","",""
"","ENSG00000259426.6","","",""
"","ENSG00000213492.2","","",""
"","ENSG00000175130.7","","",""
"","ENSG00000171786.6","","",""
"","ENSG00000243224.1","","",""
"","ENSG00000258384.1","","",""
"","ENSG00000105329.11","","",""
"","ENSG00000160190.14","","",""
"","ENSG00000162734.13","","",""
"","ENSG00000138613.14","","",""
"","ENSG00000136059.14","","",""
"","ENSG00000268403.2","","",""
"","ENSG00000187860.10","","",""
"","ENSG00000120327.6","","",""
"","ENSG00000166546.14","","",""
"","ENSG00000033170.17","","",""
"","ENSG00000277692.1","","",""
"","ENSG00000255320.1","","",""
"","ENSG00000275532.1","","",""
"","ENSG00000070814.22","","",""
"","ENSG00000214223.4","","",""
"","ENSG00000259182.5","","",""
"","ENSG00000158158.12","","",""
"","ENSG00000212743.2","","",""
"","ENSG00000115325.13","","",""
"","ENSG00000115380.20","","",""
"","ENSG00000123119.12","","",""
"","ENSG00000163577.8","","",""
"","ENSG00000054598.9","","",""
"","ENSG00000278259.4","","",""
"","ENSG00000269934.3","","",""
"","ENSG00000198039.11","","",""
"","ENSG00000164402.14","","",""
"","ENSG00000273356.1","","",""
"","ENSG00000123643.13","","",""
"","ENSG00000153317.15","","",""
"","ENSG00000285763.1","","",""
"","ENSG00000236384.7","","",""
"","ENSG00000186827.11","","",""
"","ENSG00000174628.16","","",""
"","ENSG00000280186.1","","",""
"","ENSG00000196296.14","","",""
"","ENSG00000237440.9","","",""
"","ENSG00000258512.1","","",""
"","ENSG00000185838.14","","",""
"","ENSG00000133256.13","","",""
"","ENSG00000136379.12","","",""
"","ENSG00000228037.1","","",""
"","ENSG00000176387.7","","",""
"","ENSG00000164142.16","","",""
"","ENSG00000272677.1","","",""
"","ENSG00000231881.2","","",""
"","ENSG00000089289.16","","",""
"","ENSG00000273363.1","","",""
"","ENSG00000188486.3","","",""
"","ENSG00000050165.18","","",""
"","ENSG00000115129.14","","",""
"","ENSG00000175920.18","","",""
"","ENSG00000262152.7","","",""
"","ENSG00000151692.15","","",""
"","ENSG00000182541.18","","",""
"","ENSG00000261594.4","","",""
"","ENSG00000166508.18","","",""
"","ENSG00000123094.15","","",""
"","ENSG00000119714.11","","",""
"","ENSG00000100097.12","","",""
"","ENSG00000124313.18","","",""
"","ENSG00000001461.17","","",""
"","ENSG00000108639.8","","",""
"","ENSG00000160051.12","","",""
"","ENSG00000089558.9","","",""
"","ENSG00000182621.18","","",""
"","ENSG00000168096.15","","",""
"","ENSG00000213236.3","","",""
"","ENSG00000143387.14","","",""
"","ENSG00000119403.15","","",""
"","ENSG00000196476.12","","",""
"","ENSG00000136999.5","","",""
"","ENSG00000159167.12","","",""
"","ENSG00000125845.7","","",""
"","ENSG00000271966.1","","",""
"","ENSG00000196588.20","","",""
"","ENSG00000131788.16","","",""
"","ENSG00000276663.1","","",""
"","ENSG00000287769.1","","",""
"","ENSG00000185158.12","","",""
"","ENSG00000145685.14","","",""
"","ENSG00000273026.1","","",""
"","ENSG00000147113.17","","",""
"","ENSG00000070718.12","","",""
"","ENSG00000261324.2","","",""
"","ENSG00000133805.15","","",""
"","ENSG00000146729.10","","",""
"","ENSG00000113140.11","","",""
"","ENSG00000135736.6","","",""
"","ENSG00000105750.15","","",""
"","ENSG00000138316.11","","",""
"","ENSG00000267002.4","","",""
"","ENSG00000196912.12","","",""
"","ENSG00000115159.16","","",""
"","ENSG00000237523.2","","",""
"","ENSG00000164591.14","","",""
"","ENSG00000238260.1","","",""
"","ENSG00000118849.10","","",""
"","ENSG00000175264.8","","",""
"","ENSG00000127328.22","","",""
"","ENSG00000141577.14","","",""
"","ENSG00000174808.12","","",""
"","ENSG00000267348.3","","",""
"","ENSG00000142959.5","","",""
"","ENSG00000118620.13","","",""
"","ENSG00000214725.9","","",""
"","ENSG00000158258.16","","",""
"","ENSG00000158423.17","","",""
"","ENSG00000104415.14","","",""
"","ENSG00000243943.10","","",""
"","ENSG00000105771.14","","",""
"","ENSG00000189343.7","","",""
"","ENSG00000168496.4","","",""
"","ENSG00000171121.16","","",""
"","ENSG00000185252.19","","",""
"","ENSG00000012171.20","","",""
"","ENSG00000272374.1","","",""
"","ENSG00000127415.13","","",""
"","ENSG00000205085.12","","",""
"","ENSG00000271119.1","","",""
"","ENSG00000163001.12","","",""
"","ENSG00000161791.14","","",""
"","ENSG00000100644.17","","",""
"","ENSG00000167371.21","","",""
"","ENSG00000267801.1","","",""
"","ENSG00000131831.18","","",""
"","ENSG00000128833.13","","",""
"","ENSG00000123096.12","","",""
"","ENSG00000198832.10","","",""
"","ENSG00000287475.1","","",""
"","ENSG00000162591.16","","",""
"","ENSG00000280399.1","","",""
"","ENSG00000172081.14","","",""
"","ENSG00000243364.8","","",""
"","ENSG00000131437.16","","",""
"","ENSG00000155034.19","","",""
"","ENSG00000129295.9","","",""
"","ENSG00000113645.15","","",""
"","ENSG00000106144.20","","",""
"","ENSG00000213923.13","","",""
"","ENSG00000165125.22","","",""
"","ENSG00000084774.14","","",""
"","ENSG00000006740.17","","",""
"","ENSG00000108854.16","","",""
"","ENSG00000134769.21","","",""
"","ENSG00000109738.11","","",""
"","ENSG00000215440.12","","",""
"","ENSG00000277534.1","","",""
"","ENSG00000268798.1","","",""
"","ENSG00000173218.15","","",""
"","ENSG00000127334.11","","",""
"","ENSG00000198960.11","","",""
"","ENSG00000153786.13","","",""
"","ENSG00000166402.9","","",""
"","ENSG00000254528.7","","",""
"","ENSG00000123570.4","","",""
"","ENSG00000169783.13","","",""
"","ENSG00000128340.15","","",""
"","ENSG00000110583.13","","",""
"","ENSG00000254427.2","","",""
"","ENSG00000154240.17","","",""
"","ENSG00000262001.1","","",""
"","ENSG00000215270.3","","",""
"","ENSG00000143702.16","","",""
"","ENSG00000225217.1","","",""
"","ENSG00000106477.20","","",""
"","ENSG00000221886.4","","",""
"","ENSG00000136010.14","","",""
"","ENSG00000263280.2","","",""
"","ENSG00000270049.3","","",""
"","ENSG00000102312.23","","",""
"","ENSG00000160949.17","","",""
"","ENSG00000205629.12","","",""
"","ENSG00000118200.14","","",""
"","ENSG00000168453.15","","",""
"","ENSG00000278318.5","","",""
"","ENSG00000007202.15","","",""
"","ENSG00000075275.18","","",""
"","ENSG00000261934.2","","",""
"","ENSG00000154229.12","","",""
"","ENSG00000249492.2","","",""
"","ENSG00000236144.8","","",""
"","ENSG00000241343.10","","",""
"","ENSG00000119772.17","","",""
"","ENSG00000269427.1","","",""
"","ENSG00000185513.17","","",""
"","ENSG00000198788.9","","",""
"","ENSG00000167286.10","","",""
"","ENSG00000171425.10","","",""
"","ENSG00000181773.7","","",""
"","ENSG00000113749.7","","",""
"","ENSG00000169116.11","","",""
"","ENSG00000165752.17","","",""
"","ENSG00000143494.15","","",""
"","ENSG00000179241.13","","",""
"","ENSG00000271993.1","","",""
"","ENSG00000270164.1","","",""
"","ENSG00000237424.1","","",""
"","ENSG00000279048.1","","",""
"","ENSG00000282386.1","","",""
"","ENSG00000138801.9","","",""
"","ENSG00000019144.19","","",""
"","ENSG00000233461.6","","",""
"","ENSG00000205562.3","","",""
"","ENSG00000187801.15","","",""
"","ENSG00000260948.1","","",""
"","ENSG00000240889.1","","",""
"","ENSG00000104866.11","","",""
"","ENSG00000124613.8","","",""
"","ENSG00000255434.1","","",""
"","ENSG00000257354.2","","",""
"","ENSG00000235217.6","","",""
"","ENSG00000169851.15","","",""
"","ENSG00000228049.7","","",""
"","ENSG00000261159.1","","",""
"","ENSG00000100321.15","","",""
"","ENSG00000121594.12","","",""
"","ENSG00000235106.10","","",""
"","ENSG00000176834.14","","",""
"","ENSG00000170464.10","","",""
"","ENSG00000235508.3","","",""
"","ENSG00000094916.16","","",""
"","ENSG00000130529.16","","",""
"","ENSG00000153253.19","","",""
"","ENSG00000287584.1","","",""
"","ENSG00000157657.14","","",""
"","ENSG00000172932.16","","",""
"","ENSG00000198182.13","","",""
"","ENSG00000196338.13","","",""
"","ENSG00000124802.12","","",""
"","ENSG00000144036.16","","",""
"","ENSG00000106636.9","","",""
"","ENSG00000228526.7","","",""
"","ENSG00000277215.2","","",""
"","ENSG00000273064.1","","",""
"","ENSG00000205111.8","","",""
"","ENSG00000177839.7","","",""
"","ENSG00000115762.16","","",""
"","ENSG00000087253.13","","",""
"","ENSG00000049249.9","","",""
"","ENSG00000144589.22","","",""
"","ENSG00000068885.15","","",""
"","ENSG00000197324.9","","",""
"","ENSG00000198089.16","","",""
"","ENSG00000020129.16","","",""
"","ENSG00000232022.7","","",""
"","ENSG00000104728.16","","",""
"","ENSG00000106789.13","","",""
"","ENSG00000128656.15","","",""
"","ENSG00000048052.22","","",""
"","ENSG00000061455.11","","",""
"","ENSG00000224078.15","","",""
"","ENSG00000139624.14","","",""
"","ENSG00000263069.6","","",""
"","ENSG00000141524.17","","",""
"","ENSG00000188636.4","","",""
"","ENSG00000189292.16","","",""
"","ENSG00000264112.1","","",""
"","ENSG00000134369.15","","",""
"","ENSG00000174807.4","","",""
"","ENSG00000167600.14","","",""
"","ENSG00000129465.16","","",""
"","ENSG00000145700.10","","",""
"","ENSG00000168916.15","","",""
"","ENSG00000196507.11","","",""
"","ENSG00000272263.1","","",""
"","ENSG00000099204.20","","",""
"","ENSG00000168411.14","","",""
"","ENSG00000128739.23","","",""
"","ENSG00000160326.14","","",""
"","ENSG00000161847.14","","",""
"","ENSG00000100884.9","","",""
"","ENSG00000072518.21","","",""
"","ENSG00000276384.1","","",""
"","ENSG00000166348.18","","",""
"","ENSG00000232956.9","","",""
"","ENSG00000117016.10","","",""
"","ENSG00000253485.2","","",""
"","ENSG00000102900.13","","",""
"","ENSG00000102225.16","","",""
"","ENSG00000101335.10","","",""
"","ENSG00000171302.17","","",""
"","ENSG00000176890.16","","",""
"","ENSG00000038382.20","","",""
"","ENSG00000236060.2","","",""
"","ENSG00000233369.7","","",""
"","ENSG00000163257.11","","",""
"","ENSG00000278987.1","","",""
"","ENSG00000153162.9","","",""
"","ENSG00000182544.9","","",""
"","ENSG00000007545.16","","",""
"","ENSG00000167747.15","","",""
"","ENSG00000134291.12","","",""
"","ENSG00000181649.8","","",""
"","ENSG00000276600.5","","",""
"","ENSG00000177674.16","","",""
"","ENSG00000073670.14","","",""
"","ENSG00000242852.7","","",""
"","ENSG00000267416.1","","",""
"","ENSG00000057019.16","","",""
"","ENSG00000273424.1","","",""
"","ENSG00000115652.15","","",""
"","ENSG00000108091.11","","",""
"","ENSG00000104738.18","","",""
"","ENSG00000272750.1","","",""
"","ENSG00000113212.7","","",""
"","ENSG00000249167.2","","",""
"","ENSG00000161664.7","","",""
"","ENSG00000139263.12","","",""
"","ENSG00000274020.4","","",""
"","ENSG00000163576.18","","",""
"","ENSG00000189423.13","","",""
"","ENSG00000178053.20","","",""
"","ENSG00000197989.14","","",""
"","ENSG00000152642.11","","",""
"","ENSG00000122643.22","","",""
"","ENSG00000134779.15","","",""
"","ENSG00000237356.7","","",""
"","ENSG00000158023.10","","",""
"","ENSG00000131473.17","","",""
"","ENSG00000185222.10","","",""
"","ENSG00000143847.15","","",""
"","ENSG00000224186.8","","",""
"","ENSG00000197535.15","","",""
"","ENSG00000182636.8","","",""
"","ENSG00000145860.12","","",""
"","ENSG00000180953.11","","",""
"","ENSG00000132004.13","","",""
"","ENSG00000198920.11","","",""
"","ENSG00000112212.12","","",""
"","ENSG00000096093.16","","",""
"","ENSG00000162994.16","","",""
"","ENSG00000213977.8","","",""
"","ENSG00000272695.2","","",""
"","ENSG00000158813.18","","",""
"","ENSG00000179958.10","","",""
"","ENSG00000248593.3","","",""
"","ENSG00000273033.2","","",""
"","ENSG00000269473.1","","",""
"","ENSG00000231443.2","","",""
"","ENSG00000267221.3","","",""
"","ENSG00000116128.11","","",""
"","ENSG00000213918.10","","",""
"","ENSG00000115977.20","","",""
"","ENSG00000197951.10","","",""
"","ENSG00000188687.17","","",""
"","ENSG00000136261.15","","",""
"","ENSG00000228205.1","","",""
"","ENSG00000265298.1","","",""
"","ENSG00000068796.19","","",""
"","ENSG00000177191.2","","",""
"","ENSG00000169118.18","","",""
"","ENSG00000186364.12","","",""
"","ENSG00000165996.14","","",""
"","ENSG00000198277.6","","",""
"","ENSG00000229109.2","","",""
"","ENSG00000266074.10","","",""
"","ENSG00000219438.9","","",""
"","ENSG00000166750.10","","",""
"","ENSG00000271936.1","","",""
"","ENSG00000275023.5","","",""
"","ENSG00000111671.10","","",""
"","ENSG00000261126.7","","",""
"","ENSG00000235563.1","","",""
"","ENSG00000272977.1","","",""
"","ENSG00000204116.11","","",""
"","ENSG00000136108.15","","",""
"","ENSG00000148297.16","","",""
"","ENSG00000184304.16","","",""
"","ENSG00000226823.1","","",""
"","ENSG00000134504.14","","",""
"","ENSG00000134940.14","","",""
"","ENSG00000204272.13","","",""
"","ENSG00000196756.13","","",""
"","ENSG00000139155.9","","",""
"","ENSG00000125633.11","","",""
"","ENSG00000185986.12","","",""
"","ENSG00000104880.18","","",""
"","ENSG00000101868.13","","",""
"","ENSG00000205763.13","","",""
"","ENSG00000248367.1","","",""
"","ENSG00000279799.1","","",""
"","ENSG00000253320.7","","",""
"","ENSG00000263843.1","","",""
"","ENSG00000101367.9","","",""
"","ENSG00000132825.7","","",""
"","ENSG00000235192.1","","",""
"","ENSG00000161996.19","","",""
"","ENSG00000124224.17","","",""
"","ENSG00000215241.4","","",""
"","ENSG00000148468.17","","",""
"","ENSG00000224687.2","","",""
"","ENSG00000122359.18","","",""
"","ENSG00000279649.1","","",""
"","ENSG00000124574.15","","",""
"","ENSG00000112769.20","","",""
"","ENSG00000261087.1","","",""
"","ENSG00000079482.13","","",""
"","ENSG00000272716.1","","",""
"","ENSG00000152527.14","","",""
"","ENSG00000035664.11","","",""
"","ENSG00000279348.1","","",""
"","ENSG00000229320.3","","",""
"","ENSG00000139055.7","","",""
"","ENSG00000277182.1","","",""
"","ENSG00000125895.5","","",""
"","ENSG00000205181.7","","",""
"","ENSG00000130816.17","","",""
"","ENSG00000257829.1","","",""
"","ENSG00000165868.16","","",""
"","ENSG00000105556.11","","",""
"","ENSG00000103335.22","","",""
"","ENSG00000215840.3","","",""
"","ENSG00000162576.17","","",""
"","ENSG00000181638.20","","",""
"","ENSG00000188710.3","","",""
"","ENSG00000175985.10","","",""
"","ENSG00000228393.4","","",""
"","ENSG00000126562.17","","",""
"","ENSG00000122642.11","","",""
"","ENSG00000088899.15","","",""
"","ENSG00000136367.14","","",""
"","ENSG00000142920.17","","",""
"","ENSG00000173546.7","","",""
"","ENSG00000157368.11","","",""
"","ENSG00000154930.15","","",""
"","ENSG00000088854.12","","",""
"","ENSG00000196498.13","","",""
"","ENSG00000103257.9","","",""
"","ENSG00000247373.3","","",""
"","ENSG00000280046.1","","",""
"","ENSG00000005961.19","","",""
"","ENSG00000154237.13","","",""
"","ENSG00000160796.18","","",""
"","ENSG00000106571.15","","",""
"","ENSG00000173698.18","","",""
"","ENSG00000117586.11","","",""
"","ENSG00000166949.16","","",""
"","ENSG00000168542.16","","",""
"","ENSG00000161638.11","","",""
"","ENSG00000129009.13","","",""
"","ENSG00000160678.12","","",""
"","ENSG00000212232.1","","",""
"","ENSG00000271871.1","","",""
"","ENSG00000137672.13","","",""
"","ENSG00000166313.19","","",""
"","ENSG00000154080.14","","",""
"","ENSG00000170571.12","","",""
"","ENSG00000105245.9","","",""
"","ENSG00000188993.3","","",""
"","ENSG00000183853.18","","",""
"","ENSG00000153246.13","","",""
"","ENSG00000164669.13","","",""
"","ENSG00000224578.5","","",""
"","ENSG00000182952.5","","",""
"","ENSG00000223820.5","","",""
"","ENSG00000171960.12","","",""
"","ENSG00000121281.13","","",""
"","ENSG00000178409.14","","",""
"","ENSG00000120594.17","","",""
"","ENSG00000143324.14","","",""
"","ENSG00000245275.8","","",""
"","ENSG00000188368.10","","",""
"","ENSG00000150636.17","","",""
"","ENSG00000182324.7","","",""
"","ENSG00000120328.6","","",""
"","ENSG00000286977.1","","",""
"","ENSG00000171791.14","","",""
"","ENSG00000171291.8","","",""
"","ENSG00000111261.14","","",""
"","ENSG00000095002.15","","",""
"","ENSG00000244752.3","","",""
"","ENSG00000280213.1","","",""
"","ENSG00000189149.12","","",""
"","ENSG00000132205.11","","",""
"","ENSG00000164707.15","","",""
"","ENSG00000237036.5","","",""
"","ENSG00000259120.3","","",""
"","ENSG00000157388.19","","",""
"","ENSG00000158234.12","","",""
"","ENSG00000156103.16","","",""
"","ENSG00000164924.18","","",""
"","ENSG00000126903.16","","",""
"","ENSG00000014216.16","","",""
"","ENSG00000164430.16","","",""
"","ENSG00000258634.3","","",""
"","ENSG00000153982.11","","",""
"","ENSG00000164649.20","","",""
"","ENSG00000280206.1","","",""
"","ENSG00000182257.8","","",""
"","ENSG00000123136.15","","",""
"","ENSG00000167766.18","","",""
"","ENSG00000010803.16","","",""
"","ENSG00000158163.15","","",""
"","ENSG00000135919.14","","",""
"","ENSG00000106003.13","","",""
"","ENSG00000264057.1","","",""
"","ENSG00000175322.12","","",""
"","ENSG00000224086.6","","",""
"","ENSG00000064042.18","","",""
"","ENSG00000168589.15","","",""
"","ENSG00000112759.19","","",""
"","ENSG00000099219.14","","",""
"","ENSG00000151640.13","","",""
"","ENSG00000233237.8","","",""
"","ENSG00000172986.13","","",""
"","ENSG00000117602.13","","",""
"","ENSG00000174775.17","","",""
"","ENSG00000183963.19","","",""
"","ENSG00000170681.7","","",""
"","ENSG00000198825.15","","",""
"","ENSG00000106077.18","","",""
"","ENSG00000186010.19","","",""
"","ENSG00000140104.14","","",""
"","ENSG00000198863.7","","",""
"","ENSG00000171451.14","","",""
"","ENSG00000286532.1","","",""
"","ENSG00000153012.12","","",""
"","ENSG00000274808.5","","",""
"","ENSG00000185298.13","","",""
"","ENSG00000175274.19","","",""
"","ENSG00000213015.9","","",""
"","ENSG00000203950.6","","",""
"","ENSG00000286535.1","","",""
"","ENSG00000113300.13","","",""
"","ENSG00000164916.11","","",""
"","ENSG00000143537.14","","",""
"","ENSG00000243335.10","","",""
"","ENSG00000223461.1","","",""
"","ENSG00000270426.1","","",""
"","ENSG00000135365.16","","",""
"","ENSG00000175505.11","","",""
"","ENSG00000279789.1","","",""
"","ENSG00000136295.15","","",""
"","ENSG00000187792.5","","",""
"","ENSG00000165359.16","","",""
"","ENSG00000143157.12","","",""
"","ENSG00000187109.15","","",""
"","ENSG00000260086.3","","",""
"","ENSG00000260669.2","","",""
"","ENSG00000100968.14","","",""
"","ENSG00000164983.7","","",""
"","ENSG00000274213.1","","",""
"","ENSG00000004139.14","","",""
"","ENSG00000259577.2","","",""
"","ENSG00000286431.1","","",""
"","ENSG00000212747.5","","",""
"","ENSG00000204604.12","","",""
"","ENSG00000147676.14","","",""
"","ENSG00000108468.15","","",""
"","ENSG00000280294.1","","",""
"","ENSG00000149257.16","","",""
"","ENSG00000122417.15","","",""
"","ENSG00000166263.13","","",""
"","ENSG00000109685.19","","",""
"","ENSG00000109099.16","","",""
"","ENSG00000179886.6","","",""
"","ENSG00000072274.13","","",""
"","ENSG00000085063.17","","",""
"","ENSG00000157766.19","","",""
"","ENSG00000163482.12","","",""
"","ENSG00000146376.11","","",""
"","ENSG00000260563.3","","",""
"","ENSG00000196418.12","","",""
"","ENSG00000165804.16","","",""
"","ENSG00000273270.1","","",""
"","ENSG00000203965.13","","",""
"","ENSG00000231074.9","","",""
"","ENSG00000179240.13","","",""
"","ENSG00000151376.17","","",""
"","ENSG00000177614.11","","",""
"","ENSG00000146083.12","","",""
"","ENSG00000094975.14","","",""
"","ENSG00000105499.14","","",""
"","ENSG00000170390.16","","",""
"","ENSG00000187554.14","","",""
"","ENSG00000174282.12","","",""
"","ENSG00000197599.12","","",""
"","ENSG00000185262.9","","",""
"","ENSG00000078699.22","","",""
"","ENSG00000048140.18","","",""
"","ENSG00000112541.17","","",""
"","ENSG00000183833.16","","",""
"","ENSG00000267481.1","","",""
"","ENSG00000133056.13","","",""
"","ENSG00000234742.1","","",""
"","ENSG00000131242.18","","",""
"","ENSG00000135486.19","","",""
"","ENSG00000186564.6","","",""
"","ENSG00000018408.15","","",""
"","ENSG00000212694.8","","",""
"","ENSG00000177917.11","","",""
"","ENSG00000104381.14","","",""
"","ENSG00000169682.18","","",""
"","ENSG00000107281.10","","",""
"","ENSG00000070413.20","","",""
"","ENSG00000257086.1","","",""
"","ENSG00000145779.8","","",""
"","ENSG00000180354.16","","",""
"","ENSG00000163435.16","","",""
"","ENSG00000116701.15","","",""
"","ENSG00000273311.1","","",""
"","ENSG00000214391.3","","",""
"","ENSG00000180543.5","","",""
"","ENSG00000151651.16","","",""
"","ENSG00000100206.10","","",""
"","ENSG00000198538.11","","",""
"","ENSG00000230561.4","","",""
"","ENSG00000167637.18","","",""
"","ENSG00000251474.6","","",""
"","ENSG00000162636.16","","",""
"","ENSG00000221829.10","","",""
"","ENSG00000237529.2","","",""
"","ENSG00000285796.1","","",""
"","ENSG00000146918.20","","",""
"","ENSG00000215022.7","","",""
"","ENSG00000124334.17","","",""
"","ENSG00000123416.15","","",""
"","ENSG00000176244.7","","",""
"","ENSG00000142798.20","","",""
"","ENSG00000254389.3","","",""
"","ENSG00000280128.1","","",""
"","ENSG00000238228.1","","",""
"","ENSG00000164066.13","","",""
"","ENSG00000276772.1","","",""
"","ENSG00000165821.12","","",""
"","ENSG00000135823.14","","",""
"","ENSG00000184343.11","","",""
"","ENSG00000130758.8","","",""
"","ENSG00000110237.5","","",""
"","ENSG00000152457.18","","",""
"","ENSG00000077514.9","","",""
"","ENSG00000239415.1","","",""
"","ENSG00000273381.1","","",""
"","ENSG00000102302.8","","",""
"","ENSG00000113083.15","","",""
"","ENSG00000166596.15","","",""
"","ENSG00000169221.14","","",""
"","ENSG00000240230.6","","",""
"","ENSG00000160999.10","","",""
"","ENSG00000141013.17","","",""
"","ENSG00000107738.20","","",""
"","ENSG00000147526.20","","",""
"","ENSG00000275437.1","","",""
"","ENSG00000133985.3","","",""
"","ENSG00000103145.11","","",""
"","ENSG00000270362.1","","",""
"","ENSG00000105708.9","","",""
"","ENSG00000126464.14","","",""
"","ENSG00000187607.16","","",""
"","ENSG00000143178.13","","",""
"","ENSG00000169239.13","","",""
"","ENSG00000267575.7","","",""
"","ENSG00000105287.13","","",""
"","ENSG00000106211.10","","",""
"","ENSG00000286158.1","","",""
"","ENSG00000196659.10","","",""
"","ENSG00000229056.2","","",""
"","ENSG00000052749.14","","",""
"","ENSG00000006432.15","","",""
"","ENSG00000217624.2","","",""
"","ENSG00000204371.11","","",""
"","ENSG00000267344.1","","",""
"","ENSG00000173457.11","","",""
"","ENSG00000270441.1","","",""
"","ENSG00000267265.5","","",""
"","ENSG00000033050.9","","",""
"","ENSG00000147536.12","","",""
"","ENSG00000285863.1","","",""
"","ENSG00000270580.5","","",""
"","ENSG00000100297.16","","",""
"","ENSG00000163157.15","","",""
"","ENSG00000134874.18","","",""
"","ENSG00000163156.12","","",""
"","ENSG00000146143.19","","",""
"","ENSG00000177697.19","","",""
"","ENSG00000265100.1","","",""
"","ENSG00000176681.14","","",""
"","ENSG00000167394.13","","",""
"","ENSG00000167395.10","","",""
"","ENSG00000139266.6","","",""
"","ENSG00000115687.14","","",""
"","ENSG00000160310.18","","",""
"","ENSG00000287721.1","","",""
"","ENSG00000183484.12","","",""
"","ENSG00000162302.13","","",""
"","ENSG00000129595.14","","",""
"","ENSG00000180901.11","","",""
"","ENSG00000246308.2","","",""
"","ENSG00000248668.3","","",""
"","ENSG00000103811.18","","",""
"","ENSG00000129351.17","","",""
"","ENSG00000196670.14","","",""
"","ENSG00000130787.14","","",""
"","ENSG00000180611.7","","",""
"","ENSG00000184640.19","","",""
"","ENSG00000185379.20","","",""
"","ENSG00000151422.13","","",""
"","ENSG00000125534.10","","",""
"","ENSG00000234678.2","","",""
"","ENSG00000137571.11","","",""
"","ENSG00000135709.12","","",""
"","ENSG00000113810.16","","",""
"","ENSG00000232629.9","","",""
"","ENSG00000060558.4","","",""
"","ENSG00000117906.14","","",""
"","ENSG00000149782.13","","",""
"","ENSG00000170667.15","","",""
"","ENSG00000156136.10","","",""
"","ENSG00000255741.1","","",""
"","ENSG00000004777.18","","",""
"","ENSG00000169217.9","","",""
"","ENSG00000153551.14","","",""
"","ENSG00000215883.10","","",""
"","ENSG00000105372.8","","",""
"","ENSG00000242622.2","","",""
"","ENSG00000167702.13","","",""
"","ENSG00000175170.16","","",""
"","ENSG00000102886.15","","",""
"","ENSG00000117139.18","","",""
"","ENSG00000179523.5","","",""
"","ENSG00000110697.13","","",""
"","ENSG00000090447.12","","",""
"","ENSG00000159202.18","","",""
"","ENSG00000258768.2","","",""
"","ENSG00000089195.15","","",""
"","ENSG00000091622.16","","",""
"","ENSG00000226763.5","","",""
"","ENSG00000091972.18","","",""
"","ENSG00000280303.2","","",""
"","ENSG00000166979.13","","",""
"","ENSG00000006125.18","","",""
"","ENSG00000118965.16","","",""
"","ENSG00000006016.11","","",""
"","ENSG00000125746.18","","",""
"","ENSG00000106290.15","","",""
"","ENSG00000163909.8","","",""
"","ENSG00000205129.8","","",""
"","ENSG00000272578.5","","",""
"","ENSG00000214432.9","","",""
"","ENSG00000260455.2","","",""
"","ENSG00000273058.2","","",""
"","ENSG00000171680.23","","",""
"","ENSG00000201772.1","","",""
"","ENSG00000243678.12","","",""
"","ENSG00000153790.12","","",""
"","ENSG00000102977.17","","",""
"","ENSG00000167779.9","","",""
"","ENSG00000214021.16","","",""
"","ENSG00000138764.15","","",""
"","ENSG00000087245.13","","",""
"","ENSG00000166068.13","","",""
"","ENSG00000099917.17","","",""
"","ENSG00000102882.12","","",""
"","ENSG00000107816.17","","",""
"","ENSG00000189319.14","","",""
"","ENSG00000135912.11","","",""
"","ENSG00000131238.18","","",""
"","ENSG00000228335.1","","",""
"","ENSG00000105355.9","","",""
"","ENSG00000267892.1","","",""
"","ENSG00000204120.16","","",""
"","ENSG00000173801.17","","",""
"","ENSG00000104856.14","","",""
"","ENSG00000181444.13","","",""
"","ENSG00000278156.2","","",""
"","ENSG00000174233.11","","",""
"","ENSG00000264538.6","","",""
"","ENSG00000167968.13","","",""
"","ENSG00000272807.1","","",""
"","ENSG00000181588.16","","",""
"","ENSG00000188807.13","","",""
"","ENSG00000185800.12","","",""
"","ENSG00000197959.14","","",""
"","ENSG00000172830.13","","",""
"","ENSG00000240370.6","","",""
"","ENSG00000104218.16","","",""
"","ENSG00000277232.2","","",""
"","ENSG00000236829.9","","",""
"","ENSG00000173681.16","","",""
"","ENSG00000173207.13","","",""
"","ENSG00000133816.17","","",""
"","ENSG00000256667.6","","",""
"","ENSG00000111676.15","","",""
"","ENSG00000261770.1","","",""
"","ENSG00000133247.14","","",""
"","ENSG00000164543.7","","",""
"","ENSG00000166012.17","","",""
"","ENSG00000173706.14","","",""
"","ENSG00000173068.18","","",""
"","ENSG00000113648.16","","",""
"","ENSG00000236431.1","","",""
"","ENSG00000143457.11","","",""
"","ENSG00000110395.7","","",""
"","ENSG00000267102.1","","",""
"","ENSG00000163348.4","","",""
"","ENSG00000175203.17","","",""
"","ENSG00000197774.13","","",""
"","ENSG00000142669.15","","",""
"","ENSG00000173065.13","","",""
"","ENSG00000150093.20","","",""
"","ENSG00000204396.11","","",""
"","ENSG00000253559.1","","",""
"","ENSG00000168393.13","","",""
"","ENSG00000108679.13","","",""
"","ENSG00000140939.14","","",""
"","ENSG00000166707.12","","",""
"","ENSG00000138193.16","","",""
"","ENSG00000171552.14","","",""
"","ENSG00000238278.3","","",""
"","ENSG00000164663.14","","",""
"","ENSG00000133789.15","","",""
"","ENSG00000265590.10","","",""
"","ENSG00000101152.11","","",""
"","ENSG00000223546.7","","",""
"","ENSG00000078246.17","","",""
"","ENSG00000272994.1","","",""
"","ENSG00000143367.16","","",""
"","ENSG00000275183.2","","",""
"","ENSG00000178093.14","","",""
"","ENSG00000267745.1","","",""
"","ENSG00000142765.18","","",""
"","ENSG00000166135.14","","",""
"","ENSG00000090863.12","","",""
"","ENSG00000089639.11","","",""
"","ENSG00000272983.1","","",""
"","ENSG00000152433.15","","",""
"","ENSG00000105327.18","","",""
"","ENSG00000149716.13","","",""
"","ENSG00000198019.13","","",""
"","ENSG00000171533.11","","",""
"","ENSG00000266313.2","","",""
"","ENSG00000105419.18","","",""
"","ENSG00000262223.8","","",""
"","ENSG00000277767.1","","",""
"","ENSG00000164877.19","","",""
"","ENSG00000125775.15","","",""
"","ENSG00000072952.19","","",""
"","ENSG00000160410.15","","",""
"","ENSG00000105254.12","","",""
"","ENSG00000008256.16","","",""
"","ENSG00000101150.18","","",""
"","ENSG00000160050.15","","",""
"","ENSG00000276814.1","","",""
"","ENSG00000062370.17","","",""
"","ENSG00000176845.13","","",""
"","ENSG00000108406.10","","",""
"","ENSG00000196664.5","","",""
"","ENSG00000105639.20","","",""
"","ENSG00000119185.13","","",""
"","ENSG00000146263.11","","",""
"","ENSG00000280594.1","","",""
"","ENSG00000134590.14","","",""
"","ENSG00000143322.21","","",""
"","ENSG00000169403.12","","",""
"","ENSG00000054690.14","","",""
"","ENSG00000163281.12","","",""
"","ENSG00000286388.1","","",""
"","ENSG00000163472.19","","",""
"","ENSG00000272711.1","","",""
"","ENSG00000155099.8","","",""
"","ENSG00000205746.9","","",""
"","ENSG00000166847.10","","",""
"","ENSG00000275342.5","","",""
"","ENSG00000261737.1","","",""
"","ENSG00000205572.10","","",""
"","ENSG00000159216.19","","",""
"","ENSG00000141570.11","","",""
"","ENSG00000090857.14","","",""
"","ENSG00000144134.18","","",""
"","ENSG00000235944.8","","",""
"","ENSG00000260920.2","","",""
"","ENSG00000267475.1","","",""
"","ENSG00000182809.11","","",""
"","ENSG00000235681.1","","",""
"","ENSG00000277142.1","","",""
"","ENSG00000214694.12","","",""
"","ENSG00000261118.1","","",""
"","ENSG00000111490.15","","",""
"","ENSG00000196267.12","","",""
"","ENSG00000213551.7","","",""
"","ENSG00000075142.14","","",""
"","ENSG00000001460.18","","",""
"","ENSG00000169855.20","","",""
"","ENSG00000218891.5","","",""
"","ENSG00000170100.14","","",""
"","ENSG00000204934.10","","",""
"","ENSG00000142686.8","","",""
"","ENSG00000181126.13","","",""
"","ENSG00000242759.8","","",""
"","ENSG00000187240.16","","",""
"","ENSG00000213131.3","","",""
"","ENSG00000119640.9","","",""
"","ENSG00000126458.4","","",""
"","ENSG00000138443.17","","",""
"","ENSG00000118655.7","","",""
"","ENSG00000166073.11","","",""
"","ENSG00000228288.7","","",""
"","ENSG00000182841.12","","",""
"","ENSG00000240429.1","","",""
"","ENSG00000168476.12","","",""
"","ENSG00000135632.12","","",""
"","ENSG00000065491.8","","",""
"","ENSG00000241489.8","","",""
"","ENSG00000168852.13","","",""
"","ENSG00000237172.4","","",""
"","ENSG00000112139.16","","",""
"","ENSG00000197852.12","","",""
"","ENSG00000144560.15","","",""
"","ENSG00000137942.17","","",""
"","ENSG00000172201.12","","",""
"","ENSG00000143590.14","","",""
"","ENSG00000183569.18","","",""
"","ENSG00000180785.10","","",""
"","ENSG00000105137.13","","",""
"","ENSG00000087088.20","","",""
"","ENSG00000233622.3","","",""
"","ENSG00000125753.14","","",""
"","ENSG00000284976.1","","",""
"","ENSG00000143643.13","","",""
"","ENSG00000168404.13","","",""
"","ENSG00000253854.1","","",""
"","ENSG00000156697.13","","",""
"","ENSG00000138363.15","","",""
"","ENSG00000169926.11","","",""
"","ENSG00000057935.14","","",""
"","ENSG00000238058.2","","",""
"","ENSG00000173653.8","","",""
"","ENSG00000221994.12","","",""
"","ENSG00000173442.13","","",""
"","ENSG00000267769.1","","",""
"","ENSG00000136040.9","","",""
"","ENSG00000141294.10","","",""
"","ENSG00000240342.3","","",""
"","ENSG00000125835.19","","",""
"","ENSG00000062485.19","","",""
"","ENSG00000196227.11","","",""
"","ENSG00000054282.16","","",""
"","ENSG00000174943.11","","",""
"","ENSG00000168385.18","","",""
"","ENSG00000235314.1","","",""
"","ENSG00000198223.17","","",""
"","ENSG00000145569.6","","",""
"","ENSG00000113441.16","","",""
"","ENSG00000167325.15","","",""
"","ENSG00000010626.15","","",""
"","ENSG00000232434.2","","",""
"","ENSG00000148925.11","","",""
"","ENSG00000164124.11","","",""
"","ENSG00000125743.10","","",""
"","ENSG00000077463.15","","",""
"","ENSG00000085433.16","","",""
"","ENSG00000091127.14","","",""
"","ENSG00000186575.19","","",""
"","ENSG00000185842.15","","",""
"","ENSG00000147127.8","","",""
"","ENSG00000176148.16","","",""
"","ENSG00000149609.6","","",""
"","ENSG00000008086.13","","",""
"","ENSG00000071282.12","","",""
"","ENSG00000253676.1","","",""
"","ENSG00000225234.1","","",""
"","ENSG00000280798.1","","",""
"","ENSG00000226137.5","","",""
"","ENSG00000149636.16","","",""
"","ENSG00000103978.16","","",""
"","ENSG00000287077.1","","",""
"","ENSG00000227799.1","","",""
"","ENSG00000148908.15","","",""
"","ENSG00000030110.13","","",""
"","ENSG00000148288.13","","",""
"","ENSG00000250565.7","","",""
"","ENSG00000188033.10","","",""
"","ENSG00000105202.9","","",""
"","ENSG00000147044.22","","",""
"","ENSG00000119574.13","","",""
"","ENSG00000283696.1","","",""
"","ENSG00000006555.11","","",""
"","ENSG00000006704.11","","",""
"","ENSG00000110851.12","","",""
"","ENSG00000073350.14","","",""
"","ENSG00000105640.13","","",""
"","ENSG00000047644.19","","",""
"","ENSG00000143368.10","","",""
"","ENSG00000167987.11","","",""
"","ENSG00000272144.1","","",""
"","ENSG00000204130.14","","",""
"","ENSG00000100311.17","","",""
"","ENSG00000115204.15","","",""
"","ENSG00000239763.2","","",""
"","ENSG00000273723.1","","",""
"","ENSG00000197136.4","","",""
"","ENSG00000138182.15","","",""
"","ENSG00000267278.6","","",""
"","ENSG00000006837.12","","",""
"","ENSG00000142039.4","","",""
"","ENSG00000110906.13","","",""
"","ENSG00000138002.16","","",""
"","ENSG00000213753.11","","",""
"","ENSG00000232931.6","","",""
"","ENSG00000172534.14","","",""
"","ENSG00000182481.10","","",""
"","ENSG00000113360.16","","",""
"","ENSG00000143258.16","","",""
"","ENSG00000283475.1","","",""
"","ENSG00000137343.18","","",""
"","ENSG00000183340.7","","",""
"","ENSG00000272668.2","","",""
"","ENSG00000076944.16","","",""
"","ENSG00000152422.16","","",""
"","ENSG00000196312.15","","",""
"","ENSG00000167088.11","","",""
"","ENSG00000081721.12","","",""
"","ENSG00000241014.2","","",""
"","ENSG00000138771.16","","",""
"","ENSG00000139579.13","","",""
"","ENSG00000108960.9","","",""
"","ENSG00000231407.6","","",""
"","ENSG00000148358.20","","",""
"","ENSG00000044090.10","","",""
"","ENSG00000268201.1","","",""
"","ENSG00000197102.12","","",""
"","ENSG00000234420.7","","",""
"","ENSG00000163947.12","","",""
"","ENSG00000123908.12","","",""
"","ENSG00000272669.1","","",""
"","ENSG00000117877.11","","",""
"","ENSG00000125458.7","","",""
"","ENSG00000013619.14","","",""
"","ENSG00000279926.1","","",""
"","ENSG00000168439.17","","",""
"","ENSG00000007944.15","","",""
"","ENSG00000162997.15","","",""
"","ENSG00000157870.17","","",""
"","ENSG00000160691.19","","",""
"","ENSG00000255559.1","","",""
"","ENSG00000126457.22","","",""
"","ENSG00000108175.17","","",""
"","ENSG00000275832.5","","",""
"","ENSG00000033327.13","","",""
"","ENSG00000196465.10","","",""
"","ENSG00000068024.17","","",""
"","ENSG00000105928.16","","",""
"","ENSG00000143390.18","","",""
"","ENSG00000196118.12","","",""
"","ENSG00000180329.14","","",""
"","ENSG00000174951.11","","",""
"","ENSG00000129534.14","","",""
