"EnsemblID","GeneSymbol","Class","Chromosome","baseMean","log2FoldChange","lfcSE","pvalue","padj"
"ENSG00000173826.15","KCNH6"," protein_coding","chr17",37.0875520416736,11.5983640874835,1.26899584174477,5.47023049919364e-06,3.3394967231264e-05
"ENSG00000169067.4","ACTBL2"," protein_coding","chr5",4.79800040255515,10.9119009543496,3.11127881968737,3.57832015678475e-05,0.000183663594322109
"ENSG00000167080.9","B4GALNT2"," protein_coding","chr17",189.754369122583,10.5699359972425,1.43781265832447,1.31829743453095e-27,2.45096285493776e-25
"ENSG00000186007.10","LEMD1"," protein_coding","chr1",36.3376231192868,10.1023766443242,3.10632093364099,1.45395177262898e-09,1.74312861717282e-08
"ENSG00000174502.19","SLC26A9"," protein_coding","chr1",30.3358085792831,10.0675611110802,0.723346089948022,3.00340623977868e-06,1.93776502119231e-05
"ENSG00000170231.16","FABP6"," protein_coding","chr5",36.4567195733889,10.067452272062,3.14434927747616,7.88250324234014e-09,8.39141376189122e-08
"ENSG00000074317.11","SNCB"," protein_coding","chr5",2.21208071946466,9.6934985342275,1.19308798402883,0.00182191675629578,0.00604590328377606
"ENSG00000233532.6","LINC00460"," lncRNA","chr13",3.56081542955579,9.53037471885647,3.01305441653203,0.00025263468494094,0.00105233776168665
"ENSG00000132429.10","POPDC3"," protein_coding","chr6",32.3359592010651,9.07084945695551,1.66685610193097,0.000257769207855984,0.00107259201482899
"ENSG00000129991.13","TNNI3"," protein_coding","chr19",17.9450167438829,8.93168653736507,2.95463027378128,1.91579116171565e-08,1.89751145657331e-07
"ENSG00000231290.6","APCDD1L-DT"," lncRNA","chr20",19.0401646988764,8.79777433217475,1.31081671475606,8.74002012568079e-07,6.3103377981679e-06
"ENSG00000187908.20","DMBT1"," protein_coding","chr10",527.583011206882,8.69322442797085,1.63547899838677,2.31415872301352e-09,2.67545365800956e-08
"ENSG00000123999.5","INHA"," protein_coding","chr2",30.6721096152099,8.66737314450665,0.426111109935605,1.242814988465e-10,1.78491730174965e-09
"ENSG00000276740.1","AL445649.1"," lncRNA","chr13",14.6502349163277,8.60590870618566,2.89538526914541,2.21328948590423e-08,2.16890797111165e-07
"ENSG00000137868.19","STRA6"," protein_coding","chr15",192.107156200637,8.59460566513298,1.01066605169614,1.24386447041431e-14,3.49540296122495e-13
"ENSG00000234602.9","MCIDAS"," protein_coding","chr5",12.5219958129971,8.53090421783943,2.70406950106784,2.24193750209822e-14,6.01610625563044e-13
"ENSG00000107984.10","DKK1"," protein_coding","chr10",460.144195399638,8.51246633914625,0.880308038439242,2.87767279860592e-14,7.57376684635227e-13
"ENSG00000168959.14","GRM5"," protein_coding","chr11",14.5125281954375,8.49012509556395,2.97458650484874,5.33740604938015e-07,4.01565120078332e-06
"ENSG00000230156.3","LINC00443"," lncRNA","chr13",2.61396237049752,8.45774230379465,1.50597689837648,0.000365529273342315,0.00146285412482502
"ENSG00000268104.3","SLC6A14"," protein_coding","chrX",35.8873170430436,8.43992453724059,2.24893579814345,2.18264731200512e-05,0.000117269551379402
"ENSG00000197587.11","DMBX1"," protein_coding","chr1",84.7077296533906,8.35997176387163,1.32121257975569,2.51348606487222e-14,6.65902588794347e-13
"ENSG00000102837.7","OLFM4"," protein_coding","chr13",606.420457638331,8.34726301661325,1.35921703838269,2.77224942351589e-07,2.20697989723076e-06
"ENSG00000142698.15","C1orf94"," protein_coding","chr1",6.40496373606607,8.31856990687024,1.606420691152,0.000788641167322341,0.00289539008302396
"ENSG00000185479.6","KRT6B"," protein_coding","chr12",273.278691522115,8.27566753230101,1.20197751477004,1.43210273837693e-08,1.45398554736222e-07
"ENSG00000198768.11","APCDD1L"," protein_coding","chr20",38.1221587327351,8.23585372550983,1.15626028895831,0.00405636441458714,0.0121628385700136
"ENSG00000145681.11","HAPLN1"," protein_coding","chr5",1.59420607623911,8.17233754951976,2.92096083703795,0.00860476981210393,0.0231692541908298
"ENSG00000170373.8","CST1"," protein_coding","chr20",101.854692014368,8.08833708510684,1.35280356916846,1.68980349919048e-11,2.84693412280961e-10
"ENSG00000243479.3","MNX1-AS1"," lncRNA","chr7",38.8516670081734,8.02892386504182,1.58550185221837,1.04230097735424e-11,1.8096950719313e-10
"ENSG00000170689.10","HOXB9"," protein_coding","chr17",98.2641105076828,8.02858849068127,1.38881328357288,6.98968990161593e-11,1.04769920215948e-09
"ENSG00000153294.12","ADGRF4"," protein_coding","chr6",112.989631596785,7.9747561411219,1.15514444822584,2.01727613614414e-13,4.63687372854124e-12
"ENSG00000242515.5","UGT1A10"," protein_coding","chr2",227.316613642525,7.97325431597647,1.50624858721464,3.7044876689292e-09,4.14962368721183e-08
"ENSG00000205922.5","ONECUT3"," protein_coding","chr19",15.2253703023693,7.94757060140025,1.32209076172308,0.000231366726275702,0.000975814927521105
"ENSG00000106038.13","EVX1"," protein_coding","chr7",34.9189582328995,7.81248065935346,1.69170102272227,1.72196562503694e-09,2.03977233847071e-08
"ENSG00000225298.5","LINC00113"," lncRNA","chr21",9.83538345066356,7.78018450899949,2.9195944968105,4.59695594776229e-06,2.85474518654621e-05
"ENSG00000255345.1","AP002957.1"," lncRNA","chr11",9.51863600354397,7.76610584820875,2.87901001449343,2.2039337168876e-06,1.46414061411636e-05
"ENSG00000205086.8","C2orf91"," lncRNA","chr2",3.82592409390771,7.75222797231098,0.747969690491742,0.0161862326247659,0.0396553182791699
"ENSG00000167653.5","PSCA"," protein_coding","chr8",9.87029263391586,7.57342591657232,0.824648850107041,0.000856403310370552,0.00311554354704398
"ENSG00000164287.13","CDC20B"," protein_coding","chr5",15.7176166934831,7.56625348396987,1.19970074470961,2.51325607260991e-07,2.02395307931845e-06
"ENSG00000105388.16","CEACAM5"," protein_coding","chr19",21.4586819214707,7.56588523359784,0.988730781500261,1.72066436923076e-05,9.47876468103721e-05
"ENSG00000124102.5","PI3"," protein_coding","chr20",922.746537021353,7.52003983549731,1.0619771549306,4.83668979152034e-14,1.22786252853661e-12
"ENSG00000159337.7","PLA2G4D"," protein_coding","chr15",7.7884635280186,7.50570255445944,2.76744503923309,5.69698232749922e-07,4.27076015191017e-06
"ENSG00000171431.4","KRT20"," protein_coding","chr17",8.52427732834772,7.50318371313113,2.90891644321437,1.16974955025349e-05,6.67718681630997e-05
"ENSG00000183072.10","NKX2-5"," protein_coding","chr5",3.10100909010252,7.47848592206811,3.06484977913288,0.00397047197645834,0.0119507478156344
"ENSG00000029559.7","IBSP"," protein_coding","chr4",48.9608781959047,7.44188305473133,1.46620131151104,8.80212310859694e-10,1.09608365894684e-08
"ENSG00000153930.12","ANKFN1"," protein_coding","chr17",7.1685711411008,7.38160686805505,2.72885880263193,3.87391973152845e-07,2.99095724322269e-06
"ENSG00000231826.6","LINC01819"," lncRNA","chr2",36.8646317027253,7.22610582819872,1.28779715260237,7.61622239947006e-06,4.52551621858102e-05
"ENSG00000163209.15","SPRR3"," protein_coding","chr1",27.31907925907,7.2221766815656,1.86434707582059,4.29190825351863e-07,3.29016220359751e-06
"ENSG00000130675.15","MNX1"," protein_coding","chr7",80.5428846800364,7.19529543034205,0.959582403314556,7.22534207849432e-15,2.09707465758807e-13
"ENSG00000109255.11","NMU"," protein_coding","chr4",8.02424592228423,7.1878034891303,3.06142677427977,0.000152501573905216,0.000672256069100991
"ENSG00000226476.6","LINC01748"," lncRNA","chr1",90.5487329422078,7.14695931051331,1.3106818935665,2.11463542395814e-09,2.45940194104606e-08
"ENSG00000115386.6","REG1A"," protein_coding","chr2",50.3903212228519,7.14521254760728,1.12726213890896,1.63326666775614e-06,1.11414301758136e-05
"ENSG00000272620.2","AFAP1-AS1"," lncRNA","chr4",331.461105987847,7.07159273982601,0.876798406952082,2.84172528103928e-17,1.17408335301183e-15
"ENSG00000172137.19","CALB2"," protein_coding","chr16",383.368993349522,7.06646159665499,0.984707385840116,2.30740850703429e-14,6.17121397335637e-13
"ENSG00000101441.4","CST4"," protein_coding","chr20",8.14343816161859,7.05475371361053,1.60494604916166,0.000244411623046157,0.00102314044670398
"ENSG00000249550.7","LINC01234"," lncRNA","chr12",21.787967996142,7.0087834110119,1.41628555757499,1.2561806146191e-05,7.12315947663773e-05
"ENSG00000180861.9","LINC01559"," lncRNA","chr12",186.933910465696,6.97420117177079,0.826060146721237,1.59611258885804e-18,8.06880556402084e-17
"ENSG00000161798.7","AQP5"," protein_coding","chr12",29.6404324006846,6.95042730433093,1.23745983649563,0.000694445782904761,0.0025810765853146
"ENSG00000284727.1","AC116562.3"," transcribed_unprocessed_pseudogene","chr4",6.0471526101863,6.93963566042523,2.79762743860829,1.82517268035549e-05,0.000100147595773682
"ENSG00000231324.1","AP000696.1"," lncRNA","chr21",6.37408405074933,6.9340343665136,2.88185402468536,5.70080829722173e-05,0.000279145336950916
"ENSG00000157851.17","DPYSL5"," protein_coding","chr2",5.74496972124041,6.92989956159703,2.19779084674907,0.00381617206576806,0.0115601943434181
"ENSG00000258910.3","LINC01956"," lncRNA","chr2",19.673826711933,6.92755746350989,1.65492319286612,2.86336247838793e-08,2.75466425237788e-07
"ENSG00000183317.17","EPHA10"," protein_coding","chr1",332.073223859618,6.91836733638932,0.785250417339001,6.20547234051279e-20,3.80267694748776e-18
"ENSG00000237289.10","CKMT1B"," protein_coding","chr15",18.5415132126362,6.9124246710837,1.53213575581797,6.76010389301255e-10,8.58447846997314e-09
"ENSG00000198758.11","EPS8L3"," protein_coding","chr1",1212.37709437222,6.8951413954193,0.785024676695538,5.99437255081303e-20,3.68647733578477e-18
"ENSG00000149948.14","HMGA2"," protein_coding","chr12",23.081135755622,6.88802300009645,0.887378739822937,6.20848792463836e-05,0.000300722989494813
"ENSG00000283142.1","AL049767.1"," transcribed_unprocessed_pseudogene","chr20",5.88192424115808,6.87682066649377,2.80002109831362,2.41415348766253e-05,0.000128712197188135
"ENSG00000142619.4","PADI3"," protein_coding","chr1",51.6817219761171,6.84908063326273,1.4388928485408,1.54374445539069e-08,1.55811356468135e-07
"ENSG00000186493.13","C5orf38"," protein_coding","chr5",4.4411017099899,6.8367223524152,1.46291867576383,0.00455180763681136,0.0134194134786891
"ENSG00000105048.17","TNNT1"," protein_coding","chr19",220.541254878496,6.83443922402515,0.661375807741717,1.36312505746512e-26,2.22128462576537e-24
"ENSG00000228714.4","AL691420.1"," lncRNA","chr9",2.49707680211006,6.80541397885246,2.94427345162324,0.00451012892580562,0.0133153796191118
"ENSG00000253227.2","AC090192.2"," lncRNA","chr8",17.5340697766134,6.79919351447018,1.51667107081679,5.50955078572343e-10,7.11727576921021e-09
"ENSG00000287853.1","AL031668.2"," lncRNA","chr20",4.67637736858681,6.77719138903845,0.837155006975875,1.95320401683228e-05,0.000106352450937056
"ENSG00000249628.3","LINC00942"," lncRNA","chr12",10.5555319138799,6.76310841331941,0.869185053380781,0.000417643117696763,0.0016473276811249
"ENSG00000160716.6","CHRNB2"," protein_coding","chr1",12.6449879198367,6.75945069045083,0.86661288712403,3.34305528306131e-07,2.61220411335696e-06
"ENSG00000128422.17","KRT17"," protein_coding","chr17",478.478829006339,6.7530310163103,0.922487536944525,4.94219468387096e-07,3.74147097674103e-06
"ENSG00000185640.6","KRT79"," protein_coding","chr12",6.06379395271166,6.7488608329737,2.94659549767048,0.000174527793695589,0.000759028062368665
"ENSG00000165309.14","ARMC3"," protein_coding","chr10",16.731075533338,6.74343755913693,1.5480042946419,2.95031893960038e-09,3.35246798399702e-08
"ENSG00000284309.1","AL391650.2"," lncRNA","chr1",6.0921452134113,6.73984654049046,2.96013257296377,0.000197713625648205,0.000848228966985216
"ENSG00000205057.6","CLLU1-AS1"," lncRNA","chr12",5.43811774736726,6.72648355129582,2.78976846674758,3.61639983129704e-05,0.000185422335523121
"ENSG00000155269.12","GPR78"," protein_coding","chr4",5.27850947338873,6.72387306220074,2.74036380284379,1.71073172152773e-05,9.42760883907847e-05
"ENSG00000143217.9","NECTIN4"," protein_coding","chr1",1052.4692193557,6.7200551350663,0.833003624454837,2.4945631149144e-17,1.04097155220226e-15
"ENSG00000143001.5","TMEM61"," protein_coding","chr1",25.295954723051,6.71721520640475,1.05833648174704,3.50944056701264e-16,1.200080561538e-14
"ENSG00000180806.5","HOXC9"," protein_coding","chr12",42.2090107333773,6.66495943947968,1.51708483861493,2.20075408773544e-07,1.79212160762577e-06
"ENSG00000223485.4","LINC01615"," lncRNA","chr6",11.7753269590294,6.66426259038595,1.13085376855511,3.4045500286434e-07,2.6545661530473e-06
"ENSG00000277586.4","NEFL"," protein_coding","chr8",205.98142530517,6.64600995446585,1.13493920806587,1.44443914404854e-10,2.05425867346425e-09
"ENSG00000286042.1","LCAL1"," lncRNA","chr6",58.9367911732626,6.63475258964097,1.10250339124406,1.36102166346005e-05,7.66698356536619e-05
"ENSG00000256870.3","SLC5A8"," protein_coding","chr12",71.9711899724319,6.62270730895235,1.67726666122671,2.2865825231827e-06,1.51035610549629e-05
"ENSG00000167748.11","KLK1"," protein_coding","chr19",4.60507926549719,6.59799538273017,1.05827088692229,7.12368174350077e-05,0.000340696299026355
"ENSG00000104112.9","SCG3"," protein_coding","chr15",25.1741857973143,6.56845330288195,1.24152221224835,0.00280838375011983,0.0088368657612994
"ENSG00000267073.1","AC005256.1"," lncRNA","chr19",16.1729801756889,6.56073764365188,1.74753825450374,7.57803280861768e-07,5.54967710255007e-06
"ENSG00000253308.2","AC004080.1"," lncRNA","chr7",5.51450213085177,6.54157327805648,2.94980167768968,0.000285877629465374,0.00117397783667119
"ENSG00000267795.6","SMIM22"," protein_coding","chr16",88.2345259180625,6.52900920602749,0.678137843375391,4.67182385531844e-13,1.00644335329235e-11
"ENSG00000163364.10","LINC01116"," lncRNA","chr2",33.526533920485,6.51068868298005,0.885549957166633,4.42027354636503e-07,3.37968437939506e-06
"ENSG00000075461.6","CACNG4"," protein_coding","chr17",495.889976374987,6.49639743016364,1.06376079719715,3.04328161696274e-11,4.86941752524334e-10
"ENSG00000256643.1","LINC02441"," lncRNA","chr12",4.80700729905909,6.48210367498542,2.77006679896941,6.42475560755778e-05,0.000310116988775199
"ENSG00000089199.10","CHGB"," protein_coding","chr20",22.5695670070285,6.47987655792421,0.766557296768122,0.000114988094610423,0.000524240033087123
"ENSG00000254560.6","BBOX1-AS1"," lncRNA","chr11",3.63423173553343,6.45670254544102,1.81836537593128,0.00203359480761529,0.00665521451176151
"ENSG00000272763.1","AC103702.2"," lncRNA","chr17",63.0385971784729,6.42672614105027,2.32431781433824,5.4022387463768e-05,0.000266044068872303
"ENSG00000186897.5","C1QL4"," protein_coding","chr12",31.410664198799,6.41884854735097,1.14827269318727,1.49857801669537e-10,2.11783053144318e-09
"ENSG00000124935.4","SCGB1D2"," protein_coding","chr11",15.8394304272083,6.37380629679919,1.88741212009691,7.07035757512576e-06,4.22699856751062e-05
"ENSG00000105290.13","APLP1"," protein_coding","chr19",343.972481490503,6.37331153314498,0.676100380100475,3.76955891384855e-10,5.00246878790029e-09
"ENSG00000167419.11","LPO"," protein_coding","chr17",7.20078730674478,6.32900369620054,1.68496475608571,0.0126773132192536,0.0322336601544985
"ENSG00000253931.1","AC105118.1"," lncRNA","chr8",4.66744954425596,6.32183789711412,2.85067522558691,0.000228677424131966,0.000965030640119405
"ENSG00000197273.4","GUCA2A"," protein_coding","chr1",111.609433891464,6.30294476341525,0.872070524368085,2.47444789251513e-14,6.56753144465641e-13
"ENSG00000185686.18","PRAME"," protein_coding","chr22",621.238313150276,6.29395155300377,1.63156767669595,2.09271696380393e-06,1.39621365775839e-05
"ENSG00000166866.13","MYO1A"," protein_coding","chr12",50.253917778817,6.27898559659297,0.773272660936484,0.000793966955092842,0.00291237702629566
"ENSG00000198729.5","PPP1R14C"," protein_coding","chr6",158.261031907909,6.27640226342427,0.827522262180951,1.48885670778588e-15,4.66972702251681e-14
"ENSG00000101842.14","VSIG1"," protein_coding","chrX",20.0506127765825,6.25119449220292,0.72400199692887,0.00567046248478147,0.0162253992759065
"ENSG00000188162.12","OTOG"," protein_coding","chr11",21.2049755925582,6.24170642510438,1.32289886268369,4.85496246582914e-09,5.32585183022829e-08
"ENSG00000123977.10","DAW1"," protein_coding","chr2",4.19406464079515,6.23532222152413,2.73137409196999,8.99992114194878e-05,0.000420366212633313
"ENSG00000270002.1","AC022028.2"," lncRNA","chr10",20.4204191561196,6.23017352279794,1.36206866125496,1.99870613286977e-08,1.97427223805209e-07
"ENSG00000268941.2","LINC01711"," lncRNA","chr20",10.5034569158363,6.22908514747486,1.24067484788162,0.000879765923540093,0.00319257181186128
"ENSG00000287929.1","AL354953.1"," lncRNA","chr1",48.6499427271754,6.22690570008372,0.807013521941329,1.83266607183384e-15,5.69904441890417e-14
"ENSG00000137648.19","TMPRSS4"," protein_coding","chr11",77.6175468109116,6.21282948448586,0.986281438248469,8.71735077974099e-06,5.13171351956135e-05
"ENSG00000132746.15","ALDH3B2"," protein_coding","chr11",102.600575907186,6.19663283121086,1.54721437311991,1.38677112088463e-06,9.58775226951499e-06
"ENSG00000284713.1","SMIM38"," protein_coding","chr11",7.09875843050878,6.17964438811627,0.613702389693732,0.0185346076243963,0.0444090660256297
"ENSG00000254338.1","MAFA-AS1"," lncRNA","chr8",3.76792631044155,6.13923976224207,2.64259711013806,3.90255068212781e-05,0.000198281659723021
"ENSG00000114923.17","SLC4A3"," protein_coding","chr2",393.087470175865,6.12787214610545,0.537425122517478,1.10652436042916e-15,3.53518171624952e-14
"ENSG00000171450.6","CDK5R2"," protein_coding","chr2",12.1688842156881,6.11784087963426,1.64482867505589,4.54318608182769e-07,3.46729970750476e-06
"ENSG00000275896.6","PRSS2"," protein_coding","chr7",6.99976466493122,6.10084818706647,1.14336615771322,0.00968097391617101,0.025622387093802
"ENSG00000142661.19","MYOM3"," protein_coding","chr1",296.367949709371,6.098407029753,0.929711695575998,1.86367940672073e-12,3.64598689568324e-11
"ENSG00000248540.3","AC010931.1"," lncRNA","chr15",10.7744339183506,6.09826307797493,1.50277220169746,2.00554273089256e-08,1.98035463498325e-07
"ENSG00000186326.4","RGS9BP"," protein_coding","chr19",3.89983210238309,6.0903806685649,2.73242618958201,0.000144474764476398,0.000641233171791245
"ENSG00000285108.1","AC103718.1"," lncRNA","chr8",18.1908663416535,6.08137244982537,1.31507432125036,1.20962912294116e-08,1.24589236889374e-07
"ENSG00000166407.14","LMO1"," protein_coding","chr11",3.83031004673873,6.07391376335208,1.47383578998979,2.08155303204493e-05,0.000112355330110508
"ENSG00000134443.10","GRP"," protein_coding","chr18",18.0717022201108,6.06170098598094,1.28792809575957,5.49878218598071e-09,5.97815794196315e-08
"ENSG00000105889.16","STEAP1B"," protein_coding","chr7",4.12623792385626,6.05216148409743,0.736083154565427,0.00108642183484244,0.00384493902491715
"ENSG00000062038.14","CDH3"," protein_coding","chr16",55.6713016512021,6.04504532345931,0.668846998842542,7.89868142304022e-09,8.40556871319446e-08
"ENSG00000169436.17","COL22A1"," protein_coding","chr8",393.515099640941,6.04203349012614,0.88741510694984,3.45235802998186e-13,7.60587850275988e-12
"ENSG00000259439.2","LINC01833"," lncRNA","chr2",58.4749783858505,6.03733720171217,2.06058873209526,3.57204705716799e-05,0.000183406161961861
"ENSG00000140274.14","DUOXA2"," protein_coding","chr15",79.0117957756803,6.03680101523453,0.967507974433057,1.16703356582071e-05,6.66559664801726e-05
"ENSG00000148735.15","PLEKHS1"," protein_coding","chr10",280.595645099482,6.02833827853596,1.45720158915584,7.9215519701835e-07,5.78382351485063e-06
"ENSG00000065618.21","COL17A1"," protein_coding","chr10",35.8399025159362,6.00716742687866,0.855801244579284,1.8927005429416e-05,0.000103463609702143
"ENSG00000287338.1","AL929091.1"," lncRNA","chr1",41.4221025210628,6.00637214245518,1.22070156702677,3.85498800342617e-08,3.62495632082327e-07
"ENSG00000099812.9","MISP"," protein_coding","chr19",1375.40686974052,5.9989238000029,0.815662763691987,6.94607228522308e-15,2.02003970575944e-13
"ENSG00000287725.1","AP003071.5"," protein_coding","chr11",23.3012904593653,5.99829483456691,0.397230557108286,1.1702689806092e-05,6.67884482398546e-05
"ENSG00000182272.12","B4GALNT4"," protein_coding","chr11",865.716142377593,5.99040683066774,0.657011913479704,2.65400066214413e-21,1.97991164486144e-19
"ENSG00000189433.7","GJB4"," protein_coding","chr1",99.348010184979,5.98693680529528,1.25170775177118,5.08591402547517e-08,4.65780302069342e-07
"ENSG00000187957.8","DNER"," protein_coding","chr2",339.86974206652,5.95053230545112,1.02899437935925,2.26529032873973e-10,3.1226962948492e-09
"ENSG00000242078.1","AC084864.1"," lncRNA","chr7",3.31406097554585,5.94830181215816,2.5681317521018,2.47472393069375e-05,0.000131628778873826
"ENSG00000140481.15","CCDC33"," protein_coding","chr15",33.1523137584769,5.94685864744325,1.31220390165923,1.97402768798692e-07,1.62289779117504e-06
"ENSG00000006118.15","TMEM132A"," protein_coding","chr11",4382.38455069979,5.93927465569069,0.64992040037485,2.45304742380565e-21,1.84414794600482e-19
"ENSG00000176406.23","RIMS2"," protein_coding","chr8",88.1457251951651,5.93469263763706,1.24296085529762,6.19885230021854e-08,5.58931445888948e-07
"ENSG00000177182.11","CLVS1"," protein_coding","chr8",60.6497253434545,5.90871024545218,0.992732473138801,1.49554792743181e-10,2.1153504207113e-09
"ENSG00000138669.9","PRKG2"," protein_coding","chr4",22.8644364693296,5.89414697395324,0.896112257821155,0.000757181303581885,0.00279113123267787
"ENSG00000181617.6","FDCSP"," protein_coding","chr4",79.3897654135222,5.88947183160317,0.949345433606073,1.83863223918593e-11,3.07165313773279e-10
"ENSG00000166143.10","PPP1R14D"," protein_coding","chr15",75.6926990459548,5.88788092099829,0.983690437112632,9.29470040991377e-11,1.36269877815518e-09
"ENSG00000130477.15","UNC13A"," protein_coding","chr19",47.8577699132184,5.87721347642547,0.708464861604477,7.07874519874627e-09,7.58676973844253e-08
"ENSG00000107159.13","CA9"," protein_coding","chr9",605.859188164988,5.87254830723907,0.803850689944586,4.26184446430864e-06,2.66996866794284e-05
"ENSG00000106031.9","HOXA13"," protein_coding","chr7",99.5858186465897,5.86931807507637,1.60464462456352,5.36229306801132e-06,3.27978038374548e-05
"ENSG00000235034.7","C19orf81"," protein_coding","chr19",5.69981550860777,5.86746055596014,1.16714225515585,8.54039409733033e-05,0.0004009572757525
"ENSG00000258474.1","LINC02313"," lncRNA","chr14",9.73452195441932,5.86558379592928,1.53841797155889,1.37135590807541e-07,1.161134411688e-06
"ENSG00000151012.13","SLC7A11"," protein_coding","chr4",349.260114657479,5.8522562276993,0.829683766702232,5.79631266266672e-14,1.45126733096417e-12
"ENSG00000166589.13","CDH16"," protein_coding","chr16",109.918623812123,5.85166491124839,1.05940167318778,0.0044929294279782,0.0132740057211279
"ENSG00000140279.13","DUOX2"," protein_coding","chr15",622.093567487336,5.84489997802658,0.899061802524088,0.000169871362236656,0.000741319234751799
"ENSG00000122133.17","PAEP"," protein_coding","chr9",119.810478204404,5.83494043493524,1.52883188989164,2.77898473498305e-06,1.80294051901069e-05
"ENSG00000103723.16","AP3B2"," protein_coding","chr15",111.693829405649,5.83425385583052,0.873413058496236,1.0629083611903e-12,2.16811006906013e-11
"ENSG00000162366.8","PDZK1IP1"," protein_coding","chr1",4852.74909656273,5.8271686367483,0.635263264727018,1.79495370999299e-21,1.38510594621126e-19
"ENSG00000281406.2","BLACAT1"," protein_coding","chr1",61.0049436114998,5.82674819917322,1.04036294113275,9.11168764704659e-10,1.13145515954322e-08
"ENSG00000043039.7","BARX2"," protein_coding","chr11",208.610762711998,5.82479134162661,0.897127852903791,3.40399812659311e-12,6.38098119768678e-11
"ENSG00000177359.20","AC024940.1"," transcribed_unprocessed_pseudogene","chr12",9.36724970489086,5.82184252601253,0.822606571756367,0.000639767241949511,0.00239863376355081
"ENSG00000084628.10","NKAIN1"," protein_coding","chr1",2.97303015278157,5.82132405491475,1.23390383134263,0.000522019247322653,0.00200828006134984
"ENSG00000137203.15","TFAP2A"," protein_coding","chr6",267.22294130301,5.82054055732195,0.639262246165877,3.70225468788584e-21,2.70654303235444e-19
"ENSG00000131746.13","TNS4"," protein_coding","chr17",26.0146526686596,5.81066995334316,0.915504068266571,0.000274124680259991,0.00113128788886583
"ENSG00000262406.3","MMP12"," protein_coding","chr11",27.2798396235436,5.80785300997696,0.668935800104667,3.73063302005799e-09,4.17250132523281e-08
"ENSG00000104055.16","TGM5"," protein_coding","chr15",18.2152862206346,5.80714363354032,1.60232746500179,3.5314711363571e-06,2.24372645559573e-05
"ENSG00000184350.11","MRGPRE"," protein_coding","chr11",2.73669129252895,5.79257872224838,1.89219104690102,0.0072910282187861,0.0200728647582607
"ENSG00000246228.6","CASC8"," lncRNA","chr8",15.3884809701162,5.78629521660524,1.31365093657689,3.8886687956246e-08,3.65191822600045e-07
"ENSG00000178919.9","FOXE1"," protein_coding","chr9",17.9735585826348,5.76564490539704,1.61657623574326,4.44027953693298e-06,2.76926478111606e-05
"ENSG00000065609.14","SNAP91"," protein_coding","chr6",37.018778445561,5.76162295967661,1.33064259063441,5.55218854715852e-07,4.17079030986523e-06
"ENSG00000205426.10","KRT81"," protein_coding","chr12",32.0182138925713,5.75758564424558,0.731665262156198,0.00014732858905647,0.000652509507164922
"ENSG00000205002.4","AARD"," protein_coding","chr8",3.34664075294485,5.74181417920502,2.73798920246001,0.000382564573035939,0.00152404070348065
"ENSG00000123610.5","TNFAIP6"," protein_coding","chr2",211.651978784503,5.73444161889912,0.717333406589863,4.96539744291596e-17,1.96254306249886e-15
"ENSG00000168907.13","PLA2G4F"," protein_coding","chr15",61.7718363940415,5.73063717227704,1.1608452663256,2.7115133036624e-08,2.622418154991e-07
"ENSG00000128610.12","FEZF1"," protein_coding","chr7",3.31390103074461,5.7258738425097,2.73470708079123,0.000388302904779184,0.00154394866814395
"ENSG00000261068.2","AL512274.1"," lncRNA","chr6",75.8439676777333,5.71771966451075,0.617515979201649,1.80188348791377e-21,1.38678468229437e-19
"ENSG00000259459.6","LINC02568"," lncRNA","chr15",9.91372113428182,5.71402375844951,1.77816365414183,1.28625083749209e-05,7.27952089227918e-05
"ENSG00000052850.8","ALX4"," protein_coding","chr11",19.7898143330373,5.70459875657212,1.68869369698611,6.34801942203736e-06,3.83523982024457e-05
"ENSG00000268307.1","LINC02560"," lncRNA","chr19",3.26878284032458,5.69286719337984,2.72296195873458,0.000377708444827194,0.00150613501396643
"ENSG00000164362.21","TERT"," protein_coding","chr5",9.37757385643873,5.6927992983161,1.7055324047867,5.93905460153963e-06,3.60383365242999e-05
"ENSG00000180537.13","RNF182"," protein_coding","chr6",93.4993095452316,5.68778834407738,0.904887753154771,1.02386350809159e-11,1.78086312865377e-10
"ENSG00000196754.13","S100A2"," protein_coding","chr1",187.444314381087,5.66341425391145,0.871248727831603,2.83400956884349e-12,5.36438839153769e-11
"ENSG00000106128.19","GHRHR"," protein_coding","chr7",138.107643138167,5.63731506372866,1.11843405862075,1.44519711751706e-08,1.46581414219782e-07
"ENSG00000179292.5","TMEM151A"," protein_coding","chr11",92.6323437438202,5.62791647074719,0.652602991260568,9.24801106668509e-08,8.07408664484099e-07
"ENSG00000277883.1","NLRP3P1"," unprocessed_pseudogene","chrX",2.83742384101548,5.59223841679931,2.5765621263084,0.000119699380936035,0.000542567006489633
"ENSG00000196337.12","CGB7"," protein_coding","chr19",2.95336602092703,5.58917163127494,2.64259953978705,0.000249719912623444,0.00104251898258383
"ENSG00000134668.12","SPOCD1"," protein_coding","chr1",35.2431914041268,5.58108159927298,0.680602400778056,3.27498546905673e-07,2.56038732637137e-06
"ENSG00000174899.12","SLC66A1L"," transcribed_unitary_pseudogene","chr3",36.3022831928605,5.57799579373942,0.777443747682573,9.06583846541165e-14,2.20367868497994e-12
"ENSG00000006611.17","USH1C"," protein_coding","chr11",2925.74113622441,5.56723311432718,0.454048057574675,5.44974613425525e-36,3.24415602020594e-33
"ENSG00000104140.7","RHOV"," protein_coding","chr15",597.713588972546,5.56138523956176,0.683557237248659,1.60170167948965e-17,6.88071226642615e-16
"ENSG00000035499.13","DEPDC1B"," protein_coding","chr5",779.234301955904,5.5605530903858,0.767383441754035,1.51112210650628e-14,4.17404552317062e-13
"ENSG00000235385.2","LINC02154"," lncRNA","chrX",5.55657009251851,5.54521017901684,1.70525198884747,0.00154103252610995,0.00522193050117347
"ENSG00000263893.2","AC080037.2"," lncRNA","chr17",13.3315042329339,5.54279439673023,1.31586885368085,1.10898080601194e-07,9.51562594823498e-07
"ENSG00000196890.4","H2BU1"," protein_coding","chr1",34.8074844311185,5.53058105307456,1.09457648673302,2.14623036338181e-08,2.10927875571038e-07
"ENSG00000171246.6","NPTX1"," protein_coding","chr17",127.502865345788,5.52775722487574,0.88592838009074,1.69045558665235e-11,2.84693412280961e-10
"ENSG00000254973.2","AC105219.3"," lncRNA","chr8",6.85883367949614,5.49785767079143,1.3309579291599,6.45288302577438e-10,8.23738052423689e-09
"ENSG00000074211.14","PPP2R2C"," protein_coding","chr4",274.266727609205,5.49566796319143,0.937655110445823,1.52858849833694e-10,2.15606372862621e-09
"ENSG00000174607.11","UGT8"," protein_coding","chr4",241.759118674817,5.49519852498135,0.945077502120224,2.00674634991856e-10,2.77942945302823e-09
"ENSG00000123243.15","ITIH5"," protein_coding","chr10",9335.77778881138,5.48035391317334,0.615560926022863,2.14689949868918e-20,1.4009599883057e-18
"ENSG00000121904.17","CSMD2"," protein_coding","chr1",64.8776283134394,5.47368254392643,0.695562600166977,1.98061994921599e-05,0.000107504099923113
"ENSG00000248635.1","AC147055.1"," unprocessed_pseudogene","chr4",3.13910993209269,5.46194743841974,0.65309133136184,0.00450500700415447,0.013302950931786
"ENSG00000153347.10","FAM81B"," protein_coding","chr5",26.4225130527881,5.44430797638784,1.43374539502741,3.5277170320612e-06,2.24231811087804e-05
"ENSG00000075891.22","PAX2"," protein_coding","chr10",84.7611297950415,5.44218712489821,1.09233937945796,1.7540274233055e-05,9.64615873122139e-05
"ENSG00000233017.3","AL121832.1"," lncRNA","chr20",2.69325394520129,5.43880108142009,2.6152076732019,0.000299564016307928,0.00122415001284477
"ENSG00000205847.6","OR7E91P"," transcribed_unprocessed_pseudogene","chr2",7.37200672290365,5.42079536089813,1.54266697808156,1.02471548930245e-06,7.27957284643526e-06
"ENSG00000095752.7","IL11"," protein_coding","chr19",41.2852000335034,5.41836573654519,0.714498383799152,3.24342814795792e-15,9.83446524405244e-14
"ENSG00000189325.7","BNIP5"," protein_coding","chr6",53.027496211263,5.41214487788063,1.22046569837991,3.35522899789649e-07,2.6210143181479e-06
"ENSG00000099953.10","MMP11"," protein_coding","chr22",2548.93701651755,5.4114012730754,0.565665631488523,4.38691852148801e-23,4.35244987596203e-21
"ENSG00000137251.16","TINAG"," protein_coding","chr6",7.81014827359322,5.40706887675582,1.61496367510974,3.25692847134957e-06,2.08702430977144e-05
"ENSG00000019505.8","SYT13"," protein_coding","chr11",2406.9626605192,5.40491636078786,0.596440107791557,5.05179823680233e-21,3.58530177054227e-19
"ENSG00000007306.15","CEACAM7"," protein_coding","chr19",147.620803857945,5.37787606073351,1.11998193593327,0.00111871035191168,0.00394435661246365
"ENSG00000171346.16","KRT15"," protein_coding","chr17",230.350763146722,5.37738758385104,0.839715810675476,5.06116394842234e-12,9.1866267088694e-11
"ENSG00000169427.8","KCNK9"," protein_coding","chr8",28.7330561925624,5.36333954702607,1.31186427362796,1.60609857473614e-06,1.09843585759622e-05
"ENSG00000080293.10","SCTR"," protein_coding","chr2",3044.21133313928,5.36039355571225,0.745568870810524,2.36430908353543e-14,6.29813074499041e-13
"ENSG00000178531.6","CTXN1"," protein_coding","chr19",216.35605619901,5.34903887983507,0.820487644812032,2.53002551984339e-12,4.8392337303811e-11
"ENSG00000026559.14","KCNG1"," protein_coding","chr20",145.979933836705,5.34897276673627,0.896061397034968,7.62112243217589e-11,1.13187637588665e-09
"ENSG00000175315.3","CST6"," protein_coding","chr11",48.0143656013658,5.33209092693197,0.962305447636998,1.28981992886693e-09,1.55852350891133e-08
"ENSG00000229028.2","KRT223P"," transcribed_unprocessed_pseudogene","chr17",3.69369024695345,5.32652045792577,1.56324342800329,0.00287543728544387,0.00902158009886116
"ENSG00000197757.8","HOXC6"," protein_coding","chr12",47.868007768692,5.31680808057787,1.20054342574396,3.07257539589856e-07,2.41704292672505e-06
"ENSG00000171345.13","KRT19"," protein_coding","chr17",16381.5877320556,5.31668356211421,0.572747502313265,6.62959580321419e-22,5.43198539280772e-20
"ENSG00000224577.3","LINC01117"," lncRNA","chr2",2.60346616775271,5.31588697445141,1.42932848008189,0.00507263365195727,0.0147359477137677
"ENSG00000170561.13","IRX2"," protein_coding","chr5",4.70451384866138,5.30740122490116,1.15404279596441,0.00132250258905766,0.00456467613539498
"ENSG00000254968.7","LINC02763"," lncRNA","chr11",4.55219868289876,5.29192229793189,1.00781195113155,0.00432417755487898,0.0128404698257421
"ENSG00000058085.15","LAMC2"," protein_coding","chr1",5108.73368356856,5.27669989679512,0.409059088781232,1.96494641455066e-39,1.4696287683597e-36
"ENSG00000120068.7","HOXB8"," protein_coding","chr17",22.5977786994541,5.26883280007251,1.45583330255344,8.99904129112466e-06,5.27746651833337e-05
"ENSG00000178773.15","CPNE7"," protein_coding","chr16",631.115733192516,5.26858144611511,0.744834848703551,5.59725932818562e-14,1.40504696509334e-12
"ENSG00000258279.4","LINC00592"," lncRNA","chr12",6.28417418764071,5.26739431929512,1.42141550333479,1.04188657249539e-07,9.00201108800891e-07
"ENSG00000183454.18","GRIN2A"," protein_coding","chr16",202.58869725088,5.26043295171871,0.776320575868801,4.9049757538351e-13,1.05200910120306e-11
"ENSG00000169347.17","GP2"," protein_coding","chr16",42.1636926660937,5.25986177817855,1.3975661120682,0.000957518377984028,0.0034411397443337
"ENSG00000204540.11","PSORS1C1"," protein_coding","chr6",141.120634141269,5.24628249921034,0.678118879869801,5.48468438099151e-16,1.80975971390431e-14
"ENSG00000138311.18","ZNF365"," protein_coding","chr10",40.8396325282582,5.23504187680832,0.995655781528443,6.47837856851721e-09,6.97555645865923e-08
"ENSG00000272068.1","AL365181.2"," lncRNA","chr1",200.285953443123,5.21944994280915,0.735399664326127,4.91571576249465e-14,1.2446745926754e-12
"ENSG00000154678.18","PDE1C"," protein_coding","chr7",97.6380111120637,5.20504204474417,0.514204832450941,4.06919328656406e-15,1.21737742539269e-13
"ENSG00000166342.19","NETO1"," protein_coding","chr18",3.58506764978867,5.19760315355688,1.17050410659146,0.0171881511222448,0.041707110896328
"ENSG00000124664.11","SPDEF"," protein_coding","chr6",68.6107069490273,5.18368999262479,0.911749025752258,4.82589455898588e-10,6.29546146650532e-09
"ENSG00000236714.3","LINC01844"," lncRNA","chr5",1.01476113749357,5.17365304686682,2.50020299313957,0.0105789444394209,0.0276032946017953
"ENSG00000153404.14","PLEKHG4B"," protein_coding","chr5",151.077832819791,5.15947040378072,0.725774697955473,4.21668176496203e-14,1.08176244856796e-12
"ENSG00000162931.12","TRIM17"," protein_coding","chr1",77.3385389623232,5.15634506121454,0.907494768597784,5.21169811197225e-10,6.75644543236082e-09
"ENSG00000255202.1","AL049629.1"," lncRNA","chr11",37.2872572700686,5.15417077833769,0.96819923997109,5.4272216029892e-09,5.90916860535991e-08
"ENSG00000165891.16","E2F7"," protein_coding","chr12",48.1784230134311,5.15211480326906,0.510436681256646,7.71759209649e-14,1.8917180156514e-12
"ENSG00000234477.1","AC004231.1"," lncRNA","chr17",14.2871954027889,5.14612795447679,1.20981538874825,3.46368116544191e-07,2.69850736951857e-06
"ENSG00000110195.14","FOLR1"," protein_coding","chr11",327.368722408728,5.13721873290023,0.977447385703891,4.53463846655425e-09,5.00268038694859e-08
"ENSG00000101210.13","EEF1A2"," protein_coding","chr20",3873.60970418647,5.13718673394019,0.915313870053812,6.49013092177328e-10,8.27768381535657e-09
"ENSG00000163082.10","SGPP2"," protein_coding","chr2",1810.75378663375,5.13624193893722,0.463778864770565,7.14366657242328e-30,1.79632422630185e-27
"ENSG00000108244.17","KRT23"," protein_coding","chr17",1896.76399089135,5.13535175834194,0.825599739284703,1.70590750226469e-11,2.86798939098321e-10
"ENSG00000196188.12","CTSE"," protein_coding","chr1",240.489107956008,5.13427115639443,0.904150774215407,4.39464798087533e-05,0.000220936723464586
"ENSG00000138180.16","CEP55"," protein_coding","chr10",291.388029368008,5.12653193341374,0.618195735976143,4.16254839239119e-18,1.95519120865795e-16
"ENSG00000174938.14","SEZ6L2"," protein_coding","chr16",2528.16601509996,5.12515625814163,0.398687737400821,6.24757871285029e-39,4.33894341607453e-36
"ENSG00000274718.1","AL136964.1"," lncRNA","chr13",10.3154039307748,5.12168892235131,1.32560058710865,7.33874990202708e-07,5.3866128810324e-06
"ENSG00000102854.16","MSLN"," protein_coding","chr16",91.2157878938759,5.11956307870469,1.0948758188992,0.000697956515858009,0.00259214331691651
"ENSG00000108309.14","RUNDC3A"," protein_coding","chr17",53.7341527820738,5.1157337927088,0.754403666119553,1.7356758640525e-07,1.44486099539233e-06
"ENSG00000130720.13","FIBCD1"," protein_coding","chr9",72.2061295360032,5.11158640024851,1.0825927746932,6.17939211624864e-08,5.57349068147361e-07
"ENSG00000105825.14","TFPI2"," protein_coding","chr7",911.752323138774,5.10504712651528,0.805083929485792,0.00107756529891247,0.00381635529431495
"ENSG00000262172.1","AC116025.2"," lncRNA","chr17",2.22052076980997,5.08674991189327,2.53697754723604,0.000380916890565922,0.00151768402962947
"ENSG00000162782.16","TDRD5"," protein_coding","chr1",41.692106124243,5.08512717756549,1.2681593087153,1.88406650767381e-06,1.26949263022262e-05
"ENSG00000113249.13","HAVCR1"," protein_coding","chr5",12.1685822387025,5.07837940715331,0.666892180334184,1.70459842852455e-08,1.70278875211071e-07
"ENSG00000132031.13","MATN3"," protein_coding","chr2",59.6936492830674,5.07156996058946,0.741290122484018,3.58664323689494e-13,7.8779214289901e-12
"ENSG00000128683.14","GAD1"," protein_coding","chr2",29.8736311517094,5.06647955039938,0.995437512389063,1.52052672199007e-08,1.53733947846546e-07
"ENSG00000007216.15","SLC13A2"," protein_coding","chr17",64.5712138871842,5.06552349821437,0.593415810401277,0.000285085106152993,0.00117121795230657
"ENSG00000238266.2","LINC00707"," lncRNA","chr10",42.0318752604221,5.06448586681761,1.16699201184247,0.000200413114429865,0.000859557437848069
"ENSG00000108813.11","DLX4"," protein_coding","chr17",41.8217674752025,5.06401144817614,0.800828113818349,1.3009424709511e-11,2.22825548650456e-10
"ENSG00000125726.11","CD70"," protein_coding","chr19",7.82950432292272,5.06321642235354,0.773729959767342,0.00624160278295826,0.0175870664196396
"ENSG00000237512.6","UNC5B-AS1"," lncRNA","chr10",15.1977527668827,5.06047074425996,1.39241397779699,5.10844073095144e-06,3.14524512165512e-05
"ENSG00000089356.18","FXYD3"," protein_coding","chr19",15.3880270880121,5.05257235344298,1.43105054227563,7.65769370138777e-06,4.54552844069556e-05
"ENSG00000182667.14","NTM"," protein_coding","chr11",254.8816351663,5.0457913426702,0.712646937857357,5.57407493093149e-14,1.4016395832788e-12
"ENSG00000150551.11","LYPD1"," protein_coding","chr2",149.046466968039,5.0422227219205,0.78441331977301,4.99633454341897e-12,9.0746003920914e-11
"ENSG00000183780.13","SLC35F3"," protein_coding","chr1",82.2841756488685,5.03862686702546,0.818261015788697,2.8262423029719e-11,4.54457892697836e-10
"ENSG00000130054.5","FAM155B"," protein_coding","chrX",243.713972936826,5.03705523672687,0.670300730049677,2.10340696008501e-15,6.49251615012908e-14
"ENSG00000233217.2","MROH3P"," transcribed_unitary_pseudogene","chr1",20.0255035935672,5.02584476605602,1.0841755959978,2.38394961789358e-07,1.92998685551867e-06
"ENSG00000013588.9","GPRC5A"," protein_coding","chr12",205.322864788277,5.02496544664642,0.616995048492276,3.97295289206902e-06,2.50296032200348e-05
"ENSG00000144583.5","MARCHF4"," protein_coding","chr2",21.1429075675981,5.02347210249306,1.1324750927054,4.7927817410158e-07,3.63975125448446e-06
"ENSG00000080854.16","IGSF9B"," protein_coding","chr11",79.4944234653175,5.02008049798523,0.628006237096277,1.85872345026024e-05,0.000101854413527411
"ENSG00000262772.2","LINC01977"," lncRNA","chr17",29.4172967934074,5.01085660286132,0.865351473868713,4.85436886152882e-10,6.32694751215077e-09
"ENSG00000243902.6","ELFN2"," lncRNA","chr22",6.67915957381574,5.01070457317056,1.76401875368675,5.51699179069336e-05,0.000271008982052433
"ENSG00000101222.12","SPEF1"," protein_coding","chr20",19.0167586116136,5.00043588886425,0.669030502722697,1.54241436422772e-07,1.2939512392913e-06
"ENSG00000115221.12","ITGB6"," protein_coding","chr2",83.8743020697192,4.99806132042723,0.722577872830579,0.000393309096780564,0.00156087524408058
"ENSG00000235779.8","AC079779.3"," lncRNA","chr2",1.55339673244076,4.99008842075525,1.63025423586484,0.0124090016144413,0.0316529809824728
"ENSG00000286519.1","AC009236.1"," lncRNA","chr2",34.0492826278024,4.97391663575057,0.686728915889615,3.76313484704218e-14,9.72248718807559e-13
"ENSG00000189280.3","GJB5"," protein_coding","chr1",72.2252352979117,4.97299609612174,0.977918628376893,0.000113493057113247,0.0005179097282441
"ENSG00000123500.10","COL10A1"," protein_coding","chr6",456.772471209297,4.968328988669,0.722958653540266,2.36233391907009e-13,5.36240607668137e-12
"ENSG00000249738.10","AC008691.1"," lncRNA","chr5",5.51146719272799,4.96675075692758,1.47859969910209,1.58368383669342e-06,1.08386846157932e-05
"ENSG00000186185.14","KIF18B"," protein_coding","chr17",231.908875378639,4.96397486925672,0.611460372349042,1.83267934026393e-17,7.7812843778979e-16
"ENSG00000185156.6","MFSD6L"," protein_coding","chr17",104.023681781272,4.9547269577197,0.980165449503764,1.40404665556481e-08,1.42700643643893e-07
"ENSG00000137673.9","MMP7"," protein_coding","chr11",7195.46429654686,4.95422728751945,0.931002578296922,3.26663487585436e-09,3.6931966160386e-08
"ENSG00000132698.15","RAB25"," protein_coding","chr1",1691.41971945841,4.95313616763397,0.350931229395774,1.33347373846453e-46,2.43100596732949e-43
"ENSG00000183248.12","PRR36"," protein_coding","chr19",285.681310253796,4.95213499586417,0.642825539278036,5.21807806854018e-16,1.73348802507315e-14
"ENSG00000146267.12","FAXC"," protein_coding","chr6",80.5463541316668,4.94545096881752,0.742749670352953,1.22722052228978e-12,2.4710396017828e-11
"ENSG00000140297.13","GCNT3"," protein_coding","chr15",752.110087019365,4.94130304747821,0.721826956669738,2.85071894625555e-13,6.39143896566705e-12
"ENSG00000135519.8","KCNH3"," protein_coding","chr12",121.229899693845,4.93608679439696,0.577482072800701,1.78515124323865e-05,9.80253701318301e-05
"ENSG00000225206.10","MIR137HG"," lncRNA","chr1",6.17593214965828,4.92431284937958,1.81914782763747,0.000128493032734115,0.000577239068507838
"ENSG00000198807.13","PAX9"," protein_coding","chr14",24.440213505528,4.92058459702709,1.07987113581846,2.11145515624076e-07,1.72566644585e-06
"ENSG00000250133.2","HOXC-AS2"," lncRNA","chr12",9.1420365200903,4.9104861215369,1.36907340189052,3.35054459878261e-06,2.14089891351347e-05
"ENSG00000181019.13","NQO1"," protein_coding","chr16",2378.74355845814,4.89567810514816,0.523902470477702,3.74845065387901e-22,3.22532616881997e-20
"ENSG00000118785.14","SPP1"," protein_coding","chr4",30145.4115601732,4.887025209964,0.791039769323777,2.49851391700634e-11,4.05785926754777e-10
"ENSG00000284610.1","AC107918.4"," transcribed_unprocessed_pseudogene","chr8",8.82198019916177,4.8863255215324,1.3524802188567,3.11492796362987e-06,2.00174782487596e-05
"ENSG00000174939.11","ASPHD1"," protein_coding","chr16",732.683053885809,4.88621488050535,0.505804637637951,1.87489054730563e-23,1.93246227471229e-21
"ENSG00000056487.16","PHF21B"," protein_coding","chr22",3.37418459332705,4.88619154781428,1.51504853575365,0.0113026349246403,0.0292042305002066
"ENSG00000167880.8","EVPL"," protein_coding","chr17",527.504350660367,4.88503970325022,0.937911542060071,6.06617648705568e-09,6.56078242309704e-08
"ENSG00000229647.2","MYOSLID"," lncRNA","chr2",2.77076987117777,4.88430601724912,0.944780441728166,0.0104728666769022,0.0273877575845939
"ENSG00000163814.8","CDCP1"," protein_coding","chr3",1618.16897637004,4.88159964990929,0.562563952736696,1.58668781216499e-19,9.16477164218624e-18
"ENSG00000152954.12","NRSN1"," protein_coding","chr6",16.2606373019865,4.87722854905127,1.30015882830082,7.35003059913331e-06,4.38162768334599e-05
"ENSG00000101276.18","SLC52A3"," protein_coding","chr20",402.759105419494,4.87544703522487,0.574380309430125,8.28690557646362e-19,4.3710804477372e-17
"ENSG00000117650.13","NEK2"," protein_coding","chr1",179.610210128587,4.87044987615863,0.570699093457818,5.10414788754351e-19,2.77249329109416e-17
"ENSG00000136327.7","NKX2-8"," protein_coding","chr14",25.1365962262365,4.87039899859895,0.95686446514919,1.87644787056679e-08,1.86297167925673e-07
"ENSG00000167619.13","TMEM145"," protein_coding","chr19",14.9693267901764,4.86796573651367,0.694939227107163,1.19897109347433e-05,6.83062262217825e-05
"ENSG00000088836.14","SLC4A11"," protein_coding","chr20",287.173864884522,4.86707484931385,0.619088208461405,1.50395216317573e-16,5.48359758095912e-15
"ENSG00000169594.13","BNC1"," protein_coding","chr15",32.227144693163,4.86320193144093,0.585378171818833,2.57143944513898e-06,1.68175599047666e-05
"ENSG00000104413.18","ESRP1"," protein_coding","chr8",1181.50867201445,4.85512804542987,0.363962655387715,6.13624684389283e-42,6.17200635136241e-39
"ENSG00000183091.19","NEB"," protein_coding","chr2",2359.95446539573,4.84849070734288,0.807572867227459,6.64443948190726e-11,1.00264694903131e-09
"ENSG00000248994.2","AC124852.1"," lncRNA","chr5",12.3915710306485,4.84795826419844,1.91738570860542,0.000176582836447867,0.000766710374096922
"ENSG00000178623.12","GPR35"," protein_coding","chr2",478.507281246117,4.84228247525146,0.539286052553847,1.06857608173573e-20,7.18186537514966e-19
"ENSG00000069011.16","PITX1"," protein_coding","chr5",206.314806831074,4.83565333173245,1.12706730722834,4.41284044850921e-07,3.37488576409453e-06
"ENSG00000117399.14","CDC20"," protein_coding","chr1",469.647423064802,4.82539918503816,0.595899648422632,2.08987112365249e-17,8.78378253686158e-16
"ENSG00000160472.5","TMEM190"," protein_coding","chr19",1.88614430402657,4.81723760379455,2.46606192015203,0.000423172054681106,0.00166714014897261
"ENSG00000139800.8","ZIC5"," protein_coding","chr13",48.3742802751209,4.81568874307671,1.80766179793455,0.000118361470146518,0.000537435511006194
"ENSG00000007372.24","PAX6"," protein_coding","chr11",29.6908422943542,4.81414227871321,1.15471956791308,1.14650171685062e-06,8.05933357564154e-06
"ENSG00000229380.1","PRKAR1B-AS2"," lncRNA","chr7",132.76843006558,4.81049972654598,0.943137330396632,1.06943786528179e-08,1.11051737602009e-07
"ENSG00000261175.6","LINC02188"," lncRNA","chr16",15.3629640402523,4.81045675959309,0.95872466166728,0.00659622618868873,0.0184543757623117
"ENSG00000128510.12","CPA4"," protein_coding","chr7",16.0330410991913,4.81019701801633,1.07188890941885,9.04530881992982e-05,0.000422283311409304
"ENSG00000139973.16","SYT16"," protein_coding","chr14",13.2836241287678,4.80803453765166,1.44439812875736,1.7116013894023e-05,9.43061974451752e-05
"ENSG00000204538.4","PSORS1C2"," protein_coding","chr6",4.72698726588937,4.80661557076458,1.37515700357517,2.59118222226949e-07,2.07871821345926e-06
"ENSG00000244675.2","AC108676.1"," lncRNA","chr3",31.1577112232992,4.80058646419835,0.753934809490856,1.27614750716815e-11,2.18835665118094e-10
"ENSG00000164266.11","SPINK1"," protein_coding","chr5",2083.2175112214,4.79322445689528,0.864043811463208,9.56206275445287e-10,1.18102046122684e-08
"ENSG00000165887.12","ANKRD2"," protein_coding","chr10",123.34458376343,4.79094434749244,0.787477184657539,4.12382714178352e-11,6.42563642621172e-10
"ENSG00000115616.3","SLC9A2"," protein_coding","chr2",84.372424985251,4.78633300252291,1.00328298307641,5.89681822085768e-08,5.33843236139658e-07
"ENSG00000197106.7","SLC6A17"," protein_coding","chr1",9.58466742475981,4.78043706930017,0.746269246653165,2.65810942930073e-05,0.0001405627156332
"ENSG00000131094.4","C1QL1"," protein_coding","chr17",144.386507839058,4.77866996185374,0.863304814591288,0.000447413734773384,0.00175152479259225
"ENSG00000162078.11","ZG16B"," protein_coding","chr16",363.928094637427,4.77578672501971,0.572645691331403,3.25949262258495e-18,1.55099739491322e-16
"ENSG00000134762.17","DSC3"," protein_coding","chr18",116.149070121069,4.77541000964245,0.794079872737449,6.42328969883547e-11,9.71285314802135e-10
"ENSG00000171877.21","FRMD5"," protein_coding","chr15",64.3804883181141,4.7741659687145,0.757254776547036,1.20371240032503e-11,2.0726733769233e-10
"ENSG00000157306.14","ZFHX2-AS1"," lncRNA","chr14",20.5976605006139,4.77354722956099,0.421308650040858,0.0123796552138277,0.0315897264396937
"ENSG00000037965.6","HOXC8"," protein_coding","chr12",14.2532457341733,4.7647878869622,1.70844058253953,0.000118740316223925,0.000538904042933822
"ENSG00000285402.1","AC244230.2"," lncRNA","chr10",4.97015807280141,4.7640850296569,1.57844470582987,2.02998256929207e-05,0.000109897107579214
"ENSG00000085831.15","TTC39A"," protein_coding","chr1",728.92758036941,4.75011753552078,0.541996946132933,7.60225167153678e-20,4.60062404578955e-18
"ENSG00000167767.14","KRT80"," protein_coding","chr12",2948.75675762176,4.74875548540839,0.560315413605398,9.2634395685475e-19,4.84238832930039e-17
"ENSG00000138622.4","HCN4"," protein_coding","chr15",51.3971126846985,4.74274221704077,0.828031942823782,4.52518624534436e-10,5.93503406431877e-09
"ENSG00000169258.7","GPRIN1"," protein_coding","chr5",229.348371827277,4.74174119627533,0.434544794662971,4.7693982999876e-29,1.08686389853389e-26
"ENSG00000230798.5","FOXD3-AS1"," lncRNA","chr1",6.23380372903622,4.73778979681832,0.999475341307293,0.000520083005314663,0.00200188719741665
"ENSG00000267374.2","MIR924HG"," lncRNA","chr18",19.036551021327,4.73762323843599,0.836977006979313,1.18530043062961e-09,1.44155050522543e-08
"ENSG00000161270.20","NPHS1"," protein_coding","chr19",9.12750191923697,4.73502848179155,1.47662146735588,1.55946751638277e-05,8.67100800331092e-05
"ENSG00000011426.11","ANLN"," protein_coding","chr7",429.497554344758,4.7329253938329,0.573496737509154,5.74164039709701e-18,2.64996691048928e-16
"ENSG00000163462.18","TRIM46"," protein_coding","chr1",174.501642214933,4.72218970003447,0.856491151446501,1.08946995355834e-09,1.33132589339519e-08
"ENSG00000081277.13","PKP1"," protein_coding","chr1",167.231637516654,4.71980714792132,1.01844841433483,1.04235268892681e-07,9.00337150823394e-07
"ENSG00000127325.19","BEST3"," protein_coding","chr12",14.0012946098102,4.71573126934509,1.22249669928587,4.68835038119603e-06,2.90657794408304e-05
"ENSG00000088002.12","SULT2B1"," protein_coding","chr19",21.9171784503004,4.7105194320003,0.639731534091551,4.90483109401368e-08,4.50469200822686e-07
"ENSG00000231013.2","SCTR-AS1"," lncRNA","chr2",379.005977812605,4.7081878057219,0.687933437167949,2.88832466697524e-13,6.47077897165905e-12
"ENSG00000167757.14","KLK11"," protein_coding","chr19",420.619598629013,4.69862974607639,1.19810052348116,2.20406645294146e-06,1.46414061411636e-05
"ENSG00000218014.1","KRT19P1"," processed_pseudogene","chr6",1.71756361598536,4.69609927235257,2.36686896438421,0.000197066161189735,0.000846073425926315
"ENSG00000163362.11","INAVA"," protein_coding","chr1",865.394361199206,4.69300920644471,0.472094650457784,1.19571724020725e-24,1.5297314113862e-22
"ENSG00000203697.12","CAPN8"," protein_coding","chr1",325.918669660074,4.69046189514918,0.803379400030064,1.81439585383846e-10,2.5262106281916e-09
"ENSG00000164932.13","CTHRC1"," protein_coding","chr8",539.201213724361,4.69017742563222,0.57162700909563,8.94855598320998e-18,4.01569891498849e-16
"ENSG00000204614.9","TRIM40"," protein_coding","chr6",3.48095427419529,4.68668514079445,1.19562947926581,9.45683552853566e-05,0.000439245916452001
"ENSG00000113763.12","UNC5A"," protein_coding","chr5",169.090210834763,4.6855493722224,0.778679215572916,6.36616425375844e-11,9.63146499574066e-10
"ENSG00000179913.11","B3GNT3"," protein_coding","chr19",2273.17140770454,4.67726241706609,0.491300651867007,7.08282967123989e-23,6.86162974806297e-21
"ENSG00000164651.17","SP8"," protein_coding","chr7",6.32746196755515,4.67714995412167,1.99520045400032,0.000370228180541088,0.00147974593014566
"ENSG00000112812.16","PRSS16"," protein_coding","chr6",310.13694468927,4.67595823584219,0.441458370955687,1.54575116929107e-27,2.83572426773908e-25
"ENSG00000086548.9","CEACAM6"," protein_coding","chr19",1725.60771587289,4.6616577775186,0.899026349800238,6.89183669532642e-09,7.39617308925594e-08
"ENSG00000287626.1","AL021978.1"," lncRNA","chr6",4.10762053841603,4.65849892549898,1.08514663961861,0.00017005136968564,0.00074188280023339
"ENSG00000227619.3","AL391056.1"," lncRNA","chr9",16.1895790020109,4.6575266225412,0.824488087490929,0.0043289367930728,0.012850677520572
"ENSG00000250072.6","SH3TC2-DT"," lncRNA","chr5",4.87382823722654,4.65571051672574,1.57762630705556,2.21901812740181e-05,0.000119070161438895
"ENSG00000148677.7","ANKRD1"," protein_coding","chr10",997.179420478903,4.65395728483369,0.837465905919599,9.09726293869824e-10,1.13014507094927e-08
"ENSG00000113361.13","CDH6"," protein_coding","chr5",3927.95818149022,4.65202514718655,0.664462114742167,9.23551097025373e-14,2.24305261857894e-12
"ENSG00000152128.13","TMEM163"," protein_coding","chr2",276.836970996015,4.65070991234296,0.502649223977812,1.04356478571329e-21,8.31686918974617e-20
"ENSG00000214049.8","UCA1"," lncRNA","chr19",958.571143479748,4.64508264254111,0.775979073095812,7.4567051901752e-11,1.10915162515156e-09
"ENSG00000240204.3","SMKR1"," protein_coding","chr7",40.6680280535708,4.63399633134649,0.652186696018006,6.81816325043072e-14,1.67972131631599e-12
"ENSG00000144452.15","ABCA12"," protein_coding","chr2",51.4627496090177,4.62715013455488,0.985725048267173,9.3269804853968e-08,8.14059526566545e-07
"ENSG00000285517.1","AC010198.2"," lncRNA","chr12",118.383509578115,4.62565307831086,0.671757637713867,2.25319470575465e-13,5.12957314163393e-12
"ENSG00000129654.8","FOXJ1"," protein_coding","chr17",70.7360725067492,4.625324965221,0.61728558622841,1.88555356341825e-06,1.26990791714031e-05
"ENSG00000005884.18","ITGA3"," protein_coding","chr17",6782.27636973548,4.62386192054698,0.573733166129999,3.12805246788178e-17,1.28329342384872e-15
"ENSG00000129354.12","AP1M2"," protein_coding","chr19",1078.91035496828,4.6237659528431,0.557450172866771,4.34233308794282e-18,2.03309010982671e-16
"ENSG00000172508.10","CARNS1"," protein_coding","chr11",65.1064536662441,4.62140340909708,0.249054750008604,0.00176094450994999,0.00587162670447317
"ENSG00000260877.2","AP005233.2"," lncRNA","chr11",31.9562659869414,4.61722775302748,1.46705200367603,3.86002500345858e-05,0.000196326188885585
"ENSG00000272405.1","AL365181.3"," lncRNA","chr1",311.756472171843,4.61244695134305,0.602788775504104,8.13459452836458e-16,2.63057636139541e-14
"ENSG00000243137.8","PSG4"," protein_coding","chr19",20.2290321236071,4.60409460131459,1.46692306995283,4.52683152835998e-05,0.000227112399124067
"ENSG00000132932.17","ATP8A2"," protein_coding","chr13",187.66098828895,4.60358391305335,0.808791675430423,4.15499301686034e-10,5.48154641830843e-09
"ENSG00000163121.10","NEURL3"," protein_coding","chr2",1344.30362833836,4.60329801724208,0.725415373508727,7.92567091380315e-12,1.39857165689488e-10
"ENSG00000077274.9","CAPN6"," protein_coding","chrX",980.858187244103,4.60122020622881,0.772110679704187,8.79053709038274e-11,1.29435222811395e-09
"ENSG00000269646.1","AC010487.1"," lncRNA","chr19",20.5221247514609,4.60104316895736,1.2269217384814,6.5857539244887e-06,3.96550084531952e-05
"ENSG00000175063.17","UBE2C"," protein_coding","chr20",331.364130805068,4.59406106126625,0.547826245196468,1.89177177446169e-18,9.35272726936829e-17
"ENSG00000140254.12","DUOXA1"," protein_coding","chr15",71.5431293460963,4.59076717699828,1.0697802864868,5.24812053033616e-07,3.95561828809756e-06
"ENSG00000225969.2","ABHD11-AS1"," transcribed_unitary_pseudogene","chr7",42.8766044131033,4.58734324874937,0.782505053448492,1.68257967477039e-10,2.35716194481205e-09
"ENSG00000224189.8","HAGLR"," lncRNA","chr2",107.757170838657,4.58570066676776,1.1334186640508,1.30026454171839e-06,9.04757071025376e-06
"ENSG00000124143.10","ARHGAP40"," protein_coding","chr20",72.3339877378826,4.58471557030309,1.29030936509101,9.55581741321403e-06,5.57578792010482e-05
"ENSG00000171033.13","PKIA"," protein_coding","chr8",35.2522172474052,4.58445644697393,0.714348332950848,0.000525590236254624,0.00201988690399356
"ENSG00000178776.5","C5orf46"," protein_coding","chr5",44.8878995802866,4.58112913947705,0.818456790560456,8.65812722457009e-10,1.08065431327978e-08
"ENSG00000235621.9","LINC00494"," lncRNA","chr20",105.281140375545,4.57658625091129,1.03269688894953,2.75219974090145e-07,2.19221502573333e-06
"ENSG00000024526.17","DEPDC1"," protein_coding","chr1",118.940177309589,4.57577026124388,0.685230572210174,9.08819257567457e-13,1.88009566836774e-11
"ENSG00000287306.1","AC016821.1"," lncRNA","chr10",28.2981141782243,4.57550321931896,0.711723004155655,1.13117615734771e-11,1.95469652450684e-10
"ENSG00000177679.16","SRRM3"," protein_coding","chr7",236.99906177406,4.57223950760403,0.668000457051041,2.89796653903075e-13,6.47932062390753e-12
"ENSG00000107165.13","TYRP1"," protein_coding","chr9",9.42616790581501,4.57005461863196,1.09402480513661,4.62347720197977e-07,3.52120643615008e-06
"ENSG00000227036.8","LINC00511"," lncRNA","chr17",232.500828331229,4.56909041429212,0.47954625463917,7.88985179582639e-23,7.44786689425437e-21
"ENSG00000141934.10","PLPP2"," protein_coding","chr19",3160.05640056896,4.55616390124703,0.378429062244941,8.96681657571892e-35,4.35921787828575e-32
"ENSG00000085999.13","RAD54L"," protein_coding","chr1",73.6456914381553,4.55329951202102,0.65394880597189,1.44920323090878e-13,3.38988043643771e-12
"ENSG00000284606.1","AC105233.4"," lncRNA","chr8",7.19829814052205,4.55254932369288,0.891005087096131,0.000281015694359883,0.00115727047702717
"ENSG00000166145.14","SPINT1"," protein_coding","chr15",6706.14732675828,4.55239910253697,0.394898490457119,4.03002170997637e-32,1.39942503878929e-29
"ENSG00000150556.17","LYPD6B"," protein_coding","chr2",583.250697734042,4.55040649982189,0.684854110237491,1.11531056801733e-12,2.2686536930612e-11
"ENSG00000091844.8","RGS17"," protein_coding","chr6",114.101843396916,4.5440975676509,0.593906212540131,8.41862459131445e-16,2.71941152496181e-14
"ENSG00000102385.12","DRP2"," protein_coding","chrX",9.38691292297521,4.54121967709513,1.08439770500857,3.82758794369221e-07,2.95831777237833e-06
"ENSG00000231066.3","NPM1P9"," processed_pseudogene","chrX",1.69730392838668,4.54108354729336,2.46468890282358,0.000857153601804897,0.00311788420140255
"ENSG00000154839.10","SKA1"," protein_coding","chr18",98.5214290650402,4.54061380868765,0.639613620651766,5.08168805296716e-14,1.28446931383881e-12
"ENSG00000144354.14","CDCA7"," protein_coding","chr2",158.107895615162,4.53498029289047,0.743106402058106,3.67891055535353e-11,5.80054821562742e-10
"ENSG00000229743.4","LINC01159"," lncRNA","chr2",5.00486803955724,4.52919160640673,1.79084238929596,0.000208091423356337,0.000888179503640764
"ENSG00000165304.8","MELK"," protein_coding","chr9",194.85823302889,4.52451540012336,0.560670572185528,2.70483737871368e-17,1.120701725848e-15
"ENSG00000184349.13","EFNA5"," protein_coding","chr5",725.521214079415,4.52037542611325,0.581983242519464,3.11608959926521e-16,1.07044823288591e-14
"ENSG00000235162.9","C12orf75"," protein_coding","chr12",1574.95598517029,4.51288852273621,0.461509485882166,5.72225197831878e-24,6.52001437326486e-22
"ENSG00000119888.11","EPCAM"," protein_coding","chr2",5844.62475781347,4.51228576359028,0.378822007982307,4.71687479701878e-34,2.02333119050354e-31
"ENSG00000164078.13","MST1R"," protein_coding","chr3",700.068205605197,4.51196665204364,0.434141316517296,1.00863266454571e-26,1.71051198791475e-24
"ENSG00000183856.11","IQGAP3"," protein_coding","chr1",492.141183406923,4.50238440255694,0.565873662218342,6.88565617105853e-17,2.66376266384093e-15
"ENSG00000188064.10","WNT7B"," protein_coding","chr22",460.047392301394,4.49943077015739,0.666069937462458,5.29487533389169e-13,1.12899282612783e-11
"ENSG00000115163.15","CENPA"," protein_coding","chr2",65.1297103929626,4.49668466721361,0.568465278638354,1.20062992754161e-16,4.46129609636448e-15
"ENSG00000287463.1","AC110620.2"," lncRNA","chr2",6.42278944698603,4.48895865776546,1.16267237648867,4.57202021329904e-07,3.48839282243577e-06
"ENSG00000237515.9","SHISA9"," protein_coding","chr16",228.827270555676,4.48666264414556,1.01316942437536,2.75048863492675e-07,2.19145050511277e-06
"ENSG00000100167.20","SEPTIN3"," protein_coding","chr22",95.4380081285583,4.48370683799529,0.680893295366089,1.58423842629473e-12,3.14144464014895e-11
"ENSG00000101057.16","MYBL2"," protein_coding","chr20",387.592543758107,4.48091907668457,0.516752507144685,1.6341377586835e-19,9.40161031223647e-18
"ENSG00000204936.10","CD177"," protein_coding","chr19",26.7776500946422,4.47733634962582,1.23277298342518,9.65315859163907e-06,5.6280828095047e-05
"ENSG00000181085.15","MAPK15"," protein_coding","chr8",237.777735562801,4.47498468786544,0.735731849892542,4.19839920355118e-11,6.51831933080938e-10
"ENSG00000170454.6","KRT75"," protein_coding","chr12",4.91349186961121,4.47218074460649,1.77357875821552,0.000188747414609765,0.000814313464983322
"ENSG00000022556.16","NLRP2"," protein_coding","chr19",435.303709844182,4.46984330875437,0.924887334606049,4.09557391061642e-08,3.82406515360981e-07
"ENSG00000277287.1","AL109976.1"," lncRNA","chr20",50.9371299338142,4.46816413499567,0.738268917871008,6.88715010199454e-11,1.03498856942338e-09
"ENSG00000284928.1","AL445205.1"," lncRNA","chr1",89.2809606401313,4.46763346230796,1.06944222118871,8.39298612375316e-07,6.0853843461038e-06
"ENSG00000218358.2","RAET1K"," transcribed_unprocessed_pseudogene","chr6",4.00162469626932,4.46195769127312,1.45056324159521,7.20526355092726e-06,4.30148040354067e-05
"ENSG00000101463.6","SYNDIG1"," protein_coding","chr20",25.5164992254582,4.46025499558416,0.7397875819742,6.32276122469159e-05,0.000305598379723329
"ENSG00000136943.11","CTSV"," protein_coding","chr9",78.3194285589958,4.44956937462992,0.563873761193544,1.19614853381474e-16,4.45031333964822e-15
"ENSG00000244649.5","LINC02086"," lncRNA","chr17",65.3374184872106,4.44881283588482,1.97504339174517,0.000302008041006452,0.00123241082094533
"ENSG00000104892.17","KLC3"," protein_coding","chr19",130.883005412075,4.44615097551623,0.659673278708123,6.45562340629652e-13,1.35959623926544e-11
"ENSG00000188089.13","PLA2G4E"," protein_coding","chr15",12.101313327127,4.44397374387683,1.14341922648372,3.70059806660727e-06,2.34352464187728e-05
"ENSG00000130701.4","RBBP8NL"," protein_coding","chr20",40.8965379044725,4.4431760211175,0.806137730383115,1.42987625675343e-09,1.71638109190291e-08
"ENSG00000155761.14","SPAG17"," protein_coding","chr1",55.2814569444602,4.44287104815325,0.915152713701726,4.23164742684887e-08,3.93223713901735e-07
"ENSG00000139734.19","DIAPH3"," protein_coding","chr13",97.7270692118676,4.44282537265221,0.498967682786118,2.40008731244521e-20,1.55573659592699e-18
"ENSG00000213412.3","HNRNPA1P33"," processed_pseudogene","chr10",13.4235924604469,4.43082411909576,0.874967491482116,3.14942607784028e-08,3.00902748983043e-07
"ENSG00000163898.10","LIPH"," protein_coding","chr3",605.279206962557,4.42725818058123,0.545969565307346,2.0641936482027e-17,8.68837871925316e-16
"ENSG00000102109.9","PCSK1N"," protein_coding","chrX",468.268334158313,4.42531986401765,1.07121740551246,9.77452509058084e-07,6.97780524638161e-06
"ENSG00000144366.16","GULP1"," protein_coding","chr2",703.746199140225,4.42324600531917,0.60929693769738,1.48552209215866e-14,4.10722217120152e-13
"ENSG00000231252.3","AC099792.1"," lncRNA","chr1",20.2226777938362,4.42048466953443,1.35269777783457,3.15305732081069e-05,0.000164000586645376
"ENSG00000152076.19","CCDC74B"," protein_coding","chr2",79.4306568263159,4.41838621675082,0.549228052301577,3.21981029422807e-17,1.31908211337554e-15
"ENSG00000181218.5","H2AW"," protein_coding","chr1",208.310491975773,4.41504225460497,0.534323587577683,5.85358621076648e-18,2.69736581645889e-16
"ENSG00000169760.17","NLGN1"," protein_coding","chr3",60.9086271525187,4.41144127353531,0.993161417378656,2.88011055517907e-07,2.28474149534997e-06
"ENSG00000127561.15","SYNGR3"," protein_coding","chr16",44.4505611357716,4.40947950862434,0.621190206835279,2.28527023561234e-06,1.50983120051135e-05
"ENSG00000165556.10","CDX2"," protein_coding","chr13",5.15091713293365,4.40905365419486,1.17258277029593,0.000788232590406522,0.00289425433403422
"ENSG00000162975.5","KCNF1"," protein_coding","chr2",81.4521185427933,4.40846079014663,0.721233711205738,3.73896652060117e-11,5.88569424929388e-10
"ENSG00000049283.18","EPN3"," protein_coding","chr17",154.542430703147,4.40380266537538,0.613526173858983,2.9721792758797e-14,7.77538092359956e-13
"ENSG00000129173.13","E2F8"," protein_coding","chr11",62.6873747875155,4.40277277416504,0.550859609359017,6.59790540765494e-17,2.55583403500514e-15
"ENSG00000173947.14","PIFO"," protein_coding","chr1",87.4980179493134,4.40031408094799,0.862933692838544,1.16366666895328e-08,1.20152187846719e-07
"ENSG00000182379.10","NXPH4"," protein_coding","chr12",156.659237196053,4.39800079759722,0.750060613340492,1.49022285220913e-10,2.11113697795474e-09
"ENSG00000228952.1","LINC02041"," lncRNA","chr3",13.251048784818,4.38646047173608,0.98195545252851,5.44466533742091e-07,4.09212685460527e-06
"ENSG00000170477.13","KRT4"," protein_coding","chr12",8.69734190796867,4.37117091860368,1.10627700551111,0.00577939368821593,0.0164788987772796
"ENSG00000131747.15","TOP2A"," protein_coding","chr17",1092.90688563624,4.37033769973127,0.526551439392174,4.09459057849239e-18,1.92948485596195e-16
"ENSG00000132470.14","ITGB4"," protein_coding","chr17",4739.17784936147,4.3697692289705,0.44981668734721,1.13808901733361e-23,1.23869099054493e-21
"ENSG00000070729.14","CNGB1"," protein_coding","chr16",12.5583408870949,4.35672498070536,0.685057714933208,0.000997303603240062,0.00356455689289418
"ENSG00000110427.17","KIAA1549L"," protein_coding","chr11",152.281785347248,4.34739314837319,0.675436295389565,4.74269896468775e-12,8.6408361087431e-11
"ENSG00000124225.16","PMEPA1"," protein_coding","chr20",6561.64671114729,4.34671073243604,0.520650766758827,2.64583079371408e-18,1.27987128394438e-16
"ENSG00000171241.9","SHCBP1"," protein_coding","chr16",184.789810116887,4.34663080011934,0.555234531458436,1.91180214931768e-16,6.85078094514097e-15
"ENSG00000260593.1","AC009097.2"," lncRNA","chr16",6.30813143302518,4.34422062436464,1.26984583297514,5.26777200548442e-06,3.23213381632257e-05
"ENSG00000104899.8","AMH"," protein_coding","chr19",142.258212914542,4.34365441290729,0.847195857942236,9.65074521230081e-09,1.01296360956316e-07
"ENSG00000173702.7","MUC13"," protein_coding","chr3",767.517213035429,4.34254743501394,0.802640537521755,1.95319568415654e-09,2.28299521314601e-08
"ENSG00000197956.10","S100A6"," protein_coding","chr1",18407.9188402951,4.34191200215924,0.479102458508974,5.04687497857114e-21,3.58530177054227e-19
"ENSG00000143228.13","NUF2"," protein_coding","chr1",177.50068629255,4.3324564815751,0.712988391985339,4.18015586877783e-11,6.50298488194029e-10
"ENSG00000096088.16","PGC"," protein_coding","chr6",4.01636346356282,4.33160912024441,1.5696483274001,5.23723352642398e-05,0.000258791910439202
"ENSG00000169679.15","BUB1"," protein_coding","chr2",242.353807457309,4.32963183274578,0.540911949553638,4.66661427481494e-17,1.85703235719068e-15
"ENSG00000163975.12","MELTF"," protein_coding","chr3",1629.35765802435,4.3260354154073,0.476393149805332,4.43122286710223e-21,3.1914651805063e-19
"ENSG00000082482.14","KCNK2"," protein_coding","chr1",128.884981795255,4.32557416847079,1.08761410325704,1.87145409120756e-06,1.26216056384817e-05
"ENSG00000264269.1","AC016866.1"," lncRNA","chr18",5.67880536623609,4.31742499260828,1.12257393367783,3.93517876235271e-07,3.03423815276411e-06
"ENSG00000204442.4","FAM155A"," protein_coding","chr13",206.700180320581,4.3071898541015,0.661491988519007,2.82065793704854e-12,5.34258255621876e-11
"ENSG00000079112.10","CDH17"," protein_coding","chr8",134.180044054046,4.30710972492198,1.03501635453991,9.12890456290949e-07,6.56835266885809e-06
"ENSG00000276043.5","UHRF1"," protein_coding","chr19",242.885810600334,4.30648752244798,0.50248134726314,4.26640875775085e-19,2.33922701230892e-17
"ENSG00000230316.7","FEZF1-AS1"," lncRNA","chr7",13.9739767096913,4.30629825126495,1.11296026112438,4.67290153895085e-06,2.89761617750122e-05
"ENSG00000162814.11","SPATA17"," protein_coding","chr1",47.6277301872575,4.30355648402313,0.557675580305798,7.8011556962894e-16,2.52554839628264e-14
"ENSG00000104177.18","MYEF2"," protein_coding","chr15",348.944734326867,4.30235150326582,0.378906226094106,3.77227385306926e-31,1.17056868106571e-28
"ENSG00000198049.7","AVPR1B"," protein_coding","chr1",13.8612726670702,4.30022763242999,1.13631227692059,6.89846529074676e-06,4.13950491803728e-05
"ENSG00000158458.21","NRG2"," protein_coding","chr5",48.4008238980397,4.29825173438315,0.876905519954469,0.000643184627458655,0.00241082657393235
"ENSG00000185567.7","AHNAK2"," protein_coding","chr14",779.166343254757,4.29609139490142,0.716225053107746,7.01913729106883e-11,1.05157275625674e-09
"ENSG00000142945.13","KIF2C"," protein_coding","chr1",271.647136045158,4.29569865515544,0.454854516156073,1.41189786977528e-22,1.27503557162462e-20
"ENSG00000198759.12","EGFL6"," protein_coding","chrX",21.6744209104307,4.29433247195795,0.881323139691886,5.21588118606397e-08,4.76784827064557e-07
"ENSG00000258947.7","TUBB3"," protein_coding","chr16",20.8955887420481,4.2904555962677,0.869241014382122,4.52348928075222e-08,4.17946337758193e-07
"ENSG00000184363.10","PKP3"," protein_coding","chr11",740.803650103558,4.28750957124677,0.827077942225649,8.02341808502048e-09,8.53208465628737e-08
"ENSG00000126787.13","DLGAP5"," protein_coding","chr14",130.111987278142,4.28416152315148,0.601657682637345,3.77145538850972e-14,9.73536125906549e-13
"ENSG00000205704.7","LINC00634"," protein_coding","chr22",3.82494003829822,4.28348919826343,1.56875577536602,6.52882546473268e-05,0.000314636801553616
"ENSG00000233828.5","MIR4280HG"," lncRNA","chr5",6.30710310864367,4.28084993290543,1.32095867353116,1.20058570937148e-05,6.83848556076095e-05
"ENSG00000111981.5","ULBP1"," protein_coding","chr6",33.5056822242512,4.28078279319918,0.618073497035048,2.89880126648131e-13,6.47932062390753e-12
"ENSG00000175793.12","SFN"," protein_coding","chr1",698.762932021461,4.277558981869,0.675782119103516,8.36575021859056e-12,1.46823446525913e-10
"ENSG00000124429.18","POF1B"," protein_coding","chrX",666.616791813342,4.27662963324124,0.418054309317593,6.4078629522774e-26,9.6845054121751e-24
"ENSG00000261115.6","TMEM178B"," protein_coding","chr7",179.115209309288,4.27529157112553,0.67134316584453,7.35685214150274e-12,1.30609872255322e-10
"ENSG00000148734.8","NPFFR1"," protein_coding","chr10",13.9434425650292,4.26861582880774,1.10711460784716,4.49082164709823e-06,2.79719787794594e-05
"ENSG00000168143.9","FAM83B"," protein_coding","chr6",86.3825072633578,4.26659957083791,0.805896039001575,4.46306393826196e-09,4.92558123402055e-08
"ENSG00000128298.17","BAIAP2L2"," protein_coding","chr22",993.334792301502,4.26628779217785,0.40713616057692,4.50302439417657e-27,7.96052839719614e-25
"ENSG00000271824.2","SMIM32"," protein_coding","chr5",192.139884009514,4.26467192143017,1.1615985486398,5.95422341455774e-06,3.61153551214878e-05
"ENSG00000159640.17","ACE"," protein_coding","chr17",336.041969221305,4.25967828323832,0.457967375490387,2.70850256411431e-06,1.76073793832517e-05
"ENSG00000121742.19","GJB6"," protein_coding","chr13",25.1186551950648,4.25534742052732,1.67447977134789,0.000210850579823648,0.000898067525292101
"ENSG00000164171.11","ITGA2"," protein_coding","chr5",1179.3120341337,4.25236173983716,0.431847536989965,2.8398112904005e-24,3.36725428982489e-22
"ENSG00000179178.11","TMEM125"," protein_coding","chr1",492.566207989018,4.25089898181461,0.514996995978833,6.02497949589716e-18,2.76760042387125e-16
"ENSG00000204866.8","IGFL2"," protein_coding","chr19",11.4176576385754,4.2494800804777,1.22061887774497,1.50582566303791e-05,8.40318132105465e-05
"ENSG00000165078.13","CPA6"," protein_coding","chr8",4.45421526685759,4.24395995694592,1.82350682791561,0.000370743587818031,0.00148119705698728
"ENSG00000243742.5","RPLP0P2"," transcribed_processed_pseudogene","chr11",36.0485091040727,4.23692992440315,0.774192323789755,2.16825337100314e-09,2.5157431415589e-08
"ENSG00000133519.12","ZDHHC8P1"," transcribed_unprocessed_pseudogene","chr22",129.920360656787,4.23548052135814,0.53774929736585,1.41782337286679e-16,5.19553894009441e-15
"ENSG00000267123.7","SCAT1"," lncRNA","chr17",13.3935355110081,4.23205171570589,1.19500367576709,1.7084511825896e-05,9.41682020879745e-05
"ENSG00000155980.13","KIF5A"," protein_coding","chr12",32.7328887702206,4.22551680415096,0.866097318553065,3.83803039030058e-08,3.61133898240895e-07
"ENSG00000103089.9","FA2H"," protein_coding","chr16",253.681626872703,4.22471129274349,0.581124341558375,1.44318296488052e-14,3.99394723933584e-13
"ENSG00000129195.16","PIMREG"," protein_coding","chr17",94.1267712409087,4.21724773626723,0.619916727656684,4.06157380833992e-13,8.84119749369159e-12
"ENSG00000220154.2","AL355796.1"," processed_pseudogene","chr6",1.77846140933757,4.21618112539698,1.83442709639095,0.0156985063332617,0.0386323910600617
"ENSG00000179284.5","DAND5"," protein_coding","chr19",9.32106491245497,4.21544474872165,0.927548564405877,2.68231397593806e-07,2.14474825559587e-06
"ENSG00000118194.20","TNNT2"," protein_coding","chr1",9.5830813928809,4.21133802453591,0.581376858487368,0.000189350206608077,0.000816310401500296
"ENSG00000143061.18","IGSF3"," protein_coding","chr1",1339.36440891535,4.21034746965526,0.348287504193091,5.48263346709872e-35,2.75729199313453e-32
"ENSG00000175874.10","CREG2"," protein_coding","chr2",15.322993076008,4.20965425461118,1.11939627530154,7.25533224077762e-06,4.32959873427255e-05
"ENSG00000261798.1","AL033527.2"," lncRNA","chr1",7.69221927322026,4.20851587303321,1.07880403670736,1.44161169297399e-06,9.92222073439316e-06
"ENSG00000278709.2","NKILA"," lncRNA","chr20",85.5977253374357,4.20742843464955,0.671463456111577,1.49352311382605e-11,2.54020849604618e-10
"ENSG00000155265.11","GOLGA7B"," protein_coding","chr10",693.204960008967,4.20727971384139,0.431758693667091,8.24752201634189e-24,9.14722318230709e-22
"ENSG00000072195.15","SPEG"," protein_coding","chr2",594.18166754118,4.20629505970086,0.554510875924653,1.03326845376212e-15,3.3047595973451e-14
"ENSG00000109805.10","NCAPG"," protein_coding","chr4",176.73836944798,4.20521154843372,0.53440931855171,1.41397461100124e-16,5.18795288406228e-15
"ENSG00000137558.9","PI15"," protein_coding","chr8",69.2093157423337,4.20365293512786,0.851449656519777,2.94427658816543e-08,2.82784339151128e-07
"ENSG00000112379.9","ARFGEF3"," protein_coding","chr6",478.60485603006,4.20035103515946,0.507447787061101,5.24844345948659e-18,2.43389264339848e-16
"ENSG00000184949.16","FAM227A"," protein_coding","chr22",92.1098967283638,4.19953568842418,0.637181945442819,1.90988288648808e-12,3.72887375608907e-11
"ENSG00000161249.21","DMKN"," protein_coding","chr19",1403.96918343131,4.19646168433727,0.461599107794463,4.01977325334837e-21,2.91673547330643e-19
"ENSG00000110786.18","PTPN5"," protein_coding","chr11",4.96466377028394,4.19557039097926,1.03307606895582,6.94567460984105e-08,6.19377507473108e-07
"ENSG00000137857.17","DUOX1"," protein_coding","chr15",491.662959592188,4.19480577570682,0.73378255126389,3.75906316236848e-10,4.99081080487602e-09
"ENSG00000170166.6","HOXD4"," protein_coding","chr2",4.03996145852439,4.19346532736684,1.37298056294124,0.00778449271710942,0.0212449352606067
"ENSG00000185615.16","PDIA2"," protein_coding","chr16",6.86772435115478,4.19266034932388,0.891760068736777,0.000763918432400001,0.00281383214480056
"ENSG00000157765.13","SLC34A2"," protein_coding","chr4",2341.02162875515,4.19223164502229,0.724636299799791,2.58557491202379e-10,3.52588287091267e-09
"ENSG00000256008.3","AC125616.1"," lncRNA","chr12",12.6054788497017,4.18890719522639,2.03097164568548,0.000553983576887437,0.00211534846893961
"ENSG00000103253.19","HAGHL"," protein_coding","chr16",285.883076969635,4.1849208647306,0.704649096268529,1.01839836658042e-10,1.48454082732555e-09
"ENSG00000167513.9","CDT1"," protein_coding","chr16",423.196901436079,4.17784590580507,0.402588611408995,1.27671704936176e-26,2.1159408870928e-24
"ENSG00000100228.12","RAB36"," protein_coding","chr22",595.41313452564,4.1772714511622,0.421466304525461,1.50167782195332e-24,1.89620954063014e-22
"ENSG00000206262.9","FOXL2NB"," protein_coding","chr3",4.36856864042711,4.17616256594865,1.90038271065119,0.000619891389702767,0.0023310057942813
"ENSG00000183876.9","ARSI"," protein_coding","chr5",109.832288166256,4.174329182067,0.729595879346944,0.000434912693457001,0.00170739816358644
"ENSG00000250579.2","CTD-2297D10.2"," lncRNA","chr5",66.7777883826505,4.17366236298303,1.25481706719152,0.00728144816984747,0.020052167831031
"ENSG00000135373.13","EHF"," protein_coding","chr11",3341.59614556776,4.17326063267475,0.423436157715614,2.48185660723772e-24,2.97914713483609e-22
"ENSG00000256061.7","DNAAF4"," protein_coding","chr15",14.5393028798653,4.16927347779658,0.798848769407295,1.75291281588444e-08,1.74746117315561e-07
"ENSG00000274444.1","AC078909.2"," lncRNA","chr15",7.46816983630327,4.1687868714127,1.04638082610203,8.89491630877173e-07,6.41423519927225e-06
"ENSG00000143476.18","DTL"," protein_coding","chr1",295.799978746989,4.16300855999193,0.464633905622473,1.40123393854328e-20,9.28922562576565e-19
"ENSG00000214803.3","AC090921.1"," lncRNA","chr8",1.23187423297587,4.16051630685427,1.47182878628602,0.01100658217389,0.028545478388032
"ENSG00000164283.13","ESM1"," protein_coding","chr5",132.685071086995,4.15965804471055,0.748952632620284,0.00259518593337913,0.00824787301053996
"ENSG00000141682.12","PMAIP1"," protein_coding","chr18",129.986844296046,4.15595868186067,0.435816056146955,3.15851323607726e-10,4.24761053864166e-09
"ENSG00000159556.10","ISL2"," protein_coding","chr15",9.78834849081109,4.15458014382389,1.23257553174796,3.36473941347877e-05,0.000173894549879097
"ENSG00000166851.15","PLK1"," protein_coding","chr16",323.756108049418,4.1532845746704,0.585987710071029,5.14536243353144e-14,1.29831381335362e-12
"ENSG00000125731.13","SH2D3A"," protein_coding","chr19",1095.98004526853,4.15322026593138,0.369690303610256,1.18410165889425e-30,3.35330692119286e-28
"ENSG00000231298.7","MANCR"," lncRNA","chr10",40.54074554665,4.15013926442456,0.641900888099111,0.000237276214019038,0.000997565564531755
"ENSG00000149488.13","TMC2"," protein_coding","chr20",3.44548179621604,4.14970936914604,1.44416055091914,1.69686140162742e-05,9.36001327989224e-05
"ENSG00000125966.10","MMP24"," protein_coding","chr20",495.74283179131,4.14848236556055,0.501157834413291,5.23162527913563e-18,2.42995665234247e-16
"ENSG00000283265.1","AL356234.3"," lncRNA","chr6",8.62046412806184,4.14428456760332,0.928734922969921,4.97568876469562e-07,3.76487329643078e-06
"ENSG00000246465.1","AC138904.1"," lncRNA","chr16",5.32515343896121,4.14204724787627,1.1916093825694,3.49717710265448e-06,2.22533069169565e-05
"ENSG00000043355.12","ZIC2"," protein_coding","chr13",149.107124086535,4.14148492874939,1.26745969516104,2.33724746472193e-05,0.000124908705200575
"ENSG00000183671.12","GPR1"," protein_coding","chr2",6.11588563292094,4.1370190919907,0.927579563989073,0.00539970087142673,0.0155528660727408
"ENSG00000196747.4","H2AC13"," protein_coding","chr6",8.55539041561993,4.13424508536556,1.94779274352615,0.000449361592501499,0.00175867815533023
"ENSG00000187730.9","GABRD"," protein_coding","chr1",208.737756909763,4.13232960811059,0.749172823301313,1.21764655597903e-09,1.47682047365291e-08
"ENSG00000067057.18","PFKP"," protein_coding","chr10",2235.39123537243,4.12715772352818,0.554827501972138,3.79468515603713e-15,1.14110485893244e-13
"ENSG00000177414.13","UBE2U"," protein_coding","chr1",9.05531349915997,4.12242209331953,1.72209993443305,0.00859411043635998,0.0231469628179302
"ENSG00000156970.13","BUB1B"," protein_coding","chr15",142.439732101423,4.12089298516887,0.52527337830665,1.65211158961961e-16,5.97896314610601e-15
"ENSG00000007038.11","PRSS21"," protein_coding","chr16",99.6716119005183,4.1197757608059,0.998267964033367,1.03796533239196e-06,7.35936090922245e-06
"ENSG00000125850.11","OVOL2"," protein_coding","chr20",114.37180867592,4.1160476286323,0.416169522006162,2.30393514072401e-24,2.80014517165745e-22
"ENSG00000255082.1","GRM5-AS1"," lncRNA","chr11",6.88117458197224,4.11270979595187,1.68966766489504,0.000271199069049886,0.00112064111703019
"ENSG00000279822.1","AC016397.2"," TEC","chr10",2.77277785728696,4.11062074230747,1.20658357555568,0.00434491744184486,0.0128902458158231
"ENSG00000187783.12","TMEM72"," protein_coding","chr10",144.843388548325,4.1049494345148,0.954856926518643,5.05630152727515e-07,3.82190358251072e-06
"ENSG00000203499.12","IQANK1"," protein_coding","chr8",246.935345335965,4.09958154918717,0.410379004457933,7.48222566953682e-25,9.8310378628252e-23
"ENSG00000099282.10","TSPAN15"," protein_coding","chr10",3486.89460683431,4.09780988562096,0.425422371354817,2.23479750225249e-23,2.2634308452501e-21
"ENSG00000285906.2","AC083855.2"," lncRNA","chr3",77.8322908343578,4.0968590118979,0.663912661587944,2.57082416695747e-11,4.15908874797462e-10
"ENSG00000093009.11","CDC45"," protein_coding","chr22",205.547574701675,4.09551197212998,0.515403283458986,6.91543956134139e-17,2.6717411465532e-15
"ENSG00000184524.6","CEND1"," protein_coding","chr11",5.70163884901695,4.09546865459354,0.753446665813107,0.000224625008750132,0.000949990848228591
"ENSG00000152766.6","ANKRD22"," protein_coding","chr10",270.22481124315,4.09268074545107,0.600195596002512,3.35517115686173e-13,7.42541634859635e-12
"ENSG00000215475.5","SIAH3"," protein_coding","chr13",3.35234562236406,4.08864135387883,1.61100417665612,0.011947171495963,0.0306281460156219
"ENSG00000166863.13","TAC3"," protein_coding","chr12",11.9475520342302,4.07921327391377,1.47074428442063,0.00012454290762364,0.000562351714005257
"ENSG00000220412.1","AL356234.1"," processed_pseudogene","chr6",5.19897431508957,4.07905406341401,1.21767418873584,6.55748932383808e-06,3.95442228834056e-05
"ENSG00000089685.15","BIRC5"," protein_coding","chr17",481.156563043607,4.07774294822254,0.524744819882547,2.75021353265314e-16,9.56149922931579e-15
"ENSG00000235029.1","MNX1-AS2"," lncRNA","chr7",7.8203024714598,4.07610208165623,1.29608763338457,3.71128696631337e-05,0.000189620825924671
"ENSG00000265763.4","ZNF488"," protein_coding","chr10",45.8435602515381,4.07237385722799,0.71879871739803,6.1654701677571e-10,7.90160805462684e-09
"ENSG00000090889.12","KIF4A"," protein_coding","chrX",251.989758357871,4.07190138297337,0.553388987891488,6.8435163727074e-15,1.99419109965537e-13
"ENSG00000115507.10","OTX1"," protein_coding","chr2",75.5125443554205,4.07184373671098,0.642177382886954,9.07618357559639e-12,1.58528861506929e-10
"ENSG00000177181.15","RIMKLA"," protein_coding","chr1",150.70626106101,4.07087671861427,0.467011999839422,1.28843940173258e-19,7.54668451990718e-18
"ENSG00000287358.1","AL096706.1"," lncRNA","chr10",6.75105000853204,4.07059579421045,1.01625450050467,9.36283405373924e-07,6.70688866683497e-06
"ENSG00000261488.1","TBILA"," lncRNA","chr3",63.1941786161982,4.06584259173807,0.623331455225853,3.20894524651889e-12,6.0388208964974e-11
"ENSG00000166736.11","HTR3A"," protein_coding","chr11",27.4405009410597,4.06435536521249,1.14415929492931,1.05403379140236e-05,6.08693558927251e-05
"ENSG00000271662.1","AC233280.2"," processed_pseudogene","chr3",4.60688474438801,4.06432602030101,1.06749054142681,4.42518724457782e-07,3.38166850241264e-06
"ENSG00000114529.13","C3orf52"," protein_coding","chr3",270.532395617969,4.06410873069906,0.503891230981768,3.04240475890205e-17,1.25167707210739e-15
"ENSG00000256196.2","AP003721.1"," lncRNA","chr11",5.38625869494261,4.06237560029311,1.33694638010038,3.43993192144571e-05,0.000177434790834041
"ENSG00000186081.12","KRT5"," protein_coding","chr12",43.6246487004492,4.0566499513452,1.16521119642631,0.000317084077691373,0.00128870356168032
"ENSG00000259341.2","AC015660.1"," lncRNA","chr15",4.96573673642516,4.04790876524911,0.729820860973108,0.0201573340223231,0.0475703297813223
"ENSG00000241359.1","SYNPR-AS1"," lncRNA","chr3",4.1106270943347,4.04378132416174,1.93265815555016,0.000847991986367302,0.00308802475035554
"ENSG00000117724.13","CENPF"," protein_coding","chr1",688.851044988931,4.04367128903238,0.481164177750556,1.69148037161402e-18,8.48941816262171e-17
"ENSG00000087494.16","PTHLH"," protein_coding","chr12",158.792017902085,4.04286985842182,0.666642750634538,4.57946463255796e-11,7.07512732346838e-10
"ENSG00000163618.18","CADPS"," protein_coding","chr3",165.51951392406,4.03761093049866,0.629605619709675,5.32879518776217e-12,9.64240861239669e-11
"ENSG00000182795.13","C1orf116"," protein_coding","chr1",1178.62781811475,4.03429691306174,0.473473983120817,6.2282739045162e-19,3.32125267862583e-17
"ENSG00000176678.6","FOXL1"," protein_coding","chr16",81.1679056150663,4.03154658815163,0.760387112181592,8.3944857587564e-05,0.000394806119150541
"ENSG00000234362.6","LINC01914"," lncRNA","chr2",4.84312434075174,4.02469236938289,0.584657855937158,0.00616962664231463,0.0174027802061231
"ENSG00000114757.19","PEX5L"," protein_coding","chr3",10.7795388611916,4.01871427834763,0.785708539300775,0.0109448566833803,0.028400544844544
"ENSG00000177494.6","ZBED2"," protein_coding","chr3",12.0407503167416,4.01276693687245,1.21525747121545,3.76150682399125e-05,0.000191951351555285
"ENSG00000187123.15","LYPD6"," protein_coding","chr2",268.471412853741,4.01255978833132,0.697182946816257,3.09889535485226e-10,4.17899577465028e-09
"ENSG00000121621.7","KIF18A"," protein_coding","chr11",95.2793253729621,4.0092944491226,0.485996466048361,7.22533821588964e-18,3.29306078780133e-16
"ENSG00000148773.14","MKI67"," protein_coding","chr10",905.880096340374,4.00794949847373,0.460051032212497,1.19636876360601e-19,7.09286188325686e-18
"ENSG00000237988.5","OR2I1P"," protein_coding","chr6",9040.92208883548,4.00268980632398,0.746588043916347,2.88648001481541e-09,3.28248481684798e-08
"ENSG00000158402.20","CDC25C"," protein_coding","chr5",63.1596205194159,4.00084885508649,0.613110077575195,2.57475059263339e-12,4.91511125893478e-11
"ENSG00000181374.8","CCL13"," protein_coding","chr17",12.5252814234327,3.99989368831646,0.870730064829686,0.00463365010175419,0.0136248931268214
"ENSG00000251095.7","AC093866.1"," lncRNA","chr4",16.3249757378123,3.99978905730807,1.54454910498995,0.000235434890877905,0.000990845434085601
"ENSG00000269959.1","SPACA6P-AS"," lncRNA","chr19",5.02168897330544,3.99780209688461,1.2344927388758,1.10343837002885e-05,6.33461795224788e-05
"ENSG00000132692.19","BCAN"," protein_coding","chr1",48.3302375320213,3.99454625299745,0.472339245901713,1.79666543234409e-18,8.95845025573413e-17
"ENSG00000174371.17","EXO1"," protein_coding","chr1",114.550834104462,3.9939086644569,0.507849563240421,1.52389214272379e-16,5.54936453322226e-15
"ENSG00000078098.14","FAP"," protein_coding","chr2",221.480236938482,3.99264352761231,0.641959640268847,1.86695779067943e-11,3.10829291074933e-10
"ENSG00000259495.3","AC016705.2"," lncRNA","chr15",147.828003612597,3.99233212081617,0.486279639743542,9.62802258059527e-18,4.28763039165471e-16
"ENSG00000087128.10","TMPRSS11E"," protein_coding","chr4",11.0985403970252,3.99209557698396,1.95205828268163,0.000543771925249703,0.00208016830001424
"ENSG00000176490.5","DIRAS1"," protein_coding","chr19",27.4335248154815,3.98968389460802,0.710852288695328,4.92132191622476e-05,0.000244758350625288
"ENSG00000136928.7","GABBR2"," protein_coding","chr9",25.0415242015545,3.98789312076477,1.0697572775174,6.58115840054313e-06,3.96377884339134e-05
"ENSG00000067225.18","PKM"," protein_coding","chr15",18649.5971200763,3.9876744652635,0.375623694172222,1.3192127540376e-27,2.45096285493776e-25
"ENSG00000170369.4","CST2"," protein_coding","chr20",54.0874309547217,3.98594385722887,0.749167284795759,4.11363740640192e-09,4.57281591110281e-08
"ENSG00000087510.7","TFAP2C"," protein_coding","chr20",64.9126565749625,3.98473417121244,0.87483693714725,1.7034976804244e-07,1.42131933181635e-06
"ENSG00000011332.19","DPF1"," protein_coding","chr19",9.53096736181598,3.98369342426579,0.769085086090587,2.95506975385395e-08,2.83634187726772e-07
"ENSG00000138759.19","FRAS1"," protein_coding","chr4",1637.39450396866,3.9824911984861,0.613885087983724,3.26795169324087e-12,6.14022522618505e-11
"ENSG00000131650.14","KREMEN2"," protein_coding","chr16",36.2455273252875,3.9791776141904,0.708528810269728,8.42495985839865e-10,1.05380640698812e-08
"ENSG00000080224.17","EPHA6"," protein_coding","chr3",84.8119299785399,3.97834867386766,0.837617373250871,7.13306038649319e-08,6.34148852220725e-07
"ENSG00000157456.8","CCNB2"," protein_coding","chr15",208.658316859858,3.97796292954903,0.460272737790965,2.06154701405335e-19,1.1790836245671e-17
"ENSG00000136231.14","IGF2BP3"," protein_coding","chr7",98.2561483571705,3.97627230379845,0.90313134940364,3.40170188489029e-07,2.65305460642686e-06
"ENSG00000176884.16","GRIN1"," protein_coding","chr9",17.9539294614886,3.97312728101344,0.720597954933889,2.52967112904195e-09,2.90275283882866e-08
"ENSG00000164181.14","ELOVL7"," protein_coding","chr5",1271.18611080392,3.97210337465454,0.587393576834436,5.22982269473838e-13,1.11593780675072e-11
"ENSG00000267750.6","RUNDC3A-AS1"," lncRNA","chr17",8.36456730259637,3.97165945346259,0.975106204893948,1.97984449219886e-06,1.32667319074083e-05
"ENSG00000163064.7","EN1"," protein_coding","chr2",48.6424255758739,3.97163258760218,2.80452449129535,0.00109163341774763,0.00386102281584583
"ENSG00000232233.1","LINC02043"," lncRNA","chr3",1.57216613533914,3.9667515177004,1.26478422712734,0.0133700923066641,0.0337421891757299
"ENSG00000176383.9","B3GNT4"," protein_coding","chr12",14.8310363996978,3.96278445637713,0.825069919886527,1.07118321125866e-07,9.22780362941636e-07
"ENSG00000287315.1","AL670729.3"," lncRNA","chr1",55.5563538700718,3.96087896662873,0.665444938003323,1.11687387897807e-10,1.619994737738e-09
"ENSG00000196878.15","LAMB3"," protein_coding","chr1",5899.04246130985,3.96065578175844,0.43622851783215,5.01178198804438e-21,3.57429508091116e-19
"ENSG00000261183.5","SPINT1-AS1"," lncRNA","chr15",107.582207044019,3.96043252117867,0.486603944372051,1.84299873792266e-17,7.81372531780032e-16
"ENSG00000230650.1","AC140479.2"," processed_pseudogene","chr2",25.7120648114002,3.95398528612251,0.671158715353943,2.43727002545024e-10,3.34763894714025e-09
"ENSG00000251257.2","AC010457.1"," lncRNA","chr5",3.90076935639332,3.95075478534488,1.8070947587901,0.000465498121250232,0.00181331659972596
"ENSG00000173838.12","MARCHF10"," protein_coding","chr17",8.23080392209625,3.9491983080901,1.00634122331906,4.10427510812655e-06,2.58012070320999e-05
"ENSG00000008735.14","MAPK8IP2"," protein_coding","chr22",369.807955578472,3.94635252623598,0.681803138508027,2.54695563355762e-10,3.48135655460367e-09
"ENSG00000237330.3","RNF223"," protein_coding","chr1",14.2977402040751,3.94178501266484,0.959768959274221,1.81688178598812e-06,1.22962006532453e-05
"ENSG00000167759.13","KLK13"," protein_coding","chr19",12.4316172271082,3.94070627316926,1.37160076892123,0.000122031461324395,0.000551736216766952
"ENSG00000165480.16","SKA3"," protein_coding","chr13",82.6852511265247,3.93886405558858,0.530206662673722,4.65774074102184e-15,1.38634326198843e-13
"ENSG00000168078.10","PBK"," protein_coding","chr8",136.970040634204,3.9363783423413,0.729875765972546,2.37223315066887e-09,2.73825361186626e-08
"ENSG00000161714.12","PLCD3"," protein_coding","chr17",1074.82941738697,3.93512566298297,0.397359191812208,1.72134008239896e-24,2.15492570229593e-22
"ENSG00000123485.12","HJURP"," protein_coding","chr2",217.667397610204,3.93372540897648,0.63984175318207,2.86169613340617e-11,4.59399089242292e-10
"ENSG00000169607.13","CKAP2L"," protein_coding","chr2",144.162652450272,3.93318187351177,0.571730286593286,2.47224532873019e-13,5.59014914680085e-12
"ENSG00000130045.16","NXNL2"," protein_coding","chr9",22.2066697868023,3.93161095237726,0.609268780923466,7.40229394596102e-12,1.31336686198137e-10
"ENSG00000109846.9","CRYAB"," protein_coding","chr11",3551.2500224827,3.92960035955616,0.831040510917289,7.28463471493497e-08,6.4663880097364e-07
"ENSG00000188015.10","S100A3"," protein_coding","chr1",45.1096602430592,3.92681745294154,0.675971334380319,2.57783438987534e-10,3.5169715303215e-09
"ENSG00000261437.1","AC108860.2"," lncRNA","chr8",30.1963223129426,3.9251886906019,0.556614270312954,9.74621682616377e-14,2.35727527862663e-12
"ENSG00000263961.8","RHEX"," protein_coding","chr1",289.976912960404,3.91743735015352,1.06010679293056,5.72609141254713e-06,3.48039925844107e-05
"ENSG00000267736.2","HMGB2P1"," transcribed_processed_pseudogene","chr19",11.0541036424263,3.91729809359693,1.22452729244142,5.70199407573731e-05,0.000279156537756263
"ENSG00000075218.19","GTSE1"," protein_coding","chr22",177.924811480879,3.91680086944078,0.605985745993537,3.6791739887752e-12,6.84424911215457e-11
"ENSG00000169213.7","RAB3B"," protein_coding","chr1",515.516997791464,3.91617155036299,0.871020536540422,2.13524332699001e-07,1.74413084864104e-06
"ENSG00000129451.12","KLK10"," protein_coding","chr19",152.548792814478,3.91612074449451,1.23415698016791,3.3979058520522e-05,0.000175422151855771
"ENSG00000088992.18","TESC"," protein_coding","chr12",1679.39661438485,3.91360697327975,0.544922194178575,2.7449965003826e-14,7.24604551309141e-13
"ENSG00000187997.11","C17orf99"," protein_coding","chr17",10.3576007441161,3.91323907127904,1.38098968788834,0.00010903021491441,0.00049965472723306
"ENSG00000231106.2","LINC01436"," lncRNA","chr21",56.7694699329252,3.91000859478725,1.18047814716585,2.21666289739166e-05,0.000118987559908019
"ENSG00000121753.12","ADGRB2"," protein_coding","chr1",138.063721734287,3.90683927462383,0.633977334207917,2.53814484959144e-11,4.1107799621173e-10
"ENSG00000226900.2","AL451069.1"," lncRNA","chr10",3.25532131304122,3.90677005331546,1.60809968847953,0.000210900701026806,0.000898067525292101
"ENSG00000198857.3","HSD3BP5"," transcribed_unprocessed_pseudogene","chr1",4.7131873137917,3.90398998357484,0.799434931180331,0.00651795214742136,0.0182844918434443
"ENSG00000168350.8","DEGS2"," protein_coding","chr14",380.586217817121,3.90198139841782,0.633780342981241,2.57781504535411e-11,4.16577767633984e-10
"ENSG00000075223.14","SEMA3C"," protein_coding","chr7",684.499789098497,3.90073084635456,0.632123072241363,2.46337584787908e-11,4.00525139948634e-10
"ENSG00000196368.5","NUDT11"," protein_coding","chrX",47.0848964344081,3.89936972613404,0.655219857227274,1.12611250400171e-10,1.63177226175986e-09
"ENSG00000103534.17","TMC5"," protein_coding","chr16",356.623252339548,3.89442364710334,0.811496921129851,5.21285289942585e-08,4.76657386280103e-07
"ENSG00000134258.17","VTCN1"," protein_coding","chr1",1800.94726158839,3.893444478916,0.708288189439672,1.32398507375381e-09,1.59763983447983e-08
"ENSG00000152669.9","CCNO"," protein_coding","chr5",117.668618132737,3.89216330321876,0.70516108345041,1.22466077356115e-09,1.48409348167865e-08
"ENSG00000253395.1","AP003469.2"," lncRNA","chr8",5.7833885335038,3.88601774305021,0.945241078731952,5.45145959225036e-07,4.09617786827281e-06
"ENSG00000160182.3","TFF1"," protein_coding","chr21",204.635832372998,3.88504517130376,1.2872478100574,5.39622179377817e-05,0.000265792626650989
"ENSG00000157782.9","CABP1"," protein_coding","chr12",27.5127440281179,3.87681743248134,0.72461061836984,0.000183699132157233,0.000794178151162638
"ENSG00000128805.15","ARHGAP22"," protein_coding","chr10",311.616564562563,3.87452419387568,0.713502411283423,1.94663831304846e-09,2.27763710201807e-08
"ENSG00000267432.6","DNAH17-AS1"," lncRNA","chr17",4.95105015470683,3.87349893301669,1.29309976316145,2.89326904514379e-05,0.000151623723998921
"ENSG00000257642.1","KCCAT198"," lncRNA","chr12",2.71095744670975,3.87345892389089,1.32011587005987,0.00815306243470379,0.0221163096957012
"ENSG00000203985.11","LDLRAD1"," protein_coding","chr1",55.689981417116,3.87323575637213,0.93778624706459,1.13327651025237e-06,7.9803565241435e-06
"ENSG00000136542.9","GALNT5"," protein_coding","chr2",66.4178925839458,3.87315088282578,1.01487372144817,0.00176469224981587,0.00588073011149931
"ENSG00000101342.10","TLDC2"," protein_coding","chr20",89.665974409708,3.872767121543,0.542709043086589,3.47252546129223e-14,9.01959885845352e-13
"ENSG00000232021.7","LEF1-AS1"," lncRNA","chr4",4.31600264217361,3.87234630840493,1.12007206771784,3.17187088300383e-06,2.03590721491528e-05
"ENSG00000198915.12","RASGEF1A"," protein_coding","chr10",157.435635973594,3.87138840378074,0.517523612179963,2.93922935661029e-15,8.95866051232658e-14
"ENSG00000253293.5","HOXA10"," protein_coding","chr7",22.4070121037387,3.86915552540056,1.49105024860775,0.000202356153761523,0.000866235199452576
"ENSG00000167642.13","SPINT2"," protein_coding","chr19",2225.60049623942,3.86894375409342,0.37277764874362,1.28585053106865e-26,2.11903808704754e-24
"ENSG00000182010.11","RTKN2"," protein_coding","chr10",60.814771039365,3.86656877526679,0.723371171330814,3.40186883153452e-09,3.83568271925127e-08
"ENSG00000111206.13","FOXM1"," protein_coding","chr12",428.762420830374,3.86045768090746,0.490594078939288,1.40512879406598e-16,5.16199015039176e-15
"ENSG00000154917.11","RAB6B"," protein_coding","chr3",546.718941156102,3.85724791236621,0.63351883937341,4.14744734495685e-11,6.45899047544294e-10
"ENSG00000170381.14","SEMA3E"," protein_coding","chr7",583.721040480085,3.85543392403995,0.728813137298937,4.16579869067805e-09,4.6219924689383e-08
"ENSG00000137270.11","GCM1"," protein_coding","chr6",4.75917960345323,3.85205230410751,1.26570257121559,2.45756261118361e-05,0.000130787527468737
"ENSG00000163218.15","PGLYRP4"," protein_coding","chr1",11.4145107716707,3.85186214735472,1.34734932638625,0.000141567664097635,0.000629671728280558
"ENSG00000265688.2","MAFG-DT"," lncRNA","chr17",114.759483710337,3.84955066191006,0.406796546932578,1.35586127435958e-22,1.23590992224358e-20
"ENSG00000114279.13","FGF12"," protein_coding","chr3",449.273516795589,3.84900571123969,0.527287897151974,1.16204022163045e-14,3.28445263805607e-13
"ENSG00000167157.11","PRRX2"," protein_coding","chr9",32.3274888333139,3.84810102038435,0.905626885556924,6.09219577897126e-07,4.54716629162776e-06
"ENSG00000154102.11","C16orf74"," protein_coding","chr16",107.214458271833,3.84790656856431,0.705657561522332,1.77352377841531e-09,2.09525780042917e-08
"ENSG00000131037.15","EPS8L1"," protein_coding","chr19",1109.29820358406,3.84492678229863,0.484552113781441,8.40053909639915e-17,3.20307614252114e-15
"ENSG00000255303.2","OR5BA1P"," transcribed_unprocessed_pseudogene","chr11",18.8411093200589,3.84418134149198,0.968852170498016,2.79247951889715e-06,1.81048755471684e-05
"ENSG00000275465.7","AL449403.2"," lncRNA","chr9",46.9250771830039,3.84232470869822,0.637580211857272,0.00824749595871831,0.022335085843455
"ENSG00000204657.4","OR2H2"," protein_coding","chr6",9.90614162630403,3.83916783547497,1.03667282105375,1.11912408320033e-05,6.41835044885381e-05
"ENSG00000189143.9","CLDN4"," protein_coding","chr7",3887.60562902389,3.8360940462895,0.527104342985665,1.3768099068057e-14,3.82842403923885e-13
"ENSG00000183196.10","CHST6"," protein_coding","chr16",18.1134610282981,3.83383595054695,0.921902148325499,0.000336501802778465,0.00135684560205212
"ENSG00000164611.13","PTTG1"," protein_coding","chr5",327.614600360996,3.8308575641817,0.579588834237774,1.22751427302385e-12,2.4710396017828e-11
"ENSG00000170312.16","CDK1"," protein_coding","chr10",371.230715137439,3.83072866146624,0.489767323734446,2.0377098546698e-16,7.21334450859991e-15
"ENSG00000157470.12","FAM81A"," protein_coding","chr15",97.142662591759,3.8289891631639,0.490078102628433,2.83741337786265e-16,9.8295143490351e-15
"ENSG00000110660.15","SLC35F2"," protein_coding","chr11",420.781317055791,3.82882715766681,0.525884499143096,1.3066538320065e-14,3.64725221299499e-13
"ENSG00000236671.9","PRKG1-AS1"," lncRNA","chr10",7.78506611914573,3.82779027145808,1.5267292243006,0.000242567217616587,0.00101746378640469
"ENSG00000112559.15","MDFI"," protein_coding","chr6",390.76262779074,3.82403028657961,0.507982258915083,1.99012955881005e-15,6.1689786504708e-14
"ENSG00000170442.12","KRT86"," protein_coding","chr12",63.3465695376206,3.82289619828068,0.77572696309808,2.85837551969766e-08,2.75168170079409e-07
"ENSG00000178999.13","AURKB"," protein_coding","chr17",188.596638215743,3.82025494197276,0.574120237357693,1.04863119471184e-12,2.14048448695239e-11
"ENSG00000155066.16","PROM2"," protein_coding","chr2",735.518020936371,3.82021464838499,0.699113381811334,1.59858284854576e-09,1.90556040495428e-08
"ENSG00000283283.2","AC013268.4"," unprocessed_pseudogene","chr2",4.76406024220281,3.81888873228719,1.31009870022723,4.44601454963845e-05,0.000223257686940546
"ENSG00000146670.10","CDCA5"," protein_coding","chr11",318.860331954379,3.81428887157204,0.438664582157654,1.39495251520432e-19,8.12163072175545e-18
"ENSG00000137807.16","KIF23"," protein_coding","chr15",232.878554954557,3.813257327997,0.480965491048428,8.6472266633225e-17,3.28425722060487e-15
"ENSG00000122870.12","BICC1"," protein_coding","chr10",4731.75160845051,3.812523796125,0.39339088454562,1.232314056464e-23,1.32639736948334e-21
"ENSG00000224081.9","SLC44A3-AS1"," transcribed_processed_pseudogene","chr1",300.828601086313,3.8114882492893,0.558232223674535,3.37741023411263e-13,7.46330902415389e-12
"ENSG00000174672.16","BRSK2"," protein_coding","chr11",59.5832467288099,3.81148113658203,0.785858782053243,4.25819418817849e-08,3.95438606415086e-07
"ENSG00000095777.17","MYO3A"," protein_coding","chr10",152.321613509531,3.80209035970805,0.851650218331608,2.56234322905717e-07,2.05728019951469e-06
"ENSG00000071539.14","TRIP13"," protein_coding","chr5",219.545244967803,3.80080072393943,0.488723881122086,2.92335159648639e-16,1.01032278101791e-14
"ENSG00000088726.16","TMEM40"," protein_coding","chr3",12.9875458045824,3.79875533044729,1.42213997581802,0.00591377443763034,0.0167833125677408
"ENSG00000121152.10","NCAPH"," protein_coding","chr2",267.452793231792,3.79384901224253,0.421584193881531,6.75025777496492e-21,4.68805402471313e-19
"ENSG00000129521.15","EGLN3"," protein_coding","chr14",611.791659106856,3.79231394193844,0.697265024484758,1.8589028310808e-09,2.18726650584089e-08
"ENSG00000131435.13","PDLIM4"," protein_coding","chr5",300.298981009186,3.79167325972877,0.73892520112028,9.59816732948347e-09,1.00817048193627e-07
"ENSG00000205054.8","LINC01121"," lncRNA","chr2",5.98225487093845,3.78457832527198,1.11861845229819,1.46928210792753e-05,8.21339398354507e-05
"ENSG00000227885.3","AL590652.1"," lncRNA","chr6",22.7772873061642,3.78211265308412,0.546935722363081,3.39463688017739e-13,7.49569743814491e-12
"ENSG00000079689.14","SCGN"," protein_coding","chr6",1368.4209217601,3.77542778911754,0.847140612330666,2.6193807602221e-07,2.0984541992562e-06
"ENSG00000284948.1","AC107959.4"," lncRNA","chr8",11.4147104458495,3.77501252142293,0.759270444742447,5.87845684705717e-08,5.32346189915587e-07
"ENSG00000092853.14","CLSPN"," protein_coding","chr1",127.164999725264,3.77367167573448,0.52187531528213,1.9606452156625e-14,5.32495905918617e-13
"ENSG00000159713.11","TPPP3"," protein_coding","chr16",700.203449461617,3.77361198441302,0.538431858067799,0.000658558807586934,0.00246207058473575
"ENSG00000226496.3","LINC00323"," lncRNA","chr21",11.0879403988973,3.76692588571405,0.985039005820647,6.58673646527926e-06,3.96550084531952e-05
"ENSG00000258647.6","LINC00930"," lncRNA","chr15",13.0588654548494,3.76506122833054,1.32703894908941,0.000135573951749184,0.000604857234409905
"ENSG00000232237.3","ASCL5"," protein_coding","chr1",5.5947334534277,3.75862892404991,1.00914566853533,3.33888691444695e-06,2.13532103502528e-05
"ENSG00000186765.12","FSCN2"," protein_coding","chr17",25.6740698241665,3.75469455883466,0.450106735166033,9.02694836589034e-18,4.03845179270944e-16
"ENSG00000147697.9","GSDMC"," protein_coding","chr8",23.0391887481732,3.75233355082226,0.972868560331289,3.99902200981102e-06,2.5172091714324e-05
"ENSG00000139572.4","GPR84"," protein_coding","chr12",21.685167648968,3.74927530874817,0.787489690690436,1.01548881459539e-07,8.80261314500238e-07
"ENSG00000233198.4","RNF224"," protein_coding","chr9",10.82973310974,3.7486797898576,0.933491371446957,3.07733728832305e-06,1.98064544049195e-05
"ENSG00000136944.19","LMX1B"," protein_coding","chr9",40.370354939518,3.74527019967807,1.11706776765331,1.92821506628683e-05,0.000105109522086564
"ENSG00000133216.17","EPHB2"," protein_coding","chr1",646.431564436405,3.73896656125896,0.637314025049905,1.60179614151216e-10,2.25278648272749e-09
"ENSG00000233101.10","HOXB-AS3"," lncRNA","chr17",18.5719967224524,3.73759007395644,0.991332872018142,5.51584597328902e-06,3.36241820678929e-05
"ENSG00000186451.2","SPATA12"," protein_coding","chr3",8.54571246369774,3.73750239282262,0.845542589251405,8.18052353194142e-07,5.94908229626525e-06
"ENSG00000232803.1","SLCO4A1-AS1"," lncRNA","chr20",24.9304368994252,3.73636991400699,0.987739966033333,5.11718665533338e-06,3.14967751739649e-05
"ENSG00000100162.15","CENPM"," protein_coding","chr22",144.500544002513,3.73473616539366,0.4671197721887,4.93908224190699e-17,1.95479090792653e-15
"ENSG00000226363.3","HAGLROS"," lncRNA","chr2",7.54798082633372,3.73245441156868,1.0714841967643,1.9825135615444e-05,0.000107559407917632
"ENSG00000164393.8","ADGRF2"," protein_coding","chr6",3.03549388758581,3.73039293814168,1.68483922258233,0.000501172300530584,0.00193650746246875
"ENSG00000243449.6","C4orf48"," protein_coding","chr4",158.91819164262,3.7290479236346,0.50980263300928,1.02852147159927e-14,2.92406849952039e-13
"ENSG00000286728.1","AC009236.2"," lncRNA","chr2",2.38185501712136,3.72737057766521,1.30080592011925,9.01446125665502e-06,5.28528282201749e-05
"ENSG00000139044.12","B4GALNT3"," protein_coding","chr12",566.104085793216,3.72593145729103,0.474610517130392,1.68026470950781e-16,6.06579719203382e-15
"ENSG00000113722.17","CDX1"," protein_coding","chr5",3.03426697765551,3.72043137946274,0.665584421482583,0.013522518303249,0.0340679164266256
"ENSG00000015413.9","DPEP1"," protein_coding","chr16",74.0928236072829,3.7192715661361,0.833758482790672,2.66272425149693e-07,2.13200668931963e-06
"ENSG00000157193.18","LRP8"," protein_coding","chr1",158.122983649362,3.71756927110821,0.656564132349943,5.36714079893733e-10,6.93945611543453e-09
"ENSG00000145536.15","ADAMTS16"," protein_coding","chr5",466.515140430933,3.71600681920246,1.08604367969037,1.54528305862774e-05,8.60201718768927e-05
"ENSG00000179546.4","HTR1D"," protein_coding","chr1",59.2350030149604,3.71595894435347,1.26089672761658,7.14396225992287e-05,0.000341498254932301
"ENSG00000228412.9","LNC-LBCS"," lncRNA","chr6",33.3849386051713,3.71087532278718,0.782385815923457,7.92175326333808e-08,6.99553957464675e-07
"ENSG00000160471.13","COX6B2"," protein_coding","chr19",18.1535183960114,3.70769051242114,1.06107165087824,1.58582933748664e-05,8.80080973081197e-05
"ENSG00000185499.16","MUC1"," protein_coding","chr1",1540.48279777797,3.70512030432598,0.927512960993116,1.88103326052497e-06,1.26803464701301e-05
"ENSG00000189057.11","FAM111B"," protein_coding","chr11",165.395930433948,3.70173226797468,0.468750349365397,1.24173601188583e-16,4.60231229106707e-15
"ENSG00000261801.6","LOXL1-AS1"," lncRNA","chr15",128.032067582371,3.69956862751699,0.498395709660021,4.55510170982115e-15,1.35717836336847e-13
"ENSG00000137269.15","LRRC1"," protein_coding","chr6",434.401252935352,3.69948756433311,0.327355707647125,5.6780805923628e-31,1.67891225678811e-28
"ENSG00000065328.17","MCM10"," protein_coding","chr10",96.6838344134668,3.69852493159798,0.527117451704175,8.84099463410195e-14,2.15441079767853e-12
"ENSG00000162073.14","PAQR4"," protein_coding","chr16",259.417984481014,3.69484985883973,0.376299342206741,3.81239240709094e-24,4.46601100893315e-22
"ENSG00000069812.11","HES2"," protein_coding","chr1",35.1848508916357,3.6941540380525,0.660045809174735,9.96613354595829e-10,1.22659134768801e-08
"ENSG00000139970.17","RTN1"," protein_coding","chr14",350.490258349641,3.69399926925881,0.605668803195558,1.84830605509568e-05,0.000101321629996403
"ENSG00000085840.13","ORC1"," protein_coding","chr1",148.060899205614,3.69317900393683,0.487252298466207,1.37887633334058e-15,4.33877494791924e-14
"ENSG00000267530.3","LINC01836"," lncRNA","chr19",254.691145488694,3.68184744359638,0.57250452695206,3.90738743293484e-12,7.24107903629456e-11
"ENSG00000246640.1","PICART1"," lncRNA","chr17",13.9195917201341,3.67393543701464,0.765207825636202,9.57811773178883e-08,8.34231460491336e-07
"ENSG00000119946.11","CNNM1"," protein_coding","chr10",334.980770421957,3.67166439251396,0.573418713180962,5.65703262765997e-12,1.01858015256922e-10
"ENSG00000234928.1","LINC01659"," lncRNA","chr22",12.1070078189413,3.66925613988597,1.03399652124899,1.6917788081104e-05,9.33727456078944e-05
"ENSG00000139364.10","TMEM132B"," protein_coding","chr12",89.7362928229062,3.66820357686532,0.892433751152748,1.21536488682808e-06,8.49125230751812e-06
"ENSG00000105011.9","ASF1B"," protein_coding","chr19",300.032808539899,3.66706991291722,0.438533802663985,2.51135265923934e-18,1.22089409528921e-16
"ENSG00000101489.20","CELF4"," protein_coding","chr18",11.5652290681513,3.66559893553622,0.632894654991569,0.00728241953938839,0.0200529496407458
"ENSG00000162069.16","BICDL2"," protein_coding","chr16",472.95784025093,3.66542455733378,0.439480794780497,3.10999788006857e-18,1.48605519756564e-16
"ENSG00000204175.5","GPRIN2"," protein_coding","chr10",236.182208166173,3.66475782006286,0.443125585909356,6.66408301053964e-18,3.04201310382521e-16
"ENSG00000172379.21","ARNT2"," protein_coding","chr15",733.410384133575,3.66416250114623,0.447212659323471,1.03101418773044e-17,4.56352850408334e-16
"ENSG00000162004.18","CCDC78"," protein_coding","chr16",147.845020967302,3.66209981537573,0.639479449369083,3.82501634641579e-10,5.06914592497056e-09
"ENSG00000259129.6","LINC00648"," lncRNA","chr14",1.48297614946679,3.65974994291338,0.966596280446175,0.00210397176506232,0.00685247347198559
"ENSG00000152377.14","SPOCK1"," protein_coding","chr5",341.452739093796,3.65820522759305,0.823508416048015,2.71153869564785e-07,2.16633448954676e-06
"ENSG00000249992.2","TMEM158"," protein_coding","chr3",90.0435277280963,3.65606182469621,0.440718276866602,0.000176277242491765,0.000765837188895188
"ENSG00000117152.14","RGS4"," protein_coding","chr1",2580.62354951754,3.65515415315361,0.919820574694396,2.09468998576957e-06,1.39689099668296e-05
"ENSG00000169862.19","CTNND2"," protein_coding","chr5",999.891765198413,3.65503819615042,0.54944478131852,1.09938071789131e-12,2.23937403353154e-11
"ENSG00000184661.14","CDCA2"," protein_coding","chr8",58.1437944052191,3.65295951498535,0.602545707636583,5.05423960656781e-11,7.77159278249745e-10
"ENSG00000268510.1","IFNL3P1"," unprocessed_pseudogene","chr19",6.11699242115339,3.65187996450988,1.26672499920732,8.20750577623013e-05,0.000387073138216421
"ENSG00000188112.9","C6orf132"," protein_coding","chr6",612.173869948603,3.6513747139871,0.350113193787568,8.03962061996378e-27,1.39587913014121e-24
"ENSG00000237649.8","KIFC1"," protein_coding","chr6",293.779122904868,3.6501568817921,0.447798097687394,1.43968159504014e-17,6.2398324585031e-16
"ENSG00000148346.12","LCN2"," protein_coding","chr9",2367.17365374313,3.64819760680745,0.923836379962539,2.2849193642075e-06,1.50983120051135e-05
"ENSG00000127564.17","PKMYT1"," protein_coding","chr16",207.282049644098,3.64767309875423,0.45712151395471,6.13678918312292e-17,2.39630527018089e-15
"ENSG00000285210.1","LINC02795"," lncRNA","chr1",12.7149818173122,3.64662595835019,0.984190040422432,1.05657715995144e-05,6.09920822850257e-05
"ENSG00000128408.9","RIBC2"," protein_coding","chr22",41.2115628503777,3.64593948052378,0.46784464151893,3.04884817387932e-16,1.04872467433828e-14
"ENSG00000279561.2","AL845472.1"," TEC","chr9",8.7318299711383,3.64588843719827,1.01259147015568,1.59200989522748e-05,8.83006971551442e-05
"ENSG00000198353.8","HOXC4"," protein_coding","chr12",48.6770735717897,3.64464691294415,0.899211935714623,1.55937949802264e-06,1.06873920530598e-05
"ENSG00000152253.9","SPC25"," protein_coding","chr2",73.5356342449714,3.64461342745332,0.518343201394183,8.16118203915822e-14,1.99207965606867e-12
"ENSG00000137843.12","PAK6"," protein_coding","chr15",136.828802268268,3.6443043625117,0.594184593548938,3.34107547639055e-11,5.31964140670502e-10
"ENSG00000197385.6","ZNF860"," protein_coding","chr3",25.9700565557162,3.6412919784307,0.666817930058349,2.24466504970781e-09,2.60152158083645e-08
"ENSG00000162738.6","VANGL2"," protein_coding","chr1",513.010849066565,3.64035862477238,0.628654084626644,2.56583879775517e-10,3.50224388824148e-09
"ENSG00000143320.9","CRABP2"," protein_coding","chr1",298.476780121224,3.63968736865679,0.787145524593192,1.20684813009379e-07,1.02991670879771e-06
"ENSG00000078295.17","ADCY2"," protein_coding","chr5",6.52523288127521,3.6387235803522,0.926972603986121,4.62993176238369e-06,2.87341445908447e-05
"ENSG00000225329.3","LHFPL3-AS2"," lncRNA","chr7",91.6670909556252,3.63315922567461,0.990839335922524,6.73782244005986e-06,4.05144388278924e-05
"ENSG00000232386.9","AC015712.1"," lncRNA","chr15",9.79678654399416,3.63272808362157,0.929976420223486,5.56845138899877e-06,3.39165083661944e-05
"ENSG00000103034.14","NDRG4"," protein_coding","chr16",216.651605579418,3.63198495526383,0.592809318003379,0.000189728152966146,0.000817373281887376
"ENSG00000092969.12","TGFB2"," protein_coding","chr1",765.539285277261,3.63010504424819,0.523495678504294,1.62903513978757e-13,3.77721192308931e-12
"ENSG00000121743.4","GJA3"," protein_coding","chr13",22.0418598552959,3.62872945400616,0.736932264456968,3.93492418647921e-08,3.68941830907786e-07
"ENSG00000116132.12","PRRX1"," protein_coding","chr1",354.511966540678,3.6264880384146,0.719750591533481,1.5905353636737e-08,1.60035619258359e-07
"ENSG00000135451.13","TROAP"," protein_coding","chr12",185.613273249741,3.62612255191491,0.545440830214824,1.13177563119651e-12,2.29414617000494e-11
"ENSG00000154342.6","WNT3A"," protein_coding","chr1",4.32902530524399,3.62234862708839,1.37323723349837,0.000139211415775602,0.000620137108545898
"ENSG00000094804.12","CDC6"," protein_coding","chr17",353.653784048766,3.62002597251596,0.459871035798977,1.44288441632407e-16,5.27412224808981e-15
"ENSG00000005001.10","PRSS22"," protein_coding","chr16",533.629873490888,3.61784070127266,0.562079778824451,4.69092786561338e-12,8.56255787935399e-11
"ENSG00000112984.12","KIF20A"," protein_coding","chr5",217.787710094818,3.61635492758163,0.552991853915817,2.27039048999703e-12,4.37128846222596e-11
"ENSG00000262188.2","LINC01978"," lncRNA","chr17",44.2218414289674,3.61414411020629,0.686753684864017,5.99511599483566e-09,6.48633302868551e-08
"ENSG00000101443.18","WFDC2"," protein_coding","chr20",719.03515891382,3.61410538612114,0.829855344365694,4.07326170068539e-07,3.13325344270285e-06
"ENSG00000229167.2","AC114488.1"," lncRNA","chr1",14.8960524892525,3.61190435067151,0.788969324478819,2.52765049448588e-07,2.03390447651472e-06
"ENSG00000271788.1","AC008875.1"," lncRNA","chr5",6.72091727063552,3.61189908056474,0.961254017451752,7.48500181965719e-06,4.45389673760874e-05
"ENSG00000166257.9","SCN3B"," protein_coding","chr11",80.7843352782851,3.60808164264202,0.720732404611285,1.97593780284652e-08,1.95509259739586e-07
"ENSG00000136155.17","SCEL"," protein_coding","chr13",36.8226819736962,3.60638445536629,1.29439317275169,0.000119811092549771,0.000542919024170308
"ENSG00000154127.10","UBASH3B"," protein_coding","chr11",849.368478547021,3.60631441522772,0.575702225124371,1.41953004575979e-11,2.42000420249955e-10
"ENSG00000260420.3","LINC02182"," lncRNA","chr16",6.16014730042753,3.60564052179493,1.31131838206163,0.000120571819820881,0.000545857428582226
"ENSG00000146410.12","MTFR2"," protein_coding","chr6",40.7728822648976,3.60461215411042,0.613106333147211,1.6465608093001e-10,2.31351311399203e-09
"ENSG00000170837.3","GPR27"," protein_coding","chr3",91.5767487124862,3.60108352820292,0.726171407163049,2.37792797908499e-08,2.32134475307665e-07
"ENSG00000136193.17","SCRN1"," protein_coding","chr7",2184.24552849425,3.60072678249556,0.301415171310877,2.90738460766456e-34,1.30470002493796e-31
"ENSG00000159263.16","SIM2"," protein_coding","chr21",37.491658692016,3.60045738792306,1.28064787913094,9.96960853745254e-05,0.000461226822250521
"ENSG00000201684.1","RN7SKP239"," misc_RNA","chr11",2.67456365260745,3.59916906104179,1.55676781612666,0.00027582613086327,0.00113750493583355
"ENSG00000198216.12","CACNA1E"," protein_coding","chr1",7.56294196937431,3.59826866522613,0.838321301684267,0.00449553682337353,0.0132803639458155
"ENSG00000188766.12","SPRED3"," protein_coding","chr19",79.2427515471197,3.5962165864769,0.5483093694453,2.1076677026295e-12,4.09584005449699e-11
"ENSG00000276966.2","H4C5"," protein_coding","chr6",20.9498751064115,3.59364477773734,0.649852033872393,1.71368105663096e-09,2.03279230341067e-08
"ENSG00000114346.14","ECT2"," protein_coding","chr3",676.478412972259,3.58663664848184,0.434240523189379,5.69353380039659e-18,2.63192848532121e-16
"ENSG00000245694.10","CRNDE"," lncRNA","chr16",188.164740771797,3.582888764287,0.440582744422676,1.62200751528181e-17,6.95769664900809e-16
"ENSG00000115008.6","IL1A"," protein_coding","chr2",9.33494996067453,3.57791149599886,1.18304660367764,8.61001021969593e-05,0.000403965559109395
"ENSG00000134690.11","CDCA8"," protein_coding","chr1",235.938329268963,3.57229680449166,0.480414086742677,4.21211230216734e-15,1.25755479776785e-13
"ENSG00000186603.6","HPDL"," protein_coding","chr1",28.5885242180489,3.5711837908151,0.708088155167797,2.12357491072314e-08,2.09053515257791e-07
"ENSG00000285043.2","AC093512.2"," protein_coding","chr16",20.6211542416836,3.56939161760891,0.485917561685359,2.02418677516508e-14,5.47713395591746e-13
"ENSG00000275713.2","H2BC9"," protein_coding","chr6",6.01064399972623,3.5671739213672,1.2609266247043,8.17657561268294e-05,0.000385863992956396
"ENSG00000232560.7","LINC01549"," lncRNA","chr21",5.7285373197549,3.56644809228711,0.593686669213931,0.000212141162641729,0.000902822523066324
"ENSG00000183742.13","MACC1"," protein_coding","chr7",617.610760604657,3.56101967512785,0.492864930443923,1.99401827578022e-14,5.41055991499845e-13
"ENSG00000181751.10","MACIR"," protein_coding","chr5",362.544449329519,3.56013060098803,0.504160978853348,6.49629389968725e-14,1.6044910817949e-12
"ENSG00000185101.13","ANO9"," protein_coding","chr11",804.022996818715,3.5552834521704,0.388667499502947,2.37220355549209e-21,1.78797947054648e-19
"ENSG00000236780.7","LINC01829"," lncRNA","chr2",12.3233888491056,3.55422392666506,0.721869199745402,6.89777955392088e-08,6.15918866613209e-07
"ENSG00000144407.9","PTH2R"," protein_coding","chr2",159.509357927476,3.55357044774949,1.15472510294691,4.79121532617938e-05,0.000239019941592828
"ENSG00000112742.10","TTK"," protein_coding","chr6",91.746766170969,3.54879061943945,0.561109607777719,9.66627641239803e-12,1.68432268024635e-10
"ENSG00000115339.14","GALNT3"," protein_coding","chr2",1023.76531853129,3.54703713031385,0.592788381446801,7.90335423962522e-11,1.16843862045427e-09
"ENSG00000146038.12","DCDC2"," protein_coding","chr6",3637.19893268623,3.54654640789023,0.514305209932316,1.95938975444215e-13,4.51448971147891e-12
"ENSG00000100739.11","BDKRB1"," protein_coding","chr14",30.4712930465203,3.54537016812793,0.669995707659243,5.70484906863675e-09,6.18604990643365e-08
"ENSG00000229953.1","AL590666.2"," lncRNA","chr1",32.9248231594062,3.54522743695737,0.611645213807648,3.24226474722887e-10,4.35221446902526e-09
"ENSG00000168032.10","ENTPD3"," protein_coding","chr3",49.0699722058602,3.54471828660911,0.964947643048714,6.85443293852538e-06,4.11477576422817e-05
"ENSG00000273802.2","H2BC8"," protein_coding","chr6",118.47088357037,3.54427219004203,0.604966115357482,1.71395426335675e-10,2.39780968382988e-09
"ENSG00000064195.7","DLX3"," protein_coding","chr17",17.2006932416346,3.54378519002111,1.25545737505679,0.000118819474260387,0.000539179409567707
"ENSG00000235026.6","DPP10-AS1"," lncRNA","chr2",82.8843644321532,3.54345339832719,0.638413403593273,1.05177316949692e-09,1.28958266418898e-08
"ENSG00000214491.8","SEC14L6"," protein_coding","chr22",315.003475018427,3.54210016824498,0.519988517857034,3.77895397423788e-13,8.26299163977097e-12
"ENSG00000158106.14","RHPN1"," protein_coding","chr8",884.250893850976,3.54150813671785,0.401883970499169,5.02557317656248e-20,3.12560648160237e-18
"ENSG00000165188.13","RNF183"," protein_coding","chr9",14.0326896368166,3.53886920172236,0.965810409044077,9.95998090044109e-06,5.78499965919885e-05
"ENSG00000038427.16","VCAN"," protein_coding","chr5",2662.58700957497,3.53803144974891,0.488283118580099,1.82024361108762e-14,4.96676201045975e-13
"ENSG00000132639.13","SNAP25"," protein_coding","chr20",811.847569443891,3.52525079722316,0.503399875335999,1.00438554124044e-13,2.42323588523097e-12
"ENSG00000060140.9","STYK1"," protein_coding","chr12",68.2071751497175,3.52004287961677,0.929768802258004,4.31909410822733e-06,2.70235212447197e-05
"ENSG00000178882.15","RFLNA"," protein_coding","chr12",23.7475452685464,3.51967698523572,0.772089534082727,0.00455379363543762,0.0134225552295958
"ENSG00000215045.8","GRID2IP"," protein_coding","chr7",34.2163097387155,3.51637184813064,0.542147914766101,4.52897962110808e-12,8.29289432317023e-11
"ENSG00000115112.8","TFCP2L1"," protein_coding","chr2",288.455385670035,3.5139469303623,0.592504388582611,1.11515445915972e-10,1.61830549349402e-09
"ENSG00000253616.5","AC107959.3"," lncRNA","chr8",23.5676749345603,3.51305321009455,0.781021945834223,2.83141554673931e-07,2.2491710262211e-06
"ENSG00000101412.13","E2F1"," protein_coding","chr20",377.948709245719,3.5094130284242,0.430905852844516,1.50637244789215e-17,6.49990797819026e-16
"ENSG00000242866.10","STRC"," protein_coding","chr15",13.5390537705118,3.50802170761878,0.953706423498651,9.91383488160718e-06,5.7616387659215e-05
"ENSG00000128591.16","FLNC"," protein_coding","chr7",353.579602719901,3.50629672649709,0.518084139937683,8.90347949289877e-05,0.000416328299660731
"ENSG00000104783.14","KCNN4"," protein_coding","chr19",258.550109143193,3.50617709378278,0.841837104402191,9.41055346319978e-07,6.73941649811132e-06
"ENSG00000113758.13","DBN1"," protein_coding","chr5",2878.05272292213,3.5058653228195,0.514903511735444,4.0171388895038e-13,8.75754291987567e-12
"ENSG00000234425.1","AL138930.1"," lncRNA","chr1",26.9467221642831,3.50579025903314,1.42011971658311,0.000270703103730639,0.0011189087193877
"ENSG00000272808.4","AC015712.6"," lncRNA","chr15",34.5876258201909,3.50254879931481,1.01441729674071,1.42701682821049e-05,7.99705165457669e-05
"ENSG00000168334.9","XIRP1"," protein_coding","chr3",19.7823746892863,3.5023901968826,1.07964046440149,3.45940274792294e-05,0.000178281481897816
"ENSG00000105173.14","CCNE1"," protein_coding","chr19",151.932254523423,3.50123370568577,0.507670958783952,2.08482970790056e-13,4.76959982350992e-12
"ENSG00000140534.14","TICRR"," protein_coding","chr15",66.7577102004643,3.49871549749947,0.562931481938456,2.15633341433705e-11,3.54755157150578e-10
"ENSG00000163191.6","S100A11"," protein_coding","chr1",8955.36619453519,3.49567810178886,0.415290481451474,1.83242531220629e-18,9.10562417917297e-17
"ENSG00000143816.8","WNT9A"," protein_coding","chr1",220.649726234374,3.49408382419585,0.579958382210872,6.17605941298353e-11,9.36814753080169e-10
"ENSG00000228033.6","AC010967.1"," lncRNA","chr2",6.33428783284421,3.49404840028753,0.993188077372263,1.91560337600077e-05,0.000104522885689957
"ENSG00000285155.1","AC092153.1"," lncRNA","chr2",2.61911343143021,3.49330946542305,1.6494984102864,0.000637534355394961,0.00239241471922239
"ENSG00000230453.9","ANKRD18B"," protein_coding","chr9",39.358164817297,3.49322627456376,0.842223769426065,1.1436033351991e-06,8.04189143790323e-06
"ENSG00000229950.1","TFAP2A-AS1"," lncRNA","chr6",8.67234250819434,3.48904012540144,0.887075781416183,5.82596002027167e-06,3.53741523379068e-05
"ENSG00000267711.1","AC060766.6"," lncRNA","chr17",2.70126693555157,3.48279709260035,1.67693544811268,0.000665273617818204,0.00248469465219476
"ENSG00000236699.9","ARHGEF38"," protein_coding","chr4",145.893409839349,3.48047562938142,0.527679546958005,1.72687454867271e-12,3.40345971015096e-11
"ENSG00000223855.2","HRAT92"," lncRNA","chr7",96.3607796566189,3.47915779026516,0.730133586962922,6.37305044239701e-08,5.72338387790266e-07
"ENSG00000203780.12","FANK1"," protein_coding","chr10",67.4247601134809,3.47880811804128,0.499433272395462,1.40982211672517e-13,3.31103875384512e-12
"ENSG00000130822.16","PNCK"," protein_coding","chrX",12.2390971875913,3.47869018075316,0.921411067461226,6.48771549905543e-06,3.91477396342466e-05
"ENSG00000081800.9","SLC13A1"," protein_coding","chr7",6.70410997276625,3.47631775483531,1.09441168552892,5.25374649513055e-05,0.000259563908395093
"ENSG00000077152.11","UBE2T"," protein_coding","chr1",203.76249658451,3.47608656492911,0.478849669972103,1.57530969569415e-14,4.33901874539214e-13
"ENSG00000070808.16","CAMK2A"," protein_coding","chr5",8.60900617649758,3.47551551647024,0.505755324338306,0.00880723834595521,0.0236337015007514
"ENSG00000235023.1","AP001626.1"," lncRNA","chr21",8.35797192429316,3.47244295621336,0.836302729522271,2.74735174398735e-06,1.78321101513946e-05
"ENSG00000197415.12","VEPH1"," protein_coding","chr3",542.165520741805,3.47057788462137,0.514299854648019,5.77887964318225e-13,1.22681324826771e-11
"ENSG00000226562.4","CYP4F26P"," lncRNA","chr9",51.3240117208206,3.47042388426064,0.914702337801314,4.50714584051232e-06,2.80617822413381e-05
"ENSG00000157064.11","NMNAT2"," protein_coding","chr1",62.9522744018584,3.46283703038296,0.712848356556263,4.13352997086434e-08,3.85703569162322e-07
"ENSG00000102174.9","PHEX"," protein_coding","chrX",36.7987720451631,3.46202684102674,0.579141057439147,1.09615544220449e-10,1.59152603751432e-09
"ENSG00000214691.9","LINC01913"," lncRNA","chr2",2.48127066119488,3.46040679803846,1.54502593269136,0.000340819043747601,0.00137273552707453
"ENSG00000134827.8","TCN1"," protein_coding","chr11",73.6468808117908,3.45979742855049,0.995909576417653,0.00468430728090053,0.0137599757378235
"ENSG00000184160.8","ADRA2C"," protein_coding","chr4",309.057954030075,3.45926761319548,0.617625459151176,7.58856481964902e-10,9.56572373484625e-09
"ENSG00000249856.1","AC116337.3"," lncRNA","chr5",11.347923595685,3.45358132469699,1.10714554660036,6.36278498734781e-05,0.00030727827035753
"ENSG00000235269.2","LINC02331"," lncRNA","chr14",301.679124932217,3.45292084443671,0.556173568719379,2.07093036221281e-11,3.43026506163461e-10
"ENSG00000163040.15","CCDC74A"," protein_coding","chr2",258.801353267978,3.45285173365823,0.485099730261834,4.34487550972785e-14,1.11171643634431e-12
"ENSG00000113739.10","STC2"," protein_coding","chr5",284.459719247129,3.45036780404939,0.610225993467209,5.63316076845738e-10,7.26408781852932e-09
"ENSG00000282988.2","AL031777.2"," protein_coding","chr6",3.65456257063016,3.44831289200805,1.16966971810765,2.76920514948931e-05,0.000145724237787216
"ENSG00000145386.11","CCNA2"," protein_coding","chr4",217.727253696606,3.44331430147968,0.569331246655486,5.39475378992419e-11,8.24303684118904e-10
"ENSG00000137460.9","FHDC1"," protein_coding","chr4",125.250062762436,3.44293060518465,0.526337918572868,2.4980835500117e-12,4.78173954939182e-11
"ENSG00000184156.17","KCNQ3"," protein_coding","chr8",50.3766622794059,3.44182809486911,0.677706724190525,1.40193678818764e-08,1.42584010371845e-07
"ENSG00000166578.10","IQCD"," protein_coding","chr12",71.5339434584013,3.44065928664535,0.532885097540752,4.14020160818982e-12,7.65792902405129e-11
"ENSG00000138119.17","MYOF"," protein_coding","chr10",2884.58528546391,3.43975261840184,0.360149282288473,4.73886360225314e-23,4.68569194624142e-21
"ENSG00000180914.10","OXTR"," protein_coding","chr3",289.257566118378,3.4388939280623,0.757032054554846,1.80152911300592e-07,1.49626431370358e-06
"ENSG00000268655.2","AC008687.4"," protein_coding","chr19",4.62868216519951,3.43799349725389,1.01890162295994,1.53959906332561e-05,8.57852246000853e-05
"ENSG00000166920.13","C15orf48"," protein_coding","chr15",59.586798224377,3.43605151450196,0.686211063652006,1.99783284912422e-08,1.97407812927183e-07
"ENSG00000260230.5","FRRS1L"," protein_coding","chr9",1.85344124481743,3.43600790295943,0.752993739656024,0.012449505847071,0.0317457501576374
"ENSG00000116983.13","HPCAL4"," protein_coding","chr1",16.946967195665,3.43533032200282,1.15196229872692,7.68543115214763e-05,0.00036475161288154
"ENSG00000167183.3","PRR15L"," protein_coding","chr17",818.156169926209,3.43118510575568,0.601501935953299,4.38019418415514e-10,5.7630078555535e-09
"ENSG00000255624.3","C10orf88B"," transcribed_processed_pseudogene","chr10",12.7180459323751,3.42985609318943,0.684583322827312,3.90406223453453e-08,3.6645461348294e-07
"ENSG00000167608.12","TMC4"," protein_coding","chr19",3400.9038180025,3.4284398932565,0.535253182266954,5.51054389274646e-12,9.9404486584738e-11
"ENSG00000049089.15","COL9A2"," protein_coding","chr1",575.92710812,3.42744191269991,0.755098294502518,1.85483878112708e-07,1.53398901068034e-06
"ENSG00000135324.6","MRAP2"," protein_coding","chr6",66.5387602060003,3.42665313566161,0.688127452586005,2.2518080854543e-08,2.20412718270525e-07
"ENSG00000041982.16","TNC"," protein_coding","chr9",6959.49336886665,3.42342334634559,0.719044381648369,6.66352906304966e-08,5.96222328957348e-07
"ENSG00000123473.16","STIL"," protein_coding","chr1",273.23409305208,3.42016376203865,0.419573767856626,1.48787422081829e-17,6.42960046622945e-16
"ENSG00000204580.13","DDR1"," protein_coding","chr6",5331.6922363961,3.41984360728652,0.340057624780966,4.71092293091927e-25,6.36170884129556e-23
"ENSG00000068489.13","PRR11"," protein_coding","chr17",374.829228525202,3.4193137135493,0.553031176679096,2.34780129739821e-11,3.83228964990534e-10
"ENSG00000172139.15","SLC9C1"," protein_coding","chr3",9.47516673945727,3.41850064887129,0.874079531162377,5.85075862833125e-06,3.55173316191039e-05
"ENSG00000170577.8","SIX2"," protein_coding","chr2",54.484196714847,3.41497699207222,1.08090840434929,3.69046284637775e-05,0.000188722143699145
"ENSG00000281091.3","AL117327.1"," lncRNA","chrX",9.19859468908625,3.413889838965,0.754120984785323,4.8746961877896e-07,3.69708822417147e-06
"ENSG00000285933.1","AP003498.2"," lncRNA","chr11",27.0260451666596,3.4137810156763,1.02945085136217,2.60873145054467e-05,0.00013815193841855
"ENSG00000275484.1","AP003419.3"," lncRNA","chr11",15.5815377462052,3.41090773870621,0.7266570037512,1.33822088443479e-07,1.13439595983954e-06
"ENSG00000264772.6","AC016876.2"," lncRNA","chr17",2.09650490413669,3.41062949269347,1.3268680377517,4.87582129154786e-05,0.000242866856648155
"ENSG00000184368.16","MAP7D2"," protein_coding","chrX",129.495403981703,3.41015428980539,0.639359909536379,3.49859837753911e-09,3.9341023930007e-08
"ENSG00000256663.1","AC112777.1"," processed_pseudogene","chr12",7.04469214791934,3.40294977823065,0.90281184196258,1.12057371389722e-05,6.42540095550774e-05
"ENSG00000281398.4","SNHG4"," lncRNA","chr5",161.979206346283,3.40119584711957,0.527692159471461,4.34164000557557e-12,8.00008195341970e-11
"ENSG00000231359.3","AC072052.1"," processed_pseudogene","chr7",15.8716108662361,3.40068532882991,0.774747053396874,5.12056504439e-07,3.86647066476345e-06
"ENSG00000250986.1","LINC02600"," lncRNA","chr4",62.4140396777005,3.39752012397291,0.76266117631838,2.76045870841554e-07,2.19819328598888e-06
"ENSG00000287778.1","AC006230.1"," lncRNA","chr4",63.0510861627211,3.39746149160509,0.435442662400638,2.78282509974179e-16,9.66336015885336e-15
"ENSG00000224376.1","AC017104.1"," lncRNA","chr2",42.6352211394548,3.39720115647081,0.641934267344955,5.23563169554438e-09,5.70695593898857e-08
"ENSG00000186193.9","SAPCD2"," protein_coding","chr9",84.6770616907828,3.39605185701723,0.513977401730373,1.56471853611298e-12,3.10484863808703e-11
"ENSG00000138798.13","EGF"," protein_coding","chr4",13.9809245557104,3.39599924041396,1.33180144882722,0.000265656588470928,0.00109976398369408
"ENSG00000232527.8","LINC02802"," lncRNA","chr1",6.69654142163184,3.39487860697469,1.28600124278004,0.000290397350455087,0.00119069444973636
"ENSG00000185519.9","FAM131C"," protein_coding","chr1",48.9197630592393,3.39199290026205,0.856600733285118,2.26483890644931e-06,1.49904892358112e-05
"ENSG00000164400.6","CSF2"," protein_coding","chr5",3.99292865082021,3.39017032295662,1.46668568753207,0.000384019492974186,0.00152882567605786
"ENSG00000150873.12","C2orf50"," protein_coding","chr2",26.9422016271428,3.38965194742835,0.541535563897581,2.1343811888831e-11,3.51683986960878e-10
"ENSG00000051341.14","POLQ"," protein_coding","chr3",84.110233346358,3.38898771010856,0.533755257706023,8.33808992455671e-12,1.46514304222527e-10
"ENSG00000196260.5","SFTA2"," protein_coding","chr6",87.3357511027295,3.38770058646354,0.939644604654062,8.89483284601728e-06,5.22249153151123e-05
"ENSG00000265912.1","AC037487.1"," lncRNA","chr17",2.94208059266237,3.38620932288211,0.739169783557842,0.00426989571871357,0.0127127345486209
"ENSG00000133640.20","LRRIQ1"," protein_coding","chr12",28.3296184808196,3.38558761132307,1.07640839915948,4.69766075988331e-05,0.000235036135000062
"ENSG00000135749.19","PCNX2"," protein_coding","chr1",545.861766200032,3.38482954797126,0.348761630874846,1.23107838706334e-23,1.32639736948334e-21
"ENSG00000138778.13","CENPE"," protein_coding","chr4",161.142586107456,3.38429994571134,0.526486215604249,5.74068566374644e-12,1.0330046892401e-10
"ENSG00000119514.7","GALNT12"," protein_coding","chr9",136.038174098456,3.38142221792795,0.402679781600893,1.87861136116892e-18,9.31925421665584e-17
"ENSG00000273162.1","AL133215.2"," lncRNA","chr10",4.47882519961187,3.38111345501496,1.03229614533758,2.42401635797929e-05,0.000129143622184288
"ENSG00000236751.2","LINC01186"," lncRNA","chrX",16.187595864353,3.37876128238995,0.720211108618672,1.41355884195994e-07,1.19236835919981e-06
"ENSG00000260027.5","HOXB7"," protein_coding","chr17",156.893153284865,3.37815424977277,0.86047908867849,2.50048541964247e-06,1.63939445281077e-05
"ENSG00000233818.1","AP000695.2"," lncRNA","chr21",15.8838487967253,3.37793614526134,0.935093931137033,1.03710784757859e-05,5.99631294470164e-05
"ENSG00000251320.1","AC011352.3"," lncRNA","chr5",5.10940406490782,3.3765147437453,1.21008108771704,0.000107467966469167,0.000493736511882048
"ENSG00000134028.14","ADAMDEC1"," protein_coding","chr8",58.5974434792965,3.37625767126287,0.624430935179695,2.52355092811478e-09,2.89686961913341e-08
"ENSG00000138772.13","ANXA3"," protein_coding","chr4",1152.62228907918,3.37376592799148,0.343466621600694,4.01111456404961e-24,4.68000802875053e-22
"ENSG00000135638.14","EMX1"," protein_coding","chr2",47.490532368291,3.37369821425301,0.919885128360909,7.14623697452234e-06,4.26973753195088e-05
"ENSG00000257219.6","LNCOG"," lncRNA","chr12",5.39434857341819,3.36592496324237,0.696210395046261,0.0163591306150026,0.0400370025763152
"ENSG00000171848.16","RRM2"," protein_coding","chr2",540.046056035649,3.36382284911619,0.423974041097436,8.87029760434158e-17,3.35152475156787e-15
"ENSG00000138131.4","LOXL4"," protein_coding","chr10",1808.26983761428,3.36364655903645,0.600912419863375,8.24693306561394e-10,1.03375500898536e-08
"ENSG00000180316.12","PNPLA1"," protein_coding","chr6",4.18459604782934,3.36002501262174,1.49510098672645,0.000371958128889089,0.00148503239276839
"ENSG00000112852.7","PCDHB2"," protein_coding","chr5",27.7382650673399,3.35929692688801,0.73827570213454,0.000351762294104548,0.00141205026883768
"ENSG00000086991.13","NOX4"," protein_coding","chr11",73.0549281625444,3.35853139429747,0.577163253262578,2.14407758636003e-10,2.96120260968446e-09
"ENSG00000172927.8","MYEOV"," protein_coding","chr11",416.842766528772,3.35559997328237,0.988168170937706,1.78710054886993e-05,9.81139392245189e-05
"ENSG00000154760.14","SLFN13"," protein_coding","chr17",1191.26971832856,3.3555869013193,0.401128526123633,2.46304362820972e-18,1.20141337109112e-16
"ENSG00000121075.11","TBX4"," protein_coding","chr17",3.54917731626284,3.35303692169117,1.34006495046484,0.000234141853230087,0.000986378353100577
"ENSG00000272398.6","CD24"," protein_coding","chr6",7887.74222626134,3.35081940928263,0.427228147689515,2.14072433825359e-16,7.55965959110399e-15
"ENSG00000156510.13","HKDC1"," protein_coding","chr10",1974.76222584473,3.35038590046658,0.592737406766826,6.12529995377746e-10,7.85703053437708e-09
"ENSG00000116299.17","ELAPOR1"," protein_coding","chr1",43.9895357668955,3.34270760080162,0.399728991193201,2.168554296543e-07,1.7688635423899e-06
"ENSG00000135625.8","EGR4"," protein_coding","chr2",13.8239345098247,3.34148350030252,0.893081862089958,6.91913181985588e-06,4.15105216070293e-05
"ENSG00000164176.13","EDIL3"," protein_coding","chr5",333.966735153556,3.34100026301262,0.599766701249761,9.43534946631068e-10,1.16717433665316e-08
"ENSG00000259337.4","IGHV1OR15-2"," IG_V_pseudogene","chr15",13.1150546888621,3.33946494656514,1.47270474586912,0.0132125397206268,0.0333994775206658
"ENSG00000010310.9","GIPR"," protein_coding","chr19",156.874449521528,3.33941605641462,0.69166377410478,4.59990056500416e-08,4.2460284677407e-07
"ENSG00000132749.11","TESMIN"," protein_coding","chr11",149.553099240801,3.33917904363573,0.300379578832144,4.59300203423648e-30,1.18560421536853e-27
"ENSG00000142235.12","LMTK3"," protein_coding","chr19",199.7938747771,3.33003168196792,0.47726024670266,1.17568938888347e-13,2.79492125381759e-12
"ENSG00000176092.16","CRYBG2"," protein_coding","chr1",100.849551221277,3.32919031507975,0.472983290791805,8.37641496317219e-14,2.04290675636095e-12
"ENSG00000179846.10","NKPD1"," protein_coding","chr19",13.6218855643649,3.32644666110441,0.723771691491019,2.23562747399615e-07,1.81696901055987e-06
"ENSG00000156076.10","WIF1"," protein_coding","chr12",20.5205871113674,3.32493383072355,1.47002216423822,0.000409920241573782,0.00161864945532228
"ENSG00000026508.20","CD44"," protein_coding","chr11",6745.05476964628,3.32380759677016,0.52088356775209,7.30211700220474e-12,1.29796130918531e-10
"ENSG00000182580.3","EPHB3"," protein_coding","chr3",182.335633629907,3.32184087493711,0.595855828927797,0.00530193698291212,0.015306037198591
"ENSG00000278530.4","CHMP1B2P"," transcribed_unitary_pseudogene","chrX",39.7077758076611,3.31897432077151,1.0128281046689,2.88084868995258e-05,0.000151081401361429
"ENSG00000100526.20","CDKN3"," protein_coding","chr14",116.626797300264,3.31813091866866,0.502138646910133,1.46765218713035e-12,2.92018735650786e-11
"ENSG00000198643.7","FAM3D"," protein_coding","chr3",38.3479651005692,3.31774480323072,1.17302817444717,0.000110084386175435,0.000503931490952805
"ENSG00000100218.12","RSPH14"," protein_coding","chr22",51.0529348193527,3.31754422936678,0.644129359162964,1.00097531912818e-08,1.0465035513853e-07
"ENSG00000183760.11","ACP7"," protein_coding","chr19",27.3227858975298,3.31306692016849,1.51237044752098,0.000473961897176238,0.00184235002381845
"ENSG00000144119.4","C1QL2"," protein_coding","chr2",1.0767757621359,3.30899619609111,0.946320834087601,0.00781475275815705,0.0213163472744716
"ENSG00000275395.6","FCGBP"," protein_coding","chr19",1633.38854321664,3.30621273597361,0.642743049724109,9.70008109704676e-09,1.01777577525092e-07
"ENSG00000117122.14","MFAP2"," protein_coding","chr1",215.700110848095,3.30321707497932,0.622430946780462,3.95348810762533e-09,4.40654545706241e-08
"ENSG00000134873.10","CLDN10"," protein_coding","chr13",1379.49973956221,3.30237817734044,0.507871616774083,3.1051838160462e-12,5.86246645503247e-11
"ENSG00000102007.11","PLP2"," protein_coding","chrX",1719.46598277848,3.30101118223745,0.443031377223004,3.83062321919611e-15,1.15072552709301e-13
"ENSG00000243566.7","UPK3B"," protein_coding","chr7",61.5780805806572,3.29638431158482,0.623888804478955,0.0128343429432094,0.0325704671402883
"ENSG00000205795.4","CYS1"," protein_coding","chr2",1478.07537985288,3.29378585611996,0.789329372455619,9.63501773617771e-07,6.8907121988685e-06
"ENSG00000215478.8","CES5AP1"," transcribed_unprocessed_pseudogene","chr22",5.28895464937393,3.29371853989864,1.34646896382103,0.000284281224245467,0.00116856500834278
"ENSG00000230131.6","LINC02641"," lncRNA","chr10",2.07824472553255,3.29353024565557,1.43556423021814,0.00024465769209727,0.00102387664573677
"ENSG00000171847.11","FAM90A1"," protein_coding","chr12",34.8335624437037,3.29125730149934,0.731377109521536,2.6054487919035e-07,2.08844011571952e-06
"ENSG00000259867.6","AC105411.1"," lncRNA","chr16",37.9392707862764,3.29115210766755,0.739078645286842,3.09591090040394e-07,2.43277545942571e-06
"ENSG00000213085.10","CFAP45"," protein_coding","chr1",28.3627772130324,3.29073775762123,0.56565811163325,2.63051556910673e-10,3.57880170873481e-09
"ENSG00000128578.10","STRIP2"," protein_coding","chr7",103.960707482809,3.28924984570614,0.703858698222093,1.03821057183497e-07,8.97556732953589e-07
"ENSG00000105409.19","ATP1A3"," protein_coding","chr19",11.7795578062125,3.28865986949051,0.886634453084106,8.89890168145358e-06,5.2238290027434e-05
"ENSG00000227014.6","FKBP14-AS1"," lncRNA","chr7",7.65757845952029,3.28740274986518,0.813415757032905,3.78228729408734e-06,2.39162232996388e-05
"ENSG00000277373.1","AL132765.2"," lncRNA","chr20",2.29961149226084,3.28517413441092,1.55803882715395,0.00052554891231093,0.00201988690399356
"ENSG00000133863.9","TEX15"," protein_coding","chr8",23.4862959567351,3.28466903877087,1.01303520513282,3.41149501273962e-05,0.000176030245934198
"ENSG00000174599.5","TRAM1L1"," protein_coding","chr4",43.8318143177098,3.28420162756439,0.607493809837975,2.62125150801791e-09,2.99722795912875e-08
"ENSG00000286447.1","AC109782.1"," lncRNA","chr3",14.9471871096591,3.2834513420398,1.06921793196172,6.973214923428e-05,0.000334322330870269
"ENSG00000145040.4","UCN2"," protein_coding","chr3",6.43746549670906,3.28337033989593,1.26536820975735,0.000284272788945358,0.00116856500834278
"ENSG00000196611.5","MMP1"," protein_coding","chr11",64.0649947998526,3.28332590642068,0.860125482323351,4.15131453691265e-06,2.60576057084582e-05
"ENSG00000002079.14","MYH16"," transcribed_unitary_pseudogene","chr7",13.1928870134347,3.2824575687915,0.781862603757052,1.39345971191767e-06,9.6281057144058e-06
"ENSG00000188761.13","BCL2L15"," protein_coding","chr1",107.274277371024,3.2814597609609,0.86486864730617,4.40698146294612e-06,2.75140327888119e-05
"ENSG00000117322.18","CR2"," protein_coding","chr1",28.2729245974409,3.27953892575853,1.37813539643417,0.000325258360016145,0.00131733700406983
"ENSG00000248409.2","AP000344.2"," unprocessed_pseudogene","chr22",14.2515749985089,3.27669375944998,1.10984565762148,9.59785226510783e-05,0.000445370271589135
"ENSG00000105427.10","CNFN"," protein_coding","chr19",36.3059447256518,3.27534660491005,0.673304680445746,4.60436359080146e-08,4.2488035931695e-07
"ENSG00000091651.9","ORC6"," protein_coding","chr16",117.728393303477,3.27329579054117,0.486906897602412,6.7729196685855e-13,1.42128988354655e-11
"ENSG00000023171.18","GRAMD1B"," protein_coding","chr11",1164.87796621996,3.27274884835706,0.498606775789259,2.16054398078544e-12,4.18743570601531e-11
"ENSG00000122861.16","PLAU"," protein_coding","chr10",827.886446064703,3.26949800010622,0.706500525740404,1.25809147677325e-07,1.06957943124451e-06
"ENSG00000272473.1","AC006273.1"," lncRNA","chr19",16.4053348544622,3.26771271757853,0.994872562385809,3.22925011126861e-05,0.000167634804227788
"ENSG00000183873.18","SCN5A"," protein_coding","chr3",9.85797068822215,3.26735519549134,0.878397987053739,0.00328731992605381,0.0101297100066621
"ENSG00000248265.2","FLJ12825"," lncRNA","chr12",10.8403783218865,3.26698244455499,0.999308368691717,4.18678925047128e-05,0.000211397707541971
"ENSG00000129673.10","AANAT"," protein_coding","chr17",10.4008625378199,3.26679895324327,0.859804023070923,6.56108332393101e-06,3.95577179569541e-05
"ENSG00000127585.12","FBXL16"," protein_coding","chr16",165.839660551385,3.26291895309222,0.646124062091325,1.52625745444829e-08,1.54259888041588e-07
"ENSG00000146049.2","KAAG1"," protein_coding","chr6",23.7912809461445,3.26282214265716,0.663560432688334,3.91090615478601e-08,3.66925769150701e-07
"ENSG00000198648.11","STK39"," protein_coding","chr2",704.297722811339,3.26172313229237,0.350331423742994,5.23616969896445e-22,4.36382382711697e-20
"ENSG00000198753.12","PLXNB3"," protein_coding","chrX",419.872912231265,3.2616206006293,0.580314152342737,6.97804401293829e-10,8.84967677449552e-09
"ENSG00000185133.14","INPP5J"," protein_coding","chr22",93.9004504430862,3.26039967750632,0.437143688418564,3.87856091280579e-15,1.16392739985218e-13
"ENSG00000286546.1","AL079338.1"," lncRNA","chr20",34.1584986791089,3.25876364273195,1.28342056868528,0.000229972016767139,0.000970213155493301
"ENSG00000181577.16","C6orf223"," lncRNA","chr6",313.759689626566,3.25856273997701,0.93322806045731,1.31160389441116e-05,7.4143748054417e-05
"ENSG00000137273.6","FOXF2"," protein_coding","chr6",48.7553428852574,3.25789814898297,0.590613830620604,1.36783590182234e-09,1.64597382096764e-08
"ENSG00000096433.11","ITPR3"," protein_coding","chr6",1620.93747627659,3.25710033276694,0.425561659911614,8.70193039880869e-16,2.80781645799614e-14
"ENSG00000228127.3","LINC01649"," lncRNA","chr1",2.34454017262887,3.25593390492681,1.66320834746869,0.000947326207373294,0.00340722048617406
"ENSG00000232977.7","LINC00327"," lncRNA","chr13",8.88959594300747,3.25436854400665,0.887455944099462,1.32126410245505e-05,7.46464315407931e-05
"ENSG00000182240.16","BACE2"," protein_coding","chr21",3303.14264693212,3.25243770473246,0.335070783854553,1.26635040744563e-23,1.35802114098461e-21
"ENSG00000158014.15","SLC30A2"," protein_coding","chr1",124.12857293812,3.25207604932008,0.985045180188562,2.52580958145154e-05,0.000134077051285459
"ENSG00000167972.14","ABCA3"," protein_coding","chr16",899.210732511966,3.25091173879004,0.332369652333523,5.84873099561048e-24,6.63819589147713e-22
"ENSG00000108576.10","SLC6A4"," protein_coding","chr17",38.8886386956229,3.24929711017037,0.925732913570008,1.26729924630057e-05,7.18201898491188e-05
"ENSG00000133134.12","BEX2"," protein_coding","chrX",246.822027174259,3.24854031850121,0.376084830646049,2.43700208039076e-19,1.38297497437584e-17
"ENSG00000111732.11","AICDA"," protein_coding","chr12",2.3821436776235,3.2482223249177,1.70641241811236,0.00118374630893929,0.00414460401937946
"ENSG00000128266.9","GNAZ"," protein_coding","chr22",215.173968069402,3.24710143486581,0.548467412253934,1.2193554486348e-10,1.75554684507545e-09
"ENSG00000051180.17","RAD51"," protein_coding","chr15",114.259470527925,3.24464686391545,0.440255131105744,6.3476255877644e-15,1.85524940650801e-13
"ENSG00000102003.11","SYP"," protein_coding","chrX",42.9770771918542,3.24273390177012,0.422202935628799,0.0201464209094491,0.0475484223244374
"ENSG00000159217.10","IGF2BP1"," protein_coding","chr17",131.479991139157,3.24173714709708,1.32997859545823,0.000266075252001231,0.00110102837645395
"ENSG00000116147.17","TNR"," protein_coding","chr1",9.98339393944759,3.24157078490854,0.74308868517184,0.00652218547676321,0.0182883611620306
"ENSG00000197847.12","SLC22A20P"," transcribed_unitary_pseudogene","chr11",51.5145932112431,3.24152075226843,0.762658461170466,7.21538204268414e-07,5.30808269364574e-06
"ENSG00000101198.15","NKAIN4"," protein_coding","chr20",5.26535231513798,3.23526607315614,0.853440213392384,0.0197705552314824,0.0468432560756324
"ENSG00000129990.15","SYT5"," protein_coding","chr19",11.0002883085976,3.23506295375915,1.03715627200786,6.37372295284097e-05,0.000307755545127327
"ENSG00000128487.17","SPECC1"," protein_coding","chr17",732.241327347744,3.23122794043517,0.332964740390536,1.18382890307114e-23,1.28368421091755e-21
"ENSG00000196584.3","XRCC2"," protein_coding","chr7",96.7698139967544,3.22989480423684,0.446921561850682,2.23093715125229e-14,5.99762265114083e-13
"ENSG00000171517.6","LPAR3"," protein_coding","chr1",43.2975760792228,3.2282153211923,1.35267321594064,0.000320302301901762,0.00130015277542061
"ENSG00000173557.15","FAM166C"," protein_coding","chr2",14.3274612286547,3.22564815711159,1.0783365008585,8.01606959685359e-05,0.000378902502140046
"ENSG00000260403.1","AC120498.3"," lncRNA","chr16",10.5208909778625,3.22410211142931,1.21846325643982,0.000237273009163955,0.000997565564531755
"ENSG00000133958.13","UNC79"," protein_coding","chr14",16.3849382580766,3.22386886632691,0.368448235468989,0.00396968458171545,0.0119496986966674
"ENSG00000273079.6","GRIN2B"," protein_coding","chr12",2.30789425451006,3.22092114090329,0.605336563769162,0.00722466843089265,0.0199221358915398
"ENSG00000286805.1","AL138716.1"," lncRNA","chr6",5.43494414240012,3.22049230523433,0.592608230517402,0.00126928452350441,0.00440392057405737
"ENSG00000101311.16","FERMT1"," protein_coding","chr20",385.808017811107,3.2192721194441,0.65246532216139,2.77948696788459e-08,2.68241571494407e-07
"ENSG00000264425.1","MIR4653"," miRNA","chr7",7.73665461132046,3.21504791423851,0.931886660996612,2.95373731791208e-05,0.000154570441022923
"ENSG00000175318.12","GRAMD2A"," protein_coding","chr15",20.7433559249327,3.20914091008669,0.572272654503674,4.10658785678645e-05,0.000207527826047477
"ENSG00000142149.9","HUNK"," protein_coding","chr21",575.084112448937,3.20887179430149,0.517296684244988,2.09456616720125e-11,3.46547932677784e-10
"ENSG00000164379.7","FOXQ1"," protein_coding","chr6",237.235009636025,3.20703660218161,0.627819626746299,0.0134807550986469,0.0339773736690945
"ENSG00000162174.12","ASRGL1"," protein_coding","chr11",93.199275601853,3.20659970727864,0.419130950738065,0.0209913119185881,0.0491764177458273
"ENSG00000176040.13","TMPRSS7"," protein_coding","chr3",5.17896620623802,3.20319168589191,0.952437090091459,3.65134533263113e-05,0.000187082543487647
"ENSG00000141526.17","SLC16A3"," protein_coding","chr17",1319.42732792943,3.20289523361242,0.603166821396831,3.82574778297882e-09,4.27560295332219e-08
"ENSG00000158220.14","ESYT3"," protein_coding","chr3",94.6661032045201,3.20259294243428,0.587178725813108,1.81114677710584e-09,2.13603831106608e-08
"ENSG00000287171.1","AC006062.1"," lncRNA","chrX",4.79626655960612,3.2008768962334,1.29453660314406,0.000285316402005914,0.00117200311647803
"ENSG00000198794.12","SCAMP5"," protein_coding","chr15",502.841230831304,3.1965467258163,0.468836646038128,5.04160437237909e-05,0.000250078556892181
"ENSG00000277324.1","AC093462.1"," lncRNA","chr18",2.40988154404831,3.19560911277826,1.68555935397944,0.000959929192492346,0.00344872208594768
"ENSG00000151572.18","ANO4"," protein_coding","chr12",23.8046347347077,3.18997574020114,0.697412279469944,1.83627660013776e-07,1.51993053772469e-06
"ENSG00000181378.14","CFAP65"," protein_coding","chr2",7.45368480163692,3.18940705112154,0.565428056048074,0.0116344444208875,0.0299395773544655
"ENSG00000130413.15","STK33"," protein_coding","chr11",110.221595230251,3.18779261689282,0.500257176864964,6.38782906613017e-12,1.1466251447997e-10
"ENSG00000083307.12","GRHL2"," protein_coding","chr8",516.435336511593,3.18767626856458,0.608709724508605,5.85020320993486e-09,6.33895161332057e-08
"ENSG00000073067.14","CYP2W1"," protein_coding","chr7",38.6183607946061,3.18698631732807,0.657033180606939,4.87019235970363e-08,4.4771081292214e-07
"ENSG00000189001.11","SBSN"," protein_coding","chr19",9.51357144603526,3.18669814511012,1.02800954857428,7.08295101674974e-05,0.000338859436128544
"ENSG00000011638.11","TMEM159"," protein_coding","chr16",653.10366992302,3.18464813902828,0.431271122692785,6.40440958269793e-15,1.86997220338054e-13
"ENSG00000141391.14","PRELID3A"," protein_coding","chr18",61.2367774895223,3.18405739351188,0.475500078517296,8.98481189822362e-13,1.86002823462942e-11
"ENSG00000165238.16","WNK2"," protein_coding","chr9",2096.85515978284,3.18339154716702,0.564999545109221,6.7777651023626e-10,8.59941845458089e-09
"ENSG00000117394.24","SLC2A1"," protein_coding","chr1",545.101903701936,3.18162297308657,0.523416008337675,8.98395811737512e-07,6.47204431528068e-06
"ENSG00000253348.1","AC008514.1"," lncRNA","chr5",17.2386135385008,3.1802433259055,0.779686738478265,1.83108923011521e-06,1.23779934538193e-05
"ENSG00000259225.7","LINC02345"," lncRNA","chr15",5.80022563950876,3.18020049523362,1.31362208448077,0.000552801833746698,0.00211138885538267
"ENSG00000204381.12","LAYN"," protein_coding","chr11",262.333916735343,3.17868785934521,0.63120697352446,1.67992593776528e-08,1.68217506620925e-07
"ENSG00000263325.1","AC003965.2"," lncRNA","chr16",4.05353663061462,3.17800296719069,1.03323507115766,4.62325427172318e-05,0.000231750651060136
"ENSG00000228109.1","MELTF-AS1"," lncRNA","chr3",36.0976513415085,3.17532723558607,0.491188762885335,4.35446007237804e-12,8.00886467387218e-11
"ENSG00000173621.9","LRFN4"," protein_coding","chr11",326.401140996381,3.17333968366944,0.308711528019389,3.54046492154827e-26,5.52255728859045e-24
"ENSG00000149328.15","GLB1L2"," protein_coding","chr11",230.681118292206,3.17266187179476,0.456219590516846,1.44460300279878e-13,3.38183186104635e-12
"ENSG00000111344.11","RASAL1"," protein_coding","chr12",169.149139873251,3.17156220261595,0.590444237706844,2.86441980072929e-09,3.25866853227272e-08
"ENSG00000279748.1","AC008764.9"," TEC","chr19",3.90779115108906,3.17095160560593,0.963600114769371,1.95709723570411e-05,0.000106524503079115
"ENSG00000173267.14","SNCG"," protein_coding","chr10",668.634819758809,3.16885989928219,0.934735082707111,1.90160093546818e-05,0.000103891735693335
"ENSG00000181634.8","TNFSF15"," protein_coding","chr9",185.030092874285,3.16848293571732,0.586919145918223,2.47487099522378e-09,2.84434641685116e-08
"ENSG00000051128.19","HOMER3"," protein_coding","chr19",451.677270873546,3.16755221804325,0.404123554523298,1.84230877714415e-16,6.62617814063102e-15
"ENSG00000148848.14","ADAM12"," protein_coding","chr10",261.153283643038,3.16629214022824,0.663551262557531,6.28612090269295e-08,5.65750881242365e-07
"ENSG00000198720.13","ANKRD13B"," protein_coding","chr17",230.852199564649,3.16354260352949,0.394164698758344,4.18319409841914e-17,1.68302880905914e-15
"ENSG00000080986.13","NDC80"," protein_coding","chr18",133.698253890833,3.16161779647966,0.555341660405094,4.53708876809325e-10,5.94529839517125e-09
"ENSG00000253978.2","CTB-178M22.2"," lncRNA","chr5",13.6688577019779,3.15896835743236,0.8991084992121,1.55800887258156e-05,8.66620152637904e-05
"ENSG00000112655.16","PTK7"," protein_coding","chr6",1141.29595732276,3.1589389032891,0.47358377596289,1.03975814585496e-12,2.12982481435697e-11
"ENSG00000205336.14","ADGRG1"," protein_coding","chr16",3824.21542732436,3.15718346925555,0.28242882991877,2.84467092117009e-30,7.61249597244131e-28
"ENSG00000277224.2","H2BC7"," protein_coding","chr6",7.68499042067058,3.1571597674212,0.711180538775503,8.70782646754411e-07,6.29020778186711e-06
"ENSG00000147394.18","ZNF185"," protein_coding","chrX",746.057750224157,3.15617283282736,0.445057731247044,5.32907870767678e-14,1.34350818344187e-12
"ENSG00000014914.21","MTMR11"," protein_coding","chr1",1009.72492838084,3.1549521419165,0.420349993361523,2.4450795681903e-15,7.49952953990985e-14
"ENSG00000072571.20","HMMR"," protein_coding","chr5",197.679647026247,3.1541836105484,0.667910693791013,7.91949039790827e-08,6.99553957464675e-07
"ENSG00000183010.17","PYCR1"," protein_coding","chr17",534.26426535001,3.15374787070316,0.476655269007182,1.47562785835396e-12,2.93405514657987e-11
"ENSG00000230076.1","RPL10P6"," processed_pseudogene","chr2",55.4165859134714,3.1513147770702,0.820179082164236,3.75107476173405e-06,2.37291476306702e-05
"ENSG00000287071.1","CDRT15P4"," transcribed_unprocessed_pseudogene","chr2",4.08025308858563,3.15045307182557,1.07194069749372,7.35020701645436e-05,0.000350209389844752
"ENSG00000135119.15","RNFT2"," protein_coding","chr12",74.3275862253116,3.14844893887888,0.690846067990687,1.70976693231031e-07,1.42532699767246e-06
"ENSG00000160188.10","RSPH1"," protein_coding","chr21",54.9197014047635,3.14553675745865,0.414401590704285,1.23189760250489e-07,1.04945155278811e-06
"ENSG00000131459.13","GFPT2"," protein_coding","chr5",455.581454566195,3.14517203758213,0.73655416873791,6.23302991200765e-07,4.64159431971792e-06
"ENSG00000111665.12","CDCA3"," protein_coding","chr12",163.531709933941,3.14414725474534,0.55197823965077,4.53352792180217e-10,5.94330228993472e-09
"ENSG00000147509.14","RGS20"," protein_coding","chr8",13.9775089526777,3.1434000031048,0.821701768406169,5.18429178421771e-06,3.18694640787874e-05
"ENSG00000261357.1","AC099518.2"," lncRNA","chr16",2.84005847320622,3.1414181292507,1.10688192479117,4.74170817796521e-05,0.000236924559710203
"ENSG00000203585.4","LINC02408"," lncRNA","chr12",2.99226293830252,3.14094053373985,1.20947476557426,0.000139837232838821,0.000622639634357437
"ENSG00000125657.5","TNFSF9"," protein_coding","chr19",61.1798029436187,3.13943387118919,0.673429962855226,1.08159250124664e-07,9.30648131824878e-07
"ENSG00000183778.17","B3GALT5"," protein_coding","chr21",347.764285891092,3.13839767704244,0.663465439655822,7.78671113720779e-08,6.88483107490798e-07
"ENSG00000165695.10","AK8"," protein_coding","chr9",45.7649869066552,3.13354134008689,0.604880035796873,8.41811668285457e-09,8.91928970294896e-08
"ENSG00000053747.17","LAMA3"," protein_coding","chr18",1689.91200559586,3.13146788262213,0.463913615449596,5.97282636096764e-13,1.26614369275483e-11
"ENSG00000267128.2","RNF157-AS1"," lncRNA","chr17",37.6587893670569,3.13073255094745,0.615096298713614,1.47815839602244e-08,1.49605837104714e-07
"ENSG00000106665.16","CLIP2"," protein_coding","chr7",2024.1950770263,3.12966859026447,0.312019513490785,4.63176327567158e-25,6.28390246456113e-23
"ENSG00000285492.1","AL356417.3"," lncRNA","chr6",2.07494122457027,3.12895595851827,1.59741719970008,0.000990054457012643,0.00354168487326488
"ENSG00000105642.15","KCNN1"," protein_coding","chr19",10.1983017847061,3.12706276032064,0.795961839433197,4.32687616995941e-06,2.70651828915556e-05
"ENSG00000158315.11","RHBDL2"," protein_coding","chr1",72.3107498159466,3.12298259338119,0.519070951395061,7.20449190169703e-11,1.07635003503471e-09
"ENSG00000064270.13","ATP2C2"," protein_coding","chr16",109.068337840801,3.12248137403709,0.667028290405245,9.17896395072051e-08,8.02581533209133e-07
"ENSG00000157445.15","CACNA2D3"," protein_coding","chr3",51.418372829222,3.12093490219585,0.78359421907787,2.23219355269191e-06,1.48046506908754e-05
"ENSG00000170044.8","ZPLD1"," protein_coding","chr3",128.102868666933,3.11662329284162,0.854970148245208,7.77850563393525e-06,4.61161038285076e-05
"ENSG00000053108.17","FSTL4"," protein_coding","chr5",42.9653838914938,3.11578177788961,1.05566227328628,7.48087614554708e-05,0.000355564080641132
"ENSG00000154027.19","AK5"," protein_coding","chr1",51.2555768563541,3.11505899202325,0.840001783005827,6.24137559806946e-06,3.77628468824078e-05
"ENSG00000116035.4","VAX2"," protein_coding","chr2",15.9508138783083,3.11451837114203,0.909089981540229,1.95596050753445e-05,0.000106482665256201
"ENSG00000286591.1","AC006197.2"," lncRNA","chr12",1.84926217497551,3.1144940066886,1.34686896053985,0.000157667834403459,0.00069241389065259
"ENSG00000285294.1","LINC00842"," lncRNA","chr10",15.7469798651824,3.11419029905622,0.609114345808,2.13459272388896e-08,2.09996408644577e-07
"ENSG00000162493.16","PDPN"," protein_coding","chr1",174.134111429613,3.11406734418505,0.650854477255883,5.85244281881818e-08,5.30154983174247e-07
"ENSG00000170801.10","HTRA3"," protein_coding","chr4",1212.06874590385,3.11296031187844,0.60847814501103,1.12335229584589e-08,1.16319002902126e-07
"ENSG00000232070.9","TMEM253"," protein_coding","chr14",10.3254549345953,3.1129415943693,1.05480434686402,0.000106262140556734,0.000488581396264088
"ENSG00000281706.3","LINC01012"," lncRNA","chr6",17.806064644289,3.11240865774674,1.00273292302275,5.98141066447213e-05,0.000291271732340547
"ENSG00000174171.6","AC020659.1"," lncRNA","chr15",101.051241647199,3.111336687082,0.697404238048422,2.71752691679503e-07,2.16992999277291e-06
"ENSG00000116985.12","BMP8B"," protein_coding","chr1",241.494686555633,3.11004296450551,0.443278952027962,9.44657551650173e-14,2.29240566756106e-12
"ENSG00000213186.8","TRIM59"," protein_coding","chr3",113.654497857861,3.10856183368515,0.352036358725671,4.87343841937815e-20,3.03746421484704e-18
"ENSG00000278035.1","AL121895.2"," lncRNA","chr20",6.57715525683792,3.10775410658678,0.807751111347614,1.07095049260384e-05,6.17362745430066e-05
"ENSG00000167535.8","CACNB3"," protein_coding","chr12",462.866568055499,3.1074153403987,0.369302887542385,1.63659800141686e-18,8.24489241853685e-17
"ENSG00000248663.6","LINC00992"," lncRNA","chr5",74.8311417710823,3.10455357647195,0.587493278787803,5.0805863778375e-09,5.55664132190258e-08
"ENSG00000275620.1","FLJ16779"," lncRNA","chr20",13.5283827290568,3.10436188207163,1.49370761893403,0.000693190825414797,0.00257739747438167
"ENSG00000151690.15","MFSD6"," protein_coding","chr2",1186.15614885837,3.10360988830873,0.310801309625544,7.92973595247955e-25,1.03723079819675e-22
"ENSG00000233834.6","AC005083.1"," lncRNA","chr7",63.6786470813631,3.10286575837047,0.472667949210283,2.17065227048986e-12,4.19865756484873e-11
"ENSG00000134057.15","CCNB1"," protein_coding","chr5",425.160268851998,3.10030124833494,0.411210999471031,1.9019912811968e-15,5.90204081715207e-14
"ENSG00000070882.13","OSBPL3"," protein_coding","chr7",798.447298114216,3.09907889972826,0.334966289609566,9.13693009903761e-22,7.38269014013374e-20
"ENSG00000175832.13","ETV4"," protein_coding","chr17",571.69746965083,3.09907877456901,0.521661332169655,1.08219177707908e-10,1.57281773520775e-09
"ENSG00000205890.3","AC108134.1"," lncRNA","chr16",28.7360986958407,3.0987931932212,0.627812032260407,3.58848629627185e-08,3.39405177613339e-07
"ENSG00000007062.12","PROM1"," protein_coding","chr4",1622.08441004923,3.09765230847788,0.680814691924437,1.83024579305849e-07,1.51579896472808e-06
"ENSG00000159708.18","LRRC36"," protein_coding","chr16",39.0531514200283,3.09759517627291,0.802068759461516,3.57687446736682e-06,2.27059524131932e-05
"ENSG00000179477.11","ALOX12B"," protein_coding","chr17",3.29555309769265,3.09496014902444,1.3919031675476,0.000450837261096631,0.001763510911239
"ENSG00000091490.11","SEL1L3"," protein_coding","chr4",4647.02120355779,3.0941994986426,0.389540895219925,1.00671090385153e-16,3.77924714986425e-15
"ENSG00000176692.8","FOXC2"," protein_coding","chr16",42.2959449299081,3.0903941172902,0.692088458453131,2.826322085473e-07,2.24573655437652e-06
"ENSG00000055732.13","MCOLN3"," protein_coding","chr1",147.009178099911,3.08932964524334,0.617414085684931,1.98743415619885e-08,1.9651344712598e-07
"ENSG00000253361.3","AC069120.1"," lncRNA","chr8",26.4081896441734,3.08929975077237,0.81562438061618,5.10890719133393e-06,3.14524512165512e-05
"ENSG00000183186.8","C2CD4C"," protein_coding","chr19",185.608929676819,3.08747289215265,0.784256939582596,2.53021237761468e-06,1.6570221114199e-05
"ENSG00000175294.6","CATSPER1"," protein_coding","chr11",27.5578901258793,3.08718034886366,0.765025592357969,1.83796541030212e-06,1.24215970929339e-05
"ENSG00000280623.1","PCAT14"," lncRNA","chr22",28.4999922756006,3.08684840746925,1.2133577592944,0.000237563581285315,0.000998485893733625
"ENSG00000021300.14","PLEKHB1"," protein_coding","chr11",848.091193231331,3.08640546160458,0.32694401090397,1.52840188946585e-22,1.37175245273322e-20
"ENSG00000135925.9","WNT10A"," protein_coding","chr2",171.566721245086,3.08491537848413,0.839609513957903,7.01411292098444e-06,4.19853601051088e-05
"ENSG00000176170.14","SPHK1"," protein_coding","chr17",1086.48321960381,3.08460045454289,0.745030849879852,1.08553855663047e-06,7.67241922906572e-06
"ENSG00000214376.6","VSTM5"," protein_coding","chr11",12.7818284487927,3.08453931030279,0.618780227559252,4.48276911651816e-08,4.14709458800248e-07
"ENSG00000184702.20","SEPTIN5"," protein_coding","chr22",2.01361909701233,3.08430092258372,0.950795769772884,0.00326047582576436,0.0100544264046644
"ENSG00000162949.16","CAPN13"," protein_coding","chr2",115.063976021842,3.08412265897153,0.993043540881382,4.75613773155316e-05,0.000237554420362456
"ENSG00000106976.21","DNM1"," protein_coding","chr9",1202.22650468626,3.08291608201569,0.57825634927331,3.72766485298232e-09,4.17078082457389e-08
"ENSG00000204588.5","LINC01123"," lncRNA","chr2",46.2248017746617,3.08192508199257,0.484923068245274,8.81453804251041e-12,1.54143441344116e-10
"ENSG00000142621.19","FHAD1"," protein_coding","chr1",34.9409188015488,3.08146187906031,0.451179770771166,4.2926554740312e-13,9.30947713918335e-12
"ENSG00000109089.7","CDR2L"," protein_coding","chr17",1065.52790268042,3.07989830407911,0.38835109884044,8.92886944535109e-17,3.36929098126062e-15
"ENSG00000127743.6","IL17B"," protein_coding","chr5",2.92311599658764,3.07876019782376,1.18648371600383,0.000124396445020763,0.000561777350179694
"ENSG00000162630.6","B3GALT2"," protein_coding","chr1",211.560943912805,3.07863784359168,0.864099181449422,1.0403005288584e-05,6.01119772707421e-05
"ENSG00000214433.4","GOLGA2P8"," transcribed_unprocessed_pseudogene","chr15",3.72786608279887,3.07662157913995,1.01676234446949,5.92002693897797e-05,0.000288523418183874
"ENSG00000240583.13","AQP1"," protein_coding","chr7",19039.5631496192,3.07660849399929,0.628118186435247,3.49888668262458e-08,3.32235318244277e-07
"ENSG00000135480.16","KRT7"," protein_coding","chr12",9066.36882788155,3.07534373561044,0.539905994041164,4.40496980436557e-10,5.79038144315184e-09
"ENSG00000101000.6","PROCR"," protein_coding","chr20",1170.50469371421,3.07440623200091,0.766212845738866,1.86106906215511e-06,1.2557372998844e-05
"ENSG00000118193.12","KIF14"," protein_coding","chr1",121.085148707181,3.07304829192934,0.504780411140339,4.56204973325581e-11,7.05569611184193e-10
"ENSG00000142408.6","CACNG8"," protein_coding","chr19",30.2511443820332,3.07302810409184,0.78827210779328,3.08946481565497e-06,1.98669751340035e-05
"ENSG00000283445.1","AL136985.3"," lncRNA","chr1",5.42301180129197,3.07282296589404,1.11890884985393,0.000193734249151845,0.000833240093410521
"ENSG00000102384.13","CENPI"," protein_coding","chrX",57.7890231543561,3.07144922111971,0.456380319351131,7.70444782804139e-13,1.60636911148062e-11
"ENSG00000269680.1","AC008760.1"," lncRNA","chr19",24.9882106101617,3.07045982329434,0.590656212770279,8.54354916098792e-09,9.03577902381641e-08
"ENSG00000124243.17","BCAS4"," protein_coding","chr20",292.677514355546,3.06939812517218,0.250665602195326,8.03712298331097e-36,4.68869680600396e-33
"ENSG00000141655.17","TNFRSF11A"," protein_coding","chr18",291.686585459847,3.06803345569143,0.419038879483683,1.0273558556037e-14,2.92360419044919e-13
"ENSG00000166670.10","MMP10"," protein_coding","chr11",34.2331735135358,3.06765657314406,0.862291929155995,1.12679959749035e-05,6.45529719714036e-05
"ENSG00000233154.6","LINC01762"," lncRNA","chr1",9.00963007397693,3.06744552546542,1.00435951616545,7.79886297801698e-05,0.000369834228915261
"ENSG00000204291.11","COL15A1"," protein_coding","chr9",1101.84901867424,3.06740931570812,0.597646217560792,1.06052413914955e-08,1.10378882452635e-07
"ENSG00000125618.17","PAX8"," protein_coding","chr2",276.158368509929,3.06523803499668,0.639062601112548,5.6202820532313e-08,5.09916041090836e-07
"ENSG00000088340.17","FER1L4"," transcribed_unitary_pseudogene","chr20",184.465526955482,3.06465142063723,0.50750892074265,6.08507346465499e-11,9.23493797557343e-10
"ENSG00000257556.2","LINC02298"," lncRNA","chr14",47.7494077628456,3.06325123689233,0.489188829115431,1.7166140998201e-11,2.88432699756062e-10
"ENSG00000089101.19","CFAP61"," protein_coding","chr20",5.1428766366678,3.06322731246745,1.06407004500242,0.000153231229115071,0.000675166423271527
"ENSG00000089505.18","CMTM1"," protein_coding","chr16",19.8190454697676,3.06310660338546,0.500906352139275,6.21242896309481e-11,9.41841686198091e-10
"ENSG00000135083.16","CCNJL"," protein_coding","chr5",171.41619866818,3.06166663329764,0.616375133821046,2.39408035040873e-08,2.33633087123025e-07
"ENSG00000159625.15","DRC7"," protein_coding","chr16",24.3009968916352,3.06040289990168,0.57420519666893,0.00820013751934414,0.0222212756690588
"ENSG00000075213.11","SEMA3A"," protein_coding","chr7",114.062735126788,3.05888936967563,0.632575203657971,4.64460525205761e-08,4.28322765087791e-07
"ENSG00000137691.13","CFAP300"," protein_coding","chr11",38.3915741211103,3.05749259126868,0.747484034972329,1.48427468444498e-06,1.01990125490166e-05
"ENSG00000196503.5","ARL9"," protein_coding","chr4",30.8326193105118,3.05357968651607,0.781885913552284,3.17227134690594e-06,2.03590721491528e-05
"ENSG00000167117.10","ANKRD40CL"," protein_coding","chr17",6.12750948309779,3.05276742138813,1.02971973098997,0.000149147139188109,0.00065906270307195
"ENSG00000203971.2","AL354984.1"," lncRNA","chr20",6.84050980038658,3.05184722952095,1.63596687153078,0.00126033262953905,0.00437598410558561
"ENSG00000280924.1","LINC00628"," lncRNA","chr1",4.50465785468282,3.05137043106279,0.828568928241285,1.39416671723795e-05,7.84309527003157e-05
"ENSG00000217275.2","AL031777.1"," processed_pseudogene","chr6",15.3783713656744,3.04939363850972,0.897340486117126,2.43251844095099e-05,0.000129525612274734
"ENSG00000106089.12","STX1A"," protein_coding","chr7",206.340774403753,3.04789842149047,0.525525163912931,2.52121701276053e-10,3.44940802275853e-09
"ENSG00000225972.1","MTND1P23"," unprocessed_pseudogene","chr1",33.4512622350895,3.04743492335183,0.359168806930417,2.90746881152805e-08,2.7943313925358e-07
"ENSG00000064547.14","LPAR2"," protein_coding","chr19",717.431862925023,3.04401406891955,0.382291803061147,6.99415485096986e-17,2.69501324766103e-15
"ENSG00000274356.1","AL355987.5"," unprocessed_pseudogene","chr9",1.88936743894094,3.04186676105782,0.975536571870219,0.00483751234859319,0.0141481952438136
"ENSG00000259326.1","AC116158.1"," lncRNA","chr15",1.8560045625649,3.0415660523162,1.45945405253323,0.000504172187141344,0.00194698654104636
"ENSG00000258628.1","RHPN2P1"," unprocessed_pseudogene","chr15",21.5890846796342,3.04091642497191,1.12836992723223,0.000171956280212651,0.000749408746081401
"ENSG00000144355.15","DLX1"," protein_coding","chr2",9.75767541587552,3.04021161969891,1.17628942027881,0.000264331514252807,0.00109505552325524
"ENSG00000084731.15","KIF3C"," protein_coding","chr2",487.869101472035,3.03687371104371,0.373637345238712,1.70965383993419e-17,7.29077380950882e-16
"ENSG00000162849.16","KIF26B"," protein_coding","chr1",352.467057626173,3.03664119666385,0.554072083366339,1.57702225209067e-09,1.88139722172731e-08
"ENSG00000213983.12","AP1G2"," protein_coding","chr14",689.376751298274,3.03597743142667,0.307667810890837,9.76633709796526e-09,1.02362302123805e-07
"ENSG00000146530.14","VWDE"," protein_coding","chr7",109.331708293251,3.03594100532181,0.743323178639763,1.4323458794412e-06,9.86310126473568e-06
"ENSG00000277559.1","AC018553.1"," lncRNA","chr16",37.8042270224964,3.03396903538431,1.20171013267354,0.000247152797311604,0.00103328077179048
"ENSG00000261762.1","AC027228.2"," lncRNA","chr15",8.87149327326281,3.03389239222567,0.851582620651457,1.74880800392984e-05,9.61926846438423e-05
"ENSG00000145198.14","VWA5B2"," protein_coding","chr3",36.988477046667,3.03374870190383,0.681034408668079,2.92449360879673e-07,2.3161703522941e-06
"ENSG00000235721.1","AC013268.3"," processed_pseudogene","chr2",5.87322654992331,3.03336514183787,1.34493527524294,0.000647096130472985,0.00242330813066716
"ENSG00000170579.17","DLGAP1"," protein_coding","chr18",63.4698491926341,3.03147565014612,0.73346156499799,1.16580518641838e-06,8.17436814486485e-06
"ENSG00000138795.10","LEF1"," protein_coding","chr4",171.585445881902,3.02846651397703,0.513999283494691,1.42625741883952e-10,2.03236456522374e-09
"ENSG00000169684.13","CHRNA5"," protein_coding","chr15",27.2024871866983,3.02726155913593,0.6998491390798,5.30136967948009e-07,3.9895679097202e-06
"ENSG00000170962.13","PDGFD"," protein_coding","chr11",1793.4944195979,3.02683275803132,0.441609860815273,3.16201816123418e-13,7.02994723666462e-12
"ENSG00000225526.5","MKRN2OS"," protein_coding","chr3",38.2902484914234,3.02680604919165,0.484017466087532,2.17448592379245e-11,3.57539909307227e-10
"ENSG00000137731.14","FXYD2"," protein_coding","chr11",152.09589363507,3.02540883481899,0.652098928350671,1.20390917344569e-07,1.02831117658089e-06
"ENSG00000249306.6","LINC01411"," lncRNA","chr5",4.28789092717449,3.02523164604103,1.27817973383309,0.0003928809248341,0.00155960039418697
"ENSG00000152104.12","PTPN14"," protein_coding","chr1",1164.95248993225,3.02410544425579,0.317730614078443,8.10685700972664e-23,7.62802942311989e-21
"ENSG00000242147.3","LASTR"," lncRNA","chr10",57.0535172632334,3.01942648091795,0.821986284915798,7.11229303093254e-06,4.25032729807972e-05
"ENSG00000277342.1","AC048344.4"," lncRNA","chr12",3.06174091305669,3.01894716620249,1.32937972710839,0.000383480298665586,0.00152727154994218
"ENSG00000149554.13","CHEK1"," protein_coding","chr11",267.594171936379,3.01798655930988,0.310541086938848,1.11726056219059e-23,1.22057578046956e-21
"ENSG00000144406.19","UNC80"," protein_coding","chr2",52.8363387635399,3.01792868076618,1.30835789003516,0.000390083719217313,0.00154997302899466
"ENSG00000230533.4","AL356234.2"," lncRNA","chr6",8.06914305714427,3.01671391905968,0.791780490941452,9.66965571764559e-06,5.63544830425583e-05
"ENSG00000106483.12","SFRP4"," protein_coding","chr7",358.242987267917,3.01646144772398,0.678936772785033,3.017333643759e-07,2.3800055450191e-06
"ENSG00000276445.1","AC005393.1"," lncRNA","chr19",7.17573628425474,3.01167580620193,0.703792141624587,1.63862284029757e-06,1.11753541334205e-05
"ENSG00000073792.16","IGF2BP2"," protein_coding","chr3",702.17751399884,3.01055645549406,0.404614110275717,4.27721279069043e-15,1.27568527496574e-13
"ENSG00000213937.4","CLDN9"," protein_coding","chr16",740.284096324718,3.01021130293352,0.800514794557233,5.22070854297043e-06,3.20865671070174e-05
"ENSG00000166897.16","ELFN2"," protein_coding","chr22",224.683689547001,3.00920931974353,0.80367950636993,5.37773931451517e-06,3.28853832421578e-05
"ENSG00000086717.18","PPEF1"," protein_coding","chrX",9.41875903204715,3.00854209357445,0.792215188864321,7.54145079946729e-06,4.48200037427998e-05
"ENSG00000140937.14","CDH11"," protein_coding","chr16",913.314734502496,3.00740620157184,0.650895705437695,1.35969352605781e-07,1.1515940900575e-06
"ENSG00000128242.13","GAL3ST1"," protein_coding","chr22",1418.75708033275,3.0069159782919,0.52451853280521,3.9642782836781e-10,5.24417384383704e-09
"ENSG00000186862.20","PDZD7"," protein_coding","chr10",35.9739461133142,3.00595822117675,0.504665071695804,1.14862798038517e-10,1.66109715219905e-09
"ENSG00000162878.13","PKDCC"," protein_coding","chr2",2407.92131936757,3.00480440773925,0.694649927934189,5.21434729455056e-07,3.93321169471801e-06
"ENSG00000137309.20","HMGA1"," protein_coding","chr6",5876.21022003363,3.00427446317278,0.549150444547236,1.90251393963475e-09,2.23227792056339e-08
"ENSG00000104369.5","JPH1"," protein_coding","chr8",46.0686565068669,3.00225034717119,0.753885327574421,2.23547950175945e-06,1.48230737865018e-05
"ENSG00000060982.15","BCAT1"," protein_coding","chr12",289.907329934793,3.00191227429354,0.647188307111687,0.000240277248554821,0.00100872870798727
"ENSG00000176920.13","FUT2"," protein_coding","chr19",79.0615155950822,2.99883194923093,0.612935497959246,3.61138467544374e-08,3.41349577440112e-07
"ENSG00000118997.14","DNAH7"," protein_coding","chr2",57.6506758394929,2.99873772028081,0.388876554172854,6.27899946803772e-16,2.05097576128995e-14
"ENSG00000134460.18","IL2RA"," protein_coding","chr10",78.996949422584,2.99619495949157,0.770604440628045,3.0845189679832e-06,1.98395443830434e-05
"ENSG00000100373.10","UPK3A"," protein_coding","chr22",29.9979270788195,2.99550755863236,0.808522613713195,6.92156226411938e-06,4.15165637841041e-05
"ENSG00000168743.13","NPNT"," protein_coding","chr4",1747.80137493507,2.99525278075417,0.555857135456055,2.61025607286274e-09,2.98582585840522e-08
"ENSG00000163808.17","KIF15"," protein_coding","chr3",87.46195970506,2.99355498104872,0.558984560446301,3.49704689408671e-09,3.93387430981933e-08
"ENSG00000167103.12","PIP5KL1"," protein_coding","chr9",33.8624992880315,2.99233409110839,0.641028460935554,1.21930109910201e-07,1.0399354900499e-06
"ENSG00000168502.17","MTCL1"," protein_coding","chr18",948.370581045,2.98855060618826,0.504204107491811,1.184234293561e-10,1.70666650735577e-09
"ENSG00000250320.6","EDIL3-DT"," lncRNA","chr5",6.52708933739732,2.98711931239509,0.897303622095401,5.14683688593796e-05,0.000254843125319851
"ENSG00000135773.13","CAPN9"," protein_coding","chr1",16.5378694017311,2.98439966850149,0.82865728271238,1.17133211655e-05,6.68360455939887e-05
"ENSG00000154856.13","APCDD1"," protein_coding","chr18",1390.40205572679,2.98202311902345,0.594801408057732,1.88876217344721e-08,1.87328472755123e-07
"ENSG00000170684.9","ZNF296"," protein_coding","chr19",56.2662987802753,2.98201588840758,0.494534795017584,6.66221592818143e-11,1.00458841366429e-09
"ENSG00000112796.10","ENPP5"," protein_coding","chr6",341.371424521067,2.98100586219233,0.354321954327894,1.6938672462703e-18,8.48941816262171e-17
"ENSG00000002587.10","HS3ST1"," protein_coding","chr4",429.563654960861,2.98056938490741,0.411748219784995,1.81323958010519e-14,4.95228326892212e-13
"ENSG00000233608.4","TWIST2"," protein_coding","chr2",25.0093499220997,2.97825613267528,0.590593557891181,0.00544856808287446,0.0156685691440106
"ENSG00000105664.11","COMP"," protein_coding","chr19",715.12972217741,2.97616586649127,1.0393549717421,0.000101113649370995,0.000467161998125164
"ENSG00000271983.1","AC023302.1"," lncRNA","chr15",1.84454401485665,2.97609290061551,1.48545055099839,0.000673034134059932,0.00250980985123935
"ENSG00000092929.12","UNC13D"," protein_coding","chr17",2935.35551134503,2.97574197516848,0.574401556546271,8.7943207939484e-09,9.27745183503367e-08
"ENSG00000167476.10","JSRP1"," protein_coding","chr19",101.522287233463,2.97484176841692,0.912532273316393,2.95911546634056e-05,0.000154824105897198
"ENSG00000146242.9","TPBG"," protein_coding","chr6",505.414746707271,2.97371751829064,0.361664085869616,8.68574300335256e-18,3.90376637387967e-16
"ENSG00000110375.3","UPK2"," protein_coding","chr11",5.95209305451641,2.97278484130522,1.04767369483307,0.000208940754851518,0.00089102235062338
"ENSG00000238279.1","BX470102.1"," lncRNA","chr1",14.471926554255,2.97183448036276,0.693624295516626,8.68574211798382e-07,6.27891974819009e-06
"ENSG00000165300.7","SLITRK5"," protein_coding","chr13",30.367582129125,2.97174522851548,0.962708256200122,5.49218626183803e-05,0.000269881369729706
"ENSG00000224746.2","AC015987.1"," lncRNA","chr7",12.3123027155932,2.97114707368913,0.910175905986336,3.73066295671446e-05,0.000190510692899867
"ENSG00000100290.3","BIK"," protein_coding","chr22",96.0412813174153,2.96837206683806,0.637085298969528,1.1091613776269e-07,9.51562594823498e-07
"ENSG00000110881.12","ASIC1"," protein_coding","chr12",75.4439563347672,2.96210334279081,0.577825206322951,1.06018260959565e-08,1.10378882452635e-07
"ENSG00000233175.2","AC008105.1"," lncRNA","chr17",12.6519503023759,2.96102025093244,0.679800937279002,6.58411274604726e-07,4.88930714586183e-06
"ENSG00000268707.1","AL158151.4"," lncRNA","chr9",4.81200104482013,2.96096701787917,1.0674325777374,0.000219452544299744,0.00093013822503331
"ENSG00000185792.10","NLRP9"," protein_coding","chr19",7.00112389248601,2.96026391314902,1.33163287160303,0.00070322683283669,0.00261005515803708
"ENSG00000127863.16","TNFRSF19"," protein_coding","chr13",673.544984823278,2.95940584249183,0.560257942893285,4.66328032853885e-09,5.12714752744628e-08
"ENSG00000184492.6","FOXD4L1"," protein_coding","chr2",7.2608182991076,2.95851056005914,0.794266207564629,1.19185342866289e-05,6.79272619395622e-05
"ENSG00000261634.4","AC026992.2"," lncRNA","chr15",15.7620634641591,2.95598735918072,1.02230766457447,0.000111256741810634,0.000508606322591983
"ENSG00000230445.4","LRRC37A6P"," transcribed_processed_pseudogene","chr10",26.1060089443543,2.95578863594685,0.736365663381473,2.19399285798199e-06,1.45811295681195e-05
"ENSG00000105855.10","ITGB8"," protein_coding","chr7",1069.61466121498,2.95415213798684,0.492166201585357,7.63647258712188e-11,1.13357897655857e-09
"ENSG00000234062.8","AL390879.1"," transcribed_unprocessed_pseudogene","chrX",55.6794851449644,2.95296319454105,0.407851546968113,2.09617477156347e-14,5.661418695531e-13
"ENSG00000172031.7","EPHX4"," protein_coding","chr1",17.0963524509259,2.95215402111533,0.99266862621112,8.36219070800088e-05,0.000393350654348779
"ENSG00000168778.12","TCTN2"," protein_coding","chr12",444.672460607554,2.95207086695012,0.316161170726525,3.93309097987657e-22,3.3742450232947e-20
"ENSG00000186871.7","ERCC6L"," protein_coding","chrX",43.9434810350438,2.95084866470174,0.550504260504694,3.42896528450223e-09,3.86175630824886e-08
"ENSG00000187583.11","PLEKHN1"," protein_coding","chr1",84.6795102372338,2.950416814758,0.518283124489899,4.88930952982628e-10,6.36964134325604e-09
"ENSG00000202079.1","Y_RNA"," misc_RNA","chr1",4.25462237225507,2.94996735007427,1.32985447725985,0.000559613092159674,0.00213265668737987
"ENSG00000111432.4","FZD10"," protein_coding","chr12",19.8321531319723,2.94926365821447,0.665321259049028,3.95681670722e-07,3.04931008012947e-06
"ENSG00000163013.12","FBXO41"," protein_coding","chr2",270.760315978573,2.94820719774424,0.423789213628286,1.41807317067612e-13,3.32773743487143e-12
"ENSG00000175877.4","TMEM270"," protein_coding","chr7",15.6627121399294,2.94732502453439,0.923277784755719,4.27673454968133e-05,0.000215454352469179
"ENSG00000213023.11","SYT3"," protein_coding","chr19",9.38842244022323,2.94660341345854,0.823411468549781,0.00507887585654659,0.0147496744185193
"ENSG00000231563.2","AL139288.1"," lncRNA","chr1",9.50397986947645,2.94655906134187,0.912635406431477,5.18828349170404e-05,0.000256677478238662
"ENSG00000154277.13","UCHL1"," protein_coding","chr4",55.73706047944,2.94066961249738,0.42120034186131,9.77466034690254e-05,0.000452926239330898
"ENSG00000175147.13","TMEM51-AS1"," lncRNA","chr1",88.7717671071839,2.94054266315587,0.611213297518186,5.45831759702454e-08,4.96766508541681e-07
"ENSG00000214870.9","AC004540.1"," lncRNA","chr7",153.056951252558,2.93555412044472,0.555361667665187,4.6111673237372e-09,5.07750621616045e-08
"ENSG00000159259.8","CHAF1B"," protein_coding","chr21",225.261914789719,2.93422403643949,0.35532008382955,5.89272838867119e-18,2.71111978500237e-16
"ENSG00000185052.12","SLC24A3"," protein_coding","chr20",283.079429897934,2.93200985573661,0.587161309390814,2.10772903772309e-08,2.07633732865062e-07
"ENSG00000077279.19","DCX"," protein_coding","chrX",5.962731697612,2.93162581798015,1.11133740035298,0.000343751820495515,0.00138282952034667
"ENSG00000006747.15","SCIN"," protein_coding","chr7",56.7004777482814,2.93059841997271,0.677537364202375,5.28892561483528e-07,3.98225790550155e-06
"ENSG00000261659.2","Z92544.1"," lncRNA","chr16",17.9865955652928,2.92910450969249,0.53033061815678,1.72147081676684e-09,2.03977233847071e-08
"ENSG00000236824.2","BCYRN1"," scRNA","chr2",6.27304753263968,2.92774635285093,1.12857619165806,0.000343028529247312,0.00138049105541044
"ENSG00000148344.11","PTGES"," protein_coding","chr9",176.375563810685,2.92675605088317,0.756441742588007,3.32274540067246e-06,2.12593026085139e-05
"ENSG00000272872.1","AP000525.1"," lncRNA","chr22",7.04741869873926,2.92671688101898,1.0667624149771,0.000232512638385176,0.000980364433225962
"ENSG00000271133.5","AC004130.2"," lncRNA","chr7",26.3812246520786,2.9245863186693,0.436976260364939,1.28168341650142e-12,2.57121207537344e-11
"ENSG00000138623.10","SEMA7A"," protein_coding","chr15",280.850643139354,2.92370168635492,0.506363402902083,0.000401201021839713,0.00158722807622984
"ENSG00000265190.7","ANXA8"," protein_coding","chr10",262.438616304776,2.92252412884442,0.742988080901938,2.61861034647751e-06,1.70992265942248e-05
"ENSG00000110400.11","NECTIN1"," protein_coding","chr11",751.500308438646,2.92229519078889,0.290742765965884,9.44373689034036e-10,1.16771666534268e-08
"ENSG00000224812.3","TMEM72-AS1"," lncRNA","chr10",39.5818184919409,2.92137450723266,0.650400266410755,2.6034231000446e-07,2.08739000564049e-06
"ENSG00000186472.20","PCLO"," protein_coding","chr7",277.363487543463,2.92038970112473,0.493333122651673,1.23869841920611e-10,1.78075870822193e-09
"ENSG00000211979.2","IGHV7-81"," IG_V_gene","chr14",6.24711728093291,2.92003235293848,1.52927736906699,0.00106424397470416,0.00377238212396957
"ENSG00000231185.7","SPRY4-AS1"," lncRNA","chr5",14.444109213153,2.91850089932307,0.675154302346063,6.55489279139473e-07,4.86884817499855e-06
"ENSG00000263513.5","FAM72C"," protein_coding","chr1",5.98674211424309,2.91793093042647,1.07200717756516,0.000248656475513134,0.00103897159923257
"ENSG00000135374.11","ELF5"," protein_coding","chr11",3.41067274714169,2.91769908054913,0.85931764946248,8.33729734913729e-07,6.04951806907924e-06
"ENSG00000213088.12","ACKR1"," protein_coding","chr1",354.035415340866,2.9176156838394,0.941704818411287,4.94452733112015e-05,0.000245659883701999
"ENSG00000197140.15","ADAM32"," protein_coding","chr8",28.4950038720614,2.91666849105123,0.935537134137591,5.12055938583826e-05,0.000253714280152057
"ENSG00000226330.1","AL606489.1"," lncRNA","chr1",15.9410434422459,2.915744443331,0.649491923776157,3.80987319188638e-07,2.94853253208103e-06
"ENSG00000234373.1","SNX18P7"," processed_pseudogene","chr9",5.47339916635416,2.91518666507762,0.948007353160142,0.000118703010760667,0.000538818568452829
"ENSG00000287642.1","AC093599.2"," lncRNA","chr4",2.80721954412466,2.9142935275582,1.34793083444701,0.000611982205620983,0.00230572319242553
"ENSG00000233966.1","UBE2SP1"," processed_pseudogene","chr17",3.48650288055345,2.90971544439326,1.0313937836853,0.000115145406761962,0.000524711196662969
"ENSG00000130768.15","SMPDL3B"," protein_coding","chr1",95.6551911704307,2.90837609592518,0.455433683555366,7.01624913771198e-12,1.25019530298058e-10
"ENSG00000176697.20","BDNF"," protein_coding","chr11",18.4289711475146,2.90625856612493,0.914629605233752,0.00752910331267089,0.0206387007355791
"ENSG00000261795.1","AC093627.7"," lncRNA","chr7",4.44924526340812,2.90486522077809,1.38537307478942,0.000606414155180088,0.00228799566581917
"ENSG00000120322.4","PCDHB8"," protein_coding","chr5",31.7481340855259,2.90373640886247,0.736533343563657,2.8243009383631e-06,1.82940784429685e-05
"ENSG00000102265.12","TIMP1"," protein_coding","chrX",17449.3494359969,2.90311318038284,0.421552613624157,9.33315678660769e-05,0.000434229218509746
"ENSG00000273367.1","AL355472.3"," lncRNA","chr1",6.43448806093728,2.90283910990581,0.957822919512347,0.000121946936693449,0.000551654807135732
"ENSG00000168298.7","H1-4"," protein_coding","chr6",8.07276798167342,2.90278080048457,0.900182743550858,6.08710057976552e-05,0.000295825786089937
"ENSG00000144821.10","MYH15"," protein_coding","chr3",20.4667101316173,2.902572563972,0.899828030915424,3.87991136406007e-05,0.000197234462492625
"ENSG00000154920.15","EME1"," protein_coding","chr17",52.5106735617032,2.89789600163347,0.508499577288116,4.68181219135076e-10,6.12119138545541e-09
"ENSG00000134253.10","TRIM45"," protein_coding","chr1",238.589169937979,2.8974770138973,0.406426117771621,4.20291361173243e-14,1.07917946426605e-12
"ENSG00000139714.12","MORN3"," protein_coding","chr12",77.7926488399077,2.89569504027184,0.612738636823864,9.18441948401133e-08,8.02817896101667e-07
"ENSG00000237423.3","LINC01522"," lncRNA","chr20",7.30377751081902,2.89449774705207,1.54786227447708,0.00135055808593118,0.00464831018389693
"ENSG00000171388.12","APLN"," protein_coding","chrX",61.715873980516,2.89348331673948,0.697494314070386,0.00215803759250101,0.00700821626983544
"ENSG00000145284.12","SCD5"," protein_coding","chr4",1468.05656208369,2.89168887172797,0.531780021960513,2.14295338148847e-09,2.49035088385008e-08
"ENSG00000189377.9","CXCL17"," protein_coding","chr19",3.83343599899969,2.89122023715811,0.679594102132574,0.000239374496261209,0.00100522814302378
"ENSG00000231920.1","NEBL-AS1"," lncRNA","chr10",3.71369395877182,2.88895336061315,1.1706555518948,0.000322266832662142,0.00130739933823672
"ENSG00000232677.9","LINC00665"," lncRNA","chr19",292.089015871386,2.88872557620093,0.528100377952641,1.66789632827746e-09,1.98332115774665e-08
"ENSG00000172318.5","B3GALT1"," protein_coding","chr2",7.67961925626107,2.88696809747925,0.951777892058835,9.62564540600866e-05,0.000446446892745852
"ENSG00000279138.1","AP002847.1"," TEC","chr8",4.09877082170644,2.8866409420703,1.28170758868277,0.000456088124720685,0.00178165722646011
"ENSG00000099822.3","HCN2"," protein_coding","chr19",40.4061450555051,2.88605031074243,0.715134082821746,1.79139687977648e-06,1.21349873632606e-05
"ENSG00000130821.17","SLC6A8"," protein_coding","chrX",815.945235393164,2.88403061430856,0.42693481298976,6.24334416983464e-13,1.31774316997038e-11
"ENSG00000150782.12","IL18"," protein_coding","chr11",1572.25376302393,2.88308791083759,0.635317553352616,1.93746041693892e-07,1.5941828745188e-06
"ENSG00000223572.10","CKMT1A"," protein_coding","chr15",12.2919181751882,2.87929687086452,1.10937862114236,0.000235195399545514,0.000990101689903754
"ENSG00000184611.12","KCNH7"," protein_coding","chr2",9.66437178383636,2.87885762229403,0.505294924634719,0.00409710057193497,0.0122723687187072
"ENSG00000161888.11","SPC24"," protein_coding","chr19",195.870093669904,2.87876499707567,0.436822057308534,1.75663747954269e-12,3.45744660194202e-11
"ENSG00000110492.15","MDK"," protein_coding","chr11",1765.87881280111,2.87797139560375,0.559243659801132,9.64314450141366e-09,1.01253017264843e-07
"ENSG00000105479.16","CCDC114"," protein_coding","chr19",41.2022072753978,2.87763924142361,0.861437664835337,2.40273839800978e-05,0.000128197322720957
"ENSG00000157227.13","MMP14"," protein_coding","chr14",7898.98588662608,2.87679784989939,0.302670247709068,1.29208108255164e-22,1.18530817820197e-20
"ENSG00000142319.18","SLC6A3"," protein_coding","chr5",6.92547175693755,2.87665380500449,1.46544749691444,0.00120272641380753,0.00420298631416699
"ENSG00000198901.14","PRC1"," protein_coding","chr15",3.62673765887747,2.87627285053471,1.08500255864081,0.000165178626460804,0.00072267816937681
"ENSG00000277840.1","AC026368.1"," lncRNA","chr12",10.4218366084076,2.87580488475553,0.606999098244968,1.65846321824519e-07,1.38572654291017e-06
"ENSG00000147036.12","LANCL3"," protein_coding","chrX",17.1290022857267,2.87530253055641,0.854132590956268,2.48509880030346e-05,0.00013208426914368
"ENSG00000225614.4","ZNF469"," protein_coding","chr16",336.828545292776,2.87498175873668,0.533184685163711,2.55303740115407e-09,2.92841321094232e-08
"ENSG00000156711.17","MAPK13"," protein_coding","chr6",1338.39589857634,2.87478007182337,0.326865132689364,6.41776901859305e-20,3.90813996875451e-18
"ENSG00000066405.13","CLDN18"," protein_coding","chr3",15.3258139152893,2.87313153435756,0.884709896834891,3.78233559134813e-05,0.00019291587602385
"ENSG00000161682.15","FAM171A2"," protein_coding","chr17",76.9787901669358,2.87253051229014,0.483665981792827,1.13831950047038e-10,1.64864158437043e-09
"ENSG00000255521.2","AL356215.1"," lncRNA","chr11",8.05586390132875,2.87022818183046,1.11195857829632,0.000317012028330485,0.00128859028070958
"ENSG00000273045.7","C2orf15"," protein_coding","chr2",84.0966071824746,2.8691424552659,0.474270036154325,5.95720473269477e-11,9.05029712749863e-10
"ENSG00000176532.4","PRR15"," protein_coding","chr7",89.9594852564504,2.86671658406883,0.870644129333033,2.71070556976504e-05,0.000143032870413308
"ENSG00000166503.9","HDGFL3"," protein_coding","chr15",814.386680580006,2.86630453025236,0.265648690547537,1.51806799000187e-28,3.23215512411421e-26
"ENSG00000100625.9","SIX4"," protein_coding","chr14",43.6165905168952,2.86495357717059,0.717995411195067,2.09368915508171e-06,1.39654285306605e-05
"ENSG00000269404.7","SPIB"," protein_coding","chr19",100.448791297079,2.8644174189069,0.838559039356403,1.80394270137196e-05,9.90199560713562e-05
"ENSG00000248099.4","INSL3"," protein_coding","chr19",14.8260498258239,2.86431205719359,0.645394063264828,3.82161468573526e-07,2.95526719958143e-06
"ENSG00000264230.9","ANXA8L1"," protein_coding","chr10",109.244808396948,2.86361650273319,0.888325290079936,3.39163896063211e-05,0.000175129610272045
"ENSG00000104881.16","PPP1R13L"," protein_coding","chr19",2009.92857201219,2.86287523637535,0.455004001304348,1.25695314153976e-11,2.15925006982174e-10
"ENSG00000177103.15","DSCAML1"," protein_coding","chr11",177.444017438886,2.86192713719371,0.70623768665884,1.60998525312636e-06,1.10083590830855e-05
"ENSG00000082458.12","DLG3"," protein_coding","chrX",947.81757111011,2.86189906041952,0.259334127111965,1.01476972527434e-29,2.50845916241757e-27
"ENSG00000050344.9","NFE2L3"," protein_coding","chr7",459.320119666593,2.86141919255871,0.438697842403272,2.69205299945633e-12,5.12561970895181e-11
"ENSG00000227640.3","SOX21-AS1"," lncRNA","chr13",9.77189303055937,2.86021231792216,1.22972972205327,0.000509110601240053,0.00196379887960475
"ENSG00000223949.8","ROR1-AS1"," lncRNA","chr1",3.86172098746566,2.85902768321252,1.19595947768694,0.000322954671039582,0.00130946132882313
"ENSG00000261342.1","AC006538.1"," lncRNA","chr19",19.9411883537037,2.85804169272547,0.605781275328448,9.43593247247743e-08,8.22338554794426e-07
"ENSG00000213185.7","FAM24B"," protein_coding","chr10",37.4879329272474,2.85573566047042,0.558583977405024,1.2227700700467e-08,1.25809453873694e-07
"ENSG00000236740.6","AL033384.1"," lncRNA","chr6",8.84294172786684,2.85498950769756,1.25631593922517,0.000579339558487125,0.00219778327240356
"ENSG00000205869.2","KRTAP5-1"," protein_coding","chr11",20.9227004053459,2.85480864628582,0.712171822446528,2.35380376864201e-06,1.55194625062203e-05
"ENSG00000244558.6","KCNK15-AS1"," lncRNA","chr20",5.06681401418825,2.85388371773436,1.1871261634499,0.000429036740419068,0.00168682742704998
"ENSG00000283518.1","LINC02775"," lncRNA","chr1",1.43850450784444,2.85233970363191,0.909608996125257,0.00132961299685358,0.00458379405569343
"ENSG00000241634.1","AC069499.1"," processed_pseudogene","chr3",4.90798243471083,2.85029190069783,0.875208441628217,8.56043472962696e-05,0.000401768818388558
"ENSG00000283538.3","AC005972.3"," lncRNA","chr17",2.6320167120001,2.84785082077071,1.20807419688897,0.000261029625716001,0.00108488350684178
"ENSG00000176956.13","LY6H"," protein_coding","chr8",16.8221385548018,2.84541367021163,0.899591150712182,5.01107265543568e-05,0.000248711890907612
"ENSG00000236393.2","AC091806.1"," lncRNA","chrX",8.3000205057796,2.84390484368823,0.998853837143403,0.000168803812262377,0.00073688093383437
"ENSG00000187527.11","ATP13A5"," protein_coding","chr3",8.61477970909655,2.84339452572015,1.35912788786589,0.000894377581425167,0.00324116035191834
"ENSG00000162062.15","TEDC2"," protein_coding","chr16",124.349519178929,2.83920711236168,0.413872885875787,2.80689080932408e-13,6.30771941580694e-12
"ENSG00000133636.11","NTS"," protein_coding","chr12",202.592438489611,2.83814510382224,1.22831557393274,0.000341883707287602,0.00137645353455791
"ENSG00000108511.10","HOXB6"," protein_coding","chr17",45.0864029661064,2.83692436687101,0.672986322326695,8.08794359301776e-07,5.89056745729676e-06
"ENSG00000152127.9","MGAT5"," protein_coding","chr2",1927.97892326326,2.83664893523158,0.365599712429963,3.66297857210888e-16,1.2481941818907e-14
"ENSG00000198237.8","GUSBP13"," unprocessed_pseudogene","chr5",4.35322022438986,2.83632129177132,1.19115549162733,0.00733847543447256,0.020188247660863
"ENSG00000176826.15","FKBP9P1"," transcribed_unprocessed_pseudogene","chr7",23.648387991749,2.83428223145099,0.560231062705494,0.0203428774113719,0.0479461369757844
"ENSG00000187672.14","ERC2"," protein_coding","chr3",8.53895591649105,2.83374191462103,1.02027044705092,0.000190517920541299,0.000820495677582924
"ENSG00000132563.16","REEP2"," protein_coding","chr5",46.2125993379536,2.83350493428949,0.65103289925038,4.68691648850624e-07,3.56579726273444e-06
"ENSG00000119283.15","TRIM67"," protein_coding","chr1",18.3727724271659,2.83160878795018,0.65242073415391,0.0129971428749471,0.0329263210456254
"ENSG00000121900.19","TMEM54"," protein_coding","chr1",1172.85835686722,2.82939658772218,0.541480321001877,6.61125245133508e-09,7.10551299753106e-08
"ENSG00000205755.12","CRLF2"," protein_coding","chrX",12.0249358583835,2.82938412772629,1.2673444626023,0.000582849577452934,0.00220908775009416
"ENSG00000280032.1","AP002800.1"," TEC","chr11",4.57331936456916,2.82878945096163,1.1035716035819,0.000371711981792207,0.00148442037276623
"ENSG00000175643.10","RMI2"," protein_coding","chr16",224.290171580638,2.82824455118764,0.347616873495871,1.85430268832395e-17,7.85024021998859e-16
"ENSG00000188322.8","SBK1"," protein_coding","chr16",157.165699955443,2.82812365909674,0.493058889512645,3.73907581961805e-10,4.96879738416578e-09
"ENSG00000253210.2","AC040970.1"," lncRNA","chr8",68.9007572274762,2.82752037345075,0.339823937236404,4.05331395067587e-18,1.91312483215638e-16
"ENSG00000255794.9","RMST"," lncRNA","chr12",8.21338566644807,2.82659123010649,1.91639687793742,0.001987973868571,0.00652494765076489
"ENSG00000107130.10","NCS1"," protein_coding","chr9",832.307078219703,2.82428871513728,0.404319721139706,1.22805000548138e-13,2.90518983048552e-12
"ENSG00000185483.12","ROR1"," protein_coding","chr1",187.430186295826,2.82370650704079,0.492659603966543,3.75220360667637e-10,4.98397208575333e-09
"ENSG00000166268.11","MYRFL"," protein_coding","chr12",21.274893167878,2.82337620749715,0.73326466231162,4.4709493733299e-06,2.7866051767235e-05
"ENSG00000165816.13","VWA2"," protein_coding","chr10",177.987002604348,2.82298259333254,1.09723956057975,0.000215976329513452,0.000916603165368527
"ENSG00000188505.5","NCCRP1"," protein_coding","chr19",17.03194176471,2.82193147156067,1.07301464106728,0.000208170225450235,0.000888385853132102
"ENSG00000228689.8","AL355997.1"," lncRNA","chr6",11.0651625765605,2.82171328844034,1.03757769018275,0.000187344294177681,0.000808738451512326
"ENSG00000176753.5","C15orf56"," lncRNA","chr15",6.49470285529024,2.82096115965516,1.00445824886592,0.000202406054479042,0.000866249471406492
"ENSG00000229951.5","FLJ31356"," lncRNA","chr2",13.5483738092101,2.81947511749703,0.852810101393827,3.31429899388231e-05,0.000171622203714811
"ENSG00000042980.13","ADAM28"," protein_coding","chr8",436.546345958676,2.81943124616168,0.500530028903235,6.69479429486715e-10,8.52008965039179e-09
"ENSG00000276691.1","AC004466.3"," lncRNA","chr12",5.79685751898532,2.8191762217825,1.02211084920395,0.000213095126685995,0.000906353419408545
"ENSG00000189120.5","SP6"," protein_coding","chr17",65.8050509955407,2.81805253501416,0.621302045567556,1.8702508295785e-07,1.54335069479223e-06
"ENSG00000172020.13","GAP43"," protein_coding","chr3",11.6520096527655,2.81713366049584,0.75639261217575,9.08075470178723e-06,5.31987414935593e-05
"ENSG00000155966.14","AFF2"," protein_coding","chrX",42.3537883508323,2.81709074112146,0.907485235184901,5.21087581288609e-05,0.000257664072870104
"ENSG00000163393.13","SLC22A15"," protein_coding","chr1",292.579103554896,2.81691062057905,0.627394649384947,2.44044764793731e-07,1.97025788659517e-06
"ENSG00000187642.9","PERM1"," protein_coding","chr1",10.0619818470316,2.81602114993262,0.729834113279282,5.51975571514105e-06,3.36409850511804e-05
"ENSG00000153822.14","KCNJ16"," protein_coding","chr17",901.321836671973,2.81516475161849,0.571928764014738,3.08285223586725e-08,2.94928556471013e-07
"ENSG00000139514.13","SLC7A1"," protein_coding","chr13",1019.45651695849,2.81447301171184,0.522663214507943,2.71958380421573e-09,3.10358137657154e-08
"ENSG00000144730.19","IL17RD"," protein_coding","chr3",144.593536170104,2.8134844673006,0.454887144152697,2.36932284058491e-11,3.86389903313075e-10
"ENSG00000258227.7","CLEC5A"," protein_coding","chr7",81.0790386447577,2.81343429304576,0.55101552527123,1.22155175444074e-08,1.25728451394785e-07
"ENSG00000225506.2","CYP4A22-AS1"," lncRNA","chr1",9.52915665633038,2.81332173934468,0.855827051681729,4.27204393568853e-05,0.000215255224667643
"ENSG00000262979.1","AC124319.1"," lncRNA","chr17",5.45920801330767,2.81275932910221,1.03450419856578,0.000283233930601858,0.00116492534147287
"ENSG00000146592.17","CREB5"," protein_coding","chr7",667.059289270318,2.81225071288105,0.449815249667956,1.67967731402984e-11,2.83205246086337e-10
"ENSG00000239122.1","RNU2-11P"," snRNA","chr3",3.58399722726111,2.81201646959917,1.10645244110161,0.000215774299971425,0.000916012306195094
"ENSG00000146858.8","ZC3HAV1L"," protein_coding","chr7",74.1997728004864,2.81008020661217,0.364642315685027,6.09748171205298e-16,2.00064616489171e-14
"ENSG00000122952.17","ZWINT"," protein_coding","chr10",501.564495709969,2.80975569682458,0.452937189808842,2.13525434847857e-11,3.51683986960878e-10
"ENSG00000263874.2","LINC00672"," protein_coding","chr17",81.3030398229559,2.80965236837474,0.541451768669898,8.0419288586858e-09,8.54865243728157e-08
"ENSG00000226101.2","LINC02097"," lncRNA","chr17",3.66046280245605,2.80956820740763,1.28558878183441,0.000736894169321111,0.0027239216860889
"ENSG00000112312.10","GMNN"," protein_coding","chr6",1749.25091628409,2.80916355136025,0.410006040843557,3.33641028343135e-13,7.38950277580934e-12
"ENSG00000278192.1","AL118505.1"," lncRNA","chr20",14.9811721851185,2.80837434798025,1.00802375968686,0.000145177803170352,0.000644157490215394
"ENSG00000137819.14","PAQR5"," protein_coding","chr15",607.330961408803,2.80751446107076,0.478472174560801,1.79986460835019e-10,2.50957221610739e-09
"ENSG00000165935.9","SMCO2"," protein_coding","chr12",18.869164532076,2.80715499017971,0.80304930004839,1.5728249400245e-05,8.73196244301001e-05
"ENSG00000053918.18","KCNQ1"," protein_coding","chr11",752.010178575604,2.80580018056374,0.457996497412575,3.78328993366362e-11,5.94904496361371e-10
"ENSG00000245614.4","DDX11-AS1"," lncRNA","chr12",15.4338705557133,2.80486580474415,0.468398157662143,1.43878815924841e-10,2.04821921996667e-09
"ENSG00000145103.15","ILDR1"," protein_coding","chr3",196.354341566121,2.8034303013511,0.340662214515173,8.97752660435075e-18,4.02251111401393e-16
"ENSG00000168779.20","SHOX2"," protein_coding","chr3",11.650087781177,2.80251107679571,0.727845094422226,5.35834656466482e-06,3.27821549441288e-05
"ENSG00000122863.6","CHST3"," protein_coding","chr10",989.503571802258,2.80036462644412,0.481429852383093,2.27697087634618e-10,3.1343541053394e-09
"ENSG00000182963.11","GJC1"," protein_coding","chr17",256.879921895464,2.79971707603406,0.450807400513825,2.09774697273283e-11,3.46877445848322e-10
"ENSG00000258793.1","AL355102.4"," lncRNA","chr14",79.1985576768213,2.7994739067034,0.707439863719512,2.45234388924806e-06,1.61109051588912e-05
"ENSG00000283674.3","AC068587.4"," lncRNA","chr8",31.1213127400105,2.79818782813845,0.744271102257524,5.51419432085714e-06,3.36241820678929e-05
"ENSG00000127366.5","TAS2R5"," protein_coding","chr7",16.3344313317802,2.79703868627115,0.723935750896255,4.7538091507253e-06,2.94403097914026e-05
"ENSG00000156127.8","BATF"," protein_coding","chr14",252.908923214284,2.79695950029768,0.656859639421153,6.73827096761991e-07,4.98348442835966e-06
"ENSG00000227440.1","ATP5MC1P4"," processed_pseudogene","chr3",9.10839365099587,2.79686261728263,0.756007234171202,1.08258617232404e-05,6.23085162993685e-05
"ENSG00000273230.1","AC102953.2"," lncRNA","chr7",98.1443572038522,2.79624055615839,0.42605173275765,2.22081332666861e-12,4.28715446231612e-11
"ENSG00000175329.13","ISX"," protein_coding","chr22",13.2870569980964,2.79567508521202,1.50442766251131,0.00108016272766357,0.00382416150057273
"ENSG00000111247.15","RAD51AP1"," protein_coding","chr12",128.351311792797,2.7953911352505,0.464772157362272,7.24656308244031e-11,1.08175536618066e-09
"ENSG00000079462.8","PAFAH1B3"," protein_coding","chr19",490.593599401694,2.79481925373458,0.421463104465237,1.29514918873703e-12,2.59465705262847e-11
"ENSG00000137310.12","TCF19"," protein_coding","chr6",424.479956234238,2.79446651636713,0.371277350592684,2.26159630132587e-15,6.95137012785819e-14
"ENSG00000135454.14","B4GALNT1"," protein_coding","chr12",76.1835757036474,2.79430031447698,0.681752916646417,1.38550265811399e-06,9.58125344583379e-06
"ENSG00000224420.3","ADM5"," protein_coding","chr19",48.5616105926536,2.79393384543841,0.689072826848245,1.6329159893799e-06,1.11414301758136e-05
"ENSG00000138160.7","KIF11"," protein_coding","chr10",355.676006736563,2.79364159424584,0.406801260394793,2.76218427805921e-13,6.22163345225553e-12
"ENSG00000229891.2","LINC01315"," lncRNA","chr22",80.834852774822,2.79295347858685,0.711211294138105,2.72467446603926e-06,1.76927937444121e-05
"ENSG00000187486.5","KCNJ11"," protein_coding","chr11",221.87909793785,2.79032973553047,0.429422961669744,3.26914524881394e-12,6.14022522618505e-11
"ENSG00000012779.11","ALOX5"," protein_coding","chr10",1049.4941519569,2.78814945434227,0.450587677438367,2.36981568455241e-11,3.86389903313075e-10
"ENSG00000286451.1","AL499602.1"," lncRNA","chr9",122.408130407347,2.78684351493576,0.492339120469669,5.98370352820328e-10,7.68554153298818e-09
"ENSG00000222041.11","CYTOR"," lncRNA","chr2",280.880643872856,2.78527501584632,0.310802169576393,1.34583577386618e-20,8.97589049230188e-19
"ENSG00000146955.11","RAB19"," protein_coding","chr7",71.3136733594433,2.78379345118917,0.431255400564976,4.69903286724981e-12,8.57198809911255e-11
"ENSG00000109674.4","NEIL3"," protein_coding","chr4",20.013190420448,2.78356494464863,0.681129815838032,1.51207051182784e-06,1.03777846492956e-05
"ENSG00000254842.6","LINC02551"," lncRNA","chr11",4.57628589801584,2.78350901570444,1.17585050957443,0.000597798628156639,0.00225811812803691
"ENSG00000123219.13","CENPK"," protein_coding","chr5",106.083862570915,2.7826528284433,0.568888847564442,3.56162687664391e-08,3.37144627036062e-07
"ENSG00000171124.13","FUT3"," protein_coding","chr19",199.001774190109,2.78251517144329,0.754112782560024,6.79508900837007e-06,4.08167115496595e-05
"ENSG00000280721.1","LINC01943"," lncRNA","chr2",19.0581992380581,2.78126471686697,0.681727198601951,1.58046376189687e-06,1.08191850435977e-05
"ENSG00000233487.6","RPSAP69"," transcribed_processed_pseudogene","chr3",3.66234888643668,2.77609321553783,1.2155345681973,0.0004617731920591,0.00180098278298627
"ENSG00000171044.11","XKR6"," protein_coding","chr8",39.1319780893111,2.7744795104611,0.416947294918218,1.2854637684767e-12,2.57702355070082e-11
"ENSG00000233913.7","RPL10P9"," processed_pseudogene","chr5",150.615389778633,2.77293399935948,0.794172734561357,1.3812479329695e-05,7.77341712459722e-05
"ENSG00000144810.16","COL8A1"," protein_coding","chr3",483.377511942395,2.77229636125932,0.430426323351946,4.65870452792521e-12,8.50906401847529e-11
"ENSG00000273445.1","AC133644.1"," lncRNA","chr2",8.2021189137401,2.77201618507786,0.754609195604304,1.2338056771046e-05,7.00990997184729e-05
"ENSG00000236305.1","SLC12A9-AS1"," lncRNA","chr7",7.80022931842604,2.77196489504552,0.638330399107177,1.03397915844361e-06,7.33466392817162e-06
"ENSG00000114948.13","ADAM23"," protein_coding","chr2",56.3947182601026,2.77146992813196,0.762953291389385,0.0017337280239547,0.00579014343150157
"ENSG00000120658.13","ENOX1"," protein_coding","chr13",78.1963887141692,2.76983916257463,0.560450903669018,2.84921608758328e-08,2.74467582756661e-07
"ENSG00000103044.11","HAS3"," protein_coding","chr16",187.73938556876,2.76951961305248,0.484593743379952,4.25946003500028e-10,5.6142878337516e-09
"ENSG00000284308.1","C2orf81"," protein_coding","chr2",13.770527949758,2.76784705384872,0.598981459196921,1.70774536754053e-07,1.42404873144053e-06
"ENSG00000131015.5","ULBP2"," protein_coding","chr6",21.6030114292752,2.76737437988585,0.652940712433047,0.0044298424738506,0.0131075345019018
"ENSG00000116675.16","DNAJC6"," protein_coding","chr1",154.233889869494,2.7671133598575,0.630658036261647,3.91473558048449e-07,3.01927345709022e-06
"ENSG00000144130.11","NT5DC4"," protein_coding","chr2",4.2288316592579,2.76639318983843,1.00478481844954,0.000235104192983695,0.000989860595430342
"ENSG00000253047.1","AL356356.1"," snoRNA","chr1",8.00756666782264,2.76547187291505,0.778254638776077,2.07135778927812e-05,0.000111846418651339
"ENSG00000176887.7","SOX11"," protein_coding","chr2",7.4358112382759,2.76202048941513,0.975874820666334,0.000160827723126903,0.000705123080698726
"ENSG00000231940.1","RPS7P3"," processed_pseudogene","chr1",4.27894466818422,2.75985251709477,1.01473887659561,0.00025112508560629,0.00104763552946937
"ENSG00000120875.9","DUSP4"," protein_coding","chr8",586.538450316851,2.75889135899632,0.49863665074507,1.25939520571042e-09,1.52365403381863e-08
"ENSG00000273001.1","AL731533.2"," lncRNA","chr10",6.89023675581192,2.75878622639195,0.937273478464318,0.000140913346399484,0.000626952623722782
"ENSG00000137573.14","SULF1"," protein_coding","chr8",1739.77842579128,2.75829229261997,0.457900082857904,7.58011417191555e-11,1.12635940030873e-09
"ENSG00000183092.16","BEGAIN"," protein_coding","chr14",41.4715157096019,2.75784226374753,0.369406324654691,0.00238440547652485,0.00764797925497617
"ENSG00000163507.14","CIP2A"," protein_coding","chr3",146.634553959377,2.75646884570742,0.464644629671405,1.17044604598913e-10,1.68846393251518e-09
"ENSG00000034510.6","TMSB10"," protein_coding","chr2",32461.5739927838,2.75355467758515,0.456060433269631,6.28691102955577e-11,9.52143861999544e-10
"ENSG00000164114.19","MAP9"," protein_coding","chr4",213.322708213404,2.753428720901,0.305605104404631,8.71349006681625e-21,5.92456391046534e-19
"ENSG00000203814.6","H2BC18"," protein_coding","chr1",27.2544411662456,2.75029603665544,0.5587151693639,3.66798753177979e-08,3.46362992277387e-07
"ENSG00000187416.12","LHFPL3"," protein_coding","chr7",10.7069124360463,2.74949311989243,1.24765687155906,0.0006191526332517,0.00232882826038928
"ENSG00000249859.12","PVT1"," lncRNA","chr8",192.646219486253,2.74896862708569,0.397402978376322,1.8682730607256e-13,4.31136526173299e-12
"ENSG00000143036.17","SLC44A3"," protein_coding","chr1",1925.27118682008,2.74846713854592,0.500389061505964,1.51721053859255e-09,1.81449422715072e-08
"ENSG00000256894.1","AC022509.3"," lncRNA","chr12",14.1500379722688,2.74739078791922,0.739473769574254,7.85862825089071e-06,4.65373676236831e-05
"ENSG00000064651.14","SLC12A2"," protein_coding","chr5",4000.91433393423,2.74553000953162,0.447493426027402,3.99126078929016e-11,6.2390721309113e-10
"ENSG00000287672.1","AC003086.1"," lncRNA","chr7",10.9141969435458,2.74442500873081,0.654049936707466,1.44022076272379e-06,9.9149868840902e-06
"ENSG00000229155.1","LINC02038"," lncRNA","chr3",16.4334917368607,2.74442287339956,0.86172042557644,4.75720851777344e-05,0.000237567223514695
"ENSG00000221890.6","NPTXR"," protein_coding","chr22",455.444268324189,2.74392790795744,0.413370824896408,1.24991622465326e-12,2.51266756422543e-11
"ENSG00000267013.6","LINC01929"," lncRNA","chr18",4.08971272074396,2.74392347063591,1.45553346653284,0.00104527356739294,0.00371009791765451
"ENSG00000188613.7","NANOS1"," protein_coding","chr10",64.0829326073552,2.74380314620387,0.67006999661682,1.39756359655737e-06,9.64864675691882e-06
"ENSG00000161800.13","RACGAP1"," protein_coding","chr12",443.119503562152,2.74291459712588,0.398967178277378,2.64841604519602e-13,5.96998822429079e-12
"ENSG00000286048.1","AC008966.3"," lncRNA","chr5",1.61776644154896,2.74002161859392,1.52804624562678,0.00136706390652001,0.0046962533375671
"ENSG00000286472.1","AL035252.5"," lncRNA","chr20",4.1595155483539,2.73921966998918,1.4904466569119,0.00113066468077621,0.00398025079333348
"ENSG00000185737.13","NRG3"," protein_coding","chr10",165.264950088691,2.73859113074121,0.558881006543153,3.51337528925447e-08,3.33170485944788e-07
"ENSG00000092445.12","TYRO3"," protein_coding","chr15",621.056046223205,2.73764459234571,0.418007324679483,2.25581414106723e-12,4.34609264734413e-11
"ENSG00000287125.1","AC018695.9"," lncRNA","chr16",4.89899916548022,2.73739442305613,1.30939852158518,0.000959112943704339,0.0034462140249953
"ENSG00000189431.8","RASSF10"," protein_coding","chr11",11.5326036021829,2.73729222009223,1.1546636514752,0.000457424021947536,0.00178639728158893
"ENSG00000280216.1","AL022326.2"," TEC","chr22",3.30403443424664,2.73720085073802,1.12480519917985,0.000370332164716772,0.00147975601542788
"ENSG00000101349.17","PAK5"," protein_coding","chr20",79.6630127694832,2.73595063618753,0.980462148783213,0.000125979939189158,0.000567697952449955
"ENSG00000173391.9","OLR1"," protein_coding","chr12",174.754818985874,2.73485107510907,0.56572165821548,4.80626880151474e-08,4.42252538395532e-07
"ENSG00000163735.7","CXCL5"," protein_coding","chr4",249.996092917992,2.73309521853102,1.13669691088184,0.000330429450996254,0.00133586925240606
"ENSG00000169330.9","MINAR1"," protein_coding","chr15",29.3130801247701,2.73288814219466,0.693983433441676,2.91849134803119e-06,1.88715305100248e-05
"ENSG00000224259.7","LINC01133"," lncRNA","chr1",26.5272320090223,2.73192493595179,0.64461047673267,9.02936097116247e-07,6.50314642389724e-06
"ENSG00000135740.17","SLC9A5"," protein_coding","chr16",77.5650703414195,2.72818152511446,0.622178549046556,3.84515768417886e-07,2.96953678818674e-06
"ENSG00000273287.2","AL008718.2"," lncRNA","chr22",4.77372579398899,2.72612190877087,0.86393461986019,0.000105020350811581,0.000483505085230131
"ENSG00000203706.8","SERTAD4-AS1"," lncRNA","chr1",26.4919761481945,2.72569579476182,0.796652212955657,1.88880781862344e-05,0.000103270169187305
"ENSG00000204060.7","FOXO6"," protein_coding","chr1",123.229226870415,2.725249347524,0.54001527198451,1.61957622627278e-08,1.625651030425e-07
"ENSG00000198535.5","C2CD4A"," protein_coding","chr15",454.973864309378,2.72339023728212,0.897332530091974,6.15362328788285e-05,0.000298362762108136
"ENSG00000170921.15","TANC2"," protein_coding","chr17",764.502104146454,2.72274163155855,0.270353393362695,3.01232288624891e-25,4.24475585840553e-23
"ENSG00000211892.4","IGHG4"," IG_C_gene","chr14",7273.32594756361,2.72271812621621,1.1985784789297,0.000493418012504911,0.00191084838114123
"ENSG00000260996.1","BX255925.1"," lncRNA","chr9",35.9210290862764,2.72239094181763,0.761211330389371,1.08995908715768e-05,6.2671036099551e-05
"ENSG00000198467.16","TPM2"," protein_coding","chr9",3750.62815577729,2.72124417092044,0.632497611010995,5.56452024636373e-07,4.17897762786261e-06
"ENSG00000127533.4","F2RL3"," protein_coding","chr19",177.455923574984,2.72081202098488,0.539955676562479,1.6979382744865e-08,1.69671673615954e-07
"ENSG00000230606.11","AC092683.1"," lncRNA","chr2",13.1645898957627,2.72071829482074,1.03005297497033,0.000225952839096588,0.000955052653761537
"ENSG00000188158.16","NHS"," protein_coding","chrX",117.051182001126,2.72011900142031,0.497031091156023,1.71881316697167e-09,2.03805127103238e-08
"ENSG00000112981.5","NME5"," protein_coding","chr5",127.679253551819,2.71957865102433,0.568964105781261,6.32872438872402e-08,5.69233924436296e-07
"ENSG00000264548.1","AC132872.2"," lncRNA","chr17",11.0398916125584,2.71924012703561,0.825274669916108,3.58315228517734e-05,0.000183814577921804
"ENSG00000160345.13","C9orf116"," protein_coding","chr9",81.5249237078244,2.71817196216709,0.3412247013076,2.53465602464052e-06,1.65881493342471e-05
"ENSG00000169302.16","STK32A"," protein_coding","chr5",87.6705091479277,2.71703844301034,0.62323998242316,4.4249128256983e-07,3.38166850241264e-06
"ENSG00000172244.9","C5orf34"," protein_coding","chr5",53.0148534475762,2.71680042732876,0.489851763144101,1.2847462621558e-09,1.55368008792797e-08
"ENSG00000187951.11","AC091057.1"," lncRNA","chr15",51.1397560164232,2.71646507433532,0.481959989625311,6.44367640844577e-10,8.23283386587625e-09
"ENSG00000123095.6","BHLHE41"," protein_coding","chr12",504.532562948569,2.7153258285118,0.474623026049418,4.06172834336593e-10,5.36578596230258e-09
"ENSG00000213793.5","ZNF888"," protein_coding","chr19",464.679706214649,2.7149148818928,0.606257346250592,2.68076317916295e-07,2.14409600145336e-06
"ENSG00000007968.7","E2F2"," protein_coding","chr1",55.5110218864163,2.71441452431166,0.438820093076046,2.54966345633687e-11,4.1271439155322e-10
"ENSG00000042493.16","CAPG"," protein_coding","chr2",1912.74311732218,2.71351161910978,0.467392875597664,2.74642154338016e-10,3.73127014433423e-09
"ENSG00000260025.1","CRIM1-DT"," lncRNA","chr2",64.0743487284765,2.7130167276133,0.450244007100948,6.94797097839896e-11,1.04198131346488e-09
"ENSG00000179750.16","APOBEC3B"," protein_coding","chr22",93.1035681382983,2.71274881619154,0.443224984334426,3.90270333899602e-11,6.12361235584588e-10
"ENSG00000288234.1","BX255925.4"," lncRNA","chr9",5.64577368461929,2.7089891284739,1.260394818966,0.000941668659946288,0.00338979799357933
"ENSG00000141756.19","FKBP10"," protein_coding","chr17",3176.29415255793,2.70878264707375,0.411947432086145,1.94057976135264e-12,3.78627231163178e-11
"ENSG00000159166.15","LAD1"," protein_coding","chr1",5269.11520114356,2.70819001156238,0.433015609846418,1.74856297305939e-11,2.93462792641941e-10
"ENSG00000144959.11","NCEH1"," protein_coding","chr3",1381.40550929144,2.70703975844265,0.46635298358171,2.61382485666815e-10,3.56107693807348e-09
"ENSG00000174307.7","PHLDA3"," protein_coding","chr1",1501.75043986149,2.70664379397439,0.370425081797685,1.13481795104085e-14,3.21373833144762e-13
"ENSG00000204323.5","SMIM5"," protein_coding","chr17",54.222517225633,2.70640215758369,0.566573953803032,6.38031609858818e-08,5.72665395580685e-07
"ENSG00000114270.17","COL7A1"," protein_coding","chr3",543.74090901862,2.70618679024241,0.536544326970161,1.741008554093e-08,1.73678107094181e-07
"ENSG00000131981.16","LGALS3"," protein_coding","chr14",3300.09955986698,2.70614596339531,0.332444288165196,1.82027677092444e-17,7.73989112698177e-16
"ENSG00000232363.1","AL021391.1"," lncRNA","chr22",1.63165109320184,2.70584830614617,1.58227351176224,0.00176022643647836,0.00587070676862195
"ENSG00000113073.15","SLC4A9"," protein_coding","chr5",5.35203819044031,2.70477759486596,1.47532169296291,0.00130942143272301,0.00452595257389471
"ENSG00000284946.1","AC068831.6"," protein_coding","chr15",17.3489605967818,2.70469622939753,0.70032702665712,4.42996793621046e-06,2.76401571617803e-05
"ENSG00000184305.15","CCSER1"," protein_coding","chr4",36.778313085835,2.70447322730076,0.725735836035435,6.42728722479307e-06,3.8807191277166e-05
"ENSG00000276103.1","U4"," snRNA","chr1",2.50189787342622,2.70280136177576,1.29019583686085,0.000609383947070592,0.00229771462669365
"ENSG00000214425.8","LRRC37A4P"," transcribed_unprocessed_pseudogene","chr17",68.4021351282818,2.70171113197149,0.441686838711108,3.91365077053316e-11,6.13748813578934e-10
"ENSG00000238062.6","SPATA3-AS1"," lncRNA","chr2",6.07136851205486,2.70091604904056,1.08845491807969,0.000493484459494627,0.00191085201101803
"ENSG00000276851.1","AC002401.4"," lncRNA","chr17",5.3047632616162,2.70076999514511,1.48656365760118,0.00128805212650823,0.00446107723558758
"ENSG00000155897.10","ADCY8"," protein_coding","chr8",38.4698566700343,2.70037617124836,1.72937637288948,0.0013968966785308,0.00478072031163497
"ENSG00000131389.17","SLC6A6"," protein_coding","chr3",1282.20580002314,2.69961915222128,0.494784324326345,1.91857051050626e-09,2.24930800727319e-08
"ENSG00000171219.9","CDC42BPG"," protein_coding","chr11",728.485294999673,2.6970097299881,0.322306244660414,2.64066184373053e-18,1.27949277939827e-16
"ENSG00000158528.12","PPP1R9A"," protein_coding","chr7",576.467427463864,2.69638064360942,0.380834209230428,5.89323887423124e-14,1.47048661011506e-12
"ENSG00000254854.1","AP003390.1"," lncRNA","chr11",6.59114740571014,2.69621041649616,0.907096202604281,0.000130828796806245,0.000585927402739346
"ENSG00000184292.7","TACSTD2"," protein_coding","chr1",2777.45208720427,2.695825995632,0.684576056633393,2.78030782856755e-06,1.80339779967727e-05
"ENSG00000153558.16","FBXL2"," protein_coding","chr3",162.550564226165,2.69542297118313,0.250810808439995,2.8498887662519e-28,5.81317520439172e-26
"ENSG00000137135.18","ARHGEF39"," protein_coding","chr9",69.6895362114792,2.69512247762041,0.310160753043306,5.20688852227898e-10,6.75321170770812e-09
"ENSG00000117115.13","PADI2"," protein_coding","chr1",190.303884901902,2.69379840041469,0.437524830975389,2.91619959297812e-11,4.67634007298398e-10
"ENSG00000017483.15","SLC38A5"," protein_coding","chrX",92.3406154188853,2.6935001888923,0.710995974247681,0.00224066383945598,0.00724315879912471
"ENSG00000175697.11","GPR156"," protein_coding","chr3",5.63476287864454,2.69005135575485,1.16806217809979,0.000646363766826817,0.00242149816524164
"ENSG00000140525.19","FANCI"," protein_coding","chr15",352.112560107438,2.68987235893972,0.285697960568793,2.0372747808259e-22,1.80623915142585e-20
"ENSG00000227356.2","LINC00866"," lncRNA","chr10",3.2370826626991,2.68504226460916,1.0719657478028,0.000262572849121172,0.00108962689372819
"ENSG00000161040.16","FBXL13"," protein_coding","chr7",24.6026873550342,2.68402369507817,0.635152970654397,9.24988956590326e-07,6.63925053934889e-06
"ENSG00000228594.4","FNDC10"," protein_coding","chr1",111.984680484766,2.68398269332342,0.510363829296377,5.20443523239195e-09,5.683570621252e-08
"ENSG00000267279.2","AC090409.1"," lncRNA","chr18",7.66269261536912,2.68372514925876,0.771942972370783,2.70049817723949e-05,0.000142571640419726
"ENSG00000261136.1","AC023908.3"," lncRNA","chr15",18.9465998463544,2.68349352631819,0.777280149939859,1.96805493960222e-05,0.000107011829711324
"ENSG00000158427.15","TMSB15B"," protein_coding","chrX",4.53856044760748,2.68225270204064,1.15233406654902,0.000533008212250921,0.00204381708204905
"ENSG00000149418.11","ST14"," protein_coding","chr11",4715.37399694554,2.68178612756067,0.325889807320003,7.90737800115427e-18,3.57597378163828e-16
"ENSG00000197653.16","DNAH10"," protein_coding","chr12",36.5956133530388,2.67986592858321,0.702201420206301,4.6144998178289e-06,2.86444658834329e-05
"ENSG00000205078.6","SYCE1L"," protein_coding","chr16",104.311345101144,2.67984137450826,0.548069408510491,3.56227412844165e-08,3.37144627036062e-07
"ENSG00000083720.13","OXCT1"," protein_coding","chr5",360.358084036282,2.67983334161962,0.590128794606326,1.93219064396248e-07,1.59029539767894e-06
"ENSG00000177602.5","HASPIN"," protein_coding","chr17",27.6672739385293,2.67937886114909,0.514681796338094,8.13994531897167e-09,8.64064292726462e-08
"ENSG00000134627.12","PIWIL4"," protein_coding","chr11",271.969099975559,2.67848704128803,0.534672325253024,2.02029119294193e-08,1.9942427684238e-07
"ENSG00000258777.1","HIF1A-AS1"," lncRNA","chr14",1.52191210428692,2.67745895609573,1.45760831861726,0.00105435477988038,0.003740055280838
"ENSG00000102554.14","KLF5"," protein_coding","chr13",1324.58932051531,2.67551349130877,0.437923820485248,3.96223410714064e-11,6.19701912446034e-10
"ENSG00000007237.19","GAS7"," protein_coding","chr17",391.598903831908,2.67396907475784,0.461260422737495,0.00251421993797275,0.00801938560642177
"ENSG00000170004.17","CHD3"," protein_coding","chr17",3676.42129620277,2.67352675991907,0.43120815946986,2.60326808140808e-11,4.19992957226727e-10
"ENSG00000284719.1","AL033527.3"," lncRNA","chr1",16.6972465573854,2.67333921957046,0.786423896276922,2.23375543006542e-05,0.000119750803417714
"ENSG00000188549.12","CCDC9B"," protein_coding","chr15",1484.13782274343,2.67161655984997,0.332736194162887,4.46960366664323e-17,1.79084985374061e-15
"ENSG00000171843.17","MLLT3"," protein_coding","chr9",535.846896343855,2.67145459249021,0.464455269765271,3.35322463282873e-10,4.49082687396608e-09
"ENSG00000101003.10","GINS1"," protein_coding","chr20",202.653462332315,2.67051534939047,0.337915598367759,1.17822405314096e-16,4.38922316808028e-15
"ENSG00000272168.8","CASC15"," lncRNA","chr6",102.761876045365,2.66862434558054,0.559896267491918,6.96254405647487e-08,6.20692076966123e-07
"ENSG00000004838.14","ZMYND10"," protein_coding","chr3",44.8349158216611,2.66827406108043,0.592574561192663,2.40686743643087e-07,1.9463797131481e-06
"ENSG00000054179.12","ENTPD2"," protein_coding","chr9",351.920793479089,2.66758215302853,0.523847991602246,1.28438607014885e-08,1.31602851447273e-07
"ENSG00000172965.17","MIR4435-2HG"," lncRNA","chr2",399.396762221406,2.66592625195019,0.33192947702902,3.96430126674388e-17,1.60381003674968e-15
"ENSG00000154358.22","OBSCN"," protein_coding","chr1",619.223353118684,2.66580668687394,0.477305732880379,9.38070332658066e-10,1.16139955574292e-08
"ENSG00000234690.7","EPCAM-DT"," lncRNA","chr2",60.3612044316899,2.6644650779864,0.545749692032133,3.91528005221035e-08,3.67218018787536e-07
"ENSG00000196154.12","S100A4"," protein_coding","chr1",935.375088574632,2.66404477358101,0.403566512045286,0.00194274172703677,0.00639952946763812
"ENSG00000160991.16","ORAI2"," protein_coding","chr7",1061.9151316954,2.66402076204901,0.336919832384848,1.06589143646311e-16,3.99114086138541e-15
"ENSG00000070669.17","ASNS"," protein_coding","chr7",18.3091234163198,2.66121613216547,0.602634612287864,4.61722815328401e-07,3.51736557856206e-06
"ENSG00000137821.12","LRRC49"," protein_coding","chr15",148.108562262871,2.66010490061155,0.368852465175032,2.31164072499398e-14,6.17474801349355e-13
"ENSG00000183723.13","CMTM4"," protein_coding","chr16",1203.56516769758,2.65951753115518,0.341054773651313,2.7890366873457e-16,9.67341392784621e-15
"ENSG00000111012.10","CYP27B1"," protein_coding","chr12",55.8020363012093,2.65916987276239,0.495857091133224,3.46030669724731e-09,3.89554944237772e-08
"ENSG00000164520.11","RAET1E"," protein_coding","chr6",4.04180692595988,2.65820168314534,1.60459162192186,0.0017677365279261,0.00588821591676104
"ENSG00000163485.17","ADORA1"," protein_coding","chr1",241.664615738087,2.65796151083779,0.782947383466111,1.95745941411793e-05,0.000106524503079115
"ENSG00000197696.10","NMB"," protein_coding","chr15",199.370491163534,2.65735005559696,0.514817873797385,9.0186191822274e-09,9.50032874418169e-08
"ENSG00000129951.19","PLPPR3"," protein_coding","chr19",3.37959655308628,2.65570488853673,1.25562813569567,0.000829833319165067,0.00302718960564355
"ENSG00000168785.8","TSPAN5"," protein_coding","chr4",135.502961927902,2.6550198413544,0.505654357292334,0.00200039861705139,0.00656203635411291
"ENSG00000078900.15","TP73"," protein_coding","chr1",49.3572408272183,2.65204163314964,0.568246311355605,1.02950756312907e-07,8.9056067938647e-07
"ENSG00000119411.11","BSPRY"," protein_coding","chr9",311.298661324087,2.65137237105211,0.398501007619822,1.13313434152552e-12,2.29530525055263e-11
"ENSG00000256029.6","AL590560.2"," protein_coding","chr1",1.57216344483691,2.64970921097092,1.49813561564076,0.00122884535551369,0.00427734966288531
"ENSG00000106012.18","IQCE"," protein_coding","chr7",1140.8913944374,2.64875315820841,0.203143948825161,3.87123680959853e-40,3.1366696249772e-37
"ENSG00000226711.7","FAM66C"," lncRNA","chr12",31.6937782017924,2.64808731813363,0.47597062450099,1.05742440732768e-09,1.29596691333365e-08
"ENSG00000162522.11","KIAA1522"," protein_coding","chr1",4741.48754946716,2.64772384099514,0.308820555428381,5.94835455621828e-19,3.1836248449602e-17
"ENSG00000161647.19","MPP3"," protein_coding","chr17",208.156962940399,2.64656822526684,0.29934091892683,4.07216898760738e-20,2.54895058368068e-18
"ENSG00000124920.14","MYRF"," protein_coding","chr11",5910.0018711356,2.64488856722002,0.436978485689719,5.46513052676549e-11,8.34183110074425e-10
"ENSG00000143797.12","MBOAT2"," protein_coding","chr2",382.250577139293,2.64385509619348,0.272137710210368,1.06579499506585e-23,1.16872835379984e-21
"ENSG00000116176.6","TPSG1"," protein_coding","chr16",36.5994794303759,2.64354595109188,0.971555367983317,0.000159932259231285,0.000701724438856401
"ENSG00000139174.12","PRICKLE1"," protein_coding","chr12",277.268419934389,2.64345573919087,0.431292331452009,3.52286086341401e-11,5.57862804152679e-10
"ENSG00000262691.1","AC040160.1"," lncRNA","chr16",25.6539769757031,2.64277298760926,0.603220949516419,4.2102457507641e-07,3.2320469663296e-06
"ENSG00000119969.15","HELLS"," protein_coding","chr10",262.011629247384,2.64203740074566,0.399904911510649,1.54919870307147e-12,3.07614547106137e-11
"ENSG00000073111.14","MCM2"," protein_coding","chr3",439.331418658569,2.64114008695524,0.390564011909355,5.68015969902863e-13,1.20673400044403e-11
"ENSG00000162458.13","FBLIM1"," protein_coding","chr1",2260.00889643922,2.63791021898538,0.336023999715901,1.71616852329719e-16,6.18775273869663e-15
"ENSG00000066279.18","ASPM"," protein_coding","chr1",280.148508718724,2.63685317823668,0.565181012869275,1.08143257013755e-07,9.30648131824878e-07
"ENSG00000285077.2","ARHGAP11B"," protein_coding","chr15",9.35818618240915,2.63621594252457,0.750254898005808,1.86559149044621e-05,0.000102192372178076
"ENSG00000163075.13","CFAP221"," protein_coding","chr2",353.805947069289,2.63531054159027,0.492860238489283,3.39307062002327e-09,3.82724195342067e-08
"ENSG00000213468.7","FIRRE"," lncRNA","chrX",25.262203096565,2.63418094653677,0.766312407209574,1.77835017547868e-05,9.77070941204326e-05
"ENSG00000286288.1","AL109809.4"," lncRNA","chr20",16.2941070902834,2.63378759117977,0.588073492148143,3.22153089223326e-07,2.52400845005511e-06
"ENSG00000169247.14","SH3TC2"," protein_coding","chr5",108.843905849672,2.63279507369948,0.654860951457684,1.90021330988363e-06,1.27919044624961e-05
"ENSG00000158477.7","CD1A"," protein_coding","chr1",27.0247249991471,2.63234974967734,0.766139820350179,1.76628177113919e-05,9.70805972910476e-05
"ENSG00000276115.1","AC026356.2"," lncRNA","chr12",7.97343059468431,2.63203734036234,0.683214835778349,7.01612848285531e-06,4.19888083127629e-05
"ENSG00000260493.1","AC011773.4"," lncRNA","chr8",2.49105856633386,2.62908420845014,1.36544760742507,0.00100190438295182,0.00357837014158463
"ENSG00000214290.8","COLCA2"," protein_coding","chr11",79.5772352255721,2.62882541681138,0.593609064769416,3.3876853375553e-07,2.64353647969905e-06
"ENSG00000151746.15","BICD1"," protein_coding","chr12",255.195303870313,2.62853326972295,0.32999068732191,7.30123413207922e-17,2.8059248800872e-15
"ENSG00000085491.17","SLC25A24"," protein_coding","chr1",686.29225325017,2.62612064139578,0.253868194216232,2.09334835999491e-26,3.33666001708698e-24
"ENSG00000168243.11","GNG4"," protein_coding","chr1",22.021776743129,2.62580885262586,1.14197207990021,0.000444028792457044,0.0017399080933879
"ENSG00000182013.18","PNMA8A"," protein_coding","chr19",224.686805976143,2.61970533502718,0.939591814806637,0.000127146247846281,0.000572158115308264
"ENSG00000272141.1","AL390719.2"," lncRNA","chr1",72.3402181696363,2.61933222273263,0.523791790461894,2.17325206439697e-08,2.13152620936097e-07
"ENSG00000135477.11","KRT87P"," transcribed_unprocessed_pseudogene","chr12",22.4548495061415,2.61923092178393,0.495295270898765,0.000235440011781251,0.000990845434085601
"ENSG00000137699.17","TRIM29"," protein_coding","chr11",416.104316427458,2.61896525438855,1.00860650634571,0.000211583994460347,0.000900714176067404
"ENSG00000125869.10","LAMP5"," protein_coding","chr20",162.812282404586,2.61771957292662,0.87281810811807,7.02505012012819e-05,0.000336310006489445
"ENSG00000197461.13","PDGFA"," protein_coding","chr7",1212.12366085108,2.61753392142678,0.401481267955214,2.91539946820234e-12,5.51129533946818e-11
"ENSG00000248405.10","PRR5-ARHGAP8"," protein_coding","chr22",2.56338615804104,2.61624651610334,1.49967079560492,0.00162523996254783,0.00547673572869198
"ENSG00000121957.15","GPSM2"," protein_coding","chr1",208.241327948057,2.61257879573173,0.319241201991502,1.14540498252701e-17,5.03926364032131e-16
"ENSG00000229124.7","VIM-AS1"," lncRNA","chr10",84.2914132299488,2.61129917126742,0.251095568299402,1.18694416506341e-26,1.97839853432769e-24
"ENSG00000180385.8","EMC3-AS1"," transcribed_unprocessed_pseudogene","chr3",16.2682845329439,2.61118689087084,0.555402923031592,1.26820877651051e-07,1.07755263041174e-06
"ENSG00000283064.1","AL353759.1"," lncRNA","chr6",4.98798975240375,2.61072066730612,0.713249100316529,2.29560206522947e-05,0.00012279555591542
"ENSG00000128203.7","ASPHD2"," protein_coding","chr22",74.4295804568538,2.6106625967366,0.464116628346671,6.98280881591081e-10,8.85187094095186e-09
"ENSG00000162873.15","KLHDC8A"," protein_coding","chr1",17.5206197707005,2.61038027437456,0.747012320624644,1.70822726017036e-05,9.41682020879745e-05
"ENSG00000041353.10","RAB27B"," protein_coding","chr18",719.440626810911,2.60849919320375,0.577266065495921,2.14120032264031e-07,1.74850706078094e-06
"ENSG00000179111.9","HES7"," protein_coding","chr17",2.63663640068003,2.60712816162279,1.48102048201967,0.00135483423577759,0.0046600409532364
"ENSG00000170537.13","TMC7"," protein_coding","chr16",110.286142817908,2.60501809715149,0.432215273727449,6.77028311203128e-11,1.02005365751467e-09
"ENSG00000067191.16","CACNB1"," protein_coding","chr17",129.874215104833,2.6021109353111,0.459753080285139,5.90277858811926e-10,7.58828332467390e-09
"ENSG00000103489.12","XYLT1"," protein_coding","chr16",270.137131736206,2.60125031007246,0.564069092536835,1.40701506655378e-07,1.18753537257833e-06
"ENSG00000104901.7","DKKL1"," protein_coding","chr19",8.81322047107831,2.60098607066177,0.828160434790866,6.19186927497361e-05,0.000300052310924459
"ENSG00000170915.9","PAQR8"," protein_coding","chr6",459.35450541184,2.6003695037371,0.469485915539844,1.1362678184959e-09,1.38503117416242e-08
"ENSG00000262703.1","AC009121.2"," lncRNA","chr16",2.27624282082419,2.59971255415303,1.24279745527782,0.00063909853238309,0.00239643464340948
"ENSG00000269069.1","AC007842.1"," processed_pseudogene","chr19",36.4515716817514,2.59847303277014,0.688537195600896,5.55023445065545e-06,3.38126125085983e-05
"ENSG00000125257.16","ABCC4"," protein_coding","chr13",875.627916282038,2.597990151657,0.37197208931059,1.18317291577189e-13,2.81042107330213e-12
"ENSG00000163624.6","CDS1"," protein_coding","chr4",428.353853733976,2.59755775969795,0.447132472117786,2.38769550621972e-10,3.28367233479127e-09
"ENSG00000196639.7","HRH1"," protein_coding","chr3",147.404573680538,2.59749539900549,0.521934958623868,2.34144487707609e-08,2.28726073742238e-07
"ENSG00000249715.12","FER1L5"," protein_coding","chr2",6.42436693874065,2.59636821847357,0.670441648443932,7.6522920350448e-06,4.54324661856751e-05
"ENSG00000104537.17","ANXA13"," protein_coding","chr8",2818.72570438209,2.59504369842184,0.621856779071131,1.13443927685603e-06,7.9851494369241e-06
"ENSG00000145911.6","N4BP3"," protein_coding","chr5",102.064201932893,2.59497256046669,0.399683514407783,3.34900647020461e-12,6.28617565826245e-11
"ENSG00000251365.4","LINC02236"," lncRNA","chr5",23.9136881783402,2.59494464720378,0.757572794623202,2.01501189481962e-05,0.000109151156331344
"ENSG00000119866.22","BCL11A"," protein_coding","chr2",110.646264299946,2.59422694027876,0.612100949477749,7.63045999348756e-07,5.58386571876665e-06
"ENSG00000223573.7","TINCR"," protein_coding","chr19",23.8137185489305,2.59411518069213,0.900948468832517,0.000107492254686128,0.000493770327077112
"ENSG00000158406.5","H4C8"," protein_coding","chr6",132.170876804863,2.59384485644712,0.565017130231226,1.57491116116351e-07,1.31893722825089e-06
"ENSG00000163596.16","ICA1L"," protein_coding","chr2",129.354104146894,2.5938182690333,0.362015430852346,3.25383147352379e-14,8.46663784578192e-13
"ENSG00000136425.14","CIB2"," protein_coding","chr15",130.270972345874,2.59358636813966,0.514371577256373,1.68995125884305e-08,1.68989332427812e-07
"ENSG00000181544.15","FANCB"," protein_coding","chrX",18.8054709945497,2.5932475189953,0.486153138817516,4.64784574316755e-09,5.11403291144678e-08
"ENSG00000163995.21","ABLIM2"," protein_coding","chr4",368.168254146452,2.59304366365137,0.454683551343874,4.70380995239189e-10,6.14382247282527e-09
"ENSG00000111371.16","SLC38A1"," protein_coding","chr12",3004.82909012818,2.59104439279619,0.370155194541206,1.2874799087666e-13,3.04331454285357e-12
"ENSG00000248905.10","FMN1"," protein_coding","chr15",233.825407959845,2.58851525943111,0.439401459587201,1.49609788403011e-10,2.1153504207113e-09
"ENSG00000239521.9","CASTOR3"," transcribed_unprocessed_pseudogene","chr7",230.28137310357,2.58836227516897,0.340241741087945,1.23090571976015e-15,3.90264010213954e-14
"ENSG00000160211.19","G6PD"," protein_coding","chrX",1247.554911266,2.58812497253499,0.369493845078475,1.072241422852e-13,2.57629407439621e-12
"ENSG00000144227.5","NXPH2"," protein_coding","chr2",14.6323245590934,2.58805007268465,1.30061981040118,0.000897835136346083,0.00325167036156927
"ENSG00000184792.16","OSBP2"," protein_coding","chr22",250.997354663634,2.58786604989869,0.2546774501556,1.26335110023691e-25,1.83336757426918e-23
"ENSG00000171476.22","HOPX"," protein_coding","chr4",280.625066124989,2.58762982371815,0.553265664771228,1.03103299652507e-07,8.91615816058099e-07
"ENSG00000227533.6","SLC2A1-AS1"," lncRNA","chr1",4.39532377133529,2.5874804508104,0.896991466810251,0.000242067949345341,0.00101566168217121
"ENSG00000177054.14","ZDHHC13"," protein_coding","chr11",462.753336629155,2.58730100226464,0.24873777448612,9.93595114002051e-27,1.69486408656876e-24
"ENSG00000175029.17","CTBP2"," protein_coding","chr10",1198.72781827834,2.58645662898613,0.230280021016891,1.4786006896967e-30,4.14704841516953e-28
"ENSG00000204869.8","IGFL4"," protein_coding","chr19",6.85587757867366,2.58592663913662,1.07327873989971,0.000495707571609217,0.00191818707299937
"ENSG00000174460.4","ZCCHC12"," protein_coding","chrX",6.17859267531331,2.58365796257426,0.905345811310264,0.000188807030868415,0.000814450204584559
"ENSG00000274964.1","AC026356.1"," lncRNA","chr12",15.2457883544353,2.58293257969065,0.562903543798939,1.86004755961137e-07,1.53786075017869e-06
"ENSG00000224014.1","AL390728.3"," processed_pseudogene","chr1",4.69039289083171,2.58279017296238,0.990222870080692,0.00041208951622929,0.00162633460951051
"ENSG00000260196.1","AC124798.1"," lncRNA","chr11",112.792050182997,2.58243761138783,0.530271425301907,4.07141011690244e-08,3.80515737583874e-07
"ENSG00000162390.18","ACOT11"," protein_coding","chr1",103.711467169899,2.58164269320565,0.51940591882288,2.46456766534413e-08,2.40270635796868e-07
"ENSG00000197457.10","STMN3"," protein_coding","chr20",620.413802556739,2.5800537825321,0.391371431476158,1.71841490906592e-12,3.38907670605435e-11
"ENSG00000178217.14","SH2D4B"," protein_coding","chr10",3.04598851753509,2.57988875332193,1.05085459128482,0.000287838858019697,0.00118103413272986
"ENSG00000255326.1","AP001922.5"," lncRNA","chr11",6.0682812918984,2.579821066131,0.818258177557941,7.84832323654267e-05,0.0003718170220671
"ENSG00000170382.12","LRRN2"," protein_coding","chr1",283.456465630921,2.57890881250952,0.480623428619814,3.17925134231059e-09,3.59858682203561e-08
"ENSG00000187556.7","NANOS3"," protein_coding","chr19",8.01249593604338,2.57888422510682,0.716762184850133,1.61455440808377e-05,8.94151082768094e-05
"ENSG00000164509.15","IL31RA"," protein_coding","chr5",5.99384234280384,2.57829422836073,1.08722347114381,0.000576155389076071,0.00218684145009237
"ENSG00000275591.5","XKR5"," protein_coding","chr8",3.01954855717463,2.57623095991866,1.04481401981853,0.000292715247968905,0.00119868188516145
"ENSG00000269918.1","AF131215.6"," lncRNA","chr8",84.3240140304686,2.5744035834936,0.492813168049993,6.56125663505941e-09,7.05697989631446e-08
"ENSG00000166592.12","RRAD"," protein_coding","chr16",272.632217956998,2.57303632630449,0.669255252605953,0.00655943927950489,0.0183654851007818
"ENSG00000204531.20","POU5F1"," protein_coding","chr6",191.807112848035,2.57111031423227,0.524359757238924,3.43639396851494e-08,3.26821570484552e-07
"ENSG00000112218.9","GPR63"," protein_coding","chr6",12.0929996955233,2.57104597879943,0.668805787583708,5.50588039850292e-06,3.35844887795759e-05
"ENSG00000134775.15","FHOD3"," protein_coding","chr18",218.12640836137,2.56970083692992,0.533531583936775,5.32029584129875e-08,4.86080598825427e-07
"ENSG00000179934.7","CCR8"," protein_coding","chr3",5.4902204164467,2.56848625232911,1.37110448675325,0.00159363247505172,0.00537767997047474
"ENSG00000196155.13","PLEKHG4"," protein_coding","chr16",189.098101848393,2.56825053345578,0.438296362757837,1.74279162182564e-10,2.43464984755901e-09
"ENSG00000213514.2","AL731556.1"," processed_pseudogene","chr10",4.45775719965285,2.56755148442576,0.90197583876035,0.000245643092653248,0.00102770558944386
"ENSG00000188042.8","ARL4C"," protein_coding","chr2",3901.79500556649,2.56516230647668,0.464015633317145,1.48297643768909e-09,1.77646569654838e-08
"ENSG00000135931.18","ARMC9"," protein_coding","chr2",378.032558467345,2.56148211449514,0.245917800830887,9.69907055250228e-27,1.66418934674082e-24
"ENSG00000125531.7","FNDC11"," protein_coding","chr20",17.6673897350929,2.55688684137709,0.688859668178347,7.53881061765499e-06,4.48134434290561e-05
"ENSG00000100379.17","KCTD17"," protein_coding","chr22",565.360471202448,2.55529787881752,0.285726784030431,1.72331361152951e-20,1.13470281568181e-18
"ENSG00000182195.9","LDOC1"," protein_coding","chrX",877.931315936551,2.55486350900547,0.429973101915959,1.14092504039505e-10,1.65159516145325e-09
"ENSG00000158008.10","EXTL1"," protein_coding","chr1",8.94064307970442,2.55242983564947,0.634854829609772,3.33076253454718e-06,2.13059237653962e-05
"ENSG00000164385.9","LINC01600"," lncRNA","chr6",4.08344332729821,2.55180993217506,0.797079598573944,0.000117460566165377,0.000533677142442038
"ENSG00000288547.3","C3orf36"," lncRNA","chr3",12.3552306281572,2.55081597738236,0.684526698840705,7.89427812875334e-06,4.6726501367209e-05
"ENSG00000016402.13","IL20RA"," protein_coding","chr6",188.08902140123,2.54706853083575,0.715074368772065,1.11734469047131e-05,6.41066626206878e-05
"ENSG00000166557.14","TMED3"," protein_coding","chr15",2191.02043141764,2.54693907125764,0.338023607727213,2.03730291867169e-15,6.30181217759647e-14
"ENSG00000160284.15","SPATC1L"," protein_coding","chr21",207.618821528861,2.54687959336408,0.55389234939061,1.48573065810824e-07,1.25071508128021e-06
"ENSG00000286797.1","AC009315.1"," lncRNA","chr2",22.3632087432209,2.54659305322637,1.06177389332279,0.000369952654578043,0.00147884733197025
"ENSG00000135902.10","CHRND"," protein_coding","chr2",3.53108247589607,2.54502561218573,2.16209112926848,0.00294935883877835,0.0092237426791386
"ENSG00000079257.8","LXN"," protein_coding","chr3",432.99639372056,2.54446262289527,0.411026645099717,2.40793974712092e-11,3.91768635581301e-10
"ENSG00000005448.17","WDR54"," protein_coding","chr2",398.030226778704,2.54372881087522,0.400266793750974,8.63818818350924e-12,1.51331718393262e-10
"ENSG00000159714.12","ZDHHC1"," protein_coding","chr16",809.07492014945,2.53955068380988,0.380995753448924,1.04152221410933e-12,2.13135302843313e-11
"ENSG00000240764.4","PCDHGC5"," protein_coding","chr5",12.9519110061364,2.53904033456614,0.841432187141002,8.46367410051333e-05,0.000397547358837155
"ENSG00000275393.1","AC018695.6"," lncRNA","chr16",4.35362674958814,2.53834815378719,1.24246418326212,0.000957582752400036,0.0034411397443337
"ENSG00000159399.10","HK2"," protein_coding","chr2",508.29484313395,2.53826289026926,0.589006186205186,5.80801629032567e-07,4.34840932167632e-06
"ENSG00000260578.1","AC110597.1"," lncRNA","chr18",34.4479876391497,2.53728545314796,0.651730040512362,3.36959065978059e-06,2.1516547713472e-05
"ENSG00000204624.8","DISP3"," protein_coding","chr1",11.544707234757,2.53724437332081,0.898054908773085,0.000136736057610885,0.000609575739638071
"ENSG00000272512.1","AL645608.7"," lncRNA","chr1",118.029014950705,2.53386521950686,0.619433604170918,1.41894827531934e-06,9.78433574527305e-06
"ENSG00000233930.4","KRTAP5-AS1"," lncRNA","chr11",28.7352519168091,2.53370245609082,0.797149579641158,4.39000638215827e-05,0.000220741417274909
"ENSG00000076706.17","MCAM"," protein_coding","chr11",4674.56104997385,2.53350324804571,0.650376175514837,3.46309191740707e-06,2.20604778639106e-05
"ENSG00000163535.18","SGO2"," protein_coding","chr2",131.239499368636,2.53343164804281,0.461128771911635,1.55041822995445e-09,1.85344874383366e-08
"ENSG00000278023.7","RDM1"," protein_coding","chr17",15.6115350041665,2.53339203649184,1.08347879496693,0.00045218305032064,0.00176734924223539
"ENSG00000276649.1","AL117335.1"," lncRNA","chr20",15.4249846041381,2.53286485175593,0.595654579620603,8.90631911877579e-07,6.41928397270993e-06
"ENSG00000171729.14","TMEM51"," protein_coding","chr1",656.152858188196,2.53184387440076,0.392790534082266,4.48384342319283e-12,8.22056749284171e-11
"ENSG00000238045.9","AC009133.1"," lncRNA","chr16",45.784520715333,2.53151810064789,0.461336232241049,1.73139237376314e-09,2.04963409700881e-08
"ENSG00000102359.8","SRPX2"," protein_coding","chrX",542.320574278396,2.53091743521737,0.500473683475279,1.58798493912391e-08,1.59834136263993e-07
"ENSG00000105963.15","ADAP1"," protein_coding","chr7",332.147651472533,2.53024261515615,0.500487986839157,1.58764324457848e-08,1.59834136263993e-07
"ENSG00000165084.16","C8orf34"," protein_coding","chr8",10.0333948296084,2.52969601911522,1.52086718427881,0.00163244745507089,0.0054984826578479
"ENSG00000280157.1","AL359510.2"," TEC","chr1",14.6423068136765,2.52916025915356,0.666924412205296,5.51579811741635e-06,3.36241820678929e-05
"ENSG00000204681.11","GABBR1"," protein_coding","chr6",1043.71707255925,2.52816691799463,0.370486401384651,3.76196787609431e-13,8.23820127460924e-12
"ENSG00000102034.17","ELF4"," protein_coding","chrX",719.107084124585,2.52679009252329,0.343822024361154,8.55309206633704e-15,2.4628345753503e-13
"ENSG00000260804.3","LINC01963"," lncRNA","chr2",247.723882134202,2.52477374375675,0.401943874116331,1.30203622769068e-11,2.22882011299938e-10
"ENSG00000260495.1","AC009148.1"," lncRNA","chr16",9.10092796186464,2.52405680434824,0.663873104241556,6.98256915114003e-06,4.18308809960164e-05
"ENSG00000260070.1","AC006960.3"," lncRNA","chr7",6.1304974386487,2.52285033857089,1.04249675265546,0.00057166044740786,0.00217289074673441
"ENSG00000183150.8","GPR19"," protein_coding","chr12",18.0652514566425,2.52276025730001,0.687451041421597,8.78369198474981e-06,5.16555466740256e-05
"ENSG00000287760.1","AC099521.3"," lncRNA","chr16",5.94249627991338,2.52259835059791,0.906531136670732,0.000236260963910716,0.000994156961383682
"ENSG00000197506.8","SLC28A3"," protein_coding","chr9",193.234502369784,2.52184459984807,0.712993943664116,1.2337383073964e-05,7.00990997184729e-05
"ENSG00000173715.18","C11orf80"," protein_coding","chr11",317.56065453438,2.52181039722863,0.221472054217432,2.37159157149441e-31,7.51923419010004e-29
"ENSG00000137261.14","KIAA0319"," protein_coding","chr6",41.6591682454913,2.52157525775841,0.692438053165376,7.93959360830757e-06,4.69756604382806e-05
"ENSG00000171320.15","ESCO2"," protein_coding","chr8",72.2424846167913,2.52040009681328,0.539150732027639,1.0892906475067e-07,9.36167321659484e-07
"ENSG00000162437.14","RAVER2"," protein_coding","chr1",630.24107184622,2.52027848210759,0.282714844400974,2.04229972996297e-20,1.33869305220876e-18
"ENSG00000268812.3","AC004264.1"," lncRNA","chr22",33.4908908903366,2.520095183593,1.06684362762448,0.000390561883001677,0.0015514503016854
"ENSG00000276791.1","AC092117.1"," lncRNA","chr16",35.607859464643,2.5161893803021,0.496163922099276,1.68985640717179e-08,1.68989332427812e-07
"ENSG00000134780.10","DAGLA"," protein_coding","chr11",200.541798882513,2.51569978277315,0.456137040212086,1.32642995939176e-09,1.59944751903672e-08
"ENSG00000167178.16","ISLR2"," protein_coding","chr15",64.1806404278941,2.51377252657671,0.538986400107125,1.14262275991299e-07,9.7854266834709e-07
"ENSG00000270607.1","AC009549.1"," lncRNA","chr11",74.8608634340069,2.51333470729737,0.882008884402571,0.00010969705430633,0.000502552752797445
"ENSG00000029534.21","ANK1"," protein_coding","chr8",85.4511695568785,2.51237220557338,0.886055243603874,0.000115086148439338,0.000524523103722977
"ENSG00000114670.14","NEK11"," protein_coding","chr3",208.828015349853,2.51232266416959,0.299287723028717,1.97952416042718e-18,9.77000680803727e-17
"ENSG00000238120.1","LINC01589"," lncRNA","chr22",6.02626670458444,2.51107042817125,0.706529826735634,2.62947614313057e-05,0.000139099001847979
"ENSG00000008300.17","CELSR3"," protein_coding","chr3",158.382756586901,2.51060746490941,0.648123444036544,3.48639676941311e-06,2.21895499382524e-05
"ENSG00000088538.13","DOCK3"," protein_coding","chr3",33.6836881500577,2.51035689638236,0.656039763375099,4.44633859257714e-06,2.77185831175214e-05
"ENSG00000273888.1","FRMD6-AS1"," lncRNA","chr14",19.6962015641486,2.50993687658641,0.682559011299564,8.13754227652492e-06,4.80396621461152e-05
"ENSG00000274698.1","AC099521.1"," lncRNA","chr16",6.23932869492268,2.50874144634893,0.98748132763693,0.000398170879780969,0.00157635053469915
"ENSG00000125398.8","SOX9"," protein_coding","chr17",2834.06163922836,2.50821368227855,0.378815260530912,1.76802957071298e-12,3.47283869010956e-11
"ENSG00000095587.9","TLL2"," protein_coding","chr10",30.8546041643303,2.50577799933003,0.758274486209078,2.73932936702939e-05,0.000144386516636936
"ENSG00000227755.1","AP000344.1"," transcribed_processed_pseudogene","chr22",12.2129216113438,2.5051581057913,1.14875634914,0.000661186456546963,0.00247068251998698
"ENSG00000187372.11","PCDHB13"," protein_coding","chr5",184.231574334665,2.50506633909747,0.560249676843747,2.70300020887209e-07,2.16010446829013e-06
"ENSG00000196526.10","AFAP1"," protein_coding","chr4",129.572796972897,2.50375374057484,0.385668031929402,3.42081782566673e-12,6.40448235923446e-11
"ENSG00000187098.17","MITF"," protein_coding","chr3",665.0929251481,2.50050584260847,0.427552997325082,1.91888603335001e-10,2.66660251104271e-09
"ENSG00000227825.4","SLC9A7P1"," transcribed_processed_pseudogene","chr12",38.9674824189005,2.49986295237075,0.589561215627869,7.61490917205631e-07,5.57388420676814e-06
"ENSG00000272953.1","AC092171.4"," lncRNA","chr7",11.3978764821307,2.49964620673631,0.638263181395718,3.60841538461993e-06,2.28862510010826e-05
"ENSG00000248727.6","LINC01948"," lncRNA","chr5",112.738292702933,2.49614570833523,0.36414915403928,3.15692708184024e-13,7.02398215485873e-12
"ENSG00000026025.16","VIM"," protein_coding","chr10",17364.9666605971,2.49602036920187,0.588721345950599,8.08280091904378e-07,5.88976317780635e-06
"ENSG00000225556.1","C2CD4D"," protein_coding","chr1",17.9792515610604,2.49593477093993,0.620938234593929,2.3181976293513e-06,1.52950704932251e-05
"ENSG00000229848.1","AC139149.1"," lncRNA","chr17",7.91602485550185,2.4941346334311,0.663013145526563,1.00482577202546e-05,5.83217397899115e-05
"ENSG00000227486.2","AL050309.1"," lncRNA","chrX",26.1567253499827,2.49368012418988,0.590443266414109,8.55214369587437e-07,6.19154826172647e-06
"ENSG00000142731.11","PLK4"," protein_coding","chr4",111.498668415652,2.49348721182301,0.429227994389735,2.46292110732862e-10,3.37598429415735e-09
"ENSG00000171435.14","KSR2"," protein_coding","chr12",41.8743812026996,2.49318890568489,0.890448622210988,0.000130499221464389,0.000584720705206567
"ENSG00000155974.12","GRIP1"," protein_coding","chr12",76.1817226066919,2.4928918450037,0.463239553783458,2.81042261006666e-09,3.20098465884555e-08
"ENSG00000275772.1","AC244157.2"," processed_pseudogene","chr22",12.0205898716946,2.49115106554722,2.23264229154967,0.00242480994049073,0.00776136082016615
"ENSG00000278995.1","Z69720.2"," TEC","chr16",2.39028021016408,2.49061018036344,1.34457574339257,0.00100215726540476,0.00357883512176682
"ENSG00000162009.8","SSTR5"," protein_coding","chr16",14.8612206366808,2.49056071488178,1.33372415261109,0.00110309978905135,0.00389685330590273
"ENSG00000140931.20","CMTM3"," protein_coding","chr16",1559.14249856925,2.48863546989434,0.468799353840161,4.41904910492707e-09,4.88439724674565e-08
"ENSG00000162643.13","DNAI3"," protein_coding","chr1",7.60918135923536,2.48847360430829,0.782798497526679,6.91947148894588e-05,0.000331909330473709
"ENSG00000133962.8","CATSPERB"," protein_coding","chr14",46.9576545467955,2.48823071861803,0.486365174092189,1.29223570828376e-08,1.32349801176015e-07
"ENSG00000272788.1","AP000864.1"," lncRNA","chr18",2.61280369196271,2.48657025882955,1.56463912646907,0.00176489809217995,0.00588073011149931
"ENSG00000129667.13","RHBDF2"," protein_coding","chr17",1818.46770297091,2.48629393571523,0.35757559634935,1.48004252167634e-13,3.45309129788855e-12
"ENSG00000260589.1","STAM-AS1"," lncRNA","chr10",7.90722444716142,2.48605908387318,0.68378147143061,1.59242316904204e-05,8.83068277904699e-05
"ENSG00000204618.8","RNF39"," protein_coding","chr6",38.8279259748449,2.48591880278956,0.401516992619639,3.25498270593265e-06,2.08623578442868e-05
"ENSG00000196935.9","SRGAP1"," protein_coding","chr12",538.216135686573,2.48413780293882,0.331558565321449,2.97667723848096e-15,9.0633296836379e-14
"ENSG00000265096.2","C1QTNF1-AS1"," lncRNA","chr17",13.9535778660217,2.4841103457774,1.1318339884969,0.000615301217763276,0.0023166104050606
"ENSG00000075702.18","WDR62"," protein_coding","chr19",181.537509072493,2.48298955052735,0.409532380783935,5.41822039558692e-11,8.27455867638088e-10
"ENSG00000257743.8","MGAM2"," protein_coding","chr7",35.4360737512494,2.48238537642472,0.873437682857848,0.000119714808658757,0.000542567006489633
"ENSG00000141696.13","P3H4"," protein_coding","chr17",853.242443402259,2.48057325883382,0.343383594350865,2.16072986215966e-14,5.8303727427692e-13
"ENSG00000277128.2","AL589743.3"," lncRNA","chr14",2.39230227100045,2.47963271183516,1.42639448371915,0.00143075400826516,0.00488398638584978
"ENSG00000227992.1","AC108463.1"," processed_pseudogene","chr2",14.4632670970069,2.47940400043063,0.628712705430726,3.21573824272568e-06,2.06244214604366e-05
"ENSG00000224543.4","SNRPGP15"," processed_pseudogene","chr19",10.2849097393083,2.47902177949997,0.869430867121105,0.000148607258733603,0.000657274470053139
"ENSG00000182183.15","SHISAL2A"," protein_coding","chr1",48.5513953281813,2.47366538165457,0.823126821827654,7.0583753400094e-05,0.000337794504171836
"ENSG00000261924.1","AC127496.1"," lncRNA","chr17",6.07926795870119,2.47232697907673,1.04248753622789,0.000616585160982687,0.00232066742718761
"ENSG00000180340.7","FZD2"," protein_coding","chr17",113.880638928146,2.47020570165831,0.623630610891343,2.4266741702539e-06,1.59602387535819e-05
"ENSG00000254332.1","AF201337.1"," processed_pseudogene","chr8",15.3933983489662,2.47000567830872,0.816763119339881,7.39149690048344e-05,0.000351774470697016
"ENSG00000287851.1","AP001885.2"," lncRNA","chr11",3.61571769694318,2.46992984341371,0.97876251327714,0.000437212418438116,0.00171527223045345
"ENSG00000139354.11","GAS2L3"," protein_coding","chr12",349.415745703906,2.46952828219391,0.448126556640436,1.39463559318453e-09,1.67683947310797e-08
"ENSG00000100994.12","PYGB"," protein_coding","chr20",5374.83361338535,2.46935364382845,0.359148173072467,2.99085497446867e-13,6.67484688219407e-12
"ENSG00000183844.17","FAM3B"," protein_coding","chr21",355.02989595644,2.4681823313601,0.797205454552547,5.45705004257727e-05,0.000268426125956048
"ENSG00000099256.19","PRTFDC1"," protein_coding","chr10",178.17848756403,2.46800827739488,0.398137544227123,2.30431645832317e-11,3.76341583274515e-10
"ENSG00000144369.13","FAM171B"," protein_coding","chr2",147.503086070891,2.46731857619334,0.418451041609393,1.47272992648873e-10,2.09143423689143e-09
"ENSG00000170122.5","FOXD4"," protein_coding","chr9",13.3455073249366,2.46599819669082,0.719356506694568,2.25288650433937e-05,0.000120709857540549
"ENSG00000259732.1","AC092757.2"," lncRNA","chr15",6.37669479921439,2.46591284454216,0.827559349352759,0.000129151397987146,0.000579839484052188
"ENSG00000105514.8","RAB3D"," protein_coding","chr19",245.183394602669,2.46430370364,0.283668063680719,1.51597708855167e-19,8.7737173999928e-18
"ENSG00000158164.7","TMSB15A"," protein_coding","chrX",9.28010444370066,2.46368736341761,0.794851315430602,7.35573822785131e-05,0.000350397499228494
"ENSG00000001626.16","CFTR"," protein_coding","chr7",2690.82139361808,2.4617661144676,0.769055708835475,4.262633079952e-05,0.000214886701172874
"ENSG00000135835.12","KIAA1614"," protein_coding","chr1",101.703649762437,2.46158766605743,0.546797568583933,2.39131862001092e-07,1.93528686228457e-06
"ENSG00000276571.1","AC002550.2"," lncRNA","chr16",8.74586894624796,2.46021672078902,0.711546116689923,2.57861787131932e-05,0.000136656440204421
"ENSG00000134871.19","COL4A2"," protein_coding","chr13",13490.5933676997,2.45894041621204,0.367952175469423,1.26670665252445e-12,2.54291578441059e-11
"ENSG00000120075.5","HOXB5"," protein_coding","chr17",114.689078311136,2.45837292590193,0.579926938540529,7.59553973446074e-07,5.56110187034351e-06
"ENSG00000232528.3","AL109809.1"," transcribed_unitary_pseudogene","chr20",4.28488113434897,2.45739590357763,0.971640769351865,0.000553670084633656,0.00211442821401926
"ENSG00000128567.17","PODXL"," protein_coding","chr7",3698.98149884275,2.45695924539575,0.588191880260947,1.04520906249211e-06,7.40891935451579e-06
"ENSG00000139880.19","CDH24"," protein_coding","chr14",189.357947588341,2.45656247950783,0.403525097555456,4.60761620742828e-11,7.11485215216916e-10
"ENSG00000162745.10","OLFML2B"," protein_coding","chr1",293.390911934644,2.45628586443588,0.364980011764542,6.7208656725489e-13,1.41138179123527e-11
"ENSG00000167552.14","TUBA1A"," protein_coding","chr12",2491.54782815941,2.45521684334648,0.40646415321211,6.48374074700626e-11,9.79410843342442e-10
"ENSG00000261008.7","LINC01572"," lncRNA","chr16",16.902926951582,2.45506636296199,0.694363309898505,1.42513742492386e-05,7.98958938066577e-05
"ENSG00000288533.1","AP001178.4"," lncRNA","chr18",4.56730427454016,2.45470822058065,1.52932117513459,0.00211055320844794,0.00686930668792881
"ENSG00000175772.11","LINC01106"," lncRNA","chr2",43.4774054550433,2.4545338224539,0.400692485116623,3.92849443992282e-11,6.1574559010268e-10
"ENSG00000122420.10","PTGFR"," protein_coding","chr1",444.293638604615,2.45441642471059,0.797889658403538,5.74064492972387e-05,0.000280718980645626
"ENSG00000286482.1","AL117344.2"," lncRNA","chr6",10.9975323896157,2.45306530220408,0.573406540205088,9.97503753439157e-07,7.10529596680507e-06
"ENSG00000149043.16","SYT8"," protein_coding","chr11",327.151100466802,2.45302562975382,1.15315258590833,0.000614961160776226,0.00231575033548693
"ENSG00000174791.11","RIN1"," protein_coding","chr11",320.70215136252,2.45226659512767,0.435771252891621,7.01460160531557e-10,8.8805952354796e-09
"ENSG00000164109.14","MAD2L1"," protein_coding","chr4",237.416754792326,2.45144196199178,0.418775209864786,1.88259314369433e-10,2.61866282348211e-09
"ENSG00000140511.12","HAPLN3"," protein_coding","chr15",205.226439958962,2.45002720545022,0.578042173896364,7.72621778808176e-07,5.64968780798588e-06
"ENSG00000271447.6","MMP28"," protein_coding","chr17",135.901474947217,2.44978981111904,0.464693151177958,5.22026878772083e-09,5.69872830348163e-08
"ENSG00000135253.15","KCP"," protein_coding","chr7",60.847056802546,2.44975487205717,0.550093495677757,3.06197392989043e-07,2.40935304993186e-06
"ENSG00000171208.10","NETO2"," protein_coding","chr16",69.8286769911945,2.44787371717202,0.52872137973536,0.00487276660595318,0.0142375767934537
"ENSG00000261664.5","TTC39A-AS1"," lncRNA","chr1",4.15385649783018,2.44705301571528,0.843668480372003,0.000224481916093587,0.000949661060265968
"ENSG00000100036.13","SLC35E4"," protein_coding","chr22",136.63770002663,2.44696649323229,0.445111544019884,1.50871443186103e-09,1.80655547056463e-08
"ENSG00000197299.12","BLM"," protein_coding","chr15",80.948861902282,2.44204997451,0.45208169146784,2.49888596347552e-09,2.87081546548316e-08
"ENSG00000168615.13","ADAM9"," protein_coding","chr8",2993.07411206582,2.44171891811568,0.355134728560019,2.77172419756517e-13,6.23830425299217e-12
"ENSG00000278153.1","AL121782.1"," lncRNA","chr20",2.16317671501737,2.44129113262673,1.25656244570427,0.000868205115313277,0.00315493646550056
"ENSG00000185480.12","PARPBP"," protein_coding","chr12",54.117363008763,2.44109526161129,0.4453415471061,1.74699714499837e-09,2.06642983464954e-08
"ENSG00000107819.13","SFXN3"," protein_coding","chr10",1796.39566510699,2.43886735490965,0.330429824978109,7.10623052794366e-15,2.0645581500955e-13
"ENSG00000101333.17","PLCB4"," protein_coding","chr20",137.144282606898,2.43838774396612,0.488364004175626,2.21359629401055e-08,2.16890797111165e-07
"ENSG00000140945.17","CDH13"," protein_coding","chr16",226.356524110745,2.43813602340047,0.814331917113898,7.26407190207329e-05,0.000346501575325553
"ENSG00000250208.6","FZD10-AS1"," lncRNA","chr12",18.1846734351884,2.43806619964577,0.816605237913287,8.14980308934035e-05,0.000384725046630472
"ENSG00000172460.17","PRSS30P"," lncRNA","chr16",16.8777163557131,2.43768235705093,0.544163047996652,0.0013561601079581,0.00466373899894245
"ENSG00000102934.10","PLLP"," protein_coding","chr16",1637.04583192245,2.43741830517914,0.405540980998999,7.29672344098619e-11,1.08868606675256e-09
"ENSG00000179674.4","ARL14"," protein_coding","chr3",219.169797560723,2.43606750953263,0.873552837497077,0.000130980531910904,0.000586516907477613
"ENSG00000179431.7","FJX1"," protein_coding","chr11",408.904125576129,2.43592492057551,0.529618439197017,1.49638579911834e-07,1.25859508000239e-06
"ENSG00000102802.10","MEDAG"," protein_coding","chr13",174.667729840896,2.43343578165705,0.803553942612336,6.72163949389958e-05,0.000323217115722975
"ENSG00000197261.11","C6orf141"," protein_coding","chr6",513.551987740633,2.43329005552696,0.687939991351645,1.24767354810372e-05,7.0804260164664e-05
"ENSG00000274427.1","AC145423.1"," lncRNA","chr12",4.86526732906057,2.43320570393616,0.89199966877025,0.00032216198351703,0.00130715577927504
"ENSG00000274270.1","AL137060.3"," lncRNA","chr13",8.19360491772904,2.43156222059486,0.566819241331305,1.22116390790479e-06,8.52768255438709e-06
"ENSG00000206538.9","VGLL3"," protein_coding","chr3",360.223833271708,2.43080880360562,0.762466239783547,4.06283330642872e-05,0.000205453376407778
"ENSG00000164951.16","PDP1"," protein_coding","chr8",1051.93132191597,2.42778100821079,0.389282026591246,1.8824761454319e-11,3.13234151090148e-10
"ENSG00000126603.9","GLIS2"," protein_coding","chr16",925.013420591242,2.42504596136808,0.445222225692974,2.043706987959e-09,2.38070643497508e-08
"ENSG00000272944.1","AC079834.1"," lncRNA","chr2",9.58601871773027,2.42410011925413,0.737686481272415,4.04872243172126e-05,0.000204816483889832
"ENSG00000164574.16","GALNT10"," protein_coding","chr5",1534.89967108112,2.42306146876131,0.417834413871198,2.6010432995282e-10,3.54531925252047e-09
"ENSG00000198569.10","SLC34A3"," protein_coding","chr9",9.50888356499808,2.42239765973423,0.791388477155085,8.65801473499098e-05,0.000405760976550373
"ENSG00000280420.1","AC005355.2"," TEC","chr5",2.24945747341556,2.42151651895325,1.32946870032867,0.00112787077785707,0.00397089471566843
"ENSG00000160352.16","ZNF714"," protein_coding","chr19",106.262354503,2.42090798086125,0.523000973009143,1.37552701643795e-07,1.16399035516329e-06
"ENSG00000169435.14","RASSF6"," protein_coding","chr4",429.752026721675,2.4203094672026,0.43755499420136,1.28676845252496e-09,1.55548068759637e-08
"ENSG00000224805.2","LINC00853"," lncRNA","chr1",42.9234258946729,2.42014331274527,0.598509797797858,1.79481720705032e-06,1.21553339011959e-05
"ENSG00000198554.12","WDHD1"," protein_coding","chr14",183.730910460094,2.41970570663845,0.314959036776119,6.88650435534453e-16,2.23938066377976e-14
"ENSG00000157827.20","FMNL2"," protein_coding","chr2",1320.71915496152,2.41927141576411,0.532207990095879,2.04686689436086e-07,1.67805116474457e-06
"ENSG00000105131.8","EPHX3"," protein_coding","chr19",54.9801593554175,2.41673009639397,0.825089811501471,8.95119235363393e-05,0.000418358163376299
"ENSG00000213123.11","TCTEX1D2"," protein_coding","chr3",27.2337642146298,2.41645914627355,0.537428741246379,2.69112768430547e-07,2.1512059036313e-06
"ENSG00000167695.15","TLCD3A"," protein_coding","chr17",416.689959527218,2.41608561877767,0.312135957480745,4.33969767487735e-16,1.46340625986702e-14
"ENSG00000073711.11","PPP2R3A"," protein_coding","chr3",467.800636413975,2.41504155863433,0.447831600975025,2.73679222136837e-09,3.12058531578199e-08
"ENSG00000127252.7","PLAAT1"," protein_coding","chr3",14.4419663291771,2.41493721891287,1.19821105083466,0.000879105196822045,0.00319096807940545
"ENSG00000167646.14","DNAAF3"," protein_coding","chr19",36.3001352496058,2.41372927147452,0.517561016281492,1.22474078661595e-07,1.0439644653653e-06
"ENSG00000237686.7","AL109615.3"," lncRNA","chr6",28.4455040335013,2.41364784302889,0.614663313611178,3.21344057939375e-06,2.06142177832277e-05
"ENSG00000252743.1","RNU6-850P"," snRNA","chr6",4.07913010966955,2.41337995630916,1.00702259788356,0.000802483391362512,0.00294080733616109
"ENSG00000134215.16","VAV3"," protein_coding","chr1",567.314206217206,2.41309004623669,0.588140725591305,1.39543954334083e-06,9.63626326697651e-06
"ENSG00000133083.15","DCLK1"," protein_coding","chr13",116.02644628604,2.41301583849984,0.630037855534537,4.14732348421905e-06,2.6043762908759e-05
"ENSG00000275632.1","AL035461.2"," lncRNA","chr20",22.143727536663,2.41273025577017,0.755586147018523,4.26355538807042e-05,0.000214886701172874
"ENSG00000175352.11","NRIP3"," protein_coding","chr11",33.6224183238724,2.41195905937265,0.825014664879545,9.39207108238965e-05,0.000436661635710279
"ENSG00000164294.14","GPX8"," protein_coding","chr5",454.142810585941,2.41163814110873,0.433807036118957,1.06118371553186e-09,1.29894682044524e-08
"ENSG00000255310.2","AF131215.5"," lncRNA","chr8",62.4448870304568,2.4113353806158,0.493273463567252,3.88721621131368e-08,3.65172977996164e-07
"ENSG00000205277.9","MUC12"," protein_coding","chr7",18.437288324777,2.41008357107863,0.781106284147543,6.25185416371219e-05,0.000302522120274255
"ENSG00000074219.14","TEAD2"," protein_coding","chr19",832.046646626533,2.409919121981,0.346737648354833,1.44328314501359e-13,3.38145590818484e-12
"ENSG00000196924.19","FLNA"," protein_coding","chrX",24093.1650832296,2.40917087276292,0.352718545176194,4.21091719683283e-13,9.15262620822777e-12
"ENSG00000084207.18","GSTP1"," protein_coding","chr11",5263.17661492275,2.40857422617189,0.473012853834227,1.32265877416364e-08,1.3532316304307e-07
"ENSG00000253666.2","AP000424.1"," lncRNA","chr8",98.2391160467817,2.40838555990205,0.787439787870488,6.06382682167573e-05,0.000294891238015104
"ENSG00000141576.16","RNF157"," protein_coding","chr17",245.400964802156,2.40818291195797,0.595816417502994,1.82275538359307e-06,1.23273711532637e-05
"ENSG00000177508.12","IRX3"," protein_coding","chr16",164.397174112838,2.40780897011037,0.858862747713408,0.000128684211408219,0.00057791990185779
"ENSG00000285053.1","AL357556.3"," protein_coding","chr1",15.7440578258249,2.40769615250625,0.436403458582258,2.11000850790723e-09,2.45499952800742e-08
"ENSG00000167123.19","CERCAM"," protein_coding","chr9",995.331942858372,2.40752561813317,0.408015472580324,1.48152826734783e-10,2.10290501363839e-09
"ENSG00000206190.12","ATP10A"," protein_coding","chr15",275.906169513739,2.40484651495084,0.413144185767375,2.25575321839249e-10,3.11101965140853e-09
"ENSG00000228168.1","HNRNPA1P21"," processed_pseudogene","chr3",10.8892077792067,2.40450677085336,0.850587263266532,0.000147707307317649,0.00065388897361489
"ENSG00000101144.13","BMP7"," protein_coding","chr20",7.997284037728,2.40392368611103,1.05406288631149,0.00158370895018748,0.00534790534475787
"ENSG00000071051.14","NCK2"," protein_coding","chr2",2062.59628809097,2.40376599557596,0.284054525068733,1.26585674801347e-18,6.5236352443118e-17
"ENSG00000166803.14","PCLAF"," protein_coding","chr15",104.55275144905,2.40297338537199,0.339809496905269,6.40419727630761e-14,1.58442773835977e-12
"ENSG00000221818.9","EBF2"," protein_coding","chr8",26.4482147784864,2.40204534923103,1.09678741877042,0.000575326322681261,0.00218426311418583
"ENSG00000051523.11","CYBA"," protein_coding","chr16",5608.65228329412,2.40125028731862,0.617190248165956,3.5287975503825e-06,2.24251624721366e-05
"ENSG00000166171.13","DPCD"," protein_coding","chr10",502.491509808445,2.40071242504282,0.391487100212725,3.52924828309224e-11,5.58268129986537e-10
"ENSG00000231205.11","ZNF826P"," transcribed_unprocessed_pseudogene","chr19",151.657463166554,2.40003406523327,0.911500234574506,0.000203325377323878,0.000869490973634391
"ENSG00000172687.13","ZNF738"," protein_coding","chr19",77.8729753942231,2.39937237825501,0.431975571065434,1.10474523784505e-09,1.34886202773974e-08
"ENSG00000198286.10","CARD11"," protein_coding","chr7",597.303354945488,2.39787159552002,0.460993741789034,7.34676904242374e-09,7.84367765248166e-08
"ENSG00000131097.7","HIGD1B"," protein_coding","chr17",18.9513114042464,2.39745093669955,0.62593582955381,4.85469441397094e-06,3.00395802632835e-05
"ENSG00000109113.20","RAB34"," protein_coding","chr17",1239.6888787485,2.39661917129003,0.556547853994316,5.96738298116228e-07,4.45857054757998e-06
"ENSG00000157613.11","CREB3L1"," protein_coding","chr11",352.802763418196,2.39639071204976,0.638254626937195,5.46912848099862e-06,3.3394967231264e-05
"ENSG00000267737.1","AC087645.2"," lncRNA","chr17",5.34484720962953,2.39520817841847,0.771287497766594,0.000101604580448457,0.000469237493207891
"ENSG00000255737.2","AGAP2-AS1"," lncRNA","chr12",22.2063308589666,2.3941696937955,0.451770671450169,5.32797562745875e-09,5.80544344704312e-08
"ENSG00000092421.17","SEMA6A"," protein_coding","chr5",2541.83929313625,2.39395197055218,0.479408620844601,2.13236035384379e-08,2.09847568020477e-07
"ENSG00000197905.10","TEAD4"," protein_coding","chr12",399.070898611337,2.39354545263317,0.37678801584065,8.20280730037495e-12,1.44224042281276e-10
"ENSG00000105997.22","HOXA3"," protein_coding","chr7",72.5225239903127,2.39277190891997,1.00066888043351,0.00035602100970344,0.00142726454536004
"ENSG00000185760.17","KCNQ5"," protein_coding","chr6",47.0427519202132,2.39232434821285,0.937493631940618,0.000250499270701947,0.00104532378070173
"ENSG00000205740.2","AL359878.1"," lncRNA","chr10",7.19282360801398,2.38889189064001,0.525436492121372,5.03954587957971e-07,3.81022586214257e-06
"ENSG00000180891.13","CUEDC1"," protein_coding","chr17",1617.06366574402,2.38880269258391,0.276243697778105,2.90125329134166e-19,1.61501254303712e-17
"ENSG00000053524.12","MCF2L2"," protein_coding","chr3",14.9474444315561,2.38372354515578,0.434609929386757,2.56486638104723e-09,2.9387786301597e-08
"ENSG00000253368.4","TRNP1"," protein_coding","chr1",915.410550662014,2.38331989027336,0.471169749640509,1.63514787676252e-08,1.6407164918227e-07
"ENSG00000069849.11","ATP1B3"," protein_coding","chr3",1626.73833438628,2.38190632852889,0.317127005566049,2.81770620595608e-15,8.59915243759705e-14
"ENSG00000274414.1","AL121772.1"," lncRNA","chr20",19.7019610279844,2.38112245592097,0.748641853637433,4.75029341974745e-05,0.000237303149101924
"ENSG00000161381.14","PLXDC1"," protein_coding","chr17",254.567925900976,2.38054940189584,0.450299261612025,4.70412814692228e-09,5.17010979342788e-08
"ENSG00000277351.1","AC013553.3"," lncRNA","chr15",3.49646338501729,2.37929172666173,0.981004381139873,0.000527600203517352,0.00202627654198784
"ENSG00000120162.10","MOB3B"," protein_coding","chr9",725.932146546323,2.37810607458541,0.353129328262006,7.02015172587772e-13,1.47105463859287e-11
"ENSG00000232229.6","LINC00865"," lncRNA","chr10",72.6035175780252,2.37593200385431,0.642479646195274,6.97300095745766e-06,4.17871996270213e-05
"ENSG00000120334.15","CENPL"," protein_coding","chr1",122.740727300451,2.37521390763361,0.312658846786029,1.2918985796721e-15,4.07828892537397e-14
"ENSG00000265702.2","AC005821.1"," lncRNA","chr17",4.34174488884329,2.37395051367208,1.11338911799908,0.00121487490264192,0.00423731747401197
"ENSG00000227388.3","AL133410.1"," lncRNA","chr9",45.9637825888339,2.3736978297089,0.585077404769987,1.75670270028324e-06,1.19165723405958e-05
"ENSG00000163888.4","CAMK2N2"," protein_coding","chr3",96.0795233707966,2.37350094022595,0.550360959085842,5.61274341083469e-07,4.2119401222186e-06
"ENSG00000164221.13","CCDC112"," protein_coding","chr5",177.031511625811,2.37196176133848,0.235766878027902,3.90444221318724e-25,5.40791286216927e-23
"ENSG00000072832.15","CRMP1"," protein_coding","chr4",621.57384316334,2.36932828950946,0.360811023909316,2.19197168229727e-12,4.2370856196772e-11
"ENSG00000167900.12","TK1"," protein_coding","chr17",875.931665640595,2.36866818374504,0.429988689497881,1.43543398224248e-09,1.72163543700784e-08
"ENSG00000204052.4","LRRC73"," protein_coding","chr6",55.5040494021297,2.36771204193429,0.67582134595323,1.39134573846661e-05,7.82873530967064e-05
"ENSG00000125864.14","BFSP1"," protein_coding","chr20",76.197730355092,2.36751679198348,0.663967688439641,1.1252594285763e-05,6.44846606525385e-05
"ENSG00000227473.1","TSSK5P"," unitary_pseudogene","chr8",11.7645632305939,2.36728846701235,0.576690373927856,1.96313245361187e-06,1.31729032756854e-05
"ENSG00000131470.15","PSMC3IP"," protein_coding","chr17",68.4578907670901,2.36605192333336,0.32930785748592,2.95175995020698e-14,7.73583881290093e-13
"ENSG00000242715.8","CCDC169"," protein_coding","chr13",9.0963984966335,2.3650872178951,1.15786484357743,0.000909809869801601,0.00328891363145903
"ENSG00000124766.7","SOX4"," protein_coding","chr6",3041.27959941344,2.36442636484769,0.396470052337212,1.08858700186123e-10,1.58132441520369e-09
"ENSG00000205238.9","SPDYE2"," protein_coding","chr7",6.79313199369492,2.36424859507952,1.12786496815533,0.000995891134794048,0.00356038099164206
"ENSG00000137285.10","TUBB2B"," protein_coding","chr6",290.962466762748,2.36330788748045,0.76953584864698,5.81902821677025e-05,0.000283980649247066
"ENSG00000137747.16","TMPRSS13"," protein_coding","chr11",104.195857831816,2.3632494256882,0.659160475252657,1.03867802469221e-05,6.00301155186189e-05
"ENSG00000121895.8","TMEM156"," protein_coding","chr4",440.079227620878,2.36243038560542,0.529419553492998,2.8366424648269e-07,2.25270961221171e-06
"ENSG00000287895.1","AL136379.1"," lncRNA","chr1",6.23804769374006,2.3599482573682,1.53694579197575,0.00231599608830298,0.00745314319281881
"ENSG00000241155.1","ARHGAP31-AS1"," lncRNA","chr3",4.38369786925494,2.35903372238741,1.06732763634162,0.000990005779628484,0.00354168487326488
"ENSG00000106462.11","EZH2"," protein_coding","chr7",306.59420412064,2.35722835870496,0.309771279516459,1.16267426560542e-15,3.69836920975403e-14
"ENSG00000188152.13","NUTM2G"," protein_coding","chr9",3.85851551511458,2.35208078313121,0.877509372061402,0.000436096034826476,0.00171181338175932
"ENSG00000145147.20","SLIT2"," protein_coding","chr4",652.954535077557,2.35131487134753,0.651919460753886,1.00715999314585e-05,5.84401230158569e-05
"ENSG00000143632.14","ACTA1"," protein_coding","chr1",12.1434131015248,2.34917161717192,0.861511544446329,0.000187137656928,0.000808085612869407
"ENSG00000100302.7","RASD2"," protein_coding","chr22",75.9810112373547,2.346808812691,0.58777244101351,2.19335584613464e-06,1.45802180209438e-05
"ENSG00000247081.8","BAALC-AS1"," lncRNA","chr8",63.4621304539075,2.34577148825013,0.275616847506794,8.56995035632149e-19,4.5040879629467e-17
"ENSG00000162929.14","KIAA1841"," protein_coding","chr2",193.508111634481,2.34376436658872,0.309152704208955,1.50225422646216e-15,4.70668673809609e-14
"ENSG00000004846.16","ABCB5"," protein_coding","chr7",3.42707711792209,2.34331108726074,1.58565129741842,0.00214630755995703,0.00697400525970664
"ENSG00000274070.2","CASTOR2"," protein_coding","chr7",473.317438741083,2.34165594924462,0.367105127588172,7.57429353964168e-12,1.34104169252068e-10
"ENSG00000167861.16","HID1"," protein_coding","chr17",1206.12674280797,2.33987968146674,0.397255625720373,1.61326545472708e-10,2.26782361681611e-09
"ENSG00000237928.6","NFIA-AS2"," lncRNA","chr1",12.4834326662658,2.33954382455095,1.04470732709639,0.000580435304477753,0.00220079518995341
"ENSG00000287692.1","AC053545.1"," lncRNA","chr4",17.1241158004425,2.33865583707533,1.0696803697383,0.000629648402731572,0.00236525618277878
"ENSG00000168676.11","KCTD19"," protein_coding","chr16",5.55070772828674,2.33801614733224,1.00984198493886,0.000731364848428171,0.00270485371672389
"ENSG00000287906.1","AC127526.5"," lncRNA","chr11",56.1194609209954,2.33795084798303,0.849296812373321,0.000152106986909087,0.000670820789409003
"ENSG00000183307.4","TMEM121B"," protein_coding","chr22",30.3963184008097,2.33772636483572,0.490445227741367,7.69858222139463e-08,6.81310512184041e-07
"ENSG00000280079.1","AC011447.7"," TEC","chr19",16.8661205041426,2.33772143267962,0.945162182779528,0.000336714766773459,0.0013575166595736
"ENSG00000241484.10","ARHGAP8"," protein_coding","chr22",12.3233850907971,2.33758249815322,0.783142881786866,9.13628460593282e-05,0.000426257654623248
"ENSG00000180044.5","C3orf80"," protein_coding","chr3",46.1820690105136,2.33747638508944,0.546678593997464,6.78199594316816e-07,5.01455106885354e-06
"ENSG00000132000.13","PODNL1"," protein_coding","chr19",45.9925442102254,2.33712046139708,0.57769674339575,1.84042830891989e-06,1.24353609781988e-05
"ENSG00000135314.12","KHDC1"," protein_coding","chr6",14.52331395711,2.33661751928857,0.837958394564072,0.000156759070010659,0.000688941587033437
"ENSG00000091129.21","NRCAM"," protein_coding","chr7",179.677469494773,2.3361150434797,0.689335009853909,2.12723407087634e-05,0.000114566637026204
"ENSG00000186638.16","KIF24"," protein_coding","chr9",115.350922060099,2.33588580614268,0.315155971476402,5.26318938140101e-15,1.55229495516771e-13
"ENSG00000119681.12","LTBP2"," protein_coding","chr14",2266.08483842225,2.33580278107508,0.464104937883556,1.96157176022737e-08,1.94153670424405e-07
"ENSG00000114554.11","PLXNA1"," protein_coding","chr3",1316.83836606314,2.33452597374258,0.296045274280848,1.4452791801002e-16,5.27626388039334e-15
"ENSG00000213420.8","GPC2"," protein_coding","chr7",24.4762347608179,2.33409683388234,0.57007163250278,1.57810612613826e-06,1.08055815946777e-05
"ENSG00000184489.12","PTP4A3"," protein_coding","chr8",967.011599077956,2.3333111458055,0.453426955479341,1.04205237578663e-08,1.08672240791277e-07
"ENSG00000163235.16","TGFA"," protein_coding","chr2",1426.21185536711,2.33214142592572,0.38168620200799,4.190425420514e-11,6.51201486899163e-10
"ENSG00000234869.1","AL021392.1"," lncRNA","chr22",17.6278630521056,2.33153260357302,0.596000925477011,3.50826013522297e-06,2.23189618068307e-05
"ENSG00000140443.15","IGF1R"," protein_coding","chr15",817.343897532688,2.33027518519719,0.567574811063529,1.37132506377533e-06,9.49446493834859e-06
"ENSG00000243701.7","DUBR"," lncRNA","chr3",169.477677358673,2.33005869889161,0.346797065132236,7.3196312871762e-13,1.52941493564214e-11
"ENSG00000229178.1","AC233280.1"," lncRNA","chr3",4.44970295983596,2.32993994626398,0.794557577367494,0.000202543765846877,0.000866529643001989
"ENSG00000259840.1","Z97653.1"," lncRNA","chr16",4.51201201535948,2.32993089493005,1.17270766708286,0.00141181740756924,0.00482612234400413
"ENSG00000245522.2","LINC02709"," lncRNA","chr11",22.7765421742406,2.32934344980006,0.561575017399587,1.30881883085484e-06,9.10275070987242e-06
"ENSG00000115526.11","CHST10"," protein_coding","chr2",257.566193516937,2.32876694455915,0.378569664324465,3.10032136295456e-11,4.95253416407566e-10
"ENSG00000105738.11","SIPA1L3"," protein_coding","chr19",1930.03204522663,2.32636756629546,0.290845870536741,6.29296694165926e-17,2.44420176726044e-15
"ENSG00000005102.14","MEOX1"," protein_coding","chr17",41.7704569738613,2.32599061881124,0.710450397984444,3.17685303719905e-05,0.000165061678379157
"ENSG00000269516.6","CYP4F23P"," transcribed_unprocessed_pseudogene","chr19",27.2149111841562,2.32318818151035,0.60265547844296,4.26581260021023e-06,2.67130716478171e-05
"ENSG00000176945.17","MUC20"," protein_coding","chr3",925.229794665478,2.32197254486795,0.631726802222605,7.50536527689278e-06,4.46328236007514e-05
"ENSG00000154380.17","ENAH"," protein_coding","chr1",4080.70001329897,2.32177771209521,0.404653588120184,4.33240542156546e-10,5.70270459122937e-09
"ENSG00000279673.1","AC092919.2"," TEC","chr3",33.7839920470088,2.32104721048953,0.466125341364881,2.54166425344433e-08,2.46961374446095e-07
"ENSG00000186481.16","ANKRD20A5P"," transcribed_unprocessed_pseudogene","chr18",10.8750015353297,2.32090984954358,1.00131088766754,0.000535019463444118,0.00205018165123509
"ENSG00000214510.10","SPINK13"," protein_coding","chr5",5.44241482694507,2.31918501572404,0.953153515317926,0.000566698944953969,0.00215599863380231
"ENSG00000196793.14","ZNF239"," protein_coding","chr10",111.183557842963,2.31875536357113,0.333100546641138,1.44276258493129e-13,3.38145590818484e-12
"ENSG00000186409.18","CCDC30"," protein_coding","chr1",170.090049259033,2.31844166877881,0.46297855332446,2.14818059232008e-08,2.11048432796849e-07
"ENSG00000273002.1","AL355388.1"," lncRNA","chr1",12.3795723391471,2.31691275286449,0.56244331830273,1.62947463435697e-06,1.11207640640052e-05
"ENSG00000118432.12","CNR1"," protein_coding","chr6",31.6658807179238,2.31621970672204,1.04070362754928,0.000532702565057152,0.00204291363662267
"ENSG00000280537.2","AC068946.1"," protein_coding","chr2",8.6877059459822,2.31566163819632,0.813258452889909,0.000154931964378983,0.000681733363851345
"ENSG00000165105.10","RASEF"," protein_coding","chr9",598.678616932986,2.31473288831222,0.449391912839723,9.72859306509184e-09,1.02040032763633e-07
"ENSG00000106683.15","LIMK1"," protein_coding","chr7",1048.76395916667,2.31438388051815,0.343614807184629,6.61353701796028e-13,1.39184892696164e-11
"ENSG00000109736.15","MFSD10"," protein_coding","chr4",2246.29847942587,2.31411544524424,0.336538434395041,2.82120266837377e-13,6.33500081861389e-12
"ENSG00000235370.6","DNM1P51"," transcribed_unprocessed_pseudogene","chr15",6.13101758061268,2.31358152341529,0.98277144205433,0.000638308188053182,0.00239408660631648
"ENSG00000233117.4","LINC00702"," lncRNA","chr10",72.5749069440094,2.3130757771481,0.7155551049994,3.54941044598804e-05,0.000182404427940495
"ENSG00000287595.1","AC097369.4"," lncRNA","chr3",3.2772208459411,2.31017538473772,1.01180118350651,0.000831207928646608,0.00303106689219814
"ENSG00000250486.5","FAM218A"," lncRNA","chr4",12.1415193195852,2.30961694409151,0.890549923033673,0.000261500621480829,0.00108610446076809
"ENSG00000181885.18","CLDN7"," protein_coding","chr17",2494.7014299636,2.30941322132054,0.374334039150728,3.14526519194444e-11,5.01883153084394e-10
"ENSG00000196923.14","PDLIM7"," protein_coding","chr5",1537.84499607079,2.30905787591365,0.425165364332531,2.15653992464982e-09,2.50327154637356e-08
"ENSG00000178752.16","ERFE"," protein_coding","chr2",39.0638943507743,2.30891625941172,0.538644695938472,6.34460321359818e-07,4.71625206772286e-06
"ENSG00000225269.3","LINC00705"," lncRNA","chr10",8.95255043450125,2.30891351280667,0.909756989369827,0.000342370819475937,0.00137822445946641
"ENSG00000123352.18","SPATS2"," protein_coding","chr12",915.96247097364,2.30891004132486,0.238092670842907,1.46505283288696e-23,1.53719877994531e-21
"ENSG00000276417.1","AC092111.2"," lncRNA","chr12",2.0712287962158,2.3088656301088,1.27527020657902,0.00111109327820473,0.00392081778755793
"ENSG00000188282.12","RUFY4"," protein_coding","chr2",34.5067783713262,2.30755326328435,0.566236695502122,1.65252211218697e-06,1.12648790582804e-05
"ENSG00000109265.14","CRACD"," protein_coding","chr4",203.08569106733,2.30558678515421,0.514075453459845,2.54757711709261e-07,2.04655127866908e-06
"ENSG00000108852.15","MPP2"," protein_coding","chr17",67.8215069417578,2.30502886116159,0.618375569346563,6.27086667206599e-06,3.79334114387169e-05
"ENSG00000156515.24","HK1"," protein_coding","chr10",2021.19461728887,2.303148849054,0.443231571054299,8.14031566530330e-09,8.64064292726462e-08
"ENSG00000079101.16","CLUL1"," protein_coding","chr18",8.46776966879367,2.30291975565812,0.822413828107816,0.000185104071433868,0.000799725965677778
"ENSG00000182718.18","ANXA2"," protein_coding","chr15",20514.5035371317,2.3021699587012,0.345651653853496,1.10171862103294e-12,2.24257016447382e-11
"ENSG00000215795.2","AL390728.2"," processed_pseudogene","chr1",10.3689331318655,2.3020776656148,0.629622358468316,1.14496529795771e-05,6.54724422194247e-05
"ENSG00000176454.14","LPCAT4"," protein_coding","chr15",679.91427804692,2.30159063758938,0.391955452347483,1.72138623750601e-10,2.40705250056629e-09
"ENSG00000280351.2","AC127496.7"," TEC","chr17",19.1387399054523,2.30143606064915,0.360375710049655,1.08293948240576e-11,1.87690206549577e-10
"ENSG00000285278.1","TFAP2A-AS2"," lncRNA","chr6",16.8517382377661,2.30092595637196,0.614802397877952,7.36288107911793e-06,4.38839146295037e-05
"ENSG00000287712.1","AC005865.2"," lncRNA","chr12",2.08091802445833,2.30086071495674,1.31646245405644,0.00129658946827994,0.00448478811813797
"ENSG00000261713.6","SSTR5-AS1"," lncRNA","chr16",52.3078749458428,2.30074688086474,2.28122876384244,0.00233849450733569,0.00751890942289184
"ENSG00000146072.6","TNFRSF21"," protein_coding","chr6",3926.02750692821,2.30017392955224,0.418758391231809,1.68639974543295e-09,2.00205918496271e-08
"ENSG00000204385.13","SLC44A4"," protein_coding","chr6",404.866512853152,2.29947332065046,1.40880072690432,0.00139106609575261,0.00476467906846029
"ENSG00000269978.1","AL359881.1"," lncRNA","chr1",3.46569981409997,2.29919595151162,1.03901467914019,0.000830696524561376,0.00302958076080655
"ENSG00000197093.11","GAL3ST4"," protein_coding","chr7",165.586785526783,2.29917692863764,0.37803013268599,4.56676196456102e-11,7.05924110992477e-10
"ENSG00000103888.17","CEMIP"," protein_coding","chr15",235.428456532162,2.2967826780716,0.750427263046815,6.15578260414714e-05,0.000298417854047479
"ENSG00000259349.2","AC011921.1"," lncRNA","chr17",9.19431017281986,2.29592768560639,0.70146619098654,4.5992201239216e-05,0.000230585513569386
"ENSG00000274737.1","AC004466.2"," lncRNA","chr12",2.35194255934368,2.29481043366018,1.45612051043637,0.00147334560889827,0.00501294973357678
"ENSG00000061273.18","HDAC7"," protein_coding","chr12",2735.13678693529,2.29476129019938,0.29623271400415,4.38807231579345e-16,1.47630543690172e-14
"ENSG00000138769.11","CDKL2"," protein_coding","chr4",24.7922803199431,2.29470286669203,0.707758057137593,3.8286708016114e-05,0.000194935413880613
"ENSG00000103490.14","PYCARD"," protein_coding","chr16",735.912506919082,2.2931422447133,0.555355110954044,1.26953482135512e-06,8.8421827134927e-06
"ENSG00000147889.18","CDKN2A"," protein_coding","chr9",127.618365019309,2.28994851538555,0.688000919337968,2.58919199370267e-05,0.000137166983771001
"ENSG00000225151.10","GOLGA2P7"," transcribed_unprocessed_pseudogene","chr15",8.215040072803,2.28764048451715,0.712362436534513,5.43013774842791e-05,0.000267192456113181
"ENSG00000102890.16","ELMO3"," protein_coding","chr16",1663.22837960504,2.28511750642527,0.410199514560963,9.90710375147553e-10,1.2208716067883e-08
"ENSG00000054356.14","PTPRN"," protein_coding","chr2",3.83795816658263,2.28501614566403,0.865598146904436,0.00286962868666492,0.00900529307814192
"ENSG00000075073.15","TACR2"," protein_coding","chr10",33.2085436763765,2.28475914602507,0.780215589292617,9.31461423630997e-05,0.00043353755011796
"ENSG00000276975.3","HYDIN2"," transcribed_unprocessed_pseudogene","chr1",25.9091524368277,2.28460300336778,0.560002030776254,1.70617553365372e-06,1.16035052788867e-05
"ENSG00000065911.13","MTHFD2"," protein_coding","chr2",469.826457336611,2.28429107066623,0.550047886842918,1.10840704699789e-06,7.8188936285082e-06
"ENSG00000149639.15","SOGA1"," protein_coding","chr20",905.636797419303,2.28317517395986,0.252913286050464,8.68345593571276e-21,5.91793752777583e-19
"ENSG00000144063.4","MALL"," protein_coding","chr2",50.7426256872411,2.28244673935507,0.883712363438607,0.000233484356334176,0.000983750569104664
"ENSG00000173894.11","CBX2"," protein_coding","chr17",135.803709115157,2.28206066940136,0.395899863970701,3.15719672570094e-10,4.24761053864166e-09
"ENSG00000118513.19","MYB"," protein_coding","chr6",23.8313082165488,2.28182702631371,0.653511438705474,1.62252268924933e-05,8.97882077835583e-05
"ENSG00000077063.11","CTTNBP2"," protein_coding","chr7",451.439796822971,2.28116353755917,0.568072311921483,1.9736359885772e-06,1.32312084924864e-05
"ENSG00000113578.18","FGF1"," protein_coding","chr5",176.052365055157,2.2800048653549,0.621161815261829,7.63856568581817e-06,4.53694405395296e-05
"ENSG00000151725.12","CENPU"," protein_coding","chr4",242.29260552129,2.27691472322896,0.368469859270822,2.69242533931330e-11,4.3341807241959e-10
"ENSG00000103222.20","ABCC1"," protein_coding","chr16",1219.14471123235,2.27681770682476,0.314417531496075,1.76443479772495e-14,4.83710513297359e-13
"ENSG00000261716.2","H2BC20P"," transcribed_unprocessed_pseudogene","chr1",101.303557117203,2.27571525693251,0.3654536909492,2.12090524076316e-11,3.5011140332666e-10
"ENSG00000129038.16","LOXL1"," protein_coding","chr15",497.130813642633,2.27458904028714,0.553000353206813,1.31765706277945e-06,9.15766949349867e-06
"ENSG00000254364.1","AP000424.2"," lncRNA","chr8",7.46887265516298,2.27292460877,0.985999246208685,0.000639095274355923,0.00239643464340948
"ENSG00000188290.11","HES4"," protein_coding","chr1",286.89505950055,2.27257129668933,0.397311449338427,4.21735837750015e-10,5.56130770855795e-09
"ENSG00000172197.11","MBOAT1"," protein_coding","chr6",1379.1091652279,2.27217962251524,0.619284496054172,8.00046669451689e-06,4.72878648454637e-05
"ENSG00000229852.4","AC019205.1"," lncRNA","chr6",44.3165153377016,2.27187648439495,0.476874129708853,7.06489905714507e-08,6.28855784552532e-07
"ENSG00000076864.19","RAP1GAP"," protein_coding","chr1",4673.30663767242,2.27019345887485,0.50928931591416,3.02944594743715e-07,2.38826780650795e-06
"ENSG00000170955.10","CAVIN3"," protein_coding","chr11",162.936329415243,2.26917204129385,0.652044753859983,1.51699503031888e-05,8.46065545685877e-05
"ENSG00000261373.1","VPS9D1-AS1"," lncRNA","chr16",80.4482638403865,2.26816192040345,0.436060528137505,7.62562051646092e-09,8.13278701442956e-08
"ENSG00000224596.8","ZMIZ1-AS1"," lncRNA","chr10",65.678758738524,2.2678876648275,0.537822212728572,8.68269481653938e-07,6.27827280871683e-06
"ENSG00000176971.4","FIBIN"," protein_coding","chr11",402.02451704243,2.26470995466662,0.599176414696481,5.06002195472004e-06,3.11909933214769e-05
"ENSG00000244556.1","ODCP"," processed_pseudogene","chr7",4.8257993715952,2.26387394758106,0.761806901851144,0.000171917543433125,0.000749351886491456
"ENSG00000105523.3","FAM83E"," protein_coding","chr19",80.44203529126,2.26311515249375,0.933982775909584,0.000342569209181919,0.00137883279462224
"ENSG00000226281.4","AL031123.1"," lncRNA","chr6",2.86731177932759,2.26229362125496,1.20678328761642,0.00108704165153315,0.00384664781433584
"ENSG00000134245.18","WNT2B"," protein_coding","chr1",144.054196983304,2.26223022971978,0.496032079523807,1.8624535453769e-07,1.53897754858637e-06
"ENSG00000170927.15","PKHD1"," protein_coding","chr6",2002.3195605752,2.26212692898337,0.442153523250553,1.24667656210343e-08,1.28088441845702e-07
"ENSG00000263724.2","DLGAP1-AS3"," lncRNA","chr18",51.9957011751047,2.26165363304748,0.975220551913827,0.000436405132918752,0.00171279619511667
"ENSG00000014257.16","ACP3"," protein_coding","chr3",26.6190584123399,2.26059582321172,0.599443340877865,5.01643006215421e-06,3.09419007153682e-05
"ENSG00000141469.18","SLC14A1"," protein_coding","chr18",437.864154766913,2.26024452806326,1.04121258033668,0.000588542534552344,0.00222892718649147
"ENSG00000088325.16","TPX2"," protein_coding","chr20",894.289100105154,2.25987337182879,0.569461845857954,2.42158020633593e-06,1.59303277037918e-05
"ENSG00000276850.5","AC245041.2"," lncRNA","chr10",271.978534565864,2.25724812750318,0.645868572454078,1.5043867006704e-05,8.39675768692212e-05
"ENSG00000275491.1","LINC01730"," lncRNA","chr20",4.54120662300959,2.25670110223639,0.923978430180941,0.00062929747670092,0.00236477191486644
"ENSG00000249375.8","CASC11"," lncRNA","chr8",2.34858462924056,2.25537777389654,1.59302264959442,0.00221220613323637,0.00716498342220428
"ENSG00000188130.14","MAPK12"," protein_coding","chr22",405.804533973881,2.2551515940534,0.538203781033829,9.62985863564059e-07,6.88970680753006e-06
"ENSG00000164484.12","TMEM200A"," protein_coding","chr6",92.4209017331532,2.25402556094706,0.574292769295006,2.89933090601211e-06,1.87559510307091e-05
"ENSG00000183160.9","TMEM119"," protein_coding","chr12",234.921346238271,2.25396140571706,0.568126533645573,2.50207329044474e-06,1.64006687211197e-05
"ENSG00000224367.6","OACYLP"," transcribed_unitary_pseudogene","chr18",3.14482145968376,2.25212468566452,1.57282757614679,0.00253186280691279,0.00806683847240189
"ENSG00000105519.18","CAPS"," protein_coding","chr19",804.943185539699,2.25199931314447,0.649163820449275,1.62113752993856e-05,8.97456075361131e-05
"ENSG00000140873.16","ADAMTS18"," protein_coding","chr16",9.75120880966364,2.25148269887589,1.1764735705244,0.00118584350803014,0.00415144854605512
"ENSG00000260428.3","SCX"," protein_coding","chr8",47.9945663180594,2.25090480122669,0.637272780012945,1.26152806290268e-05,7.15070191737434e-05
"ENSG00000260588.1","AC027702.1"," lncRNA","chr8",12.822001758019,2.25067816179743,0.507580894996353,5.11951310526313e-07,3.86647066476345e-06
"ENSG00000287151.1","C2orf27A"," lncRNA","chr2",65.0096505050763,2.24904696535241,0.629206946776069,1.11868823674217e-05,6.41711252262191e-05
"ENSG00000205593.12","DENND6B"," protein_coding","chr22",376.414737085473,2.24800465479662,0.36492977989377,2.89803916508844e-11,4.64977471982754e-10
"ENSG00000143147.14","GPR161"," protein_coding","chr1",235.993701324125,2.24746761268665,0.556660770694319,1.84450686895224e-06,1.24558867758625e-05
"ENSG00000085662.14","AKR1B1"," protein_coding","chr7",1912.25733896733,2.24479859269049,0.461451044253087,4.46373953991878e-08,4.13342281396479e-07
"ENSG00000149218.5","ENDOD1"," protein_coding","chr11",2194.74232262994,2.24407782169247,0.452295701955258,2.77098068965407e-08,2.67549605218536e-07
"ENSG00000273008.1","AC010864.1"," lncRNA","chr10",19.2143534746714,2.24323566618201,0.750034719630499,8.42943158624332e-05,0.000396286134062423
"ENSG00000230393.1","AC092667.1"," lncRNA","chr2",8.50968002936121,2.24296715863896,1.01152567875069,0.000690400643401287,0.00256898792797195
"ENSG00000196950.14","SLC39A10"," protein_coding","chr2",621.121217593925,2.24120567539501,0.274897603414374,1.70698406294834e-17,7.29004657864424e-16
"ENSG00000105643.10","ARRDC2"," protein_coding","chr19",5656.83168256294,2.2407866290403,0.437422800033416,1.27557235105364e-08,1.3082689841028e-07
"ENSG00000237977.1","EIF4HP2"," processed_pseudogene","chr22",18.4900556976363,2.23908683938412,0.53302962950334,1.10150952786352e-06,7.77587885243251e-06
"ENSG00000111412.6","SPRING1"," protein_coding","chr12",1264.26897941458,2.23898552718648,0.289928621042975,5.40787279890296e-16,1.7876563765895e-14
"ENSG00000277744.1","AC011462.4"," lncRNA","chr19",16.3814781607441,2.23865228307326,0.636605515615621,1.57278960985417e-05,8.73196244301001e-05
"ENSG00000279255.1","Z97653.2"," TEC","chr16",5.07837736853189,2.23822404741063,0.90501176786917,0.000544818555814419,0.00208389882698017
"ENSG00000166173.11","LARP6"," protein_coding","chr15",542.788063495846,2.23783133414465,0.46495342633105,5.48059476444959e-08,4.98482908276365e-07
"ENSG00000022567.10","SLC45A4"," protein_coding","chr8",403.198473087632,2.23745703590097,0.346719716892064,4.35322855698268e-12,8.00886467387218e-11
"ENSG00000267288.2","AC138150.2"," lncRNA","chr17",19.0769964841471,2.23735447002246,0.528206046189188,9.35141788031306e-07,6.70200265726908e-06
"ENSG00000121236.21","TRIM6"," protein_coding","chr11",119.817329980767,2.23676507570445,0.440630067658111,1.45117005734205e-08,1.47129577346577e-07
"ENSG00000109586.12","GALNT7"," protein_coding","chr4",293.739998897872,2.23664613370286,0.490310553151453,1.87272924963347e-07,1.54484274554748e-06
"ENSG00000149256.16","TENM4"," protein_coding","chr11",105.415852715747,2.23656134647655,0.714871584949019,4.9272018074295e-05,0.000244965995433631
"ENSG00000149926.13","TLCD3B"," protein_coding","chr16",4.10183252986513,2.23637629324726,0.818441562115489,0.000391245393559519,0.0015535307493517
"ENSG00000187498.16","COL4A1"," protein_coding","chr13",10160.8938059517,2.23581290515713,0.39433220203871,7.04224911865795e-10,8.91172948122056e-09
"ENSG00000151693.11","ASAP2"," protein_coding","chr2",350.505364855466,2.2352461400853,0.451495567563141,2.81977971419057e-08,2.71811482099222e-07
"ENSG00000204650.14","LINC02210"," transcribed_unitary_pseudogene","chr17",251.280598078786,2.23500772730607,0.2240657812671,8.68676824229362e-25,1.12615263493094e-22
"ENSG00000189223.15","PAX8-AS1"," lncRNA","chr2",1528.51018031342,2.23401395041905,0.829080544283534,0.000177107971956292,0.000768759290772778
"ENSG00000188211.9","NCR3LG1"," protein_coding","chr11",93.7091797273905,2.23343977265404,0.64839655915208,1.77878293639884e-05,9.77124660486209e-05
"ENSG00000203952.9","CCDC160"," protein_coding","chrX",10.1280264859945,2.23248493147203,0.775333267154816,0.000134352333129292,0.000600049487834682
"ENSG00000005059.16","MCUB"," protein_coding","chr4",310.532963402861,2.23241404617969,0.409917356899112,1.94536607256196e-09,2.27763710201807e-08
"ENSG00000196542.8","SPTSSB"," protein_coding","chr3",181.729631832757,2.2323004885965,0.98586734811818,0.000494663324327098,0.00191490836195051
"ENSG00000166845.15","C18orf54"," protein_coding","chr18",96.206234570454,2.23221521082388,0.496726629911822,2.48449752070042e-07,2.00304887178857e-06
"ENSG00000255366.1","AC120036.4"," lncRNA","chr8",18.6858998161429,2.23162878995453,1.06480158969149,0.000745352561125468,0.00275344337075339
"ENSG00000172476.4","RAB40A"," protein_coding","chrX",18.6949110515706,2.23118290319566,0.48859957063495,2.2084464128797e-07,1.79788371245571e-06
"ENSG00000141738.14","GRB7"," protein_coding","chr17",1602.17645727049,2.22982362147691,0.301253609255265,5.61670666386001e-15,1.65321611178741e-13
"ENSG00000157992.12","KRTCAP3"," protein_coding","chr2",980.856708676464,2.22907519707613,0.440779902732594,1.66848201837981e-08,1.67186368925183e-07
"ENSG00000286216.1","AC104335.1"," lncRNA","chr1",3.8241471355032,2.22769056443119,0.986352995452992,0.00104375656843724,0.00370516433549297
"ENSG00000176597.12","B3GNT5"," protein_coding","chr3",272.326680163974,2.22580122150116,0.391358079475832,5.06643308110443e-10,6.57982130644413e-09
"ENSG00000233542.2","AL391845.2"," lncRNA","chr1",7.09073635992165,2.22479345132701,1.01878073263061,0.000772646199257514,0.00284239084199047
"ENSG00000169031.20","COL4A3"," protein_coding","chr2",193.55302555432,2.2217547077736,0.571476694977659,3.34964071396727e-06,2.14079031519963e-05
"ENSG00000268601.1","AC115522.1"," lncRNA","chr19",3.47773952916888,2.22134143321427,0.798373853498541,0.000393849270216456,0.00156280633423259
"ENSG00000152137.8","HSPB8"," protein_coding","chr12",787.115943367657,2.22036019469827,0.37862032847258,1.7917350900959e-10,2.49943189110509e-09
"ENSG00000279821.1","AC145098.2"," TEC","chr5",7.70688118768889,2.21919522188439,0.496825844765046,0.00929658940794733,0.0247397332761989
"ENSG00000132359.15","RAP1GAP2"," protein_coding","chr17",421.794978279638,2.21914373278108,0.310719954963636,4.16504009411759e-14,1.07039695599397e-12
"ENSG00000220323.4","H2BC19P"," transcribed_unprocessed_pseudogene","chr1",28.8751582011045,2.21721743257825,0.485114128283695,1.86511430393091e-07,1.54030348616537e-06
"ENSG00000163399.16","ATP1A1"," protein_coding","chr1",9773.26524790029,2.21700840506564,0.377961371656639,1.95895903801484e-10,2.7196990090364e-09
"ENSG00000129353.15","SLC44A2"," protein_coding","chr19",4715.31462518123,2.21631322037346,0.302052245272577,1.05810491905458e-14,3.00524463329143e-13
"ENSG00000167460.17","TPM4"," protein_coding","chr19",11307.1040210274,2.21618140327614,0.413421365648277,4.14541287070331e-09,4.6046286376826e-08
"ENSG00000263006.6","ROCK1P1"," transcribed_unprocessed_pseudogene","chr18",33.7985294280642,2.21541460120537,0.545293445809911,1.88541549577677e-06,1.26990791714031e-05
"ENSG00000117407.17","ARTN"," protein_coding","chr1",34.8695745347786,2.21485821211377,0.742158829115597,8.09248950080376e-05,0.000382390776363105
"ENSG00000035115.22","SH3YL1"," protein_coding","chr2",2118.17487405904,2.21446917226282,0.320474028024151,2.22133173223959e-13,5.06599103187621e-12
"ENSG00000124657.1","OR2B6"," protein_coding","chr6",3.39017167093192,2.21391980671437,1.15049445530359,0.00157516480878243,0.00532336720048367
"ENSG00000224431.1","AC063976.2"," processed_pseudogene","chr5",3.78685580155282,2.21363441171826,1.04910863320587,0.00142223134134981,0.0048577360650858
"ENSG00000204241.8","LINC02731"," lncRNA","chr11",5.5887031074498,2.21242159921915,1.73670724573869,0.00278413457601538,0.00876718357419762
"ENSG00000230638.4","AL445933.1"," processed_pseudogene","chr1",13.2104932338,2.21236238065195,0.783963854681932,0.000148878389853866,0.000658274026625346
"ENSG00000183479.12","TREX2"," protein_coding","chrX",32.6428020179444,2.2115416989795,0.444430412162354,2.58107641607014e-08,2.50457145643213e-07
"ENSG00000279198.1","AC008894.3"," TEC","chr19",10.9658631601492,2.21132033322141,0.602454530128195,1.06000979783824e-05,6.11660253079006e-05
"ENSG00000182771.19","GRID1"," protein_coding","chr10",653.024945078774,2.21125564697054,0.782757945738194,0.000123750345914673,0.000559119244111692
"ENSG00000198756.12","COLGALT2"," protein_coding","chr1",57.1869347076937,2.21006282701332,0.380202570616022,8.98788488299e-06,5.27288041335349e-05
"ENSG00000114405.11","C3orf14"," protein_coding","chr3",162.789359837414,2.20898018524765,0.517827809287919,6.9917924327193e-07,5.15660160480377e-06
"ENSG00000118307.20","CFAP94"," protein_coding","chr12",19.7572937663509,2.20835182019794,0.706773486677034,5.5564371936068e-05,0.000272717005721549
"ENSG00000259342.1","AC025580.1"," lncRNA","chr15",5.63990274962605,2.20809129835113,1.2002142949572,0.00169118749232162,0.00567405658655733
"ENSG00000260792.1","LINC02280"," lncRNA","chr14",4.95106896216388,2.20542449149363,1.15722351687311,0.00157913650335425,0.00533493544896227
"ENSG00000163629.13","PTPN13"," protein_coding","chr4",662.816058259311,2.20484056231996,0.460024172123638,6.09091718799653e-08,5.49879181233893e-07
"ENSG00000143179.16","UCK2"," protein_coding","chr1",621.869371457906,2.20304623152242,0.205661138132993,3.47801262001585e-28,6.99656207677534e-26
"ENSG00000179772.8","FOXS1"," protein_coding","chr20",87.4221047533495,2.20263030131367,0.713744277238295,5.76259527412864e-05,0.000281697907744358
"ENSG00000272108.1","AC244517.1"," lncRNA","chr5",8.40890180010454,2.20210899154631,1.24022827913428,0.00149777537487506,0.00508598485561473
"ENSG00000163923.10","RPL39L"," protein_coding","chr3",205.783335252707,2.20090403337503,0.395091312752723,1.01324312539806e-09,1.24548203644062e-08
"ENSG00000078018.20","MAP2"," protein_coding","chr2",998.454154059317,2.20060994883965,0.550870566861742,2.18873880484693e-06,1.45528429903306e-05
"ENSG00000235927.4","NEXN-AS1"," lncRNA","chr1",6.31522268616992,2.19916298597306,0.803966585146378,0.000232577150125343,0.000980494709062888
"ENSG00000149435.12","GGTLC1"," protein_coding","chr20",16.2075179501623,2.19875580890812,0.849595390633804,0.000262887369174066,0.00109062177093419
"ENSG00000159842.15","ABR"," protein_coding","chr17",2029.36983172603,2.19772848768519,0.259570531322764,1.24996769892216e-18,6.45315182475407e-17
"ENSG00000176619.13","LMNB2"," protein_coding","chr19",1655.42447792478,2.19584338153719,0.339314919528775,4.33613045594073e-12,7.99498035836505e-11
"ENSG00000225385.3","AL353572.1"," processed_pseudogene","chr9",6.12808121774755,2.19567323561906,0.914776931167341,0.000598059036390754,0.00225880927521454
"ENSG00000181541.6","MAB21L2"," protein_coding","chr4",146.954693777025,2.19565516923022,0.945185470278586,0.000434180304917596,0.00170475236426724
"ENSG00000174705.13","SH3PXD2B"," protein_coding","chr5",851.155438834863,2.19298400340499,0.317037143869773,2.07075746115146e-13,4.74857896103198e-12
"ENSG00000147408.14","CSGALNACT1"," protein_coding","chr8",850.734234910234,2.19277038391145,0.396474888290459,1.24326733577593e-09,1.50539082263379e-08
"ENSG00000120254.16","MTHFD1L"," protein_coding","chr6",513.737890831648,2.19272557989452,0.404628762092484,2.42413584206076e-09,2.79374233018848e-08
"ENSG00000186806.5","VSIG10L"," protein_coding","chr19",288.676907339367,2.19259288484604,0.520191289677397,8.78199427268229e-07,6.33750596090722e-06
"ENSG00000175497.17","DPP10"," protein_coding","chr2",119.030138515833,2.19192162916153,0.542627131072743,1.82651545553873e-06,1.23499372560522e-05
"ENSG00000089327.15","FXYD5"," protein_coding","chr19",3456.36862579731,2.19126478289486,0.48962686727491,2.97981266938627e-07,2.35550557597095e-06
"ENSG00000075391.17","RASAL2"," protein_coding","chr1",1398.14653488835,2.18909788649289,0.288758367507822,1.60237901141302e-15,4.99890838330549e-14
"ENSG00000114805.18","PLCH1"," protein_coding","chr3",59.8495008262608,2.18854182963043,0.469856289918019,1.21343028142665e-07,1.03523099967634e-06
"ENSG00000176014.13","TUBB6"," protein_coding","chr18",1940.98159277967,2.18811291326237,0.481061879745348,2.05356557244421e-07,1.6816422222109e-06
"ENSG00000268555.2","AC123912.4"," lncRNA","chr19",93.3616434551297,2.18778542652168,1.25115875750589,0.00122997151119079,0.00428075874119127
"ENSG00000168398.7","BDKRB2"," protein_coding","chr14",331.153487071385,2.18672613464608,0.405086847393989,2.58491663464208e-09,2.96032325543286e-08
"ENSG00000279536.1","AC093458.2"," TEC","chr7",7.33683408539444,2.18659802898695,1.15054548734758,0.00128701155517011,0.00445800261878127
"ENSG00000125744.12","RTN2"," protein_coding","chr19",272.633950302164,2.18607020703842,0.374249125205685,2.08272943486293e-10,2.87920070547474e-09
"ENSG00000185585.20","OLFML2A"," protein_coding","chr9",476.853211029278,2.1848967832824,0.465561677906048,1.00904570573074e-07,8.75717173176433e-07
"ENSG00000181418.8","DDN"," protein_coding","chr12",4.13378024606532,2.18425881791046,0.798165033077949,0.000354624337335647,0.00142244737290202
"ENSG00000280255.1","AC004947.2"," TEC","chr7",16.8703866354352,2.18335001243733,0.683385989753942,4.62586094880371e-05,0.000231841474253703
"ENSG00000166448.15","TMEM130"," protein_coding","chr7",40.5780178536994,2.18124785673951,0.827781964269105,0.000215093856692214,0.000913389533535477
"ENSG00000169908.12","TM4SF1"," protein_coding","chr3",12118.7766819162,2.18065499318348,0.427635557832486,1.55770203385096e-08,1.57057070948492e-07
"ENSG00000147378.11","FATE1"," protein_coding","chrX",2.5322065695349,2.17941898696248,1.11628110738046,0.00111805191363508,0.00394251163791365
"ENSG00000272927.1","AC107464.2"," lncRNA","chr4",12.4813963743754,2.17925016455886,1.09386495580895,0.000946541021168527,0.00340565622874858
"ENSG00000106125.14","MINDY4"," protein_coding","chr7",42.9761885082462,2.17861997672767,0.614480237678194,1.25238477444273e-05,7.10577932031125e-05
"ENSG00000267648.1","AC060766.5"," transcribed_processed_pseudogene","chr17",3.70816623306646,2.17821534444964,0.948025817378856,0.000980843398625679,0.00351131824920378
"ENSG00000287625.1","AC022210.1"," lncRNA","chr2",31.1734339974119,2.17820110821448,0.488936677949986,2.99263854685744e-07,2.36308266847008e-06
"ENSG00000245975.2","AC090515.2"," lncRNA","chr15",10.7819249356985,2.17698965257613,0.476590838526507,2.94484108973512e-07,2.33038713365392e-06
"ENSG00000276952.1","AL121772.3"," lncRNA","chr20",15.4444962854752,2.17584709641248,0.522323107039566,1.36664654073497e-06,9.46431931308125e-06
"ENSG00000203930.12","LINC00632"," lncRNA","chrX",33.5177003521611,2.17553127485102,1.27712274214887,0.00134067393034157,0.00461865098312664
"ENSG00000111674.9","ENO2"," protein_coding","chr12",556.837113090944,2.17510751533775,0.656142270856375,2.7877333008322e-05,0.000146646334809693
"ENSG00000236098.1","AC097059.1"," lncRNA","chr1",3.13091375441112,2.17337526910837,1.02578031118697,0.00120558369810245,0.0042099450365079
"ENSG00000277050.1","AL122125.1"," lncRNA","chr14",16.9807278493329,2.1712969037901,0.84041292704601,0.000249135284972034,0.0010406740838249
"ENSG00000172159.16","FRMD3"," protein_coding","chr9",176.21503276523,2.17111493026487,0.491873776367133,3.72069392745708e-07,2.88334009484579e-06
"ENSG00000097046.13","CDC7"," protein_coding","chr1",127.632394130991,2.170417357255,0.31075413676123,1.10473512282132e-13,2.64347980291839e-12
"ENSG00000154040.21","CABYR"," protein_coding","chr18",33.7436984331629,2.16996836970083,0.59130391754747,8.49673718499558e-06,5.00732180227146e-05
"ENSG00000155850.8","SLC26A2"," protein_coding","chr5",545.200975170742,2.16990332376816,0.436276776762032,2.56345893112374e-08,2.48913227569735e-07
"ENSG00000259683.1","AC243562.2"," unprocessed_pseudogene","chr15",15.3411726734434,2.16981972488754,0.846051900596155,0.000283015806378287,0.00116419236444059
"ENSG00000226887.8","ERVMER34-1"," protein_coding","chr4",21.1070737334638,2.16740432934137,0.765476434177177,0.000133701255111407,0.000597324538266905
"ENSG00000189334.9","S100A14"," protein_coding","chr1",2124.94027245796,2.16709353890288,0.817207268333987,0.000217688417716702,0.000923063447649148
"ENSG00000218226.1","TATDN2P2"," processed_pseudogene","chr6",17.0729259872861,2.16704975307666,0.614536008683784,1.57063468236535e-05,8.72644629522188e-05
"ENSG00000255306.1","AC004923.4"," lncRNA","chr11",8.0773979512103,2.16495903030622,0.795549922183775,0.000217472663833902,0.0009222826594026
"ENSG00000271590.1","AC108463.3"," lncRNA","chr2",2.63175051961275,2.16481572879414,1.30441761240147,0.00203029020912196,0.00664663693713562
"ENSG00000287507.1","AP001053.1"," lncRNA","chr21",2.11694444939984,2.16389825852862,1.50732148180343,0.00225089216943019,0.00726929513840891
"ENSG00000177410.13","ZFAS1"," lncRNA","chr20",568.199161731871,2.1619268955893,0.41450375793912,7.27580682035371e-09,7.77107320186369e-08
"ENSG00000223522.2","AC093690.1"," lncRNA","chr2",8.01990380596082,2.15996733841617,0.7054951071404,9.28317759559115e-05,0.000432281301541824
"ENSG00000174151.15","CYB561D1"," protein_coding","chr1",286.419675973012,2.15993117949589,0.344744721144348,1.56967849308303e-11,2.66352251103775e-10
"ENSG00000163661.4","PTX3"," protein_coding","chr3",75.4724408958277,2.15968185045309,0.801781233796397,0.000179489119716369,0.000777937315454202
"ENSG00000272070.1","AC005618.1"," lncRNA","chr5",15.716799445643,2.15953205080404,0.677328852875166,4.90896307110343e-05,0.000244267389663964
"ENSG00000257913.2","DDN-AS1"," lncRNA","chr12",5.05105010945182,2.15866241778192,0.892603652996414,0.000574771265695675,0.00218274677320522
"ENSG00000101298.15","SNPH"," protein_coding","chr20",94.7217211594328,2.15822855286458,0.534513975714122,1.82239081006407e-06,1.23273711532637e-05
"ENSG00000249007.1","AL691482.3"," lncRNA","chr1",32.8226574024306,2.15815790676678,0.756565258850771,0.000122040593458136,0.000551736216766952
"ENSG00000172915.18","NBEA"," protein_coding","chr13",320.889727059105,2.15673905649767,0.416214262069628,8.35485172006063e-09,8.85869392302612e-08
"ENSG00000144554.12","FANCD2"," protein_coding","chr3",185.716149239298,2.1559397393201,0.310100001224459,1.57110218405083e-13,3.64868468205243e-12
"ENSG00000176928.7","GCNT4"," protein_coding","chr5",585.407399376838,2.15545149745766,0.509189634875314,8.10214193938385e-07,5.89928425797031e-06
"ENSG00000102001.13","CACNA1F"," protein_coding","chrX",13.2187518305768,2.15538447534405,0.589735839469194,1.09702102100314e-05,6.3039807253035e-05
"ENSG00000114646.10","CSPG5"," protein_coding","chr3",30.0465877454339,2.15356887253442,0.705809443920727,6.75748592326177e-05,0.000324780205792754
"ENSG00000122778.10","KIAA1549"," protein_coding","chr7",199.084791706123,2.15325198906785,0.35101956445195,3.33119904341794e-11,5.30681293814625e-10
"ENSG00000259674.1","AC092868.1"," processed_pseudogene","chr15",59.7250800232671,2.15314815001275,0.394237150662121,1.9459671328669e-09,2.27763710201807e-08
"ENSG00000286938.1","AC092849.2"," lncRNA","chr7",2.64563589839884,2.15127257231235,1.33531755374544,0.00225827908129078,0.00728911613612601
"ENSG00000240541.3","TM4SF1-AS1"," lncRNA","chr3",13.8055138813495,2.15014885742601,0.518198347838811,1.44650723876145e-06,9.95121925647e-06
"ENSG00000287575.1","AL390755.3"," lncRNA","chr13",4.01996450370746,2.14992057123233,0.791284929679128,0.000385708291463783,0.00153530638014562
"ENSG00000166963.13","MAP1A"," protein_coding","chr15",191.340069323652,2.14969306196009,0.453084909031739,7.80917086495072e-08,6.90050605755067e-07
"ENSG00000246334.2","PRR7-AS1"," lncRNA","chr5",10.4639258928027,2.14749550525763,0.688795448079426,6.72680564013674e-05,0.000323412219741468
"ENSG00000162415.7","ZSWIM5"," protein_coding","chr1",375.21796479848,2.14620656589804,0.654590681545348,3.08430451855754e-05,0.000160682404896955
"ENSG00000286833.1","AC097532.3"," lncRNA","chr2",4.18201810074663,2.14580884946975,0.92678152852201,0.00090106508903848,0.00326134353916906
"ENSG00000181938.14","GINS3"," protein_coding","chr16",175.893261712241,2.14556135260096,0.414444075684741,8.76545894885101e-09,9.25034993050055e-08
"ENSG00000174996.12","KLC2"," protein_coding","chr11",657.021618908399,2.14455080778753,0.236744669811013,6.59813256456151e-21,4.59333958891873e-19
"ENSG00000023445.16","BIRC3"," protein_coding","chr11",4534.16488827192,2.14441523939732,0.625755170040983,1.91029582005648e-05,0.000104308159444454
"ENSG00000196420.7","S100A5"," protein_coding","chr1",2.79500145254404,2.14373712204853,1.37219923949649,0.00204204877299938,0.0066793982586562
"ENSG00000123892.12","RAB38"," protein_coding","chr11",126.669743431703,2.14368452057841,0.413306626586938,8.12176198833539e-09,8.6272278018119e-08
"ENSG00000224566.2","FAM96AP2"," processed_pseudogene","chr1",5.41866103690404,2.1422645046684,1.17556399101039,0.00176216481893061,0.00587435264038708
"ENSG00000225210.10","DUXAP9"," transcribed_processed_pseudogene","chr14",7.59738122953759,2.14056743637611,1.08680083552507,0.00115008174437793,0.00404177522912769
"ENSG00000132321.17","IQCA1"," protein_coding","chr2",69.5308090643928,2.14025380390501,0.686424247539112,5.21832065213768e-05,0.000257901042192823
"ENSG00000260924.2","LINC01311"," lncRNA","chr22",27.702667355657,2.13808504980833,0.582309252276614,8.78773393262405e-06,5.16688996332818e-05
"ENSG00000242267.6","SKINT1L"," transcribed_unprocessed_pseudogene","chr1",2.98039824160345,2.13708612795375,0.969386908985704,0.00102052731236802,0.00363642330496735
"ENSG00000141527.18","CARD14"," protein_coding","chr17",59.9061941097654,2.13695537095831,0.658939311254712,3.50251131314824e-05,0.000180280134980097
"ENSG00000003249.15","DBNDD1"," protein_coding","chr16",1459.93345272229,2.13668459529387,0.496033117968778,5.94076620776376e-07,4.43982089454935e-06
"ENSG00000273186.1","AL359091.4"," lncRNA","chr9",6.80306467386683,2.13561299042522,1.07660074697254,0.00117386805019516,0.0041144625277749
"ENSG00000128274.17","A4GALT"," protein_coding","chr22",451.430284614619,2.13561186243,0.619583997905552,1.74016186869054e-05,9.58074396901367e-05
"ENSG00000198521.12","ZNF43"," protein_coding","chr19",290.538203077765,2.13545525603958,0.520388600606579,1.41419231084526e-06,9.75421506622022e-06
"ENSG00000133069.17","TMCC2"," protein_coding","chr1",79.0901541906543,2.13462330778189,0.46177011023339,1.41671397881172e-07,1.19468430320783e-06
"ENSG00000248690.8","HAS2-AS1"," lncRNA","chr8",8.6397553617572,2.13453099611561,0.986560634793079,0.000768086642413766,0.00282775707087809
"ENSG00000187595.16","ZNF385C"," protein_coding","chr17",72.8999370032492,2.13283366733244,0.543688882256652,2.95373541887287e-06,1.9090961319101e-05
"ENSG00000154096.14","THY1"," protein_coding","chr11",1253.21910247603,2.13028182154999,0.459288153677835,1.3090552265141e-07,1.11031788026141e-06
"ENSG00000229901.1","FOXO6-AS1"," lncRNA","chr1",3.80608315720829,2.12908104323074,1.0367025801237,0.00148101582035687,0.00503610986989853
"ENSG00000125319.15","HROB"," protein_coding","chr17",123.200287526255,2.12891150972031,0.402141899572222,4.57915344832115e-09,5.0479715394588e-08
"ENSG00000181264.9","TLCD5"," protein_coding","chr11",208.467320884694,2.1288812811255,0.359148507503293,1.22828512680161e-10,1.76665921418521e-09
"ENSG00000134207.17","SYT6"," protein_coding","chr1",4.99313460236383,2.1286930295833,0.748525929128673,0.000240852758712097,0.00101085383005369
"ENSG00000111424.12","VDR"," protein_coding","chr12",305.429411584119,2.12759001720983,0.440803598664343,5.16820357123182e-08,4.7272289109207e-07
"ENSG00000275468.1","AC004678.1"," processed_pseudogene","chr19",2.90182312102493,2.12729145905396,1.45991707000306,0.00219333847943665,0.00711256143487355
"ENSG00000135862.6","LAMC1"," protein_coding","chr1",8489.80160545908,2.12512654496553,0.300275472738326,7.85214835714887e-14,1.92170710667464e-12
"ENSG00000287431.1","AC027601.5"," lncRNA","chr17",77.1165667620462,2.12420221003835,0.535680097844968,2.490758050025e-06,1.63448642432349e-05
"ENSG00000103494.15","RPGRIP1L"," protein_coding","chr16",200.094471597783,2.12378538900801,0.208425492082761,1.02447283521691e-25,1.51689584418487e-23
"ENSG00000261143.1","ADAMTS7P3"," transcribed_unprocessed_pseudogene","chr15",4.75213857428373,2.12221405901214,0.623043987402865,5.18394157289644e-05,0.000256506177675685
"ENSG00000286989.1","AL691432.4"," lncRNA","chr1",5.59168018121193,2.12060056030133,0.70534068404464,0.000132970481555766,0.000594606159205907
"ENSG00000274290.3","H2BC6"," protein_coding","chr6",18.9448036558642,2.1202382943382,0.557680947183743,5.3102375713877e-06,3.25476612145005e-05
"ENSG00000163638.13","ADAMTS9"," protein_coding","chr3",657.966546353593,2.11868020430506,0.349838201838956,5.94673931328495e-11,9.03910573367424e-10
"ENSG00000267114.1","AC011481.1"," lncRNA","chr19",6.01602008705333,2.11836458572945,0.636597635686292,4.9054273219638e-05,0.000244133099393213
"ENSG00000158560.14","DYNC1I1"," protein_coding","chr7",73.4265223672055,2.11701044371945,0.683862867036399,5.71070700149426e-05,0.000279489282762728
"ENSG00000228623.6","ZNF883"," transcribed_unprocessed_pseudogene","chr9",3.52534504011869,2.11557359775924,1.36870231706291,0.00267158878063055,0.00845660044950761
"ENSG00000184908.18","CLCNKB"," protein_coding","chr1",9.30910543116781,2.11249775893664,0.838036793334286,0.000341209823056893,0.00137393005642553
"ENSG00000260910.2","LINC00565"," lncRNA","chr13",9.14114967714742,2.1104631101245,0.848926394609391,0.000388609383188864,0.00154495667142374
"ENSG00000119632.4","IFI27L2"," protein_coding","chr14",379.6856371766,2.10983755379195,0.419729949194369,1.88192150625471e-08,1.86713498013413e-07
"ENSG00000223356.1","AL590666.1"," lncRNA","chr1",1.85011222155674,2.10806897154522,1.35167466415151,0.00200959734981079,0.00658702608120362
"ENSG00000167065.14","DUSP18"," protein_coding","chr22",80.6993797960048,2.10735828170797,0.250314002603235,1.89082435919863e-18,9.35272726936829e-17
"ENSG00000152785.8","BMP3"," protein_coding","chr4",5.72323531751809,2.10658788660201,1.55545019529344,0.00279221177316847,0.0087897717689997
"ENSG00000006606.9","CCL26"," protein_coding","chr7",10.7235113055677,2.10482379778225,0.888715523323602,0.000475598961636341,0.00184797470520453
"ENSG00000151917.18","BEND6"," protein_coding","chr6",32.5254884135472,2.10459030861478,0.875214159984894,0.000372418697175652,0.00148626090818396
"ENSG00000046604.13","DSG2"," protein_coding","chr18",4951.07135556316,2.10364924419403,0.299838559701783,1.11160107182963e-13,2.65337902325683e-12
"ENSG00000165046.13","LETM2"," protein_coding","chr8",59.0363347897083,2.10349844985717,0.445476576257309,8.77618537143616e-08,7.69670929342818e-07
"ENSG00000236753.7","MKLN1-AS"," lncRNA","chr7",158.044156464124,2.10328995872008,0.328821176291947,6.7540587829212e-12,1.20716385195483e-10
"ENSG00000256124.6","LINC01152"," lncRNA","chr17",37.7265146501028,2.10325308603439,0.808860764987063,0.000237200970623847,0.000997536780871826
"ENSG00000272899.4","ATP6V1FNB"," protein_coding","chr7",14.887830727511,2.10314126998521,0.524962338335813,2.67900459610931e-06,1.74662237514332e-05
"ENSG00000117069.15","ST6GALNAC5"," protein_coding","chr1",19.8102503444134,2.10295794270198,1.75629602862585,0.00237267056042214,0.00761536394992884
"ENSG00000138376.11","BARD1"," protein_coding","chr2",223.378582984579,2.10239022067803,0.34045648504089,2.59392219863028e-11,4.18716749373806e-10
"ENSG00000007384.15","RHBDF1"," protein_coding","chr16",1195.9788536109,2.10218888411162,0.235507563621039,2.50005048145355e-20,1.61336222330793e-18
"ENSG00000142583.18","SLC2A5"," protein_coding","chr1",65.7607699497914,2.10199799728045,0.656397931731415,4.14790095724723e-05,0.000209470434594779
"ENSG00000164694.17","FNDC1"," protein_coding","chr6",450.780867753655,2.10168918572083,0.532745897432588,2.70020705271991e-06,1.75769559296557e-05
"ENSG00000287737.1","AC132872.5"," lncRNA","chr17",23.3721949738436,2.10002267886627,0.436981541635487,6.25010951730651e-08,5.63204956781939e-07
"ENSG00000010292.13","NCAPD2"," protein_coding","chr12",1355.87365568783,2.09977411650583,0.255745003566338,9.5416639369226e-18,4.25566965406874e-16
"ENSG00000167173.19","C15orf39"," protein_coding","chr15",1154.00478672596,2.09976186405505,0.39411833086141,4.10509817767714e-09,4.56506323845461e-08
"ENSG00000138400.13","MDH1B"," protein_coding","chr2",34.7028757779508,2.09868187953724,0.529410929986681,2.6518523616247e-06,1.73008010593225e-05
"ENSG00000135269.18","TES"," protein_coding","chr7",1691.6721443372,2.09839314743979,0.317706830340369,1.82306350900646e-12,3.57131897207585e-11
"ENSG00000145882.11","PCYOX1L"," protein_coding","chr5",248.487225402116,2.09750644378556,0.34998588747621,8.28535646059667e-11,1.22305446659486e-09
"ENSG00000165807.8","PPP1R36"," protein_coding","chr14",34.4467041293912,2.09655132159534,0.722289878020408,0.00010558105186524,0.000485756104393879
"ENSG00000226174.7","TEX22"," protein_coding","chr14",20.0656835676636,2.09554017247807,0.605260855190167,1.83870004262348e-05,0.000100851902112231
"ENSG00000203684.5","IBA57-DT"," lncRNA","chr1",4.72159511609947,2.09517931062519,0.922905180044069,0.000889915081285024,0.00322659204549445
"ENSG00000275703.1","U47924.3"," lncRNA","chr12",5.9262861755042,2.0943817666799,0.690200698841453,0.000125246821641876,0.000565156708238359
"ENSG00000275191.1","AC007497.1"," lncRNA","chr16",5.34381138137653,2.09233160929983,1.46017872023866,0.00275254098557128,0.00867987762250039
"ENSG00000213222.3","TOMM40P4"," processed_pseudogene","chr2",25.365767915966,2.09203835409039,0.637532563932023,3.33953030076454e-05,0.000172744740810429
"ENSG00000125841.13","NRSN2"," protein_coding","chr20",707.907758153901,2.09185942088568,0.361847419945306,3.14146987916007e-10,4.23054177771099e-09
"ENSG00000271943.2","AC098614.2"," transcribed_processed_pseudogene","chr3",58.6035687655235,2.09138222082123,0.51783350559629,1.88241414326706e-06,1.26867232312747e-05
"ENSG00000109861.17","CTSC"," protein_coding","chr11",6071.69605148209,2.09137890006844,0.317739913153601,1.81769763156818e-12,3.56320041768899e-11
"ENSG00000269825.1","AC022150.4"," lncRNA","chr19",20.6821341787463,2.08963453016332,0.654406591377627,4.43039682544338e-05,0.00022261885443817
"ENSG00000117632.23","STMN1"," protein_coding","chr1",1988.37401736704,2.08954781200278,0.426410644287702,3.881635654931e-08,3.64883759003165e-07
"ENSG00000151612.18","ZNF827"," protein_coding","chr4",227.314913241061,2.08938332840328,0.514758426360344,1.6801926691242e-06,1.1440135379478e-05
"ENSG00000128342.5","LIF"," protein_coding","chr22",996.173602557853,2.08892864843034,0.728310461126436,0.000114557131526347,0.000522438550577239
"ENSG00000113319.13","RASGRF2"," protein_coding","chr5",332.307334756649,2.08746353553263,0.442234706618207,8.63019246297375e-08,7.58006877303466e-07
"ENSG00000250067.12","YJEFN3"," protein_coding","chr19",161.762455786572,2.08733984815927,0.539731788020308,3.78040721939215e-06,2.39095182529163e-05
"ENSG00000134533.6","RERG"," protein_coding","chr12",366.995732489652,2.08661724957934,0.496206476731078,9.32550842815236e-07,6.68507631705029e-06
"ENSG00000164236.12","ANKRD33B"," protein_coding","chr5",147.299384461812,2.08635174765259,0.616300300170088,0.0203375747563947,0.0479452613003538
"ENSG00000224739.2","AC016735.1"," lncRNA","chr2",62.5310511800869,2.08631110366714,0.570469697308789,8.25762315080221e-06,4.87189744510012e-05
"ENSG00000144061.14","NPHP1"," protein_coding","chr2",158.132424927079,2.0853192310935,0.342841402909841,4.80128118799481e-11,7.40214434316176e-10
"ENSG00000064886.14","CHI3L2"," protein_coding","chr1",61.4921300855746,2.08507528814918,0.861763096455419,0.000356806740413942,0.00143021792100237
"ENSG00000117020.18","AKT3"," protein_coding","chr1",1062.32281407434,2.08421162090998,0.394958641010712,5.23233343629047e-09,5.70695593898857e-08
"ENSG00000161328.11","LRRC56"," protein_coding","chr11",137.915249840678,2.08411017357911,0.361027123040767,3.12884299365011e-10,4.21548366197598e-09
"ENSG00000165152.9","PGAP4"," protein_coding","chr9",587.438007488356,2.08320689246769,0.383280755813579,2.25649479919535e-09,2.61292960689675e-08
"ENSG00000236841.8","AC007750.1"," lncRNA","chr2",3.67291181296032,2.08092705475784,1.60055518474441,0.00372978812167284,0.0113303676026948
"ENSG00000128596.17","CCDC136"," protein_coding","chr7",38.8178712391788,2.08076356321393,0.525882581873469,2.72411230965807e-06,1.76927937444121e-05
"ENSG00000111341.10","MGP"," protein_coding","chr12",2457.26994767831,2.08007436127078,0.592299830417136,1.43489004692483e-05,8.03808484323993e-05
"ENSG00000188157.15","AGRN"," protein_coding","chr1",11624.1832934334,2.0800336712133,0.414187361493996,2.56903447356402e-08,2.49371602527085e-07
"ENSG00000140403.12","DNAJA4"," protein_coding","chr15",275.566847651308,2.07987036374895,0.491180441197885,8.08779236464746e-07,5.89056745729676e-06
"ENSG00000279233.1","AC122688.3"," TEC","chr12",34.1834731380082,2.07971411715919,0.467830282408703,3.49864778444241e-07,2.72284037418358e-06
"ENSG00000076716.9","GPC4"," protein_coding","chrX",712.036459588816,2.07969528751482,0.578752235411611,1.07211438674693e-05,6.17789501126459e-05
"ENSG00000284430.1","AC020912.1"," lncRNA","chr19",4.30357600361054,2.07897221011387,1.00709316481041,0.00134252855356225,0.00462394797247104
"ENSG00000128346.11","C22orf23"," protein_coding","chr22",35.805866773618,2.07878174391381,0.487372570589535,7.77781445363097e-07,5.68314303101106e-06
"ENSG00000244723.3","ASLP1"," unprocessed_pseudogene","chr22",6.46439192174657,2.07812785415869,0.890203945137771,0.000645937390222313,0.00242052257648955
"ENSG00000074181.9","NOTCH3"," protein_coding","chr19",2929.80053437637,2.07777093825769,0.504475383103092,1.36004152541134e-06,9.43201408814155e-06
"ENSG00000218416.4","AC110619.1"," lncRNA","chr2",3.89286924183884,2.07707559609351,1.12786574177223,0.00199155709696807,0.00653597310547499
"ENSG00000151208.17","DLG5"," protein_coding","chr10",793.324999079722,2.07698157346108,0.396218366085175,6.13561724535686e-09,6.633425479237e-08
"ENSG00000076067.13","RBMS2"," protein_coding","chr12",1230.82287318833,2.07631058534265,0.282385637570637,9.30103802970322e-15,2.65982331655307e-13
"ENSG00000221926.13","TRIM16"," protein_coding","chr17",237.894239222762,2.07609521905762,0.324124957042869,6.03321242101073e-12,1.08430544121049e-10
"ENSG00000162981.14","LRATD1"," protein_coding","chr2",297.024042505328,2.07572984617716,0.369227461800312,7.85771573226797e-10,9.87938406010882e-09
"ENSG00000231991.4","ANXA2P2"," processed_pseudogene","chr9",163.061168008123,2.07495425989594,0.462034751514563,2.61115978669467e-07,2.09244285214552e-06
"ENSG00000127364.4","TAS2R4"," protein_coding","chr7",19.8997299645558,2.07468481093447,0.568070995789353,9.73931128133336e-06,5.66924707174641e-05
"ENSG00000153064.12","BANK1"," protein_coding","chr4",59.4823229996424,2.07428467465248,0.758939708129888,0.000162761198627068,0.000712529101418722
"ENSG00000213144.2","AC084880.1"," processed_pseudogene","chr12",11.3258397517576,2.07366650691734,0.556288605983124,7.99584997759359e-06,4.72701556539172e-05
"ENSG00000249459.11","ZNF286B"," transcribed_unprocessed_pseudogene","chr17",24.4056376619941,2.07291684095122,0.621590387893138,2.82348976930116e-05,0.000148259897535095
"ENSG00000286872.1","AC024270.4"," lncRNA","chr15",3.34562277784712,2.07271838606366,0.915359228899759,0.00119397166106154,0.0041748932368142
"ENSG00000234741.8","GAS5"," lncRNA","chr1",4215.51460693377,2.07201942061736,0.399486274777161,8.3764967317636e-09,8.8784169029365e-08
"ENSG00000260852.1","FBXL19-AS1"," lncRNA","chr16",64.8571134095046,2.07155294108806,0.36735232827671,7.30190302357808e-10,9.21233604216043e-09
"ENSG00000165434.8","PGM2L1"," protein_coding","chr11",319.844533938844,2.06985759640144,0.436567451278891,7.80617281262677e-08,6.89994711428819e-07
"ENSG00000197927.13","NBEAP2"," transcribed_unprocessed_pseudogene","chr2",16.9749683827635,2.06939953796149,0.626295273047782,3.3243541016083e-05,0.000172051250514216
"ENSG00000179104.9","TMTC2"," protein_coding","chr12",224.837400416791,2.06761729199528,0.265606988587067,3.11934244558616e-16,1.07044823288591e-14
"ENSG00000131080.15","EDA2R"," protein_coding","chrX",118.314180562982,2.06710652250714,0.602419184074563,1.888516127652e-05,0.000103270169187305
"ENSG00000229780.1","UBE2Q1-AS1"," lncRNA","chr1",4.81539339983539,2.06573063834189,0.988714915808982,0.00121504874070155,0.00423741711113386
"ENSG00000196421.8","C20orf204"," protein_coding","chr20",40.1775976060711,2.06534999478622,0.458007901943294,2.4550460195346e-07,1.98094709111493e-06
"ENSG00000196371.3","FUT4"," protein_coding","chr11",455.400057629465,2.06479031307021,0.312342297519443,1.71501261975605e-12,3.38465514923304e-11
"ENSG00000234353.2","AP000346.2"," transcribed_unprocessed_pseudogene","chr22",13.0535640918047,2.06399132638777,0.717396124654213,0.00012938138291608,0.000580514622101084
"ENSG00000255750.6","AC022509.1"," lncRNA","chr12",9.29091775050565,2.06381298290592,1.25841869879666,0.0017986441196428,0.00597547270226205
"ENSG00000286289.1","AL133482.1"," lncRNA","chr10",7.15193686488471,2.06278042688109,0.884270957264755,0.000601524630753563,0.00227101630267288
"ENSG00000127249.15","ATP13A4"," protein_coding","chr3",368.411645862803,2.06253609228005,0.803824715748765,0.000251819652322871,0.00104969738461529
"ENSG00000214650.3","AC073592.1"," lncRNA","chr12",4.90618156156908,2.06169796333385,1.42436716351753,0.00298868243805158,0.00933071583383565
"ENSG00000170703.15","TTLL6"," protein_coding","chr17",19.4330628852806,2.06071720933463,0.973451904511564,0.000719970390972129,0.00266575480252171
"ENSG00000188452.14","CERKL"," protein_coding","chr2",10.3789262846693,2.05964743455679,1.10724952447064,0.00132196986010969,0.00456337737864374
"ENSG00000138100.14","TRIM54"," protein_coding","chr2",16.6478144610297,2.05937549985037,1.41875452825402,0.00197394913905141,0.00648475306194286
"ENSG00000285816.1","AP000944.5"," protein_coding","chr11",1.6781606038258,2.05873870071488,1.20241323916105,0.00144775587991383,0.0049362467868155
"ENSG00000114120.14","SLC25A36"," protein_coding","chr3",781.760984082799,2.0587245154611,0.251726536425815,1.43768274995556e-17,6.2398324585031e-16
"ENSG00000150275.19","PCDH15"," protein_coding","chr10",1.14661487085669,2.05848004736726,1.97632901397615,0.0166073856712168,0.0405339162115073
"ENSG00000100473.18","COCH"," protein_coding","chr14",47.2583996412284,2.05718864198398,1.0382439673975,0.000896549750405872,0.00324806793989246
"ENSG00000129810.15","SGO1"," protein_coding","chr3",40.5327379128683,2.05633746187206,0.622271657137658,2.90099039870088e-05,0.000151946469634954
"ENSG00000273173.5","SNURF"," protein_coding","chr15",5.18621669475353,2.05412382229905,0.685193554434446,0.000158096477506226,0.000693982867175184
"ENSG00000270923.1","TAS2R6P"," processed_pseudogene","chr7",4.4899676077388,2.05409390438869,0.880768756305491,0.000823690950565103,0.00300741536325366
"ENSG00000251442.6","LINC01094"," lncRNA","chr4",40.4220318640823,2.05331506364153,0.566290707878475,9.56733183273865e-06,5.57962365780013e-05
"ENSG00000273760.1","AC245041.1"," lncRNA","chr10",77.8058771188693,2.05314178763604,0.715303768601336,0.000112796408440408,0.000515052980243937
"ENSG00000179168.15","GGN"," protein_coding","chr19",10.2842455052333,2.0514179278072,0.591655855549444,2.09050112412177e-05,0.000112713174287445
"ENSG00000175970.11","UNC119B"," protein_coding","chr12",534.424135634419,2.05108040659298,0.289977467911105,6.97810971119467e-14,1.71622666244382e-12
"ENSG00000245857.3","GS1-24F4.2"," lncRNA","chr8",61.5187685098496,2.05061286463408,0.715222315926967,0.000113469345919202,0.000517882545942296
"ENSG00000121289.18","CEP89"," protein_coding","chr19",892.268206421847,2.05054257664396,0.307491550510616,1.11822611758257e-12,2.27141626906448e-11
"ENSG00000166165.13","CKB"," protein_coding","chr14",1678.32221489494,2.05021742104826,0.625932098725215,3.29911490072959e-05,0.000170922767748603
"ENSG00000104723.21","TUSC3"," protein_coding","chr8",1136.22828968746,2.04762357377271,0.355258678670119,3.26844203738549e-10,4.38533513286556e-09
"ENSG00000205089.8","CCNI2"," protein_coding","chr5",20.4786336166197,2.04734446747986,0.905850207265514,0.000569698727073525,0.00216656351629826
"ENSG00000267048.1","AC092143.3"," lncRNA","chr16",7.45674951463596,2.04701343075908,0.660771089553849,8.60092013479737e-05,0.00040360398875789
"ENSG00000173040.13","EVC2"," protein_coding","chr4",250.977160644023,2.04678941225766,0.294346218296447,1.53483483053355e-13,3.57299259152698e-12
"ENSG00000147724.12","FAM135B"," protein_coding","chr8",28.6529996382323,2.04656310407649,0.847242554519049,0.000378157296450694,0.00150771872336937
"ENSG00000197467.16","COL13A1"," protein_coding","chr10",138.966559624322,2.04360577558278,0.559516050953072,8.49746063329004e-06,5.00732180227146e-05
"ENSG00000169184.6","MN1"," protein_coding","chr22",270.147312157737,2.04264931694091,0.488086688322951,9.81833775929235e-07,7.00736711770978e-06
"ENSG00000267834.1","AL592211.1"," lncRNA","chr9",4.36957102096039,2.04151429237097,1.00965447770538,0.00136998138898965,0.00470278971388751
"ENSG00000275410.5","HNF1B"," protein_coding","chr17",2704.26121205459,2.04141780299787,0.443752191755488,1.62973924082342e-07,1.36289747464387e-06
"ENSG00000271550.1","BNIP3P11"," processed_pseudogene","chr7",11.4602505457905,2.0411973993645,0.517501360178128,3.53430463940379e-06,2.24503771835299e-05
"ENSG00000251141.6","MRPS30-DT"," lncRNA","chr5",48.5734020872685,2.04042043038424,0.45837081673428,3.09416162484156e-07,2.43205606130432e-06
"ENSG00000006025.12","OSBPL7"," protein_coding","chr17",359.486419705631,2.04015309625977,0.416869787931177,3.66097526684212e-08,3.45812783544423e-07
"ENSG00000280916.2","FOXCUT"," lncRNA","chr6",14.0570547664448,2.03950848239751,2.87971419440009,0.00284779229293754,0.00894542896755278
"ENSG00000177685.17","CRACR2B"," protein_coding","chr11",444.20256280576,2.03881950004912,0.407717352800925,2.21300208053592e-08,2.16890797111165e-07
"ENSG00000287527.1","AC005753.3"," lncRNA","chr5",10.5132201914483,2.0380215125283,0.585518203722997,2.08946505637321e-05,0.000112678140560825
"ENSG00000272734.1","ADIRF-AS1"," lncRNA","chr10",64.9772759924317,2.03702870793866,0.549233424709607,6.92801393342273e-06,4.15467184259884e-05
"ENSG00000278090.3","LUNAR1"," lncRNA","chr15",2.4321894308374,2.03655907409614,1.26039460489278,0.00222015116597582,0.00718911960039395
"ENSG00000091986.16","CCDC80"," protein_coding","chr3",2019.55948143125,2.03395001170424,0.666111457203801,6.53020132056415e-05,0.000314636801553616
"ENSG00000171224.9","FAM241B"," protein_coding","chr10",212.30500575037,2.03336832767667,0.281784724540284,2.30820201067291e-14,6.17121397335637e-13
"ENSG00000130702.15","LAMA5"," protein_coding","chr20",6674.94185898533,2.03323470246651,0.314448615559608,4.28296372416699e-12,7.90694739684981e-11
"ENSG00000259488.2","AC023355.1"," lncRNA","chr15",5.50743871508907,2.03323094999235,0.929253070822793,0.000869445224162756,0.00315865584052851
"ENSG00000188610.12","FAM72B"," protein_coding","chr1",16.7541433834728,2.03206866172511,0.774101084983966,0.000231952097406416,0.000978142363632753
"ENSG00000196517.13","SLC6A9"," protein_coding","chr1",169.402481558676,2.03123746061066,0.299155883078116,4.89240744979279e-13,1.05085885790137e-11
"ENSG00000266456.1","AP001178.3"," lncRNA","chr18",3.77330144181711,2.03098765833863,1.17826704045432,0.00240016486470608,0.00769429705886489
"ENSG00000172367.16","PDZD3"," protein_coding","chr11",37.3922298218656,2.03065416145848,0.993954433873439,0.000805523440226974,0.00295068607660186
"ENSG00000092470.12","WDR76"," protein_coding","chr15",156.810507987261,2.02891071115816,0.416276233104194,4.00434864063062e-08,3.74608228026153e-07
"ENSG00000149925.22","ALDOA"," protein_coding","chr16",142.601715919101,2.02746555148894,0.559605025274578,9.51941871865099e-06,5.56011062483642e-05
"ENSG00000130377.13","ACSBG2"," protein_coding","chr19",3.77201782466843,2.02683035376425,0.786364515368026,0.000557747417573954,0.00212665809453787
"ENSG00000196366.3","C9orf163"," lncRNA","chr9",17.4228184328613,2.02651667700216,0.772623444099396,0.000244856726407468,0.00102456259540661
"ENSG00000272674.3","PCDHB16"," protein_coding","chr5",143.64578711503,2.02648427298587,0.652280154915541,5.46192358429817e-05,0.000268575268088997
"ENSG00000164930.12","FZD6"," protein_coding","chr8",681.209607863609,2.02540838234606,0.26544296387348,1.14832480643415e-15,3.66070888293744e-14
"ENSG00000072071.16","ADGRL1"," protein_coding","chr19",398.838635013455,2.02420465077951,0.387354079368652,6.53949673972567e-09,7.03617043161409e-08
"ENSG00000138735.16","PDE5A"," protein_coding","chr4",496.240900201815,2.02371478556611,0.482451740930697,9.87037578798513e-07,7.04278354598185e-06
"ENSG00000246100.4","LINC00900"," lncRNA","chr11",12.284231222636,2.02241558841689,0.576366327329822,1.88509813358759e-05,0.000103125332818111
"ENSG00000101236.17","RNF24"," protein_coding","chr20",444.466086750649,2.02213939276323,0.261557290242664,4.20260622846217e-16,1.42210929324841e-14
"ENSG00000162913.10","OBSCN-AS1"," lncRNA","chr1",23.1832181046582,2.0202538176128,0.527129654990678,4.51018010366854e-06,2.80745717976756e-05
"ENSG00000160360.13","GPSM1"," protein_coding","chr9",448.992379934041,2.0196234549688,0.304536749112016,1.43336153564161e-12,2.8597621500089e-11
"ENSG00000065989.16","PDE4A"," protein_coding","chr19",812.477425531052,2.01922883139551,0.265811476640892,1.4480589455388e-15,4.55155510586435e-14
"ENSG00000064199.7","SPA17"," protein_coding","chr11",57.9944771186618,2.01909537113463,0.41961275135373,5.65872447564596e-08,5.13244198476732e-07
"ENSG00000140575.13","IQGAP1"," protein_coding","chr15",4547.95710029193,2.01826059883055,0.296720120641462,4.77516289552702e-13,1.02643129329129e-11
"ENSG00000156675.16","RAB11FIP1"," protein_coding","chr8",1302.47272918383,2.01718478600815,0.469981267565921,6.33357963457341e-07,4.70925782209717e-06
"ENSG00000135127.11","BICDL1"," protein_coding","chr12",441.875633826383,2.0170185869647,0.438793952233112,1.64212160794517e-07,1.37246547799864e-06
"ENSG00000158246.8","TENT5B"," protein_coding","chr1",65.2344576838958,2.016296914267,0.66504688987768,6.84205212171767e-05,0.000328411746484092
"ENSG00000109944.11","JHY"," protein_coding","chr11",138.68738515991,2.01556420349772,0.422172242442507,6.53633785619684e-08,5.8556031611611e-07
"ENSG00000168268.11","NT5DC2"," protein_coding","chr3",636.14935849786,2.01397585631055,0.398648807314098,1.74420310501932e-08,1.73937300411311e-07
"ENSG00000151575.14","TEX9"," protein_coding","chr15",84.7152826380724,2.01267657734062,0.39474336173569,1.37309094361768e-08,1.39943010951726e-07
"ENSG00000263528.8","IKBKE"," protein_coding","chr1",306.608395384233,2.01248424862695,0.315922595023478,7.49289480794625e-12,1.32863373041328e-10
"ENSG00000184408.10","KCND2"," protein_coding","chr7",58.0378312355104,2.01173150639547,0.643504094542649,5.21322718103794e-05,0.000257736650243552
"ENSG00000133065.11","SLC41A1"," protein_coding","chr1",903.256825195756,2.01144900260945,0.438384674960455,1.710975070814e-07,1.42592662401639e-06
"ENSG00000288573.1","AL357079.3"," lncRNA","chr1",9.46504419462527,2.01131166567072,0.623848417590615,5.07678448030075e-05,0.000251588050468727
"ENSG00000120324.9","PCDHB10"," protein_coding","chr5",40.184894799941,2.01053033024227,0.43872470152769,1.76649044558686e-07,1.46883579838435e-06
"ENSG00000116815.16","CD58"," protein_coding","chr1",575.844382585757,2.00943344347108,0.265826878635289,1.61431974708252e-15,5.03077913489851e-14
"ENSG00000170485.17","NPAS2"," protein_coding","chr2",1060.09803705854,2.00891689191684,0.370304671061159,2.30401929942055e-09,2.66584446429187e-08
"ENSG00000095970.17","TREM2"," protein_coding","chr6",254.070552066621,2.00773952954375,0.643814556516406,5.32536463943955e-05,0.000262790663454259
"ENSG00000259583.3","AC015712.2"," lncRNA","chr15",42.6446210837365,2.00751641418491,0.539520662322531,6.69310844099901e-06,4.02704785716791e-05
"ENSG00000174514.13","MFSD4A"," protein_coding","chr1",194.173174634969,2.0066381410634,0.540199389603061,6.70643729675367e-06,4.03423529612307e-05
"ENSG00000258839.4","MC1R"," protein_coding","chr16",80.7336943862633,2.00626765377546,0.397555309221483,1.70759258119183e-08,1.70519575490532e-07
"ENSG00000172819.17","RARG"," protein_coding","chr12",730.6927931645,2.00616480914095,0.342743319245959,2.06980994256226e-10,2.86405532327318e-09
"ENSG00000240498.9","CDKN2B-AS1"," lncRNA","chr9",18.7573219753103,2.00369187775319,0.610793095911182,3.45218177680496e-05,0.000177972234442601
"ENSG00000128709.13","HOXD9"," protein_coding","chr2",18.8226037210365,2.00352843119889,1.53143539758052,0.00222906675351491,0.00721158475302534
"ENSG00000196550.10","FAM72A"," protein_coding","chr1",11.9257500750306,2.00234824564153,0.644204245276149,6.46876804101395e-05,0.000312086495184148
"ENSG00000274460.1","AC092119.2"," lncRNA","chr16",25.6948732810078,2.00203329118901,0.539470109011078,7.3301594117255e-06,4.37067497711817e-05
"ENSG00000176809.10","LRRC37A3"," protein_coding","chr17",233.821244035237,2.00149527784794,0.509234048953888,2.87067181213832e-06,1.85746730453112e-05
"ENSG00000101384.12","JAG1"," protein_coding","chr20",3114.80116350787,2.0005828855006,0.273253185862237,1.26907275682513e-14,3.54914508569819e-13
"ENSG00000105281.12","SLC1A5"," protein_coding","chr19",1248.10607397535,1.9996181324888,0.483123131182812,1.25824700761891e-06,8.77194239130882e-06
"ENSG00000260711.2","AL121839.2"," lncRNA","chr14",91.3155315703119,1.99917913942704,0.306022750478036,2.78149293116263e-12,5.27525145052553e-11
"ENSG00000255045.1","AP000866.5"," lncRNA","chr11",2.86152041946884,1.99882072722848,1.07015542806241,0.00203677392507197,0.00666337579861198
"ENSG00000225680.1","AL163953.1"," lncRNA","chr14",4.17240483653,1.9987401636007,1.04763946563007,0.00178528573983458,0.0059385334411261
"ENSG00000136449.15","MYCBPAP"," protein_coding","chr17",14.205959477313,1.99829275911149,0.762713369941073,0.000262305160244114,0.00108882584590303
"ENSG00000136982.6","DSCC1"," protein_coding","chr8",118.638189599895,1.99821391398108,0.280308183341177,4.57019221663782e-14,1.16424585176113e-12
"ENSG00000061337.15","LZTS1"," protein_coding","chr8",381.08904175486,1.99817277315307,0.54187406263702,7.49333381281533e-06,4.45703617426612e-05
"ENSG00000120498.14","TEX11"," protein_coding","chrX",6.46093439283124,1.99677856521558,0.929698212792848,0.000913980345736497,0.00330153470028333
"ENSG00000214534.5","ZNF705E"," protein_coding","chr11",1.7773854320543,1.99634315926352,1.38252194841627,0.00241192999733545,0.00772861541165304
"ENSG00000153237.18","CCDC148"," protein_coding","chr2",49.7130936494971,1.99544316978369,0.386487834651842,1.0124300653485e-08,1.05696394331247e-07
"ENSG00000197601.13","FAR1"," protein_coding","chr11",853.01930173878,1.99461268149945,0.294666022590217,5.39089990270222e-13,1.14695229220949e-11
"ENSG00000273759.1","AL117379.1"," lncRNA","chr20",21.0760953978807,1.99438554119967,0.497181740403853,2.36209438932796e-06,1.55706059304649e-05
"ENSG00000197122.12","SRC"," protein_coding","chr20",1960.76153136107,1.99433234657285,0.228947899470555,1.3325853404715e-19,7.78961559042351e-18
"ENSG00000186174.12","BCL9L"," protein_coding","chr11",1739.4311879907,1.99347624881179,0.453824205164276,4.33789746375236e-07,3.32105331024128e-06
"ENSG00000140950.16","MEAK7"," protein_coding","chr16",429.549711899994,1.99338048235896,0.228980539399539,1.21461256138781e-19,7.18641659292517e-18
"ENSG00000153395.10","LPCAT1"," protein_coding","chr5",1824.76475784722,1.99287383245549,0.406203630194925,3.55693970471304e-08,3.36858357944073e-07
"ENSG00000119771.15","KLHL29"," protein_coding","chr2",510.781102445719,1.99198805542355,0.412843819173283,5.50849212879056e-08,5.00864111298914e-07
"ENSG00000232850.3","PTGES2-AS1"," lncRNA","chr9",5.36274751941657,1.99193029298248,1.12532432579196,0.00171699881581322,0.00574479679495938
"ENSG00000271781.1","AC026740.1"," lncRNA","chr5",22.1006268554653,1.99170505498713,0.398468440753367,0.00264636801958227,0.00838495641572834
"ENSG00000237080.3","EHMT2-AS1"," lncRNA","chr6",5.3263759861897,1.99153606927382,1.02365966151655,0.00146879216495946,0.00500037332629582
"ENSG00000183690.13","EFHC2"," protein_coding","chrX",8.2327105248895,1.98981997175806,1.36568178244905,0.00221912014151952,0.00718657881736237
"ENSG00000134013.16","LOXL2"," protein_coding","chr8",662.435060243438,1.98861860864157,0.494362210201511,1.99021930701599e-06,1.33272507322937e-05
"ENSG00000058335.16","RASGRF1"," protein_coding","chr15",23.0179140882551,1.98796018879634,0.688047949685327,0.000110790684119174,0.000506767047996268
"ENSG00000162426.16","SLC45A1"," protein_coding","chr1",89.0034504638083,1.98788802267323,0.51583164919892,3.85373769494509e-06,2.43258331148784e-05
"ENSG00000106268.15","NUDT1"," protein_coding","chr7",319.026049269544,1.98766373283238,0.355942700041765,9.56347605134837e-10,1.18102046122684e-08
"ENSG00000287808.1","AL355999.1"," lncRNA","chr1",8.01280423430398,1.98596355137603,0.549273898237813,1.54226692562827e-05,8.5884658178028e-05
"ENSG00000204174.8","NPY4R"," protein_coding","chr10",5.0188602514467,1.9857126026807,1.20194178683524,0.00233876569113815,0.00751895254544348
"ENSG00000130827.6","PLXNA3"," protein_coding","chrX",1049.59927763966,1.98400547624107,0.320269480069033,2.64221649723588e-11,4.2604097848465e-10
"ENSG00000251161.4","AC020661.1"," lncRNA","chr15",15.5384804079103,1.98398911920745,0.603997641219015,3.388207166171e-05,0.000174983383197666
"ENSG00000198513.13","ATL1"," protein_coding","chr14",84.0141309702693,1.98386532957691,0.507093768906728,3.14292176338835e-06,2.01795916610774e-05
"ENSG00000100583.4","SAMD15"," protein_coding","chr14",25.2528320309318,1.98260969411487,0.449395178916369,4.30366986969921e-07,3.29744540134637e-06
"ENSG00000165138.18","ANKS6"," protein_coding","chr9",538.336288415836,1.98243123665246,0.215204795120936,1.20669570421296e-21,9.48736037633095e-20
"ENSG00000158089.15","GALNT14"," protein_coding","chr2",259.664193604431,1.98237078923304,0.986210383918153,0.000837430219498089,0.00305299363486311
"ENSG00000147180.17","ZNF711"," protein_coding","chrX",124.532156515091,1.98196338019658,0.370868174652486,3.58745036385516e-09,4.0278036821898e-08
"ENSG00000266835.6","GAPLINC"," lncRNA","chr18",10.0259209582839,1.98143166308205,0.845077526671394,0.000504218051049547,0.00194698654104636
"ENSG00000135052.16","GOLM1"," protein_coding","chr9",4010.53027565792,1.98053180627612,0.43142396571113,1.68405957362316e-07,1.40590537215266e-06
"ENSG00000206195.11","DUXAP8"," lncRNA","chr22",41.5402098021166,1.97978949378725,0.74819108186178,0.000209367809577066,0.000892582525219738
"ENSG00000077782.21","FGFR1"," protein_coding","chr8",2074.99061656281,1.97941590347968,0.424833858998908,1.23405127273887e-07,1.05097931604438e-06
"ENSG00000109881.17","CCDC34"," protein_coding","chr11",346.922438928268,1.97906799998691,0.278009380138044,4.84395287927327e-14,1.22863705683063e-12
"ENSG00000182986.14","ZNF320"," protein_coding","chr19",496.760490200369,1.97819274038687,0.450722349542137,4.25492336549697e-07,3.26438347312417e-06
"ENSG00000286810.1","AL513128.3"," lncRNA","chr10",6.29509245163472,1.97770814425282,0.731563530015457,0.000280426771498716,0.00115517137379551
"ENSG00000156966.7","B3GNT7"," protein_coding","chr2",509.915805830528,1.97680994184212,0.62564552857483,4.74190263494863e-05,0.000236924559710203
"ENSG00000150687.12","PRSS23"," protein_coding","chr11",3020.37072124384,1.97587476585883,0.496350190060177,2.39243304949689e-06,1.57527944967889e-05
"ENSG00000160753.16","RUSC1"," protein_coding","chr1",1073.36655711666,1.97254491565453,0.252890423973831,2.9305111383914e-16,1.01159857273064e-14
"ENSG00000108821.14","COL1A1"," protein_coding","chr17",36691.7155614643,1.97177563280797,0.534192637259124,9.04399068235912e-06,5.30046542523073e-05
"ENSG00000280022.1","AC126544.1"," TEC","chr17",5.40473244042179,1.97134859519824,0.750673204061982,0.000351215707851819,0.00141052058134789
"ENSG00000100767.17","PAPLN"," protein_coding","chr14",679.350421971436,1.97071723335105,0.605911884182322,3.55711741574033e-05,0.000182710214340761
"ENSG00000087111.21","PIGS"," protein_coding","chr17",1499.55034059973,1.96951191942096,0.255795576179928,6.13351579786096e-16,2.01020811581805e-14
"ENSG00000244306.11","DUXAP10"," transcribed_processed_pseudogene","chr14",27.1849431420151,1.96934749900738,0.91788574390844,0.000668955810222104,0.0024965163802928
"ENSG00000181097.5","LINC02878"," lncRNA","chr8",14.0580886910566,1.96790650313565,0.517406794171685,5.75437097559671e-06,3.49613095161801e-05
"ENSG00000165443.12","PHYHIPL"," protein_coding","chr10",261.145078316667,1.96731991656364,0.853821540020803,0.000467106435749354,0.00181836749290977
"ENSG00000104951.16","IL4I1"," protein_coding","chr19",137.066797635723,1.96642835180021,0.638854446929533,6.12514850931586e-05,0.000297328102626451
"ENSG00000189159.16","JPT1"," protein_coding","chr17",1826.50093955557,1.96632584112962,0.37267821367887,5.51895581554265e-09,5.99785477584067e-08
"ENSG00000138092.11","CENPO"," protein_coding","chr2",154.213151441392,1.96618883707081,0.273949923909202,3.0723118495367e-14,8.00860271127221e-13
"ENSG00000260285.1","AL133367.1"," lncRNA","chr14",47.3438128800892,1.9658539625628,0.48692043685678,1.99533213401294e-06,1.33551727895877e-05
"ENSG00000089091.16","DZANK1"," protein_coding","chr20",115.947819834052,1.96490929766687,0.319966245838757,3.34848854367099e-11,5.3285358609023e-10
"ENSG00000131188.12","PRR7"," protein_coding","chr5",146.524740234146,1.96362332326925,0.46425125672218,8.2608276079483e-07,6.00000200438855e-06
"ENSG00000133101.10","CCNA1"," protein_coding","chr13",8.99181979569727,1.96060831325018,1.33792914207066,0.00212423172634969,0.00690843073095039
"ENSG00000169126.16","ARMC4"," protein_coding","chr10",25.508495730787,1.96026678588498,1.07862325441552,0.0012062178929242,0.00421165546070218
"ENSG00000008277.14","ADAM22"," protein_coding","chr7",86.6746651933876,1.95806830184414,0.632622531602681,5.7842753304434e-05,0.000282520976412765
"ENSG00000182366.10","FAM87A"," lncRNA","chr8",3.7765380409494,1.95764218634922,1.2774201274301,0.00310854426419251,0.00964915692691617
"ENSG00000286046.1","AC093898.1"," lncRNA","chr4",10.988646339553,1.95735417905072,1.29646612589876,0.00206244445888381,0.00673979861317297
"ENSG00000152503.10","TRIM36"," protein_coding","chr5",40.435156171505,1.9573232532285,0.339873453803036,3.8928004565693e-10,5.15429398627643e-09
"ENSG00000165025.15","SYK"," protein_coding","chr9",885.70093656102,1.95725806893365,0.349232540290627,8.80429227231804e-10,1.09608365894684e-08
"ENSG00000150337.13","FCGR1A"," protein_coding","chr1",64.7508604563721,1.95720424372757,0.528999099796551,7.02116395582508e-06,4.20103243953768e-05
"ENSG00000274253.5","AC138649.1"," lncRNA","chr15",14.1651491244108,1.95463668364442,1.18244700918452,0.00158290438190944,0.00534671414066097
"ENSG00000101306.11","MYLK2"," protein_coding","chr20",7.37268292919076,1.95458661426539,0.832642421602547,0.000559215647521648,0.00213169906201764
"ENSG00000275004.4","ZNF280B"," protein_coding","chr22",19.2009406460404,1.95281919779168,0.801379436944578,0.000367768176728393,0.00147092142424112
"ENSG00000120057.5","SFRP5"," protein_coding","chr10",4255.93605060899,1.95210548523887,1.02706406800332,0.00113549428634042,0.0039962877459295
"ENSG00000171813.14","PWWP2B"," protein_coding","chr10",846.906087997947,1.95144575147031,0.410394622612889,7.44455009633605e-08,6.59429340297681e-07
"ENSG00000110318.15","CEP126"," protein_coding","chr11",77.1644734817981,1.95081748123225,0.326391848935974,9.55768110104984e-11,1.39673346711685e-09
"ENSG00000149927.18","DOC2A"," protein_coding","chr16",46.9943880337528,1.94874729288387,0.838951192586532,0.000458848534089638,0.00179172060118616
"ENSG00000074657.14","ZNF532"," protein_coding","chr18",838.530250329497,1.94778270894483,0.311881805816087,1.85648238776258e-11,3.09438484392267e-10
"ENSG00000227896.2","AL731569.1"," lncRNA","chr10",46.1059882445397,1.94532159947718,0.523990473954811,6.97260700510441e-06,4.17871996270213e-05
"ENSG00000158486.13","DNAH3"," protein_coding","chr16",8.02640283409495,1.94511658117329,0.877139616067787,0.000721662410690066,0.00267066364595516
"ENSG00000280187.1","AC022107.1"," TEC","chr5",65.5462318193745,1.94507280851347,0.307047394633707,1.06691451952934e-11,1.85022768252981e-10
"ENSG00000260193.1","LINC02846"," lncRNA","chr9",11.5337748980578,1.94504725823243,0.347576651831657,0.000196520581130244,0.000843979509862794
"ENSG00000213801.4","ZNF321P"," transcribed_processed_pseudogene","chr19",45.5525383506044,1.94468732593589,0.621512439933483,5.30866241131534e-05,0.000262055125868433
"ENSG00000255769.7","GOLGA2P10"," transcribed_unprocessed_pseudogene","chr15",58.5290900158753,1.94249816714562,0.362648814765722,3.59439609740068e-09,4.03404924067258e-08
"ENSG00000271032.1","AC020907.4"," lncRNA","chr19",12.1927887093281,1.94240644685003,0.702510704226258,0.000180609336437932,0.000782095269382132
"ENSG00000241269.1","AC093620.1"," lncRNA","chr7",9.1434131854671,1.94169738699004,0.735905021766702,0.000265755707544429,0.00110001819687292
"ENSG00000167191.12","GPRC5B"," protein_coding","chr16",1552.11341318757,1.94011876383434,0.387245667821062,2.23904346402187e-08,2.1923685398474e-07
"ENSG00000125733.18","TRIP10"," protein_coding","chr19",1384.53897538182,1.93893325614649,0.252327412745388,6.55440642215715e-16,2.13854005512195e-14
"ENSG00000244509.4","APOBEC3C"," protein_coding","chr22",1002.59192413787,1.93853628880413,0.393003345622949,3.1373002254764e-08,2.99842432100004e-07
"ENSG00000196705.8","ZNF431"," protein_coding","chr19",262.946765607317,1.93844019884061,0.32556314832636,1.03084723507156e-10,1.50162568269678e-09
"ENSG00000178498.16","DTX3"," protein_coding","chr12",721.383747025457,1.93842372178146,0.343575241019773,7.14983108483181e-10,9.03611017822613e-09
"ENSG00000231964.1","AL731567.1"," lncRNA","chr10",11.1727646307978,1.93838041446293,0.864571758748254,0.000615348397902209,0.0023166104050606
"ENSG00000169255.15","B3GALNT1"," protein_coding","chr3",182.799773940974,1.93713250656386,0.450375417417811,6.18096364779745e-07,4.60752692672128e-06
"ENSG00000124134.9","KCNS1"," protein_coding","chr20",59.2398925786187,1.9368180691594,1.22850445000212,0.00165089662011778,0.00555164900993954
"ENSG00000172361.6","CFAP53"," protein_coding","chr18",39.9697658026916,1.93636407406304,0.393767554693679,3.63110921713398e-08,3.43102768884292e-07
"ENSG00000278195.2","SSTR3"," protein_coding","chr22",2.79503607484269,1.93606976690238,1.07735846315024,0.00225790538137607,0.00728871647513927
"ENSG00000180066.10","LINC02870"," lncRNA","chr10",4.85599554751484,1.93479937863482,1.05049059209782,0.00170878362973639,0.00572387571150445
"ENSG00000285018.1","AC245140.3"," lncRNA","chrX",2.27545518331098,1.93427808392761,1.21554446119515,0.0022316930593025,0.00721848024470998
"ENSG00000106348.18","IMPDH1"," protein_coding","chr7",820.328876255816,1.93350818540148,0.374646375309282,9.91161926434926e-09,1.03773159483777e-07
"ENSG00000090924.15","PLEKHG2"," protein_coding","chr19",905.561517274473,1.93334078683895,0.271622016345779,5.11877504590907e-14,1.29272337068504e-12
"ENSG00000125885.13","MCM8"," protein_coding","chr20",170.011121867182,1.93253664941755,0.336934414711055,4.10064242948565e-10,5.41474146788895e-09
"ENSG00000279555.1","AC091181.1"," TEC","chr17",2.41500235469968,1.93211512269348,1.32229355767256,0.00255573935264203,0.00813491501279085
"ENSG00000153233.13","PTPRR"," protein_coding","chr12",19.7698844534596,1.93174402017825,0.846155732657597,0.000514877850460043,0.00198420822038169
"ENSG00000136830.12","NIBAN2"," protein_coding","chr9",6616.31383928773,1.93014425922353,0.430333333359075,2.98840814334716e-07,2.36039822958616e-06
"ENSG00000275212.3","LINC02826"," lncRNA","chr12",12.7126982493751,1.9301320846592,0.867270218987883,0.000633491494712663,0.00237846742299828
"ENSG00000250318.1","AC003072.1"," unprocessed_pseudogene","chr22",40.7963125617404,1.92748652049868,0.383421512171913,2.10423209070486e-08,2.07359276533007e-07
"ENSG00000103064.15","SLC7A6"," protein_coding","chr16",94.9224968433503,1.92598045899727,0.484851115596,2.46778289041995e-06,1.62013862549312e-05
"ENSG00000183496.6","MEX3B"," protein_coding","chr15",107.747589723918,1.92462977910064,0.57217768100324,2.42549477843585e-05,0.000129198789613213
"ENSG00000284707.2","AC079781.5"," lncRNA","chr7",30.6030293228052,1.92374991898579,0.437174500632542,4.36405065819255e-07,3.33932302331633e-06
"ENSG00000132517.15","SLC52A1"," protein_coding","chr17",45.3563505348096,1.92236067238633,1.19482066510131,0.00158984507013553,0.00536614103804481
"ENSG00000273148.1","LINC00653"," lncRNA","chr20",24.9995971132635,1.92212753855819,0.556337512180289,1.91566165071998e-05,0.000104522885689957
"ENSG00000116819.8","TFAP2E"," protein_coding","chr1",22.0753732664497,1.92183517313002,0.619691721496898,6.04525399736624e-05,0.000294086080468939
"ENSG00000168961.17","LGALS9"," protein_coding","chr17",1951.59647823137,1.92143145613151,0.525466302501417,8.84059322240416e-06,5.19482803594494e-05
"ENSG00000060138.13","YBX3"," protein_coding","chr12",3148.48737996267,1.92120549719599,0.417961735077294,1.87039141077532e-07,1.54335069479223e-06
"ENSG00000135622.13","SEMA4F"," protein_coding","chr2",258.641751052176,1.91885270291025,0.264902145230331,1.85134178200179e-14,5.03748026485171e-13
"ENSG00000188095.6","MESP2"," protein_coding","chr15",20.2220235796928,1.91832519729369,0.57184117731631,2.79050717481181e-05,0.000146739325368822
"ENSG00000187987.9","ZSCAN23"," protein_coding","chr6",7.85912213468357,1.91795619745615,0.98790019530212,0.00129161282252016,0.0044700020806993
"ENSG00000101425.14","BPI"," protein_coding","chr20",7.00025603563819,1.91743692268127,0.775677711601834,0.00161340458813661,0.00544062409611059
"ENSG00000159915.12","ZNF233"," protein_coding","chr19",41.2184141275612,1.9163413793878,0.5378729605345,1.24189967187552e-05,7.05314866217624e-05
"ENSG00000151835.16","SACS"," protein_coding","chr13",505.121983399728,1.91600157138202,0.40787507124121,1.02276123904229e-07,8.855126916481e-07
"ENSG00000253605.1","HNRNPA1P38"," processed_pseudogene","chr8",4.2632701485087,1.91594388601956,0.835961050477919,0.000896617746649321,0.00324806793989246
"ENSG00000076003.5","MCM6"," protein_coding","chr2",923.141380685386,1.91590533868295,0.292552492916813,2.39664703410968e-12,4.59617339499969e-11
"ENSG00000132003.9","ZSWIM4"," protein_coding","chr19",210.339949460847,1.91583032561089,0.501410588679072,4.5148137116835e-06,2.808543424101e-05
"ENSG00000145555.15","MYO10"," protein_coding","chr5",2823.56036383585,1.91540171905575,0.307726074124951,2.58453427492679e-11,4.17432338124804e-10
"ENSG00000181004.10","BBS12"," protein_coding","chr4",147.206296205878,1.91529837273195,0.554733189470359,1.77484666673377e-05,9.75329736660836e-05
"ENSG00000183763.9","TRAIP"," protein_coding","chr3",94.1229465497239,1.91497867813438,0.37587232620677,1.32862777199683e-08,1.35838568108572e-07
"ENSG00000079931.15","MOXD1"," protein_coding","chr6",400.280269902291,1.91450994248956,0.629742898437892,6.8385745946244e-05,0.00032829885179493
"ENSG00000177994.16","C2orf73"," protein_coding","chr2",2.43718645330833,1.91359925886622,1.3275385184308,0.00242288478464585,0.00775775261068439
"ENSG00000265962.1","GACAT2"," lncRNA","chr18",5.80801222472354,1.91350084448161,1.34786209403143,0.00282312687329912,0.00887655360216257
"ENSG00000196872.12","CRACDL"," protein_coding","chr2",194.124688745039,1.91166548691735,0.511741399676237,6.23936194661784e-06,3.77584955645012e-05
"ENSG00000147799.11","ARHGAP39"," protein_coding","chr8",226.88120277788,1.91114143259488,0.347965929528782,1.5154251940385e-09,1.81310243990603e-08
"ENSG00000152556.17","PFKM"," protein_coding","chr12",1192.15322766938,1.91076933080184,0.371636003012454,1.13398902930267e-08,1.1729548225436e-07
"ENSG00000132718.9","SYT11"," protein_coding","chr1",524.262629447078,1.90965600139388,0.473987739108903,1.99024663820739e-06,1.33272507322937e-05
"ENSG00000147852.16","VLDLR"," protein_coding","chr9",231.98574851873,1.90942415570618,0.74431579656417,0.000259165925889242,0.00107778883550945
"ENSG00000257698.2","GIHCG"," lncRNA","chr12",80.3083317183964,1.9088674687182,0.499857791720257,4.57094679260492e-06,2.83982847696471e-05
"ENSG00000287033.1","AL590101.1"," lncRNA","chr1",2.85010479936149,1.90863631675103,1.22429153885552,0.00315651508368571,0.00977413890403699
"ENSG00000175164.15","ABO"," protein_coding","chr9",115.790619999484,1.90793491348448,1.02726094159312,0.00110616445769551,0.00390626041967557
"ENSG00000106701.13","FSD1L"," protein_coding","chr9",128.928667387861,1.90792835369818,0.368146111046966,8.9239565133162e-09,9.40740468149333e-08
"ENSG00000287051.1","AC121757.2"," lncRNA","chr12",23.498423870216,1.90534256577052,0.717743353980433,0.000212511428361716,0.000904134459434495
"ENSG00000155530.3","LRGUK"," protein_coding","chr7",30.9219818388706,1.90383032388122,0.567930263460012,2.66535767117916e-05,0.000140894921911245
"ENSG00000164929.17","BAALC"," protein_coding","chr8",204.143016789665,1.90317521524768,0.889599013014373,0.000674098401097054,0.00251331631682347
"ENSG00000242861.1","AL591895.1"," lncRNA","chr1",260.074706221024,1.90268650522955,0.421273503230034,2.36716512147894e-07,1.9174629110919e-06
"ENSG00000006534.16","ALDH3B1"," protein_coding","chr11",1331.80889308728,1.90263419940445,0.670064986130285,0.000127827581288038,0.000574780748973453
"ENSG00000242798.1","AC073842.2"," lncRNA","chr7",6.24682232867477,1.90061999795478,0.673605030996571,0.000220396180352235,0.000933866383598828
"ENSG00000021762.20","OSBPL5"," protein_coding","chr11",621.565727365961,1.8994896463558,0.249251361380179,1.00239131083429e-15,3.20952273827941e-14
"ENSG00000255717.7","SNHG1"," lncRNA","chr11",941.980227325918,1.8984279501787,0.360437233982282,5.64479671829065e-09,6.12320845949498e-08
"ENSG00000244073.1","RPS4XP6"," processed_pseudogene","chr5",3.812309473629,1.8977971571342,0.681225573126853,0.000375440154529148,0.00149811407215605
"ENSG00000204528.3","PSORS1C3"," lncRNA","chr6",49.6328509272311,1.89646417522102,0.790921695240196,0.000390623559057885,0.00155148401336594
"ENSG00000116260.17","QSOX1"," protein_coding","chr1",9224.71709049571,1.89631468770736,0.363196285715156,7.36453552099583e-09,7.85721055639822e-08
"ENSG00000277511.1","AC116407.2"," lncRNA","chr17",37.7329075911305,1.89589836944208,0.553464507480606,1.98374533830097e-05,0.000107593655211791
"ENSG00000089351.14","GRAMD1A"," protein_coding","chr19",2364.38460011221,1.89555220852471,0.431735697910014,4.39062283824532e-07,3.35877465430836e-06
"ENSG00000207200.1","RNU6-45P"," snRNA","chr11",2.48485148808762,1.89547059731275,1.51859495309226,0.00347250896074905,0.0106385478285988
"ENSG00000067141.17","NEO1"," protein_coding","chr15",3027.57028153774,1.89489640247785,0.296129412094804,7.51941943463586e-12,1.33252700783046e-10
"ENSG00000285417.1","BX571818.1"," transcribed_unitary_pseudogene","chr1",193.192012774343,1.89454216354277,1.25278683675475,0.00177356021431683,0.00590491700621021
"ENSG00000121207.12","LRAT"," protein_coding","chr4",347.451000155254,1.89406763330987,0.377653526482657,0.0058278703669065,0.0165814622251557
"ENSG00000230615.7","AL139220.2"," lncRNA","chr1",17.8089266193565,1.89405430839262,0.601620464132646,5.49714578837436e-05,0.000270079578071571
"ENSG00000112118.20","MCM3"," protein_coding","chr6",2426.98714121963,1.89395144954284,0.242087707670032,2.99415121970067e-16,1.03234511734573e-14
"ENSG00000215246.5","AC116351.1"," lncRNA","chr5",110.039132551676,1.89355568702941,0.856019827916357,0.000577055802801583,0.00218968917808239
"ENSG00000185803.12","SLC52A2"," protein_coding","chr8",1057.90425259343,1.89325127572968,0.286863657228079,1.75860356042074e-12,3.45898228279923e-11
"ENSG00000268041.2","ERFL"," protein_coding","chr19",11.5454534472677,1.89319539306175,0.622904907475244,8.26989477931748e-05,0.000389511643497354
"ENSG00000178201.4","VN1R1"," protein_coding","chr19",27.1802005611745,1.89306294243223,0.596372369089137,4.82967071327753e-05,0.000240732510313726
"ENSG00000134198.10","TSPAN2"," protein_coding","chr1",184.100197534461,1.8927866744525,0.84868859681288,0.000557425395582931,0.00212619581055898
"ENSG00000133454.16","MYO18B"," protein_coding","chr22",4.19137481447371,1.89216260416842,1.20911092618383,0.00285417565833693,0.00896354971770348
"ENSG00000265750.1","AC090772.3"," lncRNA","chr18",2.87709985677542,1.89189356615927,1.17221381800058,0.00270015289138922,0.00853775172779751
"ENSG00000213465.8","ARL2"," protein_coding","chr11",742.692691837171,1.89148632663261,0.494692945342851,4.48274980988846e-06,2.79276653576755e-05
"ENSG00000188372.15","ZP3"," protein_coding","chr7",77.9802641800965,1.89084156924807,0.501091868644751,5.45076907690611e-06,3.33110168037449e-05
"ENSG00000180263.14","FGD6"," protein_coding","chr12",1141.42225147265,1.89026606439554,0.33702122020761,8.29158474345758e-10,1.03845957656468e-08
"ENSG00000088826.18","SMOX"," protein_coding","chr20",712.849286478911,1.89020338879871,0.354082402394995,3.90032636568376e-09,4.35061643444091e-08
"ENSG00000043143.20","JADE2"," protein_coding","chr5",1161.18283145301,1.88997674879266,0.177611130773902,9.47863976971913e-28,1.79583870090949e-25
"ENSG00000104368.19","PLAT"," protein_coding","chr8",1285.90558994312,1.88963829580355,0.571090235165789,2.96757254389079e-05,0.000155238743781834
"ENSG00000176463.14","SLCO3A1"," protein_coding","chr15",1067.99726425923,1.88847878848925,0.445283474084243,8.37632117489071e-07,6.07632211764206e-06
"ENSG00000274211.6","SOCS7"," protein_coding","chr17",444.923785599889,1.88846407936929,0.296978385998661,8.98043536023679e-12,1.56950460768572e-10
"ENSG00000198976.1","MIR429"," miRNA","chr1",2.68667434818202,1.88843949284056,1.01685985630828,0.00202647834995265,0.00663490256928599
"ENSG00000260339.1","HEXA-AS1"," lncRNA","chr15",13.436346009277,1.8883230131672,0.710057559489368,0.000235064993468846,0.000989860595430342
"ENSG00000100170.10","SLC5A1"," protein_coding","chr22",1265.4605364145,1.88724369960624,0.961287332472028,0.000944775022354988,0.00340014097804721
"ENSG00000082512.15","TRAF5"," protein_coding","chr1",328.536466218373,1.88603902772547,0.410550757860309,1.60286372648696e-07,1.34157624212046e-06
"ENSG00000245571.7","FAM111A-DT"," lncRNA","chr11",141.583166737929,1.88493778345005,0.206205780888856,2.94208518375468e-21,2.18365604898067e-19
"ENSG00000135046.14","ANXA1"," protein_coding","chr9",2793.88914357518,1.88364005641865,0.74324258594178,0.000292680530621492,0.00119868188516145
"ENSG00000116830.12","TTF2"," protein_coding","chr1",403.946491879618,1.88131025013091,0.321926360968832,2.2155036688005e-10,3.05695489665288e-09
"ENSG00000163359.16","COL6A3"," protein_coding","chr2",7037.47603393589,1.88051764639833,0.551119217938701,2.33854735523082e-05,0.000124955280829324
"ENSG00000116885.18","OSCP1"," protein_coding","chr1",235.901352724653,1.878905673912,0.414373901192409,2.17390657880735e-07,1.77273360350102e-06
"ENSG00000198113.3","TOR4A"," protein_coding","chr9",824.438696600653,1.87873330838915,0.30221323028855,2.04356169808751e-11,3.39070825776533e-10
"ENSG00000087586.18","AURKA"," protein_coding","chr20",267.374479426751,1.87817872009952,0.507155741835677,6.97384510214062e-06,4.17871996270213e-05
"ENSG00000131899.11","LLGL1"," protein_coding","chr17",600.882789727054,1.87745831907574,0.248365387000108,1.58182444302882e-15,4.94536304166213e-14
"ENSG00000184916.9","JAG2"," protein_coding","chr14",744.581129580752,1.87728147654296,0.424501725392236,3.58447943310952e-07,2.78518062291879e-06
"ENSG00000144645.14","OSBPL10"," protein_coding","chr3",377.554012392239,1.87698974107445,0.442221001077105,8.03519652200822e-07,5.85946618376144e-06
"ENSG00000162063.13","CCNF"," protein_coding","chr16",174.086858197055,1.87679661849645,0.352378833301973,4.05787955779918e-09,4.51772094738337e-08
"ENSG00000149179.14","C11orf49"," protein_coding","chr11",698.437681485865,1.87664677483616,0.297214060075905,1.22228330414917e-11,2.10340894977741e-10
"ENSG00000257596.1","SCAT2"," lncRNA","chr12",13.2750640498544,1.875972300174,0.722409902768439,0.000264107808150076,0.00109450503991389
"ENSG00000161082.13","CELF5"," protein_coding","chr19",66.0185115135535,1.87578365682618,0.840155358834335,0.000559795764583922,0.00213307415508144
"ENSG00000184838.15","PRR16"," protein_coding","chr5",43.3754653620229,1.87564438714065,0.575410910077564,3.44184457766917e-05,0.000177502058850834
"ENSG00000287910.1","AC104024.4"," lncRNA","chr17",5.24528255920624,1.87516604693485,0.629753791579936,0.000157194213234553,0.000690749925555693
"ENSG00000080839.12","RBL1"," protein_coding","chr20",246.107878064021,1.87476288860277,0.23374003143849,4.68842973762351e-17,1.86317175772126e-15
"ENSG00000223652.2","AC106786.1"," lncRNA","chr5",5.22032254601981,1.87437429961593,1.11893075453253,0.00222778004707212,0.00721039441094509
"ENSG00000107611.16","CUBN"," protein_coding","chr10",53.3631191224259,1.87434616285594,0.51105823921735,8.3944778981518e-06,4.94963666487143e-05
"ENSG00000133110.15","POSTN"," protein_coding","chr13",1730.91434495087,1.87283653494832,0.642779200668869,0.000103255853790614,0.00047610970585179
"ENSG00000144847.13","IGSF11"," protein_coding","chr3",13.1474801131327,1.8721391578932,1.27173248182362,0.00210555535761742,0.00685686549361868
"ENSG00000085276.19","MECOM"," protein_coding","chr3",452.529265924843,1.87198295011089,0.62307702074233,7.63603897479344e-05,0.000362525424569905
"ENSG00000167595.15","PROSER3"," protein_coding","chr19",273.254028501241,1.87163649361671,0.313215021556702,9.21359342430281e-11,1.35186773940387e-09
"ENSG00000271327.1","AC010201.2"," lncRNA","chr12",22.5499679514627,1.87152556594559,0.519737557858841,1.12358326394376e-05,6.44139155384737e-05
"ENSG00000183943.6","PRKX"," protein_coding","chrX",725.522386921712,1.87138731462951,0.31434663095667,1.05110795046677e-10,1.52992853329167e-09
"ENSG00000160307.10","S100B"," protein_coding","chr21",64.0170521691797,1.87120892550136,0.646227934113245,0.000106588302887348,0.000490003815117581
"ENSG00000163739.5","CXCL1"," protein_coding","chr4",814.587693368537,1.87041627895931,0.806238766740532,0.000465704439495913,0.00181363588727053
"ENSG00000173728.11","C1orf100"," protein_coding","chr1",2.17408660513411,1.86920197061889,1.21203435158841,0.00249876177705202,0.00797269550151285
"ENSG00000011201.12","ANOS1"," protein_coding","chrX",114.893452025253,1.86898448838523,0.601790652205417,5.59554540627558e-05,0.000274451763840007
"ENSG00000154319.16","FAM167A"," protein_coding","chr8",114.054317778483,1.86794359324362,0.675253573286631,0.000151291253374928,0.000667829081370047
"ENSG00000235863.4","B3GALT4"," protein_coding","chr6",231.40720557898,1.86756742746945,0.367971004580043,1.44526088414444e-08,1.46581414219782e-07
"ENSG00000139537.11","CCDC65"," protein_coding","chr12",62.94358048191,1.86607005362681,0.359429054691212,8.5356641534837e-09,9.03071409840283e-08
"ENSG00000145730.20","PAM"," protein_coding","chr5",2436.93785625778,1.86511442626636,0.389590818896258,6.99037211566912e-08,6.22792193775054e-07
"ENSG00000197208.6","SLC22A4"," protein_coding","chr5",76.2182084664,1.86449986923318,0.391009487522974,7.14796742533063e-08,6.35280505269558e-07
"ENSG00000256229.8","ZNF486"," protein_coding","chr19",119.148422915444,1.86390725240506,0.677699799545228,0.000160056575274312,0.000702058683334797
"ENSG00000244300.3","GATA2-AS1"," lncRNA","chr3",69.9652493642073,1.86353109346848,0.588929748883277,4.64716037701073e-05,0.000232749005901487
"ENSG00000082014.17","SMARCD3"," protein_coding","chr7",374.523600249761,1.86348184780728,0.376216635677097,2.94816506446141e-08,2.83064604230662e-07
"ENSG00000090971.5","NAT14"," protein_coding","chr19",399.839172890356,1.8631467233919,0.427912860650638,4.77381091912847e-07,3.62717610575823e-06
"ENSG00000203943.9","SAMD13"," protein_coding","chr1",32.0774806281001,1.86132690083126,0.597325214948242,5.75552692222587e-05,0.000281399538710034
"ENSG00000159363.19","ATP13A2"," protein_coding","chr1",857.861812084079,1.86057052046175,0.317747887217671,2.00517303716168e-10,2.77856970645934e-09
"ENSG00000272720.1","AL022322.1"," lncRNA","chr22",52.3736113430588,1.85920422675793,0.469109680992354,2.63793964545007e-06,1.72138840085309e-05
"ENSG00000198826.11","ARHGAP11A"," protein_coding","chr15",179.614808541166,1.85920397490277,0.504659266556535,7.85913376921604e-06,4.65373676236831e-05
"ENSG00000169429.11","CXCL8"," protein_coding","chr4",2330.9000056823,1.85889947942264,0.840204030944132,0.00060273043812792,0.00227468548968215
"ENSG00000187535.14","IFT140"," protein_coding","chr16",781.440027906677,1.85839406529143,0.220260754642101,1.81049169589595e-18,9.01198503030528e-17
"ENSG00000261652.3","C15orf65"," protein_coding","chr15",48.8943583136352,1.8581066495543,0.386345921008766,6.02305585144547e-08,5.44258104494464e-07
"ENSG00000164692.18","COL1A2"," protein_coding","chr7",23550.0344613178,1.85774998188077,0.530515928796394,1.53597221707169e-05,8.56158486523296e-05
"ENSG00000157680.15","DGKI"," protein_coding","chr7",25.8820203128839,1.85727764827016,0.569727466417904,3.70053613784573e-05,0.000189170940422051
"ENSG00000270110.2","AL353593.2"," lncRNA","chr1",2.22641818889791,1.85638001638868,1.21040311988312,0.00227083628761361,0.00732397431152162
"ENSG00000257671.1","KRT7-AS"," lncRNA","chr12",72.3725143973492,1.85470151340639,0.613094411803509,7.22789577558673e-05,0.000345058088180179
"ENSG00000164953.16","TMEM67"," protein_coding","chr8",181.79460784849,1.85385697258929,0.252187431583688,8.98738971595604e-15,2.58024774236931e-13
"ENSG00000273419.1","AC004877.1"," lncRNA","chr7",4.08586806207668,1.85331066011428,0.848995052185597,0.00115893520575386,0.00406847767681241
"ENSG00000171004.18","HS6ST2"," protein_coding","chrX",51.3736909057157,1.85309172442121,1.63783816916229,0.00247042994868639,0.00789092982624106
"ENSG00000204956.5","PCDHGA1"," protein_coding","chr5",18.2636298628347,1.85295891025838,0.650255852851699,0.000130105284545546,0.000583292779315918
"ENSG00000139200.14","PIANP"," protein_coding","chr12",11.6983612402359,1.8518395597369,0.705386458054548,0.000261057881124565,0.00108488350684178
"ENSG00000132965.10","ALOX5AP"," protein_coding","chr13",365.318258161953,1.85178463106573,0.445825067014216,1.15385317417783e-06,8.10029921482386e-06
"ENSG00000274363.1","AC087742.1"," lncRNA","chr17",4.21936142451409,1.85143159488294,1.14632505302716,0.00254535540392903,0.00810628581474024
"ENSG00000182310.15","SPACA6"," protein_coding","chr19",114.080375917504,1.85019747098449,0.465307706682376,2.41518541465963e-06,1.58918437537123e-05
"ENSG00000275367.1","AC092111.1"," lncRNA","chr12",13.6116207472236,1.84879516094362,0.554232014377826,3.11722148075343e-05,0.000162252379322086
"ENSG00000081760.17","AACS"," protein_coding","chr12",868.826795265907,1.84870721641163,0.212897672105272,2.22755521030358e-19,1.26905386580752e-17
"ENSG00000244041.7","LINC01011"," lncRNA","chr6",43.8546752558121,1.84825753848458,0.276138447562117,1.02432485661922e-12,2.0996859973806e-11
"ENSG00000223658.8","C1GALT1C1L"," protein_coding","chr2",16.835447563734,1.84810478923269,0.554531961209365,2.98127594930521e-05,0.000155843795995132
"ENSG00000140545.15","MFGE8"," protein_coding","chr15",1616.22012624248,1.84754638995406,0.438929312695687,9.23335805128522e-07,6.63205666087019e-06
"ENSG00000285591.1","AC092617.1"," lncRNA","chr2",6.7815134503324,1.84674832072271,1.03407904884853,0.00168564047243346,0.0056587003038798
"ENSG00000109452.12","INPP4B"," protein_coding","chr4",352.743952485004,1.8449975299629,0.539032043627196,2.01350846771884e-05,0.000109106499154544
"ENSG00000156804.7","FBXO32"," protein_coding","chr8",495.863900020596,1.84468586989313,0.416296917199983,3.56699425990107e-07,2.77307184347159e-06
"ENSG00000167670.16","CHAF1A"," protein_coding","chr19",536.284133828005,1.84315266327438,0.24984944287964,7.68997635721642e-15,2.22971093800841e-13
"ENSG00000063180.9","CA11"," protein_coding","chr19",191.627078000201,1.8431131385141,0.58691581175543,4.99546084643963e-05,0.000247979233202515
"ENSG00000118971.9","CCND2"," protein_coding","chr12",832.226961103899,1.8418025991448,0.672328095571827,0.000165227327905304,0.000722782832583955
"ENSG00000184261.5","KCNK12"," protein_coding","chr2",15.3505998709234,1.84037721840919,0.569760834795752,4.2859813149385e-05,0.000215882902737767
"ENSG00000159231.6","CBR3"," protein_coding","chr21",10.5645142762931,1.83964840909912,0.726472689744005,0.000319842507463852,0.00129864784245728
"ENSG00000177640.16","CASC2"," lncRNA","chr10",62.6643874716388,1.83865250813317,0.251937515069967,1.42041621342049e-14,3.93841449897931e-13
"ENSG00000166923.12","GREM1"," protein_coding","chr15",546.650509837052,1.83847799778682,1.13767178163522,0.00159399317991949,0.0053782749641494
"ENSG00000141384.13","TAF4B"," protein_coding","chr18",97.7130911641382,1.83613642561212,0.607287200062772,7.24909331733767e-05,0.000345956811147615
"ENSG00000284773.1","AC114490.3"," protein_coding","chr1",39.0224095784211,1.83430958481538,0.48085294554083,4.769911969578e-06,2.95279091156738e-05
"ENSG00000107249.23","GLIS3"," protein_coding","chr9",1068.2077812216,1.83356314496239,0.438846833047185,1.10028778973212e-06,7.77101562680298e-06
"ENSG00000213719.8","CLIC1"," protein_coding","chr6",8405.11852076581,1.83208972962383,0.33841660066164,2.71831606328025e-09,3.10334877690105e-08
"ENSG00000227471.9","AKR1B15"," protein_coding","chr7",26.7214034889305,1.83202008989009,1.67082473917047,0.00267345465134597,0.00846067036184341
"ENSG00000170075.9","GPR37L1"," protein_coding","chr1",23.1470975142649,1.83196203918483,0.65947777833271,0.000155527076492177,0.000684248762322823
"ENSG00000008283.16","CYB561"," protein_coding","chr17",2305.35511804588,1.83176173055369,0.213773037661588,7.39117801217238e-19,3.91276354695202e-17
"ENSG00000128872.10","TMOD2"," protein_coding","chr15",446.058152706723,1.8309841393785,0.419463102725662,4.73001514559272e-07,3.59577304617654e-06
"ENSG00000168427.9","KLHL30"," protein_coding","chr2",24.6003498626019,1.83081355626426,0.614297900538175,8.75326856357236e-05,0.000409895795040684
"ENSG00000196975.16","ANXA4"," protein_coding","chr2",20189.0223500412,1.83064669670139,0.34380428497272,5.12233566745296e-09,5.59810449921077e-08
"ENSG00000132481.7","TRIM47"," protein_coding","chr17",1709.13825329752,1.82957081375216,0.427348490465083,6.81001749482204e-07,5.03144377675947e-06
"ENSG00000160767.21","FAM189B"," protein_coding","chr1",988.784330681264,1.82907166189659,0.283000022675192,4.25362491884448e-12,7.85775714108769e-11
"ENSG00000155254.13","MARVELD1"," protein_coding","chr10",944.447385402876,1.82872845061454,0.406917525260503,2.59098293515433e-07,2.07871821345926e-06
"ENSG00000133619.17","KRBA1"," protein_coding","chr7",276.857949855261,1.82850868166301,0.28345860763189,4.9191293697072e-12,8.94551649532352e-11
"ENSG00000218631.1","AL117344.1"," processed_pseudogene","chr6",5.7628008341306,1.82756608688101,0.670116778165066,0.000275160086013125,0.00113523968160068
"ENSG00000240338.6","AC009078.2"," transcribed_unprocessed_pseudogene","chr16",2.20567733265855,1.82695317542042,1.30473033871564,0.00305630007047501,0.00951026421545612
"ENSG00000174871.11","CNIH2"," protein_coding","chr11",20.0806652673676,1.82683821563764,0.405889041640889,2.9120385104064e-07,2.30876255638969e-06
"ENSG00000013364.19","MVP"," protein_coding","chr16",9545.68818976616,1.82636888353086,0.30667912979451,1.22262185875353e-10,1.75938120364982e-09
"ENSG00000149243.16","KLHL35"," protein_coding","chr11",17.1707312268367,1.82625675329498,0.656566147287383,0.000152378288537579,0.000671814132157293
"ENSG00000140451.13","PIF1"," protein_coding","chr15",80.5323915796989,1.82441644249997,0.480503789943958,4.96408010498075e-06,3.06449211814145e-05
"ENSG00000113657.13","DPYSL3"," protein_coding","chr5",1717.67452691605,1.82405030889701,0.657221150946017,0.000154746206740705,0.000681224283794088
"ENSG00000184445.12","KNTC1"," protein_coding","chr12",461.756367453801,1.82343719864042,0.279482657403536,2.75630676986019e-12,5.23429115690441e-11
"ENSG00000262903.1","AC027796.4"," lncRNA","chr17",39.6268791165763,1.82330077118847,0.475769582747745,4.55274920344615e-06,2.82972813797828e-05
"ENSG00000157600.12","TMEM164"," protein_coding","chrX",555.777109941521,1.82305494520116,0.261258208707075,1.18430628129785e-13,2.81082424077925e-12
"ENSG00000213626.13","LBH"," protein_coding","chr2",2254.20316428199,1.82291905211877,0.389724764827408,1.11173224658022e-07,9.53487735974663e-07
"ENSG00000247134.7","AC090204.1"," lncRNA","chr8",57.200210588343,1.82138493219667,0.637552407181816,0.000119999692469004,0.000543604756892124
"ENSG00000261693.1","AC134682.1"," lncRNA","chr8",6.3667877795405,1.8213704085418,0.649174944227327,0.000232666210690462,0.000980728424802036
"ENSG00000105717.14","PBX4"," protein_coding","chr19",51.6812270278686,1.82132895433101,0.53556186649018,2.13969814570791e-05,0.000115131627397443
"ENSG00000267751.5","AC009005.1"," lncRNA","chr19",11.3489846583004,1.82028615498466,0.742419638564417,0.000395523026662498,0.0015683810718758
"ENSG00000140416.23","TPM1"," protein_coding","chr15",6173.95982843941,1.82001792443807,0.268785831391534,6.32119228482403e-13,1.33224608205226e-11
"ENSG00000141424.13","SLC39A6"," protein_coding","chr18",1873.6127697191,1.81966477576891,0.202581058105803,1.18661492226373e-20,7.93861712557583e-19
"ENSG00000260942.1","CAPN10-DT"," lncRNA","chr2",65.1377016991879,1.8167350827235,0.416763694491622,4.87721427968686e-07,3.69803647840359e-06
"ENSG00000108262.16","GIT1"," protein_coding","chr17",1850.90963439739,1.81631929318511,0.242525572362632,3.02506687938601e-15,9.20106108496459e-14
"ENSG00000071564.17","TCF3"," protein_coding","chr19",2011.47993903825,1.81577490355542,0.197868669363414,1.94607130433817e-21,1.48989380252598e-19
"ENSG00000064763.11","FAR2"," protein_coding","chr12",256.68112452069,1.81430400635308,0.419080761729318,5.59564747022822e-07,4.20019148376446e-06
"ENSG00000234405.2","Z69733.1"," lncRNA","chrX",10.6533787772232,1.81421207733541,0.551623801554702,4.00504493450755e-05,0.000202888426006688
"ENSG00000157833.13","GAREM2"," protein_coding","chr2",73.2615997504219,1.81367353217063,0.454591867631151,2.27107765696257e-06,1.50249635236882e-05
"ENSG00000165685.8","TMEM52B"," protein_coding","chr12",11.7178004341606,1.81367214283354,0.634541971029145,0.000148309474375075,0.000656255925067744
"ENSG00000121905.10","HPCA"," protein_coding","chr1",7.08398167973082,1.8127488496256,1.0885112000416,0.00190648048484399,0.0063007171156146
"ENSG00000029153.14","ARNTL2"," protein_coding","chr12",960.522757456503,1.81248678350202,0.521085933382797,1.69420858419974e-05,9.34891604096146e-05
"ENSG00000285601.1","AC084262.2"," lncRNA","chr8",2.76866036784564,1.81073821434147,1.23870983289024,0.00358135723384485,0.010936895710888
"ENSG00000158710.15","TAGLN2"," protein_coding","chr1",19534.5095749783,1.80986252071669,0.252627616814363,4.3569294913075e-14,1.11382363130542e-12
"ENSG00000139629.16","GALNT6"," protein_coding","chr12",248.814388201143,1.80718502182508,0.555766137296861,3.48164589037787e-05,0.000179332737023543
"ENSG00000167291.16","TBC1D16"," protein_coding","chr17",1275.24484050555,1.80673169851099,0.187632974309648,2.46434726235399e-23,2.47870845846908e-21
"ENSG00000131153.9","GINS2"," protein_coding","chr16",265.911527217335,1.80643505452668,0.409112902575743,3.82638548666485e-07,2.95817223059971e-06
"ENSG00000268573.1","AC011815.1"," lncRNA","chr18",38.6158456771542,1.80612953348481,0.450943859073021,2.23730033985646e-06,1.48317758211984e-05
"ENSG00000205177.6","C11orf91"," protein_coding","chr11",7.35010257043577,1.80609845799421,0.951481067769552,0.00131287784269855,0.00453682428547259
"ENSG00000172382.10","PRSS27"," protein_coding","chr16",44.1399383135255,1.80593296202611,0.47266182005024,4.54336622671133e-06,2.82449807048045e-05
"ENSG00000272323.1","AC026801.2"," lncRNA","chr5",48.2362921133674,1.80580992187314,0.481175299329202,5.94517238386457e-06,3.60679561699138e-05
"ENSG00000108785.7","HSD17B1P1"," unprocessed_pseudogene","chr17",34.2595016948737,1.80514665673691,0.556060074399249,3.67949317707872e-05,0.000188260193794438
"ENSG00000128011.5","LRFN1"," protein_coding","chr19",148.051772701244,1.80504291540256,0.366279587989724,3.25695281887049e-08,3.10667288337584e-07
"ENSG00000101052.13","IFT52"," protein_coding","chr20",613.193997731564,1.80431864204939,0.195873463603485,1.39863174278677e-21,1.09374502159108e-19
"ENSG00000133107.15","TRPC4"," protein_coding","chr13",42.6123465670389,1.80396743543808,0.51119750094559,1.37245523468362e-05,7.72840670665764e-05
"ENSG00000117472.10","TSPAN1"," protein_coding","chr1",815.902890370225,1.8035676719081,0.895111777932591,0.000877835101616726,0.00318715111763235
"ENSG00000156535.15","CD109"," protein_coding","chr6",341.455672169121,1.80209622253811,0.54034980394777,2.71855090714608e-05,0.000143343115348055
"ENSG00000170779.11","CDCA4"," protein_coding","chr14",205.966945347895,1.80177830576678,0.486605047546058,7.24185915648855e-06,4.32244300666287e-05
"ENSG00000274750.2","H3C6"," protein_coding","chr6",144.269758016085,1.80142301186568,0.443644470771732,1.69063817185485e-06,1.1503201501011e-05
"ENSG00000183067.5","IGSF5"," protein_coding","chr21",14.1500911640848,1.80038215425578,1.17290912921936,0.00195564939297775,0.00643478140369633
"ENSG00000150773.11","PIH1D2"," protein_coding","chr11",37.7168446195416,1.7999885038137,0.476508804344768,5.64590473272068e-06,3.43667352146764e-05
"ENSG00000108106.14","UBE2S"," protein_coding","chr19",401.058297705627,1.79970148441989,0.422773047203585,7.35764391368272e-07,5.39912239794242e-06
"ENSG00000179859.9","RNF227"," protein_coding","chr17",91.5255341465368,1.79963176443003,0.345954066691816,7.65150523018456e-09,8.15619052082815e-08
"ENSG00000279667.1","AL603839.4"," TEC","chr1",1.98902635358507,1.79944771329316,1.03260874774234,0.00178164097462031,0.005927761559108
"ENSG00000178947.9","SMIM10L2A"," protein_coding","chrX",62.1320768765854,1.79910739308421,0.389270092274609,1.40499490180167e-07,1.18617355399864e-06
"ENSG00000188508.11","KRTDAP"," protein_coding","chr19",4.99589129964194,1.79858320935159,1.20220976685248,0.00256270008159636,0.00815440151413594
"ENSG00000131711.15","MAP1B"," protein_coding","chr5",1077.48994856044,1.79855963431751,0.401966861153949,2.98306109250019e-07,2.35743454367754e-06
"ENSG00000113211.5","PCDHB6"," protein_coding","chr5",39.9001590191459,1.79776163191199,0.774067843038199,0.000478422428291621,0.00185721370918795
"ENSG00000278000.1","AC139100.2"," lncRNA","chr18",22.9954678442028,1.79657287068358,0.693287989690851,0.000253170954179568,0.00105421035866721
"ENSG00000099364.18","FBXL19"," protein_coding","chr16",490.140125623533,1.79618718713055,0.188008785321528,5.45696870845653e-23,5.34142014285129e-21
"ENSG00000183741.12","CBX6"," protein_coding","chr22",1955.8029932451,1.79532801124051,0.373344731456154,6.57007253241422e-08,5.88221134739074e-07
"ENSG00000121903.14","ZSCAN20"," protein_coding","chr1",51.4931938234103,1.79380536358703,0.323809656669485,1.32767839417301e-09,1.60029136692696e-08
"ENSG00000133059.17","DSTYK"," protein_coding","chr1",659.49462847935,1.79359452202086,0.291527106245008,3.37449279330349e-11,5.36698911057085e-10
"ENSG00000150938.10","CRIM1"," protein_coding","chr2",3536.22706465942,1.7932621713072,0.330986488445466,2.70321390097899e-09,3.08731582919562e-08
"ENSG00000164620.9","RELL2"," protein_coding","chr5",63.3128450051977,1.7931793351306,0.631322055222914,0.000125485429899404,0.00056608173596284
"ENSG00000262333.1","HNRNPA1P16"," processed_pseudogene","chr17",22.032574958266,1.79312794807312,0.465046534423688,4.35850191368561e-06,2.72408704350323e-05
"ENSG00000165490.13","DDIAS"," protein_coding","chr11",72.3100635116363,1.79234673289604,0.4299331161727,1.09273101169544e-06,7.71951341248346e-06
"ENSG00000087495.17","PHACTR3"," protein_coding","chr20",138.721866715465,1.79095190813697,1.50540136493114,0.00242150451991299,0.00775588726708488
"ENSG00000163734.4","CXCL3"," protein_coding","chr4",93.2338947568914,1.78960971281287,0.687833970987094,0.000241871942047427,0.0010149852794679
"ENSG00000139146.14","SINHCAF"," protein_coding","chr12",723.501680511708,1.78844308519392,0.3019997676333,1.3100493692593e-10,1.87778034653192e-09
"ENSG00000251455.1","AC092611.1"," lncRNA","chr4",3.52320068898275,1.78840643764967,0.940141424125002,0.00210019420172911,0.00684475582907668
"ENSG00000170128.5","GPR25"," protein_coding","chr1",2.3484213322368,1.78776256982117,1.53546641988591,0.00372186085885446,0.0113074637425191
"ENSG00000153044.10","CENPH"," protein_coding","chr5",131.489146578751,1.78713116588501,0.299284291418209,9.58376634475126e-11,1.39984416880345e-09
"ENSG00000186340.16","THBS2"," protein_coding","chr6",1267.36285979897,1.78508978052698,0.60490913254844,9.4120840845844e-05,0.000437515666395605
"ENSG00000242125.3","SNHG3"," lncRNA","chr1",388.58941121997,1.78466552431861,0.476653507723106,6.15606103426468e-06,3.72698514546422e-05
"ENSG00000225377.6","NRSN2-AS1"," lncRNA","chr20",105.999928869875,1.784404365654,0.36957777119915,5.40099959155332e-08,4.92320176158965e-07
"ENSG00000105948.13","TTC26"," protein_coding","chr7",172.451681004295,1.78392323169375,0.290060461281936,3.08895869765339e-11,4.93708691790968e-10
"ENSG00000131944.10","FAAP24"," protein_coding","chr19",98.6638323791509,1.7833529495263,0.291975443961182,4.33409647498857e-11,6.7209601317885e-10
"ENSG00000151388.11","ADAMTS12"," protein_coding","chr5",314.853856350318,1.78266615158121,0.443216186294443,2.01699537513258e-06,1.34908823887279e-05
"ENSG00000106605.11","BLVRA"," protein_coding","chr7",683.013304630423,1.7823638353618,0.301634360499088,1.48256624213269e-10,2.10308529157295e-09
"ENSG00000174099.12","MSRB3"," protein_coding","chr12",766.512866752588,1.7814538446028,0.478279907262187,6.79503928604664e-06,4.08167115496595e-05
"ENSG00000065600.13","PACC1"," protein_coding","chr1",177.751683881969,1.78055197497558,0.312987386622257,5.16685682063684e-10,6.70725619052764e-09
"ENSG00000243004.6","AC005062.1"," lncRNA","chr7",5.77539154522569,1.78042092597302,0.956968346290729,0.00163550911748919,0.00550625178301502
"ENSG00000117525.14","F3"," protein_coding","chr1",813.333603521516,1.78010298303815,0.734985853124032,0.000372396583182982,0.00148626090818396
"ENSG00000170425.3","ADORA2B"," protein_coding","chr17",102.117104510208,1.77874077478368,0.544662938034481,3.33890282411934e-05,0.000172742916773212
"ENSG00000011422.12","PLAUR"," protein_coding","chr19",977.026188403138,1.77807108611232,0.745626417393576,0.000409831431392418,0.00161851787466632
"ENSG00000150967.18","ABCB9"," protein_coding","chr12",162.410856489952,1.77650340373252,0.469235342477269,5.25468659883356e-06,3.22478336632393e-05
"ENSG00000164675.11","IQUB"," protein_coding","chr7",15.437660574168,1.77626908380097,0.675913525562763,0.000252004526171914,0.00105010286055837
"ENSG00000214353.8","VAC14-AS1"," lncRNA","chr16",31.8565275916965,1.77470791143878,0.840421407415638,0.000749513316344878,0.00276671145589265
"ENSG00000183682.8","BMP8A"," protein_coding","chr1",105.504106673605,1.7743390984488,0.34814643653842,1.34832665475748e-08,1.37611407251998e-07
"ENSG00000130635.16","COL5A1"," protein_coding","chr9",4564.73191428932,1.77345575821756,0.428408655972378,1.38375286127031e-06,9.57142215091144e-06
"ENSG00000162645.13","GBP2"," protein_coding","chr1",2839.52435518311,1.772843954371,0.346963585743066,1.2841571141583e-08,1.31602851447273e-07
"ENSG00000254815.6","LMNTD2-AS1"," lncRNA","chr11",50.2065455739844,1.77202176307694,0.43133385459498,1.45767148670614e-06,1.00209332066301e-05
"ENSG00000144935.15","TRPC1"," protein_coding","chr3",130.424840381201,1.77186998367536,0.322966167900992,1.56650925228688e-09,1.87115103931024e-08
"ENSG00000273654.1","AC020904.2"," transcribed_processed_pseudogene","chr19",17.0066992536138,1.77175027427497,0.687743672586347,0.000280938523569134,0.00115711603981758
"ENSG00000160766.14","GBAP1"," transcribed_unprocessed_pseudogene","chr1",74.7249478169712,1.77115078693597,0.437261669502187,1.82029973043065e-06,1.23164747939994e-05
"ENSG00000142279.13","WTIP"," protein_coding","chr19",333.197379845652,1.77074712806478,0.507636868276723,1.58732081654726e-05,8.8074112417476e-05
"ENSG00000169896.18","ITGAM"," protein_coding","chr16",588.997344327932,1.77054156302526,0.441551549721197,2.20819207202926e-06,1.46621339742821e-05
"ENSG00000267049.1","AC002398.1"," lncRNA","chr19",6.84111274156058,1.770071627027,0.630603443044522,0.000209771041942613,0.000894040257513745
"ENSG00000084636.18","COL16A1"," protein_coding","chr1",1157.37090400402,1.76877687785862,0.402156077813008,4.20695915674488e-07,3.23098450877018e-06
"ENSG00000163872.16","YEATS2"," protein_coding","chr3",811.857540956031,1.76671736580938,0.197634909064862,1.66709165514191e-20,1.10016734137634e-18
"ENSG00000160957.14","RECQL4"," protein_coding","chr8",343.053782013632,1.7667103121668,0.361331580605844,4.07577922227551e-08,3.80802063211257e-07
"ENSG00000152661.9","GJA1"," protein_coding","chr6",1106.30885359691,1.76612632668268,0.663125468897157,0.000206049358483696,0.000879720980329467
"ENSG00000276710.4","CSPG4P10"," transcribed_unprocessed_pseudogene","chr15",42.862385353284,1.76512803462744,0.493946423510062,1.20244472523045e-05,6.84773724916967e-05
"ENSG00000100271.17","TTLL1"," protein_coding","chr22",145.021410043452,1.76495465199882,0.251924610930983,1.08153933009155e-13,2.59436025653292e-12
"ENSG00000122691.13","TWIST1"," protein_coding","chr7",49.2020166318194,1.76398858913286,0.85131786825199,0.000772954185577368,0.00284280678843856
"ENSG00000163545.11","NUAK2"," protein_coding","chr1",1077.30382466827,1.76375197233649,0.784866069920747,0.000580374033676187,0.00220079518995341
"ENSG00000186417.14","GLDN"," protein_coding","chr15",54.7533127166961,1.7634468187649,0.654542776894019,0.000192714509649331,0.000829343395096094
"ENSG00000135723.14","FHOD1"," protein_coding","chr16",662.706865910489,1.7624467469879,0.331924110774061,4.27630201601964e-09,4.73199747743842e-08
"ENSG00000125872.8","LRRN4"," protein_coding","chr20",71.6375291344439,1.76206915850411,0.649326042862268,0.000180225545882971,0.000780781070527309
"ENSG00000136840.19","ST6GALNAC4"," protein_coding","chr9",426.084562304274,1.7620443158413,0.433909538024494,1.75033716288335e-06,1.18816813367802e-05
"ENSG00000186868.16","MAPT"," protein_coding","chr17",103.804274688632,1.76141982696502,0.597582366131589,9.14959805435056e-05,0.000426674061786333
"ENSG00000181350.12","LRRC75A"," protein_coding","chr17",44.1438636770564,1.76110711500949,0.391556716637432,2.7285899080667e-07,2.17638061330045e-06
"ENSG00000159871.15","LYPD5"," protein_coding","chr19",30.6283286377871,1.76013778758216,0.458654021213879,4.16870662961805e-06,2.61498932643718e-05
"ENSG00000165929.13","TC2N"," protein_coding","chr14",833.91144832356,1.7592791451042,0.307410916604948,4.47132129996532e-10,5.87495364858956e-09
"ENSG00000244274.8","DBNDD2"," protein_coding","chr20",18.6898271500984,1.75913907749987,0.416621512020912,1.00738254050007e-06,7.16516491681216e-06
"ENSG00000198435.4","NRARP"," protein_coding","chr9",341.119607471967,1.75860890207595,0.454179245471646,3.67744476688635e-06,2.32936778296e-05
"ENSG00000261150.3","EPPK1"," protein_coding","chr8",290.310756178799,1.75817899735891,0.629867138452936,0.00014654227879007,0.00064932276014394
"ENSG00000286974.1","AL662884.5"," lncRNA","chr6",6.73151144410166,1.75714776534323,0.728381713827472,0.000529117360402717,0.00203103359462914
"ENSG00000134247.10","PTGFRN"," protein_coding","chr1",2402.85727117565,1.7562305183183,0.335570283385059,7.10034907429683e-09,7.6003699870886e-08
"ENSG00000115461.5","IGFBP5"," protein_coding","chr2",4415.66496619988,1.75599032908769,0.394481433218509,0.0182485009951928,0.0438099197966072
"ENSG00000235330.2","RPL12P25"," transcribed_processed_pseudogene","chr9",2.5655454472431,1.75598227511835,1.00057135766253,0.00237232678560406,0.00761509849337349
"ENSG00000145687.16","SSBP2"," protein_coding","chr5",413.407548613561,1.75584528392456,0.262788066335937,1.11650015189064e-12,2.26949079655038e-11
"ENSG00000144550.13","CPNE9"," protein_coding","chr3",4.0787707380633,1.7548863395637,0.919566473900284,0.00180031557692632,0.00598034450100943
"ENSG00000213199.8","ASIC3"," protein_coding","chr7",49.294042677371,1.75444612655017,0.276596469260995,0.010270272625726,0.0269158654285536
"ENSG00000197965.12","MPZL1"," protein_coding","chr1",3553.08932710286,1.75390889369081,0.212535375415707,7.57621904307391e-18,3.44222325961718e-16
"ENSG00000175115.13","PACS1"," protein_coding","chr11",2815.83906077836,1.75372291053368,0.301616989796683,2.91524912935879e-10,3.95327298253215e-09
"ENSG00000200087.1","SNORA73B"," snoRNA","chr1",6.0026248623214,1.75204119742801,0.968338684925334,0.00164089642148211,0.00552311420704034
"ENSG00000188916.9","INSYN2A"," protein_coding","chr10",7.65854689750524,1.75163700810364,0.847404774911898,0.00100697499326229,0.00359427968410031
"ENSG00000165899.11","OTOGL"," protein_coding","chr12",8.81865865971872,1.7514665107831,1.33309373966239,0.00281205530881775,0.00884651006286723
"ENSG00000214193.11","SH3D21"," protein_coding","chr1",194.582899052327,1.75030159746185,0.413477495177783,8.26873588838991e-07,6.00425086204743e-06
"ENSG00000168005.9","SPINDOC"," protein_coding","chr11",445.332274021759,1.74903431967738,0.407543960812887,6.39772412965863e-07,4.75452777421688e-06
"ENSG00000253159.3","PCDHGA12"," protein_coding","chr5",156.592895474926,1.74720678374982,0.902129419838755,0.00100563414910041,0.00359037239842226
"ENSG00000181191.12","PJA1"," protein_coding","chrX",589.823567310302,1.74640349880479,0.185136340635333,2.49148586362512e-06,1.63459629230951e-05
"ENSG00000260941.1","LINC00622"," lncRNA","chr1",14.0170838495034,1.7463876545051,0.634210517793537,0.000183547312051398,0.000793639422654497
"ENSG00000242419.5","PCDHGC4"," protein_coding","chr5",5.33169858646664,1.74325200425422,0.85169304931362,0.0012778211551121,0.00442964986780615
"ENSG00000185386.15","MAPK11"," protein_coding","chr22",443.395906343812,1.74318638022076,0.33833531130311,1.07633067254839e-08,1.11727720240441e-07
"ENSG00000203392.3","AC105020.1"," lncRNA","chr15",30.2055860190281,1.74281588954017,0.567151086438974,6.55467168963852e-05,0.000315656626242473
"ENSG00000160469.17","BRSK1"," protein_coding","chr19",73.769658939862,1.74231693535702,0.32236438912171,2.68350905794041e-09,3.06601158288538e-08
"ENSG00000139645.10","ANKRD52"," protein_coding","chr12",1255.53193071652,1.74147418341446,0.20658191921208,1.59925876111376e-18,8.07072297628499e-17
"ENSG00000203760.9","CENPW"," protein_coding","chr6",109.903491219817,1.74050209520739,0.522817709048866,2.71473160429803e-05,0.000143207416489314
"ENSG00000273055.1","AC005046.1"," lncRNA","chr7",16.58862383935,1.7404390423123,0.715595247689888,0.000396270710065442,0.00157070530532666
"ENSG00000110328.6","GALNT18"," protein_coding","chr11",1306.54151811919,1.73961529145734,0.364977846642603,7.30426720329451e-08,6.48184271533002e-07
"ENSG00000177096.9","PHETA2"," protein_coding","chr22",300.583190822453,1.73810085871734,0.509001271479439,2.03304626586595e-05,0.000110001718658958
"ENSG00000151067.22","CACNA1C"," protein_coding","chr12",268.646676190887,1.73633639262247,0.715637284764844,0.00037565249767698,0.00149855138193926
"ENSG00000167037.19","SGSM1"," protein_coding","chr22",73.8614704613995,1.73596705194549,0.520255078931328,2.70121483382285e-05,0.000142583668997066
"ENSG00000205838.14","TTC23L"," protein_coding","chr5",19.1576093860051,1.73505277714219,0.674812585331782,0.000277760962713869,0.00114516035638174
"ENSG00000174483.20","BBS1"," protein_coding","chr11",13.6152924911064,1.73400405522211,0.404718691273143,9.63598856977771e-07,6.8907121988685e-06
"ENSG00000254461.1","AP001107.4"," lncRNA","chr11",8.25366006680717,1.73375762148311,0.573564511365777,0.000108250887921611,0.000496942107300198
"ENSG00000135596.18","MICAL1"," protein_coding","chr6",987.178978451516,1.73305831881509,0.287979428085053,7.2066633015283e-11,1.07635003503471e-09
"ENSG00000279278.1","AC245060.6"," lncRNA","chr22",48.1597834747818,1.73188729024956,0.476380730920591,9.55820746561149e-06,5.57606707128843e-05
"ENSG00000130762.15","ARHGEF16"," protein_coding","chr1",739.870961758936,1.73178922021582,0.286709770131431,7.19620704841618e-11,1.07589012503973e-09
"ENSG00000187775.17","DNAH17"," protein_coding","chr17",54.0348485525036,1.73170213007915,0.391802914349904,3.74759884403805e-07,2.90341861040494e-06
"ENSG00000102780.17","DGKH"," protein_coding","chr13",404.572006753774,1.73164589214524,0.347059739060412,2.51570553737794e-08,2.44765226216735e-07
"ENSG00000204860.5","FAM201A"," lncRNA","chr9",123.174145898822,1.7304640912128,0.557467213956872,5.77953411076515e-05,0.000282336678072197
"ENSG00000267394.1","AC004596.1"," lncRNA","chr17",4.1137972702858,1.73019072136792,0.77869942408908,0.00112569121820874,0.00396561438936361
"ENSG00000274925.1","ZKSCAN2-DT"," lncRNA","chr16",57.9899299319932,1.72976083396358,0.343816508394085,1.90181182850837e-08,1.88494560739927e-07
"ENSG00000152953.13","STK32B"," protein_coding","chr4",42.7264769797004,1.72863822932395,0.651229322149628,0.000217023608645631,0.000920645962854046
"ENSG00000287454.1","AC008149.2"," lncRNA","chr12",2.35296643099416,1.72789325116999,0.941823544782489,0.00242243158935412,0.00775715303873865
"ENSG00000176903.5","PNMA1"," protein_coding","chr14",709.824863095966,1.72697455371026,0.286083834007836,7.36674515267465e-11,1.09744938385274e-09
"ENSG00000244459.2","AC147067.1"," lncRNA","chr4",35.2807344468707,1.72683204846119,0.55756470823239,5.82328829392704e-05,0.000284141010782131
"ENSG00000267281.2","ATF7-NPFF"," protein_coding","chr12",10.6186379599653,1.7262821791325,0.569161413825124,9.10008217731341e-05,0.000424704475248088
"ENSG00000276449.1","AC004076.2"," lncRNA","chr19",25.4408634331059,1.72626808536815,0.495320592090592,1.73221083742153e-05,9.54056984832865e-05
"ENSG00000228274.4","AL021707.2"," lncRNA","chr22",27.5298932865447,1.72556462723246,0.505704423455428,2.23821284334176e-05,0.000119953198559652
"ENSG00000270195.2","AC016773.1"," lncRNA","chr4",7.45322697484877,1.72548044956205,0.663981665037636,0.000323791240454255,0.00131212374170744
"ENSG00000260917.1","AL158212.3"," lncRNA","chr10",80.2149738225404,1.72512472142536,0.276220944259598,1.76308406725524e-11,2.95729724886533e-10
"ENSG00000277258.5","PCGF2"," protein_coding","chr17",372.816833296698,1.7247556689745,0.248193946808371,1.51650928969845e-13,3.53315171495321e-12
"ENSG00000070526.15","ST6GALNAC1"," protein_coding","chr17",17.2950983417661,1.72319972856214,0.44527658878949,0.0165451483530654,0.0404056791954592
"ENSG00000101079.21","NDRG3"," protein_coding","chr20",1277.26976977665,1.72097509722799,0.213355004453041,3.69645968444264e-17,1.50589430915513e-15
"ENSG00000136048.14","DRAM1"," protein_coding","chr12",826.042038143677,1.72094379734776,0.383454810802258,2.85772443545875e-07,2.2682167090584e-06
"ENSG00000185924.7","RTN4RL1"," protein_coding","chr17",469.772240113224,1.72000280892589,0.670037204989402,0.000263652000589866,0.00109317202632634
"ENSG00000214826.5","DDX12P"," unprocessed_pseudogene","chr12",66.9356209856704,1.71970242897186,0.348344669742297,3.21023217624758e-08,3.06411198785882e-07
"ENSG00000267150.1","AC006557.1"," lncRNA","chr18",2.11339501545584,1.71964785103982,1.33020219172495,0.00334083189139283,0.0102718167429153
"ENSG00000282936.2","AC004706.3"," protein_coding","chr17",16.8551461581561,1.71912913883469,0.493297579793866,1.87213803731651e-05,0.000102493232752412
"ENSG00000128581.17","IFT22"," protein_coding","chr7",598.574023617884,1.71845621104246,0.238398763777233,2.90326216412314e-14,7.62123745754996e-13
"ENSG00000153944.12","MSI2"," protein_coding","chr17",2034.47502886833,1.7183696137732,0.264755480321464,4.46635429684882e-12,8.19880984800398e-11
"ENSG00000278493.1","AC039056.2"," lncRNA","chr15",6.8871233897553,1.71748582747207,0.53712385280053,6.92676833085609e-05,0.000332150099363375
"ENSG00000267199.1","AP001029.2"," lncRNA","chr18",8.91662946584642,1.71632014957993,0.8653770603646,0.00116582421287223,0.00408872507698329
"ENSG00000248008.3","NRAV"," lncRNA","chr12",324.939481498065,1.71481028495174,0.340627859474426,1.86495352286915e-08,1.85219030672695e-07
"ENSG00000260261.2","AC124944.2"," transcribed_unprocessed_pseudogene","chr3",43.2198320218521,1.71361335313896,0.407279583771709,9.93651433538832e-07,7.08131411309411e-06
"ENSG00000257058.1","AP001363.2"," lncRNA","chr11",3.76734513649765,1.71349489636372,1.03286645429217,0.00260649901461997,0.00827751439928688
"ENSG00000126351.13","THRA"," protein_coding","chr17",859.77753609273,1.71344712361592,0.252700543816832,4.56752186642954e-05,0.000229114437354916
"ENSG00000115419.13","GLS"," protein_coding","chr2",1793.35225526429,1.71297487262398,0.18405957990231,6.38223966538516e-22,5.2440436281583e-20
"ENSG00000261089.1","CDC37P2"," processed_pseudogene","chr16",4.14111550349451,1.70925663841563,1.02741564818094,0.00254814320392547,0.00811427828769672
"ENSG00000277938.1","AL035252.3"," lncRNA","chr20",22.1075030637388,1.70861052491482,0.448341983803357,5.31877756408128e-06,3.25794671916604e-05
"ENSG00000278948.1","AL031587.5"," TEC","chr22",12.3266351052795,1.70828398786112,0.498467428971995,2.31470890407745e-05,0.000123794910199918
"ENSG00000250091.3","DNAH10OS"," lncRNA","chr12",119.740792440525,1.70569155676825,0.457648264066269,6.57199138504394e-06,3.95989742630498e-05
"ENSG00000197747.9","S100A10"," protein_coding","chr1",7172.57010096099,1.70562602256706,0.251474850820586,5.31274925085634e-13,1.13197650035229e-11
"ENSG00000155011.9","DKK2"," protein_coding","chr4",48.8875778301769,1.7039372696829,0.585995909598089,0.000105196604125566,0.000484120169615898
"ENSG00000185955.5","C7orf61"," protein_coding","chr7",6.06196435050386,1.70364830639704,0.857491260734117,0.00124327414543731,0.00432211405066354
"ENSG00000226942.2","IL9RP3"," unprocessed_pseudogene","chr16",4.15071714027505,1.70342793409991,0.858601242077573,0.0017159242019137,0.00574255440279592
"ENSG00000115561.16","CHMP3"," protein_coding","chr2",1543.37951812277,1.70260950645195,0.179095179580068,6.86568607597873e-23,6.67550657167412e-21
"ENSG00000185565.12","LSAMP"," protein_coding","chr3",99.5890199989942,1.70251828928811,0.682327283211882,0.000319605094705894,0.00129786454231884
"ENSG00000188859.7","FAM78B"," protein_coding","chr1",132.891701155858,1.70250391141729,0.433649610156405,3.0267573255334e-06,1.95153590690724e-05
"ENSG00000172167.8","MTBP"," protein_coding","chr8",88.5943840103951,1.7019205080317,0.341530434103156,2.49857758076771e-08,2.43261046239698e-07
"ENSG00000204616.11","TRIM31"," protein_coding","chr6",82.2340950344545,1.70179423338325,1.02269232431862,0.00154377413261849,0.00523061304150873
"ENSG00000152582.14","SPEF2"," protein_coding","chr5",332.169816737245,1.70037737418532,0.503248203587727,2.34029352686588e-05,0.000125025681108335
"ENSG00000288033.1","AC137894.4"," lncRNA","chr11",6.82716035119412,1.70024195257998,0.584424335191742,0.000165609717686502,0.000724238359100085
"ENSG00000104808.8","DHDH"," protein_coding","chr19",11.742679100848,1.70000397174998,0.597147580280138,0.000136096197972252,0.000607094356729256
"ENSG00000188878.19","FBF1"," protein_coding","chr17",126.136519275335,1.69932764349735,0.39782989110922,7.22976607988636e-07,5.3146433161342e-06
"ENSG00000140527.15","WDR93"," protein_coding","chr15",23.4273358053698,1.69844672628603,0.828751787652477,0.00086910977144723,0.00315783045881219
"ENSG00000116396.15","KCNC4"," protein_coding","chr1",404.220978735389,1.69606190410928,0.448120778109425,5.40148036481064e-06,3.30236388097174e-05
"ENSG00000109321.11","AREG"," protein_coding","chr4",228.696284045097,1.69516931804731,0.763835983665682,0.000592950276633834,0.00224299917249803
"ENSG00000246877.1","DNM1P35"," lncRNA","chr15",23.9969835674599,1.69495547073988,0.67139420849513,0.000306852411555783,0.00124973163818356
"ENSG00000226791.7","LINC02611"," lncRNA","chr2",15.1437738255081,1.69466321878684,0.418945746026886,2.22231659513467e-06,1.47492042692795e-05
"ENSG00000176749.9","CDK5R1"," protein_coding","chr17",114.903744227233,1.69422479843752,0.346196635204664,3.68065157245401e-08,3.47333955732485e-07
"ENSG00000104427.12","ZC2HC1A"," protein_coding","chr8",131.71757559081,1.69409448327633,0.383759155979487,3.83983656710433e-07,2.96621273373586e-06
"ENSG00000176208.9","ATAD5"," protein_coding","chr17",119.235062219877,1.69373865230739,0.31261408374824,2.44648816342158e-09,2.81727648001753e-08
"ENSG00000104213.13","PDGFRL"," protein_coding","chr8",50.189750035527,1.69356038919797,0.47768207352149,1.32574096674603e-05,7.48268929160506e-05
"ENSG00000181652.19","ATG9B"," protein_coding","chr7",51.6190971017249,1.69328691584542,0.633781099804601,0.000200997393462199,0.000861556645099026
"ENSG00000171603.18","CLSTN1"," protein_coding","chr1",3199.38017016878,1.69265860897854,0.260709921692608,4.05733709363209e-12,7.51418829740663e-11
"ENSG00000214145.7","LINC00887"," lncRNA","chr3",13.8465555472078,1.69188399037152,1.03746147640046,0.0017650207259828,0.00588073011149931
"ENSG00000163617.11","CCDC191"," protein_coding","chr3",192.989505729949,1.69156623489394,0.307696759861534,1.57436169537847e-09,1.87899166499569e-08
"ENSG00000285416.1","AC137630.5"," unitary_pseudogene","chr3",4.75553552495712,1.69144321881903,0.662459947882447,0.0005139781010363,0.00198126433581708
"ENSG00000162769.13","FLVCR1"," protein_coding","chr1",362.670212897672,1.69115152769957,0.416425770017117,1.73747805671787e-06,1.18026309819291e-05
"ENSG00000173890.17","GPR160"," protein_coding","chr3",178.8438726139,1.69068799139926,0.315192340159534,3.29674391471587e-09,3.72579322930443e-08
"ENSG00000233871.2","DLG5-AS1"," lncRNA","chr10",21.2777337997451,1.68998714156539,0.589684385991517,0.000124801709501148,0.000563345878124261
"ENSG00000214756.8","CSKMT"," protein_coding","chr11",53.2018297476496,1.68918771216841,0.276570667616521,0.00138981033568411,0.00476093689742454
"ENSG00000196684.12","HSH2D"," protein_coding","chr19",248.842104417686,1.68853167849353,0.409223812793087,1.36403195869631e-06,9.45294564105788e-06
"ENSG00000160207.9","HSF2BP"," protein_coding","chr21",11.1478453343311,1.68828765634926,0.568459396541212,0.000102660370718241,0.00047343879106409
"ENSG00000277978.1","AC010542.5"," lncRNA","chr16",13.060229111479,1.68789266048428,0.595099779973534,0.00014586614897755,0.000646797614352943
"ENSG00000157240.4","FZD1"," protein_coding","chr7",1272.08945396913,1.68752085445526,0.413371498484503,1.68710837938165e-06,1.14818628833839e-05
"ENSG00000137869.15","CYP19A1"," protein_coding","chr15",8.03149223670996,1.68739716138331,2.5340976723992,0.00378760543662844,0.0114904485679683
"ENSG00000277283.1","AC004812.2"," lncRNA","chr12",48.2777153736687,1.68504888442777,0.354389044503136,7.74536636064495e-08,6.8503514667572e-07
"ENSG00000129437.11","KLK14"," protein_coding","chr19",6.7708619051299,1.68437801231837,0.849099834838288,0.00126201637300852,0.00438078728838338
"ENSG00000206762.1","RNU6-418P"," snRNA","chr1",4.91674861058159,1.68419524167832,1.60032741764234,0.00402241031847595,0.0120857204843573
"ENSG00000275180.1","AC048341.2"," lncRNA","chr12",31.9764850500884,1.68227882885185,0.396258163130832,8.4005974022175e-07,6.08690879208069e-06
"ENSG00000187013.4","LINC02875"," lncRNA","chr17",16.7748163952783,1.6820850555028,0.488058416341397,2.05884819209604e-05,0.000111232715160677
"ENSG00000102452.18","NALCN"," protein_coding","chr13",217.362235218951,1.68138917909458,0.565399301783653,8.5568336484014e-05,0.000401664436257194
"ENSG00000160781.17","PAQR6"," protein_coding","chr1",228.843745158594,1.68091956266931,0.541502555316846,5.73068127634785e-05,0.000280372764424338
"ENSG00000288559.1","AC016394.2"," lncRNA","chr10",31.722401798106,1.68076929205294,0.469080988888141,1.20859323179702e-05,6.87738118967756e-05
"ENSG00000184384.14","MAML2"," protein_coding","chr11",523.361609628686,1.68027000294137,0.341152155052404,3.29164822560428e-08,3.13771526446572e-07
"ENSG00000213385.3","AC105052.2"," processed_pseudogene","chr7",15.6269413192321,1.68001366912149,0.840233138642706,0.000978741018048515,0.00350508247458037
"ENSG00000251143.1","AP002490.1"," lncRNA","chr11",11.4859768128052,1.67904383067952,0.537463723647139,6.84947756853174e-05,0.000328714069095924
"ENSG00000198792.13","TMEM184B"," protein_coding","chr22",1992.58975627737,1.67838854724755,0.232048450650409,2.39082746036293e-14,6.35716009036702e-13
"ENSG00000147650.11","LRP12"," protein_coding","chr8",217.400859622443,1.67823965240505,0.559338932928963,7.92328679929363e-05,0.000374942168475983
"ENSG00000104826.15","LHB"," protein_coding","chr19",3.84116912405004,1.677618127987,1.20731305902141,0.00355044285179512,0.0108540824822094
"ENSG00000138448.12","ITGAV"," protein_coding","chr2",4186.67037743363,1.6766389499317,0.260540016972412,6.68773638691406e-12,1.19677658079691e-10
"ENSG00000152056.17","AP1S3"," protein_coding","chr2",205.249821757997,1.67655476961009,0.344021190696798,4.41451204077731e-08,4.09173504027434e-07
"ENSG00000229689.3","AC009237.3"," transcribed_unprocessed_pseudogene","chr2",57.7529417133456,1.67596458709218,0.374603077633816,3.08401680268468e-07,2.42538921859017e-06
"ENSG00000138738.11","PRDM5"," protein_coding","chr4",63.8645972685854,1.67583955192961,0.575289431535327,0.000103599043655481,0.000477541166938486
"ENSG00000140367.12","UBE2Q2"," protein_coding","chr15",965.237386466786,1.674687617707,0.251067495785815,1.25529621467198e-12,2.52174485439166e-11
"ENSG00000111319.13","SCNN1A"," protein_coding","chr12",988.49826144513,1.67275635333887,0.780403617452772,0.00071076856969714,0.0026349923272454
"ENSG00000169604.20","ANTXR1"," protein_coding","chr2",1811.9762860472,1.67241363925291,0.439905464338546,5.007131582999e-06,3.08976139506025e-05
"ENSG00000259705.1","AC084757.3"," lncRNA","chr15",2.18274112377499,1.67220522968208,1.44328821398954,0.00355067554750737,0.0108540824822094
"ENSG00000090020.11","SLC9A1"," protein_coding","chr1",905.80301899112,1.67198281256428,0.377488669494793,3.87750768546747e-07,2.99293521242129e-06
"ENSG00000170113.16","NIPA1"," protein_coding","chr15",1394.51723968268,1.67193394815152,0.333484558485815,2.11158661676847e-08,2.07943517976095e-07
"ENSG00000254726.3","MEX3A"," protein_coding","chr1",202.632899031524,1.66963867590983,0.584930575250788,0.00012160276433665,0.000550268543738093
"ENSG00000142675.18","CNKSR1"," protein_coding","chr1",401.374435674961,1.66882544497469,0.59391220838667,0.000142004778898045,0.000631327144593366
"ENSG00000080823.23","MOK"," protein_coding","chr14",366.868965113743,1.66787999752377,0.48219751251157,1.78294019219935e-05,9.79223921413347e-05
"ENSG00000085644.14","ZNF213"," protein_coding","chr16",426.993587498508,1.66679594265956,0.217901433032552,8.79571194796118e-16,2.83494057248707e-14
"ENSG00000226445.2","BX322234.1"," lncRNA","chr6",21.017351644259,1.66678157846615,0.463023049688799,1.16854934113471e-05,6.67164136456415e-05
"ENSG00000257242.8","LINC01619"," lncRNA","chr12",30.4248126435991,1.66616697249232,0.395652951016817,9.93514123553993e-07,7.08131411309411e-06
"ENSG00000250899.3","AC125807.2"," lncRNA","chr12",63.3070339791638,1.66511722167857,0.442905022854153,5.78702017244994e-06,3.51450325651036e-05
"ENSG00000132334.17","PTPRE"," protein_coding","chr10",693.239446041472,1.66435222358114,0.437590754622453,5.31340293181522e-06,3.256022061305e-05
"ENSG00000168461.13","RAB31"," protein_coding","chr18",1184.08532764555,1.66412508994322,0.440956238774612,5.85344394359975e-06,3.55262393655558e-05
"ENSG00000150403.18","TMCO3"," protein_coding","chr13",1696.85432094139,1.66408215392088,0.331835867671619,2.33172041100282e-08,2.28005205057128e-07
"ENSG00000271259.1","AC010201.1"," lncRNA","chr12",8.08767152516276,1.66330851429408,0.731928559656347,0.000648048958057132,0.00242625337666134
"ENSG00000226180.3","AC010536.1"," lncRNA","chr16",11.6942377768685,1.66321883494513,0.576367538219948,0.000134829269590206,0.000601995249453041
"ENSG00000174500.13","GCSAM"," protein_coding","chr3",64.0803738453903,1.66263731668898,0.490066201030256,2.23363032687924e-05,0.000119750803417714
"ENSG00000160298.18","C21orf58"," protein_coding","chr21",127.981586937301,1.66237334232061,0.432540407117379,4.27106906302015e-06,2.67402475851545e-05
"ENSG00000079691.18","CARMIL1"," protein_coding","chr6",738.504335922334,1.66174503612214,0.297785718073912,1.02313973198573e-09,1.25711722166351e-08
"ENSG00000273373.1","AL355488.1"," lncRNA","chr1",157.861401178723,1.66120337369819,0.455739961279887,8.86475965870065e-06,5.20693061789447e-05
"ENSG00000177469.13","CAVIN1"," protein_coding","chr17",6758.81105204696,1.6608268482117,0.33483291966803,2.83501774072962e-08,2.73190064351973e-07
"ENSG00000196642.19","RABL6"," protein_coding","chr9",1967.89130011972,1.66063920690385,0.361727554160911,1.84934583540937e-07,1.53031400490939e-06
"ENSG00000236809.2","SNX25P1"," unprocessed_pseudogene","chr1",10.6591534965655,1.65940223754878,0.625465954450564,0.000273863038516941,0.00113036804450271
"ENSG00000145014.18","TMEM44"," protein_coding","chr3",463.74874693176,1.65632710879553,0.408346322870282,1.77946521921517e-06,1.20625658794532e-05
"ENSG00000273305.1","AC009237.15"," lncRNA","chr2",18.5891024546337,1.65563905537266,0.511672301184753,4.24529944687919e-05,0.000214092564948166
"ENSG00000103710.11","RASL12"," protein_coding","chr15",176.461086796711,1.65531319984591,0.581403388827962,0.000125975593962993,0.000567697952449955
"ENSG00000138439.12","FAM117B"," protein_coding","chr2",661.0066029594,1.65488064370817,0.350304915936427,9.07026822004235e-08,7.9402957296043e-07
"ENSG00000173926.6","MARCHF3"," protein_coding","chr5",134.816405925669,1.65436169017987,0.401355286518667,1.37264954408667e-06,9.50137981762318e-06
"ENSG00000160401.15","CFAP157"," protein_coding","chr9",30.978858803781,1.65436082422707,0.368085647994091,2.93191237897956e-07,2.32078567659307e-06
"ENSG00000171649.12","ZIK1"," protein_coding","chr19",96.3560354974623,1.65320331600001,0.561878534235651,9.39221468835507e-05,0.000436661635710279
"ENSG00000273447.1","AC004067.1"," lncRNA","chr4",10.4065713720825,1.65317552149582,0.514660569995533,4.90510825986474e-05,0.000244133099393213
"ENSG00000125898.13","FAM110A"," protein_coding","chr20",291.537659403958,1.65006572346271,0.349233990194859,8.71824143350612e-08,7.65279519632681e-07
"ENSG00000119280.17","C1orf198"," protein_coding","chr1",2366.18387974741,1.64898704521792,0.267331652685422,3.11656495228662e-11,4.97575714796106e-10
"ENSG00000278727.1","AC000403.1"," lncRNA","chr13",9.41131918222814,1.64894678418844,0.571528118760212,0.000145027209223794,0.000643587200037858
"ENSG00000155755.19","TMEM237"," protein_coding","chr2",386.029108824036,1.64873739796397,0.250303641009057,1.8505815450095e-12,3.6227928245894e-11
"ENSG00000275601.1","AC011330.2"," lncRNA","chr15",5.32406432840993,1.64864891704519,0.667349791696262,0.000533242204201792,0.00204417687664109
"ENSG00000107833.10","NPM3"," protein_coding","chr10",710.724578077364,1.64708467777127,0.426022329626845,4.02709842042616e-06,2.53378847768358e-05
"ENSG00000103550.14","KNOP1"," protein_coding","chr16",347.365198333233,1.6467242277458,0.190499329629098,2.48130171369376e-19,1.40538038226667e-17
"ENSG00000197558.13","SSPOP"," transcribed_unitary_pseudogene","chr7",266.862547621447,1.64638073428121,0.741673076560845,0.000606717481763188,0.0022888440540029
"ENSG00000171310.11","CHST11"," protein_coding","chr12",668.150080759383,1.64622181028334,0.528425950286452,5.59925085882656e-05,0.000274587337426214
"ENSG00000224020.1","MIR181A2HG"," lncRNA","chr9",13.4597762271107,1.64573061543637,0.580016012367236,0.00014704759215044,0.000651363889967532
"ENSG00000205268.11","PDE7A"," protein_coding","chr8",677.930885390461,1.64545044291175,0.411116512309716,2.36724961154261e-06,1.56010627923828e-05
"ENSG00000167771.6","RCOR2"," protein_coding","chr11",36.209426430112,1.64480008916913,0.726522977676904,0.000554228457956252,0.00211572960216279
"ENSG00000078081.8","LAMP3"," protein_coding","chr3",104.896741748251,1.64470629948078,0.422807110915797,3.60959752841785e-06,2.28887718057435e-05
"ENSG00000139618.16","BRCA2"," protein_coding","chr13",126.13213573241,1.64216149073277,0.340081732106047,5.35855584343447e-08,4.89366673128178e-07
"ENSG00000246898.1","LINC00920"," lncRNA","chr16",62.2102625027603,1.64160342501654,0.480430007876997,2.06058593729378e-05,0.000111305983712819
"ENSG00000197479.7","PCDHB11"," protein_coding","chr5",76.9497757382478,1.64008911893534,0.746212593881938,0.000616244899504673,0.00231968608512735
"ENSG00000253307.1","AC011676.1"," lncRNA","chr8",1.9269445730907,1.63977812676753,1.17193462738911,0.00305299219412985,0.00950199843262629
"ENSG00000237950.3","AL357079.1"," lncRNA","chr1",29.8062110687685,1.63951304004558,0.548703557170234,8.63462991555142e-05,0.000404795114122018
"ENSG00000164684.13","ZNF704"," protein_coding","chr8",1769.92358660924,1.63890368056102,0.40011827706421,1.54590635363221e-06,1.06000334812172e-05
"ENSG00000227540.1","DNAJC9-AS1"," lncRNA","chr10",18.5097102237327,1.63877047532855,0.504918973991206,4.03704567882232e-05,0.000204296643659903
"ENSG00000233817.1","AL162727.1"," lncRNA","chr9",25.8498194330205,1.63777207564357,0.905557386393742,0.00134097266488003,0.00461913458454011
"ENSG00000135631.17","RAB11FIP5"," protein_coding","chr2",1425.23647042757,1.63754044043737,0.22700823339089,2.87953218574674e-14,7.57376684635227e-13
"ENSG00000105974.13","CAV1"," protein_coding","chr7",3069.00493310799,1.63749993891953,0.493257909497531,2.98708609931564e-05,0.000156119538489407
"ENSG00000171792.11","RHNO1"," protein_coding","chr12",480.74382744304,1.63736017887885,0.234875651626137,1.29401061077946e-13,3.05627493974301e-12
"ENSG00000124491.16","F13A1"," protein_coding","chr6",504.141880994689,1.63697495901659,0.83134331403983,0.000977076650754705,0.00350084127574794
"ENSG00000116141.17","MARK1"," protein_coding","chr1",86.4068149215879,1.63675291893524,0.560193812736125,0.000100854462934589,0.000466142264195692
"ENSG00000171502.15","COL24A1"," protein_coding","chr1",13.7983668159917,1.63511215584527,0.715960908853213,0.000582533031772685,0.00220817491926932
"ENSG00000162639.16","HENMT1"," protein_coding","chr1",224.173847481062,1.63495634059537,0.578738242849752,0.000132683108927845,0.00059359411109146
"ENSG00000145908.12","ZNF300"," protein_coding","chr5",100.184476677329,1.63455837958695,0.613358190441906,0.000205312924380295,0.000877218791745838
"ENSG00000159214.13","CCDC24"," protein_coding","chr1",473.081875053972,1.63421643479133,0.485148807747826,2.50764827249828e-05,0.000133185710962313
"ENSG00000177173.5","NAP1L4P1"," processed_pseudogene","chr1",15.8301276916222,1.63388152129196,0.762520018279297,0.000748836992037427,0.00276456476657888
"ENSG00000157985.19","AGAP1"," protein_coding","chr2",885.439029703386,1.633674173005,0.276530069150826,1.67076553090221e-10,2.34188177659234e-09
"ENSG00000165799.5","RNASE7"," protein_coding","chr14",71.9004800856392,1.63360353011257,0.858949622030023,0.00109311189196941,0.00386578331436177
"ENSG00000167614.14","TTYH1"," protein_coding","chr19",165.53374133999,1.63276529647554,0.655172198028293,0.000318328871122747,0.00129304203339081
"ENSG00000070404.10","FSTL3"," protein_coding","chr19",2532.92248343982,1.6319884025956,0.606389436584601,0.00019498461505002,0.000838000034830416
"ENSG00000170545.17","SMAGP"," protein_coding","chr12",541.664992843022,1.63139550848993,0.383998341260038,7.87474116498682e-07,5.75252504486603e-06
"ENSG00000135338.14","LCA5"," protein_coding","chr6",168.481118469397,1.63005740988678,0.521720056409019,5.53090711287519e-05,0.000271646791674451
"ENSG00000286207.1","AC012443.2"," lncRNA","chr2",19.7728028454064,1.63005126882079,0.626194312740236,0.000264123589288418,0.00109450503991389
"ENSG00000272097.2","AL024498.1"," lncRNA","chr6",5.68159672223941,1.62976057403259,0.568506357290252,0.000213992709141745,0.000909640532345609
"ENSG00000204764.14","RANBP17"," protein_coding","chr5",139.579639303594,1.62889742799016,0.488938123445856,2.70849303076469e-05,0.000142941981571151
"ENSG00000104321.11","TRPA1"," protein_coding","chr8",9.71824997268903,1.62652778180504,0.81003784807059,0.00103074630430256,0.0036668956061518
"ENSG00000156509.14","FBXO43"," protein_coding","chr8",18.0318702264414,1.62552158202027,0.640526786851809,0.000313499692378818,0.00127537971087835
"ENSG00000166428.14","PLD4"," protein_coding","chr14",171.443242603008,1.62537862917208,0.520638519937429,5.53566001966476e-05,0.000271788700746678
"ENSG00000114446.5","IFT57"," protein_coding","chr3",825.978202058155,1.62531392524155,0.264351486859264,3.7967357681969e-11,5.96697120811075e-10
"ENSG00000072682.19","P4HA2"," protein_coding","chr5",1335.66171768139,1.62521595668806,0.337358179137834,5.6897049022813e-08,5.15893696905947e-07
"ENSG00000108557.19","RAI1"," protein_coding","chr17",1060.29151575355,1.62497496067549,0.287218215262045,6.39289077845749e-10,8.17510877320589e-09
"ENSG00000186891.14","TNFRSF18"," protein_coding","chr1",53.4691603621735,1.62455905362619,0.580245689438321,0.000144390990584517,0.00064095888059044
"ENSG00000226332.2","AL354836.1"," lncRNA","chr20",69.4406321076949,1.62452092910261,0.53614563181656,7.37074166817393e-05,0.000350958478156979
"ENSG00000270210.1","AC104695.2"," lncRNA","chr2",17.6959207666843,1.62344364903879,0.723681178745546,0.000607970644612636,0.00229268205981978
"ENSG00000258674.5","AC011448.1"," protein_coding","chr19",9.52391479433208,1.62303949086625,0.62481098020084,0.000307580842393084,0.00125234863089948
"ENSG00000168394.11","TAP1"," protein_coding","chr6",1855.04338716805,1.62190162070977,0.359491505481186,2.68042934657697e-07,2.14409600145336e-06
"ENSG00000277144.1","AC092757.3"," lncRNA","chr15",4.40895635194812,1.62179994141588,0.728471224395222,0.00103245082895542,0.00367115069759233
"ENSG00000116871.15","MAP7D1"," protein_coding","chr1",2525.15477735082,1.6215287347939,0.314527806125601,1.14948994702947e-08,1.18772484112301e-07
"ENSG00000143079.15","CTTNBP2NL"," protein_coding","chr1",789.653112014997,1.62068595283014,0.277795036463746,2.62230859771581e-10,3.56930095598565e-09
"ENSG00000267692.1","TAF9P3"," processed_pseudogene","chr19",2.36299546409659,1.61977922671569,1.08367665965858,0.00380314349158563,0.0115303910722442
"ENSG00000221944.9","TIGD1"," protein_coding","chr2",151.873591430408,1.61861525097198,0.366612807731427,3.83602293382006e-07,2.9640517339496e-06
"ENSG00000203761.5","MSTO2P"," unprocessed_pseudogene","chr1",60.3213035945321,1.61838495235422,0.357734743287512,2.35085125364651e-07,1.9053064800671e-06
"ENSG00000104936.19","DMPK"," protein_coding","chr19",690.047115937915,1.61778102251586,0.331778305217531,4.17838698691769e-08,3.89142305304604e-07
"ENSG00000107731.12","UNC5B"," protein_coding","chr10",1147.90843066483,1.61668181635792,0.389961152055842,1.24008592166498e-06,8.65360436580046e-06
"ENSG00000118322.14","ATP10B"," protein_coding","chr5",61.4207852587309,1.61606317944359,1.2092667368625,0.0023066367788058,0.00742712089645506
"ENSG00000125508.3","SRMS"," protein_coding","chr20",25.6701027707085,1.61558920907691,0.703526465323703,0.000533632746984766,0.00204513645996566
"ENSG00000179051.14","RCC2"," protein_coding","chr1",2078.76042364223,1.61552324872024,0.178709933764562,7.79772261562981e-21,5.37711042494813e-19
"ENSG00000162909.18","CAPN2"," protein_coding","chr1",6514.88679466026,1.61525813234452,0.220728924687967,1.28449725143501e-14,3.58884102750075e-13
"ENSG00000173950.16","XXYLT1"," protein_coding","chr3",330.852825974768,1.61465398176581,0.272850834582321,1.45750223972679e-10,2.07081747835318e-09
"ENSG00000040275.17","SPDL1"," protein_coding","chr5",238.786591482773,1.61390492829557,0.280151459237461,3.47760346108552e-10,4.64886413182417e-09
"ENSG00000067369.14","TP53BP1"," protein_coding","chr15",725.017252430681,1.61332243872962,0.307342131086799,6.14737420714273e-09,6.64367388840853e-08
"ENSG00000087053.20","MTMR2"," protein_coding","chr11",755.541925566198,1.61182611066786,0.200807525930394,4.52791565940108e-17,1.80924345026123e-15
"ENSG00000234616.9","JRK"," protein_coding","chr8",348.54752619833,1.6115042595659,0.25339483462652,8.47308704059862e-12,1.48617844790873e-10
"ENSG00000250397.2","AP006623.1"," lncRNA","chr11",36.9391443935251,1.61129175996226,0.390670867094894,1.41923016004149e-06,9.78433574527305e-06
"ENSG00000226377.2","AC084809.1"," lncRNA","chr17",8.71772893664954,1.61125203654009,0.689814904554728,0.000595102362984582,0.00225055631089035
"ENSG00000091409.15","ITGA6"," protein_coding","chr2",2121.83195315827,1.61030662841311,0.290148594733737,1.19652500262538e-09,1.45422657506583e-08
"ENSG00000146426.18","TIAM2"," protein_coding","chr6",201.715172123697,1.60963543807802,0.411791895307901,3.26943501870844e-06,2.09411835882096e-05
"ENSG00000197948.11","FCHSD1"," protein_coding","chr5",342.120535443579,1.6093982625621,0.217032386872486,4.97575575518319e-15,1.47497784169653e-13
"ENSG00000221838.10","AP4M1"," protein_coding","chr7",411.504128013425,1.60848526620687,0.223286658939217,2.54703375828251e-14,6.741781097581e-13
"ENSG00000035862.12","TIMP2"," protein_coding","chr17",7978.21924294644,1.6047889351238,0.326090549744714,3.79782408048951e-08,3.57696902175649e-07
"ENSG00000227719.1","AC006042.1"," lncRNA","chr7",28.4726079349506,1.60374147355439,0.731678451419764,0.000664987842294604,0.00248425081607214
"ENSG00000197748.13","CFAP43"," protein_coding","chr10",58.9698489611413,1.60369921464677,0.496053275069236,3.83780021781226e-05,0.000195366133600988
"ENSG00000184867.14","ARMCX2"," protein_coding","chrX",424.876174639159,1.60320133839073,0.456708407352447,1.49356466069471e-05,8.33954586290274e-05
"ENSG00000213347.10","MXD3"," protein_coding","chr5",254.20642228746,1.60168549087304,0.407239932676585,2.99625736401262e-06,1.93400821090693e-05
"ENSG00000167523.14","SPATA33"," protein_coding","chr16",265.072890497881,1.60104076460223,0.297563368311802,3.07849547158002e-09,3.48995858571775e-08
"ENSG00000159164.10","SV2A"," protein_coding","chr1",166.486554310539,1.59987403922394,0.621322909656193,0.000264047437929223,0.001094500457149
"ENSG00000231365.6","WARS2-AS1"," lncRNA","chr1",233.539218191515,1.59831107713675,0.267804911587895,9.48341432172036e-11,1.38727037286992e-09
"ENSG00000181322.15","NME9"," protein_coding","chr3",16.2604116561237,1.59791126985434,0.534845471918234,9.70447694397733e-05,0.000449817079260885
"ENSG00000188185.13","LINC00265"," lncRNA","chr7",83.3346616830378,1.59570349788394,0.467877095458257,2.14548551257882e-05,0.000115400455313317
"ENSG00000169991.11","IFFO2"," protein_coding","chr1",1019.05357464348,1.59556436278491,0.602383634098085,0.00021603574762575,0.000916721955556516
"ENSG00000198576.4","ARC"," protein_coding","chr8",34.4384716739258,1.59484458966486,1.1400308877902,0.00219145441768246,0.00710803223722669
"ENSG00000141349.8","G6PC3"," protein_coding","chr17",1272.57510441671,1.59399359094229,0.291801077297059,2.01257255955261e-09,2.34631210989569e-08
"ENSG00000188738.15","FSIP2"," protein_coding","chr2",67.9954594650222,1.59279475842531,0.959596619877471,0.00162228823999401,0.00546868434905644
"ENSG00000136883.14","KIF12"," protein_coding","chr9",3429.64132117708,1.59275890124021,0.592079115237762,0.000214122977006441,0.000909929067060151
"ENSG00000267519.6","AC020916.1"," lncRNA","chr19",639.904790096257,1.5925740858835,0.438205937340657,9.892541538325e-06,5.75094697309757e-05
"ENSG00000106123.12","EPHB6"," protein_coding","chr7",745.095801501247,1.59247108255499,0.409344279135324,3.75019520341842e-06,2.37287296938204e-05
"ENSG00000151881.15","TMEM267"," protein_coding","chr5",510.345344055215,1.59214223753644,0.347233740438451,1.80221534091976e-07,1.4964081776057e-06
"ENSG00000133740.11","E2F5"," protein_coding","chr8",171.496197898129,1.59169186653052,0.28308534435036,7.68000409351425e-10,9.66845228328516e-09
"ENSG00000197006.14","METTL9"," protein_coding","chr16",1812.9694096832,1.59169003401243,0.249824825485607,8.13497084411154e-12,1.43117590200175e-10
"ENSG00000242779.7","ZNF702P"," transcribed_processed_pseudogene","chr19",70.1535175034705,1.58866217142961,0.850432641501513,0.0011627407640307,0.00408085493274113
"ENSG00000196247.11","ZNF107"," protein_coding","chr7",209.061373119804,1.58834149512144,0.26509775741805,8.96756946346300e-11,1.31908741139562e-09
"ENSG00000184162.15","NR2C2AP"," protein_coding","chr19",438.661662840919,1.58816463978153,0.254860859122618,2.10268295631819e-11,3.47496652424052e-10
"ENSG00000164687.11","FABP5"," protein_coding","chr8",94.6316072989741,1.58715547595201,0.662988819459433,0.000403292929211674,0.0015950713833458
"ENSG00000279199.1","AC068669.1"," TEC","chr17",5.985041968993,1.58641147368878,0.891458073604382,0.00170164610712866,0.00570389741425373
"ENSG00000174370.11","C11orf45"," protein_coding","chr11",45.035939752975,1.58478104311022,0.467754063493581,2.25634842834796e-05,0.00012087314473183
"ENSG00000143674.11","MAP3K21"," protein_coding","chr1",826.367863319582,1.58423672221848,0.409480696387889,3.83727046284e-06,2.42376228087007e-05
"ENSG00000272588.1","AC139887.4"," lncRNA","chr4",7.69676991746361,1.58380677002545,0.782988377803561,0.00113691002424956,0.0040007876097642
"ENSG00000055118.16","KCNH2"," protein_coding","chr7",42.5780225446212,1.58228383805477,0.761249073818612,0.000810479336629306,0.00296586021454525
"ENSG00000130300.9","PLVAP"," protein_coding","chr19",2205.80601599281,1.58179329564626,0.462334111813792,2.12424973565727e-05,0.000114448172403744
"ENSG00000091136.15","LAMB1"," protein_coding","chr7",5700.82601742807,1.58120333939121,0.333603999624632,1.07257822598372e-07,9.23709308347183e-07
"ENSG00000164695.5","CHMP4C"," protein_coding","chr8",558.184198371404,1.58094633668366,0.244878491627557,4.58924727663636e-12,8.39271183775586e-11
"ENSG00000139725.8","RHOF"," protein_coding","chr12",20.2079964487798,1.58032601485818,0.553650346756458,0.000133102653519014,0.000595014758696723
"ENSG00000105227.16","PRX"," protein_coding","chr19",257.408096929687,1.5795966811448,0.415997355330571,5.23340543742369e-06,3.21442836816618e-05
"ENSG00000165757.9","JCAD"," protein_coding","chr10",863.649212194864,1.57852362514816,0.605696640110822,0.0002526443823731,0.00105233776168665
"ENSG00000153898.13","MCOLN2"," protein_coding","chr1",63.3607888449281,1.57847044180447,0.481749945678183,3.2928110685817e-05,0.000170691320525075
"ENSG00000164659.15","ELAPOR2"," protein_coding","chr7",287.082973997217,1.57791641228082,0.603060084585347,0.000242785721510297,0.00101823389083161
"ENSG00000260793.2","AC003102.1"," lncRNA","chr17",53.5548501033887,1.57717633837778,0.401029402945449,2.98113644573875e-06,1.92552632829393e-05
"ENSG00000102057.10","KCND1"," protein_coding","chrX",122.463498484178,1.57690402196108,0.403634769656361,3.37821886843307e-06,2.15622026637471e-05
"ENSG00000285813.1","AP000813.1"," lncRNA","chr11",16.4628088510247,1.57682062871002,0.43208195730454,1.12711688623066e-05,6.45530580295743e-05
"ENSG00000149503.13","INCENP"," protein_coding","chr11",400.320219023323,1.57610609437278,0.406385920543498,3.70152102853655e-06,2.34360032301677e-05
"ENSG00000256235.2","SMIM3"," protein_coding","chr5",633.15371998513,1.57566894344965,0.63112915729698,0.000334037290257221,0.00134895939630526
"ENSG00000150594.7","ADRA2A"," protein_coding","chr10",248.010813700725,1.5707068717527,0.509645060025744,6.30336412278374e-05,0.000304761856617734
"ENSG00000103021.9","CCDC113"," protein_coding","chr16",197.773078548262,1.57058482075874,0.347542012834746,2.4810264325469e-07,2.00080342855849e-06
"ENSG00000213190.4","MLLT11"," protein_coding","chr1",106.123519373676,1.56964028355331,0.497136335649593,4.8972043732313e-05,0.000243807056430762
"ENSG00000273599.1","AL731571.1"," lncRNA","chr10",48.7401313672914,1.56779915564343,0.443485913448693,1.40559514147631e-05,7.89824786779471e-05
"ENSG00000245904.4","AC025164.1"," lncRNA","chr12",24.0339654909219,1.56732830642842,0.504981263268784,6.21157031167887e-05,0.000300822338405049
"ENSG00000263412.1","NFE2L1-DT"," lncRNA","chr17",15.685954790282,1.56713534859764,0.55752680109531,0.000156384514899074,0.000687502624731136
"ENSG00000165023.7","DIRAS2"," protein_coding","chr9",44.4901113744892,1.56645877212616,0.577673558181994,0.000188372891935664,0.000812938139498649
"ENSG00000126895.15","AVPR2"," protein_coding","chrX",12.8287596794499,1.56551180567725,1.26735798318588,0.00275951989672484,0.0087000038767366
"ENSG00000258667.2","HIF1A-AS3"," lncRNA","chr14",7.28564458742592,1.56488653120599,0.986191031821863,0.00223778354865638,0.00723577301083672
"ENSG00000127616.19","SMARCA4"," protein_coding","chr19",3716.10449735084,1.56443414637222,0.142557890633395,1.73123091152157e-29,4.19851201365811e-27
"ENSG00000123143.13","PKN1"," protein_coding","chr19",4990.58616598095,1.56442774667594,0.359336624853158,6.29601414806082e-07,4.68371427403178e-06
"ENSG00000253731.3","PCDHGA6"," protein_coding","chr5",110.535614029992,1.56424465012393,0.603971828407265,0.000251565983192717,0.00104917474460228
"ENSG00000140835.10","CHST4"," protein_coding","chr16",2309.7951221341,1.56405956620366,1.41243147406623,0.0027528891836641,0.00868003724984306
"ENSG00000138031.14","ADCY3"," protein_coding","chr2",368.598182445332,1.5639813362042,0.332700924367634,1.0006272549564e-07,8.68669535709021e-07
"ENSG00000280193.1","AC132219.2"," TEC","chr8",18.1192535412493,1.56292038050514,0.43389666248373,1.20552230437851e-05,6.86255930952498e-05
"ENSG00000138587.6","MNS1"," protein_coding","chr15",93.6611214663748,1.56267934064829,0.539619245596209,0.000108377020198538,0.000497442848492706
"ENSG00000102317.18","RBM3"," protein_coding","chrX",5348.22443380244,1.56130118453071,0.193512728142297,6.37829537803236e-17,2.47404917396045e-15
"ENSG00000280239.1","AC011498.7"," TEC","chr19",28.3171728667627,1.56059779203502,0.45482160916078,2.05759979810193e-05,0.000111185862376501
"ENSG00000123159.16","GIPC1"," protein_coding","chr19",3960.63706477521,1.55963713943912,0.303435783523933,1.22717470262152e-08,1.26173630245919e-07
"ENSG00000146197.9","SCUBE3"," protein_coding","chr6",43.1713238520418,1.5591066937882,0.719987042146233,0.000678835679727012,0.0025291809863274
"ENSG00000141569.12","TRIM65"," protein_coding","chr17",747.957839478659,1.55810841730281,0.267603059328089,2.49452800076228e-10,3.41609799315657e-09
"ENSG00000163918.11","RFC4"," protein_coding","chr3",465.241084468691,1.55626518488919,0.267884160333981,2.938985830968e-10,3.98175929881587e-09
"ENSG00000165730.16","STOX1"," protein_coding","chr10",39.1917210635974,1.55549675304811,0.66352660918489,0.000462390969823697,0.00180241643709574
"ENSG00000139625.13","MAP3K12"," protein_coding","chr12",309.249258383662,1.55451373385351,0.389867207224955,2.49210714852543e-06,1.63463623600941e-05
"ENSG00000100246.13","DNAL4"," protein_coding","chr22",640.028071197101,1.5538925504454,0.258760018828375,7.71891089594723e-11,1.14497470791855e-09
"ENSG00000026652.15","AGPAT4"," protein_coding","chr6",200.110347102888,1.5532260235041,0.48352084032596,4.21082945920963e-05,0.000212501184248591
"ENSG00000013810.20","TACC3"," protein_coding","chr4",965.953225009213,1.55245482304936,0.409619231770039,5.27055484854103e-06,3.23316118563813e-05
"ENSG00000196456.13","ZNF775"," protein_coding","chr7",104.755604442294,1.55176375636014,0.308975350443542,2.06001040396805e-08,2.03138754135713e-07
"ENSG00000124251.11","TP53TG5"," protein_coding","chr20",13.7809922695989,1.55107121609956,0.465409142517729,3.54691048468887e-05,0.000182340204314222
"ENSG00000236675.1","MTX1P1"," unprocessed_pseudogene","chr1",66.0929648558774,1.55026934402272,0.458376733298323,2.34471676430327e-05,0.000125239046507896
"ENSG00000172123.13","SLFN12"," protein_coding","chr17",121.56146653994,1.55005714797389,0.396652912443652,3.36796598387328e-06,2.15108823699583e-05
"ENSG00000115568.16","ZNF142"," protein_coding","chr2",654.193466426311,1.54984867388336,0.192511070746006,3.83059766804021e-17,1.55619364037695e-15
"ENSG00000105186.16","ANKRD27"," protein_coding","chr19",915.455562434801,1.54834320792306,0.278637093029031,1.21682551530417e-09,1.47682047365291e-08
"ENSG00000174640.15","SLCO2A1"," protein_coding","chr3",620.27175272841,1.54825164219717,0.639197474064841,0.000400324962801908,0.00158419194681439
"ENSG00000185250.16","PPIL6"," protein_coding","chr6",42.4391620202184,1.54708987438561,0.408719940360437,5.67710282821109e-06,3.45422220267186e-05
"ENSG00000086730.17","LAT2"," protein_coding","chr7",673.428020502881,1.54653505435509,0.44193808053226,1.63173749635482e-05,9.02638934784256e-05
"ENSG00000155366.17","RHOC"," protein_coding","chr1",5486.41018535249,1.54650010385873,0.383192141483665,1.99319567299419e-06,1.3343934951932e-05
"ENSG00000278867.1","AC090616.6"," TEC","chr17",14.9526543532696,1.54640386940801,0.44288347851087,1.97704910772212e-05,0.000107370220486216
"ENSG00000163463.13","KRTCAP2"," protein_coding","chr1",92.0849877582945,1.5463704166217,0.471292157122199,3.36792346602881e-05,0.000174028272064826
"ENSG00000142910.16","TINAGL1"," protein_coding","chr1",2543.76224583787,1.54519986657899,0.455236912792633,2.40800196549626e-05,0.000128431174495448
"ENSG00000182173.13","TSEN54"," protein_coding","chr17",1377.87163224958,1.54223794785563,0.387303299334376,2.63445098364718e-06,1.71949654826593e-05
"ENSG00000255052.5","FAM66D"," lncRNA","chr8",15.2064770821719,1.54170507972636,0.911110110102257,0.00164692478428336,0.0055408476393035
"ENSG00000231789.2","PIK3CD-AS2"," lncRNA","chr1",23.6909310888267,1.5409689149539,0.732338467819548,0.000783541716407357,0.00287920487854449
"ENSG00000123810.9","B9D2"," protein_coding","chr19",199.291802922977,1.54086218966317,0.513014520781908,8.07539250029559e-05,0.000381644724305123
"ENSG00000272088.1","AL512413.1"," lncRNA","chr1",5.7719618268718,1.54026538986324,0.997014437509283,0.00251887223334915,0.0080307120094613
"ENSG00000115295.20","CLIP4"," protein_coding","chr2",564.516742252684,1.54025532723319,0.347419751202219,3.63727248442173e-07,2.82394466590624e-06
"ENSG00000197063.11","MAFG"," protein_coding","chr17",640.545169393626,1.53993807172625,0.250465335605079,3.5669967123415e-11,5.636279908033e-10
"ENSG00000179862.7","CITED4"," protein_coding","chr1",3146.03381243917,1.53990958025869,0.606810588397549,0.000300544538128993,0.00122678192452905
"ENSG00000286786.1","AC116158.3"," lncRNA","chr15",6.38592353032568,1.53803728168351,0.603220534941053,0.000430112727698309,0.00169042640270585
"ENSG00000161692.18","DBF4B"," protein_coding","chr17",188.746865651815,1.53779245183449,0.276786769513778,1.17088462363958e-09,1.42603480530033e-08
"ENSG00000183018.9","SPNS2"," protein_coding","chr17",1316.12314453102,1.53768841818633,0.42090652350126,9.30398790558875e-06,5.44409274259014e-05
"ENSG00000204366.4","ZBTB12"," protein_coding","chr6",83.1889162811201,1.53738884601586,0.368997249606413,1.1232367208875e-06,7.9177602492913e-06
"ENSG00000205208.5","C4orf46"," protein_coding","chr4",148.623445367398,1.53666770586852,0.328254429066452,1.09450731821671e-07,9.40373607218361e-07
"ENSG00000114770.17","ABCC5"," protein_coding","chr3",887.309620312366,1.53653768670726,0.356978357100276,6.79998477381519e-07,5.02530417703104e-06
"ENSG00000176842.15","IRX5"," protein_coding","chr16",15.0262127909339,1.53619330047662,1.58185171404821,0.00299373259997146,0.00934448220530419
"ENSG00000155754.15","C2CD6"," protein_coding","chr2",20.7067238246133,1.53571703890851,0.892897374778641,0.00157510677863091,0.00532336720048367
"ENSG00000160229.13","ZNF66"," protein_coding","chr19",24.8768314311657,1.53550051751491,0.793633090915678,0.00109830609790337,0.00388165742835634
"ENSG00000141519.15","CCDC40"," protein_coding","chr17",186.50845043313,1.53528250568315,0.344426132310645,3.27480079986047e-07,2.56038732637137e-06
"ENSG00000225439.3","BOLA3-AS1"," lncRNA","chr2",42.9820185491269,1.53470211635343,0.497205608778471,6.10040426290367e-05,0.000296419559611221
"ENSG00000205084.11","TMEM231"," protein_coding","chr16",207.341633649803,1.53469453647717,0.28124285511341,1.90519903235544e-09,2.23452957679035e-08
"ENSG00000227855.3","DPY19L2P3"," transcribed_unprocessed_pseudogene","chr7",29.8406097461214,1.53430956331563,0.433523910617572,1.48822618093409e-05,8.31292023586108e-05
"ENSG00000198934.5","MAGEE1"," protein_coding","chrX",100.176061508864,1.53380641466583,0.346643727111282,3.64439764502915e-07,2.82872365374814e-06
"ENSG00000223768.2","LINC00205"," lncRNA","chr21",233.936811272399,1.53286022956105,0.293566346320999,7.13896755800996e-09,7.63330442447186e-08
"ENSG00000265800.1","AC022211.3"," lncRNA","chr17",4.06588715189499,1.53231249466264,0.700354812939997,0.00123537837460851,0.00429803814515214
"ENSG00000231064.7","THBS3-AS1"," lncRNA","chr1",15.4939234113284,1.53194253603266,0.571145473472653,0.000216912270726354,0.000920307494518839
"ENSG00000272509.1","AC087752.4"," lncRNA","chr8",7.06741014500989,1.53175067616764,0.705485255625788,0.000841691111522831,0.00306736852839344
"ENSG00000139910.20","NOVA1"," protein_coding","chr14",94.9907860867922,1.530842802173,0.617607290027243,0.000334582231692686,0.0013504122203188
"ENSG00000163584.18","RPL22L1"," protein_coding","chr3",1588.88000382823,1.53056900612618,0.488530146210955,5.34331122035291e-05,0.000263587087749829
"ENSG00000171812.13","COL8A2"," protein_coding","chr1",257.003468906655,1.53025561718311,0.672407647021419,0.000551084546319855,0.00210538115672611
"ENSG00000279412.1","AC020763.3"," TEC","chr16",2.78499097513222,1.52942409829055,1.07909310520754,0.00451814330477939,0.0133336424582264
"ENSG00000183814.15","LIN9"," protein_coding","chr1",137.82547293165,1.52913200928442,0.266299916400658,3.87189507635072e-10,5.12894221081173e-09
"ENSG00000231728.5","TMSB15B-AS1"," lncRNA","chrX",4.64706074087801,1.52911615418219,1.15745337494942,0.00337074415745461,0.0103550538524269
"ENSG00000127586.17","CHTF18"," protein_coding","chr16",418.733238651745,1.52770527868591,0.317080558123649,5.56722866809007e-08,5.05574386735739e-07
"ENSG00000279529.1","AC008764.8"," lncRNA","chr19",18.9226755924443,1.52743868369891,0.459832080893809,3.13805179302144e-05,0.000163278331699326
"ENSG00000169100.14","SLC25A6"," protein_coding","chrX",15241.6388248745,1.52697585763415,0.362935976336432,1.18109394263421e-06,8.2716276621122e-06
"ENSG00000102287.19","GABRE"," protein_coding","chrX",632.305758335646,1.52467579936118,0.56887250141984,0.000204339966422849,0.000873573571828826
"ENSG00000066322.15","ELOVL1"," protein_coding","chr1",2628.83500424795,1.52401446677346,0.248877661361104,5.17735703327739e-11,7.94833301598253e-10
"ENSG00000072840.13","EVC"," protein_coding","chr4",1129.16027128548,1.5230078409142,0.386707024502858,2.95218537922767e-06,1.90851718365895e-05
"ENSG00000103995.14","CEP152"," protein_coding","chr15",108.602177093305,1.52278784216491,0.342448039878475,3.2730130906189e-07,2.56021772164823e-06
"ENSG00000169989.3","TIGD4"," protein_coding","chr4",7.22381421363292,1.52151950440769,0.525693985853711,0.000174639439157336,0.000759292008949888
"ENSG00000159314.11","ARHGAP27"," protein_coding","chr17",886.904282427524,1.52109144556853,0.247678473687304,3.49370064993524e-11,5.53545650504948e-10
"ENSG00000236409.2","NRADDP"," transcribed_unitary_pseudogene","chr3",4.88669987073531,1.52064673501973,0.647294708128538,0.000771988171920693,0.00284032832829903
"ENSG00000234912.12","SNHG20"," lncRNA","chr17",186.900392499225,1.51979728014631,0.478639895543834,4.66821693682685e-05,0.000233683232933418
"ENSG00000100300.18","TSPO"," protein_coding","chr22",3379.98270788343,1.5195748357696,0.362773569860025,1.12816522513189e-06,7.9486597709836e-06
"ENSG00000265478.2","AC107982.3"," lncRNA","chr17",7.49977287397224,1.51898609907697,0.512070491134949,0.000128660185318997,0.000577900977143492
"ENSG00000184216.14","IRAK1"," protein_coding","chrX",4109.765718206,1.5189154286042,0.233504473674515,4.70618814204113e-12,8.57967511969985e-11
"ENSG00000279696.1","AP001273.1"," TEC","chr11",32.9172324769031,1.51879369693436,0.522663960504932,0.00011335839439003,0.000517457121433928
"ENSG00000077232.18","DNAJC10"," protein_coding","chr2",3338.57085880555,1.51853348852654,0.282031958395502,3.42746579594773e-09,3.86155850915409e-08
"ENSG00000137404.14","NRM"," protein_coding","chr6",482.164544883645,1.51734009545416,0.348166687380275,5.2902937154254e-07,3.98226006155467e-06
"ENSG00000105204.14","DYRK1B"," protein_coding","chr19",900.331522447015,1.51721949004036,0.340698393975909,3.40585804600044e-07,2.65487635873294e-06
"ENSG00000103647.13","CORO2B"," protein_coding","chr15",171.219847637161,1.51705747371394,0.611478475596188,0.00034106937842798,0.00137355414874579
"ENSG00000141040.15","ZNF287"," protein_coding","chr17",85.458152204844,1.51628458131035,0.541917227566608,0.000145898471757543,0.000646797614352943
"ENSG00000047578.13","KATNIP"," protein_coding","chr16",676.477663544774,1.51553670813159,0.128408474693273,1.85138200231373e-33,7.3976659760944e-31
"ENSG00000115840.14","SLC25A12"," protein_coding","chr2",292.13394825666,1.51507749816192,0.485512181289107,5.55347400279653e-05,0.000272617440571477
"ENSG00000154370.16","TRIM11"," protein_coding","chr1",683.004142102317,1.51477985598046,0.293090482826112,1.08798172335377e-08,1.12816704189499e-07
"ENSG00000286177.1","AC011462.5"," lncRNA","chr19",28.7000928170268,1.51439523013593,0.417940703077846,1.03331976166944e-05,5.97915178102281e-05
"ENSG00000186111.10","PIP5K1C"," protein_coding","chr19",1412.36286175383,1.51409178755371,0.137638146171886,1.74164336676825e-29,4.19851201365811e-27
"ENSG00000230438.7","SERPINB9P1"," lncRNA","chr6",109.730762819033,1.51386851750647,0.5355093107035,0.000134653996160243,0.000601304717391019
"ENSG00000279277.2","AC012020.1"," lncRNA","chr3",15.0265072923913,1.51363314159538,0.771401813541227,0.00110969747977375,0.00391709234405402
"ENSG00000143570.19","SLC39A1"," protein_coding","chr1",32.3910743823012,1.51347335546718,0.59982379432712,0.000306477118447406,0.00124837747074325
"ENSG00000072864.16","NDE1"," protein_coding","chr16",392.515424635162,1.51305595144303,0.299448903487556,1.69083313349574e-08,1.69019573923706e-07
"ENSG00000105443.15","CYTH2"," protein_coding","chr19",2099.42620581205,1.51290852716123,0.258569356181565,2.55115726075733e-10,3.48546632969699e-09
"ENSG00000259426.6","AC027237.3"," lncRNA","chr15",21.9646051842143,1.51195309333541,0.666771575242995,0.000584339366356952,0.00221415886948116
"ENSG00000213492.2","NT5C3AP1"," transcribed_processed_pseudogene","chr4",4.2505585517195,1.51112840650349,1.37076434281796,0.00422272411875645,0.012587903916199
"ENSG00000175130.7","MARCKSL1"," protein_coding","chr1",3543.56578037949,1.51033015255195,0.548467805289944,0.000172017252375884,0.000749562479018848
"ENSG00000171786.6","NHLH1"," protein_coding","chr1",6.64382404634163,1.51020258796003,0.69289871740876,0.000911967849697805,0.0032954893716347
"ENSG00000243224.1","AC006252.1"," lncRNA","chr3",5.23955073543917,1.51013753937749,0.623058685561628,0.000628503709146396,0.00236247740877464
"ENSG00000258384.1","RCCD1-AS1"," lncRNA","chr15",4.79208573582299,1.50946202880145,0.66323594661068,0.000927748698923068,0.00334546937803028
"ENSG00000105329.11","TGFB1"," protein_coding","chr19",2419.61940001417,1.50753039458496,0.539174779093547,0.000154437481035006,0.000679967831593976
"ENSG00000160190.14","SLC37A1"," protein_coding","chr21",590.227611565222,1.50656669662816,0.270982261802669,1.07607793586798e-09,1.31661565903243e-08
"ENSG00000162734.13","PEA15"," protein_coding","chr1",4299.40030761809,1.50637425828655,0.342424503301981,4.60210313167827e-07,3.50767562706882e-06
"ENSG00000138613.14","APH1B"," protein_coding","chr15",441.089181226226,1.50627987014208,0.247736122294577,5.34265820182838e-11,8.1677147321348e-10
"ENSG00000136059.14","VILL"," protein_coding","chr3",248.008257344553,1.5056948020364,0.632371785101996,0.000426205276885074,0.00167705135862144
"ENSG00000268403.2","AC132192.2"," lncRNA","chr11",25.3825599213771,1.50435771852611,0.539457904236953,0.000157482519245993,0.000691808374079271
"ENSG00000187860.10","CCDC157"," protein_coding","chr22",69.9520341650069,1.50293395615739,0.400663838869249,6.29082014441812e-06,3.8038335985185e-05
"ENSG00000120327.6","PCDHB14"," protein_coding","chr5",220.794276800281,1.50224759533461,0.459342105737762,3.48936610818999e-05,0.000179666937351798
"ENSG00000166546.14","BEAN1"," protein_coding","chr16",85.8182057466809,1.50116833987501,0.610241804240402,0.000354297710389965,0.00142152818629503
"ENSG00000033170.17","FUT8"," protein_coding","chr14",476.585516595279,1.50082742126937,0.529538798751015,0.00013765680236348,0.000613492936308686
"ENSG00000277692.1","AL121583.1"," lncRNA","chr20",10.3425372419812,1.49895062311984,0.680950401298677,0.000720164735200216,0.00266579760927095
"ENSG00000255320.1","AP000759.1"," lncRNA","chr11",36.9884558806552,1.49875102802342,0.48723419958108,6.50006647837663e-05,0.000313440963973827
"ENSG00000275532.1","AC006449.2"," lncRNA","chr17",5.6602914636128,1.4983575701826,0.716014894818471,0.00120436836903137,0.00420721209057196
"ENSG00000070814.22","TCOF1"," protein_coding","chr5",1550.72732594026,1.49723860349263,0.231790197534924,4.48319032498076e-12,8.22056749284171e-11
"ENSG00000214223.4","HNRNPA1P10"," processed_pseudogene","chr19",8.14563613896822,1.49660029900952,0.511131442485905,0.000139901378642254,0.000622830176070806
"ENSG00000259182.5","AC019254.1"," lncRNA","chr15",3.34733912854157,1.49546836658896,0.758703208452117,0.00206968548453108,0.00676118892353982
"ENSG00000158158.12","CNNM4"," protein_coding","chr2",763.061973893225,1.4951117138452,0.259877878434087,3.8159937257623e-10,5.05948731758003e-09
"ENSG00000212743.2","LINC02656"," lncRNA","chr10",18.4733740321783,1.49448642427234,0.801276787206146,0.00126266535245096,0.00438199710477597
"ENSG00000115325.13","DOK1"," protein_coding","chr2",322.20120641858,1.4933396302257,0.277112597548808,2.96396551855738e-09,3.3666631702025e-08
"ENSG00000115380.20","EFEMP1"," protein_coding","chr2",2236.7209704239,1.49312938765551,0.784559270413564,0.00115529879376793,0.00405864272135575
"ENSG00000123119.12","NECAB1"," protein_coding","chr8",44.3713576478565,1.49245408210331,0.597519240403859,0.000326168011205031,0.00132047116153221
"ENSG00000163577.8","EIF5A2"," protein_coding","chr3",264.753028196969,1.49207383263521,0.4551784906325,3.4694365233487e-05,0.000178735418490919
"ENSG00000054598.9","FOXC1"," protein_coding","chr6",257.118609963196,1.4920222978456,0.578207509957761,0.000261905914043755,0.00108747809348645
"ENSG00000278259.4","MYO19"," protein_coding","chr17",1095.66391011158,1.49167446837996,0.286997294697424,8.231053392318e-09,8.7337794252646e-08
"ENSG00000269934.3","AL353593.1"," lncRNA","chr1",16.3398079578205,1.49114390719171,0.662369152796185,0.000611149562573931,0.00230347869113826
"ENSG00000198039.11","ZNF273"," protein_coding","chr7",82.9023340204232,1.49114366518042,0.290740311109389,1.13093922562926e-08,1.17063045679133e-07
"ENSG00000164402.14","SEPTIN8"," protein_coding","chr5",1516.05728881056,1.49060764923785,0.189320582651622,1.61022367676508e-16,5.83461048789572e-15
"ENSG00000273356.1","LINC02019"," lncRNA","chr3",20.3760533556184,1.49052559663519,0.509690003461151,0.000106856334211538,0.000491081205706061
"ENSG00000123643.13","SLC36A1"," protein_coding","chr5",396.321695594288,1.48870353423897,0.271195014605498,1.84864985574056e-09,2.17695872596272e-08
"ENSG00000153317.15","ASAP1"," protein_coding","chr8",1359.71600992979,1.48857224449734,0.321594745893363,1.54927836396355e-07,1.29858909765669e-06
"ENSG00000285763.1","AL358777.3"," lncRNA","chr6",10.2157147002214,1.48786113208149,0.664558928782352,0.000707503999317833,0.00262492802799566
"ENSG00000236384.7","LINC00479"," lncRNA","chr21",12.1744255958357,1.48764500272796,0.71379007947773,0.000927222878118355,0.00334398666318426
"ENSG00000186827.11","TNFRSF4"," protein_coding","chr1",74.6952483877334,1.48594744158767,0.476231075157235,5.57711694885831e-05,0.000273639906276279
"ENSG00000174628.16","IQCK"," protein_coding","chr16",180.081033301029,1.48540542977766,0.231290041903534,5.8641471863864e-12,1.05457034081199e-10
"ENSG00000280186.1","AL359258.3"," TEC","chr1",2.98463878609762,1.48391438135364,0.901462462312177,0.0036140800073613,0.0110240385483269
"ENSG00000196296.14","ATP2A1"," protein_coding","chr16",61.4940825594564,1.48307300331664,0.524448196143973,0.000136232736497066,0.000607610503193106
"ENSG00000237440.9","ZNF737"," protein_coding","chr19",194.466074724902,1.48271101858613,0.520464250349854,0.000130120542871154,0.000583292779315918
"ENSG00000258512.1","LINC00239"," lncRNA","chr14",11.5869871590825,1.48215992620707,0.928507959736448,0.00201101177233176,0.00659092161653316
"ENSG00000185838.14","GNB1L"," protein_coding","chr22",196.494692916755,1.4808412683063,0.363246481306646,1.72114144808428e-06,1.16998310182173e-05
"ENSG00000133256.13","PDE6B"," protein_coding","chr4",94.5318943601727,1.48022285438218,0.841002457134973,0.00139998099442544,0.00479071394021534
"ENSG00000136379.12","ABHD17C"," protein_coding","chr15",404.403110200404,1.47960580234546,0.234485135320545,1.12856878652943e-11,1.95134694334778e-10
"ENSG00000228037.1","AL139246.3"," lncRNA","chr1",14.623102769494,1.47921182194053,1.03636830160254,0.00235652714657247,0.00756854661290159
"ENSG00000176387.7","HSD11B2"," protein_coding","chr16",519.957959386158,1.47914219348796,0.630310421216136,0.000459616980821946,0.00179436126372399
"ENSG00000164142.16","FAM160A1"," protein_coding","chr4",240.482699875035,1.47881688674899,0.374081575105919,2.71490845747663e-06,1.76450901952174e-05
"ENSG00000272677.1","AC124016.1"," lncRNA","chr4",9.88709697740251,1.47781106914771,0.708230446164477,0.000917168409932245,0.00331141049007472
"ENSG00000231881.2","AL109615.2"," lncRNA","chr6",7.35353956631996,1.47766158905097,0.832283869961653,0.00169632253777221,0.00568932184710561
"ENSG00000089289.16","IGBP1"," protein_coding","chrX",1654.7140943716,1.47737059340592,0.237285564245206,2.0248151277227e-11,3.36151579172131e-10
"ENSG00000273363.1","AL353801.3"," lncRNA","chr10",6.24006219677059,1.4769442405886,0.670940681772866,0.0008674611567,0.00315301862676415
"ENSG00000188486.3","H2AX"," protein_coding","chr11",724.302398617958,1.47676908533182,0.359367805605391,1.45716118982576e-06,1.00197865973663e-05
"ENSG00000050165.18","DKK3"," protein_coding","chr11",1563.19722000567,1.47624354306763,0.498345966230058,9.20042466672017e-05,0.000428907123387503
"ENSG00000115129.14","TP53I3"," protein_coding","chr2",693.882523261966,1.47574685614836,0.380650413694501,3.90106476108308e-06,2.46192466499421e-05
"ENSG00000175920.18","DOK7"," protein_coding","chr4",194.615196135774,1.47532375458553,0.57271514478991,0.000272768488026739,0.00112664741252506
"ENSG00000262152.7","LINC00514"," protein_coding","chr16",78.3294829363457,1.4751183585182,0.696123974836443,0.000758970588248975,0.0027973734001307
"ENSG00000151692.15","RNF144A"," protein_coding","chr2",311.555490435817,1.47415924238858,0.301863997815131,4.28303466892866e-08,3.97618835957925e-07
"ENSG00000182541.18","LIMK2"," protein_coding","chr22",1034.09445265663,1.47385412033482,0.345194127389233,8.00342742661925e-07,5.83921897466376e-06
"ENSG00000261594.4","TPBGL"," protein_coding","chr11",10.8401475935424,1.47363284401858,0.99170713103091,0.00215875557710411,0.00700976749733383
"ENSG00000166508.18","MCM7"," protein_coding","chr7",2719.31076430449,1.4728487357393,0.245757814081572,1.15515356556023e-10,1.66887936373583e-09
"ENSG00000123094.15","RASSF8"," protein_coding","chr12",1045.42932832125,1.4709477624852,0.323004511698208,2.22992992163462e-07,1.81284353077369e-06
"ENSG00000119714.11","GPR68"," protein_coding","chr14",128.593564592059,1.47074416908026,0.832991249616619,0.00138835271656767,0.00475761987659331
"ENSG00000100097.12","LGALS1"," protein_coding","chr22",8299.74060236534,1.46972021808083,0.661367231971515,0.000656257757677137,0.00245446628204698
"ENSG00000124313.18","IQSEC2"," protein_coding","chrX",307.190845823684,1.4691717321529,0.268542282253131,1.77885995255981e-09,2.10071117231648e-08
"ENSG00000001461.17","NIPAL3"," protein_coding","chr1",652.153456912365,1.46850427965143,0.324993225424902,2.37468274601077e-07,1.92301835142666e-06
"ENSG00000108639.8","SYNGR2"," protein_coding","chr17",6682.45148091077,1.4683213754866,0.29917253811621,4.31016382654513e-08,4.00010081630592e-07
"ENSG00000160051.12","IQCC"," protein_coding","chr1",78.7843423967064,1.46710079752237,0.347982300952348,9.23700407121797e-07,6.63304214065379e-06
"ENSG00000089558.9","KCNH4"," protein_coding","chr17",11.3266782051608,1.46684445454485,1.22651674851628,0.0028954489927063,0.00907168116737378
"ENSG00000182621.18","PLCB1"," protein_coding","chr20",507.628208048357,1.46630834716635,0.595253170932296,0.000350313736436793,0.00140747952866733
"ENSG00000168096.15","ANKS3"," protein_coding","chr16",715.153747492296,1.46517578376534,0.316446414904095,1.5395579741897e-07,1.29229831796085e-06
"ENSG00000213236.3","YWHAZP2"," processed_pseudogene","chr2",4.06630417683287,1.46466045999047,0.773920331138175,0.00201584443869328,0.00660230927826683
"ENSG00000143387.14","CTSK"," protein_coding","chr1",735.78370400373,1.464270409311,0.450244692779462,3.62430438406682e-05,0.000185794964110448
"ENSG00000119403.15","PHF19"," protein_coding","chr9",485.081426533789,1.46404632283266,0.397518959168001,7.93543027501935e-06,4.69605529908783e-05
"ENSG00000196476.12","C20orf96"," protein_coding","chr20",295.115630670216,1.46358633336331,0.420364533735806,1.74313902807915e-05,9.59351364340389e-05
"ENSG00000136999.5","CCN3"," protein_coding","chr8",165.934597437568,1.46344999936775,0.508678168944842,0.000117789400798276,0.00053508784175127
"ENSG00000159167.12","STC1"," protein_coding","chr8",439.805559500729,1.46341213556625,0.623291632239131,0.000468541657798197,0.00182346786074925
"ENSG00000125845.7","BMP2"," protein_coding","chr20",1101.72356593478,1.46247752209476,0.413632842194778,1.40200996240598e-05,7.87962015287475e-05
"ENSG00000271966.1","AC021321.1"," lncRNA","chr8",7.30512478522338,1.46148990241789,0.520826804794583,0.000204719571487881,0.000874811775670966
"ENSG00000196588.20","MRTFA"," protein_coding","chr22",1566.8682972249,1.46134564477401,0.184115870503364,8.23761481277595e-17,3.14506526798248e-15
"ENSG00000131788.16","PIAS3"," protein_coding","chr1",595.68582195247,1.46127084942993,0.382445181886024,4.7480206754424e-06,2.94107061121213e-05
"ENSG00000276663.1","AC009090.3"," lncRNA","chr16",5.41112930507964,1.46043474053021,0.772591899981191,0.0016810156062603,0.00564382415043814
"ENSG00000287769.1","AL353748.3"," lncRNA","chr9",48.270324114001,1.45992292251947,0.35136023970806,1.26800631855052e-06,8.83364612032482e-06
"ENSG00000185158.12","LRRC37B"," protein_coding","chr17",180.293837743894,1.45975374632557,0.233133603204239,1.58171749315446e-11,2.68239055568736e-10
"ENSG00000145685.14","LHFPL2"," protein_coding","chr5",694.529488320052,1.4587730674186,0.364431032106658,2.32053910631081e-06,1.5307056805061e-05
"ENSG00000273026.1","AL358472.3"," lncRNA","chr1",14.1619315533013,1.45864473408885,0.481109992301804,8.4574439746547e-05,0.000397318703972786
"ENSG00000147113.17","DIPK2B"," protein_coding","chrX",266.138234496971,1.45844584144688,0.449859567733171,3.9225784142959e-05,0.000199091160199403
"ENSG00000070718.12","AP3M2"," protein_coding","chr8",437.034057386045,1.45843401842822,0.273146200940646,4.14446216698294e-09,4.6046286376826e-08
"ENSG00000261324.2","AC010168.2"," lncRNA","chr12",84.9687748877238,1.45837345569298,0.499602574999191,0.000105208877753614,0.000484120169615898
"ENSG00000133805.15","AMPD3"," protein_coding","chr11",248.128674866596,1.45796695627323,0.207003999840876,7.99758270858767e-14,1.95541902788595e-12
"ENSG00000146729.10","NIPSNAP2"," protein_coding","chr7",1067.90818654968,1.45708400270062,0.231628785267403,1.32236862782968e-11,2.25832380006815e-10
"ENSG00000113140.11","SPARC"," protein_coding","chr5",20226.937863713,1.45660484306435,0.340181489184495,1.00552200408007e-06,7.15542116052976e-06
"ENSG00000135736.6","CCDC102A"," protein_coding","chr16",303.060115813643,1.45560090972071,0.360258446803282,1.90626725949032e-06,1.28267381065912e-05
"ENSG00000105750.15","ZNF85"," protein_coding","chr19",65.5679559873356,1.45527067815007,0.514320669493403,0.000136257937973895,0.000607629994306763
"ENSG00000138316.11","ADAMTS14"," protein_coding","chr10",55.6971734710134,1.45421588791651,0.739685547359608,0.00100901270475745,0.00360023138655292
"ENSG00000267002.4","AC060780.1"," lncRNA","chr17",215.731214857978,1.45421265515155,0.317687859281812,1.87385286270813e-07,1.54533260255396e-06
"ENSG00000196912.12","ANKRD36B"," protein_coding","chr2",28.4215949944137,1.45392957215282,0.541326990024833,0.000213142991059019,0.000906424829596229
"ENSG00000115159.16","GPD2"," protein_coding","chr2",696.384407043887,1.45326031714418,0.225979140601343,5.48719343746236e-12,9.90445206542942e-11
"ENSG00000237523.2","LINC00857"," lncRNA","chr10",186.533783202072,1.45302789722934,0.381020419930969,4.9397600145111e-06,3.05141592255981e-05
"ENSG00000164591.14","MYOZ3"," protein_coding","chr5",14.0708152213716,1.45229109930292,0.727633883595795,0.00104621665971073,0.00371299352075706
"ENSG00000238260.1","AL513320.1"," lncRNA","chr1",9.29969441223501,1.45221440058742,0.520449944852267,0.000203742986228096,0.000871149100745724
"ENSG00000118849.10","RARRES1"," protein_coding","chr3",372.959344737165,1.45192442159703,0.784309634116843,0.00121687517424267,0.00424277216799957
"ENSG00000175264.8","CHST1"," protein_coding","chr11",175.701725184978,1.45106809010397,0.41133083678627,1.40094756354461e-05,7.87516659877295e-05
"ENSG00000127328.22","RAB3IP"," protein_coding","chr12",1093.76911055913,1.45087165807533,0.274203296287534,5.46644139148116e-09,5.94521360731222e-08
"ENSG00000141577.14","CEP131"," protein_coding","chr17",451.617764745503,1.44995002709506,0.232195315836915,1.76796546399766e-11,2.96378072524987e-10
"ENSG00000174808.12","BTC"," protein_coding","chr4",101.626774272953,1.44897359676234,0.322444888403787,2.7933427450136e-07,2.22255904335247e-06
"ENSG00000267348.3","GEMIN7-AS1"," lncRNA","chr19",16.4386685959053,1.44842992284581,0.478746915531906,8.31590519964835e-05,0.00039148908774781
"ENSG00000142959.5","BEST4"," protein_coding","chr1",28.6613679199629,1.44829219500027,0.692852077732312,0.000817067020249322,0.00298659497664818
"ENSG00000118620.13","ZNF430"," protein_coding","chr19",153.770681243547,1.44822093755923,0.341119478758212,8.13552887729056e-07,5.92078946660899e-06
"ENSG00000214725.9","CDIPTOSP"," transcribed_unitary_pseudogene","chr16",4.06467101984596,1.448155148037,1.31206809994332,0.00432179784579108,0.0128386313640778
"ENSG00000158258.16","CLSTN2"," protein_coding","chr3",314.769039481429,1.44605419724,0.664188169689309,0.000686673360258236,0.00255544466003732
"ENSG00000158423.17","RIBC1"," protein_coding","chrX",30.6764908044409,1.44597320386141,0.364921985887431,0.0211505866978902,0.0494899296799902
"ENSG00000104415.14","CCN4"," protein_coding","chr8",247.17270058645,1.44544142045207,0.561590521433908,0.000267098793961647,0.00110510705263366
"ENSG00000243943.10","ZNF512"," protein_coding","chr2",689.030333018635,1.44508717381456,0.257711372247017,8.54757299886776e-10,1.06783455468983e-08
"ENSG00000105771.14","SMG9"," protein_coding","chr19",917.287744668494,1.4440771842117,0.196661983513755,9.20585546194391e-15,2.63518741873839e-13
"ENSG00000189343.7","RPS2P46"," processed_pseudogene","chr17",73.7376557919864,1.4439852634837,0.503441407924141,0.000120566831224516,0.000545857428582226
"ENSG00000168496.4","FEN1"," protein_coding","chr11",905.090242044217,1.44376085841595,0.451184390053643,4.38423599039909e-05,0.000220489275179226
"ENSG00000171121.16","KCNMB3"," protein_coding","chr3",68.9034707915813,1.44369536729167,0.376279621066191,4.50716342009219e-06,2.80617822413381e-05
"ENSG00000185252.19","ZNF74"," protein_coding","chr22",396.713649868644,1.44219079219393,0.241926961674481,1.03114821983669e-10,1.50162568269678e-09
"ENSG00000012171.20","SEMA3B"," protein_coding","chr3",674.070056482877,1.44155944466283,0.691154084825819,0.00082935870098402,0.00302583664152631
"ENSG00000272374.1","Z97832.2"," lncRNA","chr6",22.408678005289,1.44069357068432,0.416903381137739,1.95129847940544e-05,0.000106288375995849
"ENSG00000127415.13","IDUA"," protein_coding","chr4",737.603789264634,1.44057855330292,0.353106939016165,1.67399173507155e-06,1.14032379542975e-05
"ENSG00000205085.12","FAM71F2"," protein_coding","chr7",55.2629972894376,1.43900759611914,0.460893423382871,5.71471899749697e-05,0.000279638715715466
"ENSG00000271119.1","AC026412.3"," lncRNA","chr5",13.4693399302363,1.43835844380332,0.744491466988784,0.00119809787937691,0.0041878151040797
"ENSG00000163001.12","CFAP36"," protein_coding","chr2",912.004578982346,1.43775179110358,0.261264016760094,1.66774423195644e-09,1.98332115774665e-08
"ENSG00000161791.14","FMNL3"," protein_coding","chr12",743.492440833839,1.43519210095302,0.397441789000183,1.12437626842247e-05,6.44467112863334e-05
"ENSG00000100644.17","HIF1A"," protein_coding","chr14",5235.06340488241,1.43453264561597,0.51689965538264,0.000189418850808353,0.000816485659705755
"ENSG00000167371.21","PRRT2"," protein_coding","chr16",33.0161935394413,1.43408626061784,0.448881780139549,4.50764805526095e-05,0.000226188863106669
"ENSG00000267801.1","AC087289.5"," lncRNA","chr17",28.581781251716,1.4340276079708,0.633894137373812,0.000574777262332933,0.00218274677320522
"ENSG00000131831.18","RAI2"," protein_coding","chrX",505.109250054817,1.43369069273204,0.472441079391993,7.62571123705542e-05,0.000362152997514929
"ENSG00000128833.13","MYO5C"," protein_coding","chr15",841.744422589206,1.43353369641161,0.302502372921839,8.38088001576064e-08,7.37664119431871e-07
"ENSG00000123096.12","SSPN"," protein_coding","chr12",199.368941468298,1.43340888919424,0.491095890207023,0.000106145210541198,0.000488120707279866
"ENSG00000198832.10","SELENOM"," protein_coding","chr22",1097.27576509003,1.43258973104509,0.408938737047159,1.56111305471498e-05,8.67850327672598e-05
"ENSG00000287475.1","AL844892.2"," lncRNA","chr10",13.7340683061621,1.43202511740958,0.795008915828331,0.00147961800504031,0.00503253003603319
"ENSG00000162591.16","MEGF6"," protein_coding","chr1",1560.21046383258,1.43151849863934,0.52854119217208,0.000193468813791609,0.000832343927653016
"ENSG00000280399.1","AC022497.1"," TEC","chr3",22.6749293176586,1.43108908327651,0.621578105693399,0.000532423068779903,0.0020421102555215
"ENSG00000172081.14","MOB3A"," protein_coding","chr19",1304.52255937423,1.42881984310955,0.232280345926653,3.45738574752624e-11,5.48685989497241e-10
"ENSG00000243364.8","EFNA4"," protein_coding","chr1",246.341390651496,1.42800548004565,0.404472006184783,1.3962460154903e-05,7.85176403042923e-05
"ENSG00000131437.16","KIF3A"," protein_coding","chr5",332.408252210478,1.42749767284268,0.243415132214443,1.80506165058761e-10,2.51561601939751e-09
"ENSG00000155034.19","FBXL18"," protein_coding","chr7",166.150325923307,1.4274485670249,0.291437670707927,3.93835488682888e-08,3.69026256646038e-07
"ENSG00000129295.9","LRRC6"," protein_coding","chr8",124.800646313846,1.4273035290579,0.501068334204731,0.000127135520975457,0.000572158115308264
"ENSG00000113645.15","WWC1"," protein_coding","chr5",3277.62854907323,1.42705906234451,0.50419201178266,0.000142723125376192,0.000634230780636523
"ENSG00000106144.20","CASP2"," protein_coding","chr7",930.053759443712,1.42632920034898,0.189673471749789,2.63882196076422e-15,8.08527287537095e-14
"ENSG00000213923.13","CSNK1E"," protein_coding","chr22",1614.67363230322,1.42583820898535,0.249254456012359,4.84779833035548e-10,6.32120829227264e-09
"ENSG00000165125.22","TRPV6"," protein_coding","chr7",451.322214307506,1.42573598007627,0.946543180961929,0.0019958120956753,0.00654772725438676
"ENSG00000084774.14","CAD"," protein_coding","chr2",1482.25570261101,1.42517535897495,0.263753403871835,2.73168530026621e-09,3.11617240999081e-08
"ENSG00000006740.17","ARHGAP44"," protein_coding","chr17",207.211834211317,1.42462904216497,0.490877130223324,0.000112675196339479,0.000514580053550376
"ENSG00000108854.16","SMURF2"," protein_coding","chr17",870.888480262451,1.42426100494952,0.317236037279551,2.74994236743969e-07,2.19145050511277e-06
"ENSG00000134769.21","DTNA"," protein_coding","chr18",610.80666620177,1.4234610338186,0.581428515130251,0.00036993862516885,0.00147884733197025
"ENSG00000109738.11","GLRB"," protein_coding","chr4",177.187423603138,1.42330016707352,0.585052775453257,0.000377392444897424,0.0015050806980056
"ENSG00000215440.12","NPEPL1"," protein_coding","chr20",309.088278337102,1.42315814692939,0.477536239527699,8.79890040227281e-05,0.000411966494115402
"ENSG00000277534.1","AC007996.1"," lncRNA","chr18",75.3617673387739,1.4228915890905,0.3127909905854,2.18165699320856e-07,1.77855653535216e-06
"ENSG00000268798.1","AC027307.3"," lncRNA","chr19",15.115686168438,1.42256244393346,0.900356408436252,0.00195598112337187,0.00643514700965872
"ENSG00000173218.15","VANGL1"," protein_coding","chr1",728.192213830397,1.42203505398014,0.222225952858851,7.34293231792974e-12,1.30442139331116e-10
"ENSG00000127334.11","DYRK2"," protein_coding","chr12",882.965704395436,1.42142875500793,0.133593564381966,8.11134975688095e-28,1.55657869117408e-25
"ENSG00000198960.11","ARMCX6"," protein_coding","chrX",280.119407214099,1.42043877931878,0.183951935724943,5.04008555463127e-16,1.67633130607799e-14
"ENSG00000153786.13","ZDHHC7"," protein_coding","chr16",1719.93953725856,1.42036617850106,0.193178622667288,9.36815003051219e-15,2.67639146170431e-13
"ENSG00000166402.9","TUB"," protein_coding","chr11",180.409532324561,1.4192254344997,0.460027488268658,6.25342807818183e-05,0.000302548090251262
"ENSG00000254528.7","AP000757.1"," lncRNA","chr11",10.7612755132441,1.41902053723326,0.655895756585678,0.000809427635245262,0.00296238327383551
"ENSG00000123570.4","RAB9B"," protein_coding","chrX",22.2218561829953,1.4173159060181,0.503543856482864,0.000147921002600218,0.000654636280510661
"ENSG00000169783.13","LINGO1"," protein_coding","chr15",163.588721345576,1.41650481736808,0.619774244656336,0.000529586741917994,0.00203256785197447
"ENSG00000128340.15","RAC2"," protein_coding","chr22",1485.26581016327,1.41609297912039,0.422879889770099,2.87221108225024e-05,0.000150709705087529
"ENSG00000110583.13","NAA40"," protein_coding","chr11",646.933853905298,1.41539363742808,0.318751134486967,3.79418242457116e-07,2.93716844857527e-06
"ENSG00000254427.2","LINC02696"," lncRNA","chr11",7.92009416430171,1.4144718758627,1.1703850799568,0.00315357608774227,0.00976607505078609
"ENSG00000154240.17","CEP112"," protein_coding","chr17",212.713349579059,1.41388577460787,0.252298504649823,8.68497085886394e-10,1.08354112481695e-08
"ENSG00000262001.1","DLGAP1-AS2"," lncRNA","chr18",92.3627375038021,1.41378789081528,0.467852581978255,7.67983803183438e-05,0.000364545476892721
"ENSG00000215270.3","TOMM40P2"," processed_pseudogene","chr22",4.14752065174987,1.41357803256817,1.70113328361511,0.00499413828688351,0.0145310742833023
"ENSG00000143702.16","CEP170"," protein_coding","chr1",761.155020200314,1.41228180288621,0.409520730812547,2.02241266908644e-05,0.000109527952366473
"ENSG00000225217.1","HSPA7"," unprocessed_pseudogene","chr1",157.614879721666,1.41083639306016,0.652603647436239,0.000690540771329308,0.0025691816019011
"ENSG00000106477.20","CEP41"," protein_coding","chr7",306.434081866725,1.41075821807443,0.272349206773855,8.76442759246684e-09,9.25034993050055e-08
"ENSG00000221886.4","ZBED8"," protein_coding","chr5",134.458935436946,1.41074747344039,0.231097688866612,4.34209670030875e-11,6.72978845118523e-10
"ENSG00000136010.14","ALDH1L2"," protein_coding","chr12",77.7482514488592,1.41042485530822,0.500040554753785,0.000139816714746458,0.000622639634357437
"ENSG00000263280.2","AC003965.1"," lncRNA","chr16",18.7239614896774,1.40905986639724,0.676054885485013,0.000863579422923649,0.00314047477711756
"ENSG00000270049.3","AC009061.2"," lncRNA","chr16",53.9530516524177,1.40748393924386,0.215446216095355,3.18079573424627e-12,5.99358079923962e-11
"ENSG00000102312.23","PORCN"," protein_coding","chrX",202.318143144441,1.40648351726429,0.311692115372055,2.43531713329074e-07,1.96720480368202e-06
"ENSG00000160949.17","TONSL"," protein_coding","chr8",458.18221395989,1.40609613108348,0.316911574474199,3.55373538171005e-07,2.76369849393782e-06
"ENSG00000205629.12","LCMT1"," protein_coding","chr16",746.248608604471,1.40559535180336,0.233858431311944,7.79293853221396e-11,1.15386915759466e-09
"ENSG00000118200.14","CAMSAP2"," protein_coding","chr1",1185.20565671604,1.40499826920783,0.213948970820169,2.2754913309222e-12,4.3782194348067e-11
"ENSG00000168453.15","HR"," protein_coding","chr8",145.014760646095,1.4047267507647,0.770968808293953,0.00128875335336701,0.00446191650615577
"ENSG00000278318.5","ZNF229"," protein_coding","chr19",123.268450537725,1.40437707099126,0.696367854692598,0.00092332985738972,0.00333200650874684
"ENSG00000007202.15","KIAA0100"," protein_coding","chr17",1908.33357540014,1.40387419518953,0.179966510456989,2.39729788771438e-16,8.45320734441937e-15
"ENSG00000075275.18","CELSR1"," protein_coding","chr22",1084.97603428323,1.40295987733219,0.475601730185531,9.96514795307604e-05,0.000461093592390982
"ENSG00000261934.2","PCDHGA9"," protein_coding","chr5",52.6136370354189,1.40285340757512,0.753378433794606,0.00122344287917574,0.0042612022092628
"ENSG00000154229.12","PRKCA"," protein_coding","chr17",2351.52934322031,1.40073865651455,0.496605829014055,0.000149097456583283,0.000658942986526937
"ENSG00000249492.2","AC114956.2"," lncRNA","chr5",14.627259331589,1.39892963409102,0.525608686941621,0.000243074175955429,0.00101900411590168
"ENSG00000236144.8","TMEM147-AS1"," lncRNA","chr19",128.940308389106,1.3989152142219,0.383974750805445,9.35463006328263e-06,5.47262744315866e-05
"ENSG00000241343.10","RPL36A"," protein_coding","chrX",49.9497293812201,1.39863400845465,0.382184006962992,8.74496587096529e-06,5.1458928684726e-05
"ENSG00000119772.17","DNMT3A"," protein_coding","chr2",921.108621193965,1.398513015641,0.19785483562026,5.8594098842513e-14,1.46329731946683e-12
"ENSG00000269427.1","AC024075.3"," lncRNA","chr19",11.1742061610651,1.39846091987847,0.474821919430898,0.000123819442345197,0.000559344790733628
"ENSG00000185513.17","L3MBTL1"," protein_coding","chr20",67.8085434691831,1.398066864458,0.360760423570419,3.99544078380051e-06,2.51569673352833e-05
"ENSG00000198788.9","MUC2"," protein_coding","chr11",3.47330981443118,1.39785778260104,1.47175680397815,0.00524976449922522,0.0151794588300853
"ENSG00000167286.10","CD3D"," protein_coding","chr11",294.94454131242,1.39747963498039,1.00817410436486,0.00228135602066453,0.00735546300063709
"ENSG00000171425.10","ZNF581"," protein_coding","chr19",508.006927657218,1.39702443660723,0.324647598789327,6.72529070017887e-07,4.97514594048992e-06
"ENSG00000181773.7","GPR3"," protein_coding","chr1",28.9363589926719,1.39691275486378,0.616470589370196,0.000562440409107297,0.00214175251870114
"ENSG00000113749.7","HRH2"," protein_coding","chr5",123.420233623568,1.39685084456843,0.701611642490129,0.000975050223542775,0.00349641135791026
"ENSG00000169116.11","PARM1"," protein_coding","chr4",426.368857670277,1.39629184804693,0.839812497610303,0.00168844116860174,0.00566614593269029
"ENSG00000165752.17","STK32C"," protein_coding","chr10",340.000577839984,1.39613948340386,0.403296106731408,1.88573947805482e-05,0.000103141074133473
"ENSG00000143494.15","VASH2"," protein_coding","chr1",45.2434294796129,1.3956325841734,0.545428223179161,0.000281075974008673,0.00115735531985587
"ENSG00000179241.13","LDLRAD3"," protein_coding","chr11",285.337621796833,1.39522150375721,0.289343615293428,5.75442324463532e-08,5.21599663215561e-07
"ENSG00000271993.1","AC126118.1"," lncRNA","chr3",4.53588468996991,1.39507937581003,0.626119628470865,0.00107563787310625,0.00381049858604675
"ENSG00000270164.1","LINC01480"," lncRNA","chr19",18.8257957823244,1.39481015422927,0.991560187611781,0.00235920293239639,0.00757547229580255
"ENSG00000237424.1","FOXD2-AS1"," lncRNA","chr1",126.042450339054,1.39477303611469,0.326395808204191,7.28708050131702e-07,5.35272856063753e-06
"ENSG00000279048.1","AC080080.1"," TEC","chr7",11.7148322007385,1.39462999851358,0.58031071254007,0.000485478257187628,0.00188134918080323
"ENSG00000282386.1","AL358472.4"," lncRNA","chr1",22.0388985579889,1.394226885129,0.416480970938864,2.90205192768513e-05,0.000151974780392545
"ENSG00000138801.9","PAPSS1"," protein_coding","chr4",1051.27030961469,1.39400390706045,0.285073808641789,4.05437147964146e-08,3.79044749005326e-07
"ENSG00000019144.19","PHLDB1"," protein_coding","chr11",1088.64221415006,1.39198428694226,0.382712852403374,9.5428527585085e-06,5.57067578414477e-05
"ENSG00000233461.6","AL445524.1"," lncRNA","chr1",49.7548519500394,1.39179448659318,0.449728830568306,6.2426479418521e-05,0.000302126759276396
"ENSG00000205562.3","AL049775.1"," lncRNA","chr14",10.2339766155372,1.39013117427781,0.982656207332179,0.00250770059812339,0.0079994661796436
"ENSG00000187801.15","ZFP69B"," protein_coding","chr1",36.1842137399804,1.38958569118707,0.545182807023289,0.000300171488458094,0.00122594541400646
"ENSG00000260948.1","AL390195.2"," lncRNA","chr1",25.1709190878773,1.3880475818885,0.373963280478662,7.87994209334334e-06,4.66511124255596e-05
"ENSG00000240889.1","NDUFB2-AS1"," lncRNA","chr7",6.75932930834161,1.38720748770734,0.596336347729723,0.000695391471674855,0.0025839329729024
"ENSG00000104866.11","PPP1R37"," protein_coding","chr19",1818.69446733884,1.38714700115785,0.33498210993244,1.31169482397612e-06,9.12057838392356e-06
"ENSG00000124613.8","ZNF391"," protein_coding","chr6",54.5722187260676,1.38639502181499,0.878794221565037,0.00186459438867736,0.0061769850906678
"ENSG00000255434.1","AP001922.6"," lncRNA","chr11",5.79275181686201,1.38634524589541,0.834133496582417,0.0022826985659388,0.00735816493202219
"ENSG00000257354.2","AC048341.1"," lncRNA","chr12",100.798295711875,1.38606896290812,0.330098617674948,1.0322021493259e-06,7.3238395752097e-06
"ENSG00000235217.6","TSPY26P"," transcribed_processed_pseudogene","chr20",104.101656829988,1.385293224549,0.694433945221108,0.000967737855770252,0.00347292636749046
"ENSG00000169851.15","PCDH7"," protein_coding","chr4",194.630289708425,1.38520306312314,0.974731304128761,0.00220914481485164,0.00715824762324013
"ENSG00000228049.7","POLR2J2"," protein_coding","chr7",3.49102232223899,1.38384842653661,1.15268486889065,0.00480741215271193,0.0140818844228213
"ENSG00000261159.1","AC112484.3"," lncRNA","chr3",21.3719839295239,1.38316434963853,1.14737218725991,0.00282544865407866,0.00888193897950432
"ENSG00000100321.15","SYNGR1"," protein_coding","chr22",650.352326349212,1.38311951855708,0.317885837942113,5.59138590352239e-07,4.19807298377979e-06
"ENSG00000121594.12","CD80"," protein_coding","chr3",20.4447958941311,1.38250369152511,0.568781817351983,0.000407013582262291,0.00160847841498561
"ENSG00000235106.10","BRD3OS"," protein_coding","chr9",451.772746235887,1.38147103220727,0.317676570771104,5.14672714776779e-07,3.88521956970079e-06
"ENSG00000176834.14","VSIG10"," protein_coding","chr12",1504.9009227427,1.38123137283633,0.283181240151934,4.90452189843938e-08,4.50469200822686e-07
"ENSG00000170464.10","DNAJC18"," protein_coding","chr5",142.726459110139,1.3807429129778,0.266243867268737,8.62751359188157e-09,9.11466656869227e-08
"ENSG00000235508.3","RPS2P7"," processed_pseudogene","chr20",11.4640139516442,1.38039753039536,0.726698087779747,0.00128364797116606,0.00444687977089583
"ENSG00000094916.16","CBX5"," protein_coding","chr12",2996.71564485046,1.37964511271956,0.294762653383659,1.30304758147385e-07,1.10586543217954e-06
"ENSG00000130529.16","TRPM4"," protein_coding","chr19",1261.48953179696,1.37964349701414,0.279794837466549,3.3121501703713e-08,3.1559916747344e-07
"ENSG00000153253.19","SCN3A"," protein_coding","chr2",50.1238197608235,1.37950337975451,1.44591245162754,0.00316583982546866,0.00979989195257299
"ENSG00000287584.1","AC004837.4"," lncRNA","chr7",3.68828156720741,1.37850537679839,1.30073839252118,0.00496385126864128,0.014460259428243
"ENSG00000157657.14","ZNF618"," protein_coding","chr9",725.834775960694,1.3784517287845,0.241371671698252,4.70544050337401e-10,6.14382247282527e-09
"ENSG00000172932.16","ANKRD13D"," protein_coding","chr11",888.661025808968,1.37799276264545,0.284813149155493,5.1148546768157e-08,4.6813679343595e-07
"ENSG00000198182.13","ZNF607"," protein_coding","chr19",110.232181851582,1.37772155069927,0.551862423980232,0.000328886930735393,0.00133073975344995
"ENSG00000196338.13","NLGN3"," protein_coding","chrX",42.5938569647184,1.37754796222917,0.450908173853266,7.05741270493806e-05,0.000337794504171836
"ENSG00000124802.12","EEF1E1"," protein_coding","chr6",183.127191042114,1.37665355925486,0.431171117091977,4.44617197517101e-05,0.000223257686940546
"ENSG00000144036.16","EXOC6B"," protein_coding","chr2",842.604849007675,1.3760856302782,0.255051844477423,2.89637122651917e-09,3.29244942737092e-08
"ENSG00000106636.9","YKT6"," protein_coding","chr7",2189.46176177189,1.37570810704917,0.187020723521994,9.97644276363813e-15,2.8446027270045e-13
"ENSG00000228526.7","MIR34AHG"," lncRNA","chr1",230.968208003126,1.37535240788718,0.435076675588639,5.04203775612094e-05,0.000250078556892181
"ENSG00000277215.2","SPANXA2-OT1"," lncRNA","chrX",5.50009153630076,1.37505924910844,1.38725660129479,0.00406207518429826,0.0121774584841517
"ENSG00000273064.1","AC017083.1"," lncRNA","chr2",4.21936136928549,1.37468856972766,0.929768745700176,0.00330035410690966,0.0101634321098446
"ENSG00000205111.8","CDKL4"," protein_coding","chr2",3.28603548446693,1.37448694653265,1.28102197699028,0.00513850365030081,0.0149005878293692
"ENSG00000177839.7","PCDHB9"," protein_coding","chr5",33.470219174941,1.37344966840294,0.7499639563984,0.00129809087564303,0.00448944898643961
"ENSG00000115762.16","PLEKHB2"," protein_coding","chr2",2630.06716028059,1.3732189390575,0.340264922090644,2.23146147957529e-06,1.48031612230456e-05
"ENSG00000087253.13","LPCAT2"," protein_coding","chr16",471.471460415251,1.37244366693445,0.592242635089457,0.000516131129414778,0.00198851260254915
"ENSG00000049249.9","TNFRSF9"," protein_coding","chr1",48.5015580477293,1.37231297889837,0.837055372612439,0.00170819788068404,0.00572301008471759
"ENSG00000144589.22","STK11IP"," protein_coding","chr2",669.995196316752,1.37169339124731,0.183442322058328,3.31844995985863e-15,1.00514918877587e-13
"ENSG00000068885.15","IFT80"," protein_coding","chr3",337.646055569238,1.37152435578973,0.235644118423668,2.49903198286867e-10,3.42065996754088e-09
"ENSG00000197324.9","LRP10"," protein_coding","chr14",6751.59081836866,1.37131650190259,0.258348228865113,4.98845454615798e-09,5.46345053332667e-08
"ENSG00000198089.16","SFI1"," protein_coding","chr22",678.216557546893,1.36971651285031,0.241445024587891,5.85103457767355e-10,7.52839998218614e-09
"ENSG00000020129.16","NCDN"," protein_coding","chr1",810.705769133523,1.36903574439535,0.176639317987856,4.14470354417239e-16,1.40414468850133e-14
"ENSG00000232022.7","FAAHP1"," transcribed_unprocessed_pseudogene","chr1",22.6304149471675,1.36884481021838,0.92899466629753,0.00218287434414308,0.00708177752689461
"ENSG00000104728.16","ARHGEF10"," protein_coding","chr8",10.0701955602701,1.36875650418025,0.575255227170636,0.000535574653390326,0.00205203954613719
"ENSG00000106789.13","CORO2A"," protein_coding","chr9",764.107017006098,1.36829921194116,0.675375577040222,0.00094942805047239,0.00341435911776959
"ENSG00000128656.15","CHN1"," protein_coding","chr2",147.404982957352,1.36745776498469,0.49852819473203,0.000172306575774681,0.000750486861097754
"ENSG00000048052.22","HDAC9"," protein_coding","chr7",255.202089774117,1.36651650715092,0.412150475056482,2.99039353534721e-05,0.000156208433081201
"ENSG00000061455.11","PRDM6"," protein_coding","chr5",57.3957645928626,1.36610295554275,0.51705646869265,0.000227770374532001,0.000961620213449696
"ENSG00000224078.15","SNHG14"," lncRNA","chr15",1801.09752892592,1.36607738411254,0.398120009976445,2.1964499741776e-05,0.000117945967041212
"ENSG00000139624.14","CERS5"," protein_coding","chr12",973.02636378603,1.36527068780104,0.215565157248819,1.03450886541319e-11,1.79723580078841e-10
"ENSG00000263069.6","RNF213-AS1"," lncRNA","chr17",36.9545001901373,1.36508647867253,0.337077303189132,2.04128974062351e-06,1.36377417416965e-05
"ENSG00000141524.17","TMC6"," protein_coding","chr17",1594.42207767251,1.3647399518675,0.448121924404613,7.58159773949457e-05,0.000360175284142211
"ENSG00000188636.4","RTL6"," protein_coding","chr22",741.184077542506,1.36459624325916,0.30393019751648,2.94788425093782e-07,2.33153025259233e-06
"ENSG00000189292.16","ALKAL2"," protein_coding","chr2",230.832215947501,1.36438730838354,0.936559817581852,0.00213441547779804,0.00693690975731375
"ENSG00000264112.1","AC015813.1"," lncRNA","chr17",238.519708636605,1.3633301940662,0.491488668342967,0.000157720445254195,0.000692540669519736
"ENSG00000134369.15","NAV1"," protein_coding","chr1",521.232115454426,1.36312438110511,0.459144390657454,9.35640822210407e-05,0.000435135636847184
"ENSG00000174807.4","CD248"," protein_coding","chr11",632.980655970441,1.3627332251467,0.423476218009456,4.34891784191917e-05,0.000218788521095102
"ENSG00000167600.14","CYP2S1"," protein_coding","chr19",208.366240901354,1.36202140803075,0.684287319981865,0.00096854730805244,0.00347540366940357
"ENSG00000129465.16","RIPK3"," protein_coding","chr14",108.386036369316,1.36146638989879,0.563536957748435,0.00040004107996955,0.0015832833462187
"ENSG00000145700.10","ANKRD31"," protein_coding","chr5",16.5731113474106,1.36146485880008,0.58548888438134,0.000545075041144166,0.00208460651306335
"ENSG00000168916.15","ZNF608"," protein_coding","chr5",563.372507764768,1.36082141838534,0.472580150552191,0.000125072508349646,0.000564480890615943
"ENSG00000196507.11","TCEAL3"," protein_coding","chrX",418.257067970565,1.36049950191773,0.271109463798816,2.05321713073182e-08,2.02537336781591e-07
"ENSG00000272263.1","AC034198.2"," lncRNA","chr3",4.86605283624508,1.35958486417591,1.79920451012482,0.00451253893249802,0.0133197984337214
"ENSG00000099204.20","ABLIM1"," protein_coding","chr10",6077.90614760411,1.35950571469927,0.544598331927793,0.000357157826151111,0.00143142850109944
"ENSG00000168411.14","RFWD3"," protein_coding","chr16",890.083231921554,1.35934582383449,0.190227617455927,4.34034875890683e-14,1.11153321289336e-12
"ENSG00000128739.23","SNRPN"," protein_coding","chr15",120.76212302691,1.35891696458705,0.397542296548409,2.08849409975447e-05,0.00011264660576135
"ENSG00000160326.14","SLC2A6"," protein_coding","chr9",449.809558525175,1.35849178743511,0.68360398466664,0.000977297854369989,0.00350120377230634
"ENSG00000161847.14","RAVER1"," protein_coding","chr19",413.257950189329,1.35813726354892,0.352650337885709,4.51360974649855e-06,2.80839340221024e-05
"ENSG00000100884.9","CPNE6"," protein_coding","chr14",13.9105003637801,1.35733744920376,1.1434553173386,0.000651470160274734,0.00243812331345313
"ENSG00000072518.21","MARK2"," protein_coding","chr11",2036.24976569774,1.3562909160683,0.363694415520907,7.50820560883337e-06,4.46406134129761e-05
"ENSG00000276384.1","AC016876.3"," lncRNA","chr17",2.23792581332593,1.35613874330597,1.35333580389682,0.00582558956825017,0.0165782070357355
"ENSG00000166348.18","USP54"," protein_coding","chr10",347.791600134211,1.35598315617554,0.531954780774004,0.000290812573616691,0.0011922293689143
"ENSG00000232956.9","SNHG15"," lncRNA","chr7",392.66214261515,1.35568456614371,0.344455889271152,2.99092549513715e-06,1.93099393022699e-05
"ENSG00000117016.10","RIMS3"," protein_coding","chr1",80.1513453687828,1.35551711844802,0.402932122128515,2.50292179879184e-05,0.000132958888998287
"ENSG00000253485.2","PCDHGA5"," protein_coding","chr5",31.7769656707877,1.35520880259548,0.521793391378921,0.000262439446271916,0.00108922825957677
"ENSG00000102900.13","NUP93"," protein_coding","chr16",946.887457636323,1.3550447556835,0.196149653980749,2.25448687564699e-13,5.12957314163393e-12
"ENSG00000102225.16","CDK16"," protein_coding","chrX",2246.66875481276,1.35467130475706,0.213830176192252,1.55285609926341e-11,2.6365110337261e-10
"ENSG00000101335.10","MYL9"," protein_coding","chr20",5126.76843700489,1.35347505673945,0.520194720674126,0.000273666048554181,0.00112971482738139
"ENSG00000171302.17","CANT1"," protein_coding","chr17",2025.6039678013,1.35319760186904,0.168160775090056,2.94970851065964e-17,1.2169737984078e-15
"ENSG00000176890.16","TYMS"," protein_coding","chr18",119.787745964641,1.35288622752867,0.416665032655886,3.81766102850891e-05,0.000194510662952972
"ENSG00000038382.20","TRIO"," protein_coding","chr5",2168.08275385135,1.35257827727083,0.267635151944289,2.23053609708872e-08,2.18477190785698e-07
"ENSG00000236060.2","HSPB1P1"," processed_pseudogene","chr9",43.9527686813193,1.35245875326639,0.623000959178347,0.000683599507546912,0.0025453043190753
"ENSG00000233369.7","GTF2IP4"," transcribed_processed_pseudogene","chr7",250.509740755871,1.34940253676034,0.343727217980997,3.13340990326739e-06,2.01273801956412e-05
"ENSG00000163257.11","DCAF16"," protein_coding","chr4",751.979831653588,1.34884527121279,0.146916379817141,1.97938636520873e-21,1.51143248394695e-19
"ENSG00000278987.1","AL031009.1"," TEC","chr16",10.1781607111191,1.34769186563009,0.706987644218193,0.0013453816860069,0.0046326807223628
"ENSG00000153162.9","BMP6"," protein_coding","chr6",278.878787788822,1.34686025341415,0.862990824070387,0.00189879219661746,0.00627957705024203
"ENSG00000182544.9","MFSD5"," protein_coding","chr12",1096.36616667688,1.34678297936196,0.242946945699011,1.22610847903804e-09,1.48523082329986e-08
"ENSG00000007545.16","CRAMP1"," protein_coding","chr16",343.727954334726,1.34596241394674,0.171586722577781,1.9539864825905e-16,6.97623399151557e-15
"ENSG00000167747.15","C19orf48"," transcribed_unitary_pseudogene","chr19",1704.49881936315,1.34586585032941,0.431252406263412,6.14730230637579e-05,0.000298105837031879
"ENSG00000134291.12","TMEM106C"," protein_coding","chr12",1749.21078003715,1.34437231121788,0.191163821342273,9.76635508481435e-14,2.36018899311474e-12
"ENSG00000181649.8","PHLDA2"," protein_coding","chr11",543.010242950078,1.34423891383644,0.831377084262375,0.00176541203526546,0.00588114477577183
"ENSG00000276600.5","RAB7B"," protein_coding","chr1",281.310003545369,1.34363297224136,0.556749337201985,0.000405180884814124,0.00160188685675565
"ENSG00000177674.16","AGTRAP"," protein_coding","chr1",1106.01069461671,1.3434519694639,0.423318101254126,4.84453300340487e-05,0.000241432057365994
"ENSG00000073670.14","ADAM11"," protein_coding","chr17",49.3557568084243,1.34292898241488,0.702696665399611,0.0011271818013527,0.00396894808832168
"ENSG00000242852.7","ZNF709"," protein_coding","chr19",4.66982207866993,1.34249048233423,0.791240480871777,0.00249784138685519,0.00797063072018148
"ENSG00000267416.1","AC025048.4"," lncRNA","chr17",3.50910613925649,1.34231041595188,1.05283598152429,0.0043674684427793,0.0129511701340337
"ENSG00000057019.16","DCBLD2"," protein_coding","chr3",3156.45851267335,1.34146052061187,0.765066198382431,0.00145979763991659,0.00497265413508433
"ENSG00000273424.1","AL008582.1"," lncRNA","chr22",5.00505123880342,1.34070418035661,0.737231852101201,0.00201461579994157,0.00659920349469182
"ENSG00000115652.15","UXS1"," protein_coding","chr2",1337.3180238538,1.34032524828794,0.263676267983891,1.68968560586323e-08,1.68989332427812e-07
"ENSG00000108091.11","CCDC6"," protein_coding","chr10",2314.81758490529,1.34016618768871,0.124721493116004,2.79437140721075e-28,5.74007180119227e-26
"ENSG00000104738.18","MCM4"," protein_coding","chr8",1323.72906473436,1.34010861121136,0.273189443503149,3.80157822281166e-08,3.57934910203981e-07
"ENSG00000272750.1","AL592148.3"," lncRNA","chr1",29.5191178082597,1.33988639680938,0.422644583644951,4.89717775833615e-05,0.000243807056430762
"ENSG00000113212.7","PCDHB7"," protein_coding","chr5",57.5339043153839,1.33858636074602,0.857080463264967,0.00190447115861382,0.00629550308540418
"ENSG00000249167.2","SEMA6A-AS2"," lncRNA","chr5",6.53344655344685,1.33783579957037,0.533707740075962,0.000471811906371939,0.00183472623609693
"ENSG00000161664.7","ASB16"," protein_coding","chr17",32.7517525681984,1.33770910068439,0.466515704767777,0.000130144405261477,0.000583310104036881
"ENSG00000139263.12","LRIG3"," protein_coding","chr12",1541.3363818616,1.33749540403259,0.524561096091627,0.000293718696079009,0.0012021159879232
"ENSG00000274020.4","LINC01138"," lncRNA","chr1",110.64786772104,1.33716138251426,0.274399967413195,4.25338255413113e-08,3.95117565991882e-07
"ENSG00000163576.18","EFHB"," protein_coding","chr3",30.0163685920434,1.33684721366083,0.791656904546535,0.00165788307310956,0.00557385792525734
"ENSG00000189423.13","USP32P3"," transcribed_unprocessed_pseudogene","chr17",11.236511489496,1.33626626849017,0.715695833162821,0.00137009520342199,0.00470278971388751
"ENSG00000178053.20","MLF1"," protein_coding","chr3",173.513349712783,1.33576660117555,0.667715716965907,0.000955128092032538,0.00343316467239644
"ENSG00000197989.14","SNHG12"," lncRNA","chr1",260.304778806601,1.33562133275948,0.401690392255423,2.87442499946404e-05,0.000150771628860577
"ENSG00000152642.11","GPD1L"," protein_coding","chr3",449.784926052179,1.33511050565697,0.475137883967899,0.000145549569068466,0.000645512449469073
"ENSG00000122643.22","NT5C3A"," protein_coding","chr7",689.571858799632,1.3346387776161,0.241729026910997,1.39559976423579e-09,1.67730735570638e-08
"ENSG00000134779.15","TPGS2"," protein_coding","chr18",1455.50716323153,1.33448384450428,0.205389663180771,3.78929277205784e-12,7.03563850211045e-11
"ENSG00000237356.7","AL365295.1"," lncRNA","chr14",33.7771510627385,1.33392679898349,0.560228981296955,0.000447259890628209,0.0017511575502999
"ENSG00000158023.10","CFAP251"," protein_coding","chr12",258.730435324869,1.3321707622382,0.549728101044038,0.000396147095364376,0.00157042873398797
"ENSG00000131473.17","ACLY"," protein_coding","chr17",3451.76677203793,1.33113954851261,0.27062487934967,3.97908505626435e-08,3.72722967264531e-07
"ENSG00000185222.10","TCEAL9"," protein_coding","chrX",958.507407404021,1.33110090883869,0.249832322353862,4.09424100811535e-09,4.5564637911376e-08
"ENSG00000143847.15","PPFIA4"," protein_coding","chr1",23.1436772747989,1.33095280108326,0.760302160924695,0.00154671952460958,0.0052381588080038
"ENSG00000224186.8","C5orf66"," lncRNA","chr5",13.039808080863,1.33058677157381,0.49938417164384,0.000247232674915081,0.00103346659423875
"ENSG00000197535.15","MYO5A"," protein_coding","chr15",638.404473636236,1.33053002724109,0.346319662430293,4.39599619625583e-06,2.74516833758481e-05
"ENSG00000182636.8","NDN"," protein_coding","chr15",526.960895072532,1.33051447956211,0.491547519006311,0.000201826424202589,0.000864475031947917
"ENSG00000145860.12","RNF145"," protein_coding","chr5",1450.459892977,1.33010435456098,0.290326661516441,2.02268926475252e-07,1.65916263114641e-06
"ENSG00000180953.11","ST20"," protein_coding","chr15",28.4799390813159,1.32995520584316,0.455332729440376,0.000107461699430745,0.000493736511882048
"ENSG00000132004.13","FBXW9"," protein_coding","chr19",295.868298102239,1.32954002049732,0.290407956999464,1.82996960255237e-07,1.51579896472808e-06
"ENSG00000198920.11","KIAA0753"," protein_coding","chr17",459.418954989145,1.32837277655511,0.243107753082687,1.86692806425837e-09,2.1949385210138e-08
"ENSG00000112212.12","TSPO2"," protein_coding","chr6",27.1727364832739,1.32816182376764,1.25615700244355,0.00307572312449232,0.00956540475227109
"ENSG00000096093.16","EFHC1"," protein_coding","chr6",441.298961642568,1.3280397090674,0.258652695805263,1.24973215371702e-08,1.28357173210464e-07
"ENSG00000162994.16","CLHC1"," protein_coding","chr2",116.608007077435,1.32733116228844,0.368912056786691,1.09041993636401e-05,6.26851776188449e-05
"ENSG00000213977.8","TAX1BP3"," protein_coding","chr17",4.18059964584666,1.32627508331375,0.742430146355831,0.00235703672889269,0.00756934981229448
"ENSG00000272695.2","GAS6-DT"," lncRNA","chr13",33.1296063166475,1.32626179798465,0.742617973829648,0.00142762962733359,0.00487503261527669
"ENSG00000158813.18","EDA"," protein_coding","chrX",133.163911038534,1.3248773904553,0.675005935803704,0.00104076361241983,0.00369678930962909
"ENSG00000179958.10","DCTPP1"," protein_coding","chr16",810.239516081926,1.32402787369298,0.313262430749757,9.76107939546855e-07,6.96991248191976e-06
"ENSG00000248593.3","DSTNP2"," transcribed_unprocessed_pseudogene","chr12",106.613571630987,1.32394683147836,0.256713001961154,1.02342237837939e-08,1.06767551341017e-07
"ENSG00000273033.2","LINC02035"," lncRNA","chr3",254.538494570106,1.32371596693711,0.321584920354735,1.40586711366735e-06,9.69908652756931e-06
"ENSG00000269473.1","AC012313.8"," lncRNA","chr19",9.85794993331611,1.32362672815299,0.591486577255244,0.000703173389463954,0.00261005515803708
"ENSG00000231443.2","AC124944.1"," processed_pseudogene","chr3",7.28615223784627,1.32342529545082,0.57315774889461,0.000696827579599279,0.00258828010560695
"ENSG00000267221.3","C17orf113"," protein_coding","chr17",81.1137795939142,1.32278738915038,0.39851289816181,2.9900766302459e-05,0.000156208433081201
"ENSG00000116128.11","BCL9"," protein_coding","chr1",735.024552115039,1.32223136642779,0.245846887541718,3.36880895247188e-09,3.80428913413288e-08
"ENSG00000213918.10","DNASE1"," protein_coding","chr16",285.171918828148,1.32200490605844,0.284155283371994,1.2488033244822e-07,1.06199254145252e-06
"ENSG00000115977.20","AAK1"," protein_coding","chr2",1247.89649316621,1.32169851987367,0.229447654426149,3.65450880452223e-10,4.87064161652163e-09
"ENSG00000197951.10","ZNF71"," protein_coding","chr19",180.589899571194,1.32075375542587,0.456499650470701,0.000112862788588013,0.000515275423434615
"ENSG00000188687.17","SLC4A5"," protein_coding","chr2",16.0952676332294,1.3207471379763,0.535861539317863,0.000391041823930684,0.00155293382739743
"ENSG00000136261.15","BZW2"," protein_coding","chr7",1045.57252453918,1.31990793778409,0.323941298739408,1.79096916873376e-06,1.21349081725424e-05
"ENSG00000228205.1","AC131235.1"," processed_pseudogene","chr3",8.56085658301095,1.31980020011898,0.695743887920114,0.00131879707185665,0.00455458107849712
"ENSG00000265298.1","AC132812.1"," unprocessed_pseudogene","chr17",95.7176836541565,1.3193945570382,0.389798632769406,2.32774909022121e-05,0.000124446688439631
"ENSG00000068796.19","KIF2A"," protein_coding","chr5",572.648519249247,1.31881091288501,0.18544265428769,4.48828476803682e-14,1.144394916074e-12
"ENSG00000177191.2","B3GNT8"," protein_coding","chr19",42.4973217331083,1.3185875543421,0.684915862451551,0.00111348898425951,0.00392832126050625
"ENSG00000169118.18","CSNK1G1"," protein_coding","chr15",455.436087539066,1.31824075935919,0.225865099527159,2.28010358490317e-10,3.1371859183038e-09
"ENSG00000186364.12","NUDT17"," protein_coding","chr1",54.3655434910816,1.31794266429238,0.396748760006402,2.99527809433821e-05,0.000156435571591318
"ENSG00000165996.14","HACD1"," protein_coding","chr10",99.5528188898177,1.31769862572567,0.687821049305788,0.00113835803421576,0.00400491683753943
"ENSG00000198277.6","AC021146.1"," unprocessed_pseudogene","chr4",8.86588755043652,1.317330559229,2.11639149607626,0.00409884409238699,0.0122763305607183
"ENSG00000229109.2","AL137847.1"," lncRNA","chr9",6.23939227724073,1.31679949115354,0.89445792422021,0.00276797618137357,0.0087210085584884
"ENSG00000266074.10","BAHCC1"," protein_coding","chr17",845.32457215354,1.31611550607533,0.326000218843131,2.01319250553862e-06,1.34685349068936e-05
"ENSG00000219438.9","TAFA5"," protein_coding","chr22",180.761956713824,1.31584299637995,0.810237580773394,0.00175191043631614,0.00584618184611663
"ENSG00000166750.10","SLFN5"," protein_coding","chr17",1083.74287555874,1.31578598948998,0.252467973077926,9.44267674096494e-09,9.92910734885387e-08
"ENSG00000271936.1","AC012073.1"," lncRNA","chr2",14.5110520455783,1.31568563890185,0.497282547575181,0.000261495950998048,0.00108610446076809
"ENSG00000275023.5","MLLT6"," protein_coding","chr17",2633.21054202763,1.31557133449532,0.180641504969929,1.82404316932532e-14,4.97247805664022e-13
"ENSG00000111671.10","SPSB2"," protein_coding","chr12",301.715689297826,1.31533080719129,0.361341378907841,9.36809044660602e-06,5.47940305267798e-05
"ENSG00000261126.7","RBFADN"," lncRNA","chr18",15.9481984983301,1.31530043365898,0.552617371549599,0.000474644554533936,0.00184451199189986
"ENSG00000235563.1","AL445183.2"," lncRNA","chr1",14.8822545769002,1.31511993075567,1.99105236335415,0.00366159967077528,0.0111452781797813
"ENSG00000272977.1","AL008721.2"," lncRNA","chr22",31.8904290432642,1.31506010220251,0.575049861100942,0.000558282059670875,0.00212841842877268
"ENSG00000204116.11","CHIC1"," protein_coding","chrX",298.170484998363,1.31504602597052,0.233771572834499,7.91692688556477e-10,9.94525582795171e-09
"ENSG00000136108.15","CKAP2"," protein_coding","chr13",346.038097833235,1.31496990410963,0.472209875634588,0.000153904464005885,0.000677928014283853
"ENSG00000148297.16","MED22"," protein_coding","chr9",794.683865580197,1.31494123439316,0.227899000187489,3.33403701479188e-10,4.46718078477099e-09
"ENSG00000184304.16","PRKD1"," protein_coding","chr14",241.80219299457,1.31491923326273,0.295545430783754,3.23437333593263e-07,2.53270968686762e-06
"ENSG00000226823.1","SUGT1P1"," unprocessed_pseudogene","chr9",14.2204648947308,1.31409276784375,0.591455638457595,0.000710584039959134,0.00263467978410677
"ENSG00000134504.14","KCTD1"," protein_coding","chr18",327.120195451793,1.31289066824748,0.27324602824425,6.38061824415382e-08,5.72665395580685e-07
"ENSG00000134940.14","ACRV1"," protein_coding","chr11",4.13300362372694,1.31265053871982,0.84948314792855,0.00304395405473678,0.00947791372999755
"ENSG00000204272.13","NBDY"," protein_coding","chrX",620.575352534787,1.31263469967572,0.282798820036385,1.3498373986634e-07,1.14391072288242e-06
"ENSG00000196756.13","SNHG17"," lncRNA","chr20",655.857585508757,1.3113668003519,0.334490202922969,3.38434927718032e-06,2.15918819042154e-05
"ENSG00000139155.9","SLCO1C1"," protein_coding","chr12",7.66461621885557,1.31047621500674,0.99533955289929,0.00309050855519241,0.00960306874450196
"ENSG00000125633.11","CCDC93"," protein_coding","chr2",877.659189762496,1.30981456674545,0.19516839184563,8.8344110762071e-13,1.83279471324242e-11
"ENSG00000185986.12","SDHAP3"," transcribed_unprocessed_pseudogene","chr5",442.78848688627,1.30964720354986,0.51094017197736,0.000282991875309113,0.00116419236444059
"ENSG00000104880.18","ARHGEF18"," protein_coding","chr19",1596.65866521972,1.30950694978271,0.229558794756432,5.91300310330578e-10,7.59807874538883e-09
"ENSG00000101868.13","POLA1"," protein_coding","chrX",447.845714138651,1.30914513491191,0.227648152922673,3.81362400164443e-10,5.05864477053054e-09
"ENSG00000205763.13","RP9P"," transcribed_unprocessed_pseudogene","chr7",114.496607977212,1.30826090699546,0.287234592380787,2.00975267514612e-07,1.64947877831562e-06
"ENSG00000248367.1","AC008610.1"," lncRNA","chr5",16.3722289377802,1.30771568200765,0.503561703946855,0.000285015610613773,0.00117109738639148
"ENSG00000279799.1","AC006077.2"," TEC","chr5",12.7315232030995,1.30729429381538,0.808735083140268,0.00190320999366605,0.00629204718409216
"ENSG00000253320.7","MAILR"," lncRNA","chr8",175.102822832087,1.30635307765927,0.438052977382591,8.63202439614615e-05,0.000404738015771077
"ENSG00000263843.1","AC022211.2"," lncRNA","chr17",26.7543112149677,1.30633729919164,0.474686821631263,0.000172987567264061,0.000753227996645082
"ENSG00000101367.9","MAPRE1"," protein_coding","chr20",2479.47241998638,1.30542379893025,0.237112297017749,1.6751661903727e-09,1.99115414046378e-08
"ENSG00000132825.7","PPP1R3D"," protein_coding","chr20",129.120995829352,1.30511361738215,0.265393524806123,3.43813295603797e-08,3.26880378731003e-07
"ENSG00000235192.1","AC009495.3"," lncRNA","chr2",6.14522381932462,1.30483295203306,3.68821070758579,0.00447261128911588,0.0132206727495157
"ENSG00000161996.19","WDR90"," protein_coding","chr16",960.946507989251,1.3047249185969,0.295391594179449,4.04630814607422e-07,3.11498448965001e-06
"ENSG00000124224.17","PPP4R1L"," transcribed_unprocessed_pseudogene","chr20",167.284316905458,1.30428105237086,0.378542409171505,1.90385348962695e-05,0.000103995322919342
"ENSG00000215241.4","LINC02449"," lncRNA","chr12",15.1272062499437,1.30373388394478,0.427060004778015,8.21614383375936e-05,0.000387355260201918
"ENSG00000148468.17","FAM171A1"," protein_coding","chr10",3034.51201849947,1.30358968417353,0.583474601776762,0.000616726656494332,0.00232090050874509
"ENSG00000224687.2","RASAL2-AS1"," lncRNA","chr1",28.0815660330001,1.30337357290137,0.329879998694615,3.06772969085662e-06,1.97576964788246e-05
"ENSG00000122359.18","ANXA11"," protein_coding","chr10",7793.35018239675,1.30038682201495,0.235112833127283,2.0046432307829e-09,2.33800233501425e-08
"ENSG00000279649.1","AC020978.9"," TEC","chr16",5.31190941406169,1.29992673882577,0.917449918556121,0.00317794806593871,0.00983348197083067
"ENSG00000124574.15","ABCC10"," protein_coding","chr6",551.546109996778,1.29942538037245,0.181339406078305,3.02541353691768e-14,7.90047336243077e-13
"ENSG00000112769.20","LAMA4"," protein_coding","chr6",1242.1677516028,1.29889896016731,0.60149676081142,0.000710849004871407,0.0026349923272454
"ENSG00000261087.1","ZNNT1"," lncRNA","chr8",176.079318100867,1.29883006138257,0.393333767594532,3.11378411944544e-05,0.000162131326276516
"ENSG00000079482.13","OPHN1"," protein_coding","chrX",108.127873568699,1.29859553131994,0.303388263388374,7.22545929567295e-07,5.31281628927361e-06
"ENSG00000272716.1","AL121658.1"," lncRNA","chr2",4.77280291976981,1.29706639962807,0.806728569021692,0.00266974654022914,0.00845260358536239
"ENSG00000152527.14","PLEKHH2"," protein_coding","chr2",355.623544730193,1.29629223340576,0.694004315195083,0.00122118354537046,0.00425540141721331
"ENSG00000035664.11","DAPK2"," protein_coding","chr15",341.021105205239,1.29540274687557,0.644956252655999,0.000984081888892818,0.00352247939834515
"ENSG00000279348.1","AC012513.3"," TEC","chr2",70.3788789736703,1.29515830826636,0.412520673492509,5.42658807471801e-05,0.000267062843852623
"ENSG00000229320.3","KRT8P12"," transcribed_processed_pseudogene","chr3",223.499140676754,1.29476454662765,0.277390234913535,1.24266519779588e-07,1.05738918187013e-06
"ENSG00000139055.7","ERP27"," protein_coding","chr12",40.0594950523479,1.29198227762451,0.497792767493031,0.000265937826299933,0.00110061584213149
"ENSG00000277182.1","AC006449.5"," lncRNA","chr17",9.69304914530148,1.2916154464299,0.529087354660307,0.000462609855240343,0.00180302871024927
"ENSG00000125895.5","TMEM74B"," protein_coding","chr20",40.8496732890999,1.29086608126705,0.979953295271824,0.00253076565953092,0.00806422367520836
"ENSG00000205181.7","LINC00654"," lncRNA","chr20",71.8123212366327,1.29014184772332,0.735011561992554,0.00147599783898972,0.00502080244495524
"ENSG00000130816.17","DNMT1"," protein_coding","chr19",1542.79254389623,1.28986250980578,0.263831227381762,4.19046606603343e-08,3.9001820255306e-07
"ENSG00000257829.1","AC121757.1"," lncRNA","chr12",8.84180732134411,1.28976928875819,1.03254495579421,0.00319998605649615,0.00989194502775925
"ENSG00000165868.16","HSPA12A"," protein_coding","chr10",456.9372436502,1.28940052673168,0.223374315103429,3.37940236169126e-10,4.52173337101708e-09
"ENSG00000105556.11","MIER2"," protein_coding","chr19",395.177694637849,1.28884919062209,0.20341679711348,9.93936913044587e-12,1.72984163583518e-10
"ENSG00000103335.22","PIEZO1"," protein_coding","chr16",4811.67715628034,1.2887003863414,0.371316442143151,1.92611553590741e-05,0.000105014699190436
"ENSG00000215840.3","AL592295.1"," processed_pseudogene","chr1",3.06743587455212,1.28840253350256,0.832393596861526,0.00400871096342586,0.0120484379280957
"ENSG00000162576.17","MXRA8"," protein_coding","chr1",1363.81900061876,1.2872338683229,0.533753087026017,0.000408019412719522,0.00161179824615598
"ENSG00000181638.20","ZFP41"," protein_coding","chr8",224.940485678921,1.28604683020116,0.187515561064048,3.06886360092782e-13,6.83325819660028e-12
"ENSG00000188710.3","QRFP"," protein_coding","chr9",6.40901562632198,1.28539507931047,0.887126812194956,0.002895974175672,0.00907235213512797
"ENSG00000175985.10","PLEKHD1"," protein_coding","chr14",7.4657550147879,1.28438241005535,1.02926566949664,0.00318697689322738,0.00985799883335626
"ENSG00000228393.4","LINC01004"," lncRNA","chr7",63.4126692134109,1.28435037786272,0.390484615253301,3.29961981964545e-05,0.000170922767748603
"ENSG00000126562.17","WNK4"," protein_coding","chr17",28.7532578845397,1.28424338129719,0.532996380348549,0.000422905028293303,0.0016663132203549
"ENSG00000122642.11","FKBP9"," protein_coding","chr7",2479.03669228498,1.28353943785418,0.156970508469177,1.03000635049485e-17,4.56352850408334e-16
"ENSG00000088899.15","LZTS3"," protein_coding","chr20",1325.40547852196,1.2834952268156,0.662869234856672,0.00112398565438405,0.00396049789187472
"ENSG00000136367.14","ZFHX2"," protein_coding","chr14",77.8390768159061,1.28337421796235,0.521621301122994,0.000369185959721738,0.00147638953374327
"ENSG00000142920.17","AZIN2"," protein_coding","chr1",131.629853744288,1.28266078211581,0.285606628148391,2.72602324681334e-07,2.17552317609571e-06
"ENSG00000173546.7","CSPG4"," protein_coding","chr15",542.47711882745,1.28219804058401,0.647998276708391,0.00101121511081468,0.00360720723582651
"ENSG00000157368.11","IL34"," protein_coding","chr16",335.403115133747,1.28167678210008,0.641637808875464,0.000987525791234362,0.00353350586414562
"ENSG00000154930.15","ACSS1"," protein_coding","chr20",1152.93720623901,1.2814098978213,0.529879883892249,0.000430941505292657,0.00169340330969709
"ENSG00000088854.12","C20orf194"," protein_coding","chr20",618.129479931984,1.28130702532753,0.238347770132837,3.13119221355718e-09,3.54556466138391e-08
"ENSG00000196498.13","NCOR2"," protein_coding","chr12",4523.32274769039,1.27998140287688,0.192491421088912,1.44002128848703e-12,2.86912438277856e-11
"ENSG00000103257.9","SLC7A5"," protein_coding","chr16",1066.03172297378,1.27986964184976,0.736014446924775,0.00152177144890106,0.00516145946430175
"ENSG00000247373.3","TMED2-DT"," lncRNA","chr12",75.9052019035024,1.27952690966269,0.385846647884479,3.09049926374674e-05,0.000160976380400408
"ENSG00000280046.1","AC104581.4"," TEC","chr17",24.2593426470717,1.27935239514965,0.64578468539457,0.00106964788707681,0.00379107645420941
"ENSG00000005961.19","ITGA2B"," protein_coding","chr17",27.9588024306626,1.27921205819722,0.591781268414137,0.000721769398039982,0.00267072073721023
"ENSG00000154237.13","LRRK1"," protein_coding","chr15",407.671636633477,1.27912980067694,0.420678873323085,7.29865647722006e-05,0.000348037454281563
"ENSG00000160796.18","NBEAL2"," protein_coding","chr3",1502.88716944958,1.27843366910745,0.272773167543407,1.12631162445486e-07,9.65424148507897e-07
"ENSG00000106571.15","GLI3"," protein_coding","chr7",105.932206963155,1.2780225327371,0.679703994242587,0.00121564339365179,0.00423898411828202
"ENSG00000173698.18","ADGRG2"," protein_coding","chrX",164.879303329213,1.27790714788247,1.67502586751099,0.00342922068706258,0.0105169738430163
"ENSG00000117586.11","TNFSF4"," protein_coding","chr1",132.687926608709,1.2775420240267,0.960969638216281,0.00248648664521623,0.00793700251196237
"ENSG00000166949.16","SMAD3"," protein_coding","chr15",3266.85394393161,1.27729234287228,0.276959279587518,1.78290245967316e-07,1.48163765943608e-06
"ENSG00000168542.16","COL3A1"," protein_coding","chr2",26441.661975773,1.27725853441947,0.49772080518593,0.000332966021736665,0.00134500566237873
"ENSG00000161638.11","ITGA5"," protein_coding","chr12",6815.04110645248,1.2771513559802,0.536572398320524,0.000479654138003273,0.00186149967421733
"ENSG00000129009.13","ISLR"," protein_coding","chr15",1260.55537887042,1.27675432035752,0.604859959022763,0.000787834563110419,0.00289352132603473
"ENSG00000160678.12","S100A1"," protein_coding","chr1",32.2019644573844,1.27626230836874,0.790423197093392,0.00187262354669554,0.0061996451201404
"ENSG00000212232.1","SNORD17"," snoRNA","chr20",4.85829368800366,1.27599439501393,0.762461513671994,0.00253834637437088,0.00808661264679165
"ENSG00000271871.1","AC005740.4"," lncRNA","chr5",7.09578010699233,1.27589310761307,0.804141492671337,0.00235037708344181,0.00755045695450597
"ENSG00000137672.13","TRPC6"," protein_coding","chr11",32.9055232093216,1.27464176098257,0.473227662245698,0.000202418882961591,0.000866249471406492
"ENSG00000166313.19","APBB1"," protein_coding","chr11",766.423773852975,1.27434156614798,0.341249789272678,6.73465080317002e-06,4.05037173768384e-05
"ENSG00000154080.14","CHST9"," protein_coding","chr18",1909.92881847522,1.27414449445225,0.580210725900811,0.00069362996640461,0.00257861766831396
"ENSG00000170571.12","EMB"," protein_coding","chr5",543.563786022984,1.27382134869432,0.660849794955166,0.00110995699694474,0.0039172819895803
"ENSG00000105245.9","NUMBL"," protein_coding","chr19",554.982034604937,1.2734971461649,0.318486448257851,2.53198537932631e-06,1.65743899303342e-05
"ENSG00000188993.3","LRRC66"," protein_coding","chr4",31.6610861141368,1.27175668080536,0.692103211057238,0.00133531221329765,0.00460126662134426
"ENSG00000183853.18","KIRREL1"," protein_coding","chr1",970.499827759875,1.27115185582475,0.392855400946499,4.21846177776832e-05,0.000212849527064045
"ENSG00000153246.13","PLA2R1"," protein_coding","chr2",288.599907516606,1.27086979553195,0.424210876489038,8.75300164560718e-05,0.000409895795040684
"ENSG00000164669.13","INTS4P1"," transcribed_unprocessed_pseudogene","chr7",15.8494997800782,1.27019849420401,0.895580395245712,0.00245260234965497,0.00783999539036557
"ENSG00000224578.5","HNRNPA1P48"," protein_coding","chr16",51.9631742075641,1.26891455683257,0.416663703864267,7.12085332609461e-05,0.000340616875481885
"ENSG00000182952.5","HMGN4"," protein_coding","chr6",1400.82047594641,1.26820236947154,0.130975518320046,1.62685731932124e-23,1.6947786124029e-21
"ENSG00000223820.5","CFL1P1"," transcribed_unprocessed_pseudogene","chr10",15.730840948705,1.26807806009905,0.456462444624843,0.000188253547298961,0.000812543314762264
"ENSG00000171960.12","PPIH"," protein_coding","chr1",454.428090682764,1.26731900819897,0.429595231230511,9.56811668442022e-05,0.000444061090800085
"ENSG00000121281.13","ADCY7"," protein_coding","chr16",173.982714253463,1.26698653764251,0.386737160923026,3.40221421148944e-05,0.000175613495549346
"ENSG00000178409.14","BEND3"," protein_coding","chr6",127.583002223073,1.26695764273157,0.318616137242138,2.68537700625096e-06,1.74921308386186e-05
"ENSG00000120594.17","PLXDC2"," protein_coding","chr10",1058.36395642123,1.26446536374438,0.298346626530971,8.67078992185418e-07,6.27121922218112e-06
"ENSG00000143324.14","XPR1"," protein_coding","chr1",1235.90343934652,1.26407186452852,0.204876453707126,3.07447527880154e-11,4.91663209470188e-10
"ENSG00000245275.8","SAP30L-AS1"," lncRNA","chr5",37.0218622020779,1.26342760505726,0.412234276198022,6.98212865833044e-05,0.000334614715323868
"ENSG00000188368.10","PRR19"," protein_coding","chr19",21.9599005475625,1.26336858971538,0.367669919826559,2.04234829663877e-05,0.000110423090759326
"ENSG00000150636.17","CCDC102B"," protein_coding","chr18",135.509024677405,1.26311078239333,0.361065627581866,1.57637111101649e-05,8.74998457416557e-05
"ENSG00000182324.7","KCNJ14"," protein_coding","chr19",36.3738102404619,1.26301877103486,0.490592479375703,0.000278160851388452,0.00114648493346754
"ENSG00000120328.6","PCDHB12"," protein_coding","chr5",47.7860812410407,1.26289386981645,0.560043468294292,0.000583029389330838,0.00220948216933756
"ENSG00000286977.1","Z83745.1"," lncRNA","chrX",42.8929649721577,1.26281281323866,0.429405795234951,0.000100005836980709,0.000462586466680986
"ENSG00000171791.14","BCL2"," protein_coding","chr18",542.378965079292,1.26251089883602,0.389967520482458,3.93960342306444e-05,0.000199850943038898
"ENSG00000171291.8","ZNF439"," protein_coding","chr19",92.8294346470965,1.26220106968225,0.727501620599994,0.0015504061860352,0.00524698898253402
"ENSG00000111261.14","MANSC1"," protein_coding","chr12",1022.27766469849,1.26162022496433,0.381829996129413,3.31107655692365e-05,0.000171485781407859
"ENSG00000095002.15","MSH2"," protein_coding","chr2",596.569343066105,1.26152853551173,0.181910577624706,1.48096171060324e-13,3.45309129788855e-12
"ENSG00000244752.3","CRYBB2"," protein_coding","chr22",7.80054898630898,1.26126725475446,1.14427347494267,0.00346356262895348,0.0106122540256244
"ENSG00000280213.1","UCKL1-AS1"," lncRNA","chr20",17.0022358049189,1.25955784186258,0.790717982793032,0.00201131654340557,0.00659117989603382
"ENSG00000189149.12","CRYM-AS1"," transcribed_unitary_pseudogene","chr16",5.60067641042481,1.25755961168757,0.676624860387805,0.00175984327955215,0.00587063913783814
"ENSG00000132205.11","EMILIN2"," protein_coding","chr18",337.726258119999,1.25704492142843,0.505936561217519,0.000340003181930177,0.00136963856010514
"ENSG00000164707.15","SLC13A4"," protein_coding","chr7",43.5818642830454,1.25670355150195,0.549660887726133,0.000565584991114185,0.00215204130000126
"ENSG00000237036.5","ZEB1-AS1"," lncRNA","chr10",165.052720946638,1.25576647290522,0.38586976157711,3.67791011157617e-05,0.000188212210604501
"ENSG00000259120.3","SMIM6"," protein_coding","chr17",248.368317287984,1.25549322374311,0.503979965374962,0.000334326223232407,0.00134981687982972
"ENSG00000157388.19","CACNA1D"," protein_coding","chr3",446.152234424351,1.25542906294997,0.434623298413238,0.000117014560728024,0.000532065116426461
"ENSG00000158234.12","FAIM"," protein_coding","chr3",452.82544410554,1.25525577295729,0.276643922031823,2.19006222228569e-07,1.78441131178356e-06
"ENSG00000156103.16","MMP16"," protein_coding","chr8",52.9052012213404,1.25494250748085,0.616950459544775,0.000934642778824776,0.00336741541693922
"ENSG00000164924.18","YWHAZ"," protein_coding","chr8",15418.5575803117,1.2539620625927,0.235924420985903,6.44788589865155e-09,6.9504206865398e-08
"ENSG00000126903.16","SLC10A3"," protein_coding","chrX",781.437575207351,1.25382508290142,0.251292870241992,2.69136410261889e-08,2.60638776591269e-07
"ENSG00000014216.16","CAPN1"," protein_coding","chr11",8145.634176493,1.25354682097463,0.250744935651379,2.70834724637249e-08,2.62072492960702e-07
"ENSG00000164430.16","CGAS"," protein_coding","chr6",111.108437389424,1.25338146969581,0.568813224724937,0.000646502689543155,0.00242170758331633
"ENSG00000258634.3","AL160006.1"," lncRNA","chr1",108.265118860757,1.25331668843186,0.341218787826623,8.64327295174639e-06,5.09118797919004e-05
"ENSG00000153982.11","GDPD1"," protein_coding","chr17",105.421127628025,1.25259884971837,0.329853583569304,5.46416542562085e-06,3.3378898701557e-05
"ENSG00000164649.20","CDCA7L"," protein_coding","chr7",262.972795015089,1.25245169107208,0.632666240518577,0.0010202355173005,0.00363599132421342
"ENSG00000280206.1","AC026401.3"," lncRNA","chr16",102.34318186798,1.25202920028994,0.398089702956354,5.19561206198183e-05,0.000256996452833556
"ENSG00000182257.8","PRR34"," lncRNA","chr22",11.8298319394127,1.25085033051298,0.471715689095655,0.000259693608615022,0.00107967543752731
"ENSG00000123136.15","DDX39A"," protein_coding","chr19",1628.41150771322,1.25082331963447,0.241709764055176,9.23948759278138e-09,9.72246080785859e-08
"ENSG00000167766.18","ZNF83"," protein_coding","chr19",754.106138798191,1.25055653035851,0.500438106513661,0.000329922594091792,0.00133418995522854
"ENSG00000010803.16","SCMH1"," protein_coding","chr1",956.853904673274,1.25048380480908,0.253897238026305,3.50051924373526e-08,3.32270243477104e-07
"ENSG00000158163.15","DZIP1L"," protein_coding","chr3",116.421582685718,1.24942836044286,0.49506390754263,0.000309636807852524,0.00126019199780247
"ENSG00000135919.14","SERPINE2"," protein_coding","chr2",1482.34612742059,1.24742288052828,0.623811570149368,0.00100857213366692,0.00359909965340474
"ENSG00000106003.13","LFNG"," protein_coding","chr7",294.158606507249,1.24729496602721,0.460362378924926,0.000189137275220427,0.000815633527632265
"ENSG00000264057.1","AC103810.1"," transcribed_unprocessed_pseudogene","chr17",6.54410582143401,1.24594323525817,0.78810009778768,0.00245835279215242,0.00785407366859736
"ENSG00000175322.12","ZNF519"," protein_coding","chr18",68.8926424426885,1.24552163860871,0.377388967194412,3.24856441175367e-05,0.000168547448108222
"ENSG00000224086.6","PPM1F-AS1"," lncRNA","chr22",90.9227430328361,1.24546297617252,0.331381332989589,6.29322230411465e-06,3.80449743810819e-05
"ENSG00000064042.18","LIMCH1"," protein_coding","chr4",1566.15195147278,1.24462466950417,0.554507844483189,0.0006071798768735,0.00228999609885223
"ENSG00000168589.15","DYNLRB2"," protein_coding","chr16",18.8388061289093,1.24395922422152,0.800773401709858,0.00203232822572081,0.00665256222826285
"ENSG00000112759.19","SLC29A1"," protein_coding","chr6",3014.47273397247,1.24392090845306,0.226146200893598,0.00320231211206868,0.00989808646783207
"ENSG00000099219.14","ERMP1"," protein_coding","chr9",1689.70963724134,1.24366570045395,0.340767675251615,9.4215479183681e-06,5.50528057015999e-05
"ENSG00000151640.13","DPYSL4"," protein_coding","chr10",18.4182394556815,1.24360113911891,0.738369693294001,0.00256002235270993,0.00814765870225814
"ENSG00000233237.8","LINC00472"," lncRNA","chr6",277.977279917946,1.24276200725265,0.368949645106568,2.5285665516109e-05,0.000134198976972231
"ENSG00000172986.13","GXYLT2"," protein_coding","chr3",33.9174197038785,1.24260720132369,0.690108861167051,0.00140801568433038,0.00481425501069427
"ENSG00000117602.13","RCAN3"," protein_coding","chr1",388.353243436793,1.24219548202588,0.223872430307252,1.20617974691908e-09,1.46535014735038e-08
"ENSG00000174775.17","HRAS"," protein_coding","chr11",949.019352935556,1.24059087203365,0.347623339402647,1.27669951565345e-05,7.22775013350045e-05
"ENSG00000183963.19","SMTN"," protein_coding","chr22",2209.13030737461,1.24038119343962,0.604504666147783,0.000966115670736585,0.00346838498458036
"ENSG00000170681.7","CAVIN4"," protein_coding","chr9",14.7061988552036,1.23979841577732,0.559989335220028,0.000720626078576119,0.00266716686790849
"ENSG00000198825.15","INPP5F"," protein_coding","chr10",352.437186234642,1.23961399538335,0.330041030182985,6.10741196933591e-06,3.69829976611084e-05
"ENSG00000106077.18","ABHD11"," protein_coding","chr7",933.514982276372,1.23840855947493,0.322020454557512,4.38612689103137e-06,2.74017852397717e-05
"ENSG00000186010.19","NDUFA13"," protein_coding","chr19",45.0655390011452,1.23778406376536,0.369862249353733,2.76902608414221e-05,0.000145724237787216
"ENSG00000140104.14","CLBA1"," protein_coding","chr14",368.60653296802,1.23778075926663,0.249120596337003,2.76038564427154e-08,2.66614863767406e-07
"ENSG00000198863.7","RUNDC1"," protein_coding","chr17",619.319578818567,1.23744756579982,0.146681369598235,1.48983374610484e-18,7.55773226784906e-17
"ENSG00000171451.14","DSEL"," protein_coding","chr18",804.795184461549,1.23720541941091,0.579284389957766,0.00080014780846059,0.00293394235386385
"ENSG00000286532.1","PARTICL"," lncRNA","chr2",73.7987648995667,1.23712516349964,0.341924489332299,1.01991973131505e-05,5.90982094611217e-05
"ENSG00000153012.12","LGI2"," protein_coding","chr4",71.550876687367,1.2363681073858,0.461174295270961,0.000209986174729528,0.000894733008041957
"ENSG00000274808.5","TBC1D3B"," protein_coding","chr17",8.80776850783992,1.23533600967708,1.77810045805752,0.00405932955459861,0.0121704783408456
"ENSG00000185298.13","CCDC137"," protein_coding","chr17",752.521186952047,1.23472868536438,0.212052535093346,2.43765131602931e-10,3.34763894714025e-09
"ENSG00000175274.19","TP53I11"," protein_coding","chr11",1455.48660225711,1.2337706289574,0.341024790238613,1.09958441759452e-05,6.31622250429589e-05
"ENSG00000213015.9","ZNF580"," protein_coding","chr19",419.692080902502,1.23376480537193,0.306846240131908,2.2064506496516e-06,1.46539068760673e-05
"ENSG00000203950.6","RTL8A"," protein_coding","chrX",1070.46169481638,1.23366835635495,0.224313825976851,1.61658750482106e-09,1.92544879249186e-08
"ENSG00000286535.1","AC139019.1"," lncRNA","chr8",16.9041304163769,1.23338463812937,0.410342472145285,9.29995847254286e-05,0.00043292449518928
"ENSG00000113300.13","CNOT6"," protein_coding","chr5",869.327231057278,1.23295599745757,0.158045062108765,2.73970585662991e-16,9.53633414463459e-15
"ENSG00000164916.11","FOXK1"," protein_coding","chr7",726.196886566413,1.23241180239502,0.200161794644233,3.39365453946581e-11,5.39452366548656e-10
"ENSG00000143537.14","ADAM15"," protein_coding","chr1",2969.1981732868,1.23136296286073,0.26810367541625,1.82889839784817e-07,1.51554367519412e-06
"ENSG00000243335.10","KCTD7"," protein_coding","chr7",280.378968943097,1.22931403825715,0.238276356012531,1.01719888596273e-08,1.06156258692833e-07
"ENSG00000223461.1","AC004471.1"," lncRNA","chr22",5.63839309546474,1.22910085184903,0.957212202735964,0.00351284605995251,0.0107485793268388
"ENSG00000270426.1","AC099343.2"," lncRNA","chr4",5.93802333849962,1.22909328604961,0.599165801063563,0.00130371715271048,0.00450783850490895
"ENSG00000135365.16","PHF21A"," protein_coding","chr11",1014.97466940593,1.22908835386489,0.238592211100591,1.06443676728879e-08,1.10611172301556e-07
"ENSG00000175505.11","CLCF1"," protein_coding","chr11",547.526966999642,1.22859666379688,0.626749865215156,0.00104715497896356,0.00371587148192069
"ENSG00000279789.1","AC120114.3"," TEC","chr16",51.346102001586,1.22810823066339,0.66643874173494,0.00131334640222558,0.00453790585246599
"ENSG00000136295.15","TTYH3"," protein_coding","chr7",3091.16500204797,1.22750947343323,0.381387648239296,4.37442194358068e-05,0.00022003365006433
"ENSG00000187792.5","ZNF70"," protein_coding","chr22",135.212916782287,1.22681063007525,0.304304088102554,2.05423247832953e-06,1.37210687337747e-05
"ENSG00000165359.16","INTS6L"," protein_coding","chrX",161.78205027616,1.22646347585242,0.367271979720532,2.88787815165373e-05,0.000151395610721761
"ENSG00000143157.12","POGK"," protein_coding","chr1",2316.56310683742,1.22634705997326,0.255384060700402,8.05176201878105e-08,7.10196088073252e-07
"ENSG00000187109.15","NAP1L1"," protein_coding","chr12",8944.56533200469,1.22576125638542,0.273311166628332,3.49518598690758e-07,2.72087216578882e-06
"ENSG00000260086.3","AC007611.1"," lncRNA","chr16",15.9248136672558,1.22533298599483,0.593256413871869,0.000936560732029917,0.00337349221938511
"ENSG00000260669.2","AL096870.2"," lncRNA","chr14",3.91233430980572,1.22467560947591,0.930919458145228,0.00413803783459264,0.0123695865543382
"ENSG00000100968.14","NFATC4"," protein_coding","chr14",315.342947588227,1.22442499251097,0.43086806739028,0.000131405623092687,0.000588330102838155
"ENSG00000164983.7","TMEM65"," protein_coding","chr8",820.668679892965,1.22413339552081,0.260362614162766,1.02223491060911e-07,8.85319777540294e-07
"ENSG00000274213.1","AC015912.3"," lncRNA","chr17",16.9495841735502,1.22378522484088,0.820040095362163,0.00223231043421144,0.00721967657783718
"ENSG00000004139.14","SARM1"," protein_coding","chr17",208.335286878506,1.22362270686577,0.385805472061929,4.91672241377882e-05,0.000244611762045905
"ENSG00000259577.2","CERNA1"," lncRNA","chr15",14.7141181399816,1.22340266666374,0.510759957961072,0.000484717655658958,0.00187890090337756
"ENSG00000286431.1","BX842570.1"," lncRNA","chrX",65.3705157599384,1.22326298636991,0.495502490841829,0.000364057116503647,0.00145747763262351
"ENSG00000212747.5","RTL8B"," protein_coding","chrX",246.115144976596,1.22277690009521,0.514870628680153,0.000443890159277137,0.0017398323106631
"ENSG00000204604.12","ZNF468"," protein_coding","chr19",348.609460377064,1.221834065454,0.461352207752344,0.000225639172682739,0.000954003337872563
"ENSG00000147676.14","MAL2"," protein_coding","chr8",3364.13901250536,1.22162918105819,0.300318654314098,2.08991312545377e-06,1.39466199854406e-05
"ENSG00000108468.15","CBX1"," protein_coding","chr17",1385.71408820054,1.22142137455231,0.183716991976435,1.19113356011286e-12,2.40444116366311e-11
"ENSG00000280294.1","AC011008.2"," TEC","chr8",17.8579288057545,1.22025700076802,1.07980038019973,0.00311212119886316,0.00965820441000526
"ENSG00000149257.16","SERPINH1"," protein_coding","chr11",3681.1355930742,1.21951083844363,0.241118420583543,2.46360812484975e-08,2.4025739014959e-07
"ENSG00000122417.15","ODF2L"," protein_coding","chr1",435.358483028868,1.21931159098488,0.259206231405969,1.04309555554795e-07,9.00712085843048e-07
"ENSG00000166263.13","STXBP4"," protein_coding","chr17",344.231952230929,1.21906595573893,0.217923084316664,8.76892712925457e-10,1.09308049330439e-08
"ENSG00000109685.19","NSD2"," protein_coding","chr4",1400.26069059036,1.21816036778655,0.319330697000962,5.72006142514921e-06,3.47745876844888e-05
"ENSG00000109099.16","PMP22"," protein_coding","chr17",871.073616344878,1.21771293347603,0.410634250481784,0.000101123139502975,0.000467161998125164
"ENSG00000179886.6","TIGD5"," protein_coding","chr8",304.81428881659,1.2173434897568,0.287662935509482,8.64217527262768e-07,6.25228960391356e-06
"ENSG00000072274.13","TFRC"," protein_coding","chr3",2340.20125927013,1.21682423936627,0.460831140981361,0.000251723803763108,0.00104953282332277
"ENSG00000085063.17","CD59"," protein_coding","chr11",11509.2886373777,1.21644401411007,0.285709185358589,8.14070839732839e-07,5.92308114845777e-06
"ENSG00000157766.19","ACAN"," protein_coding","chr15",81.0465027521159,1.21559393713302,1.42783254465634,0.00343207966854119,0.0105224229400545
"ENSG00000163482.12","STK36"," protein_coding","chr2",745.983606341537,1.21530783989877,0.248561823482485,4.36883082005068e-08,4.0532578304726e-07
"ENSG00000146376.11","ARHGAP18"," protein_coding","chr6",744.378299975844,1.21492269148435,0.463969608750638,0.000251698252652499,0.00104953282332277
"ENSG00000260563.3","AC132872.1"," lncRNA","chr17",125.420864632576,1.21398165658859,0.487251399742293,0.000335588479673572,0.00135387086633889
"ENSG00000196418.12","ZNF124"," protein_coding","chr1",122.920559631431,1.21357036061886,0.378530516421381,4.32738759953724e-05,0.00021774291683785
"ENSG00000165804.16","ZNF219"," protein_coding","chr14",901.772545549414,1.21320705456019,0.247824463963047,3.90462799103493e-08,3.6645461348294e-07
"ENSG00000273270.1","AC090114.2"," lncRNA","chr7",234.263414325641,1.21279532218197,0.240588528593467,1.79937862261433e-08,1.7913336192163e-07
"ENSG00000203965.13","EFCAB7"," protein_coding","chr1",156.201703414658,1.21224026848569,0.300938066310276,2.21867925758692e-06,1.47284149441404e-05
"ENSG00000231074.9","HCG18"," lncRNA","chr6",564.580920769933,1.21217762795507,0.179327301163841,5.09966123427218e-13,1.08896060426417e-11
"ENSG00000179240.13","GVQW3"," protein_coding","chr11",87.8434958794187,1.21143435248762,0.291744030157384,1.23151029571553e-06,8.59581809421542e-06
"ENSG00000151376.17","ME3"," protein_coding","chr11",351.893139155058,1.21110545700344,0.354210303134592,2.12132750087349e-05,0.000114311845322333
"ENSG00000177614.11","PGBD5"," protein_coding","chr1",630.136281493755,1.21109700449503,0.449703867586928,0.000214471855571321,0.000911146163000273
"ENSG00000146083.12","RNF44"," protein_coding","chr5",1564.2598703179,1.21024797096797,0.192664105421358,1.54971042219286e-11,2.63270258036946e-10
"ENSG00000094975.14","SUCO"," protein_coding","chr1",1312.20445751575,1.20941569721403,0.27836785836094,5.40974998202068e-07,4.06798136699049e-06
"ENSG00000105499.14","PLA2G4C"," protein_coding","chr19",701.390510444867,1.20935674262719,0.549651944845852,0.000659217170280552,0.00246395510506323
"ENSG00000170390.16","DCLK2"," protein_coding","chr4",130.257232838804,1.20921651469083,0.319156475809588,5.3519821454477e-06,3.27553435166941e-05
"ENSG00000187554.14","TLR5"," protein_coding","chr1",208.508812720388,1.20843942935227,0.439260631219514,0.00017310955348639,0.000753646651588731
"ENSG00000174282.12","ZBTB4"," protein_coding","chr17",2203.23650105819,1.20829671255869,0.250452129788254,6.33340456278388e-08,5.69478159480121e-07
"ENSG00000197599.12","CCDC154"," protein_coding","chr16",39.9554553738435,1.20813361026961,0.553672639621912,0.000690643899596404,0.00256923758542629
"ENSG00000185262.9","UBALD2"," protein_coding","chr17",2367.57078129159,1.20812371796984,0.380485657628688,5.31442819438319e-05,0.000262295357025319
"ENSG00000078699.22","CBFA2T2"," protein_coding","chr20",760.953721739405,1.20741116322668,0.235989319885962,1.2735399785177e-08,1.30664395474438e-07
"ENSG00000048140.18","TSPAN17"," protein_coding","chr5",1609.80314665207,1.2073769711957,0.242402958427098,2.54079626852022e-08,2.46961374446095e-07
"ENSG00000112541.17","PDE10A"," protein_coding","chr6",147.844924259949,1.20727670409493,0.920038711804815,0.00256971669872795,0.00817316174737713
"ENSG00000183833.16","CFAP91"," protein_coding","chr3",65.8282663521702,1.20713708065972,0.887005075521924,0.00247598505610633,0.00790694198615782
"ENSG00000267481.1","AC011477.1"," lncRNA","chr19",33.5771515275228,1.20712668641956,0.351224220065087,2.13213989241949e-05,0.000114788461650026
"ENSG00000133056.13","PIK3C2B"," protein_coding","chr1",1070.26388202229,1.20683391659822,0.387221863589599,5.81812213612018e-05,0.000283980649247066
"ENSG00000234742.1","AC144530.1"," processed_pseudogene","chr3",62.687631291215,1.20631387631205,0.487274626135337,0.000354962715113363,0.0014234131753013
"ENSG00000131242.18","RAB11FIP4"," protein_coding","chr17",827.995661071486,1.20625826052863,0.326344378117725,7.84539274959688e-06,4.64748702504044e-05
"ENSG00000135486.19","HNRNPA1"," protein_coding","chr12",13694.627646937,1.20594288619191,0.224143932707074,3.38522039352069e-09,3.82134263384695e-08
"ENSG00000186564.6","FOXD2"," protein_coding","chr1",62.4307007085173,1.20592973236276,0.466088720802768,0.000267622891520087,0.00110696144678806
"ENSG00000018408.15","WWTR1"," protein_coding","chr3",3754.67333747506,1.20585339163607,0.350023870139785,2.07503645718792e-05,0.000112024316897491
"ENSG00000212694.8","LINC01089"," lncRNA","chr12",229.696821563329,1.2056817461899,0.509982006785854,0.000472719864880631,0.00183781718555516
"ENSG00000177917.11","ARL6IP6"," protein_coding","chr2",319.702190830199,1.20566056024999,0.280835825765497,6.71397464068135e-07,4.96929526247232e-06
"ENSG00000104381.14","GDAP1"," protein_coding","chr8",210.29041870704,1.20560526227092,0.476796589563986,0.000314797968185775,0.00128012574013814
"ENSG00000169682.18","SPNS1"," protein_coding","chr16",20.5170964791705,1.20532580048635,0.673531968266114,0.00150524069983073,0.00511014501552173
"ENSG00000107281.10","NPDC1"," protein_coding","chr9",1211.74706098521,1.20436647997952,0.543324014313857,0.000693087259351609,0.00257734093167097
"ENSG00000070413.20","DGCR2"," protein_coding","chr22",5589.18039280243,1.20413520088583,0.263160930986579,2.44783711271106e-07,1.97567683289067e-06
"ENSG00000257086.1","AP001453.2"," lncRNA","chr11",8.37188498829663,1.20378149376851,0.967541406448233,0.0031351797741762,0.00971839094930346
"ENSG00000145779.8","TNFAIP8"," protein_coding","chr5",703.51922774854,1.20377658439921,0.398720513460948,8.14209468092912e-05,0.00038442337285209
"ENSG00000180354.16","MTURN"," protein_coding","chr7",567.949488471622,1.20342859589282,0.34794057956101,1.9767668724602e-05,0.000107370220486216
"ENSG00000163435.16","ELF3"," protein_coding","chr1",4346.86872621938,1.20316205097444,0.553997980927313,0.000821649688744182,0.00300071363102279
"ENSG00000116701.15","NCF2"," protein_coding","chr1",622.793814266087,1.20294789628788,0.593920038188944,0.000938930273947883,0.00338077486245967
"ENSG00000273311.1","DGCR11"," lncRNA","chr22",70.441335445194,1.20168262146064,0.323860056411476,7.27793216933527e-06,4.34130886395379e-05
"ENSG00000214391.3","TUBAP2"," processed_pseudogene","chr11",3.48779907440205,1.20132780139453,0.977607128004022,0.00483120688215803,0.0141354179990621
"ENSG00000180543.5","TSPYL5"," protein_coding","chr8",412.684928397578,1.20003537496851,0.837568906517121,0.00227365683257977,0.00733144993914651
"ENSG00000151651.16","ADAM8"," protein_coding","chr10",622.613866774361,1.19969939858764,0.523010526376798,0.000536365473592827,0.00205426004454164
"ENSG00000100206.10","DMC1"," protein_coding","chr22",8.09714956389107,1.19867534133822,0.649944275145698,0.00155907872028046,0.00527389159130937
"ENSG00000198538.11","ZNF28"," protein_coding","chr19",306.897445569255,1.19859553898799,0.500396805107967,0.000424940696537042,0.00167275238559905
"ENSG00000230561.4","CCDC192"," protein_coding","chr5",7.49750377093239,1.19856867523681,0.675230855131812,0.00186227142993649,0.00617139233581202
"ENSG00000167637.18","ZNF283"," protein_coding","chr19",126.010765863375,1.19814869297475,0.35998563401375,2.85137688681748e-05,0.000149670348050349
"ENSG00000251474.6","RPL32P3"," transcribed_unprocessed_pseudogene","chr3",199.268291130342,1.19808393235088,0.280205037107969,7.22412250304103e-07,5.31281628927361e-06
"ENSG00000162636.16","FAM102B"," protein_coding","chr1",610.187267053112,1.19642478485904,0.328929497793527,9.54323661879784e-06,5.57067578414477e-05
"ENSG00000221829.10","FANCG"," protein_coding","chr9",12.7204895651853,1.19623779297915,0.53200673266765,0.00068112363331295,0.00253705724174504
"ENSG00000237529.2","AL137847.2"," lncRNA","chr9",5.82975901822354,1.19611975429179,0.608660599624824,0.00154716192643557,0.00523904878479211
"ENSG00000285796.1","AL162458.1"," lncRNA","chr20",98.3891868411249,1.19586227656388,0.338208462639138,1.43104362191784e-05,8.01807748899761e-05
"ENSG00000146918.20","NCAPG2"," protein_coding","chr7",453.132186331815,1.1951528962894,0.379107657120745,5.14431165894675e-05,0.000254761335789164
"ENSG00000215022.7","AL008729.1"," lncRNA","chr6",18.7895914328351,1.19464713879403,0.561287862451877,0.000812507367262129,0.00297216295405932
"ENSG00000124334.17","IL9R"," protein_coding","chrX",3.50749816075654,1.19426424624641,1.01592165396668,0.00496382342110437,0.014460259428243
"ENSG00000123416.15","TUBA1B"," protein_coding","chr12",1580.35520617026,1.19399939013663,0.389751544038634,7.16013047274476e-05,0.000341934914471991
"ENSG00000176244.7","ACBD7"," protein_coding","chr10",26.6306109407952,1.19393863545368,0.518227091740694,0.000546912477906156,0.00209108534120391
"ENSG00000142798.20","HSPG2"," protein_coding","chr1",5942.97346677855,1.19391066369485,0.524197524362478,0.000590476081471408,0.00223508912800928
"ENSG00000254389.3","RHPN1-AS1"," lncRNA","chr8",28.2747752721306,1.19290464147998,0.487032417693699,0.000395707510229751,0.00156889932933147
"ENSG00000280128.1","AL662795.2"," TEC","chr6",248.179508817691,1.19284976846545,0.308567473631204,4.09593326852649e-06,2.57598700969489e-05
"ENSG00000238228.1","OR7E7P"," unprocessed_pseudogene","chr7",8.7521829374254,1.19194942203165,0.691124135683499,0.00188075948681531,0.00622417443509368
"ENSG00000164066.13","INTU"," protein_coding","chr4",199.740158879519,1.19192988117839,0.303637885148968,3.13818762907095e-06,2.01536316495752e-05
"ENSG00000276772.1","AC025271.4"," lncRNA","chr15",9.06345345981779,1.19170590012905,0.438115318823164,1.75586565811952e-06,1.19136648945542e-05
"ENSG00000165821.12","SALL2"," protein_coding","chr14",146.19678432906,1.19165356399113,0.535492799861771,0.000631021510339069,0.00236980384126179
"ENSG00000135823.14","STX6"," protein_coding","chr1",781.944009607212,1.19122330866776,0.207037954360473,3.63746925866134e-10,4.85367524272153e-09
"ENSG00000184343.11","SRPK3"," protein_coding","chrX",38.0328916979631,1.19105229873758,0.639613887323271,0.00127128832739115,0.00440982390553842
"ENSG00000130758.8","MAP3K10"," protein_coding","chr19",471.213978729447,1.19094726341862,0.246516754015181,5.3666777267698e-08,4.89955000351012e-07
"ENSG00000110237.5","ARHGEF17"," protein_coding","chr11",1305.30923990793,1.19084719542629,0.314435505144233,6.33722740769837e-06,3.82951287041959e-05
"ENSG00000152457.18","DCLRE1C"," protein_coding","chr10",295.676163016753,1.19020805126401,0.223169430836308,3.85762323398981e-09,4.30627677429195e-08
"ENSG00000077514.9","POLD3"," protein_coding","chr11",530.104767810366,1.18976738888483,0.218335207641735,2.15664623265685e-09,2.50327154637356e-08
"ENSG00000239415.1","AP001469.3"," lncRNA","chr21",34.90809575978,1.1890941894153,0.746283279042892,0.00190734357711554,0.00630285542096785
"ENSG00000273381.1","AL158071.4"," lncRNA","chr9",13.1753989994203,1.1886471164377,0.645534590286635,0.00146824211218635,0.00499908418003545
"ENSG00000102302.8","FGD1"," protein_coding","chrX",87.6670401038148,1.18781652487684,0.649666664404705,0.00132786009557904,0.00457902007871839
"ENSG00000113083.15","LOX"," protein_coding","chr5",219.200127076993,1.18696085163568,0.458951178238313,0.000268483035545881,0.00111020437536686
"ENSG00000166596.15","CFAP52"," protein_coding","chr17",10.2739450773087,1.18624299491106,0.463796300659198,0.000355270687405673,0.00142445232727643
"ENSG00000169221.14","TBC1D10B"," protein_coding","chr16",1487.51216310105,1.18577387840173,0.180507510214552,2.11372550175651e-12,4.10214631807955e-11
"ENSG00000240230.6","COX19"," protein_coding","chr7",522.762440591367,1.18450707182333,0.229124188994828,9.59286916458013e-09,1.00797694762838e-07
"ENSG00000160999.10","SH2B2"," protein_coding","chr7",115.396750845881,1.18352392406587,0.363178944383981,3.66413330004513e-05,0.000187616776865682
"ENSG00000141013.17","GAS8"," protein_coding","chr16",399.041320834912,1.18180420874149,0.244472730525967,5.46609957548403e-08,4.97319583647204e-07
"ENSG00000107738.20","VSIR"," protein_coding","chr10",1600.30893111835,1.18143245747004,0.346452423647735,2.22672673938341e-05,0.000119417893475041
"ENSG00000147526.20","TACC1"," protein_coding","chr8",4170.94438717853,1.18119156466756,0.253811603759964,1.3882014582291e-07,1.17368274898039e-06
"ENSG00000275437.1","AL121832.3"," lncRNA","chr20",12.8662595928865,1.18054721141488,0.701949271395015,0.00194409291812123,0.00640307840029629
"ENSG00000133985.3","TTC9"," protein_coding","chr14",493.403556387973,1.18000505107254,0.39330995168294,8.35060904894269e-05,0.000392869218304209
"ENSG00000103145.11","HCFC1R1"," protein_coding","chr16",1500.46729638606,1.17982645593919,0.53319681242436,0.000685088182630711,0.00255019617140827
"ENSG00000270362.1","HMGN3-AS1"," lncRNA","chr6",56.2371133561624,1.17932729292573,0.391549123444063,8.22299342488303e-05,0.000387552908725825
"ENSG00000105708.9","ZNF14"," protein_coding","chr19",92.5537975641231,1.17882629809016,0.387873146003132,7.32478672968302e-05,0.000349169315440634
"ENSG00000126464.14","PRR12"," protein_coding","chr19",1083.18056443382,1.17823532764292,0.210358350081468,9.19800380822095e-10,1.14022887308863e-08
"ENSG00000187607.16","ZNF286A"," protein_coding","chr17",82.8897522982767,1.17726990064243,0.390916909321147,8.20450380932255e-05,0.00038701417060454
"ENSG00000143178.13","TBX19"," protein_coding","chr1",97.7329456436387,1.17701499611842,0.288234099066822,1.61557984880767e-06,1.10388495221061e-05
"ENSG00000169239.13","CA5B"," protein_coding","chrX",159.648615070427,1.1764947593742,0.236103313456451,2.55952269701254e-08,2.48613778052477e-07
"ENSG00000267575.7","AC006504.5"," lncRNA","chr19",84.9724685979167,1.17630898137455,0.205532513922382,4.52004615363024e-10,5.93095934571482e-09
"ENSG00000105287.13","PRKD2"," protein_coding","chr19",1975.58130055023,1.17627397898806,0.23354721660403,1.91975547592863e-08,1.90079251450652e-07
"ENSG00000106211.10","HSPB1"," protein_coding","chr7",13350.3068739569,1.17599756526392,0.461444067537304,0.000324896583616905,0.00131623728437799
"ENSG00000286158.1","AL034548.2"," lncRNA","chr20",29.4517727299582,1.17506774108405,0.650858218752334,0.00141517177057102,0.00483588863352695
"ENSG00000196659.10","TTC30B"," protein_coding","chr2",212.900514504836,1.17428465603269,0.296014957252684,2.66035677938532e-06,1.735240315248e-05
"ENSG00000229056.2","HECW2-AS1"," lncRNA","chr2",11.4736943229447,1.1741892877358,1.2355751038575,0.0037084527650853,0.0112737737055522
"ENSG00000052749.14","RRP12"," protein_coding","chr10",1329.12028693129,1.17322512982214,0.216148751235414,2.47365206700955e-09,2.84406610731579e-08
"ENSG00000006432.15","MAP3K9"," protein_coding","chr14",245.938360505768,1.17293824439341,0.424360578903054,0.000168613892284166,0.00073627224910731
"ENSG00000217624.2","YWHAZP10"," processed_pseudogene","chrX",14.0120815084492,1.172393950877,0.760801800796048,0.00224261895081992,0.00724658825484282
"ENSG00000204371.11","EHMT2"," protein_coding","chr6",1083.37498261049,1.17101205437388,0.282388791599141,1.25187784363965e-06,8.73171325230151e-06
"ENSG00000267344.1","AC003070.1"," lncRNA","chr17",6.97058739544649,1.16952596844994,1.07806729001646,0.00379642872132336,0.0115136233491663
"ENSG00000173457.11","PPP1R14B"," protein_coding","chr11",2203.56268811701,1.16951934693526,0.433055617939306,0.000197251680374564,0.000846620698182113
"ENSG00000270441.1","LAMB2P1"," unprocessed_pseudogene","chr3",24.5306807327779,1.16942122714824,0.470243624594404,0.000354783060400298,0.0014228883663985
"ENSG00000267265.5","AC011476.3"," lncRNA","chr19",13.9212986823159,1.16917508248125,0.449555053816676,0.000303560242232351,0.00123805211209109
"ENSG00000033050.9","ABCF2"," protein_coding","chr7",454.170599565316,1.16789107298716,0.286676146578945,1.70085427490962e-06,1.15700136065389e-05
"ENSG00000147536.12","GINS4"," protein_coding","chr8",72.7201866446338,1.16755741506571,0.487945408034927,0.000437163158669063,0.00171527223045345
"ENSG00000285863.1","AC009554.2"," lncRNA","chr15",11.494826785737,1.1673586916495,0.816361994300291,0.0025540435033294,0.00813040433794776
"ENSG00000270580.5","PKD1P6-NPIPP1"," lncRNA","chr16",6.86844145216806,1.16723812104769,0.691762320089103,0.00212421031073933,0.00690843073095039
"ENSG00000100297.16","MCM5"," protein_coding","chr22",1657.57465996822,1.16715481938513,0.281709568848825,1.39068540802842e-06,9.61253617696235e-06
"ENSG00000163157.15","TMOD4"," protein_coding","chr1",8.98002595509509,1.16689187478556,0.554914582514783,0.000980234587623448,0.00350956949630396
"ENSG00000134874.18","DZIP1"," protein_coding","chr13",375.852800017092,1.165544562228,0.48120082335041,0.000400635104101123,0.00158520419852491
"ENSG00000163156.12","SCNM1"," protein_coding","chr1",695.854211666409,1.1629028161772,0.310628247524619,6.38651061096459e-06,3.85769575504713e-05
"ENSG00000146143.19","PRIM2"," protein_coding","chr6",261.041957703521,1.16219114600001,0.227962372764624,1.38644708450946e-08,1.41156282750634e-07
"ENSG00000177697.19","CD151"," protein_coding","chr11",9263.95151441235,1.16110907712594,0.321457126764005,1.09809738395914e-05,6.30892310275833e-05
"ENSG00000265100.1","AC005332.1"," lncRNA","chr17",7.43623877589251,1.16073872715956,0.73586952466178,0.0023519783021793,0.00755476875853629
"ENSG00000176681.14","LRRC37A"," protein_coding","chr17",12.144440357302,1.16062445065875,0.535443409153273,0.000853085115661861,0.00310463377900696
"ENSG00000167394.13","ZNF668"," protein_coding","chr16",93.0238732205595,1.160425882085,0.258928974798135,2.80919380912907e-07,2.23395240508413e-06
"ENSG00000167395.10","ZNF646"," protein_coding","chr16",596.66274570145,1.16026368635262,0.145060726514609,6.21068875467649e-17,2.4186859851156e-15
"ENSG00000139266.6","MARCHF9"," protein_coding","chr12",486.715550062466,1.15988202359323,0.271937681757625,7.50406355320824e-07,5.49964898953596e-06
"ENSG00000115687.14","PASK"," protein_coding","chr2",336.113441474757,1.15971214550282,0.276407457023214,1.05907149734056e-06,7.49989232967393e-06
"ENSG00000160310.18","PRMT2"," protein_coding","chr21",1738.09804225762,1.15958622646765,0.163805511555821,5.91150160967631e-14,1.47378282438161e-12
"ENSG00000287721.1","AC061975.8"," lncRNA","chr17",10.5090835743418,1.15954894924756,0.748235655751056,0.00225930586434172,0.00729160043281112
"ENSG00000183484.12","GPR132"," protein_coding","chr14",141.650485250057,1.15844613717266,0.634257955462537,0.00133086091545263,0.00458708278142345
"ENSG00000162302.13","RPS6KA4"," protein_coding","chr11",1407.69089502141,1.1584130209955,0.402915415340686,0.000126391271764626,0.000569463547436267
"ENSG00000129595.14","EPB41L4A"," protein_coding","chr5",250.942625835539,1.15800977313238,0.454864272665392,0.000306257672807281,0.00124765782934575
"ENSG00000180901.11","KCTD2"," protein_coding","chr17",1098.27229185799,1.15779804461559,0.186052463989647,2.30141138886564e-11,3.76262067759101e-10
"ENSG00000246308.2","AC116535.1"," lncRNA","chr11",11.1030998312772,1.15748436796595,0.616025184769134,0.00137523316477183,0.00471931484508583
"ENSG00000248668.3","OXCT1-AS1"," lncRNA","chr5",3.36060933168237,1.15554119831174,1.49585674489525,0.00601581668512959,0.0170248721149263
"ENSG00000103811.18","CTSH"," protein_coding","chr15",10695.7866144705,1.15501589956555,0.384458921164757,9.27467908626848e-05,0.000431954517431527
"ENSG00000129351.17","ILF3"," protein_coding","chr19",6580.76266301401,1.15361248318012,0.144804918647334,7.39555186533212e-17,2.83470239631896e-15
"ENSG00000196670.14","ZFP62"," protein_coding","chr5",575.060606871392,1.15343700424419,0.24074718895448,7.04302699703939e-08,6.27100288390238e-07
"ENSG00000130787.14","HIP1R"," protein_coding","chr12",3506.43894427717,1.15333103964261,0.255668679500885,2.72134948018865e-07,2.17238760228853e-06
"ENSG00000180611.7","MB21D2"," protein_coding","chr3",147.301240524423,1.15270008221549,0.485617617285303,0.000448027226647291,0.00175369111299984
"ENSG00000184640.19","SEPTIN9"," protein_coding","chr17",11019.944884823,1.1523437438541,0.251113316805514,2.05320297322218e-07,1.6816422222109e-06
"ENSG00000185379.20","RAD51D"," protein_coding","chr17",401.375817491767,1.15116351382473,0.259248683606449,3.37123142172329e-07,2.63280988862775e-06
"ENSG00000151422.13","FER"," protein_coding","chr5",554.553059663024,1.15040663094793,0.35427173929951,3.78936764579585e-05,0.000193170333555084
"ENSG00000125534.10","PPDPF"," protein_coding","chr20",5809.0392225735,1.15038320384997,0.296252412282697,3.91188106800333e-06,2.46768293409579e-05
"ENSG00000234678.2","ELF3-AS1"," lncRNA","chr1",140.141264220794,1.14989228254936,0.349723182777923,3.32806771458513e-05,0.000172212891904796
"ENSG00000137571.11","SLCO5A1"," protein_coding","chr8",17.3312031163901,1.14978006954145,0.870954788871551,0.00278863390331353,0.00877945626829493
"ENSG00000135709.12","KIAA0513"," protein_coding","chr16",365.091247249517,1.1485615997087,0.427766142063657,0.000205604232750274,0.00087820615977343
"ENSG00000113810.16","SMC4"," protein_coding","chr3",723.266310834128,1.14748478329109,0.545671721360039,0.000811615207572615,0.00296927179100535
"ENSG00000232629.9","HLA-DQB2"," protein_coding","chr6",325.200695872748,1.14683772956713,0.731165202165059,0.00196052227325813,0.00644790553485923
"ENSG00000060558.4","GNA15"," protein_coding","chr19",159.169003519074,1.14664539683486,0.69039763227162,0.00171918434958751,0.0057494712558035
"ENSG00000117906.14","RCN2"," protein_coding","chr15",1081.70025290336,1.14634425972291,0.221814058080952,9.9417899241992e-09,1.04014372417133e-07
"ENSG00000149782.13","PLCB3"," protein_coding","chr11",1132.41597441905,1.14571947790043,0.273169100436008,1.02424404414828e-06,7.2779962299053e-06
"ENSG00000170667.15","RASA4B"," protein_coding","chr7",36.1897977118541,1.14566266628941,0.448670083755488,0.000299635636965741,0.00122427117168423
"ENSG00000156136.10","DCK"," protein_coding","chr4",411.77540577722,1.14512965675149,0.181307423382093,1.16290357221465e-11,2.00595708444289e-10
"ENSG00000255741.1","AP000808.1"," lncRNA","chr11",3.54728136496818,1.14453789916052,1.07967765755835,0.00514319455300019,0.014909743780209
"ENSG00000004777.18","ARHGAP33"," protein_coding","chr19",288.1824737773,1.14429889222446,0.363834989451485,5.36639219243529e-05,0.000264546719386759
"ENSG00000169217.9","CD2BP2"," protein_coding","chr16",2296.92643558212,1.14423865419423,0.223354707320501,1.23055476659281e-08,1.26476575006151e-07
"ENSG00000153551.14","CMTM7"," protein_coding","chr3",560.340640772496,1.14338466217795,0.488706562835404,0.000514242369245967,0.0019820210978509
"ENSG00000215883.10","CYB5RL"," protein_coding","chr1",198.834316845822,1.14329123861834,0.363964884920632,5.36504948830407e-05,0.000264525234152031
"ENSG00000105372.8","RPS19"," protein_coding","chr19",32632.9151143409,1.14291530676543,0.485016234741417,0.000554212755175108,0.00211572960216279
"ENSG00000242622.2","AC092910.3"," lncRNA","chr3",46.6130191291045,1.14277530967286,0.356944755437584,4.46504359674413e-05,0.000224166706838949
"ENSG00000167702.13","KIFC2"," protein_coding","chr8",503.436487554744,1.14236127732204,0.421022952614186,0.000194852789312805,0.000837680325934445
"ENSG00000175170.16","FAM182B"," lncRNA","chr20",11.9871645569388,1.14229443281364,0.534658387883342,0.000918935806061495,0.00331697048966808
"ENSG00000102886.15","GDPD3"," protein_coding","chr16",51.9477046842525,1.1420009928512,0.455409114024735,0.000335614324172197,0.00135387086633889
"ENSG00000117139.18","KDM5B"," protein_coding","chr1",1625.10917280088,1.14187317969387,0.301375746539174,6.53210289177239e-06,3.93992781741334e-05
"ENSG00000179523.5","EIF3J-DT"," lncRNA","chr15",241.84753997597,1.14183818762862,0.269775660898444,8.69567997606371e-07,6.2829895769582e-06
"ENSG00000110697.13","PITPNM1"," protein_coding","chr11",1171.6284926493,1.1418199754239,0.330561747030735,2.08529033861225e-05,0.000112515415995155
"ENSG00000090447.12","TFAP4"," protein_coding","chr16",355.920621045497,1.14144270807949,0.236152969669781,5.39747842956567e-08,4.92304716422767e-07
"ENSG00000159202.18","UBE2Z"," protein_coding","chr17",3810.24782335497,1.13965339724323,0.204321030134008,1.09070912234492e-09,1.33228200961805e-08
"ENSG00000258768.2","AL356019.2"," lncRNA","chr14",19.2153902739036,1.13953649142711,0.641124226762738,0.00154614706442481,0.00523682811451548
"ENSG00000089195.15","TRMT6"," protein_coding","chr20",584.92934698262,1.13930395604428,0.234096913399596,4.38486316060246e-08,4.06683858606083e-07
"ENSG00000091622.16","PITPNM3"," protein_coding","chr17",439.301266411152,1.13924555762451,0.667178613896729,0.00161956572293199,0.00546013783774886
"ENSG00000226763.5","SRRM5"," protein_coding","chr19",26.8696480894042,1.13852916044964,0.747969777514868,0.00216242611924958,0.00702012325791774
"ENSG00000091972.18","CD200"," protein_coding","chr3",117.198080477189,1.13828108906703,0.458989831158502,0.000351697258748162,0.00141205026883768
"ENSG00000280303.2","ERICD"," lncRNA","chr8",32.1804895414432,1.13771876978868,0.551013201102368,0.000883803090306987,0.00320682327915966
"ENSG00000166979.13","EVA1C"," protein_coding","chr21",363.105982838443,1.13701320065797,0.600331769044114,0.00124057271476231,0.00431353743198259
"ENSG00000006125.18","AP2B1"," protein_coding","chr17",5891.76131077517,1.13627056446147,0.148658370408765,9.48102554605956e-16,3.04572724838118e-14
"ENSG00000118965.16","WDR35"," protein_coding","chr2",459.663833833573,1.13616950618545,0.237667183214059,6.83314504991448e-08,6.10462505240292e-07
"ENSG00000006016.11","CRLF1"," protein_coding","chr19",64.4764597200624,1.13608463315188,1.09636180614403,0.0031917990790914,0.00986977497487726
"ENSG00000125746.18","EML2"," protein_coding","chr19",1254.97572917775,1.13591436027816,0.409248162585728,0.000168181014764867,0.000734491992764848
"ENSG00000106290.15","TAF6"," protein_coding","chr7",543.588353749146,1.1358656386614,0.321638626128368,1.54529020753169e-05,8.60201718768927e-05
"ENSG00000163909.8","HEYL"," protein_coding","chr1",973.538479511736,1.13564587471631,0.462278804447057,0.00037968704901592,0.00151319736750176
"ENSG00000205129.8","C4orf47"," protein_coding","chr4",16.2041536432372,1.13562769486907,0.681134870905387,0.00184784976811475,0.0061249920325158
"ENSG00000272578.5","AP000347.1"," transcribed_unprocessed_pseudogene","chr22",23.8557316784175,1.13562492923903,0.630457943273573,0.00150058091678146,0.00509491849163058
"ENSG00000214432.9","VPS33B-DT"," lncRNA","chr15",6.09935590478322,1.13386597507454,0.587357366693295,0.00158592351074517,0.00535476361672945
"ENSG00000260455.2","NBAT1"," lncRNA","chr6",3.65920829305655,1.13382350826393,1.4180130783788,0.00577840536588219,0.0164776914769203
"ENSG00000273058.2","AL359921.2"," lncRNA","chr1",31.0985696434121,1.13357933370751,0.493507081864543,0.000554534898735494,0.00211662241052285
"ENSG00000171680.23","PLEKHG5"," protein_coding","chr1",269.711564673109,1.13158999837899,0.367469239635484,6.54560538427924e-05,0.000315324134523602
"ENSG00000201772.1","SNORA5C"," snoRNA","chr7",6.72184761888771,1.13142183144378,0.857019275782943,0.00328793513702586,0.0101305355457808
"ENSG00000243678.12","NME2"," protein_coding","chr17",18.5972196916916,1.13113795736722,0.518479076634449,0.000740682848500692,0.002737232738872
"ENSG00000153790.12","C7orf31"," protein_coding","chr7",138.059132222017,1.13111315888056,0.311928331908768,1.00252563761613e-05,5.82175399634181e-05
"ENSG00000102977.17","ACD"," protein_coding","chr16",598.811435649679,1.13102535436235,0.315817706751828,1.27348397367208e-05,7.21286485981377e-05
"ENSG00000167779.9","IGFBP6"," protein_coding","chr12",373.740596448916,1.13020149419614,0.604792896029161,0.00125024908928687,0.00434447223077179
"ENSG00000214021.16","TTLL3"," protein_coding","chr3",290.680639614524,1.1297022845675,0.257948592290962,4.5932296466249e-07,3.50274289052031e-06
"ENSG00000138764.15","CCNG2"," protein_coding","chr4",714.613886610862,1.12959293763415,0.261841871847769,6.20715520196423e-07,4.62586893423849e-06
"ENSG00000087245.13","MMP2"," protein_coding","chr16",2948.37386907944,1.12927959815028,0.594662051306778,0.00120385068954059,0.00420590738570002
"ENSG00000166068.13","SPRED1"," protein_coding","chr15",1066.50111141047,1.1291065146435,0.22206160298669,1.53978639786643e-08,1.5551949251858e-07
"ENSG00000099917.17","MED15"," protein_coding","chr22",2811.10496545742,1.12884497573448,0.230565232093732,3.99619225259997e-08,3.73965132550813e-07
"ENSG00000102882.12","MAPK3"," protein_coding","chr16",1510.33107390022,1.12861647965538,0.25237432421085,2.98842972397466e-07,2.36039822958616e-06
"ENSG00000107816.17","LZTS2"," protein_coding","chr10",1440.204469156,1.12841194381822,0.219343725009776,1.19943859268472e-08,1.23583272024093e-07
"ENSG00000189319.14","FAM53B"," protein_coding","chr10",558.926593106966,1.12822919022393,0.27100669599671,1.16703771788437e-06,8.1810437858614e-06
"ENSG00000135912.11","TTLL4"," protein_coding","chr2",855.119067618559,1.12819530382276,0.321454110359995,1.54047212049704e-05,8.58174776218069e-05
"ENSG00000131238.18","PPT1"," protein_coding","chr1",2829.88788071387,1.12817560389548,0.160965014598451,1.04655288913123e-13,2.5208010919132e-12
"ENSG00000228335.1","AC073063.1"," processed_pseudogene","chr7",5.65744315511456,1.12734044288702,0.736036412686881,0.00285961967911004,0.00897871328524875
"ENSG00000105355.9","PLIN3"," protein_coding","chr19",1675.48670827435,1.12679084980919,0.385454379964427,0.000109815211752751,0.00050293608284126
"ENSG00000267892.1","AC022144.1"," lncRNA","chr19",109.903804729911,1.12610730012264,1.0454927794962,0.00313101825492211,0.00970755436626521
"ENSG00000204120.16","GIGYF2"," protein_coding","chr2",1686.89011573311,1.12524217872013,0.171792641942399,0.00761243109711616,0.0208416559669402
"ENSG00000173801.17","JUP"," protein_coding","chr17",12752.8524386354,1.12502628656924,0.267475235658536,1.1424829027561e-06,8.03594979273996e-06
"ENSG00000104856.14","RELB"," protein_coding","chr19",1156.48332512847,1.12458383720327,0.48000767445707,0.000527445836154377,0.00202610458927158
"ENSG00000181444.13","ZNF467"," protein_coding","chr7",568.006170537577,1.12457616591529,0.59275285581536,0.00119366877332069,0.00417483506582628
"ENSG00000278156.2","TSC22D1-AS1"," lncRNA","chr13",8.78297020354109,1.12415441795605,0.511106307531048,0.000854557620695287,0.00310921681901719
"ENSG00000174233.11","ADCY6"," protein_coding","chr12",1029.54504667662,1.12401389797509,0.324841945599529,1.93545241106616e-05,0.000105484326192804
"ENSG00000264538.6","SUZ12P1"," transcribed_unprocessed_pseudogene","chr17",195.995190411099,1.12362602114062,0.335659077568498,2.69548770308831e-05,0.000142358647132687
"ENSG00000167968.13","DNASE1L2"," protein_coding","chr16",27.2836905801564,1.12359093741877,0.842112816058912,0.00262817689202972,0.00834000127976663
"ENSG00000272807.1","AC007038.1"," lncRNA","chr2",13.5699529014219,1.12355629919901,0.421051957639271,0.000254791135596692,0.00106080540025977
"ENSG00000181588.16","MEX3D"," protein_coding","chr19",800.185211092066,1.1231195468656,0.19482950399858,3.72121429285327e-10,4.9495713501248e-09
"ENSG00000188807.13","TMEM201"," protein_coding","chr1",307.139233891883,1.12301358584301,0.297358845577997,5.98896755061501e-06,3.63185435517441e-05
"ENSG00000185800.12","DMWD"," protein_coding","chr19",684.689339224262,1.12282944112206,0.242418818330182,1.42427151575e-07,1.20071028447722e-06
"ENSG00000197959.14","DNM3"," protein_coding","chr1",70.7514443019145,1.12245837058195,0.439297163805203,0.00029117518923176,0.00119338051070693
"ENSG00000172830.13","SSH3"," protein_coding","chr11",1398.89293801369,1.12245605248495,0.202218310371371,1.24906770897182e-09,1.51178655614104e-08
"ENSG00000240370.6","RPL13P5"," transcribed_processed_pseudogene","chr12",30.0451183988387,1.12244976466196,0.34769353915695,4.40478025440542e-05,0.000221407953197918
"ENSG00000104218.16","CSPP1"," protein_coding","chr8",768.976635057882,1.12203385177492,0.402992971819976,0.000167090310715761,0.000730384725500977
"ENSG00000277232.2","GTSE1-DT"," lncRNA","chr22",8.88220507577419,1.12101597786381,0.592981679773519,0.00146211029511201,0.00497995039679149
"ENSG00000236829.9","Z97634.1"," transcribed_processed_pseudogene","chr16",15.1326557261071,1.12074060529472,0.543392892531189,0.000970729466115869,0.00348237705044075
"ENSG00000173681.16","BCLAF3"," protein_coding","chrX",430.12689594492,1.12068797249283,0.186646313947181,7.38472977467066e-11,1.09956703827141e-09
"ENSG00000173207.13","CKS1B"," protein_coding","chr1",769.326731558149,1.12040005033381,0.282630604492438,2.83910092402933e-06,1.8376730612711e-05
"ENSG00000133816.17","MICAL2"," protein_coding","chr11",1715.08701045398,1.12022333840952,0.492895926677582,0.000573342829202962,0.00217838055747626
"ENSG00000256667.6","KLRA1P"," transcribed_unprocessed_pseudogene","chr12",60.374717028606,1.12012055496193,0.504587293646371,0.000648048087168643,0.00242625337666134
"ENSG00000111676.15","ATN1"," protein_coding","chr12",3707.50990901683,1.1191774676749,0.144838324989439,4.96308087337705e-16,1.65260394972072e-14
"ENSG00000261770.1","AC006504.1"," lncRNA","chr19",19.1944159071856,1.11914909464425,0.628976139115224,0.00154903806152454,0.00524418421734093
"ENSG00000133247.14","KMT5C"," protein_coding","chr19",302.360948068271,1.11857700515772,0.28257613247528,2.72268640287148e-06,1.76877593954027e-05
"ENSG00000164543.7","STK17A"," protein_coding","chr7",1161.04501361912,1.11856069712138,0.480431617307855,0.000516849913822587,0.00199101890336649
"ENSG00000166012.17","TAF1D"," protein_coding","chr11",1585.1273441946,1.11814752072733,0.320391045562577,1.94621965265658e-05,0.000106051337658023
"ENSG00000173706.14","HEG1"," protein_coding","chr3",1898.75861826752,1.11802174454793,0.354126889763631,5.40483223546337e-05,0.000266126859345427
"ENSG00000173068.18","BNC2"," protein_coding","chr9",77.0913534772537,1.11692787978014,0.655831543694641,0.00163838205401755,0.00551528749378396
"ENSG00000113648.16","MACROH2A1"," protein_coding","chr5",3410.64985745113,1.11667646361853,0.188282301156705,1.33451710421827e-10,1.91191205368088e-09
"ENSG00000236431.1","AC009237.8"," processed_pseudogene","chr2",12.6252710499963,1.11662563648292,0.960151351134355,0.00324565382539656,0.0100150720864268
"ENSG00000143457.11","GOLPH3L"," protein_coding","chr1",944.840368302611,1.1164298759777,0.227971030628465,3.9847396699066e-08,3.73013066211507e-07
"ENSG00000110395.7","CBL"," protein_coding","chr11",728.64745798832,1.11625851671698,0.326271253419368,2.27968279869281e-05,0.000121988749871713
"ENSG00000267102.1","AC060766.1"," transcribed_processed_pseudogene","chr17",17.0879215947625,1.11599320631757,0.550081524912362,0.00103039055580176,0.00366664171308791
"ENSG00000163348.4","PYGO2"," protein_coding","chr1",1765.00893827479,1.11566191115089,0.213017715379382,7.11030348640247e-09,7.60823339673051e-08
"ENSG00000175203.17","DCTN2"," protein_coding","chr12",3110.0803761104,1.11479997364422,0.142883760750683,2.66022827979089e-16,9.28184194894981e-15
"ENSG00000197774.13","EME2"," protein_coding","chr16",293.85794656272,1.11465904218756,0.22236750730287,2.16886016558502e-08,2.12865014030786e-07
"ENSG00000142669.15","SH3BGRL3"," protein_coding","chr1",3562.52993915992,1.1140926012665,0.474273384574622,0.000520943377030051,0.00200466983701709
"ENSG00000173065.13","FAM222B"," protein_coding","chr17",1175.00453650405,1.11394268929374,0.188438394503374,1.48309727613753e-10,2.10308529157295e-09
"ENSG00000150093.20","ITGB1"," protein_coding","chr10",15642.7223151295,1.11394118072872,0.436603491182358,0.000324984535682678,0.00131641076535593
"ENSG00000204396.11","VWA7"," protein_coding","chr6",188.154252594005,1.11391566175893,0.443760270750661,0.000327380733711857,0.00132501299037619
"ENSG00000253559.1","OSGEPL1-AS1"," lncRNA","chr2",7.24534900930455,1.11387730777016,0.562954764837672,0.00138655434506673,0.00475201547306446
"ENSG00000168393.13","DTYMK"," protein_coding","chr2",764.474767581359,1.11345160174932,0.313464805399298,1.31492429009109e-05,7.43170444054778e-05
"ENSG00000108679.13","LGALS3BP"," protein_coding","chr17",19933.6614848975,1.11307382540681,0.366021071774514,7.40134511249172e-05,0.000352185702424586
"ENSG00000140939.14","NOL3"," protein_coding","chr16",1157.34920381221,1.11270898768321,0.352083411960577,5.80246680166273e-05,0.000283267203577741
"ENSG00000166707.12","ZCCHC18"," protein_coding","chrX",9.39327799207202,1.11245537659955,0.8935001737692,0.00312550108833875,0.00969250916922741
"ENSG00000138193.16","PLCE1"," protein_coding","chr10",358.833609436427,1.11213513581361,0.25725987053104,5.68788839454814e-07,4.26503898664717e-06
"ENSG00000171552.14","BCL2L1"," protein_coding","chr20",6835.71101101445,1.11212401721828,0.339749689837371,3.8143567941101e-05,0.000194376263674698
"ENSG00000238278.3","ALG1L6P"," unprocessed_pseudogene","chr3",16.8263925658355,1.11193774137627,0.676628400308317,0.00193024008051376,0.00636697646822413
"ENSG00000164663.14","USP49"," protein_coding","chr6",174.543868871668,1.11168996308266,0.292097230873527,5.12302091428278e-06,3.15260331326402e-05
"ENSG00000133789.15","SWAP70"," protein_coding","chr11",1347.68548470819,1.11150246829994,0.291516712421881,5.16001941143942e-06,3.17336298149434e-05
"ENSG00000265590.10","CFAP298-TCP10L"," protein_coding","chr21",11.5171212291026,1.11149365814789,0.681311388148453,0.0019394843670568,0.00639134662737848
"ENSG00000101152.11","DNAJC5"," protein_coding","chr20",2135.24464857048,1.11108272953045,0.193650934336796,4.69176196268363e-10,6.13145182300712e-09
"ENSG00000223546.7","LINC00630"," lncRNA","chrX",33.1159368435586,1.10777152067365,0.364559005490867,7.95972224321883e-05,0.000376483116770634
"ENSG00000078246.17","TULP3"," protein_coding","chr12",631.687167055947,1.10769455652175,0.174340389354873,8.65068067190326e-12,1.51418160447807e-10
"ENSG00000272994.1","AC012360.3"," lncRNA","chr2",52.9827090301198,1.10755096356239,0.392747529503779,0.000144064534833924,0.00063970443242057
"ENSG00000143367.16","TUFT1"," protein_coding","chr1",712.540112655796,1.10635939897295,0.450069678305039,0.000369776817825863,0.00147854969145478
"ENSG00000275183.2","LENG9"," protein_coding","chr19",182.600713878433,1.10527604982305,0.392674347070847,0.000143312394871297,0.000636558435511019
"ENSG00000178093.14","TSSK6"," protein_coding","chr19",72.8652915126786,1.10392889138401,0.277884648493779,2.66369938142297e-06,1.73703213182935e-05
"ENSG00000267745.1","AC060766.7"," lncRNA","chr17",11.2572049906454,1.10339267827869,0.688515543018952,0.00207069186134985,0.00676296169563473
"ENSG00000142765.18","SYTL1"," protein_coding","chr1",318.421541117453,1.10294078699902,0.697786463192219,0.00193402200806626,0.00637800881326
"ENSG00000166135.14","HIF1AN"," protein_coding","chr10",1312.03314418927,1.102826556604,0.175073156344072,1.3158098898186e-11,2.24975724947942e-10
"ENSG00000090863.12","GLG1"," protein_coding","chr16",6788.55359899351,1.1027444926863,0.156393738085433,5.48521171534705e-14,1.38167651575957e-12
"ENSG00000089639.11","GMIP"," protein_coding","chr19",559.894114427736,1.10256102574669,0.237162346746284,1.26538451510389e-07,1.07546622730377e-06
"ENSG00000272983.1","AL117339.3"," lncRNA","chr10",8.28713733129437,1.10220143087508,0.701706658906949,0.00243546719362678,0.00779376221293468
"ENSG00000152433.15","ZNF547"," protein_coding","chr19",57.3703936030815,1.10188742518114,0.367635265034961,8.39686756406935e-05,0.000394854473603642
"ENSG00000105327.18","BBC3"," protein_coding","chr19",522.473338290558,1.10167148244252,0.339659979515212,4.20358008635563e-05,0.000212172049729897
"ENSG00000149716.13","LTO1"," protein_coding","chr11",472.313580696711,1.10127250972877,0.250716205773078,4.32964196374893e-07,3.31560321450755e-06
"ENSG00000198019.13","FCGR1B"," protein_coding","chr1",13.1528387339248,1.10120731076691,0.833500219043693,0.00276573509429973,0.00871677222751256
"ENSG00000171533.11","MAP6"," protein_coding","chr11",145.298696758701,1.10026234522896,0.599190223452417,0.00136875221375104,0.00470039243264707
"ENSG00000266313.2","AC026254.2"," lncRNA","chr17",5.15057208397881,1.10025501146525,0.929439981764827,0.00412454181581924,0.012338094577544
"ENSG00000105419.18","MEIS3"," protein_coding","chr19",128.571843283614,1.09955482336451,0.547663456646749,0.000975698935172487,0.00349719368887273
"ENSG00000262223.8","AC110285.1"," lncRNA","chr17",8.06454374562238,1.09885245712033,0.626424194757032,0.00190813073631358,0.0063043004263896
"ENSG00000277767.1","AL442128.2"," lncRNA","chr13",6.1298012580531,1.09734877268174,0.910726768541836,0.00362923471455116,0.0110583043339332
"ENSG00000164877.19","MICALL2"," protein_coding","chr7",1628.41400787835,1.09722572041783,0.268424831445235,1.67098516462894e-06,1.13854160866764e-05
"ENSG00000125775.15","SDCBP2"," protein_coding","chr20",737.208860306146,1.09699301408608,0.460853917144946,0.000445844538344671,0.00174608476624271
"ENSG00000072952.19","IRAG1"," protein_coding","chr11",335.867956825766,1.09655505524963,0.489480638058909,0.000611314393951268,0.00230380226836751
"ENSG00000160410.15","SHKBP1"," protein_coding","chr19",1714.22903598126,1.09610620584421,0.260330110049142,9.74983445959707e-07,6.96358769226217e-06
"ENSG00000105254.12","TBCB"," protein_coding","chr19",1710.87240879325,1.09605906289104,0.271805198313586,2.16993356419024e-06,1.44376806874692e-05
"ENSG00000008256.16","CYTH3"," protein_coding","chr7",615.717848431667,1.0948965151495,0.25926395540446,9.07271651628146e-07,6.5311467932728e-06
"ENSG00000101150.18","TPD52L2"," protein_coding","chr20",3265.43171012847,1.0948837650933,0.200393366672718,3.01611957638568e-09,3.42190555906628e-08
"ENSG00000160050.15","CCDC28B"," protein_coding","chr1",90.6304231398017,1.0943272990039,0.516130760438941,0.000805813577642494,0.00295100768942296
"ENSG00000276814.1","AC004801.6"," lncRNA","chr12",8.67273309752073,1.09354785295592,0.839172439537573,0.00304368513694824,0.00947791372999755
"ENSG00000062370.17","ZNF112"," protein_coding","chr19",116.071052204567,1.09339304395103,0.359560473749708,7.42595098308868e-05,0.000353183701656145
"ENSG00000176845.13","METRNL"," protein_coding","chr17",862.784539720885,1.09335688496318,0.590197602091669,0.00137451560747469,0.00471740743080708
"ENSG00000108406.10","DHX40"," protein_coding","chr17",1372.12958857711,1.09315334256016,0.199402176063317,1.82267782067451e-09,2.14810866065675e-08
"ENSG00000196664.5","TLR7"," protein_coding","chrX",65.0772630706792,1.09218856945456,0.366289882683268,8.82203440490002e-05,0.000412784603074316
"ENSG00000105639.20","JAK3"," protein_coding","chr19",501.507847358646,1.09204047805336,0.500210140673591,0.000703731040685623,0.00261126201828761
"ENSG00000119185.13","ITGB1BP1"," protein_coding","chr2",1093.21883174214,1.09202075916702,0.300255927711912,9.67255143471605e-06,5.63600984417164e-05
"ENSG00000146263.11","MMS22L"," protein_coding","chr6",161.741901596718,1.09061013848435,0.305554170442585,1.24153708005366e-05,7.05246252932527e-05
"ENSG00000280594.1","BTG3-AS1"," lncRNA","chr21",8.82255467098672,1.09027987057317,0.537454090946839,0.00117630362210469,0.00412200869211577
"ENSG00000134590.14","RTL8C"," protein_coding","chrX",2066.78606999066,1.08843382663994,0.252022661327189,6.21309675006315e-07,4.62911415332291e-06
"ENSG00000143322.21","ABL2"," protein_coding","chr1",982.082387265105,1.08831159641039,0.233128257105923,1.20532022165222e-07,1.0289138292471e-06
"ENSG00000169403.12","PTAFR"," protein_coding","chr1",448.163962993478,1.08784325709741,0.487975696458815,0.000646950278689452,0.00242307301991431
"ENSG00000054690.14","PLEKHH1"," protein_coding","chr14",162.717814159433,1.0875488132673,0.476064946486291,0.000561361959041674,0.00213792492274273
"ENSG00000163281.12","GNPDA2"," protein_coding","chr4",270.475224063031,1.08739916686048,0.260882197673157,1.14731701458744e-06,8.06152595256701e-06
"ENSG00000286388.1","AC026748.7"," lncRNA","chr5",228.929192082259,1.08680051254998,0.466052065198438,0.000512240017899708,0.00197482541397259
"ENSG00000163472.19","TMEM79"," protein_coding","chr1",198.569890273682,1.08617684385973,0.165221566330156,2.15860917110567e-12,4.18646748084983e-11
"ENSG00000272711.1","AC019069.1"," lncRNA","chr2",20.5213839184708,1.08585248883746,1.59023168312385,0.00381075341576121,0.0115474617062475
"ENSG00000155099.8","PIP4P2"," protein_coding","chr8",263.042337603774,1.08581286241428,0.482112419548343,0.00059629019408197,0.0022535875448532
"ENSG00000205746.9","PKD1P4"," transcribed_unprocessed_pseudogene","chr16",21.1223135822675,1.08568986712122,0.526710446391964,0.000947217866591493,0.00340722048617406
"ENSG00000166847.10","DCTN5"," protein_coding","chr16",1676.58960268529,1.08468062039247,0.191717753983505,6.62864830628565e-10,8.44327696270944e-09
"ENSG00000275342.5","PRAG1"," protein_coding","chr8",544.242607728346,1.08453497407131,0.298977787406713,1.00491982647364e-05,5.83217397899115e-05
"ENSG00000261737.1","CLCA4-AS1"," lncRNA","chr1",12.7890852526044,1.08446191492826,0.37656209625954,0.000148696047848632,0.00065756746811655
"ENSG00000205572.10","SERF1B"," protein_coding","chr5",11.5587980452851,1.08269233070334,0.443544825391239,0.000469781156634267,0.001827560223775
"ENSG00000159216.19","RUNX1"," protein_coding","chr21",1261.92728700396,1.08193280373859,0.435494464993352,0.000372017394172268,0.00148506574115381
"ENSG00000141570.11","CBX8"," protein_coding","chr17",324.480808024908,1.08189450379258,0.374694843456662,0.000118844469269538,0.000539208947600429
"ENSG00000090857.14","PDPR"," protein_coding","chr16",734.511888858518,1.08169079949119,0.293030603509868,8.8623384844277e-06,5.20655692351e-05
"ENSG00000144134.18","RABL2A"," protein_coding","chr2",249.850492555749,1.08129042516374,0.291415150639576,7.374620761835e-06,4.3944905618379e-05
"ENSG00000235944.8","ZNF815P"," transcribed_unprocessed_pseudogene","chr7",40.3019609664153,1.08109334707073,0.297404477512196,1.03075647455332e-05,5.96668696293823e-05
"ENSG00000260920.2","AL031985.3"," lncRNA","chr1",67.2100655883176,1.08049464650149,0.392120024443422,0.000177744248472978,0.000771178002809723
"ENSG00000267475.1","AC008736.1"," lncRNA","chr19",26.9486091849514,1.08030063734455,0.382825622865496,0.000149020522603562,0.000658702776757583
"ENSG00000182809.11","CRIP2"," protein_coding","chr14",3886.0175259883,1.07945249456784,0.563642979320756,0.00120924866483663,0.00422021707401529
"ENSG00000235681.1","AC245884.3"," processed_pseudogene","chr19",5.81734898941063,1.07831991750719,1.12261721215243,0.0044041541664378,0.0130474073614487
"ENSG00000277142.1","LINC00235"," lncRNA","chr16",16.4362183127482,1.07817634497117,0.496627967135149,0.000763241068015506,0.00281169218400408
"ENSG00000214694.12","ARHGEF33"," protein_coding","chr2",11.1866716968506,1.07814045111212,0.831394642661742,0.00304024018973112,0.0094689110869927
"ENSG00000261118.1","AC092123.1"," lncRNA","chr16",18.1056490266346,1.07797269795492,0.484510757720683,0.000696675748605235,0.00258804570950918
"ENSG00000111490.15","TBC1D30"," protein_coding","chr12",53.6477737262763,1.07789795726712,0.488370067846577,0.00067039462426612,0.00250060623979776
"ENSG00000196267.12","ZNF836"," protein_coding","chr19",128.59406735551,1.07787746460051,0.410859777424454,0.000247836962665734,0.0010358441558958
"ENSG00000213551.7","DNAJC9"," protein_coding","chr10",261.649582421779,1.0771527262441,0.307797336547039,1.60775623956095e-05,8.90724439729406e-05
"ENSG00000075142.14","SRI"," protein_coding","chr7",1337.19639320174,1.07667344997616,0.268688894949416,2.26142264106367e-06,1.49746735566825e-05
"ENSG00000001460.18","STPG1"," protein_coding","chr1",206.606093700848,1.0766630924322,0.368374076224309,0.000105635732196663,0.000485931031768564
"ENSG00000169855.20","ROBO1"," protein_coding","chr3",773.037597949613,1.0761672729806,0.38625461295174,0.000164817760382502,0.000721207508640445
"ENSG00000218891.5","ZNF579"," protein_coding","chr19",434.368731583607,1.07558667200854,0.369764713369715,0.000116188463126462,0.000528885967686607
"ENSG00000170100.14","ZNF778"," protein_coding","chr16",189.611266284178,1.07550680836498,0.261264103430746,1.45360249614071e-06,9.99767300399161e-06
"ENSG00000204934.10","ATP6V0E2-AS1"," lncRNA","chr7",36.3095884376704,1.07538400602982,0.510467198997814,0.000839956546193476,0.00306182110671301
"ENSG00000142686.8","C1orf216"," protein_coding","chr1",487.54930069563,1.07499335560822,0.231532044634077,1.38859034136629e-07,1.17368274898039e-06
"ENSG00000181126.13","HLA-V"," transcribed_unprocessed_pseudogene","chr6",24.5703423623999,1.07458800513673,0.739350578727364,0.00236386218912026,0.00758959781997237
"ENSG00000242759.8","LINC00882"," lncRNA","chr3",20.2176980356076,1.07409298275433,1.16655454437195,0.00358553528892282,0.0109457952101756
"ENSG00000187240.16","DYNC2H1"," protein_coding","chr11",230.128253980729,1.07318604132803,0.345390118782993,6.0095791678715e-05,0.000292496937673358
"ENSG00000213131.3","YWHAZP4"," processed_pseudogene","chr6",13.6960829864807,1.07182473540032,0.648479296500838,0.00196080844884207,0.00644811968932065
"ENSG00000119640.9","ACYP1"," protein_coding","chr14",117.203455067542,1.07085637980993,0.255024889147929,1.02623771076792e-06,7.28506395361143e-06
"ENSG00000126458.4","RRAS"," protein_coding","chr19",1471.45751701841,1.07075748296138,0.475191342630182,0.000652035042512142,0.00243990667160108
"ENSG00000138443.17","ABI2"," protein_coding","chr2",1385.84067166234,1.07055094816336,0.191979330324595,9.18667392290596e-10,1.13979622142596e-08
"ENSG00000118655.7","DCLRE1B"," protein_coding","chr1",226.783479638486,1.06982603313097,0.278269470517129,4.35287884346996e-06,2.72115565763342e-05
"ENSG00000166073.11","GPR176"," protein_coding","chr15",368.255870544302,1.06961026358349,0.702874116808448,0.00209845478241077,0.00684060646526146
"ENSG00000228288.7","PCAT6"," lncRNA","chr1",48.7635478335249,1.06948121262711,0.395166055452996,0.000197134440088518,0.000846242013677996
"ENSG00000182841.12","RRP7BP"," transcribed_unprocessed_pseudogene","chr22",102.868434225014,1.06888916875995,0.316930044512432,2.5300467855344e-05,0.000134253110218761
"ENSG00000240429.1","LRRFIP1P1"," processed_pseudogene","chr3",31.187618548125,1.06784200868777,0.878427897314688,0.00298049910070226,0.00930815613151866
"ENSG00000168476.12","REEP4"," protein_coding","chr8",625.077888006179,1.06733446174681,0.309911691654594,2.05149639005005e-05,0.000110897142700834
"ENSG00000135632.12","SMYD5"," protein_coding","chr2",1018.80121182726,1.06730728641759,0.242700116754572,4.85490939942664e-07,3.68303907079001e-06
"ENSG00000065491.8","TBC1D22B"," protein_coding","chr6",445.360814429963,1.06711628911647,0.221986929199208,6.28392745854146e-08,5.65728024809247e-07
"ENSG00000241489.8","AC244197.3"," protein_coding","chrX",9.88679210344905,1.06675747616182,0.664127961734055,0.00221035453089735,0.00716137191066808
"ENSG00000168852.13","TPTE2P5"," transcribed_unprocessed_pseudogene","chr13",23.7860148343621,1.0665001748412,0.515883171171869,0.000938726965286784,0.00338046010499385
"ENSG00000237172.4","B3GNT9"," protein_coding","chr16",218.147065884117,1.06639076671757,0.446362043186029,0.000446678942372043,0.00174911774332798
"ENSG00000112139.16","MDGA1"," protein_coding","chr6",162.23492869223,1.06630172326157,0.728025749076029,0.00225574880318231,0.00728256080133092
"ENSG00000197852.12","INKA2"," protein_coding","chr1",165.790842979761,1.06605819059557,0.293648454423725,9.89346632075273e-06,5.75094697309757e-05
"ENSG00000144560.15","VGLL4"," protein_coding","chr3",732.934522772634,1.06568025093674,0.437961159667111,0.000394555831362205,0.00156518414864737
"ENSG00000137942.17","FNBP1L"," protein_coding","chr1",1853.34734804404,1.0647987429665,0.295733192589629,1.37425635106292e-05,7.7370552990068e-05
"ENSG00000172201.12","ID4"," protein_coding","chr6",530.133040030654,1.06472655775869,0.685696473789408,0.00203484614296547,0.00665781572004035
"ENSG00000143590.14","EFNA3"," protein_coding","chr1",33.0983602533148,1.0636577944168,0.633173645584327,0.0017179293902002,0.00574659201637038
"ENSG00000183569.18","SERHL2"," protein_coding","chr22",32.1703375541588,1.0634333265821,0.424983457206474,0.000353001473650049,0.00141671711404765
"ENSG00000180785.10","OR51E1"," protein_coding","chr11",10.498225572127,1.06310695239417,1.09653376362321,0.00391279307556038,0.0118075999607925
"ENSG00000105137.13","SYDE1"," protein_coding","chr19",621.914992833009,1.06278493214666,0.349477696632885,7.37318058515738e-05,0.000351017307799014
"ENSG00000087088.20","BAX"," protein_coding","chr19",2101.1636242536,1.06253310390465,0.298169653931418,1.5676009501868e-05,8.71125016498357e-05
"ENSG00000233622.3","CYP2T1P"," transcribed_unitary_pseudogene","chr19",40.301974162002,1.06236090472487,0.656586955947148,0.00188878020361827,0.00624930010881822
"ENSG00000125753.14","VASP"," protein_coding","chr19",4053.73991338502,1.0622731563503,0.298783065457527,1.61819782280637e-05,8.95998714757767e-05
"ENSG00000284976.1","BX255925.3"," protein_coding","chr9",657.62619308488,1.06179685906022,0.530804360660151,0.00100054175930468,0.00357394104545165
"ENSG00000143643.13","TTC13"," protein_coding","chr1",527.372038497435,1.06140371976336,0.158429095075598,9.37707059778103e-13,1.93573794951645e-11
"ENSG00000168404.13","MLKL"," protein_coding","chr16",422.196473299163,1.06110487722645,0.383124681198354,0.000164062990330003,0.000718012507867348
"ENSG00000253854.1","AC010834.3"," lncRNA","chr8",23.060209514872,1.06079542478768,0.599121461916808,0.00158929591397023,0.00536490828776734
"ENSG00000156697.13","UTP14A"," protein_coding","chrX",666.696729976914,1.06050147629814,0.209906805055617,1.88048687195719e-08,1.86634642967401e-07
"ENSG00000138363.15","ATIC"," protein_coding","chr2",3053.67138447314,1.06003319585566,0.275536221854091,4.91242207541153e-06,3.03645771387325e-05
"ENSG00000169926.11","KLF13"," protein_coding","chr15",2310.5014098015,1.05959225099528,0.313373537688221,2.61578333997315e-05,0.000138475107520285
"ENSG00000057935.14","MTA3"," protein_coding","chr2",882.210691921761,1.05950075644409,0.15566636390665,4.39697945828842e-13,9.50744950473054e-12
"ENSG00000238058.2","AL355574.1"," lncRNA","chr9",15.7072066093026,1.05937468003467,0.405852507711359,0.000286478149338149,0.001176112756938
"ENSG00000173653.8","RCE1"," protein_coding","chr11",595.961537149244,1.0591525815013,0.235038317485313,2.49213096002937e-07,2.00864791304495e-06
"ENSG00000221994.12","ZNF630"," protein_coding","chrX",64.9258638460965,1.05910305196249,0.271113729688602,3.55142857663302e-06,2.2549329593341e-05
"ENSG00000173442.13","EHBP1L1"," protein_coding","chr11",2202.43570170218,1.05884982344377,0.308386268341223,2.03210785699535e-05,0.000109985847677833
"ENSG00000267769.1","AC011498.6"," lncRNA","chr19",6.86323960991963,1.05879516417717,0.872559951978954,0.00381153230690971,0.0115486221938558
"ENSG00000136040.9","PLXNC1"," protein_coding","chr12",275.841722942739,1.05819858506305,0.301610901113127,1.5989913833751e-05,8.86205199727688e-05
"ENSG00000141294.10","LRRC46"," protein_coding","chr17",59.2932616260304,1.05700844351739,0.40891635383867,0.000274842987930637,0.00113409182556921
"ENSG00000240342.3","RPS2P5"," processed_pseudogene","chr12",752.330330490095,1.05587160281158,0.491697209640579,0.000748766221257365,0.00276456476657888
"ENSG00000125835.19","SNRPB"," protein_coding","chr20",3084.86836704335,1.05554495258574,0.343290936294299,7.86798030295222e-05,0.000372687751634968
"ENSG00000062485.19","CS"," protein_coding","chr12",3545.81894054945,1.05500387501597,0.226326133426366,1.39776058820587e-07,1.18074945257391e-06
"ENSG00000196227.11","FAM217B"," protein_coding","chr20",243.964705969154,1.05401237011273,0.320521039836149,3.44904716208994e-05,0.000177842065884747
"ENSG00000054282.16","SDCCAG8"," protein_coding","chr1",840.26766752536,1.05346947576954,0.322290262752468,3.9298383873497e-05,0.000199424940710862
"ENSG00000174943.11","KCTD13"," protein_coding","chr16",548.488145696998,1.05287441478019,0.172976865502216,4.89149131018073e-11,7.53325818514582e-10
"ENSG00000168385.18","SEPTIN2"," protein_coding","chr2",8929.222657038,1.05278373776846,0.163954911819344,6.60945673128941e-12,1.18422139677507e-10
"ENSG00000235314.1","LINC00957"," lncRNA","chr7",88.4917595276082,1.0524924009081,0.596739174512223,0.00150576161166087,0.00511068555197534
"ENSG00000198223.17","CSF2RA"," protein_coding","chrX",180.110237541748,1.05236648903142,0.389836917197955,0.000198101208809354,0.000849766788200008
"ENSG00000145569.6","OTULINL"," protein_coding","chr5",192.781504186074,1.05192152021229,0.515321087135132,0.0009261049898393,0.00334036805349605
"ENSG00000113441.16","LNPEP"," protein_coding","chr5",1507.83964638069,1.05174960583863,0.262652938662273,2.72196195863419e-06,1.7686992285899e-05
"ENSG00000167325.15","RRM1"," protein_coding","chr11",1648.66117706276,1.05061822563937,0.235062845834099,3.04357358116708e-07,2.39842902412691e-06
"ENSG00000010626.15","LRRC23"," protein_coding","chr12",226.04135929002,1.05042176624075,0.391564669769254,0.000209686697510362,0.000893811380926457
"ENSG00000232434.2","AJM1"," protein_coding","chr9",221.892158218315,1.04983769754276,0.567898660907152,0.00130908432690684,0.00452532362307958
"ENSG00000148925.11","BTBD10"," protein_coding","chr11",727.782416035801,1.04910244707709,0.251928351372323,1.17978838016481e-06,8.26446860255221e-06
"ENSG00000164124.11","TMEM144"," protein_coding","chr4",230.659796794938,1.04810832660431,0.367634517934843,0.000131510527657578,0.000588709420080402
"ENSG00000125743.10","SNRPD2"," protein_coding","chr19",4045.39599703303,1.04778002274697,0.403401597434288,0.000292616748188532,0.00119861507202798
"ENSG00000077463.15","SIRT6"," protein_coding","chr19",701.996572269795,1.04745143657789,0.24289798063505,6.16053738828416e-07,4.59464881306215e-06
"ENSG00000085433.16","WDR47"," protein_coding","chr1",313.171742201297,1.04692642152227,0.219246992629132,7.15638528423145e-08,6.35834914272761e-07
"ENSG00000091127.14","PUS7"," protein_coding","chr7",564.380743935758,1.04672621015277,0.309288934190629,2.47378770510046e-05,0.000131602979336267
"ENSG00000186575.19","NF2"," protein_coding","chr22",1191.88949842061,1.04671368755029,0.217386221391124,6.16925198625781e-08,5.56606591980062e-07
"ENSG00000185842.15","DNAH14"," protein_coding","chr1",302.932657858596,1.04670330261112,0.381288032654989,0.000180409107225908,0.000781344209157017
"ENSG00000147127.8","RAB41"," protein_coding","chrX",13.0103475418345,1.04661998529743,0.421696086158236,0.00040735742365154,0.00160961916695906
"ENSG00000176148.16","TCP11L1"," protein_coding","chr11",293.977750084799,1.04629250588611,0.343036038050192,7.18299109190704e-05,0.000342970481518803
"ENSG00000149609.6","C20orf144"," protein_coding","chr20",4.17279302043444,1.04601575698141,1.25353120374751,0.00542327248086597,0.0156130512232905
"ENSG00000008086.13","CDKL5"," protein_coding","chrX",551.415383352128,1.04509680679254,0.520795090549015,0.000991354470028753,0.00354590049494405
"ENSG00000071282.12","LMCD1"," protein_coding","chr3",874.857137283405,1.04454924315288,0.489115823144682,0.000771830897047491,0.00284010791421449
"ENSG00000253676.1","TAGLN2P1"," processed_pseudogene","chr8",4.80468937347937,1.04337517773352,0.874562409150065,0.00440504117633615,0.013048709868239
"ENSG00000225234.1","TRAPPC12-AS1"," lncRNA","chr2",24.2686159297697,1.0424509816486,0.613283034524844,0.00177936969479423,0.00592155557643503
"ENSG00000280798.1","LINC00294"," lncRNA","chr11",321.342026184986,1.04234984183123,0.405097724852423,0.000285975219405132,0.00117421328474497
"ENSG00000226137.5","BAIAP2-DT"," lncRNA","chr17",950.528317005161,1.04078453950186,0.282191349408358,7.96560473437773e-06,4.7110446978318e-05
"ENSG00000149636.16","DSN1"," protein_coding","chr20",511.634088541886,1.0390664724148,0.225726460673231,1.68075744083011e-07,1.40395228498206e-06
"ENSG00000103978.16","TMEM87A"," protein_coding","chr15",1353.81736719817,1.03845049931824,0.236588666376964,4.79285699491748e-07,3.63975125448446e-06
"ENSG00000287077.1","AL157893.2"," lncRNA","chr10",15.2582484164468,1.03816060534183,0.474085526231901,0.000751357182477468,0.00277211455295791
"ENSG00000227799.1","CDPF1P1"," processed_pseudogene","chr2",27.5872701460031,1.0379400485514,0.319915975273419,4.11340912515162e-05,0.000207764555448567
"ENSG00000148908.15","RGS10"," protein_coding","chr10",339.634476356639,1.03681925518307,0.510534864523998,0.000943332869690565,0.00339536975271521
"ENSG00000030110.13","BAK1"," protein_coding","chr6",529.286374470515,1.03522382453973,0.214221782165574,5.55818936435505e-08,5.0491069937363e-07
"ENSG00000148288.13","GBGT1"," protein_coding","chr9",101.215592659507,1.03521035798364,0.548119132786263,0.00122035536483354,0.00425338100571507
"ENSG00000250565.7","ATP6V1E2"," protein_coding","chr2",156.30281087204,1.0352102717354,0.29026706726533,1.27460081003237e-05,7.21778897841858e-05
"ENSG00000188033.10","ZNF490"," protein_coding","chr19",108.085922645088,1.03502440044156,0.261937121796823,2.83274390572601e-06,1.83414665895942e-05
"ENSG00000105202.9","FBL"," protein_coding","chr19",4306.04194351445,1.03308503365377,0.430310667790222,0.000480308940950341,0.00186354502508386
"ENSG00000147044.22","CASK"," protein_coding","chrX",1709.47786515317,1.03266475116813,0.280387917684875,8.90252502429353e-06,5.22490447552551e-05
"ENSG00000119574.13","ZBTB45"," protein_coding","chr19",401.233387339873,1.03252681049603,0.175090948671216,1.55918571891476e-10,2.1960351634488e-09
"ENSG00000283696.1","AL592295.4"," lncRNA","chr1",20.3226511002642,1.03227603691621,0.602467937539795,0.00173819949197775,0.00580241943024708
"ENSG00000006555.11","TTC22"," protein_coding","chr1",555.672554910362,1.03184373279437,0.454048686658972,0.000610419952411221,0.00230102605219474
"ENSG00000006704.11","GTF2IRD1"," protein_coding","chr7",529.113944332652,1.03143042041946,0.453028377937879,0.000590105601917381,0.00223426665398859
"ENSG00000110851.12","PRDM4"," protein_coding","chr12",747.524670058231,1.03064464712975,0.187331148584008,1.5588151228266e-09,1.86272340506879e-08
"ENSG00000073350.14","LLGL2"," protein_coding","chr17",4973.88294549752,1.0303281795024,0.343822656324738,9.24061907913954e-05,0.000430643262373257
"ENSG00000105640.13","RPL18A"," protein_coding","chr19",11314.2520772415,1.03004131908646,0.428629427529368,0.000482815449381303,0.00187252278194432
"ENSG00000047644.19","WWC3"," protein_coding","chrX",926.445152280702,1.02967560870121,0.314371431737474,3.71024340735544e-05,0.000189600718201035
"ENSG00000143368.10","SF3B4"," protein_coding","chr1",2367.33605117409,1.02947397357154,0.211640975876058,5.40458342382369e-08,4.92490765040654e-07
"ENSG00000167987.11","VPS37C"," protein_coding","chr11",727.250923947775,1.0284478793778,0.227828066552433,2.40630022810535e-07,1.9463797131481e-06
"ENSG00000272144.1","AC025171.4"," lncRNA","chr5",22.1086526024703,1.02779645781195,1.47230019285541,0.00385028155672803,0.011647880390811
"ENSG00000204130.14","RUFY2"," protein_coding","chr10",413.516445239456,1.02767190878976,0.176688257763007,2.54093440106098e-10,3.47475459655639e-09
"ENSG00000100311.17","PDGFB"," protein_coding","chr22",715.818390560709,1.02754912688213,0.380679360522861,0.000208595450688552,0.000889809988466566
"ENSG00000115204.15","MPV17"," protein_coding","chr2",1009.93014372153,1.02745043685713,0.225826174072443,2.15271881661469e-07,1.75692935539547e-06
"ENSG00000239763.2","AC009120.1"," processed_pseudogene","chr16",13.0543400875572,1.02738497994688,0.609163748575405,0.00196243061948199,0.0064523049358553
"ENSG00000273723.1","SUGT1-DT"," lncRNA","chr13",21.6291903829033,1.02697342754193,0.521800582702385,0.00112672847114517,0.00396830992210017
"ENSG00000197136.4","PCNX3"," protein_coding","chr11",2010.82965299485,1.02675961394719,0.221715772586238,1.71994904305434e-07,1.43258691138926e-06
"ENSG00000138182.15","KIF20B"," protein_coding","chr10",256.364095449268,1.0264475836983,0.388460216480901,0.000233289868096799,0.000983073123738156
"ENSG00000267278.6","MAP3K14-AS1"," lncRNA","chr17",96.5039657118584,1.02551943712699,0.349663773391869,0.000107619448240919,0.000494276757320006
"ENSG00000006837.12","CDKL3"," protein_coding","chr5",11.4367185757435,1.02535107575202,0.485297147866381,0.000960861670605136,0.00345122202559798
"ENSG00000142039.4","CCDC97"," protein_coding","chr19",1078.56286156141,1.02493201433196,0.23982081910439,7.41947089294184e-07,5.44312239628321e-06
"ENSG00000110906.13","KCTD10"," protein_coding","chr12",1498.84076618622,1.02461128395499,0.182092108906332,6.76411808973498e-10,8.58583814445081e-09
"ENSG00000138002.16","IFT172"," protein_coding","chr2",600.997435783151,1.02408137438374,0.225503012740229,2.21372837284819e-07,1.8016808846989e-06
"ENSG00000213753.11","CENPBD1P1"," transcribed_processed_pseudogene","chr19",518.023666784801,1.02368330829196,0.209543985572123,4.14209398501042e-08,3.86379083622542e-07
"ENSG00000232931.6","LINC00342"," lncRNA","chr2",369.522714435526,1.02321992979286,0.455994404162643,0.000614075208281237,0.0023127126856495
"ENSG00000172534.14","HCFC1"," protein_coding","chrX",2536.07592226808,1.02232403542333,0.116444309113022,7.99886140947108e-20,4.82063612505913e-18
"ENSG00000182481.10","KPNA2"," protein_coding","chr17",1493.94529298914,1.02224674011092,0.469648190790303,0.000780526210100707,0.00286957008097146
"ENSG00000113360.16","DROSHA"," protein_coding","chr5",1478.14568867325,1.02176121289674,0.194936788004202,6.59530191784184e-09,7.09098273651046e-08
"ENSG00000143258.16","USP21"," protein_coding","chr1",592.021166366135,1.02168187562487,0.248741576961565,1.49643022338017e-06,1.02776955935428e-05
"ENSG00000283475.1","MIR1244-4"," miRNA","chr12",28.9133624519491,1.02123356017099,0.559831908093813,0.00139190557669299,0.00476699468904048
"ENSG00000137343.18","ATAT1"," protein_coding","chr6",348.632219972828,1.02123089967219,0.354316561295654,0.000122480299853207,0.000553638287063104
"ENSG00000183340.7","JRKL"," protein_coding","chr11",369.677094567943,1.02096725657607,0.30899210381115,3.16257724937953e-05,0.000164437104789931
"ENSG00000272668.2","AL590560.3"," lncRNA","chr1",48.3497270143234,1.02037713305839,0.779005787289451,0.00273369080276273,0.00863069888795172
"ENSG00000076944.16","STXBP2"," protein_coding","chr19",1142.67717438905,1.02014431350474,0.190213543316184,0.000392587893216866,0.00155864927960293
"ENSG00000152422.16","XRCC4"," protein_coding","chr5",252.32886358067,1.01992359366807,0.208048988109733,3.78379349909272e-08,3.56490544493009e-07
"ENSG00000196312.15","MFSD14C"," transcribed_unprocessed_pseudogene","chr9",521.136422032856,1.01847749065309,0.274258719159251,7.27102494084011e-06,4.33807581303672e-05
"ENSG00000167088.11","SNRPD1"," protein_coding","chr18",1220.8578593802,1.01816666451742,0.317496281741669,4.62781434968029e-05,0.000231859699013783
"ENSG00000081721.12","DUSP12"," protein_coding","chr1",398.095331292487,1.0166655489896,0.181997070444809,9.64571924602545e-10,1.19016913996327e-08
"ENSG00000241014.2","AC114490.1"," transcribed_unitary_pseudogene","chr1",8.67484720655829,1.0160863617249,1.15176208789485,0.00432163167391206,0.0128386313640778
"ENSG00000138771.16","SHROOM3"," protein_coding","chr4",2967.81455876875,1.01597008036456,0.42633135216274,0.000515703374610498,0.00198712704544433
"ENSG00000139579.13","NABP2"," protein_coding","chr12",1000.27667137412,1.01590039291717,0.246321442114608,1.62715548507241e-06,1.11075353016796e-05
"ENSG00000108960.9","MMD"," protein_coding","chr17",1276.21420277449,1.01572468802081,0.644914235658897,0.00200152237698843,0.00656498439383511
"ENSG00000231407.6","GORAB-AS1"," lncRNA","chr1",10.157355785853,1.01570055534342,1.27650856764772,0.00422958330731881,0.0126070626906992
"ENSG00000148358.20","GPR107"," protein_coding","chr9",2527.34458662644,1.01566425636356,0.199667195933997,1.60996467901142e-08,1.61711638161446e-07
"ENSG00000044090.10","CUL7"," protein_coding","chr6",1244.22500743651,1.01521241632737,0.248949582375817,1.84199016270531e-06,1.24430317406093e-05
"ENSG00000268201.1","AC020915.1"," lncRNA","chr19",5.83420190172717,1.01380968504891,1.44495913793936,0.00483581220391199,0.0141466057743365
"ENSG00000197102.12","DYNC1H1"," protein_coding","chr14",7295.85877084553,1.01278192894795,0.234086852373026,8.17817782163334e-07,5.94885957304795e-06
"ENSG00000234420.7","ZNF37BP"," transcribed_processed_pseudogene","chr10",322.961146724095,1.01162394089572,0.366825794620172,0.00017512981165281,0.000761192292668872
"ENSG00000163947.12","ARHGEF3"," protein_coding","chr3",519.445570001674,1.01092215231034,0.401361356387684,0.000320729351634619,0.00130170508666067
"ENSG00000123908.12","AGO2"," protein_coding","chr8",980.57917066358,1.01079614160429,0.223205685061481,2.39182321592645e-07,1.93528686228457e-06
"ENSG00000272669.1","AL021707.6"," lncRNA","chr22",35.2305056005917,1.01079613418517,0.48719826401316,0.000905944408634025,0.00327615825135704
"ENSG00000117877.11","POLR1G"," protein_coding","chr19",114.520164368843,1.01068261377584,0.484345449149954,0.000866984377110745,0.00315167837686233
"ENSG00000125458.7","NT5C"," protein_coding","chr17",555.508825882467,1.0105905144876,0.37836080698927,0.000215922972716164,0.000916510068561959
"ENSG00000013619.14","MAMLD1"," protein_coding","chrX",486.931098838213,1.01051705531044,0.582652438448422,0.00158317289015355,0.00534671414066097
"ENSG00000279926.1","AL138831.3"," TEC","chr6",17.5522463774771,1.01037758864611,0.522975635549435,0.00123124468079638,0.00428467860822593
"ENSG00000168439.17","STIP1"," protein_coding","chr11",4305.13057725918,1.01003690804955,0.451677719273066,0.000669841377582967,0.00249918177829593
"ENSG00000007944.15","MYLIP"," protein_coding","chr6",356.061072027322,1.00951047215891,0.29689612101246,2.27541761837787e-05,0.000121805205561505
"ENSG00000162997.15","PRORSD1P"," transcribed_unitary_pseudogene","chr2",45.8548271294235,1.00896165871924,0.325130376019142,6.31125770157449e-05,0.000305092933207203
"ENSG00000157870.17","PRXL2B"," protein_coding","chr1",629.629196107853,1.00851586512556,0.275222463674746,9.85752762618866e-06,5.73234097544452e-05
"ENSG00000160691.19","SHC1"," protein_coding","chr1",4410.73046068473,1.00845507431985,0.471373939596388,0.000788953179026989,0.0028961710645656
"ENSG00000255559.1","ZNF252P-AS1"," lncRNA","chr8",12.4171653815002,1.00810288657732,0.702366696518547,0.0027088087206017,0.00856140877356495
"ENSG00000126457.22","PRMT1"," protein_coding","chr19",2871.00965351814,1.00743561842552,0.267789149292759,6.04884631609e-06,3.66664169148024e-05
"ENSG00000108175.17","ZMIZ1"," protein_coding","chr10",2878.4657013126,1.00551344033922,0.228735144558262,4.26496885622848e-07,3.27122999125239e-06
"ENSG00000275832.5","ARHGAP23"," protein_coding","chr17",817.135567200391,1.00522573170831,0.522795527405075,0.00115621929261871,0.00406089831985492
"ENSG00000033327.13","GAB2"," protein_coding","chr11",625.689354498914,1.00476814666063,0.356302377695152,0.000143224990080949,0.000636267093461957
"ENSG00000196465.10","MYL6B"," protein_coding","chr12",733.352132998699,1.00297806804092,0.316491413685577,4.94157910160824e-05,0.000245555231371058
"ENSG00000068024.17","HDAC4"," protein_coding","chr2",329.256814538564,1.00263703941965,0.125265175276412,5.42299972269122e-17,2.13472980986748e-15
"ENSG00000105928.16","GSDME"," protein_coding","chr7",488.910838350144,1.00216688792565,0.34369689552458,0.000114481991819641,0.000522177516714168
"ENSG00000143390.18","RFX5"," protein_coding","chr1",898.353513979675,1.00209729461264,0.247606895153306,1.93642387049483e-06,1.30146423683096e-05
"ENSG00000196118.12","CCDC189"," protein_coding","chr16",5.84607648101545,1.00186230377596,0.789047964531246,0.00370387473850687,0.0112633780491563
"ENSG00000180329.14","CCDC43"," protein_coding","chr17",381.766535113308,1.00166970773578,0.141257172334354,5.81514784870289e-14,1.45386582949946e-12
"ENSG00000174951.11","FUT1"," protein_coding","chr19",132.857457858847,1.00073104222992,0.685002936341099,0.00229840186004412,0.00740305696285632
"ENSG00000129534.14","MIS18BP1"," protein_coding","chr14",357.264668730117,1.00052571730655,0.272534979563812,8.46027485882744e-06,4.98742436049187e-05
