"EnsemblID","GeneSymbol","Class","Chromosome","baseMean","log2FoldChange","lfcSE","pvalue","padj"
"ENSG00000000005.6","TNMD"," protein_coding","chrX",389.252955731573,-5.16027099239722,0.542678218356804,6.89989271487333e-23,1.09429162143021e-19
"ENSG00000000460.17","C1orf112"," protein_coding","chr1",376.771321929475,1.00495060330644,0.218884659140864,1.87727271447337e-07,4.01347562994427e-06
"ENSG00000003096.14","KLHL13"," protein_coding","chrX",1454.07215178414,-2.66478873905397,0.522902815912156,1.20602660705234e-08,3.59262687525698e-07
"ENSG00000003436.16","TFPI"," protein_coding","chr2",2151.26485042485,-2.0471871767933,0.31120406192561,1.89303519996235e-12,1.6149117643493e-10
"ENSG00000004776.13","HSPB6"," protein_coding","chr19",2107.41119997416,-4.56325186837751,0.66169047900195,1.81111927856488e-13,2.08553672436987e-11
"ENSG00000004799.8","PDK4"," protein_coding","chr7",22804.1078288704,-4.18397011883685,0.501142466735254,2.56037052904012e-18,1.19111850838318e-15
"ENSG00000004838.14","ZMYND10"," protein_coding","chr3",399.475959073163,2.8026449259136,0.446814864781476,1.75768822908593e-11,1.1110054348014e-09
"ENSG00000004846.16","ABCB5"," protein_coding","chr7",111.741771121133,-2.57814208490837,0.536164136653432,5.03368928372023e-08,1.26534908356111e-06
"ENSG00000005001.10","PRSS22"," protein_coding","chr16",635.750415396513,1.74669816180654,0.724422399182278,0.000453528787561151,0.0030542507096692
"ENSG00000005020.13","SKAP2"," protein_coding","chr7",2659.59391588101,-1.10778188043883,0.283551495208249,3.29357459087762e-06,4.74663820943044e-05
"ENSG00000005249.13","PRKAR2B"," protein_coding","chr7",10450.6373110946,-2.53751644426148,0.629822732033408,1.7406606089559e-06,2.73204630261271e-05
"ENSG00000005513.10","SOX8"," protein_coding","chr16",158.497606112792,-1.74682042046036,0.460002116546177,4.8848733493775e-06,6.6969790189835e-05
"ENSG00000005844.19","ITGAL"," protein_coding","chr16",1335.95392846224,1.58664334814998,0.452088953211572,1.7401179249241e-05,0.000198024965813851
"ENSG00000006210.7","CX3CL1"," protein_coding","chr16",15140.7570652076,-3.64294540069595,0.470357812809968,3.0276014502648e-16,8.00273046978706e-14
"ENSG00000006652.15","IFRD1"," protein_coding","chr7",468.341807760278,-1.16596884814269,0.270460861421424,6.11640754982049e-07,1.10573873482273e-05
"ENSG00000007306.15","CEACAM7"," protein_coding","chr19",20.3920943041501,1.52042063005459,0.947536782274331,0.00210758806530309,0.0108572058447497
"ENSG00000007314.12","SCN4A"," protein_coding","chr17",652.78024532358,-3.0504885509751,0.51350933359891,1.02754378406616e-10,5.36880049960531e-09
"ENSG00000007372.24","PAX6"," protein_coding","chr11",14.428946500039,2.93044912649663,1.0802901134676,0.000207377632106503,0.00159199405100726
"ENSG00000007968.7","E2F2"," protein_coding","chr1",189.005631774494,1.73763874261652,0.3567246708979,5.09867571541509e-08,1.2798409668097e-06
"ENSG00000008283.16","CYB561"," protein_coding","chr17",7004.39269255602,1.02865365081935,0.190508676248745,3.25635650127156e-09,1.11747826458734e-07
"ENSG00000008300.17","CELSR3"," protein_coding","chr3",396.353658260939,1.96492020394684,0.411387568190923,7.67610767562533e-08,1.84326960020814e-06
"ENSG00000008311.15","AASS"," protein_coding","chr7",1043.38737370367,-1.70713517425274,0.208310245432765,2.22701608437207e-09,8.07721602908794e-08
"ENSG00000008323.15","PLEKHG6"," protein_coding","chr12",1207.25099894124,-1.16574516667798,0.395254937789084,9.39741927179542e-05,0.000820739313672626
"ENSG00000008394.13","MGST1"," protein_coding","chr12",15606.0368765762,-2.134610731712,0.453436673574391,9.77736745876535e-08,2.27276567624105e-06
"ENSG00000008735.14","MAPK8IP2"," protein_coding","chr22",978.957999603363,2.22492981481446,0.416634559090675,4.46412212046595e-09,1.47918029349646e-07
"ENSG00000009694.13","TENM1"," protein_coding","chrX",106.257142097136,-2.07557181904122,0.415899892204611,2.19829358763196e-08,6.07412112324885e-07
"ENSG00000009950.16","MLXIPL"," protein_coding","chr7",1619.96177121917,-3.89717087950385,0.741637962807004,4.70756632019588e-09,1.55247350168199e-07
"ENSG00000010030.14","ETV7"," protein_coding","chr6",256.871863687628,1.61684002368027,0.427241877097501,6.14577494579786e-06,8.12551093724264e-05
"ENSG00000010310.9","GIPR"," protein_coding","chr19",164.267593505809,1.0447144299285,0.476351946774518,0.000744867515525925,0.00461537426464483
"ENSG00000010319.7","SEMA3G"," protein_coding","chr3",7362.24897387612,-2.48118267478009,0.465388901927066,3.50694233859266e-09,1.19271394063055e-07
"ENSG00000011083.9","SLC6A7"," protein_coding","chr5",11.6969303768827,1.55412616372535,1.06760870273891,0.00243447992244612,0.0121744931881994
"ENSG00000011198.10","ABHD5"," protein_coding","chr3",3065.98891045362,-1.09784519815916,0.322755341509898,2.18403902146239e-05,0.000241149700942545
"ENSG00000011422.12","PLAUR"," protein_coding","chr19",1301.85893023896,1.2300521938553,0.459293773351781,0.000237874249680613,0.00178525929137584
"ENSG00000011426.11","ANLN"," protein_coding","chr7",781.712936644349,2.77605270066001,0.409611961460771,6.21858431236943e-13,6.16598352980126e-11
"ENSG00000012048.23","BRCA1"," protein_coding","chr17",779.556349699402,1.02218583580907,0.351255367814614,0.000120067090439939,0.00100970374850324
"ENSG00000012124.17","CD22"," protein_coding","chr19",515.489663457674,1.47715155731073,0.593891033650878,0.000376712312738885,0.00261309528902036
"ENSG00000013293.6","SLC7A14"," protein_coding","chr3",12.6853595681731,-3.56474540151452,0.578803249882041,4.89558808333227e-11,2.70700418091198e-09
"ENSG00000013297.12","CLDN11"," protein_coding","chr3",1105.85537096569,-2.08389442360648,0.383746717304488,2.11159126371061e-09,7.69859255821599e-08
"ENSG00000013588.9","GPRC5A"," protein_coding","chr12",11811.685887131,2.74061954794059,0.467719953954533,2.25119111834766e-10,1.06865726952746e-08
"ENSG00000013725.14","CD6"," protein_coding","chr11",473.783582925351,1.28756472642703,0.500858836430157,0.000309297721645458,0.00221661490506268
"ENSG00000013810.20","TACC3"," protein_coding","chr4",1262.87735914595,1.83302546579869,0.289622983165756,1.22422842859206e-11,8.16721875755361e-10
"ENSG00000015133.19","CCDC88C"," protein_coding","chr14",3420.95841896206,1.13399566732299,0.275068668120196,1.5888194253775e-06,2.52208819703577e-05
"ENSG00000015413.9","DPEP1"," protein_coding","chr16",34.617451325282,1.99210304697632,0.450258502607462,4.06602668095847e-07,7.78637414518782e-06
"ENSG00000019144.19","PHLDB1"," protein_coding","chr11",7169.85949821463,-1.11635809209597,0.366546914397396,6.93356412958887e-05,0.000637299752490741
"ENSG00000019505.8","SYT13"," protein_coding","chr11",2179.10906308199,5.80888437888258,0.912671401609345,9.79429636491899e-12,6.67446864196071e-10
"ENSG00000022267.19","FHL1"," protein_coding","chrX",29959.4254642479,-4.56560514234354,0.65675532874876,1.45467190029002e-13,1.69749020979997e-11
"ENSG00000022556.16","NLRP2"," protein_coding","chr19",1199.44621385385,1.64027859671056,0.807092578098494,0.00102758082410327,0.00602982215502646
"ENSG00000024526.17","DEPDC1"," protein_coding","chr1",191.810499346164,2.61329668917624,0.358124593916447,1.57933801476219e-14,2.48219291320124e-12
"ENSG00000025039.15","RRAGD"," protein_coding","chr6",1320.39437236375,-2.13689133584821,0.370984627900707,3.19621648856996e-10,1.47122941296431e-08
"ENSG00000025423.11","HSD17B6"," protein_coding","chr12",110.901875191445,3.18210766027839,0.336971108239162,2.04687025812855e-22,2.74682116062936e-19
"ENSG00000025708.14","TYMP"," protein_coding","chr22",3631.43853030673,1.45874412560267,0.39443605817999,8.81223547890526e-06,0.00011124012593867
"ENSG00000026025.16","VIM"," protein_coding","chr10",57581.1618675919,-1.47890468449381,0.482949912236252,6.37929261924066e-05,0.000594656422062318
"ENSG00000027697.15","IFNGR1"," protein_coding","chr6",6621.5363053392,-1.24002409485285,0.201452474940891,2.81377149365143e-11,1.66398815567783e-09
"ENSG00000027869.12","SH2D2A"," protein_coding","chr1",152.126068749909,1.2718979680532,0.533900947839504,0.000489258861503731,0.00325528812675947
"ENSG00000029559.7","IBSP"," protein_coding","chr4",74.6131877603654,6.05577251954329,0.697388825584147,3.24928750095492e-19,1.74416754147413e-16
"ENSG00000029993.15","HMGB3"," protein_coding","chrX",1699.79559128952,1.46471443580203,0.385931449802114,6.04226240869226e-06,8.00685824920933e-05
"ENSG00000033170.17","FUT8"," protein_coding","chr14",3334.48305386811,1.17361993454409,0.227856143658769,1.23548514367385e-08,3.66558776768064e-07
"ENSG00000034971.17","MYOC"," protein_coding","chr1",420.204620155929,-7.58338201050501,0.862995019360576,5.79927114680345e-13,5.78121055951769e-11
"ENSG00000035499.13","DEPDC1B"," protein_coding","chr5",107.999242697065,2.09120522009613,0.363984981305499,4.50470543038621e-10,1.96467096464507e-08
"ENSG00000035720.8","STAP1"," protein_coding","chr4",40.4818497754928,1.63011580822354,0.454159330870898,1.29621844012285e-05,0.000154250878561823
"ENSG00000036530.9","CYP46A1"," protein_coding","chr14",96.0364223573134,-1.55864136565411,0.422903634171907,7.46105591905624e-06,9.598956566069e-05
"ENSG00000038295.8","TLL1"," protein_coding","chr4",451.971644814629,-1.23296089136737,0.445216973029033,0.000156867696795312,0.00126286820694167
"ENSG00000038427.16","VCAN"," protein_coding","chr5",13246.841899122,1.55714351846094,0.533062189188142,0.000114440166250423,0.000969628907392792
"ENSG00000039537.14","C6"," protein_coding","chr5",288.374720889505,-4.66473178801659,0.49030011540024,4.04012485276802e-08,1.04263310826871e-06
"ENSG00000042445.14","RETSAT"," protein_coding","chr2",14233.1933057591,-1.23445419128116,0.530933106775461,0.000479007053120886,0.00320234433616417
"ENSG00000043355.12","ZIC2"," protein_coding","chr13",36.1004329028932,1.72407240433566,1.21078997743376,0.00240469886025241,0.0120667328401404
"ENSG00000046889.19","PREX2"," protein_coding","chr8",1343.44076526438,-1.31681976719892,0.373516068499583,1.3818480471257e-05,0.000162555833487063
"ENSG00000048540.15","LMO3"," protein_coding","chr12",860.093090684534,-2.80138493780045,0.747791053914074,5.17481396698898e-06,7.01700865250608e-05
"ENSG00000049130.16","KITLG"," protein_coding","chr12",3716.32435044561,1.11823968193062,0.468344006951442,0.000521553263567651,0.00343284567423862
"ENSG00000049192.15","ADAMTS6"," protein_coding","chr5",158.189459415238,1.31377417389498,0.439019533517076,9.43929952260653e-05,0.000823572392206213
"ENSG00000049247.14","UTS2"," protein_coding","chr1",9.7704134643877,2.92857129796736,0.799393882517603,1.06243716832419e-05,0.000130434536382827
"ENSG00000049249.9","TNFRSF9"," protein_coding","chr1",129.425651140431,3.44084160944316,0.641419514406378,3.76460343691799e-09,1.26420383558716e-07
"ENSG00000049283.18","EPN3"," protein_coding","chr17",1112.06568035593,1.651614877455,0.640792600945351,0.000298680462906462,0.00215359785725756
"ENSG00000049768.16","FOXP3"," protein_coding","chrX",235.053479968103,2.74585413190368,0.529130092926688,9.73238660135904e-09,2.98919631081002e-07
"ENSG00000050438.17","SLC4A8"," protein_coding","chr12",1053.3835805803,1.6109755176335,0.696942406328654,0.00056902900036472,0.0036944530799638
"ENSG00000050730.16","TNIP3"," protein_coding","chr4",18.0761725035033,1.29472221899146,0.740642692512482,0.00172242299791508,0.00919618375214307
"ENSG00000051180.17","RAD51"," protein_coding","chr15",198.52971671436,1.697208877241,0.30247849942347,9.12809595348105e-10,3.72501047851353e-08
"ENSG00000051341.14","POLQ"," protein_coding","chr3",163.783955896728,2.1036242080846,0.429791970210275,4.45220100934483e-08,1.13970466190059e-06
"ENSG00000052850.8","ALX4"," protein_coding","chr11",359.108537401155,-1.6503222358128,0.818620512027441,0.000849906969605934,0.00515185963803346
"ENSG00000053254.16","FOXN3"," protein_coding","chr14",4995.94329117308,-1.35064815856856,0.388405670960334,1.63272661842408e-05,0.000187401042615649
"ENSG00000054392.13","HHAT"," protein_coding","chr1",1187.85173769533,1.09411725795109,0.338855336800454,4.71291719153484e-05,0.000461257766423119
"ENSG00000054598.9","FOXC1"," protein_coding","chr6",896.755761733235,-1.83743171018728,0.337982044243268,2.08765164639325e-09,7.63641259247741e-08
"ENSG00000054967.13","RELT"," protein_coding","chr11",199.726468284797,1.12514270743489,0.30622092437295,9.14013545318185e-06,0.000114674025924836
"ENSG00000055163.20","CYFIP2"," protein_coding","chr5",1579.25730282086,1.49391677018347,0.290356704615305,1.29101503092982e-08,3.81412408502729e-07
"ENSG00000057593.14","F7"," protein_coding","chr13",263.009420018487,3.69709873813112,0.511450185091396,2.58840278994647e-14,3.7013099075419e-12
"ENSG00000057704.13","TMCC3"," protein_coding","chr12",1025.88160818368,-1.07080531284544,0.348917152956605,6.58062164210714e-05,0.000610163352949137
"ENSG00000059588.10","TARBP1"," protein_coding","chr1",2863.0221285729,1.11097746721111,0.304728281256284,1.04999972088512e-05,0.000129180325322295
"ENSG00000060138.13","YBX3"," protein_coding","chr12",9236.02782252344,-1.24415083613143,0.374076544657732,2.7931743694111e-05,0.00029694286082609
"ENSG00000060718.22","COL11A1"," protein_coding","chr1",3722.51684522815,5.72418500030445,0.475737733144403,1.59119935706092e-34,1.38796341918032e-30
"ENSG00000064218.5","DMRT3"," protein_coding","chr9",103.982105967258,-1.92728566528224,0.63446032868398,6.50826049095886e-05,0.000604739591984143
"ENSG00000064225.12","ST3GAL6"," protein_coding","chr3",546.59090929923,-1.17277906018745,0.420204120353371,0.000148399245390055,0.00120497976981717
"ENSG00000064489.23","BORCS8-MEF2B"," protein_coding","chr19",1.69420276299706,2.072433791082,1.1882526731018,0.00162393805547394,0.00876288628109204
"ENSG00000064692.20","SNCAIP"," protein_coding","chr5",271.086197661597,-1.21366976003173,0.366741528252429,2.97281056993796e-05,0.000312893917332444
"ENSG00000064787.13","BCAS1"," protein_coding","chr20",2096.69826802005,3.91532972351282,0.590003802856446,1.60665213256863e-12,1.39100991457697e-10
"ENSG00000065328.17","MCM10"," protein_coding","chr10",184.322459483411,1.53638806981078,0.303062606704878,1.75952703250171e-08,5.00747615750548e-07
"ENSG00000065361.16","ERBB3"," protein_coding","chr12",17560.1518253052,1.0837121027963,0.805965402615768,0.00355180782026306,0.0165455442799464
"ENSG00000065534.19","MYLK"," protein_coding","chr3",15255.6087549513,-2.24074466995298,0.376591314904098,1.02458552833952e-10,5.36768974013424e-09
"ENSG00000066279.18","ASPM"," protein_coding","chr1",526.365900800451,3.26416367135144,0.496955668598296,2.55113796257823e-12,2.09439422711334e-10
"ENSG00000066382.16","MPPED2"," protein_coding","chr11",247.272188475413,-1.19172363316786,0.342380045650914,1.66068336100602e-05,0.000190163777974601
"ENSG00000066405.13","CLDN18"," protein_coding","chr3",12.6291133129261,-1.25502035536236,0.497646112935257,0.000323230583717623,0.00230113003397094
"ENSG00000067082.15","KLF6"," protein_coding","chr10",19794.2238547308,-1.79049272070515,0.276692525994727,2.3487625552997e-12,1.95120653135623e-10
"ENSG00000067113.17","PLPP1"," protein_coding","chr5",2930.11518302388,-1.83108200819857,0.269735994669055,4.60934980768405e-13,4.74409510737181e-11
"ENSG00000067715.14","SYT1"," protein_coding","chr12",1025.35450773157,2.73181397045132,0.608590315664203,3.06976304986655e-07,6.16621200765077e-06
"ENSG00000067836.13","ROGDI"," protein_coding","chr16",570.82976935293,1.55695593421787,0.332036728050485,1.23380721312656e-07,2.78272575780212e-06
"ENSG00000068078.20","FGFR3"," protein_coding","chr4",860.847084486308,3.07493106230643,0.549466607098198,1.02492945389565e-09,4.10101073117811e-08
"ENSG00000068366.20","ACSL4"," protein_coding","chrX",3733.12125507572,-1.14549955314474,0.444230108153955,0.000261686958910846,0.00193402238579926
"ENSG00000068489.13","PRR11"," protein_coding","chr17",341.519488811828,1.39997524226904,0.297532609903765,1.14572904957277e-07,2.60258022582314e-06
"ENSG00000068615.19","REEP1"," protein_coding","chr2",861.748040719119,1.8200750938555,0.501046215461836,1.09083446036681e-05,0.00013354493037424
"ENSG00000068976.14","PYGM"," protein_coding","chr11",413.049807067867,-3.46617365899138,0.613182455818874,5.43041769425197e-10,2.32481845116743e-08
"ENSG00000069011.16","PITX1"," protein_coding","chr5",1155.76330873864,4.41253371375493,0.715859595358421,3.32566977741348e-11,1.92112490403532e-09
"ENSG00000069122.19","ADGRF5"," protein_coding","chr6",4809.44978730879,-1.59344892317926,0.374055353250527,7.20852292760561e-07,1.26770450336234e-05
"ENSG00000069431.11","ABCC9"," protein_coding","chr12",1726.90680829355,-1.99453334064459,0.515415450918024,3.51616245251933e-06,5.03002968966182e-05
"ENSG00000069764.10","PLA2G10"," protein_coding","chr16",23.9887982798652,2.40110086389464,0.515930078677311,1.4536780211306e-07,3.21757597191107e-06
"ENSG00000069812.11","HES2"," protein_coding","chr1",241.300557252137,2.75319489453059,0.916319292445844,8.47525844731616e-05,0.000753593890125658
"ENSG00000070031.4","SCT"," protein_coding","chr11",15.9645983283336,3.06328995320148,0.617598812672106,3.13619676350913e-08,8.2897758542119e-07
"ENSG00000070081.17","NUCB2"," protein_coding","chr11",6477.2719189075,1.04920366639393,0.328056755248091,5.39367931688863e-05,0.000516157062659246
"ENSG00000070182.21","SPTB"," protein_coding","chr14",296.063069037762,-2.72417707408633,0.570940389470753,6.19381354127123e-08,1.51732287015039e-06
"ENSG00000070371.16","CLTCL1"," protein_coding","chr22",251.028024735144,-1.49820499494817,0.332863596696947,2.45167088156022e-07,5.07663197201884e-06
"ENSG00000070808.16","CAMK2A"," protein_coding","chr5",22.7932411287913,2.11712654159258,0.47499574154478,3.33692919561789e-07,6.59653238324668e-06
"ENSG00000070886.12","EPHA8"," protein_coding","chr1",39.5221499724759,4.2486027937041,0.84819483817862,1.49708310748303e-08,4.36016082664361e-07
"ENSG00000070915.10","SLC12A3"," protein_coding","chr16",15.8338767885975,1.39731240847705,0.801858721787298,0.00174229245292743,0.00928791135971648
"ENSG00000070985.13","TRPM5"," protein_coding","chr11",2.1711588447527,2.21383921633629,1.26588882533135,0.00216882914753204,0.0110940650618004
"ENSG00000071073.13","MGAT4A"," protein_coding","chr2",4206.46032818109,1.042355999837,0.276246199740836,6.92605554120976e-06,8.99691004796537e-05
"ENSG00000071205.12","ARHGAP10"," protein_coding","chr4",1529.69848487338,-1.41523522059627,0.360258490016907,2.92440941809727e-06,4.2908145082772e-05
"ENSG00000071539.14","TRIP13"," protein_coding","chr5",354.146085260722,1.37286713869033,0.23799536770311,3.84779603354079e-10,1.7058888361661e-08
"ENSG00000071553.18","ATP6AP1"," protein_coding","chrX",12001.3612954636,1.18419451253189,0.231173856737977,1.70459008385366e-08,4.87898708906794e-07
"ENSG00000071909.19","MYO3B"," protein_coding","chr2",54.9548307485449,5.55031690599145,0.657284915547327,0.00623018766891465,0.0259741280865218
"ENSG00000071991.9","CDH19"," protein_coding","chr18",51.2863436644886,-3.71095953158262,0.745115446895705,2.09692998374144e-08,5.83444848985028e-07
"ENSG00000072163.20","LIMS2"," protein_coding","chr2",2869.91674951131,-2.21761349147038,0.352856014981456,1.24923756781531e-11,8.30231390069411e-10
"ENSG00000072195.15","SPEG"," protein_coding","chr2",954.128996835885,-1.03724978529094,0.387736707260428,0.000208149191096143,0.00159651207441977
"ENSG00000072571.20","HMMR"," protein_coding","chr5",261.114165023893,2.64559177547625,0.363106122531873,1.6950519101363e-14,2.64027036591811e-12
"ENSG00000072657.9","TRHDE"," protein_coding","chr12",231.45986739634,-4.4210270249844,0.743156900072664,8.69908645170885e-11,4.5987852331299e-09
"ENSG00000072858.11","SIDT1"," protein_coding","chr3",2652.53062331719,1.6560313048886,0.439533874715943,6.68283762074223e-06,8.72319070053562e-05
"ENSG00000073282.14","TP63"," protein_coding","chr3",2784.98696313516,-2.28418537706987,0.745814267832692,5.74800271007101e-05,0.000544834454107817
"ENSG00000073350.14","LLGL2"," protein_coding","chr17",3364.46489315742,1.31611725301248,0.371685184650061,1.60449354771072e-05,0.000184455961690856
"ENSG00000073464.13","CLCN4"," protein_coding","chrX",357.323220079738,-2.07644427375264,0.40464504407075,1.05145102103088e-08,3.18180204464775e-07
"ENSG00000073712.15","FERMT2"," protein_coding","chr14",6868.39606027647,-1.95329565937864,0.403334962011084,4.4713141459845e-08,1.14292030672194e-06
"ENSG00000073734.10","ABCB11"," protein_coding","chr2",56.5516389850987,-3.81854263629662,0.691515956971193,1.18169448624229e-09,4.66408397279182e-08
"ENSG00000073792.16","IGF2BP2"," protein_coding","chr3",360.984949574824,-1.82341048707132,0.367570257342565,2.6027611863992e-08,7.04522424783976e-07
"ENSG00000074211.14","PPP2R2C"," protein_coding","chr4",634.42669259695,3.36529518563299,0.808130534885207,1.25239618429145e-06,2.05151902657807e-05
"ENSG00000074370.18","ATP2A3"," protein_coding","chr17",3757.94026386767,1.45769510659305,0.261280659092284,1.09022899180248e-09,4.33248060967885e-08
"ENSG00000074410.14","CA12"," protein_coding","chr15",20773.3416838563,2.55076818944848,0.439067043338149,3.1849283916114e-10,1.46966963961722e-08
"ENSG00000074416.14","MGLL"," protein_coding","chr3",14136.0589407593,-2.00741413618399,0.455902653007529,3.75813591461182e-07,7.29689038379083e-06
"ENSG00000074696.13","HACD3"," protein_coding","chr15",9719.42980898127,1.00858441407052,0.203381018385422,4.40868265615364e-08,1.13022297248976e-06
"ENSG00000075213.11","SEMA3A"," protein_coding","chr7",371.474284134397,-1.56343174768183,0.50385731903015,5.60135245497796e-05,0.000532960972202444
"ENSG00000075218.19","GTSE1"," protein_coding","chr22",215.106418673543,2.28223064424924,0.337020935787391,6.26401864661103e-13,6.19144120676786e-11
"ENSG00000075275.18","CELSR1"," protein_coding","chr22",12420.2135268899,2.5624068734521,0.529422746860155,6.13271295619571e-08,1.50793860292195e-06
"ENSG00000075429.9","CACNG5"," protein_coding","chr17",2.29989943637314,2.73588068740046,1.23658607570467,0.000851886108062952,0.00516295956165094
"ENSG00000075461.6","CACNG4"," protein_coding","chr17",2942.02561035349,2.38276081840249,0.737838840523637,4.37112671743667e-05,0.000433645101785848
"ENSG00000075651.16","PLD1"," protein_coding","chr3",1235.44357080247,-1.15121825713357,0.271632197625844,8.22458925136041e-07,1.42272753380871e-05
"ENSG00000075702.18","WDR62"," protein_coding","chr19",256.296731150822,2.15245684597521,0.293180910254447,1.12273056641677e-14,1.84779208456828e-12
"ENSG00000075886.11","TUBA3D"," protein_coding","chr2",86.5802512214762,2.5554154957159,0.587172363925179,5.75239635202601e-07,1.05247436349523e-05
"ENSG00000075891.22","PAX2"," protein_coding","chr10",115.001952191779,2.83345593847918,1.0970150088563,0.000264622384407215,0.0019513570685565
"ENSG00000076382.17","SPAG5"," protein_coding","chr17",610.579469866375,2.3834625406434,0.284838914327418,3.1719682118808e-18,1.45622556422017e-15
"ENSG00000076554.15","TPD52"," protein_coding","chr8",7209.75942756492,1.75499091281382,0.501077256638145,1.84829333435638e-05,0.000208349291111973
"ENSG00000076706.17","MCAM"," protein_coding","chr11",19777.1094037331,-2.43101440389478,0.42348516947368,3.4564853849148e-10,1.56623677357224e-08
"ENSG00000076716.9","GPC4"," protein_coding","chrX",3448.9749060081,1.7125572316145,0.514067272239614,3.22625679375278e-05,0.000335121541502912
"ENSG00000076944.16","STXBP2"," protein_coding","chr19",1485.7386525293,1.51744714840451,0.363441860057629,1.26159017522277e-06,2.06270584834572e-05
"ENSG00000077152.11","UBE2T"," protein_coding","chr1",404.611928971467,2.4593779038442,0.301518796492663,1.83010872139961e-17,7.17464307846671e-15
"ENSG00000077157.22","PPP1R12B"," protein_coding","chr1",5790.61925443355,-1.8628982302039,0.229070677255015,1.77801842325729e-17,7.04964100066707e-15
"ENSG00000077264.15","PAK3"," protein_coding","chrX",444.989193135795,-3.10114408301497,0.536411805972093,2.684716092032e-10,1.25398164882314e-08
"ENSG00000077274.9","CAPN6"," protein_coding","chrX",874.356342236966,-2.70417888178815,0.672980229257969,1.80160980539566e-06,2.81126868157692e-05
"ENSG00000077327.16","SPAG6"," protein_coding","chr10",550.585523935936,3.86608848206542,1.04284360669105,7.49360704499602e-06,9.63373041293132e-05
"ENSG00000077585.14","GPR137B"," protein_coding","chr1",1500.45963286082,1.11568889556337,0.249116540617584,3.2747284715129e-07,6.49196313065662e-06
"ENSG00000077684.16","JADE1"," protein_coding","chr4",2648.58486167659,-1.20503685169873,0.222651054579974,2.48512094304818e-09,8.8840527483498e-08
"ENSG00000077782.21","FGFR1"," protein_coding","chr8",9041.30922008742,-1.59161772267187,0.27950411635818,4.88028533422896e-10,2.11525510057867e-08
"ENSG00000078070.13","MCCC1"," protein_coding","chr3",1858.34611249675,-1.04477844324316,0.351191396119508,8.61056360476076e-05,0.000763913442447728
"ENSG00000078081.8","LAMP3"," protein_coding","chr3",362.0003024377,1.47523348134607,0.585399017796149,0.00035090031176491,0.00246046277688695
"ENSG00000078098.14","FAP"," protein_coding","chr2",1342.87751406243,1.9971797959132,0.435683523888495,2.09426432323533e-07,4.40717590482533e-06
"ENSG00000078399.19","HOXA9"," protein_coding","chr7",204.996018157979,-2.65544125838361,0.352749713050276,2.0675995527619e-15,4.34582024068767e-13
"ENSG00000078401.7","EDN1"," protein_coding","chr6",1266.57864265603,-2.00165501422289,0.40197627693327,2.33178896069439e-08,6.39610445185441e-07
"ENSG00000078589.13","P2RY10"," protein_coding","chrX",202.33192547484,1.76637137718047,0.513225243037157,2.16670745638355e-05,0.000239539258113683
"ENSG00000078596.11","ITM2A"," protein_coding","chrX",3368.24005582358,-1.94348778247454,0.347591176411334,8.65265010765855e-10,3.56013696823484e-08
"ENSG00000079263.19","SP140"," protein_coding","chr2",163.080204936434,1.42929851752918,0.436989467868207,3.93214036487574e-05,0.000396428542453682
"ENSG00000079308.19","TNS1"," protein_coding","chr2",43129.0231362304,-2.82649908419914,0.434615944907049,3.83639334832108e-12,2.98119377096371e-10
"ENSG00000079337.16","RAPGEF3"," protein_coding","chr12",1945.88860567581,-1.46220766050272,0.303410399430119,5.43506591972523e-08,1.35260260346029e-06
"ENSG00000079393.20","DUSP13"," protein_coding","chr10",16.2027812355977,3.27801644742999,1.00920328679488,4.14107262480621e-05,0.000414000472642159
"ENSG00000079462.8","PAFAH1B3"," protein_coding","chr19",1286.63842692296,2.04285868014018,0.369970176759897,1.65068828634178e-09,6.21296278303679e-08
"ENSG00000079616.13","KIF22"," protein_coding","chr16",1973.98029849636,1.23400796400032,0.262756546156112,1.12549751637363e-07,2.5616264738286e-06
"ENSG00000079739.17","PGM1"," protein_coding","chr1",6065.06901463995,-1.46013989444538,0.385197358899488,4.98274049978066e-06,6.80628606156911e-05
"ENSG00000079819.19","EPB41L2"," protein_coding","chr6",7104.33469200816,-1.50441634411665,0.348150913537726,5.34350454570882e-07,9.86456175155167e-06
"ENSG00000080166.16","DCT"," protein_coding","chr13",74.2090884712167,-3.32521829066011,0.676696289178797,1.22340942756815e-10,6.27734975548239e-09
"ENSG00000080293.10","SCTR"," protein_coding","chr2",26.058243934344,-3.16568427781269,0.682186297103972,1.00150940313267e-07,2.32029645316747e-06
"ENSG00000080986.13","NDC80"," protein_coding","chr18",279.616173485925,2.4506189349855,0.319601463726698,9.00006170358451e-16,2.09347435266511e-13
"ENSG00000081138.14","CDH7"," protein_coding","chr18",135.679154019726,5.10696679775714,0.923553105961867,1.61006123311498e-09,6.07972364552107e-08
"ENSG00000081377.17","CDC14B"," protein_coding","chr9",1401.84938794007,-1.61424947273442,0.225643382753889,3.69296144494473e-14,5.11313959426851e-12
"ENSG00000081818.4","PCDHB4"," protein_coding","chr5",453.404375613739,-1.74315103527237,0.299828097040497,2.44274699363787e-10,1.15331373958077e-08
"ENSG00000081853.15","PCDHGA2"," protein_coding","chr5",232.585753860699,-2.38265874542916,0.367027938176927,3.36904305536107e-12,2.66551658151027e-10
"ENSG00000081923.15","ATP8B1"," protein_coding","chr18",4178.04457835874,1.40037105911951,0.269581150138497,9.72414476439433e-09,2.98919631081002e-07
"ENSG00000082482.14","KCNK2"," protein_coding","chr1",426.225408880227,-1.39131697489025,0.577675163556033,0.000388869934719678,0.00268355634737031
"ENSG00000082512.15","TRAF5"," protein_coding","chr1",2151.55442450489,1.48368887923797,0.34143045109964,6.14491574358352e-07,1.10859490801123e-05
"ENSG00000083067.23","TRPM3"," protein_coding","chr9",43.5976322263274,-2.96869123174001,0.49958591252936,1.16014955773797e-10,5.97377510658192e-09
"ENSG00000083782.8","EPYC"," protein_coding","chr12",97.8191071090233,5.56311119603232,0.753595263608649,9.9072967078801e-15,1.66190139151271e-12
"ENSG00000084444.14","FAM234B"," protein_coding","chr12",5396.51988526421,2.16596307634263,0.614769451247859,1.70604639842029e-05,0.000194838236407706
"ENSG00000084628.10","NKAIN1"," protein_coding","chr1",1466.30175555625,5.5691220073055,0.643295643029094,2.82056661033068e-19,1.56210142223885e-16
"ENSG00000084710.14","EFR3B"," protein_coding","chr2",428.40407795479,1.70127955590748,0.370452583641047,1.90035544197139e-07,4.04300620279413e-06
"ENSG00000085563.15","ABCB1"," protein_coding","chr7",786.593259547745,-1.28868981400459,0.481453123599531,0.000200786616347512,0.00154992164402236
"ENSG00000085741.13","WNT11"," protein_coding","chr11",538.12746513167,-3.6998268150455,0.522869625118042,5.22696126866973e-14,6.89709382575897e-12
"ENSG00000085840.13","ORC1"," protein_coding","chr1",139.999395097978,1.10380933401682,0.362641375563119,8.14044159920616e-05,0.000728464087812009
"ENSG00000085999.13","RAD54L"," protein_coding","chr1",104.737278716969,2.0225967091635,0.363339320340269,1.27061263591366e-09,4.92588283107371e-08
"ENSG00000086548.9","CEACAM6"," protein_coding","chr19",6116.28525726524,4.87858571890807,0.913058264821045,4.15153558175268e-09,1.38391291284322e-07
"ENSG00000086717.18","PPEF1"," protein_coding","chrX",70.2663959221404,3.36674984558162,0.405628680176084,5.65110025930372e-18,2.43422887836254e-15
"ENSG00000087085.16","ACHE"," protein_coding","chr7",61.0800021055363,1.44738297646547,0.343210459670532,0.00189593364505708,0.00993776087870794
"ENSG00000087095.13","NLK"," protein_coding","chr17",1531.32460234442,1.06853101946258,0.196099485718142,2.08188667000348e-09,7.63015838267767e-08
"ENSG00000087253.13","LPCAT2"," protein_coding","chr16",1980.91717007646,-1.20360197815132,0.273639539111722,4.05462777080548e-07,7.7688093108827e-06
"ENSG00000087494.16","PTHLH"," protein_coding","chr12",1680.56911570504,-3.78998844237019,0.898293568614281,6.70852600114644e-07,1.19727458161637e-05
"ENSG00000087586.18","AURKA"," protein_coding","chr20",408.51541530079,2.24485423872583,0.243040326760494,1.20292946548565e-21,1.31160662438311e-18
"ENSG00000087842.11","PIR"," protein_coding","chrX",617.910428891631,-1.29966661658937,0.388730894330925,2.62466955928226e-05,0.00028186317510901
"ENSG00000087903.13","RFX2"," protein_coding","chr19",861.382985602359,-1.52512743486601,0.423119387026901,1.01956178460171e-05,0.000125790418057066
"ENSG00000088325.16","TPX2"," protein_coding","chr20",1204.93709336472,2.74536770759796,0.287467362086184,7.22037961203205e-23,1.09533158714526e-19
"ENSG00000088992.18","TESC"," protein_coding","chr12",414.10773456225,-2.50759093727602,0.462924045875518,2.28554254318367e-09,8.25008572385275e-08
"ENSG00000089012.14","SIRPG"," protein_coding","chr20",108.475285268196,1.90377409153909,0.633565374636784,9.04206009525637e-05,0.000793876494171087
"ENSG00000089127.14","OAS1"," protein_coding","chr12",2320.4339921732,1.66577672234541,0.379607189716233,4.70694472529144e-07,8.81062276878454e-06
"ENSG00000089199.10","CHGB"," protein_coding","chr20",22.2275062981142,-6.91758107816393,0.552400396833187,0.00644416115434656,0.0266844560688708
"ENSG00000089356.18","FXYD3"," protein_coding","chr19",88.8868798696984,1.12581743057246,0.592946347391953,0.00133774182846019,0.00747879348450642
"ENSG00000089685.15","BIRC5"," protein_coding","chr17",623.054940484204,2.87022841236348,0.432821717046813,1.66922828949403e-12,1.43647201330887e-10
"ENSG00000089723.10","OTUB2"," protein_coding","chr14",138.576171226817,1.16805720322156,0.266293486386924,5.0837929444834e-07,9.43929470327406e-06
"ENSG00000090382.7","LYZ"," protein_coding","chr12",4116.00887281981,1.93613971462526,0.626344085248175,7.20243047417962e-05,0.000658198013815089
"ENSG00000090530.10","P3H2"," protein_coding","chr3",843.821865581208,-1.74846724388473,0.231478285701178,1.80245436664711e-15,3.88206390782002e-13
"ENSG00000090534.20","THPO"," protein_coding","chr3",109.04901485863,1.28054374219093,0.891587705248417,0.00252269199359145,0.0125365683447371
"ENSG00000090565.17","RAB11FIP3"," protein_coding","chr16",3659.0331278785,1.01620243389304,0.318936565235315,5.67511845417954e-05,0.00053910002787568
"ENSG00000090659.18","CD209"," protein_coding","chr19",506.716541828359,-2.90322210689739,0.657852440788502,3.2613326125877e-07,6.47549433681622e-06
"ENSG00000090661.12","CERS4"," protein_coding","chr19",3767.7216781665,1.25313576285357,0.362428394633036,2.13743117217267e-05,0.000236827916888779
"ENSG00000090889.12","KIF4A"," protein_coding","chrX",404.78876007349,3.03541072402307,0.375905582013745,3.73812271710135e-17,1.33088611961615e-14
"ENSG00000090971.5","NAT14"," protein_coding","chr19",707.311650184076,1.18290935315501,0.363339857755054,4.07377412500824e-05,0.000408442681022018
"ENSG00000091137.14","SLC26A4"," protein_coding","chr7",99.9652452656683,-1.61630810276242,0.459049831492292,1.3664964398435e-05,0.000161075767846552
"ENSG00000091138.13","SLC26A3"," protein_coding","chr7",166.12654394826,-4.35123186850672,0.79276817827153,0.003110604708249,0.0148430127017937
"ENSG00000091513.16","TF"," protein_coding","chr3",3214.95845721701,-3.03417064491331,0.680460219570151,2.58682593694696e-07,5.3217537597887e-06
"ENSG00000091651.9","ORC6"," protein_coding","chr16",171.740911182824,1.84684555731041,0.448756307942819,1.59035652333393e-06,2.52338014805112e-05
"ENSG00000091831.24","ESR1"," protein_coding","chr6",19322.9334748318,2.49087258401003,0.559812773435355,3.54386737236784e-07,6.94267695054949e-06
"ENSG00000092068.20","SLC7A8"," protein_coding","chr14",7534.86110647459,1.5298510283189,0.345559970918094,4.50385188244424e-07,8.48509157831329e-06
"ENSG00000092345.14","DAZL"," protein_coding","chr3",3.40183872417656,2.41851649996451,1.34623615832383,0.0018753721814532,0.00985445945528366
"ENSG00000092421.17","SEMA6A"," protein_coding","chr5",1502.11641506797,-1.758708458598,0.260824458456083,6.44571636716641e-13,6.31734521816863e-11
"ENSG00000092853.14","CLSPN"," protein_coding","chr1",203.934625939174,2.17142034483402,0.324613297395894,1.14211356710303e-12,1.03237006398425e-10
"ENSG00000092978.11","GPATCH2"," protein_coding","chr1",1550.35017697892,1.17121150620791,0.259432423232547,3.14603448263057e-07,6.29044636867983e-06
"ENSG00000093009.11","CDC45"," protein_coding","chr22",168.153132892594,1.33427035218781,0.438857133219088,8.30460435292024e-05,0.000740306465196066
"ENSG00000093144.19","ECHDC1"," protein_coding","chr6",3359.41192350572,-1.34336394967716,0.300514687740355,2.39211620882689e-07,4.96509974076021e-06
"ENSG00000094755.17","GABRP"," protein_coding","chr5",8952.89885098484,-2.81307914492102,0.915636125843294,4.83578164719254e-05,0.000471299601821774
"ENSG00000094796.5","KRT31"," protein_coding","chr17",63.1186753944277,5.90559592911245,1.31085555860375,2.52322456814238e-07,5.20318134793474e-06
"ENSG00000094804.12","CDC6"," protein_coding","chr17",526.362514388353,2.23040249660992,0.368999584818122,7.19050834876115e-11,3.84791452142063e-09
"ENSG00000094963.14","FMO2"," protein_coding","chr1",5006.51336436299,-3.98694374873528,0.418831511164092,6.83116966823383e-23,1.09429162143021e-19
"ENSG00000095585.17","BLNK"," protein_coding","chr10",690.010383991603,1.25032674755009,0.342337628883213,1.01290852464517e-05,0.000125058001887455
"ENSG00000095587.9","TLL2"," protein_coding","chr10",31.8359401450628,1.74459068447639,0.434604411268261,2.32472342760259e-06,3.5052690195541e-05
"ENSG00000095637.22","SORBS1"," protein_coding","chr10",19604.8688997726,-3.30746768034947,0.508214153676913,2.7872156357527e-12,2.26687041368409e-10
"ENSG00000095713.14","CRTAC1"," protein_coding","chr10",232.99925480326,-3.27186866686241,0.419048403105903,2.32102902225994e-16,6.42722409648188e-14
"ENSG00000095752.7","IL11"," protein_coding","chr19",34.146206232014,1.3052483388374,0.57084166864604,0.000626745995490135,0.00400289118225266
"ENSG00000095932.7","SMIM24"," protein_coding","chr19",21.4296257471307,-1.32555020272695,1.01943069195616,0.0025606834755387,0.01268381702797
"ENSG00000095970.17","TREM2"," protein_coding","chr6",964.997234411012,1.38208508912244,0.588156178440675,0.000542350746161053,0.00355231084743858
"ENSG00000096088.16","PGC"," protein_coding","chr6",14.2967733688636,1.85862838672747,1.18390777194957,0.00208756552829317,0.010763595219104
"ENSG00000097046.13","CDC7"," protein_coding","chr1",371.543247893866,1.37270857427866,0.336880572874149,1.84611515535407e-06,2.86916721093358e-05
"ENSG00000099139.14","PCSK5"," protein_coding","chr9",1122.47555280084,-1.38028289696789,0.464730771113457,8.61102166503371e-05,0.000763913442447728
"ENSG00000099204.20","ABLIM1"," protein_coding","chr10",11784.4005834275,-1.11758728512745,0.218916553442859,1.2992865928182e-08,3.83531374873265e-07
"ENSG00000099219.14","ERMP1"," protein_coding","chr9",5347.22144008053,1.53865193437252,0.301665311234984,1.54168254533047e-08,4.46767821338251e-07
"ENSG00000099250.18","NRP1"," protein_coding","chr10",8172.55220503967,-1.19266324336119,0.354406996622377,2.48817963002974e-05,0.000268943852141783
"ENSG00000099260.11","PALMD"," protein_coding","chr1",5818.15196524159,-2.9237958865009,0.415822526055906,7.75036132997338e-14,9.90541601333704e-12
"ENSG00000099337.5","KCNK6"," protein_coding","chr19",2080.02277825496,1.36903564697946,0.34053258152272,2.43353715057064e-06,3.65355183823409e-05
"ENSG00000099769.6","IGFALS"," protein_coding","chr16",122.989098722418,2.20193384688624,0.596113079059073,8.5859554302895e-06,0.00010877725886646
"ENSG00000099812.9","MISP"," protein_coding","chr19",1667.20613772567,2.48819337501423,0.798845097249535,6.2346435598399e-05,0.000583692788119405
"ENSG00000099822.3","HCN2"," protein_coding","chr19",21.8800269163519,1.91893227620285,0.50461176021664,5.12499754467696e-06,6.96867846185986e-05
"ENSG00000099849.15","RASSF7"," protein_coding","chr11",989.737467692008,1.5167644087206,0.268364495565544,7.71840894010694e-10,3.21747916761376e-08
"ENSG00000099864.18","PALM"," protein_coding","chr19",4586.73772664173,-1.69167450881847,0.501600223169413,2.2690610732987e-05,0.00024911834458296
"ENSG00000099953.10","MMP11"," protein_coding","chr22",9484.62820293878,6.30557445729846,0.339082264893696,2.24222891809291e-78,7.82336091811799e-74
"ENSG00000099957.16","P2RX6"," protein_coding","chr22",41.6514817377919,-2.7040180368602,0.578252084652332,1.01188764167595e-07,2.33857209089322e-06
"ENSG00000100077.15","GRK3"," protein_coding","chr22",3467.40552792415,-1.3683786524435,0.333976904349125,1.47464318083191e-06,2.36342559588452e-05
"ENSG00000100078.4","PLA2G3"," protein_coding","chr22",167.894625094063,2.50704853708958,1.00389610582228,0.000338509960586645,0.002388946406721
"ENSG00000100162.15","CENPM"," protein_coding","chr22",214.27072725591,2.11967526006758,0.486903656211124,5.6564730189244e-07,1.03764458519081e-05
"ENSG00000100234.12","TIMP3"," protein_coding","chr22",61376.7775096903,-1.06401508728237,0.401336499472845,0.000219173047639417,0.00166895827262918
"ENSG00000100242.15","SUN2"," protein_coding","chr22",7394.80953835857,-1.15499541699494,0.310709877439225,6.7491471201277e-06,8.79658170221799e-05
"ENSG00000100307.13","CBX7"," protein_coding","chr22",3015.26339910945,-1.0421253106009,0.23801967003912,4.31598048387514e-07,8.19308351811139e-06
"ENSG00000100346.18","CACNA1I"," protein_coding","chr22",104.463338821784,1.85959735004048,0.508696250020135,9.92778495309927e-06,0.000123095360624942
"ENSG00000100385.14","IL2RB"," protein_coding","chr22",885.964368906776,1.25175639589719,0.487951720438152,0.000313503155009299,0.00224332210447692
"ENSG00000100479.13","POLE2"," protein_coding","chr14",199.888368965106,1.35687047148673,0.229422681864279,1.56625392453019e-10,7.818049453617e-09
"ENSG00000100526.20","CDKN3"," protein_coding","chr14",196.965822436332,1.9883632641438,0.286985117360619,2.03019039323423e-13,2.314881470926e-11
"ENSG00000100558.9","PLEK2"," protein_coding","chr14",369.85314130324,1.30476882692642,0.58230881577023,0.000681370067282386,0.00428895598368208
"ENSG00000100583.4","SAMD15"," protein_coding","chr14",153.574263115598,1.31922775030867,0.459562423719002,0.000135984139562588,0.00111796008800148
"ENSG00000100604.13","CHGA"," protein_coding","chr14",10.1331993640078,-4.53007755074286,0.58589742219987,0.00185551741825553,0.00976925580811131
"ENSG00000100625.9","SIX4"," protein_coding","chr14",880.004026894042,2.34421859455472,0.334076209557734,1.14701101612213e-13,1.38001246081093e-11
"ENSG00000100867.15","DHRS2"," protein_coding","chr14",7838.57839648824,6.01847485529326,0.928364818294882,4.58202502429438e-12,3.46792700916823e-10
"ENSG00000100911.16","PSME2"," protein_coding","chr14",5609.71574729458,1.16680213260698,0.305524999683046,5.30493276464229e-06,7.15976229990725e-05
"ENSG00000100918.13","REC8"," protein_coding","chr14",340.924551449645,1.04383721266501,0.768808666915761,0.00283400378258901,0.0137449577395487
"ENSG00000100979.15","PLTP"," protein_coding","chr20",6460.8075082417,-1.37458051719432,0.543360384912935,0.000277679621566951,0.00202900935624973
"ENSG00000100985.7","MMP9"," protein_coding","chr20",3116.83692610045,4.75016831806927,0.783043296036336,1.44407197497355e-05,0.000168399449461237
"ENSG00000101003.10","GINS1"," protein_coding","chr20",397.317979934009,1.91173414731124,0.346058759338272,1.58367107586958e-09,5.99955130381818e-08
"ENSG00000101049.17","SGK2"," protein_coding","chr20",344.389321852771,-2.74823911517139,0.539073718188594,1.19348125133499e-08,3.5713339914519e-07
"ENSG00000101057.16","MYBL2"," protein_coding","chr20",568.023421271234,2.21355467031146,0.406353992328258,2.40066294830744e-09,8.62631626461328e-08
"ENSG00000101098.13","RIMS4"," protein_coding","chr20",774.4185583658,3.84139736141477,0.787981700337603,4.68248803849387e-08,1.18992491005892e-06
"ENSG00000101115.13","SALL4"," protein_coding","chr20",76.5024562100183,2.83324014410167,0.354298645984707,6.09078509954056e-17,2.08346649909872e-14
"ENSG00000101194.18","SLC17A9"," protein_coding","chr20",209.43881184408,1.1319074285169,0.42667466408469,0.000249146405930001,0.00185628171029333
"ENSG00000101198.15","NKAIN4"," protein_coding","chr20",9.09275488305435,1.33379400801877,0.794505375092486,0.00186727840031573,0.00981932338589542
"ENSG00000101210.13","EEF1A2"," protein_coding","chr20",3006.58899460032,1.50594708937913,0.890211526175066,0.00187832478474049,0.00986551709534555
"ENSG00000101213.7","PTK6"," protein_coding","chr20",728.621732994133,2.20972101972315,0.531147809527448,1.32269910237774e-06,2.15052629921071e-05
"ENSG00000101222.12","SPEF1"," protein_coding","chr20",85.5930178668619,2.24741921109642,0.510594667571038,4.65335903167087e-07,8.73374663658033e-06
"ENSG00000101230.6","ISM1"," protein_coding","chr20",1497.45309288153,-2.4817913856674,0.370834364409442,8.53428647242516e-13,8.11361823731297e-11
"ENSG00000101255.11","TRIB3"," protein_coding","chr20",1701.00530094057,1.47313101913403,0.338680802987022,5.67232589640633e-07,1.03945967884198e-05
"ENSG00000101276.18","SLC52A3"," protein_coding","chr20",1308.42460752292,2.02692388522407,0.336156071353896,7.63659813648755e-11,4.06791672641507e-09
"ENSG00000101278.6","RPS10P5"," processed_pseudogene","chr20",23.5687260621105,1.30210273017068,0.476537107921003,0.000209942019549884,0.00160849516998573
"ENSG00000101280.8","ANGPT4"," protein_coding","chr20",177.79587099815,-3.99763242410146,0.550960739685546,1.37418174363051e-14,2.21974885263945e-12
"ENSG00000101306.11","MYLK2"," protein_coding","chr20",9.48402550043642,1.83215176779114,0.690758432532733,0.000228568843300776,0.00172693709649358
"ENSG00000101311.16","FERMT1"," protein_coding","chr20",242.409652351105,-1.53536510422979,0.647602468331584,0.00041697416944443,0.00284748000351116
"ENSG00000101331.17","CCM2L"," protein_coding","chr20",283.237818318381,-1.7851512095692,0.387520193996583,1.45956021629073e-07,3.22457163297046e-06
"ENSG00000101349.17","PAK5"," protein_coding","chr20",113.049023473672,-2.80790538193028,1.01140559758994,0.000123055532919821,0.001030612241744
"ENSG00000101400.6","SNTA1"," protein_coding","chr20",1870.5644438433,-1.08786358356824,0.457120440656998,0.000424104839615916,0.002889561015239
"ENSG00000101412.13","E2F1"," protein_coding","chr20",466.535459696294,1.63343846252926,0.267229436169536,4.93608442391656e-11,2.7250778739695e-09
"ENSG00000101441.4","CST4"," protein_coding","chr20",32.7626905804851,8.50653384640321,1.98754401767007,1.1230840663565e-07,2.55914644192428e-06
"ENSG00000101447.15","FAM83D"," protein_coding","chr20",277.783735924599,2.32829899507212,0.359053770886167,4.48057683363609e-12,3.41335821620954e-10
"ENSG00000101463.6","SYNDIG1"," protein_coding","chr20",261.641166748282,2.4055982332523,0.631109879417411,5.20966842894372e-06,7.04892616629072e-05
"ENSG00000101542.10","CDH20"," protein_coding","chr18",75.8694377501127,-3.91306723705385,0.652766506090523,6.70045154327075e-11,3.61337642652642e-09
"ENSG00000101605.13","MYOM1"," protein_coding","chr18",1045.3560225667,-3.57737203871202,0.506112635939195,5.70341701496818e-14,7.48112492741559e-12
"ENSG00000101638.14","ST8SIA5"," protein_coding","chr18",10.994720921741,2.39358811631135,0.428208805396621,0.0131972042307418,0.0475833060674601
"ENSG00000101695.9","RNF125"," protein_coding","chr18",1215.82694889967,-1.23156227341994,0.438473403227601,0.000140184236455749,0.00114811595102487
"ENSG00000101825.8","MXRA5"," protein_coding","chrX",14615.8074244713,1.12240232128156,0.578474796853482,0.00127478681850281,0.00718439458639664
"ENSG00000101842.14","VSIG1"," protein_coding","chrX",36.0566147968315,1.12350895376742,0.610232957995445,0.00148068083458834,0.00812685779449768
"ENSG00000101938.15","CHRDL1"," protein_coding","chrX",10681.812480871,-4.34802570136627,0.615983616447661,5.86865070356537e-14,7.6690296516142e-12
"ENSG00000101955.15","SRPX"," protein_coding","chrX",3303.44577434319,-2.84696665309793,0.382726528826502,3.93126217544803e-15,7.49539172478455e-13
"ENSG00000102001.13","CACNA1F"," protein_coding","chrX",105.890230389215,1.3460492373911,0.635121449816413,0.000864294927096768,0.00522908172383099
"ENSG00000102010.15","BMX"," protein_coding","chrX",273.107454543189,-2.35887560030043,0.403502198062456,1.86945024469497e-10,9.09824809187047e-09
"ENSG00000102024.18","PLS3"," protein_coding","chrX",8453.00572289074,-1.11536777071851,0.316246240916023,1.39790645269147e-05,0.000164048639436242
"ENSG00000102053.12","ZC3H12B"," protein_coding","chrX",122.897032750622,-1.20327455142357,0.350765857939796,1.99486966394264e-05,0.000222658678505098
"ENSG00000102100.16","SLC35A2"," protein_coding","chrX",2037.79220077069,1.1137311504788,0.136824026402763,1.95331940553773e-17,7.48937004160628e-15
"ENSG00000102221.14","JADE3"," protein_coding","chrX",1621.06314124834,1.03216122657896,0.33737736259775,8.15857718953619e-05,0.000729525670733233
"ENSG00000102287.19","GABRE"," protein_coding","chrX",1379.18054571234,-2.3317117275186,0.775269539583514,6.72843656007254e-05,0.00062133631232273
"ENSG00000102290.22","PCDH11X"," protein_coding","chrX",24.1943579986035,-3.73491113802582,0.585501236264661,8.7350708484815e-12,6.07122225048542e-10
"ENSG00000102316.17","MAGED2"," protein_coding","chrX",29668.0251134308,1.2621774954536,0.390823658091674,5.41675904918817e-05,0.000518081524082304
"ENSG00000102384.13","CENPI"," protein_coding","chrX",125.111382391661,1.44345432087166,0.231253476263883,1.9542628011871e-11,1.21761041778962e-09
"ENSG00000102385.12","DRP2"," protein_coding","chrX",40.0123017976914,2.40741008529734,0.592879322411698,1.61478051766958e-06,2.55632064618917e-05
"ENSG00000102575.13","ACP5"," protein_coding","chr19",4427.04650920048,2.0679648865475,0.499293798599995,1.56234693819523e-06,2.48606422056917e-05
"ENSG00000102760.13","RGCC"," protein_coding","chr13",2313.33294428092,-1.6079843800841,0.451745358264153,1.13381601801212e-05,0.000137935755524619
"ENSG00000102804.15","TSC22D1"," protein_coding","chr13",14854.4025988196,-1.05303185708396,0.201731050433729,8.17913082323084e-09,2.5548617148912e-07
"ENSG00000102837.7","OLFM4"," protein_coding","chr13",946.829756686973,3.62767471579449,0.875027286857159,0.000104856070310762,0.000901782881245452
"ENSG00000102879.16","CORO1A"," protein_coding","chr16",2186.62149524168,1.1412042767119,0.420333895977958,0.000215295743072242,0.00164265991067868
"ENSG00000102886.15","GDPD3"," protein_coding","chr16",330.760711497305,1.80142738790257,0.706017651117924,0.000320343558102847,0.00228664220248904
"ENSG00000102970.11","CCL17"," protein_coding","chr16",41.2587704859911,1.83770525691052,0.685886870724302,0.00022761034895311,0.00172044035643912
"ENSG00000103034.14","NDRG4"," protein_coding","chr16",417.124797656024,-2.79584607836805,0.318031357343847,0.000169105367441551,0.00134463431526963
"ENSG00000103184.12","SEC14L5"," protein_coding","chr16",56.2119435396394,-1.54535970013717,0.503353861342614,6.42193695481256e-05,0.000598097712393419
"ENSG00000103253.19","HAGHL"," protein_coding","chr16",355.224667445806,3.444845756755,0.369603694089092,6.56048411172586e-22,7.38393068200732e-19
"ENSG00000103254.10","ANTKMT"," protein_coding","chr16",545.490254262318,1.05836416225,0.404294288781447,0.000275137574329738,0.00201537855264632
"ENSG00000103260.9","METRN"," protein_coding","chr16",2295.63090073136,2.39088041581638,0.406647033408371,2.12417685830483e-10,1.01388036611647e-08
"ENSG00000103264.18","FBXO31"," protein_coding","chr16",2465.87627506661,-1.20086406424535,0.261843162313404,1.45840653455539e-07,3.22457163297046e-06
"ENSG00000103269.14","RHBDL1"," protein_coding","chr16",166.452949456927,2.86192415635653,0.363919860951828,1.98909482612531e-16,5.64239899010881e-14
"ENSG00000103316.12","CRYM"," protein_coding","chr16",158.466821735947,1.79380913595565,0.952994352303119,0.00128871346798048,0.00725000025980441
"ENSG00000103460.17","TOX3"," protein_coding","chr16",1878.69394263368,1.42862036634105,0.897420529252074,0.00211849268470369,0.0108924739554961
"ENSG00000103485.19","QPRT"," protein_coding","chr16",1287.40336505996,1.84214698458067,0.593332574115443,6.65344140512947e-05,0.000615443329974476
"ENSG00000103490.14","PYCARD"," protein_coding","chr16",1284.31404111494,1.96961815448388,0.372587816029353,5.92332174124524e-09,1.89954612935467e-07
"ENSG00000103495.14","MAZ"," protein_coding","chr16",797.341148641064,1.05871836902793,0.254752667237184,1.3140815571809e-06,2.14050511725484e-05
"ENSG00000103522.16","IL21R"," protein_coding","chr16",152.590198564463,2.96754450844829,0.504127662751846,1.92982748905576e-10,9.33891968386193e-09
"ENSG00000103528.17","SYT17"," protein_coding","chr16",717.913655440968,1.88595981947711,0.40054689893031,1.13108933952744e-07,2.57267523764355e-06
"ENSG00000103550.14","KNOP1"," protein_coding","chr16",961.467473755393,1.03530536819882,0.212604128018967,4.92860026575953e-08,1.24282835695728e-06
"ENSG00000103647.13","CORO2B"," protein_coding","chr15",658.263126404049,-2.15557072527603,0.343904546417776,1.42617866882835e-11,9.28373133098697e-10
"ENSG00000103710.11","RASL12"," protein_coding","chr15",766.586302749402,-1.35789298456957,0.236238736358089,3.62868590423286e-10,1.6357684739611e-08
"ENSG00000103852.13","TTC23"," protein_coding","chr15",1033.49918732156,-1.04179725049215,0.222650957241214,1.12082442177395e-07,2.5559924771317e-06
"ENSG00000103888.17","CEMIP"," protein_coding","chr15",364.416842381166,2.68967585465438,0.394526152624977,4.79257163360813e-13,4.88940400199477e-11
"ENSG00000103994.18","ZNF106"," protein_coding","chr15",7261.48318621311,-1.02605031493585,0.302271508633001,2.41548698981264e-05,0.000262223884759032
"ENSG00000104043.15","ATP8B4"," protein_coding","chr15",422.031627558339,-1.06408682550909,0.470369006707159,0.000567856655439254,0.00368890086854049
"ENSG00000104044.16","OCA2"," protein_coding","chr15",31.6657291682859,-3.78265202250481,0.700286824132852,2.90329705044656e-09,1.00995949538515e-07
"ENSG00000104055.16","TGM5"," protein_coding","chr15",83.5679068799737,-1.98832533791267,0.66494416777516,7.75279592062918e-05,0.00069915430981306
"ENSG00000104112.9","SCG3"," protein_coding","chr15",25.7130275297062,-3.58714809145906,0.678781018103825,3.65934831252916e-09,1.23241623525536e-07
"ENSG00000104147.9","OIP5"," protein_coding","chr15",28.3788517076465,1.45214614564444,0.421805581378849,2.27653084685093e-05,0.000249674909392585
"ENSG00000104321.11","TRPA1"," protein_coding","chr8",19.3877606607514,3.11841124424525,0.658569014762357,0.00234843996865501,0.0118529464698889
"ENSG00000104332.12","SFRP1"," protein_coding","chr8",28826.9459846569,-4.0664228234565,0.622641798271213,2.25557754554375e-12,1.88727472761551e-10
"ENSG00000104415.14","CCN4"," protein_coding","chr8",1031.60180584449,3.28717348935405,0.586241697976313,9.7214876195901e-10,3.934946920361e-08
"ENSG00000104447.13","TRPS1"," protein_coding","chr8",19186.973528439,1.07617494561651,0.519475135234943,0.00110956893375424,0.00640641563256981
"ENSG00000104450.13","SPAG1"," protein_coding","chr8",714.748277638414,1.3263114640089,0.332379907552964,2.70561912075448e-06,4.01709603158487e-05
"ENSG00000104490.18","NCALD"," protein_coding","chr8",2762.68446370321,-2.80784940078948,0.421128069577343,9.92764925226158e-13,9.16364047779521e-11
"ENSG00000104524.14","PYCR3"," protein_coding","chr8",1067.28476274739,1.20370703073012,0.22517459172889,4.64435551659385e-09,1.53452848796852e-07
"ENSG00000104549.12","SQLE"," protein_coding","chr8",2715.16819678656,1.91120661992167,0.401554380595548,8.7830728147003e-08,2.06781507137455e-06
"ENSG00000104738.18","MCM4"," protein_coding","chr8",3666.27825554195,1.05997496437915,0.275119165329314,4.66353362617013e-06,6.43397990315152e-05
"ENSG00000104894.12","CD37"," protein_coding","chr19",934.486750306425,1.19013251429565,0.415365351345368,0.000143929157317024,0.00117414828804028
"ENSG00000104899.8","AMH"," protein_coding","chr19",39.5285608198341,3.04581472363226,0.662589960876019,1.85482418046542e-07,3.97034788224656e-06
"ENSG00000104951.16","IL4I1"," protein_coding","chr19",333.06788189282,2.25275256060276,0.524609013097136,7.3403418751775e-07,1.2869943134011e-05
"ENSG00000104953.20","TLE6"," protein_coding","chr19",262.211604214906,2.01699226189782,0.440960413397905,2.03409805199893e-07,4.29610866418249e-06
"ENSG00000104967.8","NOVA2"," protein_coding","chr19",504.90888338735,-1.21953446481656,0.398974879392917,6.72961486993091e-05,0.00062133631232273
"ENSG00000105011.9","ASF1B"," protein_coding","chr19",653.468809475684,2.67528473810539,0.358080499471571,4.18364711138796e-15,7.90386150082531e-13
"ENSG00000105048.17","TNNT1"," protein_coding","chr19",591.467361052705,3.11320440855893,0.903573816694326,2.02104414946315e-05,0.000225075810465747
"ENSG00000105088.8","OLFM2"," protein_coding","chr19",1658.31807157651,-1.71375048041152,0.493471491736523,1.60076805690056e-05,0.000184088326543564
"ENSG00000105131.8","EPHX3"," protein_coding","chr19",37.8451910112943,-1.21690526320494,0.45227750305274,0.000197703582676443,0.00152882883492105
"ENSG00000105219.10","CCNP"," protein_coding","chr19",192.641836177826,3.05408031597996,0.534157170270989,4.81880775608162e-10,2.09120673404781e-08
"ENSG00000105227.16","PRX"," protein_coding","chr19",796.693735719881,-1.14635664777635,0.274393080428213,1.10387774068153e-06,1.83145022587347e-05
"ENSG00000105289.15","TJP3"," protein_coding","chr19",2476.89095819155,1.84671811577194,0.641590795604917,0.000132506934603851,0.00109427206041727
"ENSG00000105327.18","BBC3"," protein_coding","chr19",560.521824265361,1.38260053339786,0.327002548715582,1.01751565506022e-06,1.71259714041034e-05
"ENSG00000105376.5","ICAM5"," protein_coding","chr19",56.492363262707,-1.50167227302696,0.649640981052007,0.000486761447706422,0.00324176248748325
"ENSG00000105379.10","ETFB"," protein_coding","chr19",992.68295636264,-1.16495133008046,0.50553780730413,0.000508918066320798,0.0033612542333756
"ENSG00000105388.16","CEACAM5"," protein_coding","chr19",875.222915836504,3.84288850489114,1.07382291229398,1.20025746090826e-05,0.000144463006627705
"ENSG00000105419.18","MEIS3"," protein_coding","chr19",1171.34916729998,1.46184330836427,0.268466410565853,2.62156032259605e-09,9.27434432614222e-08
"ENSG00000105464.3","GRIN2D"," protein_coding","chr19",131.433406427958,1.80325029864642,0.476427676734342,5.90359695697326e-06,7.84993907872538e-05
"ENSG00000105467.9","SYNGR4"," protein_coding","chr19",7.06881263417959,2.52814367850244,0.696967553524629,1.18216315737527e-05,0.000142722680705815
"ENSG00000105472.13","CLEC11A"," protein_coding","chr19",613.149825409111,1.03755885411577,0.491892771500688,0.000916009725484412,0.00549243776110614
"ENSG00000105479.16","CCDC114"," protein_coding","chr19",91.6398644549822,1.13447933136476,0.663440811344228,0.00181601994342113,0.00960915253956727
"ENSG00000105514.8","RAB3D"," protein_coding","chr19",2011.41248383682,1.07622627976957,0.262502169236239,1.76464836311186e-06,2.76100206445453e-05
"ENSG00000105519.18","CAPS"," protein_coding","chr19",662.288232681738,1.66108773632994,0.389690793317541,8.49359349444354e-07,1.46345664501052e-05
"ENSG00000105523.3","FAM83E"," protein_coding","chr19",525.234430225254,1.77511000308186,1.03376078840196,0.00169806034227852,0.00909114982391284
"ENSG00000105538.10","RASIP1"," protein_coding","chr19",1622.0042596433,-1.80060574833409,0.388547924019975,1.2906775812354e-07,2.89415369452984e-06
"ENSG00000105647.19","PIK3R2"," protein_coding","chr19",3.52490836941391,1.90735410439559,0.699762051917075,0.00027740140293859,0.00202740099495818
"ENSG00000105649.10","RAB3A"," protein_coding","chr19",238.349633493368,1.30625166070831,0.301393064339396,5.7965822329036e-07,1.05833883144029e-05
"ENSG00000105664.11","COMP"," protein_coding","chr19",2185.20063456384,3.99301219585657,0.612659361187085,3.48319320026816e-12,2.74338812529473e-10
"ENSG00000105707.14","HPN"," protein_coding","chr19",1264.33572417146,2.58612809205629,0.524849988292113,3.86615558652707e-08,1.00592121230064e-06
"ENSG00000105877.18","DNAH11"," protein_coding","chr7",83.8074373244419,1.51819237561392,0.895350795598652,0.00180027214081271,0.00954609350533379
"ENSG00000105894.12","PTN"," protein_coding","chr7",4453.59310015785,-2.64936015829729,0.679789478575712,2.97782525668846e-06,4.34725108916808e-05
"ENSG00000105967.16","TFEC"," protein_coding","chr7",379.8171941815,1.00711691141293,0.576552329039927,0.00174468203968889,0.00929795342092336
"ENSG00000105971.15","CAV2"," protein_coding","chr7",7120.57624975417,-3.02509709192807,0.416852062838624,1.52813840498689e-14,2.42355804947262e-12
"ENSG00000105974.13","CAV1"," protein_coding","chr7",26616.49933026,-3.34375523970469,0.459291793202708,1.25756674227346e-14,2.04082610254248e-12
"ENSG00000105996.7","HOXA2"," protein_coding","chr7",69.37277727783,-2.50091346303294,0.386243181020669,3.98547662123688e-12,3.06969679451603e-10
"ENSG00000105997.22","HOXA3"," protein_coding","chr7",210.24873383214,-1.93095982905448,0.445730748533267,5.08608926145861e-07,9.43929470327406e-06
"ENSG00000106004.5","HOXA5"," protein_coding","chr7",496.542215376979,-2.95711320319816,0.338403408336336,9.70783238468584e-20,5.94238560936971e-17
"ENSG00000106006.6","HOXA6"," protein_coding","chr7",52.0742944313392,-2.9660000429795,0.409264060615116,1.89803573966561e-14,2.87881763716737e-12
"ENSG00000106034.18","CPED1"," protein_coding","chr7",2322.39888547823,-2.51424728509371,0.472711220026693,3.77200003407704e-09,1.26502820765136e-07
"ENSG00000106327.13","TFR2"," protein_coding","chr7",146.832486533106,3.44489066144188,0.484942096435067,6.77730847114366e-14,8.72572213530161e-12
"ENSG00000106462.11","EZH2"," protein_coding","chr7",562.644330682832,1.75157072101468,0.288894295759843,6.17431620389261e-11,3.35557736246133e-09
"ENSG00000106511.6","MEOX2"," protein_coding","chr7",1002.34321537143,-2.60921192608036,0.494397415298569,4.67363763623961e-09,1.54274258056799e-07
"ENSG00000106537.8","TSPAN13"," protein_coding","chr7",11562.1136423462,1.84702281699226,0.257779782817433,4.3112691849681e-14,5.81280455247734e-12
"ENSG00000106541.12","AGR2"," protein_coding","chr7",21378.5663124917,2.57260492621162,0.857950525575974,9.68415919646468e-05,0.000841359558077314
"ENSG00000106633.17","GCK"," protein_coding","chr7",15.296747802825,-2.31165862788575,0.374668468622673,4.97307897995646e-05,0.000482833726881676
"ENSG00000106688.12","SLC1A1"," protein_coding","chr9",1539.28141471724,1.75178516963018,0.716872184371442,0.000422615072186215,0.00288166161494025
"ENSG00000106714.17","CNTNAP3"," protein_coding","chr9",176.524303689312,-2.66181032162902,0.513322301191689,7.7461647488107e-09,2.43892199593179e-07
"ENSG00000106785.15","TRIM14"," protein_coding","chr9",3164.57173833181,1.04172211423592,0.355290656799642,0.000119997105988254,0.00100935849205308
"ENSG00000106789.13","CORO2A"," protein_coding","chr9",2138.57414583723,1.60880090046295,0.28467933420869,8.04048348846013e-10,3.33183502845442e-08
"ENSG00000106819.13","ASPN"," protein_coding","chr9",3870.52290195085,2.18597947518313,0.585544167216314,7.63163937906816e-06,9.78954152849512e-05
"ENSG00000106823.12","ECM2"," protein_coding","chr9",4428.91051306643,-2.40174253706964,0.531694386828957,2.11468699836091e-07,4.44479181083195e-06
"ENSG00000106829.20","TLE4"," protein_coding","chr9",1145.42129414465,-1.4981289701918,0.350654464608434,6.90559957706404e-07,1.22430525835031e-05
"ENSG00000107104.20","KANK1"," protein_coding","chr9",5218.55406598327,-1.64369812341451,0.288572505083315,4.6668641749511e-10,2.03031867740921e-08
"ENSG00000107105.15","ELAVL2"," protein_coding","chr9",56.127736973196,1.41802661071641,0.568164917194867,0.000368521409363066,0.00256239148945531
"ENSG00000107295.10","SH3GL2"," protein_coding","chr9",66.3836470110898,3.02674878512349,0.940939143915658,4.28583801291823e-05,0.000426517895347204
"ENSG00000107485.18","GATA3"," protein_coding","chr10",24098.4470702919,2.23817258449553,0.525563205467786,8.40413345693347e-07,1.45019100121595e-05
"ENSG00000107593.17","PKD2L1"," protein_coding","chr10",14.8464140155591,1.57930319018357,0.582976647895102,0.000210124302355788,0.00160953831690358
"ENSG00000107611.16","CUBN"," protein_coding","chr10",236.799431178997,-1.60838810626213,0.333266744444765,5.1424217168496e-08,1.28896721352442e-06
"ENSG00000107731.12","UNC5B"," protein_coding","chr10",2836.77324526003,2.10934898379603,0.199603502273859,1.86513772670586e-27,5.91604731113584e-24
"ENSG00000107796.13","ACTA2"," protein_coding","chr10",14581.9849937676,-1.77509748020244,0.343434018904804,8.8128827166886e-09,2.73324702993762e-07
"ENSG00000107821.15","KAZALD1"," protein_coding","chr10",734.809645578333,1.46398245621009,0.508228032213437,0.000130355261514966,0.00107905704140419
"ENSG00000107954.10","NEURL1"," protein_coding","chr10",427.833867423424,2.38272007845153,0.707045792527567,2.73895519414656e-05,0.000292247356816415
"ENSG00000108001.15","EBF3"," protein_coding","chr10",824.133386854145,-2.48611878491515,0.480121991056949,8.34357008506067e-09,2.60389538316504e-07
"ENSG00000108106.14","UBE2S"," protein_coding","chr19",455.285391666689,1.26628768150817,0.260773409313458,5.11471638112344e-08,1.28294442310408e-06
"ENSG00000108176.15","DNAJC12"," protein_coding","chr10",1936.80144921264,1.47576826468106,0.81471462153323,0.00152414024537284,0.00831568057878089
"ENSG00000108381.11","ASPA"," protein_coding","chr17",361.6099045519,-3.18397354074068,0.438345988707521,1.422630964177e-14,2.28742013691703e-12
"ENSG00000108387.15","SEPTIN4"," protein_coding","chr17",977.371607999004,-1.10840230297498,0.250989132095714,3.61481682481236e-07,7.06184623933528e-06
"ENSG00000108417.4","KRT37"," protein_coding","chr17",29.4935459041987,5.5637472298063,0.867067034080404,8.91759418831723e-12,6.16126294702132e-10
"ENSG00000108551.5","RASD1"," protein_coding","chr17",2907.80302799514,-3.0725259221545,0.413796120441268,4.34935817418574e-15,8.10172757118398e-13
"ENSG00000108576.10","SLC6A4"," protein_coding","chr17",421.898657565339,5.73747492628327,0.949428553759455,1.77203283563899e-05,0.000201132067886402
"ENSG00000108799.13","EZH1"," protein_coding","chr17",3658.09001477952,-1.09267104018762,0.233910985609305,1.09330412728017e-07,2.50140815114311e-06
"ENSG00000108813.11","DLX4"," protein_coding","chr17",39.2692947804308,2.95512954390063,0.445102476065796,0.00428530889517571,0.019255468468973
"ENSG00000108821.14","COL1A1"," protein_coding","chr17",265475.680499828,3.68444323949631,0.529826035160471,5.99443880548021e-11,3.2679994431564e-09
"ENSG00000108823.16","SGCA"," protein_coding","chr17",70.3645718895279,-1.68144806472969,0.561904561150636,7.69927055645655e-05,0.000695225799651464
"ENSG00000108878.5","CACNG1"," protein_coding","chr17",59.5788264187463,3.51325509415594,0.646600767974096,2.7809426593369e-09,9.77138673987148e-08
"ENSG00000108932.12","SLC16A6"," protein_coding","chr17",924.988493573608,1.55629925391494,0.745961562072801,0.000918316176398335,0.00550248492370158
"ENSG00000108947.5","EFNB3"," protein_coding","chr17",509.651383519387,-1.71840959556321,0.552293669678071,5.37961312852055e-05,0.00051509352817566
"ENSG00000109061.10","MYH1"," protein_coding","chr17",111.438258339792,-3.33837530795036,0.722304151247476,1.18312517318788e-07,2.67360235865921e-06
"ENSG00000109062.12","SLC9A3R1"," protein_coding","chr17",9466.19235845868,1.15519646517201,0.512184417439767,0.000744680452766252,0.00461503475621089
"ENSG00000109084.14","TMEM97"," protein_coding","chr17",1343.30584354966,1.50898535895885,0.326623522041944,1.74221033014128e-07,3.77327502352323e-06
"ENSG00000109265.14","CRACD"," protein_coding","chr4",332.463354150281,3.32970599260384,0.753442371447948,4.08957202688769e-07,7.82287596437163e-06
"ENSG00000109339.24","MAPK10"," protein_coding","chr4",1216.91445139199,-1.62530843052233,0.815066242064742,0.000882074311837447,0.00532280436083022
"ENSG00000109436.8","TBC1D9"," protein_coding","chr4",20789.0995078014,1.40679370007717,0.418873267973892,3.01437035357733e-05,0.000317076864656818
"ENSG00000109472.14","CPE"," protein_coding","chr4",7100.40909750891,-1.59083617644064,0.254857400229666,1.66041445942059e-11,1.05525538986601e-09
"ENSG00000109586.12","GALNT7"," protein_coding","chr4",3845.66022097796,1.46178390039255,0.449645395060775,4.13967439730614e-05,0.000413979304661532
"ENSG00000109610.6","SOD3"," protein_coding","chr4",3782.65496081469,-3.1128903809934,0.486087844524259,5.58228745665391e-12,4.11779263530892e-10
"ENSG00000109654.16","TRIM2"," protein_coding","chr4",2241.90271060469,-1.73602934205541,0.346856773924214,2.0281923430974e-08,5.66578535172228e-07
"ENSG00000109674.4","NEIL3"," protein_coding","chr4",59.1645884764705,2.94629768314766,0.507443393334255,3.36922345601085e-10,1.53667419089771e-08
"ENSG00000109684.15","CLNK"," protein_coding","chr4",21.4100376997111,1.74839288890662,0.735367633181905,0.00049558557157184,0.00328860330500439
"ENSG00000109686.19","SH3D19"," protein_coding","chr4",8193.72718715644,-1.77631432776768,0.346130312004363,1.07672624064456e-08,3.25264547725796e-07
"ENSG00000109705.8","NKX3-2"," protein_coding","chr4",26.6942060893352,3.4930546198744,0.63755295382979,1.81397322289926e-09,6.74029176998703e-08
"ENSG00000109794.13","FAM149A"," protein_coding","chr4",502.131406483778,-2.13113342372461,0.416682975406499,1.16049964657697e-08,3.48759631082834e-07
"ENSG00000109805.10","NCAPG"," protein_coding","chr4",277.480276501223,2.35814513600555,0.334655250119518,9.39356010105607e-14,1.17053823387838e-11
"ENSG00000109819.9","PPARGC1A"," protein_coding","chr4",192.828921543822,-2.83226182772398,0.459658601483732,2.69626780393151e-11,1.60264872141353e-09
"ENSG00000109832.14","DDX25"," protein_coding","chr11",26.9871224026856,-1.08775560910365,0.546754296399653,0.00105033852695062,0.00613541860193482
"ENSG00000109846.9","CRYAB"," protein_coding","chr11",19662.8152417226,-4.68545923737944,0.56844566551098,5.51380838003243e-18,2.4047786023464e-15
"ENSG00000109906.14","ZBTB16"," protein_coding","chr11",5543.55933946533,-3.62749765293858,0.581783526845055,1.5230442989971e-11,9.82265039488127e-10
"ENSG00000109956.13","B3GAT1"," protein_coding","chr11",125.407792045835,-2.89717325912648,0.49596722461059,1.91875745555927e-10,9.29824533082202e-09
"ENSG00000110080.20","ST3GAL4"," protein_coding","chr11",1780.2969064671,1.15505857997253,0.33372563128062,2.14806351921973e-05,0.000237704041386284
"ENSG00000110092.4","CCND1"," protein_coding","chr11",15566.678357893,1.03210740199888,0.378003141993039,0.000226842879160755,0.00171575436739604
"ENSG00000110436.13","SLC1A2"," protein_coding","chr11",550.589612857834,1.29699508428226,0.685011255994095,0.0013486137134997,0.0075287169724349
"ENSG00000110448.11","CD5"," protein_coding","chr11",390.464059509613,1.49910824679948,0.478132350807855,5.9540770221131e-05,0.000561014586493514
"ENSG00000110628.16","SLC22A18"," protein_coding","chr11",1157.52819588119,1.57461770949947,0.35192440622933,3.35027790181437e-07,6.6176785890207e-06
"ENSG00000110660.15","SLC35F2"," protein_coding","chr11",870.814726129867,1.1567896970152,0.355217250540165,4.16066356729923e-05,0.000415720826250394
"ENSG00000111012.10","CYP27B1"," protein_coding","chr12",155.745545176975,1.41242757874434,0.457841116301426,7.09759112895284e-05,0.000650149782305838
"ENSG00000111057.11","KRT18"," protein_coding","chr12",26877.74827328,1.22833847226595,0.717998330968715,0.00204764270261836,0.0105884764454792
"ENSG00000111077.18","TNS2"," protein_coding","chr12",11002.0426645423,-1.44589182100074,0.374575539089068,3.8591683540149e-06,5.46470142207524e-05
"ENSG00000111186.13","WNT5B"," protein_coding","chr12",348.861703397614,-1.64784242687852,0.460083090477153,1.12189168469264e-05,0.000136675707997943
"ENSG00000111206.13","FOXM1"," protein_coding","chr12",537.346831129994,2.41707355152605,0.374486789832966,5.42279433697758e-12,4.02567483428691e-10
"ENSG00000111247.15","RAD51AP1"," protein_coding","chr12",232.38997576277,1.59183339379552,0.291410596659973,2.09015907420708e-09,7.63641259247741e-08
"ENSG00000111254.8","AKAP3"," protein_coding","chr12",72.0388567782574,-1.24971267199299,0.368742921879213,2.29345472115299e-05,0.000251006677151032
"ENSG00000111275.13","ALDH2"," protein_coding","chr12",18828.8594490387,-2.54445860191349,0.58104834182718,3.88443351878164e-07,7.48380838784153e-06
"ENSG00000111331.13","OAS3"," protein_coding","chr12",5871.44025691185,1.81382632520606,0.414204322840679,5.8191290833627e-07,1.06134465680924e-05
"ENSG00000111335.13","OAS2"," protein_coding","chr12",4711.83748502621,1.91864862495394,0.451506922751403,9.95090664726507e-07,1.68215641390371e-05
"ENSG00000111339.12","ART4"," protein_coding","chr12",66.6325811982078,-3.3055175492135,0.448278113719834,5.80609222628289e-15,1.05510606180852e-12
"ENSG00000111348.9","ARHGDIB"," protein_coding","chr12",14014.4960380671,1.2231351200146,0.293449495284256,1.55568706049479e-06,2.47964720090104e-05
"ENSG00000111371.16","SLC38A1"," protein_coding","chr12",19486.0711848321,1.26194049172319,0.557880961093869,0.000757701980587754,0.00468076837901688
"ENSG00000111404.7","RERGL"," protein_coding","chr12",386.570839677996,-4.03753256217598,0.468550179621903,2.51384315704546e-19,1.43787707528644e-16
"ENSG00000111490.15","TBC1D30"," protein_coding","chr12",242.757189172608,1.27246083177286,0.306698624133601,1.33173766551986e-06,2.16363020571948e-05
"ENSG00000111602.12","TIMELESS"," protein_coding","chr12",1646.3168653791,1.12344650975648,0.226121559364891,3.12756453269605e-08,8.27754500222574e-07
"ENSG00000111665.12","CDCA3"," protein_coding","chr12",214.776384874633,2.20233692140634,0.323652343375744,5.07962303846428e-13,5.12644608383854e-11
"ENSG00000111674.9","ENO2"," protein_coding","chr12",1724.27353795018,1.63078635974939,0.323394364552016,2.00696632369844e-08,5.615482117094e-07
"ENSG00000111696.12","NT5DC3"," protein_coding","chr12",1023.25061201119,-1.02418971204202,0.251108615837932,1.75501847111042e-06,2.74963401326959e-05
"ENSG00000111716.14","LDHB"," protein_coding","chr12",514.443883597911,-2.11090832275978,0.569672302756139,6.54623740335575e-06,8.57053543116269e-05
"ENSG00000111799.21","COL12A1"," protein_coding","chr6",19113.7354801965,1.2606824797311,0.436507339678255,0.000126783112517154,0.00105625348109743
"ENSG00000111850.11","SMIM8"," protein_coding","chr6",333.192394347154,-1.00257944888497,0.162996054346037,3.24488350056421e-11,1.87756600693509e-09
"ENSG00000111859.17","NEDD9"," protein_coding","chr6",6965.93821835652,-1.3225639318456,0.406470967759497,3.48496169477253e-05,0.00035731354243993
"ENSG00000111863.13","ADTRP"," protein_coding","chr6",129.021317246562,-1.06500737176093,0.97084197952434,0.00305296914844464,0.0146259211215325
"ENSG00000111879.20","FAM184A"," protein_coding","chr6",333.756982440103,-1.61181097545258,0.369686761434387,4.67280027622754e-07,8.76081001815449e-06
"ENSG00000111961.18","SASH1"," protein_coding","chr6",5700.14803818548,-1.35487806708589,0.311957827324156,5.0984800284376e-07,9.45676723367064e-06
"ENSG00000112096.19","SOD2"," protein_coding","chr6",22876.5650935292,-1.07771203385332,0.327736730885395,3.07087103333625e-05,0.000322146004883148
"ENSG00000112137.18","PHACTR1"," protein_coding","chr6",235.429705047689,1.13385018552411,0.490839809079331,0.000592331263799444,0.00382085970146541
"ENSG00000112183.15","RBM24"," protein_coding","chr6",345.109093432618,3.30242057752621,0.550497900606311,5.32945861873154e-05,0.000511414028234769
"ENSG00000112276.14","BVES"," protein_coding","chr6",238.028737867672,-1.42681648992825,0.250033993332452,4.65691277904374e-10,2.02851864885911e-08
"ENSG00000112290.13","WASF1"," protein_coding","chr6",462.872336842346,-1.12336427630841,0.336515392751502,2.73091261669855e-05,0.00029156754011392
"ENSG00000112293.15","GPLD1"," protein_coding","chr6",409.757494200047,-2.31010616626087,0.682181287001537,2.02791049854539e-05,0.000225696412136355
"ENSG00000112320.12","SOBP"," protein_coding","chr6",455.092349986279,-1.66174098352609,0.322735187367285,9.99656434547050e-09,3.05288829956155e-07
"ENSG00000112530.11","PACRG"," protein_coding","chr6",63.6413948323886,-2.64780654187549,0.43290495829058,4.09384552919222e-11,2.32257503022839e-09
"ENSG00000112531.17","QKI"," protein_coding","chr6",7145.17001364088,-1.21813080447902,0.321081181683757,5.10916968408145e-06,6.94986508566416e-05
"ENSG00000112742.10","TTK"," protein_coding","chr6",233.904668161757,1.69861416778749,0.372134080753254,2.13364543491063e-07,4.48193996805941e-06
"ENSG00000112796.10","ENPP5"," protein_coding","chr6",3271.8364639544,2.1953047463208,0.642304881222023,2.44793118058836e-05,0.000265415683101021
"ENSG00000112964.14","GHR"," protein_coding","chr5",6205.60427745789,-2.69235271657727,0.594810791216243,1.96893031537461e-07,4.1736298683922e-06
"ENSG00000112984.12","KIF20A"," protein_coding","chr5",503.367554364938,2.67369474802163,0.420639091585028,9.88215526503538e-12,6.71595039299044e-10
"ENSG00000112996.11","MRPS30"," protein_coding","chr5",3845.83661912852,1.21132968739745,0.42622494742797,0.000152015335514053,0.00122890803323004
"ENSG00000113070.8","HBEGF"," protein_coding","chr5",951.184878194484,-1.10960896152631,0.508370702350999,0.000668721461143877,0.00422611130243996
"ENSG00000113088.6","GZMK"," protein_coding","chr5",82.8247445951958,1.43715695274585,0.763996428333316,0.00133678696963269,0.0074754945114066
"ENSG00000113212.7","PCDHB7"," protein_coding","chr5",164.5687857232,-1.26705080244448,0.350364792315491,1.0113766027911e-05,0.000124913065656582
"ENSG00000113231.14","PDE8B"," protein_coding","chr5",299.066103758884,-2.20465654179225,0.437676872122222,1.70771968961268e-08,4.88393833526854e-07
"ENSG00000113302.5","IL12B"," protein_coding","chr5",14.1632391164918,2.46745098747352,0.957539993645218,0.000294153864054382,0.00212623212569328
"ENSG00000113368.12","LMNB1"," protein_coding","chr5",1438.34402754693,1.97570453859051,0.326863477258062,6.96396038520226e-11,3.73814679692450e-09
"ENSG00000113369.9","ARRDC3"," protein_coding","chr5",7922.06601242561,-1.73856502829823,0.363466865233008,6.15932423899712e-08,1.51128679340962e-06
"ENSG00000113578.18","FGF1"," protein_coding","chr5",1854.05601176114,-1.9335304863418,0.387254719325945,2.19873749066043e-08,6.07412112324885e-07
"ENSG00000113580.15","NR3C1"," protein_coding","chr5",6227.72961683997,-1.40405490383518,0.234416033011026,8.52442358796017e-11,4.52014686029663e-09
"ENSG00000113594.10","LIFR"," protein_coding","chr5",6852.81692943764,-2.69287494005348,0.301130484788285,1.63426882164424e-20,1.16369945828549e-17
"ENSG00000113739.10","STC2"," protein_coding","chr5",40715.6849706657,1.5830107636319,1.01731340970898,0.00251916321477704,0.0125261684091187
"ENSG00000113763.12","UNC5A"," protein_coding","chr5",130.704132277565,1.21166960344444,0.50738533731379,0.00047920460025557,0.00320305128496496
"ENSG00000113810.16","SMC4"," protein_coding","chr3",1829.92266383248,1.52396751865501,0.241057891589641,1.47195313337374e-11,9.54608118523107e-10
"ENSG00000113916.18","BCL6"," protein_coding","chr3",5102.04780707282,-1.0817974792027,0.25737433841574,8.12725390013753e-07,1.40798418981975e-05
"ENSG00000113946.4","CLDN16"," protein_coding","chr3",13.5048853209321,-1.29182347531469,0.827946572711036,0.0020291121549442,0.0105041175368187
"ENSG00000114019.15","AMOTL2"," protein_coding","chr3",6567.39718934461,-1.35989495859927,0.265630988662578,1.1871322595606e-08,3.55843914676365e-07
"ENSG00000114166.8","KAT2B"," protein_coding","chr3",1557.82399526311,-1.19193356295901,0.327061431322033,9.00195574817064e-06,0.000113143817726737
"ENSG00000114268.12","PFKFB4"," protein_coding","chr3",445.191084101869,1.14096658607375,0.319486408742223,1.35644394642477e-05,0.00016021559151898
"ENSG00000114346.14","ECT2"," protein_coding","chr3",1501.03043210459,1.43226570979793,0.255863246208732,1.13379659649239e-09,4.49537466456998e-08
"ENSG00000114378.17","HYAL1"," protein_coding","chr3",384.159843809888,-1.69219871561756,0.430079743262189,2.7955745996482e-06,4.12956788130082e-05
"ENSG00000114529.13","C3orf52"," protein_coding","chr3",843.956495213599,2.54954614949844,0.462391051378855,1.71275771375766e-09,6.41199886166508e-08
"ENSG00000114547.10","ROPN1B"," protein_coding","chr3",217.257253306532,-4.53177442589272,0.626491085483091,1.73568314438263e-14,2.69154313736241e-12
"ENSG00000114631.11","PODXL2"," protein_coding","chr3",1576.85484228787,1.08763497616602,0.384985707170602,0.00016027801729281,0.00128498628248241
"ENSG00000114654.7","EFCC1"," protein_coding","chr3",411.811781887329,1.17559853047171,0.358475555613843,3.75305590612504e-05,0.000380662423315723
"ENSG00000114656.12","CFAP92"," protein_coding","chr3",186.66285865716,1.61845794759908,0.439444850999904,8.78467669570216e-06,0.000110972539677677
"ENSG00000114757.19","PEX5L"," protein_coding","chr3",106.410681446542,1.92377141124428,0.82767688681631,0.000539634325417397,0.00353651037718602
"ENSG00000114770.17","ABCC5"," protein_coding","chr3",2881.56146933755,1.17209157492362,0.354836963166089,3.67553004854856e-05,0.000374213361318669
"ENSG00000115042.10","FAHD2A"," protein_coding","chr2",850.144013316658,-1.01549283253443,0.161656536096337,1.39668256267525e-11,9.14020143178327e-10
"ENSG00000115163.15","CENPA"," protein_coding","chr2",111.620791547834,2.34079100250314,0.358942656339576,3.18362770454603e-12,2.5418753830507e-10
"ENSG00000115226.10","FNDC4"," protein_coding","chr2",901.066567027097,-2.05781108237505,0.435100517892403,8.12192916005426e-08,1.936994055526e-06
"ENSG00000115255.12","REEP6"," protein_coding","chr19",3092.57259519981,1.1131317676252,0.524522233364187,0.000968652175075248,0.00574392301844842
"ENSG00000115257.15","PCSK4"," protein_coding","chr19",206.927618411213,1.27192014603385,0.318006616788954,2.47252649096324e-06,3.70094044599735e-05
"ENSG00000115306.16","SPTBN1"," protein_coding","chr2",40721.6647786177,-1.65880917780124,0.359565077216163,1.36208953610354e-07,3.03284403345174e-06
"ENSG00000115353.11","TACR1"," protein_coding","chr2",612.93537115318,-2.32884860208671,0.489445996615414,6.78345060110134e-08,1.64794772783927e-06
"ENSG00000115361.8","ACADL"," protein_coding","chr2",371.779560126112,-4.95427220983344,0.686402794505068,1.77690929116702e-14,2.74328062292516e-12
"ENSG00000115380.20","EFEMP1"," protein_coding","chr2",12013.970093812,-1.8298647204713,0.42893958564607,6.86522278461331e-07,1.21838498564569e-05
"ENSG00000115414.21","FN1"," protein_coding","chr2",129449.000765227,2.8567625087998,0.454065174678164,1.65575746018456e-11,1.05421594057116e-09
"ENSG00000115415.20","STAT1"," protein_coding","chr2",15663.0678223213,1.07823822642406,0.429370200876178,0.000359814411004494,0.00250935131208431
"ENSG00000115459.18","ELMOD3"," protein_coding","chr2",2527.29608135143,-1.27770489099194,0.390745608919304,3.36377627314331e-05,0.000346313124656958
"ENSG00000115504.15","EHBP1"," protein_coding","chr2",2589.99947025314,-1.27870723759866,0.279776225301491,1.81186476862374e-07,3.88554232587899e-06
"ENSG00000115596.4","WNT6"," protein_coding","chr2",56.9655018104431,-2.23580095835864,0.551219568884312,1.5790465262016e-06,2.51000056244647e-05
"ENSG00000115616.3","SLC9A2"," protein_coding","chr2",308.455306958467,2.72409919870773,1.06069223962642,0.000281289774738386,0.00204895230279688
"ENSG00000115648.14","MLPH"," protein_coding","chr2",13976.926578895,1.96363504327671,0.425143446584172,1.66682629538618e-07,3.6291567523834e-06
"ENSG00000115687.14","PASK"," protein_coding","chr2",716.132102513026,1.19639286829583,0.241067124897916,3.05298554359394e-08,8.09435551683407e-07
"ENSG00000115705.22","TPO"," protein_coding","chr2",332.897572834847,-1.70315745518272,0.400772842088981,7.51547467520046e-07,1.31435585752118e-05
"ENSG00000115718.18","PROC"," protein_coding","chr2",39.3240506804219,3.06229068221994,0.498219025167675,4.47599161695117e-11,2.49874917611269e-09
"ENSG00000115841.21","RMDN2"," protein_coding","chr2",256.333210315657,-1.08963031614707,0.238248852054503,1.80605181582637e-07,3.87784331729218e-06
"ENSG00000115902.11","SLC1A4"," protein_coding","chr2",5594.70632949956,1.92354266721571,0.453195021930382,9.32137470913962e-07,1.58882308244548e-05
"ENSG00000116014.10","KISS1R"," protein_coding","chr19",24.0072950438082,4.82944636343002,0.638731840192794,5.89703502969747e-15,1.06608004777811e-12
"ENSG00000116016.14","EPAS1"," protein_coding","chr2",23413.5045972659,-1.72244748362218,0.385616269350018,2.91547496988784e-07,5.92451002762706e-06
"ENSG00000116128.11","BCL9"," protein_coding","chr1",2416.58053986058,1.43072587841438,0.239827966499735,1.10494195764279e-10,5.71995991752443e-09
"ENSG00000116133.13","DHCR24"," protein_coding","chr1",32209.676994709,1.34499246106499,0.2809438628016,1.02573403646446e-07,2.36386302947698e-06
"ENSG00000116147.17","TNR"," protein_coding","chr1",26.9504165220118,1.70730153957177,0.624202014072415,0.000179981017293285,0.00141275988175028
"ENSG00000116176.6","TPSG1"," protein_coding","chr16",167.680007829418,4.18915493395358,0.833139215771546,2.18264275029793e-08,6.03922190330256e-07
"ENSG00000116183.11","PAPPA2"," protein_coding","chr1",101.038195331131,-2.46520582702321,0.54699562918029,2.25901968254128e-07,4.72255576653971e-06
"ENSG00000116191.17","RALGPS2"," protein_coding","chr1",3306.05924329623,1.88824281806491,0.353710642022303,4.835210088847e-09,1.58856229011262e-07
"ENSG00000116285.13","ERRFI1"," protein_coding","chr1",7019.44785407923,-1.21148213335422,0.441431453709469,0.000168149050230726,0.00133855544412509
"ENSG00000116329.11","OPRD1"," protein_coding","chr1",84.4841078327941,2.82912234959136,0.784640917015915,1.1548852862698e-05,0.000140054366587778
"ENSG00000116574.6","RHOU"," protein_coding","chr1",3023.4187107927,-2.1029023426747,0.402421853808355,6.40792222562158e-09,2.04368203267059e-07
"ENSG00000116678.20","LEPR"," protein_coding","chr1",2434.03079610008,-2.5272395308935,0.496163258988559,1.2458576863886e-08,3.69322179573361e-07
"ENSG00000116690.13","PRG4"," protein_coding","chr1",1389.56099775722,-2.34356662428264,1.03176426727018,0.000440179464430336,0.00298260464185483
"ENSG00000116711.10","PLA2G4A"," protein_coding","chr1",565.579814949251,-2.31899910138182,0.310560244646372,3.30593659830647e-15,6.55383146883585e-13
"ENSG00000116741.8","RGS2"," protein_coding","chr1",3580.43239769666,-2.37486139941172,0.486527665037167,3.70755825375189e-08,9.67542371216584e-07
"ENSG00000116745.7","RPE65"," protein_coding","chr1",18.7895320925297,-4.484156514756,0.81793259417064,1.49087634799954e-09,5.67264630949312e-08
"ENSG00000116771.6","AGMAT"," protein_coding","chr1",108.022830577655,1.80841728120633,0.353327672055822,1.40529577743687e-08,4.12035083786132e-07
"ENSG00000116833.14","NR5A2"," protein_coding","chr1",442.750308415382,-1.11062935879877,0.48007817284759,0.00049835452117657,0.00330446362568828
"ENSG00000117009.12","KMO"," protein_coding","chr1",214.817705171439,2.64143295936598,0.541994415535286,4.92985138296087e-08,1.24282835695728e-06
"ENSG00000117013.17","KCNQ4"," protein_coding","chr1",154.03418196847,-1.24712733706975,0.374649484036785,2.83202524648919e-05,0.000300432328596091
"ENSG00000117016.10","RIMS3"," protein_coding","chr1",650.57188978772,-1.13287692726636,0.471349240656175,0.000408630313908151,0.00279888501817222
"ENSG00000117020.18","AKT3"," protein_coding","chr1",2433.99691267641,-1.10323464892474,0.312951160669941,1.41069320052835e-05,0.00016528037763477
"ENSG00000117122.14","MFAP2"," protein_coding","chr1",802.516796262524,2.06982063957079,0.385957846741971,3.81029744979573e-09,1.27464130700693e-07
"ENSG00000117148.8","ACTL8"," protein_coding","chr1",5.80001068666846,5.16525872403751,1.51822880912233,1.26206788663299e-05,0.000150804146001752
"ENSG00000117152.14","RGS4"," protein_coding","chr1",442.265237639885,2.08859644577617,0.480459683058661,5.84183422889754e-07,1.06492914357609e-05
"ENSG00000117154.12","IGSF21"," protein_coding","chr1",676.1200095125,1.73500402845083,0.622365325103935,0.00017148061762945,0.0013565219035119
"ENSG00000117155.17","SSX2IP"," protein_coding","chr1",1162.89932239451,1.03794552752953,0.338522404006427,7.81506392275414e-05,0.000703496891973206
"ENSG00000117215.15","PLA2G2D"," protein_coding","chr1",243.675380088442,3.22069920514412,0.813912175269015,2.94794311918546e-06,4.31264919796645e-05
"ENSG00000117226.12","GBP3"," protein_coding","chr1",2481.0855662118,1.2864703009156,0.465895107175721,0.000189967641140775,0.00147950021585777
"ENSG00000117245.13","KIF17"," protein_coding","chr1",142.649517465924,-1.0784377852982,0.395814343844116,0.000178890350871275,0.00140546346143879
"ENSG00000117308.15","GALE"," protein_coding","chr1",1488.04454608719,1.60450604725637,0.230489466927484,1.53294099464691e-13,1.77693834698424e-11
"ENSG00000117399.14","CDC20"," protein_coding","chr1",533.881088404474,2.29416775942418,0.358585965791398,7.73537044292527e-12,5.43047907694377e-10
"ENSG00000117400.18","MPL"," protein_coding","chr1",69.042241115755,-1.1554247974254,0.184876253493387,1.87278301932151e-11,1.17424216214272e-09
"ENSG00000117407.17","ARTN"," protein_coding","chr1",116.690831928485,2.42893829872444,0.764231564688621,5.07898919056762e-05,0.000492116111769217
"ENSG00000117472.10","TSPAN1"," protein_coding","chr1",5073.48120166769,2.01473503725788,0.699206873703088,0.000135485021194963,0.00111438186575046
"ENSG00000117480.16","FAAH"," protein_coding","chr1",1644.35891652755,1.04185697533779,0.257619155232932,2.49960667184848e-06,3.73826731193593e-05
"ENSG00000117507.6","FMO6P"," transcribed_unitary_pseudogene","chr1",8.83935744194885,-3.355637942472,0.66844294368185,2.8392195802846e-08,7.60270225446737e-07
"ENSG00000117525.14","F3"," protein_coding","chr1",3666.24681058939,-1.67403912204987,0.536925399766092,5.42648811805538e-05,0.000518869818928666
"ENSG00000117528.14","ABCD3"," protein_coding","chr1",6955.79607148105,1.09553086241888,0.376991954980061,0.000127284454156164,0.00105916572620146
"ENSG00000117560.8","FASLG"," protein_coding","chr1",46.7157742423699,1.32863867782733,0.509140998201386,0.000279108095091677,0.00203677209874617
"ENSG00000117586.11","TNFSF4"," protein_coding","chr1",248.109378240505,2.01470453855465,0.349507618439828,3.65086767485037e-10,1.64364418120263e-08
"ENSG00000117594.10","HSD11B1"," protein_coding","chr1",690.202509953955,-2.89861720507957,0.704265104213484,1.17137159328328e-06,1.93606472104438e-05
"ENSG00000117598.13","PLPPR5"," protein_coding","chr1",12.5550409551748,5.21151901312439,0.911790548814782,7.07559481860626e-10,2.96724253384605e-08
"ENSG00000117601.14","SERPINC1"," protein_coding","chr1",10.0119852957459,1.06223533459328,0.983548608607315,0.00371192492362402,0.0171426568511139
"ENSG00000117650.13","NEK2"," protein_coding","chr1",468.423095215496,3.746819169153,0.433665559679657,3.15910780858315e-19,1.72225672733242e-16
"ENSG00000117724.13","CENPF"," protein_coding","chr1",2025.7951318363,2.72965591757763,0.400763359169291,5.16932918813969e-13,5.19778284447786e-11
"ENSG00000117983.17","MUC5B"," protein_coding","chr11",2876.23309682156,2.4234827899012,1.19333358368748,0.00093671344315857,0.0055896816735498
"ENSG00000117984.15","CTSD"," protein_coding","chr11",19300.5770745226,1.07644740528135,0.436593918884876,0.000460695507172916,0.00309594124437023
"ENSG00000118004.18","COLEC11"," protein_coding","chr2",72.0579582252548,-1.58071447928111,0.689608425246279,0.000491204356675702,0.00326449737309941
"ENSG00000118137.10","APOA1"," protein_coding","chr11",7.43179412375622,1.8542544840727,0.826661560324045,0.000671165312701048,0.00423695113541746
"ENSG00000118193.12","KIF14"," protein_coding","chr1",202.396692651334,3.05947938751831,0.451058700380167,6.22059041727106e-13,6.16598352980126e-11
"ENSG00000118242.16","MREG"," protein_coding","chr2",2330.08244373179,1.42294611508242,0.311008842848881,2.06789225748317e-07,4.35693410361384e-06
"ENSG00000118495.20","PLAGL1"," protein_coding","chr6",1288.38948427929,-1.56871761448503,0.365094644294674,6.15388128743168e-07,1.10963861498594e-05
"ENSG00000118507.17","AKAP7"," protein_coding","chr6",537.462349578232,-1.00394680096181,0.254664735776024,2.88024621850731e-06,4.23670618928915e-05
"ENSG00000118513.19","MYB"," protein_coding","chr6",3623.26908749007,1.77595713411064,0.674126868191599,0.000271241653319686,0.00199114086387064
"ENSG00000118762.8","PKD2"," protein_coding","chr4",2646.98437872416,-1.33173915501012,0.301475083162799,3.66841036003009e-07,7.15053105429106e-06
"ENSG00000118804.8","STBD1"," protein_coding","chr4",290.707091737873,-2.11953985782957,0.524736267085681,1.75496735583183e-06,2.74963401326959e-05
"ENSG00000118946.12","PCDH17"," protein_coding","chr13",457.246037448162,1.64252213111779,0.332786838744946,3.48880408834737e-08,9.15247093582918e-07
"ENSG00000119138.4","KLF9"," protein_coding","chr9",6563.21189318854,-2.57045632554362,0.301970485882043,6.96974578052828e-19,3.68456666709715e-16
"ENSG00000119185.13","ITGB1BP1"," protein_coding","chr2",4488.63240091283,-1.61602378863935,0.456918889915573,1.28651923458781e-05,0.000153253474271094
"ENSG00000119326.15","CTNNAL1"," protein_coding","chr9",1752.31594632481,-1.36453130838715,0.284496852772394,5.75934509741433e-08,1.42315375208133e-06
"ENSG00000119333.11","DYNC2I2"," protein_coding","chr9",3165.13300752986,1.14772050282402,0.246663634358483,1.47883706988219e-07,3.26157422283563e-06
"ENSG00000119714.11","GPR68"," protein_coding","chr14",489.142861831685,1.73418093913799,0.354564187563215,4.47853192691668e-08,1.14392721421706e-06
"ENSG00000119715.15","ESRRB"," protein_coding","chr14",51.2468085488921,-1.92681580040152,0.624831286480102,5.88913137750158e-05,0.000556397733258618
"ENSG00000119729.12","RHOQ"," protein_coding","chr2",5198.436738639,-1.51582783925652,0.393887240270847,3.87436985414802e-06,5.48177772023838e-05
"ENSG00000119771.15","KLHL29"," protein_coding","chr2",866.77214983433,-2.89946188318212,0.374737417286984,4.0279880716524e-16,1.04104097635573e-13
"ENSG00000119865.9","CNRIP1"," protein_coding","chr2",1100.9036063963,-1.44463624862157,0.436052111740786,2.82950707898368e-05,0.000300256482642395
"ENSG00000119927.14","GPAM"," protein_coding","chr10",15657.7212114633,-4.104813281878,0.529184165725697,3.18715760793783e-16,8.36113654876382e-14
"ENSG00000119938.9","PPP1R3C"," protein_coding","chr10",2892.60214835315,2.54570740542,0.641258212958865,3.0407772016968e-06,4.42272174869838e-05
"ENSG00000119969.15","HELLS"," protein_coding","chr10",504.598943149434,1.2035645307912,0.415005141062192,0.000124495805833804,0.00104049824285033
"ENSG00000119986.7","AVPI1"," protein_coding","chr10",1118.38225569624,-1.38323486768612,0.485114082326939,0.000121973947938568,0.00102263172765737
"ENSG00000120093.11","HOXB3"," protein_coding","chr17",1363.57707823773,1.01561861792279,0.727344096366452,0.0028003891567462,0.0136159947140512
"ENSG00000120094.9","HOXB1"," protein_coding","chr17",19.0449610553839,3.82437773004261,0.821934067315734,1.76144908881327e-07,3.80078665168731e-06
"ENSG00000120129.6","DUSP1"," protein_coding","chr5",24269.3498715771,-1.85728540446799,0.493103809045272,5.36088532484612e-06,7.2246678203633e-05
"ENSG00000120156.22","TEK"," protein_coding","chr9",1894.35473810727,-1.12218051788711,0.472771673769891,0.000438142480010327,0.00297258335881917
"ENSG00000120162.10","MOB3B"," protein_coding","chr9",1104.96553255998,-1.8699854298921,0.262162632392634,3.97715498746194e-14,5.4418397908837e-12
"ENSG00000120279.6","MYCT1"," protein_coding","chr6",1340.65533268806,-1.60058240828155,0.40017087799017,2.10634475151853e-06,3.21911847241493e-05
"ENSG00000120318.16","ARAP3"," protein_coding","chr5",1443.47780787997,-1.17085699542739,0.2452527491432,7.16165494843134e-08,1.72925469069701e-06
"ENSG00000120436.4","GPR31"," protein_coding","chr6",14.3534251869777,1.1064933300197,0.766738036882995,0.00269231294115697,0.0131916150582654
"ENSG00000120471.15","TP53AIP1"," protein_coding","chr11",116.931053998405,-1.70457093146203,0.642652882853131,0.000204494679489348,0.00157228379507776
"ENSG00000120756.13","PLS1"," protein_coding","chr3",797.732067587034,1.05542878230693,0.615334598277597,0.00188181494450617,0.00987938688365402
"ENSG00000120992.18","LYPLA1"," protein_coding","chr8",4252.71966579684,1.13019055768613,0.300030322691626,7.02333879019729e-06,9.09956605008443e-05
"ENSG00000121101.16","TEX14"," protein_coding","chr17",88.1676621974229,1.33145352223757,0.73220146535264,0.00151377947395974,0.00827597612440131
"ENSG00000121152.10","NCAPH"," protein_coding","chr2",327.96272807898,1.86137361181746,0.298306002861494,2.17804511601181e-11,1.3355742028606e-09
"ENSG00000121454.6","LHX4"," protein_coding","chr1",75.600976491961,1.02333194992245,0.422507071128727,0.000455482835143965,0.00306563495389816
"ENSG00000121594.12","CD80"," protein_coding","chr3",39.2287957768578,2.44222194876027,0.514260039182801,9.51564945432029e-08,2.21783917909612e-06
"ENSG00000121621.7","KIF18A"," protein_coding","chr11",170.352771197857,1.49249917079775,0.308113208871298,5.62954954870453e-08,1.39602425944456e-06
"ENSG00000121691.7","CAT"," protein_coding","chr11",13439.7400991301,-1.73129123740501,0.415563314275213,1.04613084191169e-06,1.7531484728694e-05
"ENSG00000121753.12","ADGRB2"," protein_coding","chr1",1393.09330583653,1.92164911016029,0.529756162326773,1.10520370320302e-05,0.000135019826360142
"ENSG00000121895.8","TMEM156"," protein_coding","chr4",500.98178482032,2.55422409380746,0.816070077412037,5.89267060870433e-05,0.000556430771876327
"ENSG00000121898.13","CPXM2"," protein_coding","chr10",2853.92994753293,-1.53006836555117,0.42417433709327,1.0040807347654e-05,0.000124143801972713
"ENSG00000121964.14","GTDC1"," protein_coding","chr2",1218.37233300693,-1.01918308334025,0.290661691834214,1.52132006496185e-05,0.00017593761480472
"ENSG00000122035.7","RASL11A"," protein_coding","chr13",607.323396265621,-1.4589311158823,0.391696752357924,6.44757239680554e-06,8.47634696672729e-05
"ENSG00000122121.11","XPNPEP2"," protein_coding","chrX",228.604887904715,-2.15688712937052,0.655035323986071,2.8154777302957e-05,0.000298949584564051
"ENSG00000122136.14","OBP2A"," protein_coding","chr9",48.4644879574552,1.43912903090869,2.27960729477404,0.00397611661776347,0.0181458298237736
"ENSG00000122584.13","NXPH1"," protein_coding","chr7",229.357926431054,5.17673441481013,1.37128668060816,5.17663015435231e-06,7.01700865250608e-05
"ENSG00000122591.12","FAM126A"," protein_coding","chr7",2030.57488517565,-1.95837516027254,0.304542342412264,5.23482102717824e-12,3.90273804400162e-10
"ENSG00000122592.8","HOXA7"," protein_coding","chr7",113.957215810128,-3.29313517319991,0.322806300986105,8.30628718522121e-26,2.41512221816294e-22
"ENSG00000122641.11","INHBA"," protein_coding","chr7",1842.5061614492,3.47741109119572,0.32768279137926,1.39050362673359e-27,4.85160620403617e-24
"ENSG00000122644.13","ARL4A"," protein_coding","chr7",1519.08017130773,-1.55235418037794,0.270362440334736,3.77431457649322e-10,1.68401035662948e-08
"ENSG00000122711.9","SPINK4"," protein_coding","chr9",20.4186843161544,3.53211793448117,0.971603984388345,1.12327489093742e-05,0.000136748723725393
"ENSG00000122733.12","PHF24"," protein_coding","chr9",60.2091358318746,-2.48190171130834,0.39295891002935,9.89366456105323e-12,6.71595039299044e-10
"ENSG00000122741.16","DCAF10"," protein_coding","chr9",5147.82469025372,1.31284689887222,0.328599375827492,2.74837325308326e-06,4.07191045321987e-05
"ENSG00000122756.15","CNTFR"," protein_coding","chr9",1768.69044702595,-4.84007712115704,0.614883284891084,1.23141975091501e-16,3.76890057273469e-14
"ENSG00000122861.16","PLAU"," protein_coding","chr10",2289.53340913371,1.04860236629983,0.319414535252638,3.9223180054793e-05,0.000395988418776557
"ENSG00000122863.6","CHST3"," protein_coding","chr10",2384.28116808962,-1.77894533857654,0.357469352996416,2.4380098488158e-08,6.6353043397061e-07
"ENSG00000122952.17","ZWINT"," protein_coding","chr10",1027.897419522,2.15502447281905,0.316530381098809,5.08369019233652e-13,5.12644608383854e-11
"ENSG00000122966.17","CIT"," protein_coding","chr12",624.715459624849,1.48482496927463,0.362947160617979,1.72561453414774e-06,2.71093123761872e-05
"ENSG00000122971.9","ACADS"," protein_coding","chr12",2898.837245475,-1.58030011790428,0.489582838925939,3.7405205631482e-05,0.000379722150040163
"ENSG00000123080.12","CDKN2C"," protein_coding","chr1",1883.77627901095,-1.28116600532873,0.591094261484536,0.000667687918907768,0.0042211087477099
"ENSG00000123124.14","WWP1"," protein_coding","chr8",9858.03253936466,1.25118412597541,0.418344539748035,9.61236634056931e-05,0.00083663896195553
"ENSG00000123191.16","ATP7B"," protein_coding","chr13",1713.0043569735,1.77760316688821,0.361305567827567,3.91676073691119e-08,1.01662773667293e-06
"ENSG00000123201.14","GUCY1B2"," transcribed_unitary_pseudogene","chr13",49.9901215868603,3.84920655594747,0.874944597420025,3.75390891672999e-07,7.29330764207002e-06
"ENSG00000123219.13","CENPK"," protein_coding","chr5",133.788334923415,1.31734620246222,0.34278035948495,4.81645068020183e-06,6.61617246783158e-05
"ENSG00000123243.15","ITIH5"," protein_coding","chr10",10232.9930023474,-3.69772865158873,0.567724988332705,2.44574201102503e-12,2.01736133585519e-10
"ENSG00000123358.20","NR4A1"," protein_coding","chr12",6959.97514835855,-1.22569212319024,0.696120414320061,0.0014080142078561,0.0077967027021595
"ENSG00000123360.12","PDE1B"," protein_coding","chr12",877.14470213643,-1.99465879116682,0.538736001812091,6.70403905587678e-06,8.74432249340548e-05
"ENSG00000123364.5","HOXC13"," protein_coding","chr12",315.030014190929,2.96488855280633,0.824220564313187,1.1802371030282e-05,0.000142687639507128
"ENSG00000123388.4","HOXC11"," protein_coding","chr12",158.440885954778,2.09344431921186,1.18566471863363,0.00147786709254764,0.00811269048553804
"ENSG00000123473.16","STIL"," protein_coding","chr1",450.302475941916,1.57571965212822,0.329845999142384,7.92520590964424e-08,1.89525948864563e-06
"ENSG00000123485.12","HJURP"," protein_coding","chr2",272.198416039007,2.9720411891672,0.384544309204819,5.85124953695477e-16,1.44791452194247e-13
"ENSG00000123500.10","COL10A1"," protein_coding","chr6",2955.60857902721,7.52099990177628,0.425092303273441,3.68386903603497e-71,6.4266937268148e-67
"ENSG00000123562.18","MORF4L2"," protein_coding","chrX",15288.5806186485,1.10573295232081,0.331877826654753,3.22826932450834e-05,0.000335230788694704
"ENSG00000123700.5","KCNJ2"," protein_coding","chr17",521.892691301483,-1.14856095645689,0.3044784500322,5.59965251657977e-06,7.50297526712691e-05
"ENSG00000123728.10","RAP2C"," protein_coding","chrX",2422.34190619375,1.17553783704707,0.377190359801478,6.7808806012984e-05,0.000625407626380921
"ENSG00000123838.11","C4BPA"," protein_coding","chr1",192.307638494993,-3.8312749207701,0.965894660787586,1.93633989253685e-06,3.00003708661205e-05
"ENSG00000123975.5","CKS2"," protein_coding","chr9",766.184462504942,1.94679785394904,0.331882027635547,2.09804195049959e-10,1.00277783143673e-08
"ENSG00000123999.5","INHA"," protein_coding","chr2",46.3226956935158,1.13339740173326,0.684890050462108,0.00197947387827504,0.0102899021285599
"ENSG00000124003.13","MOGAT1"," protein_coding","chr2",4.89299259355349,-4.15153478548616,0.806842603210778,0.00359639219769569,0.0167219776345683
"ENSG00000124019.10","FAM124B"," protein_coding","chr2",245.235848343059,-1.20522524297424,0.451198538367627,0.000205757695594044,0.00158094951706051
"ENSG00000124067.17","SLC12A4"," protein_coding","chr16",3292.22960539499,-1.08235364063397,0.234952225299992,1.55146900113156e-07,3.40240760015597e-06
"ENSG00000124104.19","SNX21"," protein_coding","chr20",1273.27410580842,-1.10889065054376,0.298753223058993,7.05767404934191e-06,9.14065721067515e-05
"ENSG00000124126.14","PREX1"," protein_coding","chr20",7777.04560793004,1.0347969640843,0.467905465985914,0.000800952008710857,0.00490285947191997
"ENSG00000124171.9","PARD6B"," protein_coding","chr20",2602.6512936061,3.72465675836283,0.488309818979287,1.26495976163284e-15,2.79339943310959e-13
"ENSG00000124212.6","PTGIS"," protein_coding","chr20",3262.63326113654,-1.40685339456448,0.558095617409888,0.000293549363247959,0.00212274214157192
"ENSG00000124243.17","BCAS4"," protein_coding","chr20",1024.22716386062,1.86481577768537,0.404667509385152,1.74858743976923e-07,3.7814363173337e-06
"ENSG00000124249.7","KCNK15"," protein_coding","chr20",596.355195537319,2.49778792074787,0.508281360463453,3.9928756603847e-08,1.03349721562673e-06
"ENSG00000124253.11","PCK1"," protein_coding","chr20",3448.50224970798,-5.07652493167598,0.838571603341123,4.31855048356143e-11,2.41859622667643e-09
"ENSG00000124256.15","ZBP1"," protein_coding","chr20",137.464876461242,1.51662854071866,0.525483914238347,0.000127928952878413,0.00106347285781028
"ENSG00000124302.13","CHST8"," protein_coding","chr19",266.801153340882,2.16943172550184,0.733516393556537,0.000100752832060531,0.000869925034254886
"ENSG00000124334.17","IL9R"," protein_coding","chrX",10.5159015601665,2.34589860784611,0.717646101979932,4.40657006989445e-05,0.000436416793382592
"ENSG00000124440.16","HIF3A"," protein_coding","chr19",690.626803846836,-5.55515288430456,0.60475363420386,1.34547752536185e-21,1.4225774647697e-18
"ENSG00000124493.14","GRM4"," protein_coding","chr6",291.296834959,5.65793489233874,0.790336271386312,4.58106605573767e-14,6.12406037359169e-12
"ENSG00000124496.12","TRERF1"," protein_coding","chr6",1657.9096313745,1.72711417160153,0.264546391960568,3.23262010516255e-12,2.57102425317274e-10
"ENSG00000124507.11","PACSIN1"," protein_coding","chr6",181.843299038968,3.35786926584198,0.421753045857875,9.96024033536328e-17,3.21780319945519e-14
"ENSG00000124557.12","BTN1A1"," protein_coding","chr6",9.58383711240936,-1.35364725921652,0.672060035538054,0.00100807679007698,0.00593834328593212
"ENSG00000124575.7","H1-3"," protein_coding","chr6",20.3629644904509,2.57773615123435,0.776651619257684,3.28877012073214e-05,0.000339995491207304
"ENSG00000124593.16","AL365205.1"," protein_coding","chr6",35.5200486806933,1.04471342692664,0.517026518666599,0.00102421484027434,0.00601411645776034
"ENSG00000124615.20","MOCS1"," protein_coding","chr6",2061.30876600826,-3.02962426026437,0.328504386409036,2.84517967263783e-11,1.67477001201037e-09
"ENSG00000124635.9","H2BC11"," protein_coding","chr6",65.7921862816775,1.2564791031524,0.804432548610839,0.00215110077181912,0.0110177426569867
"ENSG00000124657.1","OR2B6"," protein_coding","chr6",23.5079566022785,5.55280345121808,1.01885578854501,1.91166945610926e-09,7.09575095671365e-08
"ENSG00000124743.6","KLHL31"," protein_coding","chr6",630.08633021989,-3.56919418786663,0.585091260525316,3.74928471942319e-11,2.14805079056477e-09
"ENSG00000124935.4","SCGB1D2"," protein_coding","chr11",1368.31724103702,-3.17372794597932,0.893748928934214,1.00475517811434e-05,0.000124183184270589
"ENSG00000125148.7","MT2A"," protein_coding","chr16",9653.89137301234,-1.09403881920022,0.548605816662956,0.000969613566773005,0.00574767022736611
"ENSG00000125245.13","GPR18"," protein_coding","chr13",36.4476165210602,1.81259617897289,0.382084939133887,1.00069487326056e-07,2.31994982212186e-06
"ENSG00000125355.16","TMEM255A"," protein_coding","chrX",394.036480858463,-1.6476461739116,0.331651075737007,2.55063475008403e-08,6.92561844865228e-07
"ENSG00000125505.17","MBOAT7"," protein_coding","chr19",4944.78595191133,1.25593209720897,0.231162365099703,3.25721646007658e-09,1.11747826458734e-07
"ENSG00000125508.3","SRMS"," protein_coding","chr20",181.836378076671,2.70595811492583,0.522708409210093,1.05493355067916e-08,3.18957422155515e-07
"ENSG00000125823.12","CSTL1"," protein_coding","chr20",2.26049009161688,3.93773710619176,1.21627024563975,1.64275196919791e-05,0.000188295857284114
"ENSG00000125845.7","BMP2"," protein_coding","chr20",455.555797981662,-3.32728569728235,0.560492530766412,1.02787502041683e-10,5.36880049960531e-09
"ENSG00000125869.10","LAMP5"," protein_coding","chr20",317.500332244063,2.76828125928782,0.555129295460129,2.75025366168508e-08,7.40996915134009e-07
"ENSG00000125879.5","OTOR"," protein_coding","chr20",11.25488706449,2.69756779360223,1.08961442159064,0.000395397108178166,0.00272328345777816
"ENSG00000125898.13","FAM110A"," protein_coding","chr20",1132.84171634321,1.13898285100859,0.324865827898453,1.75332755362814e-05,0.000199275122840794
"ENSG00000125966.10","MMP24"," protein_coding","chr20",139.570976617094,-1.35677017436787,0.341490549442201,2.51925338494464e-06,3.76442269182456e-05
"ENSG00000125967.17","NECAB3"," protein_coding","chr20",1720.45635532063,1.16072363681859,0.251014968697687,1.88044632892896e-07,4.01533983247616e-06
"ENSG00000125997.5","BPIFB9P"," transcribed_unitary_pseudogene","chr20",3.6192349231034,1.72241064088369,0.656982853652467,0.000358695000826914,0.00250404707359981
"ENSG00000126010.6","GRPR"," protein_coding","chrX",438.289481921207,1.77429102364896,1.06014999755614,0.00181040696708593,0.009585266993717
"ENSG00000126218.12","F10"," protein_coding","chr13",347.479924894666,-2.27770057883801,0.443943042246808,1.04261385883746e-08,3.16054215019096e-07
"ENSG00000126231.15","PROZ"," protein_coding","chr13",7.14096395124736,1.7617774172363,0.753498700246617,0.000612918907613544,0.00393013877737038
"ENSG00000126353.3","CCR7"," protein_coding","chr17",300.093827324209,2.11439011039313,0.50652373104547,1.23244694965597e-06,2.02866898463665e-05
"ENSG00000126458.4","RRAS"," protein_coding","chr19",3371.08771219712,-1.00047851788783,0.49302814237218,0.000922870824512874,0.00552503190426882
"ENSG00000126545.14","CSN1S1"," protein_coding","chr4",24.5171529527391,-5.96973451723846,0.935448594022211,3.31283646373136e-06,4.77045716285806e-05
"ENSG00000126561.17","STAT5A"," protein_coding","chr17",7737.83360823569,-1.80105316204647,0.337803445118332,3.5260601424236e-09,1.19444431484759e-07
"ENSG00000126709.15","IFI6"," protein_coding","chr1",11253.8928436131,2.87304064517626,0.532839575215289,3.33528322374726e-09,1.14089575450751e-07
"ENSG00000126785.13","RHOJ"," protein_coding","chr14",1393.05994760919,-1.07797758487147,0.272993625094658,2.79336380754053e-06,4.12804983519257e-05
"ENSG00000126787.13","DLGAP5"," protein_coding","chr14",303.247080002042,2.51735954645194,0.444706936781611,7.19299769713566e-10,3.00924319725132e-08
"ENSG00000126838.10","PZP"," protein_coding","chr12",28.5044749155711,-1.5400171018432,0.419712247960008,7.65152487849245e-06,9.80880608294995e-05
"ENSG00000127084.19","FGD3"," protein_coding","chr9",2369.97232217371,2.64764242646737,0.388957473185288,5.43266076678872e-13,5.44686686247199e-11
"ENSG00000127241.18","MASP1"," protein_coding","chr3",204.14606596889,-3.33426763934712,0.546374726525666,3.68517667162443e-11,2.11479439555342e-09
"ENSG00000127328.22","RAB3IP"," protein_coding","chr12",1504.40551085326,1.50747416450798,0.368239972712438,1.75011162658675e-06,2.74564499834704e-05
"ENSG00000127423.11","AUNIP"," protein_coding","chr1",100.1567085943,1.37185462933822,0.305167031101988,3.01141633910267e-07,6.07699985469238e-06
"ENSG00000127472.11","PLA2G5"," protein_coding","chr1",130.402330332965,-2.1705239969619,0.491146372438787,3.33626422625087e-07,6.59653238324668e-06
"ENSG00000127528.6","KLF2"," protein_coding","chr19",4509.36465416928,-1.59162324742685,0.564914409372628,0.000127110185197963,0.00105822034639516
"ENSG00000127561.15","SYNGR3"," protein_coding","chr16",61.8462663713721,4.13575236812833,0.400267988115833,6.01078966798474e-08,1.47900184982832e-06
"ENSG00000127564.17","PKMYT1"," protein_coding","chr16",293.832864327471,3.29773890031981,0.412260944439017,6.9033932792971e-17,2.33850771755296e-14
"ENSG00000127578.7","WFIKKN1"," protein_coding","chr16",39.3376488572478,1.52354491941066,0.524742000827021,0.000125026973650249,0.00104411587784366
"ENSG00000127585.12","FBXL16"," protein_coding","chr16",1885.67499379261,3.19419676301942,0.464090774930802,2.82936705096719e-13,3.13395065953321e-11
"ENSG00000127586.17","CHTF18"," protein_coding","chr16",646.846139936761,1.26262809295039,0.261810455843125,6.15800555289506e-08,1.51128679340962e-06
"ENSG00000127588.5","GNG13"," protein_coding","chr16",7.48625927102004,4.42921305991668,0.984538406460499,4.77239129591274e-07,8.91877368536108e-06
"ENSG00000127663.15","KDM4B"," protein_coding","chr19",7388.99340200562,1.49547211953548,0.274034743430144,2.62353553922283e-09,9.27434432614222e-08
"ENSG00000127743.6","IL17B"," protein_coding","chr5",142.265318647248,-2.95560048563908,0.634830213620122,1.07475927938553e-07,2.4654454975043e-06
"ENSG00000127920.6","GNG11"," protein_coding","chr7",4160.3621882692,-2.15912479609185,0.421388877582628,1.08999779547845e-08,3.28988867491683e-07
"ENSG00000127955.17","GNAI1"," protein_coding","chr7",2732.21690128039,-2.86784326434149,0.490153469613919,1.77556892376204e-10,8.68883244305488e-09
"ENSG00000127990.19","SGCE"," protein_coding","chr7",2279.90673461402,-1.9647778514635,0.310074674872491,9.34707690826877e-12,6.41985945681901e-10
"ENSG00000128016.7","ZFP36"," protein_coding","chr19",26425.4602174202,-2.15152892404308,0.466777299792464,1.56685249257036e-07,3.4339855727558e-06
"ENSG00000128165.9","ADM2"," protein_coding","chr22",438.412602253228,1.97964373033986,0.536645619472028,8.6403954146893e-06,0.000109308207546746
"ENSG00000128203.7","ASPHD2"," protein_coding","chr22",121.633874844793,1.14114886769434,0.225347030853325,1.81770329700344e-08,5.15621835249977e-07
"ENSG00000128218.8","VPREB3"," protein_coding","chr22",36.0027418958229,1.10433016624506,1.17058806372794,0.00390437247135828,0.0178542995197145
"ENSG00000128268.12","MGAT3"," protein_coding","chr22",765.285398905162,-2.03257330441445,0.486826986954435,1.00278875587367e-06,1.6918908356474e-05
"ENSG00000128271.22","ADORA2A"," protein_coding","chr22",15.1126330158569,1.90485661602663,0.787780374085212,0.000456013902725819,0.00306861737319316
"ENSG00000128285.4","MCHR1"," protein_coding","chr22",60.1890076962792,1.94705119258132,0.617817119279623,5.69643718165166e-05,0.000540534103086778
"ENSG00000128340.15","RAC2"," protein_coding","chr22",1997.0511943131,1.11913179982322,0.382042036898434,0.000119390127615346,0.00100570761531314
"ENSG00000128408.9","RIBC2"," protein_coding","chr22",109.018088112624,1.13113205768209,0.57663253576219,0.00119245953143976,0.00679505234549479
"ENSG00000128422.17","KRT17"," protein_coding","chr17",16137.4538548385,-2.55281637070197,0.895420722378326,0.000101481206381123,0.000875347533212302
"ENSG00000128438.10","TBC1D27P"," transcribed_unprocessed_pseudogene","chr17",13.2007343448479,2.34200112510772,0.992683722855811,0.000508788928554616,0.0033612542333756
"ENSG00000128573.26","FOXP2"," protein_coding","chr7",379.193853586113,-2.90011598795008,0.534276567598219,2.00459942722893e-09,7.40132048840684e-08
"ENSG00000128578.10","STRIP2"," protein_coding","chr7",127.46602679542,1.30334945230052,0.306291138701914,8.47088771269051e-07,1.46026552956267e-05
"ENSG00000128683.14","GAD1"," protein_coding","chr2",21.9458849914895,4.72854790780993,0.586848546693299,0.000485113899311796,0.003233876396807
"ENSG00000128886.12","ELL3"," protein_coding","chr15",6.58937461262348,1.38844011553982,0.735483163263936,0.00140626897721256,0.0077882747434799
"ENSG00000129038.16","LOXL1"," protein_coding","chr15",2187.30306139304,1.43779147225943,0.380057522743589,6.31685055886234e-06,8.32901441977734e-05
"ENSG00000129173.13","E2F8"," protein_coding","chr11",117.790863880362,2.87128908823962,0.449944859100428,9.13866935100943e-12,6.28909886244714e-10
"ENSG00000129194.8","SOX15"," protein_coding","chr17",66.500128430117,-1.81784146062341,0.438041489976795,1.18895685720456e-06,1.96326993396707e-05
"ENSG00000129195.16","PIMREG"," protein_coding","chr17",121.204564117957,1.38982887285533,0.553858088122336,0.000357636058060309,0.00249765406360733
"ENSG00000129244.9","ATP1B2"," protein_coding","chr17",271.377373090111,-1.17233714622623,0.332964824982863,1.41983513460846e-05,0.000166295628337106
"ENSG00000129455.15","KLK8"," protein_coding","chr19",44.2879504398863,-3.17781292098235,0.822891324901377,3.37602918436e-06,4.84545595522439e-05
"ENSG00000129467.14","ADCY4"," protein_coding","chr14",1317.34299778703,-1.5351658294914,0.362785360325991,8.20158433894457e-07,1.41945178159779e-05
"ENSG00000129514.8","FOXA1"," protein_coding","chr14",11401.1811421748,2.08298504492844,0.756968124561644,0.000204598826988652,0.00157273797586717
"ENSG00000129654.8","FOXJ1"," protein_coding","chr17",177.884201931034,3.44696141798233,0.919027840636431,6.52133510213918e-06,8.55398131762174e-05
"ENSG00000129657.16","SEC14L1"," protein_coding","chr17",5549.57157591176,-1.0714399547323,0.216411697569702,2.99182801386495e-08,7.96246157374232e-07
"ENSG00000129680.16","MAP7D3"," protein_coding","chrX",1120.3722664206,-2.23928959367821,0.392387619016614,4.3472050752412e-10,1.90311583789512e-08
"ENSG00000129744.3","ART1"," protein_coding","chr11",2.74859879443435,2.34548700033106,1.09361449355034,0.000865913405817924,0.00523705748698096
"ENSG00000129757.14","CDKN1C"," protein_coding","chr11",2571.1197952249,-2.925153993448,0.472012518851345,2.10795404488542e-11,1.29487015105805e-09
"ENSG00000129810.15","SGO1"," protein_coding","chr3",69.9753274214318,2.47467540398321,0.376740822114941,2.78176520732231e-12,2.26687041368409e-10
"ENSG00000129925.11","PGAP6"," protein_coding","chr16",2737.69607853402,1.1135499458375,0.27959738118256,3.13404299361828e-06,4.54299518447591e-05
"ENSG00000129990.15","SYT5"," protein_coding","chr19",17.7554361828917,1.8312757971804,0.902865239273964,0.00100227875469941,0.00590923573006747
"ENSG00000129991.13","TNNI3"," protein_coding","chr19",8.85815310475898,1.74531971844882,2.542368132803,0.00396396480346613,0.0181006014864202
"ENSG00000130037.5","KCNA5"," protein_coding","chr12",39.906521680236,-1.22228149216031,0.488265890020966,0.000309277364078221,0.00221661490506268
"ENSG00000130045.16","NXNL2"," protein_coding","chr9",175.12969725518,2.03984394285216,0.652116724098176,6.04980385203875e-05,0.000569036240653058
"ENSG00000130173.13","ANGPTL8"," protein_coding","chr19",161.247738129978,-4.62616554289109,0.737170901790132,1.08449318392887e-11,7.29076140278653e-10
"ENSG00000130176.8","CNN1"," protein_coding","chr19",5217.8875190224,-2.91830732797739,0.470862950115755,2.01089307641559e-11,1.24621794545678e-09
"ENSG00000130208.9","APOC1"," protein_coding","chr19",980.750271360229,1.6081935260922,0.592677172549554,0.000212722348650073,0.0016258697627053
"ENSG00000130224.15","LRCH2"," protein_coding","chrX",175.623300935914,-1.19021275289842,0.327422159277375,9.32032027986409e-06,0.000116557453363705
"ENSG00000130226.17","DPP6"," protein_coding","chr7",95.2382899282292,-4.57817520772151,0.42803068794356,5.34853117204492e-28,2.33269501404774e-24
"ENSG00000130234.12","ACE2"," protein_coding","chrX",29.1512162753123,-1.32349675822802,1.32243376799757,0.00298793972319708,0.0143479500250577
"ENSG00000130513.6","GDF15"," protein_coding","chr19",420.270139772479,1.75333722457438,0.45246259974707,4.22834599806498e-06,5.9178187011025e-05
"ENSG00000130545.16","CRB3"," protein_coding","chr19",543.630900777644,1.31148708353957,0.485567704223632,0.00022493617995996,0.00170280934150205
"ENSG00000130561.17","SAG"," protein_coding","chr2",8.47671043860552,3.28330676007581,0.543785930470675,0.00258174682528796,0.0127664014287305
"ENSG00000130590.14","SAMD10"," protein_coding","chr20",431.499679782757,1.04627483512156,0.234884990890608,3.55176017333565e-07,6.95033450408605e-06
"ENSG00000130635.16","COL5A1"," protein_coding","chr9",18749.8541533937,2.51209057765825,0.446831743270485,9.97478600436479e-10,4.02347119628083e-08
"ENSG00000130695.16","CEP85"," protein_coding","chr1",1073.0203334105,1.48448103843677,0.257269225906529,3.83172766839842e-10,1.70220233299259e-08
"ENSG00000130707.18","ASS1"," protein_coding","chr9",11112.6774191922,-1.67363945686055,0.628323114381558,0.000195579729758402,0.00151667625178644
"ENSG00000130720.13","FIBCD1"," protein_coding","chr9",63.0479695223716,3.3179941305876,0.743648850656776,3.5327825409696e-07,6.92874174463014e-06
"ENSG00000130751.10","NPAS1"," protein_coding","chr19",74.4508267630603,1.089575335708,0.622975269675834,0.00172574300659489,0.00920968174412698
"ENSG00000130812.10","ANGPTL6"," protein_coding","chr19",14.0304970399491,1.34466231325326,0.601469618843917,0.000667932685692556,0.00422189118414836
"ENSG00000130827.6","PLXNA3"," protein_coding","chrX",3044.76668040432,1.03371034410007,0.348223913160787,0.000110446800780053,0.000941739815742136
"ENSG00000130956.14","HABP4"," protein_coding","chr9",918.138532423534,-1.10089484946298,0.386364098345963,0.000126370479121916,0.00105331877377993
"ENSG00000131016.17","AKAP12"," protein_coding","chr6",7435.08264880464,-2.3035752281731,0.550748817506965,9.40644932245293e-07,1.60097767468149e-05
"ENSG00000131044.17","TTLL9"," protein_coding","chr20",69.1695537744201,1.57282999458331,0.564699311829615,0.000174783409133152,0.00137785086490393
"ENSG00000131095.13","GFAP"," protein_coding","chr17",370.464718100031,-4.19813485914563,0.565226619650947,4.19080673426581e-15,7.90386150082531e-13
"ENSG00000131171.13","SH3BGRL"," protein_coding","chrX",16359.1315009412,1.2038680836225,0.274719654470702,5.78371368032528e-07,1.05660421570108e-05
"ENSG00000131187.10","F12"," protein_coding","chr5",215.263530656186,2.37719558173688,0.54611729670541,5.6628842175024e-07,1.03827479365673e-05
"ENSG00000131242.18","RAB11FIP4"," protein_coding","chr17",2430.95898309309,1.62966509234101,0.466909570100436,1.86824872002651e-05,0.000210138833302531
"ENSG00000131650.14","KREMEN2"," protein_coding","chr16",101.974152936465,3.80611757236493,0.727432228268147,7.82538656749636e-09,2.45977984438302e-07
"ENSG00000131730.16","CKMT2"," protein_coding","chr5",240.478871837138,-2.58759690517862,0.413815197403055,1.54620242415096e-11,9.91701264357561e-10
"ENSG00000131747.15","TOP2A"," protein_coding","chr17",2737.06591231872,3.06752525126361,0.470814941419853,3.70885120404004e-12,2.88851623571788e-10
"ENSG00000131759.18","RARA"," protein_coding","chr17",4031.71389690598,1.14520732029305,0.237892804806229,7.75877240861283e-08,1.86055895607498e-06
"ENSG00000131943.18","C19orf12"," protein_coding","chr19",2725.5115797076,-1.59135802872946,0.380720540495264,9.91446303382744e-07,1.67680819056361e-05
"ENSG00000131944.10","FAAP24"," protein_coding","chr19",247.895436764689,1.18921304635485,0.189718350387587,1.7244164754291e-11,1.09195308973134e-09
"ENSG00000132026.14","RTBDN"," protein_coding","chr19",8.14046896509687,2.10655719886052,1.17392472540503,0.0013574943171261,0.00756860565977098
"ENSG00000132031.13","MATN3"," protein_coding","chr2",565.6170573483,2.33136592101701,0.423372290955459,1.63950931777655e-09,6.1775507134494e-08
"ENSG00000132170.23","PPARG"," protein_coding","chr3",4282.67786544623,-2.20182728466731,0.712270703730168,5.35208822555226e-05,0.000512955218452636
"ENSG00000132182.12","NUP210"," protein_coding","chr3",4427.82599212656,1.83274513976002,0.4677972779843,4.00585941010078e-06,5.64492894498491e-05
"ENSG00000132196.15","HSD17B7"," protein_coding","chr1",669.577796372542,1.74426200015062,0.320587453596718,2.41434422780282e-09,8.66655189838149e-08
"ENSG00000132329.11","RAMP1"," protein_coding","chr2",871.810152040378,3.68124125382992,0.552862427293589,1.35853285476642e-12,1.20001442621911e-10
"ENSG00000132357.14","CARD6"," protein_coding","chr5",786.309410480771,-1.1368242034149,0.301970622636363,5.74155971157362e-06,7.65490102776137e-05
"ENSG00000132561.14","MATN2"," protein_coding","chr8",6682.61629494464,-2.53975722602792,0.413280066475519,3.00950499026918e-11,1.75593041163014e-09
"ENSG00000132681.17","ATP1A4"," protein_coding","chr1",246.034264999064,3.79509471159745,0.776253507794188,0.00370884069622702,0.0171374865225873
"ENSG00000132688.11","NES"," protein_coding","chr1",7861.02923549013,-1.85834463928706,0.24743461671267,1.83073694749858e-15,3.91878790399834e-13
"ENSG00000132702.13","HAPLN2"," protein_coding","chr1",11.9059607222652,-1.39485662172129,0.625939554838067,0.000622844905427846,0.00398234956849606
"ENSG00000132749.11","TESMIN"," protein_coding","chr11",1033.02702007121,1.77895768722904,0.476274218082826,7.47612135427721e-06,9.6147935927787e-05
"ENSG00000132821.12","VSTM2L"," protein_coding","chr20",406.530030095348,4.39763487422195,0.899855724361018,4.29261287124454e-08,1.10452474698078e-06
"ENSG00000133019.12","CHRM3"," protein_coding","chr1",133.182594701548,-1.32081209298041,0.596145774324602,0.000612851374623274,0.00393013877737038
"ENSG00000133027.18","PEMT"," protein_coding","chr17",882.097527890306,-1.81484815767326,0.336109606175029,2.5673172734879e-09,9.13894761526795e-08
"ENSG00000133055.9","MYBPH"," protein_coding","chr1",13.6796529032361,1.20620077373268,0.856056049508365,0.00268713326440818,0.0131717851543223
"ENSG00000133067.17","LGR6"," protein_coding","chr1",987.026173778638,-2.93916982601691,0.743348251490087,2.26902489380437e-06,3.43912022457552e-05
"ENSG00000133110.15","POSTN"," protein_coding","chr13",41949.3274851072,2.88934280716754,0.442139314029899,3.41777590645357e-12,2.69795518443601e-10
"ENSG00000133116.8","KL"," protein_coding","chr13",409.544617059753,-1.8228128351369,0.437919691172001,1.07930964982679e-06,1.80010482753856e-05
"ENSG00000133142.18","TCEAL4"," protein_coding","chrX",9853.20797546929,1.22397139534681,0.413198766308409,0.000101288911456495,0.000874121051107734
"ENSG00000133317.16","LGALS12"," protein_coding","chr11",2643.78083961256,-5.3329664995713,0.754915646656557,5.23839919700246e-14,6.89709382575897e-12
"ENSG00000133321.11","PLAAT4"," protein_coding","chr11",5542.16389463568,1.39464828419878,0.417466215712818,3.27780477677718e-05,0.000339465379835359
"ENSG00000133328.4","PLAAT2"," protein_coding","chr11",110.93788645903,1.3810175289651,0.510199761590612,0.000217196015678864,0.00165462580415966
"ENSG00000133392.18","MYH11"," protein_coding","chr16",13709.3615749004,-2.84823890154874,0.400793103249353,4.13321049274816e-14,5.61135592616638e-12
"ENSG00000133401.16","PDZD2"," protein_coding","chr5",4364.12991490736,-2.40942426945228,0.488063773736333,2.79885782905298e-08,7.51770196408679e-07
"ENSG00000133454.16","MYO18B"," protein_coding","chr22",51.0629711262873,2.30337642762192,0.802394182172318,0.000126958168147347,0.00105745940435166
"ENSG00000133466.14","C1QTNF6"," protein_coding","chr22",1412.98083264993,2.67118577918778,0.292053616913397,3.46899665645152e-21,3.02591905850625e-18
"ENSG00000133665.13","DYDC2"," protein_coding","chr10",45.3597984048739,2.41159866781427,0.614346973478785,3.43177700398061e-06,4.9193973478179e-05
"ENSG00000133816.17","MICAL2"," protein_coding","chr11",3919.66778308887,1.84351691147337,0.333079797442332,1.58137269659293e-09,5.99735595182868e-08
"ENSG00000134020.8","PEBP4"," protein_coding","chr8",53.937893190881,1.38939458691514,0.488387283727076,2.45139722422738e-05,0.000265708917522576
"ENSG00000134028.14","ADAMDEC1"," protein_coding","chr8",170.509250759058,3.73669315157313,0.569359026653501,3.52833679476066e-05,0.000360912339800628
"ENSG00000134030.14","CTIF"," protein_coding","chr18",4489.51251838419,-1.25612204300727,0.387951883659983,3.72920621933194e-05,0.000378793986022448
"ENSG00000134057.15","CCNB1"," protein_coding","chr5",1075.8266328311,1.94377534882445,0.252345861383787,7.19697596530738e-16,1.74381728059403e-13
"ENSG00000134115.13","CNTN6"," protein_coding","chr3",20.3600357825491,1.01139356205264,1.12788205613362,0.00828445878298771,0.0326650527062068
"ENSG00000134121.10","CHL1"," protein_coding","chr3",1891.33114573065,-3.5286823704469,0.464188917064201,1.11245372900227e-15,2.48811686273193e-13
"ENSG00000134183.12","GNAT2"," protein_coding","chr1",18.4254893139594,1.35236950633923,0.467709496379869,0.000131463406631425,0.00108642579838395
"ENSG00000134198.10","TSPAN2"," protein_coding","chr1",581.67714893263,-1.02390059239713,0.330015892613727,5.93846234024631e-05,0.00055984568903954
"ENSG00000134215.16","VAV3"," protein_coding","chr1",7880.89800412304,1.26669765769091,0.625769667824601,0.0011072273156839,0.00639607090588193
"ENSG00000134222.16","PSRC1"," protein_coding","chr1",329.61403905529,1.16383501013065,0.387635915309337,9.14686695453408e-05,0.000801867675654896
"ENSG00000134253.10","TRIM45"," protein_coding","chr1",703.235157460313,1.23792223175524,0.310704919059343,2.92844475092475e-06,4.29364661994743e-05
"ENSG00000134321.12","RSAD2"," protein_coding","chr2",1120.13944081663,1.07924606501857,0.483642084476311,0.000708040717559278,0.004426491430991
"ENSG00000134324.12","LPIN1"," protein_coding","chr2",2185.11251686305,-2.13153112147922,0.202313958165144,2.023083178354e-10,9.72278170467621e-09
"ENSG00000134326.11","CMPK2"," protein_coding","chr2",679.754664938602,1.14691105850618,0.449389688345945,0.000332761577961795,0.00235456990806429
"ENSG00000134531.10","EMP1"," protein_coding","chr12",24717.2124537247,-2.04673869477554,0.38967959528786,5.16015415761174e-09,1.68579530630366e-07
"ENSG00000134548.11","SPX"," protein_coding","chr12",1230.10832791949,-5.78251425815626,0.941236646204367,2.31565965851842e-11,1.40759026385656e-09
"ENSG00000134627.12","PIWIL4"," protein_coding","chr11",161.820904574989,-1.42253434718916,0.314657030698602,2.25265638058133e-07,4.71207636539948e-06
"ENSG00000134668.12","SPOCD1"," protein_coding","chr1",140.278460125592,2.10798894697507,0.534028587488838,3.15332982850102e-06,4.55958686474219e-05
"ENSG00000134690.11","CDCA8"," protein_coding","chr1",422.803930349908,2.31482604316038,0.280118349737715,7.22424540655293e-18,3.03688128289203e-15
"ENSG00000134760.6","DSG1"," protein_coding","chr18",192.560222373685,-2.81101823351727,0.867450668056526,3.09954369706988e-05,0.000324373662670861
"ENSG00000134765.10","DSC1"," protein_coding","chr18",71.0324785420805,-2.97403462162201,0.81010045299044,6.96920700323863e-06,9.03950191635684e-05
"ENSG00000134775.15","FHOD3"," protein_coding","chr18",882.913190885921,-1.40810892252376,0.476322554493985,8.96465377433771e-05,0.000788668015230502
"ENSG00000134824.14","FADS2"," protein_coding","chr11",5102.09878586498,1.69640956756189,0.558630302586226,8.50601124846992e-05,0.000755621170850674
"ENSG00000134830.6","C5AR2"," protein_coding","chr19",931.890805429261,2.32805386919557,0.362138293163613,6.15523387556486e-12,4.44642370915805e-10
"ENSG00000134909.18","ARHGAP32"," protein_coding","chr11",6105.26426458235,1.52845134745036,0.326949800888943,1.52952663303984e-07,3.36062429177539e-06
"ENSG00000134955.12","SLC37A2"," protein_coding","chr11",1615.55246322206,1.87902219761131,0.560173846474466,2.94368274653365e-05,0.000310483780862472
"ENSG00000134986.14","NREP"," protein_coding","chr5",137.80935864162,1.15827075905424,0.294607789593115,3.36451837800345e-06,4.83092225213656e-05
"ENSG00000135046.14","ANXA1"," protein_coding","chr9",25923.0583193953,-2.62012604635636,0.370459959677093,5.94283371537038e-14,7.73699295384283e-12
"ENSG00000135052.16","GOLM1"," protein_coding","chr9",8705.74779726514,1.11511913945156,0.334211600387758,3.0236355278786e-05,0.000317955597357481
"ENSG00000135063.19","FAM189A2"," protein_coding","chr9",1967.71965912173,-1.84093713299684,0.594273676596319,5.49310274696198e-05,0.000524233719759985
"ENSG00000135074.16","ADAM19"," protein_coding","chr5",859.419651945691,2.09368258032611,0.310687288919986,7.54542881901552e-13,7.27258444542183e-11
"ENSG00000135094.11","SDS"," protein_coding","chr12",334.750475700884,2.7164579824698,0.411721434809915,2.0860732979549e-12,1.7623531099018e-10
"ENSG00000135114.12","OASL"," protein_coding","chr12",598.211537825689,2.19343548027262,0.461249092557352,8.49963066649803e-08,2.01211368445998e-06
"ENSG00000135119.15","RNFT2"," protein_coding","chr12",180.451464253833,1.67722371239708,0.35981590036967,1.37305196841178e-07,3.05141122483156e-06
"ENSG00000135127.11","BICDL1"," protein_coding","chr12",889.92561478297,3.06680641283097,0.43697478446764,1.12626313291541e-13,1.35973864950005e-11
"ENSG00000135248.15","FAM71F1"," protein_coding","chr7",5.97066723477315,2.23651567434845,0.801320487150046,0.000199165995430786,0.00153877341598219
"ENSG00000135272.12","MDFIC"," protein_coding","chr7",3733.69413125121,-1.25028642180125,0.398171006127823,5.19691673707265e-05,0.000500622920688023
"ENSG00000135298.14","ADGRB3"," protein_coding","chr6",45.3048927791423,-2.55252460809313,0.374656791922191,4.17492317561815e-13,4.37439172734213e-11
"ENSG00000135318.12","NT5E"," protein_coding","chr6",1484.23243441948,-1.15961950088713,0.470590633281546,0.000351214214567361,0.00246216900953784
"ENSG00000135324.6","MRAP2"," protein_coding","chr6",126.653236397177,-1.7918433433293,0.333634413165801,3.09274488219604e-09,1.0662940877935e-07
"ENSG00000135333.14","EPHA7"," protein_coding","chr6",79.545062852522,-1.51545022094363,0.473467188460311,4.19449224073821e-05,0.00041850165505175
"ENSG00000135346.9","CGA"," protein_coding","chr6",18.4132351130952,5.51626435069711,2.1278298227395,0.0046624290327718,0.0205972159258598
"ENSG00000135423.13","GLS2"," protein_coding","chr12",10.306698999757,1.00310822010636,0.489688096232293,0.00108871305195793,0.00631420995609443
"ENSG00000135424.18","ITGA7"," protein_coding","chr12",7206.6083018349,-4.04814135836735,0.529626482304088,7.69905451016941e-16,1.82739939397497e-13
"ENSG00000135426.16","TESPA1"," protein_coding","chr12",151.476515595551,1.01404755104352,0.427808450315137,0.00050792728598216,0.00335744913807991
"ENSG00000135447.17","PPP1R1A"," protein_coding","chr12",7251.2353042477,-4.26050770157696,0.835156972246929,1.00546004215346e-08,3.06388701578834e-07
"ENSG00000135451.13","TROAP"," protein_coding","chr12",214.057909568943,2.7613492790638,0.459463372081351,9.15216437334857e-11,4.82368832553633e-09
"ENSG00000135476.12","ESPL1"," protein_coding","chr12",438.633918878318,2.08763775692101,0.403025974734491,1.01323526492692e-08,3.08488583146293e-07
"ENSG00000135549.15","PKIB"," protein_coding","chr6",1709.68484521619,1.67119893818016,0.83444268242727,0.00106146072375268,0.00619010966278703
"ENSG00000135638.14","EMX1"," protein_coding","chr2",110.259531543092,4.70770444118581,0.798819066023698,2.00106978433112e-10,9.63025184070306e-09
"ENSG00000135750.15","KCNK1"," protein_coding","chr1",1239.50279789772,2.0864914872378,0.650930967008001,4.79091148263322e-05,0.00046771038763446
"ENSG00000135773.13","CAPN9"," protein_coding","chr1",434.115689310139,3.36751994369992,0.772806183958851,5.44702692818869e-07,1.00291407151151e-05
"ENSG00000135824.12","RGS8"," protein_coding","chr1",9.25513724527339,1.82832100645772,0.800899402540267,0.000635628907454187,0.00405072661369572
"ENSG00000135835.12","KIAA1614"," protein_coding","chr1",267.933839129332,-1.3768787077422,0.300895350108116,1.7492299493212e-07,3.7814363173337e-06
"ENSG00000135862.6","LAMC1"," protein_coding","chr1",19983.3178306638,-1.18522581864433,0.377993800496403,4.98905974684242e-05,0.00048407475980834
"ENSG00000136002.20","ARHGEF4"," protein_coding","chr2",476.843691434177,-2.10151753005015,0.47814421936829,3.78640340671216e-07,7.33952229242188e-06
"ENSG00000136014.12","USP44"," protein_coding","chr12",65.0534093891531,-2.17864303890923,0.339109395312899,5.64178448987586e-12,4.15290089949913e-10
"ENSG00000136040.9","PLXNC1"," protein_coding","chr12",1763.60460506142,1.12825439357054,0.328953773139229,2.41384718837518e-05,0.000262127426858382
"ENSG00000136108.15","CKAP2"," protein_coding","chr13",1163.98385068686,1.24946443860978,0.245884630380775,1.81617627438584e-08,5.15607863218849e-07
"ENSG00000136111.14","TBC1D4"," protein_coding","chr13",3858.35458721138,-1.35010433138867,0.244091995427183,1.15562283674982e-09,4.57152340102472e-08
"ENSG00000136158.12","SPRY2"," protein_coding","chr13",2436.13849507219,-2.65559519988743,0.358295389721344,4.93888929330794e-15,9.06962033330565e-13
"ENSG00000136160.17","EDNRB"," protein_coding","chr13",1807.77852578348,-2.20253451562104,0.357360254617661,2.77191094755034e-11,1.6420160419521e-09
"ENSG00000136274.9","NACAD"," protein_coding","chr7",276.73955635956,-2.04866062086678,0.291936079412475,9.16925628348914e-14,1.15496216962895e-11
"ENSG00000136379.12","ABHD17C"," protein_coding","chr15",1165.97239623313,1.40172417680412,0.451308627148101,6.80467934626492e-05,0.000627270983013287
"ENSG00000136457.10","CHAD"," protein_coding","chr17",1170.51025199219,2.06819329870225,0.647197943935863,5.09469691051877e-05,0.000493090346476867
"ENSG00000136490.9","LIMD2"," protein_coding","chr17",679.979346433743,1.54114194273002,0.373464025907184,1.48507802177327e-06,2.3779649957637e-05
"ENSG00000136492.9","BRIP1"," protein_coding","chr17",289.00010939338,1.6540025877096,0.418349362519331,3.13988412533439e-06,4.54957213525923e-05
"ENSG00000136541.15","ERMN"," protein_coding","chr2",57.3681496920524,2.61653474262039,0.502916835699788,9.61020474275535e-09,2.95948502806246e-07
"ENSG00000136542.9","GALNT5"," protein_coding","chr2",1908.82872777037,2.62473978758688,0.71884722609975,9.95547860660876e-06,0.00012326352166898
"ENSG00000136573.14","BLK"," protein_coding","chr8",55.7058832787683,1.86054012198392,0.896790874379049,0.000911354209130003,0.00546828197949354
"ENSG00000136770.11","DNAJC1"," protein_coding","chr10",4216.55738238242,1.43360955108016,0.432554953254781,3.34692847591423e-05,0.000344985765001842
"ENSG00000136826.15","KLF4"," protein_coding","chr9",6815.24307377359,-2.32299651823036,0.573977239404767,1.65558853197216e-06,2.61380721579369e-05
"ENSG00000136842.14","TMOD1"," protein_coding","chr9",438.524642653855,-3.47046332247152,0.459988128613735,1.73882767813344e-15,3.76828798246919e-13
"ENSG00000136869.16","TLR4"," protein_coding","chr9",2210.33662821249,-1.14999182005702,0.42301733440016,0.000181961267290292,0.00142637847158517
"ENSG00000136918.8","WDR38"," protein_coding","chr9",11.186059196198,2.089726811323,0.756783205882766,0.000173694918899532,0.00137081868702185
"ENSG00000136928.7","GABBR2"," protein_coding","chr9",6.54612223716043,2.07591374683528,0.996115040918155,0.00594077221198694,0.0250277086752519
"ENSG00000137070.18","IL11RA"," protein_coding","chr9",735.612086272486,-1.68507471726927,0.223432320511175,1.96859816248157e-15,4.18819259067953e-13
"ENSG00000137135.18","ARHGEF39"," protein_coding","chr9",141.897820612374,1.3925760885337,0.263709420145844,5.91931329183948e-09,1.89954612935467e-07
"ENSG00000137142.5","IGFBPL1"," protein_coding","chr9",117.174458970155,2.96646444947767,0.706533391854385,1.03385997253474e-06,1.73675533469954e-05
"ENSG00000137216.19","TMEM63B"," protein_coding","chr6",2949.54962892271,1.16361150211355,0.268991144282949,7.33744601102566e-07,1.2869943134011e-05
"ENSG00000137225.13","CAPN11"," protein_coding","chr6",241.255026863165,-2.36056463607945,0.301226234518112,1.93178909126758e-16,5.52475845765714e-14
"ENSG00000137261.14","KIAA0319"," protein_coding","chr6",37.8211083452011,2.3411714867269,0.79920548011105,0.00010589260723443,0.000909128680860358
"ENSG00000137270.11","GCM1"," protein_coding","chr6",17.1956092280224,1.64273839787617,0.564163165374528,0.000117870896324544,0.00099459091745095
"ENSG00000137501.17","SYTL2"," protein_coding","chr11",6397.18447740735,1.37749378912819,0.385453437162839,1.43440984722688e-05,0.000167427117989472
"ENSG00000137571.11","SLCO5A1"," protein_coding","chr8",32.6468877829502,1.59147051414487,0.616900780501732,0.00030395728764133,0.00218647044125123
"ENSG00000137573.14","SULF1"," protein_coding","chr8",8972.11980906551,1.94538267014684,0.267119933720849,1.80901536326858e-14,2.78054427488124e-12
"ENSG00000137648.19","TMPRSS4"," protein_coding","chr11",730.78726188091,4.05232805162928,1.245116757555,3.4950032480092e-05,0.000358027476002023
"ENSG00000137672.13","TRPC6"," protein_coding","chr11",324.227778515806,-1.028634760981,0.306599011408904,2.59509576348633e-05,0.000279288976816167
"ENSG00000137713.16","PPP2R1B"," protein_coding","chr11",3440.8115898329,-1.03298838071534,0.41897038607091,0.000303320066531626,0.00218344139495667
"ENSG00000137745.12","MMP13"," protein_coding","chr11",648.882538345941,7.03448731172876,0.917860583091321,1.04630482287657e-15,2.35526590806363e-13
"ENSG00000137807.16","KIF23"," protein_coding","chr15",540.159745020459,1.81568364672816,0.380775584842676,8.13608009882079e-08,1.93904351590134e-06
"ENSG00000137812.20","KNL1"," protein_coding","chr15",289.891750778993,2.4292900936062,0.382682425324078,1.06287388997114e-11,7.17306245550928e-10
"ENSG00000137819.14","PAQR5"," protein_coding","chr15",415.088881130934,1.97831615784379,0.593474327536264,3.0878326611054e-05,0.000323539796730892
"ENSG00000137825.11","ITPKA"," protein_coding","chr15",60.7383448079195,3.94270418691752,0.543816546736153,1.47194292984284e-14,2.34509409886514e-12
"ENSG00000137868.19","STRA6"," protein_coding","chr15",436.78521907053,1.51433374760164,0.6595189107359,0.000585894554372807,0.00378715030872975
"ENSG00000137877.10","SPTBN5"," protein_coding","chr15",724.611509791603,1.18837022404333,0.493070260614865,0.000468530286051165,0.0031407281864767
"ENSG00000137960.6","GIPC2"," protein_coding","chr1",386.323878202913,-2.69384663658075,0.366757604667075,7.9252616418734e-15,1.37572290520699e-12
"ENSG00000137968.16","SLC44A5"," protein_coding","chr1",446.72082024706,1.34574442267996,0.794158456094051,0.00183489303611488,0.00968404975390777
"ENSG00000137976.7","DNASE2B"," protein_coding","chr1",48.3042384014724,2.31417441706405,1.0118204463042,0.000556290599972191,0.00362938489341922
"ENSG00000138039.15","LHCGR"," protein_coding","chr2",29.9577055984594,-4.46626384985742,1.10203541435768,1.23438545996654e-06,2.02866898463665e-05
"ENSG00000138160.7","KIF11"," protein_coding","chr10",887.845447603681,2.08096832557719,0.311641388303443,1.21802277408159e-12,1.08969314385848e-10
"ENSG00000138180.16","CEP55"," protein_coding","chr10",400.036395026943,2.84374465471584,0.325752330390783,1.40332689426815e-19,8.29889468947627e-17
"ENSG00000138315.13","OIT3"," protein_coding","chr10",9.13974186730646,1.76412428271603,0.714804214053735,0.000394664592136291,0.00271924215723288
"ENSG00000138316.11","ADAMTS14"," protein_coding","chr10",229.642059636884,3.93740659883649,0.482962140234962,2.13454992629096e-17,7.92304058278915e-15
"ENSG00000138346.15","DNA2"," protein_coding","chr10",247.307682982162,1.47311757294207,0.228803695418992,5.85307480363491e-12,4.27237725886246e-10
"ENSG00000138376.11","BARD1"," protein_coding","chr2",743.564898783374,1.06462415763213,0.331468115350493,5.03517928156398e-05,0.000488142373751178
"ENSG00000138435.16","CHRNA1"," protein_coding","chr2",38.4385412542281,1.94735297389177,0.408769052240189,8.95988745494328e-08,2.10802045307098e-06
"ENSG00000138496.16","PARP9"," protein_coding","chr3",4953.07949595289,1.03210157562223,0.288110677984313,1.47926581073739e-05,0.000171757282537233
"ENSG00000138623.10","SEMA7A"," protein_coding","chr15",407.216165906941,1.09369226076981,0.360651397875185,8.29370923059471e-05,0.000739524172667212
"ENSG00000138639.18","ARHGAP24"," protein_coding","chr4",676.799130256415,-1.06551475274942,0.349412800372554,6.99031379712021e-05,0.000641839575514003
"ENSG00000138640.15","FAM13A"," protein_coding","chr4",3100.62513629056,-2.85191809018662,0.323931082246825,5.33246432039946e-20,3.44546319635292e-17
"ENSG00000138678.11","GPAT3"," protein_coding","chr4",364.224548746661,-2.83859478204894,0.38048404955757,0.000384524970327386,0.00265883090362522
"ENSG00000138684.9","IL21"," protein_coding","chr4",4.25720446178046,5.41479143574534,1.83127325595496,7.8237968981719e-05,0.000704101360779251
"ENSG00000138696.11","BMPR1B"," protein_coding","chr4",6888.29952320474,6.16938361424698,0.864233933738045,5.05709088738493e-14,6.7090098156558e-12
"ENSG00000138738.11","PRDM5"," protein_coding","chr4",333.12054888911,-1.14671851831665,0.242172559148389,8.34881006950281e-08,1.98301461917231e-06
"ENSG00000138755.6","CXCL9"," protein_coding","chr4",3399.76030531056,3.50166238242998,0.646834933884564,2.88507625711857e-09,1.0059074743517e-07
"ENSG00000138772.13","ANXA3"," protein_coding","chr4",2417.93309598228,-1.40900243796932,0.392386351416431,1.08015626789797e-05,0.000132377001556825
"ENSG00000138778.13","CENPE"," protein_coding","chr4",365.671450025698,2.04774087752244,0.311515733390742,2.30246900312959e-12,1.91731374673496e-10
"ENSG00000138795.10","LEF1"," protein_coding","chr4",901.522495376606,2.10854231973203,0.496753653557706,9.22827041603096e-07,1.57449184883001e-05
"ENSG00000138829.12","FBN2"," protein_coding","chr5",240.105324455027,1.48745755399068,0.732587498593375,0.00103285935761555,0.00605414895863938
"ENSG00000138944.8","SHISAL1"," protein_coding","chr22",154.5615391267,1.95615492755535,0.514298574449457,5.54268325063266e-06,7.43520804682138e-05
"ENSG00000139055.7","ERP27"," protein_coding","chr12",550.979193805366,1.64906944899756,0.623533645005899,0.000250550473999121,0.0018639566286361
"ENSG00000139163.16","ETNK1"," protein_coding","chr12",5017.96558456454,1.16415455987074,0.432458986462197,0.000226420044873798,0.00171292753375796
"ENSG00000139289.13","PHLDA1"," protein_coding","chr12",3671.63768700369,-1.22254113542251,0.407111375040291,7.80744293609839e-05,0.000702992236086216
"ENSG00000139318.8","DUSP6"," protein_coding","chr12",5191.93489290333,-1.09028173501399,0.351110735524203,5.81635903908483e-05,0.000550416553384076
"ENSG00000139352.4","ASCL1"," protein_coding","chr12",10.821764565476,5.9357358202686,1.1023542314883,0.0105871150927066,0.0398023582887308
"ENSG00000139547.7","RDH16"," protein_coding","chr12",160.823087473343,3.57004985118876,0.540563822785815,1.92589822657934e-12,1.63893939081902e-10
"ENSG00000139572.4","GPR84"," protein_coding","chr12",77.8884146174898,1.46975274336066,0.584762594463415,0.000357114632319683,0.00249501134086225
"ENSG00000139597.18","N4BP2L1"," protein_coding","chr13",1191.60425064221,-1.0075944511421,0.161840323300214,1.98894670608104e-11,1.23481031177711e-09
"ENSG00000139618.16","BRCA2"," protein_coding","chr13",325.923809054283,1.09205553127707,0.323162823878124,2.84141801466173e-05,0.000301337130545782
"ENSG00000139629.16","GALNT6"," protein_coding","chr12",8787.27538888131,1.01087375754194,1.7106096343449,0.00494313634520736,0.0215849972935311
"ENSG00000139714.12","MORN3"," protein_coding","chr12",131.816840175233,1.0303799597854,0.420434811050608,0.000421673875735726,0.00287580594180907
"ENSG00000139725.8","RHOF"," protein_coding","chr12",15.6158376101495,1.40319762294754,0.503841194573983,0.000175847935187008,0.00138561660040874
"ENSG00000139734.19","DIAPH3"," protein_coding","chr13",271.088022663395,1.61638414512052,0.415177064997196,3.9554394289363e-06,5.58289794154598e-05
"ENSG00000139737.22","SLAIN1"," protein_coding","chr13",211.537100043651,-1.82705944590374,0.403080162300331,2.07464893146474e-07,4.36853203788391e-06
"ENSG00000139835.14","GRTP1"," protein_coding","chr13",721.620728735173,1.26895495311942,0.26613433964145,8.36488334871682e-08,1.98543636000053e-06
"ENSG00000139874.6","SSTR1"," protein_coding","chr14",118.955777974278,-3.10646422440064,0.547761039099971,5.13030827416249e-10,2.20989612338029e-08
"ENSG00000139890.10","REM2"," protein_coding","chr14",62.3828205411126,1.67773124377459,0.500204341834411,2.9452093336543e-05,0.000310550918285078
"ENSG00000139946.10","PELI2"," protein_coding","chr14",860.29821966812,-1.79195166096407,0.329368012037953,2.09580902417995e-09,7.64904525760071e-08
"ENSG00000140009.18","ESR2"," protein_coding","chr14",86.4774038557485,-1.9531624267615,0.442917722512396,3.54925636823201e-07,6.94933243232228e-06
"ENSG00000140263.15","SORD"," protein_coding","chr15",1432.36314721398,1.09638345598515,0.602388324287626,0.00155229450770593,0.00843368229030949
"ENSG00000140285.12","FGF7"," protein_coding","chr15",949.015006787188,-1.20356264939472,0.510538269057776,0.000449620977276596,0.00303203044417428
"ENSG00000140332.17","TLE3"," protein_coding","chr15",7419.62547768766,1.40397780434919,0.244269547079714,5.1124329658781e-10,2.20491840064836e-08
"ENSG00000140379.9","BCL2A1"," protein_coding","chr15",158.151922259944,1.39115259106439,0.640511479307465,0.000774224136078051,0.00476451857327102
"ENSG00000140443.15","IGF1R"," protein_coding","chr15",12037.1169450385,1.18555424659766,0.419876974261104,0.000170339322461751,0.00135105917254215
"ENSG00000140451.13","PIF1"," protein_coding","chr15",55.8771082715952,1.14589863729824,0.394823480725074,0.000119664854535118,0.00100704931007834
"ENSG00000140479.18","PCSK6"," protein_coding","chr15",1952.98081779669,1.20777684460345,0.5953722924631,0.00108799301050806,0.00631108298082076
"ENSG00000140525.19","FANCI"," protein_coding","chr15",1014.8433010276,1.4735558313895,0.237486992919798,2.9369065163624e-11,1.71644229920269e-09
"ENSG00000140534.14","TICRR"," protein_coding","chr15",182.129112134464,1.10361303868881,0.309651085518964,1.3982994287449e-05,0.000164048639436242
"ENSG00000140538.16","NTRK3"," protein_coding","chr15",886.996662025349,-1.72036919797806,0.569713090554458,7.12904640879782e-05,0.000652688423640422
"ENSG00000140545.15","MFGE8"," protein_coding","chr15",13885.7340695841,-2.22420620976116,0.235499819752208,1.28003292420935e-22,1.86090119827452e-19
"ENSG00000140623.14","SEPTIN12"," protein_coding","chr16",4.57455637494339,2.98133881009116,1.03753277134556,0.000169857932327358,0.00134785379050122
"ENSG00000140678.17","ITGAX"," protein_coding","chr16",1182.81914831636,1.71561951313128,0.520802276988921,3.59772758792971e-05,0.000367149205236781
"ENSG00000140718.21","FTO"," protein_coding","chr16",5429.01001383438,-1.14405086803959,0.295654998250207,3.81038015534963e-06,5.40219317351905e-05
"ENSG00000140798.16","ABCC12"," protein_coding","chr16",75.9925315408525,2.13934977072581,1.20497846803791,0.00144229127464646,0.00794489814709343
"ENSG00000140848.17","CPNE2"," protein_coding","chr16",2185.97879063464,-1.02939174088308,0.373877542586593,0.000167339387302753,0.00133271822925824
"ENSG00000140876.11","NUDT7"," protein_coding","chr16",103.327122384853,-1.84004076778718,0.328988989539025,8.56601371455398e-10,3.53282251199176e-08
"ENSG00000140937.14","CDH11"," protein_coding","chr16",4255.29164160349,1.57616923263931,0.362818814882929,6.19489743479306e-07,1.11588108620219e-05
"ENSG00000140945.17","CDH13"," protein_coding","chr16",952.216268392806,-1.06083292254866,0.369761281726882,0.000120460461003304,0.00101203610519294
"ENSG00000141052.18","MYOCD"," protein_coding","chr17",110.05314002411,-2.23078641077214,0.399990109372946,9.24332136085259e-10,3.76322900351817e-08
"ENSG00000141293.16","SKAP1"," protein_coding","chr17",855.480734822828,1.88452773215065,0.412225461564037,2.06176214077352e-07,4.34664307273287e-06
"ENSG00000141294.10","LRRC46"," protein_coding","chr17",215.172942412556,2.01559527635717,0.485941678191137,1.38107722549471e-06,2.2360633630968e-05
"ENSG00000141404.17","GNAL"," protein_coding","chr18",592.730942809313,-2.01346616125526,0.33832169474252,1.04582604800408e-10,5.44346281901171e-09
"ENSG00000141424.13","SLC39A6"," protein_coding","chr18",48375.2619002968,2.02858061586097,0.544618235473631,7.4097310787001e-06,9.53996040837362e-05
"ENSG00000141431.12","ASXL3"," protein_coding","chr18",67.4319025080021,-1.89591987282304,0.296208893375499,6.25961329214996e-12,4.50317870879184e-10
"ENSG00000141449.15","GREB1L"," protein_coding","chr18",1212.33580522055,1.32380240434071,0.752484082260161,0.0016936351690096,0.00907581395821134
"ENSG00000141485.17","SLC13A5"," protein_coding","chr17",11.5182676152623,-2.36653272052502,0.472061813106401,2.04527043886404e-08,5.69980278613461e-07
"ENSG00000141526.17","SLC16A3"," protein_coding","chr17",1069.84287441956,1.81251515144819,0.454598389180229,2.73154809035606e-06,4.05042262731038e-05
"ENSG00000141570.11","CBX8"," protein_coding","chr17",419.912210369759,1.11793102015065,0.355781103960383,5.95805599024572e-05,0.000561237936165398
"ENSG00000141574.8","SECTM1"," protein_coding","chr17",1513.4851679126,1.26935268513169,0.372918982356379,2.45421218700777e-05,0.000265931420549342
"ENSG00000141576.16","RNF157"," protein_coding","chr17",585.591905477773,-1.39405795950284,0.695760643902392,0.000909023937129684,0.00545899383655625
"ENSG00000141582.15","CBX4"," protein_coding","chr17",1780.6412241882,1.29817040627858,0.292908227843021,4.31433460131827e-07,8.19308351811139e-06
"ENSG00000141668.10","CBLN2"," protein_coding","chr18",1403.03476224882,7.16587719828149,1.0228546164955,1.27882139025618e-13,1.51252058059079e-11
"ENSG00000141682.12","PMAIP1"," protein_coding","chr18",1057.46448692379,3.20482898964187,0.435360749134553,9.24897070789394e-15,1.56653318917052e-12
"ENSG00000141696.13","P3H4"," protein_coding","chr17",1378.59841353977,1.19689267470245,0.25788241507632,1.71466189379826e-07,3.72285427109615e-06
"ENSG00000141741.12","MIEN1"," protein_coding","chr17",1615.03835039961,1.09040293787254,0.452009641972678,0.000480777983008591,0.00321110731339065
"ENSG00000141854.9","MISP3"," protein_coding","chr19",583.28585970784,1.80520938592331,0.311126247782255,3.21076377835027e-10,1.47597837932041e-08
"ENSG00000141977.9","CIB3"," protein_coding","chr19",24.2128835795115,3.25654078400621,0.720462957403862,3.13548378876743e-07,6.27654416947128e-06
"ENSG00000142025.16","DMRTC2"," protein_coding","chr19",5.82360768704521,3.21919149755494,1.62050245509486,0.00108396907549038,0.00629087907733447
"ENSG00000142102.16","PGGHG"," protein_coding","chr11",4634.12376777873,2.08395851423843,0.466861420365735,3.81529621560188e-07,7.37504156557147e-06
"ENSG00000142197.12","DOP1B"," protein_coding","chr21",3581.45112170148,1.58888953681803,0.353126786157531,3.00614620123107e-07,6.06987541129359e-06
"ENSG00000142224.17","IL19"," protein_coding","chr1",12.2615865233615,4.53620551463028,0.825842311861094,2.61284437345336e-09,9.2553048765646e-08
"ENSG00000142235.12","LMTK3"," protein_coding","chr19",574.712388117117,1.00421793199576,0.760728145648826,0.00296516605188726,0.014260180388201
"ENSG00000142408.6","CACNG8"," protein_coding","chr19",22.078440354954,1.15414703359162,0.439654694381994,0.000256701817446241,0.00190282199118691
"ENSG00000142606.16","MMEL1"," protein_coding","chr1",106.983822148002,1.19122765417472,0.285999045229474,1.30838207132159e-06,2.1342103249407e-05
"ENSG00000142611.17","PRDM16"," protein_coding","chr1",173.13165648738,-1.71151507011555,0.417782690548544,1.42372577204899e-06,2.29446724769336e-05
"ENSG00000142621.19","FHAD1"," protein_coding","chr1",118.582479968713,1.02516219822532,0.483817496410122,0.000886599795296692,0.00534641435494243
"ENSG00000142627.13","EPHA2"," protein_coding","chr1",1473.15358573457,-1.1384610211343,0.223341610509195,1.35039038317237e-08,3.9727209830748e-07
"ENSG00000142661.19","MYOM3"," protein_coding","chr1",183.797797786814,-1.1761552304487,0.4945678955127,0.000435471388464308,0.00295661261235808
"ENSG00000142677.4","IL22RA1"," protein_coding","chr1",94.7468162538404,-1.52850256560944,0.46017782150898,2.8540705296017e-05,0.000302586979180592
"ENSG00000142871.18","CCN1"," protein_coding","chr1",20141.3197229373,-1.56599587435066,0.437406625150253,1.10035370669856e-05,0.000134568668701084
"ENSG00000142910.16","TINAGL1"," protein_coding","chr1",4527.44844920893,-1.54553974639431,0.415462443298174,6.54095941200582e-06,8.57053543116269e-05
"ENSG00000142945.13","KIF2C"," protein_coding","chr1",380.229211517485,2.28180135079353,0.343460508206271,1.54447349635195e-12,1.35058207421594e-10
"ENSG00000143125.6","PROK1"," protein_coding","chr1",27.9415341107911,-3.87911280501651,0.918455474959007,7.03729261964731e-07,1.24386107797424e-05
"ENSG00000143171.13","RXRG"," protein_coding","chr1",71.2660382018803,-3.34932617689763,0.742097606670665,1.91858549503675e-07,4.07930326065371e-06
"ENSG00000143190.23","POU2F1"," protein_coding","chr1",2589.18598243771,1.04494007238132,0.372512272520341,0.000176315603831848,0.00138836103211397
"ENSG00000143195.13","ILDR2"," protein_coding","chr1",49.7738954760994,2.05358303357669,0.357118197647546,4.45830037438203e-10,1.9468655614839e-08
"ENSG00000143196.5","DPT"," protein_coding","chr1",4458.60657459057,-3.31292600244621,0.717293219756108,1.22309242295149e-07,2.76055948803256e-06
"ENSG00000143228.13","NUF2"," protein_coding","chr1",260.65150409114,2.86868838248804,0.4409017874747,3.90865282169498e-12,3.0305956800391e-10
"ENSG00000143320.9","CRABP2"," protein_coding","chr1",16679.2788107392,1.78829762256738,0.545810448930853,4.28898116403181e-05,0.000426587348330199
"ENSG00000143344.16","RGL1"," protein_coding","chr1",2392.63655875612,-1.57086952871033,0.33393810964104,9.44596554765254e-08,2.20306941125097e-06
"ENSG00000143367.16","TUFT1"," protein_coding","chr1",2108.40163192706,1.13446685291789,0.262139811089933,6.30406427998708e-07,1.13203863506448e-05
"ENSG00000143369.15","ECM1"," protein_coding","chr1",6393.76989993674,2.09731675162282,0.636602117072147,3.87195111634086e-05,0.000391810459397474
"ENSG00000143373.18","ZNF687"," protein_coding","chr1",2979.87373291901,1.0517817347247,0.205967985253648,1.33980609500666e-08,3.94490923720483e-07
"ENSG00000143382.15","ADAMTSL4"," protein_coding","chr1",1188.49129343854,-1.45799743815185,0.643397394266322,0.000529611030251997,0.00347808024540692
"ENSG00000143390.18","RFX5"," protein_coding","chr1",2671.32245202872,1.1126221956936,0.238002703686184,1.48476299679826e-07,3.27257521928541e-06
"ENSG00000143412.10","ANXA9"," protein_coding","chr1",1884.43577767553,2.31698992026186,0.364173014944749,9.12398204294746e-12,6.28909886244714e-10
"ENSG00000143418.20","CERS2"," protein_coding","chr1",7422.06579010967,1.42651069938109,0.182295472665785,2.78742505082706e-16,7.48123441910822e-14
"ENSG00000143473.13","KCNH1"," protein_coding","chr1",57.9267202955264,1.72652261992067,0.737684657301753,0.000519422656291665,0.00341953085399253
"ENSG00000143476.18","DTL"," protein_coding","chr1",649.138157207493,2.69477048934338,0.404598792748563,1.34736475028028e-12,1.19317013964542e-10
"ENSG00000143493.13","INTS7"," protein_coding","chr1",1778.17615651059,1.19816586395248,0.208395033191602,4.30289323606444e-10,1.88845594842169e-08
"ENSG00000143512.13","HHIPL2"," protein_coding","chr1",46.2896676491717,2.00910961867411,0.877503986285556,0.000563887880496217,0.00367034056825906
"ENSG00000143549.21","TPM3"," protein_coding","chr1",18940.283389003,1.14985526332727,0.186222971988492,4.49406966178488e-11,2.50483361931847e-09
"ENSG00000143552.9","NUP210L"," protein_coding","chr1",13.0684875809524,1.73470654819771,0.654263088950821,0.000246679418016305,0.00184065260350875
"ENSG00000143578.16","CREB3L4"," protein_coding","chr1",3801.60111202082,1.49048972986595,0.443586555386906,2.85939789695574e-05,0.000303059696302195
"ENSG00000143653.10","SCCPDH"," protein_coding","chr1",5525.41837953312,1.27022115929304,0.276814635361551,2.14071955251636e-07,4.49409421822193e-06
"ENSG00000143742.14","SRP9"," protein_coding","chr1",9719.2487325514,1.00979618004542,0.216816113136188,1.23693668960567e-07,2.78798178533795e-06
"ENSG00000143748.18","NVL"," protein_coding","chr1",1581.5693304459,1.16773397491802,0.252008567124884,1.80785073141108e-07,3.87931856516999e-06
"ENSG00000143797.12","MBOAT2"," protein_coding","chr2",3298.37874008216,1.82803545534005,0.443851400833674,1.49701102653832e-06,2.39377688941102e-05
"ENSG00000143801.18","PSEN2"," protein_coding","chr1",65.8539610662722,1.15836675497965,0.316610388560468,9.64876030966897e-06,0.000119891344716759
"ENSG00000143851.15","PTPN7"," protein_coding","chr1",416.794611485048,1.75492065556546,0.408883881935552,7.32545025650554e-07,1.28632252088442e-05
"ENSG00000143882.12","ATP6V1C2"," protein_coding","chr2",89.4408430166498,-1.01697960484117,0.31444348592066,3.93235844610987e-05,0.000396428542453682
"ENSG00000144031.12","ANKRD53"," protein_coding","chr2",224.27268604712,-3.59934653626741,0.523855477602655,2.29263815728829e-13,2.58040122406276e-11
"ENSG00000144040.13","SFXN5"," protein_coding","chr2",1611.15723050241,1.67120068314973,0.375718376790177,3.81513218963229e-07,7.37504156557147e-06
"ENSG00000144045.14","DQX1"," protein_coding","chr2",56.1206823268812,4.16527683566904,0.769188994168337,3.1460322094775e-09,1.08252672407179e-07
"ENSG00000144130.11","NT5DC4"," protein_coding","chr2",2.48776711338606,1.74685971248892,1.40380488993794,0.00384061317863854,0.0176157268852212
"ENSG00000144136.11","SLC20A1"," protein_coding","chr2",3282.08227406162,1.3462180045381,0.19000773798954,7.30631050867614e-14,9.37222352787571e-12
"ENSG00000144191.12","CNGA3"," protein_coding","chr2",33.8954849501842,4.5469711813889,0.812000474810078,0.00404617443427085,0.0184037377377323
"ENSG00000144229.12","THSD7B"," protein_coding","chr2",251.648398984708,-2.07210584564758,0.380937268094277,2.07087287281751e-09,7.61230791815851e-08
"ENSG00000144339.12","TMEFF2"," protein_coding","chr2",7.8894843550438,-2.90739815204445,0.535287486692626,3.03226024256434e-09,1.0475108131021e-07
"ENSG00000144476.6","ACKR3"," protein_coding","chr2",3504.97380602501,-1.4165855211322,0.570462621346175,0.000321831800764764,0.00229354578259321
"ENSG00000144485.11","HES6"," protein_coding","chr2",215.132174344026,1.97311943410476,0.469457220468205,1.0829163028321e-06,1.80525717735856e-05
"ENSG00000144550.13","CPNE9"," protein_coding","chr3",12.6687184442849,1.2618141844009,0.982951830179238,0.00300240982091079,0.0144134673997521
"ENSG00000144554.12","FANCD2"," protein_coding","chr3",585.58196443934,1.0997385031589,0.335523824401784,3.98233915969852e-05,0.000400888042761227
"ENSG00000144583.5","MARCHF4"," protein_coding","chr2",12.5564689898054,2.88720266107714,0.927859758509724,5.80705249253653e-05,0.00054968493900459
"ENSG00000144596.13","GRIP2"," protein_coding","chr3",105.770018726634,-1.07169132538827,0.436049738466325,0.000363035493314074,0.00252928741957296
"ENSG00000144642.22","RBMS3"," protein_coding","chr3",2127.24984337759,-2.34650861482928,0.328798065758219,3.8257738581046e-14,5.25531794028061e-12
"ENSG00000144655.15","CSRNP1"," protein_coding","chr3",5891.9016941701,-2.11829837038202,0.286659428065279,6.00763207516094e-15,1.08047572543526e-12
"ENSG00000144730.19","IL17RD"," protein_coding","chr3",3152.37753896283,-1.14457231427622,0.511413911067558,0.000590711843708865,0.0038125281055949
"ENSG00000144857.14","BOC"," protein_coding","chr3",2428.99415209255,-1.78100688775934,0.359840457853342,2.79577663440939e-08,7.51521129053761e-07
"ENSG00000144893.12","MED12L"," protein_coding","chr3",125.543860889887,1.57837075150346,0.460317736374253,2.28110122331283e-05,0.00024991520826611
"ENSG00000144908.14","ALDH1L1"," protein_coding","chr3",4006.94477665068,-5.88541865752607,0.821943987422013,2.51484924372576e-14,3.61093024538417e-12
"ENSG00000145063.15","AC062028.1"," lncRNA","chr2",43.1711297855926,3.4853999175082,0.927609912696792,6.93604743042371e-06,9.00653631912593e-05
"ENSG00000145113.22","MUC4"," protein_coding","chr3",198.564905949113,-2.37766261655243,0.792236242438112,6.91729392381937e-05,0.000636307150793519
"ENSG00000145244.12","CORIN"," protein_coding","chr4",176.557546589427,1.91793063883225,0.509936549667758,6.64362044487021e-06,8.67849348341319e-05
"ENSG00000145335.17","SNCA"," protein_coding","chr4",176.479946091043,-1.3151880619577,0.360266256988524,8.77270050843149e-06,0.000110861388424369
"ENSG00000145362.20","ANK2"," protein_coding","chr4",2217.71630974017,-1.90058487874516,0.495348600984185,4.05345403541793e-06,5.70048628576248e-05
"ENSG00000145386.11","CCNA2"," protein_coding","chr4",319.120657218756,1.91288353251202,0.306778028184963,2.22216597004432e-11,1.35785626726473e-09
"ENSG00000145675.15","PIK3R1"," protein_coding","chr5",14382.4834363043,-1.13711473273942,0.253109614872845,2.5344603523875e-07,5.2232638012494e-06
"ENSG00000145681.11","HAPLN1"," protein_coding","chr5",38.3737555336881,2.49745571774622,0.8088718780708,6.49251429213064e-05,0.000603919797831858
"ENSG00000145708.11","CRHBP"," protein_coding","chr5",217.871353496892,-3.50384500639923,0.619503319501021,5.22885283123917e-10,2.24679684895032e-08
"ENSG00000145777.15","TSLP"," protein_coding","chr5",121.092288364919,-3.00873050092285,0.478135897452052,1.19818347359479e-11,8.02414963093969e-10
"ENSG00000145808.10","ADAMTS19"," protein_coding","chr5",74.1027310734562,2.86387223465089,0.759087558583881,6.24636861587391e-06,8.24913124059261e-05
"ENSG00000145908.12","ZNF300"," protein_coding","chr5",249.324724133268,-1.02768943797386,0.356667526617002,0.000116515413491662,0.000985297937987782
"ENSG00000145911.6","N4BP3"," protein_coding","chr5",1351.69625420113,1.90060543595853,0.358933259527124,5.44324085043608e-09,1.77167681720607e-07
"ENSG00000145936.9","KCNMB1"," protein_coding","chr5",1211.94087943471,-2.66260197406583,0.457903088386316,2.2710407393908e-10,1.07661525051745e-08
"ENSG00000146005.4","PSD2"," protein_coding","chr5",71.8625997475977,-2.80235590730062,0.519551466259898,2.65945282121203e-09,9.3917984195252e-08
"ENSG00000146072.6","TNFRSF21"," protein_coding","chr6",3234.41570760284,-1.44324516149041,0.308829987205659,1.09116710526835e-07,2.49979720747983e-06
"ENSG00000146094.15","DOK3"," protein_coding","chr5",426.740957102287,1.01682616397036,0.410206033031026,0.000406847070795868,0.00278886073617655
"ENSG00000146122.17","DAAM2"," protein_coding","chr6",1715.73157250407,-1.85548314255343,0.421634881095244,3.7804977239629e-07,7.33214819826511e-06
"ENSG00000146147.15","MLIP"," protein_coding","chr6",23.3621653682448,-3.0167434671547,0.491527306375747,3.24430560412983e-11,1.87756600693509e-09
"ENSG00000146197.9","SCUBE3"," protein_coding","chr6",304.701397751958,1.37373219034903,0.499261186838895,0.000187982048122875,0.00146796813810547
"ENSG00000146233.8","CYP39A1"," protein_coding","chr6",242.357039295289,-3.15096979034233,0.352600101720293,1.66937862444803e-20,1.16492579171233e-17
"ENSG00000146278.11","PNRC1"," protein_coding","chr6",5678.1993093906,-1.29691369318462,0.174024038912267,3.92800807102399e-15,7.49539172478455e-13
"ENSG00000146281.6","PM20D2"," protein_coding","chr6",914.187049575849,-1.18647572469832,0.402335879405784,9.41615847772899e-05,0.000821758843037624
"ENSG00000146374.14","RSPO3"," protein_coding","chr6",462.99046187687,-2.33908590835296,0.338654624196447,1.9429381965248e-13,2.22265759393268e-11
"ENSG00000146410.12","MTFR2"," protein_coding","chr6",59.0172054136505,1.41319941229872,0.276163591823267,1.33853350706296e-08,3.94449092862617e-07
"ENSG00000146411.6","SLC2A12"," protein_coding","chr6",151.4572670589,-2.22699281629082,0.576304070654903,3.53293112767949e-06,5.04987709856064e-05
"ENSG00000146476.11","ARMT1"," protein_coding","chr6",3769.02629362633,1.288200385056,0.452328730867253,0.000145378212781496,0.00118343860090393
"ENSG00000146477.6","SLC22A3"," protein_coding","chr6",429.790275549773,-2.76227749961938,0.648691805139199,6.51970135897308e-07,1.16775616075939e-05
"ENSG00000146530.14","VWDE"," protein_coding","chr7",194.239277749428,-2.27579818240324,0.830596573235957,0.000146363307646242,0.00119066499582304
"ENSG00000146592.17","CREB5"," protein_coding","chr7",1005.64499164249,-2.36193908985444,0.44862044181044,5.11993849969293e-09,1.6757952550918e-07
"ENSG00000146648.19","EGFR"," protein_coding","chr7",6579.25514088803,-2.19932697002858,0.490136422833409,2.47050289203839e-07,5.11259290664956e-06
"ENSG00000146670.10","CDCA5"," protein_coding","chr11",515.301578331031,2.1726769328233,0.304037756114915,4.64352971996517e-14,6.18387005569865e-12
"ENSG00000146674.15","IGFBP3"," protein_coding","chr7",10462.605196283,-1.27439602927222,0.377386895542182,2.33856548885399e-05,0.000254828203230717
"ENSG00000146678.10","IGFBP1"," protein_coding","chr7",30.08005108321,-3.85381285419648,1.0079475627235,3.80309095011574e-06,5.39405066424749e-05
"ENSG00000146839.19","ZAN"," protein_coding","chr7",6.27556074951434,1.55771200840047,0.757793964664858,0.00106527774984271,0.00620407377228544
"ENSG00000146955.11","RAB19"," protein_coding","chr7",161.847702272432,1.53360994925513,0.598280621067269,0.000315049286983697,0.00225253784265331
"ENSG00000147027.4","TMEM47"," protein_coding","chrX",2662.69531131656,-1.77328975114853,0.285495045039896,2.09802493346882e-11,1.29104387925327e-09
"ENSG00000147100.11","SLC16A2"," protein_coding","chrX",1954.28099889478,-1.01176777598805,0.396684050034565,0.000288437051189136,0.00209489116424649
"ENSG00000147113.17","DIPK2B"," protein_coding","chrX",3062.12512395738,-1.77374971390464,0.3553222787561,2.21438011169191e-08,6.11249497444956e-07
"ENSG00000147119.4","CHST7"," protein_coding","chrX",348.095478940702,-1.34258865880286,0.411439013372716,3.40496035636525e-05,0.000350346422276437
"ENSG00000147168.13","IL2RG"," protein_coding","chrX",315.308265770654,1.11797934650463,0.485132401640032,0.000584500489937802,0.0037812225843491
"ENSG00000147234.10","FRMPD3"," protein_coding","chrX",167.371179928847,1.94922249498683,0.719116820385019,0.000204468541755138,0.00157228379507776
"ENSG00000147251.15","DOCK11"," protein_coding","chrX",3216.57836848036,-2.18908323520303,0.514638000791737,7.1171848391259e-07,1.25607332433961e-05
"ENSG00000147255.19","IGSF1"," protein_coding","chrX",382.345922793579,1.20559829839704,0.805079852304051,1.91392838217393e-05,0.000214792136321745
"ENSG00000147257.15","GPC3"," protein_coding","chrX",4971.3067716459,-2.54978080899599,0.598146755300332,6.30201743213277e-07,1.13203863506448e-05
"ENSG00000147434.9","CHRNA6"," protein_coding","chr8",39.8765742371487,6.16124235865839,0.668666916083149,5.54888028927589e-21,4.40013595848011e-18
"ENSG00000147526.20","TACC1"," protein_coding","chr8",11216.2677322707,-1.53642545899615,0.436351738801871,1.36881994383845e-05,0.000161295159272096
"ENSG00000147570.10","DNAJC5B"," protein_coding","chr8",34.4064638573662,2.46147591244578,0.560415396256082,4.73392176829669e-07,8.85636806528899e-06
"ENSG00000147614.4","ATP6V0D2"," protein_coding","chr8",35.0073369346411,3.01258028278188,0.780374603821337,0.00272042118474086,0.013299455731651
"ENSG00000147676.14","MAL2"," protein_coding","chr8",8512.82518361244,1.93645314810316,0.316969807596605,5.52529426210511e-11,3.0311799072187e-09
"ENSG00000147799.11","ARHGAP39"," protein_coding","chr8",842.310328257339,1.21289822152337,0.341937749451159,1.46977815807842e-05,0.000170940099045048
"ENSG00000147804.10","SLC39A4"," protein_coding","chr8",565.381676753512,1.03495892263873,0.275233822447699,6.59267289188143e-06,8.61839452493949e-05
"ENSG00000147862.17","NFIB"," protein_coding","chr9",10458.5711157591,-2.94810742517112,0.33577193763463,6.60536906925126e-20,4.11549878920082e-17
"ENSG00000147872.10","PLIN2"," protein_coding","chr9",5274.04097239939,-1.65903837116235,0.438519363327677,5.07333594272995e-06,6.91190020998792e-05
"ENSG00000148053.17","NTRK2"," protein_coding","chr9",12310.4361768642,-3.62024415299402,0.383973694360259,1.64767586163936e-22,2.29956233953836e-19
"ENSG00000148143.13","ZNF462"," protein_coding","chr9",1345.35862064811,-1.6350728810146,0.312421217405328,6.3346401034408e-09,2.02215853475895e-07
"ENSG00000148154.10","UGCG"," protein_coding","chr9",8801.33907888362,1.93224165272849,0.377838620315603,1.37684110575198e-08,4.04371742599263e-07
"ENSG00000148180.21","GSN"," protein_coding","chr9",106806.053591158,-2.80973789007043,0.416114637112672,6.39897259750902e-13,6.30696477117760e-11
"ENSG00000148339.12","SLC25A25"," protein_coding","chr9",2389.06065816714,-1.15878437888958,0.385420306726951,7.44378839695666e-05,0.0006751266466291
"ENSG00000148357.16","HMCN2"," protein_coding","chr9",472.988908204294,-1.04986375826778,1.0402355676707,0.00319720526615785,0.0151815036665097
"ENSG00000148468.17","FAM171A1"," protein_coding","chr10",1588.83405920986,-1.4496023633641,0.323744898257008,2.75945884888484e-07,5.64693716694669e-06
"ENSG00000148483.9","TMEM236"," protein_coding","chr10",24.0727566814573,-1.47564946764457,0.579307546132642,0.000279762185682462,0.00203910223953348
"ENSG00000148541.13","FAM13C"," protein_coding","chr10",296.856307972667,-1.81924291167748,0.308794635468248,1.48726590150813e-10,7.49887204761853e-09
"ENSG00000148700.15","ADD3"," protein_coding","chr10",4792.46371134134,-1.35948362736569,0.36490420227041,6.54418714174353e-06,8.57053543116269e-05
"ENSG00000148737.17","TCF7L2"," protein_coding","chr10",2756.20220422438,-1.06386871340831,0.251890438720343,8.42825447932239e-07,1.453634340277e-05
"ENSG00000148773.14","MKI67"," protein_coding","chr10",2002.83968187745,2.84742736873033,0.402935867676831,8.52685557873101e-14,1.08185642908183e-11
"ENSG00000148848.14","ADAM12"," protein_coding","chr10",4465.33603360951,1.66550408170161,0.517089363395666,4.70648108114042e-05,0.000460757102699412
"ENSG00000148935.11","GAS2"," protein_coding","chr11",92.5590257199903,-1.21352337789411,0.3121301520248,3.60215559878824e-06,5.12991065295186e-05
"ENSG00000149090.12","PAMR1"," protein_coding","chr11",1776.61103900313,-3.06353037135306,0.333627852564528,1.71944045587983e-21,1.71408562703152e-18
"ENSG00000149177.13","PTPRJ"," protein_coding","chr11",2561.92061479933,1.08575893010557,0.319624299065162,2.53366134096282e-05,0.000273267319466874
"ENSG00000149212.12","SESN3"," protein_coding","chr11",4094.07257434634,1.00987400631187,0.327484433135488,0.000355393709835577,0.00248448045078604
"ENSG00000149231.15","CCDC82"," protein_coding","chr11",1034.98002731562,-1.56012174649553,0.280802740991969,1.08201489773529e-09,4.30474136794549e-08
"ENSG00000149243.16","KLHL35"," protein_coding","chr11",258.868452604691,1.96270442477074,0.346935105021133,7.09890043853538e-10,2.97344219929097e-08
"ENSG00000149269.10","PAK1"," protein_coding","chr11",4647.84956698313,1.24638719438347,0.392980730073376,6.07131010871697e-05,0.000570673709599256
"ENSG00000149289.11","ZC3H12C"," protein_coding","chr11",629.284101797715,-1.52818399714384,0.373024674686238,1.42000566524057e-06,2.28962442181898e-05
"ENSG00000149295.14","DRD2"," protein_coding","chr11",127.492735155355,-3.60674890997916,0.558933303703075,4.11338440015565e-12,3.1612355750183e-10
"ENSG00000149346.15","SLX4IP"," protein_coding","chr20",840.909034628078,1.08083968817637,0.226532254634283,7.7477226425914e-08,1.85918700634564e-06
"ENSG00000149380.12","P4HA3"," protein_coding","chr11",320.834984879889,3.02518564722641,0.451834178854008,1.01388069063333e-12,9.30929241497044e-11
"ENSG00000149403.13","GRIK4"," protein_coding","chr11",198.281672239863,2.3584663061365,0.483767282337978,4.83714381359051e-08,1.22210561042713e-06
"ENSG00000149451.18","ADAM33"," protein_coding","chr20",919.908837981156,-2.22769053091985,0.502115671194157,3.11018092397475e-07,6.23662773668982e-06
"ENSG00000149488.13","TMC2"," protein_coding","chr20",40.2535744052808,-3.28310897514652,0.545235693264649,6.10530968666285e-11,3.32325055034873e-09
"ENSG00000149531.15","FRG1BP"," unprocessed_pseudogene","chr20",370.495415472487,-1.07288457182332,0.566438426818694,0.00117376368558109,0.00671153535785151
"ENSG00000149554.13","CHEK1"," protein_coding","chr11",416.925221038616,1.16271899852673,0.259774575976471,3.05681508164319e-07,6.14374049617584e-06
"ENSG00000149575.9","SCN2B"," protein_coding","chr11",191.944355617437,-2.80658600652419,0.540339131320201,7.26776435823845e-09,2.29691636071828e-07
"ENSG00000149582.16","TMEM25"," protein_coding","chr11",3350.20406045036,1.18401742753404,0.299249996463894,3.28341005203512e-06,4.73394463328749e-05
"ENSG00000149591.17","TAGLN"," protein_coding","chr11",23171.4551579883,-1.63859633381384,0.303157799135945,2.50025859506281e-09,8.92901971753702e-08
"ENSG00000149596.7","JPH2"," protein_coding","chr20",1111.3746932847,-3.32871689805088,0.436223097660815,9.09048146207474e-16,2.10050323637914e-13
"ENSG00000149609.6","C20orf144"," protein_coding","chr20",12.8809445981663,1.85857698512607,0.435771757835876,1.01638318288907e-06,1.71151668118642e-05
"ENSG00000149923.14","PPP4C"," protein_coding","chr16",5045.4944049576,1.05635601523453,0.2345869252058,3.66237400175125e-07,7.14275524287887e-06
"ENSG00000149926.13","TLCD3B"," protein_coding","chr16",58.198369936671,2.65611130677657,0.689058388279518,4.77151858874922e-06,6.56737889862126e-05
"ENSG00000149927.18","DOC2A"," protein_coding","chr16",165.240504912743,1.95066635595087,0.556783381319833,1.74447039744476e-05,0.000198455548214037
"ENSG00000149970.16","CNKSR2"," protein_coding","chrX",154.973430810014,-2.77799733304387,0.40604094681001,3.0163795438361e-13,3.31355663231945e-11
"ENSG00000149972.11","CNTN5"," protein_coding","chr11",18.5038205393736,2.63189089682095,1.34004189820975,0.000998423425872337,0.00588843673970786
"ENSG00000150048.10","CLEC1A"," protein_coding","chr12",358.821267021359,-1.68202286101786,0.384722264769863,4.33934262287779e-07,8.21954416149995e-06
"ENSG00000150667.8","FSIP1"," protein_coding","chr15",699.703682746361,3.15923738952286,0.693021988303807,2.21474297778991e-07,4.6411169512353e-06
"ENSG00000150676.13","CCDC83"," protein_coding","chr11",6.98744427585379,2.39295899367227,0.857036444800815,0.000193162409289616,0.00150103109633051
"ENSG00000150782.12","IL18"," protein_coding","chr11",746.856777316834,2.24700891378075,0.477426868128995,1.09209159261303e-07,2.50027347492527e-06
"ENSG00000150873.12","C2orf50"," protein_coding","chr2",255.392118212897,3.02063784908222,0.672464932467547,3.00340562450551e-07,6.06903973939181e-06
"ENSG00000151012.13","SLC7A11"," protein_coding","chr4",191.062479244673,1.28417519852632,0.625381653731226,0.00100554187582412,0.00592541151653089
"ENSG00000151023.17","ENKUR"," protein_coding","chr10",25.9131481146027,1.09891794152272,0.822363564059006,0.00296826363765734,0.0142731100580902
"ENSG00000151491.14","EPS8"," protein_coding","chr12",4485.32377600775,-1.61343175383377,0.286940246289928,7.44445948909377e-10,3.11071420399965e-08
"ENSG00000151623.15","NR3C2"," protein_coding","chr4",957.369673815899,-2.62111105874903,0.316675624777226,5.34096648358116e-18,2.35888179213456e-15
"ENSG00000151651.16","ADAM8"," protein_coding","chr10",862.07536960804,2.60733191791972,0.420119284386945,2.65739926934271e-11,1.58224091990847e-09
"ENSG00000151715.8","TMEM45B"," protein_coding","chr11",1423.23920813751,1.88950311052676,0.835669685355582,0.000647236986569631,0.00410968984502293
"ENSG00000151725.12","CENPU"," protein_coding","chr4",504.042393305785,1.49846844604432,0.304916700656296,3.92187364524307e-08,1.01662773667293e-06
"ENSG00000151790.9","TDO2"," protein_coding","chr4",112.050651278379,3.66068171497758,0.590343063747098,2.9187953926623e-11,1.7087196316339e-09
"ENSG00000151892.15","GFRA1"," protein_coding","chr10",22501.4668315468,2.84295937509888,0.480443586572974,1.49973528999605e-10,7.55083174650102e-09
"ENSG00000151962.8","RBM46"," protein_coding","chr4",4.24686649270963,-2.34391946275539,0.795404515291263,0.000121985418890544,0.00102263172765737
"ENSG00000152049.6","KCNE4"," protein_coding","chr2",3121.33298587249,2.8655243459974,0.657441418411004,5.3473921043586e-07,9.8665181339596e-06
"ENSG00000152076.19","CCDC74B"," protein_coding","chr2",257.007246067726,1.34308706868553,0.514860888916594,0.000279357643699795,0.00203743050717591
"ENSG00000152086.9","TUBA3E"," protein_coding","chr2",37.1066241030496,2.37289865083619,1.03895980752291,0.00056429918978797,0.00367194386999106
"ENSG00000152213.4","ARL11"," protein_coding","chr13",202.070636430385,1.33949730743495,0.604888694916353,0.000717140146333993,0.00446976363803847
"ENSG00000152253.9","SPC25"," protein_coding","chr2",188.529331033812,2.55153108118709,0.394480850891693,5.05554350380418e-12,3.77715135741395e-10
"ENSG00000152270.9","PDE3B"," protein_coding","chr11",3002.43913004757,-3.43692108011526,0.703183758541599,3.26594712207009e-08,8.60016309706773e-07
"ENSG00000152284.5","TCF7L1"," protein_coding","chr2",2422.61975542884,-1.4280670059642,0.361380077976449,2.67865472237986e-06,3.98214494753114e-05
"ENSG00000152315.5","KCNK13"," protein_coding","chr14",202.594404536316,2.01476426226006,0.655529314244902,7.21669729942362e-05,0.000658902301278165
"ENSG00000152463.15","OLAH"," protein_coding","chr10",10.5300618393736,-2.86136409494605,0.637704525262725,2.92237538195757e-07,5.93507563747856e-06
"ENSG00000152465.18","NMT2"," protein_coding","chr10",2124.87824791703,-2.24927917402262,0.398895757278982,6.39762704790561e-10,2.71556697479896e-08
"ENSG00000152492.15","CCDC50"," protein_coding","chr3",5908.1013554006,-1.27964380763109,0.265343515714632,5.36602179764908e-08,1.33924081932599e-06
"ENSG00000152518.8","ZFP36L2"," protein_coding","chr2",11060.4229017413,-1.21959617192466,0.314221599471873,3.06284771423046e-06,4.45150122171932e-05
"ENSG00000152527.14","PLEKHH2"," protein_coding","chr2",903.614297535064,-1.16132972200624,0.475910450279047,0.000372391323797405,0.0025862073404887
"ENSG00000152580.8","IGSF10"," protein_coding","chr3",931.442787846872,-2.2128291350526,0.566578386172745,2.99554002156452e-06,4.36945597376287e-05
"ENSG00000152583.12","SPARCL1"," protein_coding","chr4",34516.3587185682,-1.54844069144522,0.305459745318584,1.51616739155311e-08,4.40838303822328e-07
"ENSG00000152592.14","DMP1"," protein_coding","chr4",2.89319361828408,2.91686005483912,1.01820919761671,0.000149119205193108,0.00120998097404482
"ENSG00000152611.12","CAPSL"," protein_coding","chr5",33.1780437087105,3.20254695765759,0.80030610968028,2.70460203731854e-06,4.01709603158487e-05
"ENSG00000152669.9","CCNO"," protein_coding","chr5",288.32364523901,1.8108775264655,0.777370213534981,0.000536787177586593,0.00351917350867603
"ENSG00000152672.8","CLEC4F"," protein_coding","chr2",55.2612328179587,-1.73551641145294,0.362780776701277,6.46011202094862e-08,1.57512067451375e-06
"ENSG00000152766.6","ANKRD22"," protein_coding","chr10",329.554880737493,1.35781676781633,0.741480362070434,0.00146277663121558,0.008041238292066
"ENSG00000152785.8","BMP3"," protein_coding","chr4",46.5658718961007,-5.0382466341634,0.606316489916863,6.50151243714271e-07,1.16569512047454e-05
"ENSG00000152818.18","UTRN"," protein_coding","chr6",10253.7576013328,-1.09613741614663,0.295769419607488,7.20870241928592e-06,9.31551244856686e-05
"ENSG00000152932.8","RAB3C"," protein_coding","chr5",194.60997143144,-1.76324035998777,0.546595985218068,3.68903546653104e-05,0.000375478811151501
"ENSG00000153060.8","TEKT5"," protein_coding","chr16",24.3446841201962,1.24155330425388,0.722786101604663,0.00183700509075458,0.0096922644218234
"ENSG00000153086.14","ACMSD"," protein_coding","chr2",41.241556104001,1.79202275557512,0.866530476182911,0.000937832148285165,0.00559253144519188
"ENSG00000153132.13","CLGN"," protein_coding","chr4",487.292140892055,2.6184279561273,0.57817022837296,2.59526661644618e-07,5.33005939262489e-06
"ENSG00000153162.9","BMP6"," protein_coding","chr6",604.154189455445,-2.27111506052041,0.4262474506328,3.63890624297243e-09,1.22790210564363e-07
"ENSG00000153246.13","PLA2R1"," protein_coding","chr2",2202.45779233476,-1.3061849611148,0.312587559553091,1.0777535596065e-06,1.79851769061297e-05
"ENSG00000153291.16","SLC25A27"," protein_coding","chr6",309.788951475017,-2.67926666147376,0.369001147988698,1.54960053541757e-14,2.44647566883504e-12
"ENSG00000153294.12","ADGRF4"," protein_coding","chr6",25.0584818403099,1.89925727416829,1.39458869363456,0.00251454878125511,0.0125101664031192
"ENSG00000153303.17","FRMD1"," protein_coding","chr6",301.471075485367,-3.78112838570353,0.806964817819979,8.50034556445507e-08,2.01211368445998e-06
"ENSG00000153395.10","LPCAT1"," protein_coding","chr5",3779.85503742682,1.12541480724561,0.285764530252919,3.45477261233494e-06,4.9482952059515e-05
"ENSG00000153551.14","CMTM7"," protein_coding","chr3",1568.77767479242,-1.6651704179893,0.340230100600403,3.43948969598618e-08,9.0298897654367e-07
"ENSG00000153814.13","JAZF1"," protein_coding","chr7",890.40632621643,-1.05915608891233,0.273431482643469,3.7893730827821e-06,5.37677983860716e-05
"ENSG00000153820.13","SPHKAP"," protein_coding","chr2",143.859315403152,-5.93294223992083,0.763159735309602,2.96092316948937e-16,7.88622674096591e-14
"ENSG00000153822.14","KCNJ16"," protein_coding","chr17",188.207893652396,-4.07681746319365,0.650370843520481,1.39889013343621e-11,9.14020143178327e-10
"ENSG00000153823.19","PID1"," protein_coding","chr2",1033.51167113318,-3.01502835267956,0.46754967416789,4.27343191929451e-12,3.26983142754616e-10
"ENSG00000153898.13","MCOLN2"," protein_coding","chr1",160.931588657528,1.634451910019,0.359462420548836,2.35604626313805e-07,4.9018968495617e-06
"ENSG00000153944.12","MSI2"," protein_coding","chr17",6899.18493276685,1.61742284703381,0.3746303840191,6.9399240816205e-07,1.22976582596151e-05
"ENSG00000153956.16","CACNA2D1"," protein_coding","chr7",1562.37986791659,-2.06253872491765,0.429324269539816,5.54522739749405e-08,1.37707138167947e-06
"ENSG00000153993.13","SEMA3D"," protein_coding","chr7",510.942329109167,-1.60605596117946,0.538633404531421,8.11569789165276e-05,0.000726622568995782
"ENSG00000154040.21","CABYR"," protein_coding","chr18",276.203799859613,1.02886956926081,0.539783102110204,0.00131965236254478,0.00739919797229917
"ENSG00000154065.17","ANKRD29"," protein_coding","chr18",778.402253681721,-1.72385106926375,0.403677749492478,6.8493233409038e-07,1.2167460563702e-05
"ENSG00000154080.14","CHST9"," protein_coding","chr18",448.565543479432,-3.29612830285858,0.756916092110256,4.08709319513705e-07,7.8224228563646e-06
"ENSG00000154133.15","ROBO4"," protein_coding","chr11",2593.80591147949,-1.62422259979781,0.415554386797604,3.01950131320074e-06,4.40072766578475e-05
"ENSG00000154134.15","ROBO3"," protein_coding","chr11",467.744171657905,-2.13156178246406,0.269534568185634,1.05807410021231e-16,3.35611485731888e-14
"ENSG00000154188.10","ANGPT1"," protein_coding","chr8",830.342384996273,-3.34246587919161,0.503391776956455,1.1522409283152e-12,1.03616551853227e-10
"ENSG00000154229.12","PRKCA"," protein_coding","chr17",683.92732951399,-1.30060243189664,0.326880323756782,2.42886078069668e-06,3.64810079635333e-05
"ENSG00000154240.17","CEP112"," protein_coding","chr17",620.882635670633,-1.88499644014571,0.339226848856487,1.05280672966485e-09,4.20291528658311e-08
"ENSG00000154252.12","GAL3ST2"," protein_coding","chr2",21.2084818547184,5.3290805453976,0.815987216862952,7.42678459452538e-12,5.27755481237444e-10
"ENSG00000154258.17","ABCA9"," protein_coding","chr17",1442.73534382229,-3.27683518957627,0.436880628334013,2.43460463842437e-15,5.05629704995623e-13
"ENSG00000154262.13","ABCA6"," protein_coding","chr17",1340.07128837888,-2.58558178499693,0.459570862601548,6.76905536422098e-10,2.85240471875645e-08
"ENSG00000154263.17","ABCA10"," protein_coding","chr17",472.602627270847,-3.04984267962612,0.378860197124452,3.21402365320385e-17,1.15608762148387e-14
"ENSG00000154265.16","ABCA5"," protein_coding","chr17",1698.6451029123,-1.32028511823511,0.2037845498932,3.94287927637883e-12,3.05035478563489e-10
"ENSG00000154330.13","PGM5"," protein_coding","chr9",1492.35116867143,-2.55379489877565,0.379763315898211,6.81496453386135e-13,6.66053018350018e-11
"ENSG00000154370.16","TRIM11"," protein_coding","chr1",1178.19489643275,1.09164086958686,0.194161134884873,8.31957103325797e-10,3.43524441327105e-08
"ENSG00000154451.14","GBP5"," protein_coding","chr1",692.423749058146,2.37827873902415,0.587252044610531,2.13982641243824e-06,3.26456857701716e-05
"ENSG00000154478.4","GPR26"," protein_coding","chr10",4.9241771689301,2.28374339042958,0.659197158544969,0.00510842405192067,0.0221827036211032
"ENSG00000154529.15","CNTNAP3B"," protein_coding","chr9",150.152241860719,-2.64102431158062,0.470681672650321,7.61948929223823e-10,3.18004307291249e-08
"ENSG00000154553.16","PDLIM3"," protein_coding","chr4",3150.24609605673,-1.61901548403029,0.50179158765797,3.63006263442594e-05,0.000369908047248118
"ENSG00000154645.14","CHODL"," protein_coding","chr21",80.5930064981179,-2.30008411579853,0.476850957318801,4.98219819586454e-08,1.25330841565905e-06
"ENSG00000154654.15","NCAM2"," protein_coding","chr21",697.579440171805,1.32376927218694,0.574429176938657,0.00058652576581946,0.00379041868775825
"ENSG00000154678.18","PDE1C"," protein_coding","chr7",785.966306540887,-3.23633854123923,0.524663257365688,2.52896070369294e-11,1.5203239285038e-09
"ENSG00000154721.15","JAM2"," protein_coding","chr21",2321.33800132953,-1.68596692247028,0.300702773326288,8.03287640431152e-10,3.33183502845442e-08
"ENSG00000154839.10","SKA1"," protein_coding","chr18",128.859242419792,2.52745915364451,0.329886275807671,1.03801268701564e-15,2.35177277030278e-13
"ENSG00000154856.13","APCDD1"," protein_coding","chr18",4017.40664316952,-2.92159522922872,0.4255069498971,3.02836202598311e-13,3.31355663231945e-11
"ENSG00000154864.13","PIEZO2"," protein_coding","chr18",2291.89042028703,2.6436128525712,0.603705795264505,5.16975331410222e-07,9.5640436310891e-06
"ENSG00000154917.11","RAB6B"," protein_coding","chr3",568.786259081726,-1.95467755484928,0.316309331834645,2.53162191528104e-11,1.5203239285038e-09
"ENSG00000154920.15","EME1"," protein_coding","chr17",71.8095778358492,1.76195639979027,0.353689580948551,2.90689601751152e-08,7.75416735068766e-07
"ENSG00000154928.18","EPHB1"," protein_coding","chr3",545.346296726775,-2.96740408881392,0.466533352526765,7.63880829977797e-12,5.38435677550612e-10
"ENSG00000155016.18","CYP2U1"," protein_coding","chr4",958.418758392212,-1.28133143651271,0.285645369041333,2.70218727588472e-07,5.53948391556368e-06
"ENSG00000155367.15","PPM1J"," protein_coding","chr1",234.81524424857,2.29662061085844,0.441907469928496,9.28198687756844e-09,2.87107982398263e-07
"ENSG00000155530.3","LRGUK"," protein_coding","chr7",84.9600580368398,1.10499495640814,0.641579178139632,0.00179240776827674,0.00951451383583506
"ENSG00000155659.15","VSIG4"," protein_coding","chrX",1603.71555758801,-1.29613480867038,0.659904230415408,0.000992518324054374,0.00586054439745831
"ENSG00000155755.19","TMEM237"," protein_coding","chr2",1674.11794350537,-1.09834446975584,0.191231644933706,3.7352488653121e-10,1.67299830756873e-08
"ENSG00000155760.2","FZD7"," protein_coding","chr2",4211.94072430752,-1.32172403139549,0.409420450314254,3.84572928501284e-05,0.000389382880102679
"ENSG00000155886.11","SLC24A2"," protein_coding","chr9",147.299113272121,4.31343312768426,0.80139612654147,2.73669883601537e-09,9.63533391396695e-08
"ENSG00000155966.14","AFF2"," protein_coding","chrX",144.416708748774,-1.58622922974836,0.475434336546391,2.62361962770743e-05,0.000281837168812623
"ENSG00000155970.12","MICU3"," protein_coding","chr8",265.078557961193,-2.34203577473177,0.365124800352345,5.5045660557358e-12,4.06955212871189e-10
"ENSG00000156006.5","NAT2"," protein_coding","chr8",31.1370409277801,2.11824173537642,0.860423966084907,0.000397190973170233,0.00273341030471057
"ENSG00000156011.17","PSD3"," protein_coding","chr8",3048.84717972863,1.11729323314692,0.604732060576998,0.00148654446947925,0.00815006648092402
"ENSG00000156076.10","WIF1"," protein_coding","chr12",1175.6956627572,-4.34566624188064,1.25018174936891,1.06714556232816e-05,0.000130907740816484
"ENSG00000156140.10","ADAMTS3"," protein_coding","chr4",204.994408265037,-1.27447594590612,0.475380496777784,0.000200559094781468,0.00154850793892901
"ENSG00000156222.12","SLC28A1"," protein_coding","chr15",12.6123504846139,-1.2832326702462,0.580152068807347,0.000666752315808958,0.00421595778377861
"ENSG00000156284.6","CLDN8"," protein_coding","chr21",1176.09211586122,-3.56335478402174,0.75316187147119,6.97612213915108e-08,1.69030470525778e-06
"ENSG00000156298.13","TSPAN7"," protein_coding","chrX",1540.05658373255,-2.07596231060241,0.442492034920569,9.58984307604647e-08,2.23214953146323e-06
"ENSG00000156395.13","SORCS3"," protein_coding","chr10",8.3204239620314,1.7957559914419,1.18177850825296,0.00226132720203695,0.0114863833754944
"ENSG00000156398.13","SFXN2"," protein_coding","chr10",1718.18499075106,1.26120146696403,0.429509583905508,0.000115136237926622,0.00097481642259106
"ENSG00000156509.14","FBXO43"," protein_coding","chr8",28.2886834584925,2.14340875623093,0.463111287748127,1.65010061961565e-07,3.59610622854526e-06
"ENSG00000156564.9","LRFN2"," protein_coding","chr6",20.4421089110382,1.92878184704981,0.721100083201417,0.000230989471190995,0.00174371562945154
"ENSG00000156587.16","UBE2L6"," protein_coding","chr11",5753.56978148362,1.24386923059414,0.296167187680956,1.10248561255626e-06,1.83001072824455e-05
"ENSG00000156650.14","KAT6B"," protein_coding","chr10",5014.54903918381,1.12005940346867,0.406055261276732,0.00020388168586889,0.00156929977975986
"ENSG00000156689.7","GLYATL2"," protein_coding","chr11",552.271480461298,-1.53412628250131,0.918821216500476,0.00151410161422648,0.00827644045464144
"ENSG00000156738.18","MS4A1"," protein_coding","chr11",333.112508953695,2.05833291812996,0.847240279927709,0.000415915810296837,0.00284209137036172
"ENSG00000156802.13","ATAD2"," protein_coding","chr8",2065.92956732158,1.50523188762471,0.295697300171774,1.6969165976149e-08,4.8610112485535e-07
"ENSG00000156885.6","COX6A2"," protein_coding","chr16",3.24494600961484,4.08146968425232,1.50773674125436,0.000117501779619374,0.000992917072584056
"ENSG00000156886.12","ITGAD"," protein_coding","chr16",33.3519158955808,1.1960916765091,0.610424158641717,0.00117767520670713,0.00672624733719587
"ENSG00000156970.13","BUB1B"," protein_coding","chr15",289.395619973523,2.40000907013901,0.374617738804748,7.50546947713362e-12,5.32262877086726e-10
"ENSG00000157021.9","CIBAR1P1"," unprocessed_pseudogene","chr15",10.4178470824869,-1.34724362617192,0.651700297811368,0.000833386848491388,0.00507104066905773
"ENSG00000157064.11","NMNAT2"," protein_coding","chr1",417.507277001603,-3.73461595824589,0.422173454145565,3.36127250337771e-20,2.21279545123305e-17
"ENSG00000157103.12","SLC6A1"," protein_coding","chr3",72.2365208601612,1.30905598340017,0.429111918378044,7.84549107628299e-05,0.00070587165843886
"ENSG00000157152.17","SYN2"," protein_coding","chr3",648.805603904846,-2.33945824555,0.586167804568496,2.08349987082196e-06,3.18839447337057e-05
"ENSG00000157303.11","SUSD3"," protein_coding","chr9",3131.10448161981,3.28726306910032,0.525726339308276,1.92824341881153e-11,1.20354814178449e-09
"ENSG00000157368.11","IL34"," protein_coding","chr16",752.967556426583,-1.97413844783806,0.463605065013551,7.04502594541536e-07,1.24459746967842e-05
"ENSG00000157388.19","CACNA1D"," protein_coding","chr3",1172.58839046432,2.15709936104862,0.5344097745209,2.20686625941742e-06,3.35364854779325e-05
"ENSG00000157456.8","CCNB2"," protein_coding","chr15",399.177170314645,1.83801091693179,0.424579560698333,6.21107253797342e-07,1.11821739898055e-05
"ENSG00000157557.13","ETS2"," protein_coding","chr21",5367.55139938424,-1.36041786371563,0.347012451415055,3.06326973527503e-06,4.45150122171932e-05
"ENSG00000157601.14","MX1"," protein_coding","chr21",5989.30574565203,1.75740110872443,0.513463605078707,2.26813856683487e-05,0.000249095444555982
"ENSG00000157613.11","CREB3L1"," protein_coding","chr11",2854.49311476497,2.58956184866411,0.427476613333007,6.40858376501754e-11,3.46669606426708e-09
"ENSG00000157766.19","ACAN"," protein_coding","chr15",89.3013022323676,1.79379391393652,0.562393625327406,4.72007303024661e-05,0.000461579905578509
"ENSG00000157827.20","FMNL2"," protein_coding","chr2",2247.98607231053,-1.28676023318151,0.359247098117216,1.12832520884551e-05,0.000137315643047885
"ENSG00000157870.17","PRXL2B"," protein_coding","chr1",2185.43398812283,1.2656342269748,0.213918381632837,1.56096445471276e-10,7.80280956867949e-09
"ENSG00000157927.17","RADIL"," protein_coding","chr7",298.077501305294,-1.75273601836742,0.331483353473971,4.76575790230863e-09,1.57017997138291e-07
"ENSG00000158014.15","SLC30A2"," protein_coding","chr1",170.080232144124,2.96350463031321,0.926573561959642,4.60552800697605e-05,0.000452652049834934
"ENSG00000158104.11","HPD"," protein_coding","chr12",35.209120800826,-1.2123334652512,0.663211863713238,0.00127657882310816,0.00719333199565033
"ENSG00000158106.14","RHPN1"," protein_coding","chr8",1228.53954304526,1.61163961991342,0.335310653567988,7.00519408666494e-08,1.69617090130345e-06
"ENSG00000158201.10","ABHD3"," protein_coding","chr18",1793.26640504248,1.75388976447432,0.413057596012095,9.40567669760185e-07,1.60097767468149e-05
"ENSG00000158301.18","GPRASP2"," protein_coding","chrX",980.567859427926,-1.11718232064422,0.273151726877604,1.56217150320713e-06,2.48606422056917e-05
"ENSG00000158373.8","H2BC5"," protein_coding","chr6",2198.55392847284,3.50895259467802,0.589937226076918,1.3166200558932e-10,6.68678171327067e-09
"ENSG00000158402.20","CDC25C"," protein_coding","chr5",111.195229802911,2.86094876909984,0.415180389865985,3.03921659955862e-13,3.31379082422499e-11
"ENSG00000158406.5","H4C8"," protein_coding","chr6",1218.18561898173,4.31248247536722,0.59774691938657,2.80228213110296e-14,3.95631190247226e-12
"ENSG00000158445.10","KCNB1"," protein_coding","chr20",675.617477981052,-4.08057440022761,0.471045795066169,1.72799115099488e-19,1.00485565415604e-16
"ENSG00000158458.21","NRG2"," protein_coding","chr5",329.505238752055,-3.53186053908752,0.565352883191069,1.53412420613885e-11,9.87568017811483e-10
"ENSG00000158477.7","CD1A"," protein_coding","chr1",33.4034910946913,1.63758491124916,0.917827797658418,0.00152601099012249,0.00832328426705704
"ENSG00000158485.11","CD1B"," protein_coding","chr1",29.2721522146752,1.65084033679482,0.822428815849703,0.00105330497311759,0.00614871403999427
"ENSG00000158488.16","CD1E"," protein_coding","chr1",133.424232251632,2.14718100641385,0.563093918833627,5.41557893132182e-06,7.2786966291506e-05
"ENSG00000158516.12","CPA2"," protein_coding","chr7",14.610227986495,-3.80352444157504,0.729445368050911,6.18031914122242e-09,1.97651251289085e-07
"ENSG00000158555.15","GDPD5"," protein_coding","chr11",2273.27642656204,-1.60420795138466,0.46544030068144,1.72474121720069e-05,0.000196403217393437
"ENSG00000158571.11","PFKFB1"," protein_coding","chrX",572.807858591044,-3.36751631355153,0.621013825495712,2.00166296000715e-09,7.39830745101796e-08
"ENSG00000158714.11","SLAMF8"," protein_coding","chr1",179.327300335057,1.23714461864535,0.771100475823859,0.00207591783391598,0.010714622654314
"ENSG00000158887.19","MPZ"," protein_coding","chr1",154.653056355293,-2.79565693661695,0.470778219840554,1.0612859362792e-10,5.51031660754727e-09
"ENSG00000158966.16","CACHD1"," protein_coding","chr1",1998.70136868286,-2.18815680265345,0.353290403906028,2.29811289130422e-11,1.39936224939783e-09
"ENSG00000159176.14","CSRP1"," protein_coding","chr1",28391.9031819999,-1.44224875462291,0.274736938817324,5.90711446429165e-09,1.89783729994107e-07
"ENSG00000159184.8","HOXB13"," protein_coding","chr17",9.73047444036124,4.90957904371471,2.0843680019178,0.00770565820605797,0.0308642085257225
"ENSG00000159212.13","CLIC6"," protein_coding","chr21",4234.25868809327,1.76517276129247,0.861481197017634,0.00100228875786132,0.00590923573006747
"ENSG00000159214.13","CCDC24"," protein_coding","chr1",679.419049507372,1.05522642590174,0.407853102539813,0.000304063692772359,0.00218653880967032
"ENSG00000159217.10","IGF2BP1"," protein_coding","chr17",7.1672254583101,1.43474800167249,0.973941533339286,0.00247020078011165,0.0123301179220522
"ENSG00000159239.13","AC005041.1"," protein_coding","chr2",31.500908027164,2.1209013585952,0.666069163001444,5.23022964789712e-05,0.000502721605082035
"ENSG00000159261.12","CLDN14"," protein_coding","chr21",16.3688869034067,1.92861380680567,0.638366396001597,8.76231533428036e-05,0.000775167201643956
"ENSG00000159263.16","SIM2"," protein_coding","chr21",70.3934713404602,5.16389436758621,0.804046568189445,6.44797689220794e-12,4.61963781819358e-10
"ENSG00000159337.7","PLA2G4D"," protein_coding","chr15",8.79343632229326,1.3399197170813,0.931317442656329,0.00270918545711675,0.0132593897859813
"ENSG00000159363.19","ATP13A2"," protein_coding","chr1",3813.08540520936,1.14487943317876,0.275494738917999,1.33724956034681e-06,2.17114818101724e-05
"ENSG00000159433.12","STARD9"," protein_coding","chr15",1090.64738219363,-1.7116609827085,0.293766806834299,2.23470592232285e-10,1.06227689830744e-08
"ENSG00000159753.14","CARMIL2"," protein_coding","chr16",208.4073731014,1.99353962262829,0.633292311002525,5.65782609171257e-05,0.000538040910782075
"ENSG00000159899.15","NPR2"," protein_coding","chr9",839.089090811278,-1.65179052980384,0.329199465951964,1.96936539336875e-08,5.52604977633525e-07
"ENSG00000160145.15","KALRN"," protein_coding","chr3",1252.26319548348,-1.41794912953849,0.322646164375447,3.88391894924521e-07,7.48380838784153e-06
"ENSG00000160161.9","CILP2"," protein_coding","chr19",454.954701562459,3.01204365007566,0.4885898371915,3.44262486722415e-11,1.9853987478069e-09
"ENSG00000160179.19","ABCG1"," protein_coding","chr21",2562.38239076611,1.12258934464801,0.29845864401469,6.82676478165434e-06,8.88115771799782e-05
"ENSG00000160182.3","TFF1"," protein_coding","chr21",7651.16149261048,3.77323020746168,0.918099796903516,1.60590184704982e-06,2.54431555697209e-05
"ENSG00000160188.10","RSPH1"," protein_coding","chr21",386.022602266333,1.7500336632841,0.676921616945847,0.00029043858142707,0.00210548359538165
"ENSG00000160190.14","SLC37A1"," protein_coding","chr21",1502.63993843739,1.14563193720318,0.264387501099325,7.12577084434357e-07,1.25631768837793e-05
"ENSG00000160191.18","PDE9A"," protein_coding","chr21",703.858325747449,-1.765292605669,0.325849069814334,2.30964613779085e-09,8.32498588777483e-08
"ENSG00000160207.9","HSF2BP"," protein_coding","chr21",48.9363580754039,1.03858166215603,0.318183768597414,3.984935582884e-05,0.000400977614809234
"ENSG00000160298.18","C21orf58"," protein_coding","chr21",265.530226459493,1.29495634411537,0.254756394963711,1.64110592389556e-08,4.71274294573169e-07
"ENSG00000160307.10","S100B"," protein_coding","chr21",3153.59614394424,-4.64444647884867,0.596014283436678,2.33960450799147e-16,6.42764888884492e-14
"ENSG00000160325.15","CACFD1"," protein_coding","chr9",2008.48924326035,1.26296351183066,0.261304805573278,5.78420200822573e-08,1.42828444634822e-06
"ENSG00000160326.14","SLC2A6"," protein_coding","chr9",283.59542394648,1.18847123327453,0.459258113263326,0.000297866574603335,0.00214861746009613
"ENSG00000160345.13","C9orf116"," protein_coding","chr9",362.970560024751,1.97989213077566,0.44538423098235,3.71726639549134e-07,7.23767532394467e-06
"ENSG00000160401.15","CFAP157"," protein_coding","chr9",165.725719087071,1.62124149068919,0.456489961461173,1.43959504231391e-05,0.000167933502578985
"ENSG00000160404.18","TOR2A"," protein_coding","chr9",757.083062532011,1.07638315999121,0.248055813952676,6.37753141923739e-07,1.14464222607311e-05
"ENSG00000160471.13","COX6B2"," protein_coding","chr19",26.2486225557101,1.3179496682116,0.615332255244451,0.00294891552989071,0.0141957245796657
"ENSG00000160472.5","TMEM190"," protein_coding","chr19",2.08286244864971,2.0596899721544,1.02401887535536,0.0015311219291805,0.00834463843034003
"ENSG00000160606.11","TLCD1"," protein_coding","chr17",381.483796613554,2.35226541852311,0.424704243355223,1.40708430489743e-09,5.40094372741212e-08
"ENSG00000160683.5","CXCR5"," protein_coding","chr11",6.19958149504557,3.76950844837881,0.949657312731746,3.4110261589616e-06,4.89367243882933e-05
"ENSG00000160710.17","ADAR"," protein_coding","chr1",25151.632517797,1.06177648273202,0.1805496030637,1.97323323955865e-10,9.52255614957687e-09
"ENSG00000160753.16","RUSC1"," protein_coding","chr1",2304.92017399021,1.23806783846526,0.246963516050034,2.74958649204843e-08,7.40996915134009e-07
"ENSG00000160781.17","PAQR6"," protein_coding","chr1",262.342214701247,1.65449599935788,0.576862624516715,0.000134100833308957,0.00110455905924996
"ENSG00000160791.13","CCR5"," protein_coding","chr3",528.150484257213,1.32587084025559,0.418858412761957,5.43963479752111e-05,0.000519984377315916
"ENSG00000160856.21","FCRL3"," protein_coding","chr1",74.6511270066636,1.91796823183302,0.655833735236003,0.000113589668324411,0.000963592783249943
"ENSG00000160877.6","NACC1"," protein_coding","chr19",3183.78174590231,1.02839901758377,0.1773567498734,2.06750501481208e-10,9.90897218019344e-09
"ENSG00000160957.14","RECQL4"," protein_coding","chr8",518.440613544436,2.08745437501327,0.25315654896221,9.10516193518937e-18,3.78200244143681e-15
"ENSG00000160973.8","FOXH1"," protein_coding","chr8",8.68160761284736,2.53678895183082,0.539430152345975,1.52331691867436e-07,3.35331549586542e-06
"ENSG00000161270.20","NPHS1"," protein_coding","chr19",10.2478247572867,2.26527514141557,0.951022989125831,0.000482005828583369,0.00321771155053754
"ENSG00000161281.11","COX7A1"," protein_coding","chr19",1461.35044837311,-2.42446090156013,0.577818246998992,8.88846810728918e-07,1.52097862055629e-05
"ENSG00000161328.11","LRRC56"," protein_coding","chr11",411.757351888159,1.94387169188369,0.399392384494901,4.96240527788532e-08,1.25013200397615e-06
"ENSG00000161405.17","IKZF3"," protein_coding","chr17",870.953987513744,1.21199255898934,0.746423367526207,0.0020360877241897,0.0105355386007271
"ENSG00000161664.7","ASB16"," protein_coding","chr17",79.6383871872973,1.3545660494309,0.370077943756181,9.85098603856913e-06,0.000122273480566245
"ENSG00000161800.13","RACGAP1"," protein_coding","chr12",1266.11444393998,1.53864438726666,0.266489326616426,3.91972427270459e-10,1.73557232993573e-08
"ENSG00000161888.11","SPC24"," protein_coding","chr19",200.18529206,2.41928300109925,0.305592610276395,1.25079690040232e-16,3.79491779582064e-14
"ENSG00000161911.11","TREML1"," protein_coding","chr6",22.2208875104869,1.24745868019722,0.411415963743418,8.25814720655927e-05,0.00073710671318511
"ENSG00000161980.6","POLR3K"," protein_coding","chr16",1164.43452841243,1.63572115613881,0.257017710455942,1.03524039889356e-11,7.00011099957269e-10
"ENSG00000161996.19","WDR90"," protein_coding","chr16",1565.25726163701,1.2295452284026,0.260131158436007,1.10877120196076e-07,2.53181518374429e-06
"ENSG00000162004.18","CCDC78"," protein_coding","chr16",217.172643996619,3.86358171907409,0.48776114203663,1.36423408555072e-16,4.06833260503847e-14
"ENSG00000162032.16","SPSB3"," protein_coding","chr16",6.82750053489082,1.774112497273,0.565571073281207,5.58482004736047e-05,0.000531677916159492
"ENSG00000162062.15","TEDC2"," protein_coding","chr16",149.12767622004,1.82376684050883,0.33541732434162,2.51100970626583e-09,8.95824536414326e-08
"ENSG00000162063.13","CCNF"," protein_coding","chr16",752.382698611264,1.4348748968878,0.288114324180018,2.87240450395957e-08,7.6835469581327e-07
"ENSG00000162073.14","PAQR4"," protein_coding","chr16",510.040675215395,2.28985842262484,0.36692629661014,2.06672829297061e-11,1.27403210017734e-09
"ENSG00000162078.11","ZG16B"," protein_coding","chr16",3717.38558874988,2.28784818084184,0.666288623466798,2.1508545408172e-05,0.000237937431146648
"ENSG00000162104.10","ADCY9"," protein_coding","chr16",3168.2180952039,1.10116205350208,0.34134073623471,4.80188060224542e-05,0.0004686501149453
"ENSG00000162337.12","LRP5"," protein_coding","chr11",6538.91201630926,-1.1044618820251,0.247969153243889,3.1498464646508e-07,6.2944612255516e-06
"ENSG00000162367.11","TAL1"," protein_coding","chr1",354.94234191137,-1.67553279901002,0.377509860046255,3.2241496042484e-07,6.41355780170073e-06
"ENSG00000162413.16","KLHL21"," protein_coding","chr1",4952.62869808097,-1.14788645273973,0.172899141177181,1.46982232660495e-12,1.29177760195399e-10
"ENSG00000162482.5","AKR7A3"," protein_coding","chr1",892.106187480315,2.64050703479924,0.650859190095797,2.04206145603475e-06,3.13460476297882e-05
"ENSG00000162551.14","ALPL"," protein_coding","chr1",1752.89618375372,-1.25787046735323,0.459583808364581,0.000168656537319794,0.00134167698213063
"ENSG00000162571.14","TTLL10"," protein_coding","chr1",30.6437985754954,-1.11416110405128,0.468880347477335,0.000428711487375364,0.00291752925804834
"ENSG00000162614.19","NEXN"," protein_coding","chr1",973.484376357416,-1.83143317487328,0.319770002160717,3.98418966168278e-10,1.7618803737107e-08
"ENSG00000162616.9","DNAJB4"," protein_coding","chr1",1769.96461883936,-1.3494303561891,0.308472425337316,4.43586089214579e-07,8.37055826867813e-06
"ENSG00000162618.15","ADGRL4"," protein_coding","chr1",3622.52690513973,-1.25262348006011,0.414599156877587,7.63781785067057e-05,0.000691107631296024
"ENSG00000162702.8","ZNF281"," protein_coding","chr1",2403.50058980913,1.47113449405885,0.273031615472561,3.4474511875206e-09,1.17465839241974e-07
"ENSG00000162706.13","CADM3"," protein_coding","chr1",410.143485416621,-2.6880536041658,0.553767660442688,4.15653897970279e-08,1.07030111838236e-06
"ENSG00000162733.19","DDR2"," protein_coding","chr1",9167.12014974034,-2.40435618852429,0.487685835600887,2.88777267945144e-08,7.71340110916051e-07
"ENSG00000162745.10","OLFML2B"," protein_coding","chr1",2623.70043627077,1.4093104539254,0.408648519101978,2.10503061314003e-05,0.000233460340505622
"ENSG00000162746.14","FCRLB"," protein_coding","chr1",205.362728645044,2.97432811978917,0.676393258481393,4.51251981755276e-07,8.4968337266181e-06
"ENSG00000162755.14","KLHDC9"," protein_coding","chr1",428.233365300117,1.60600451756296,0.397861748287355,2.17234040670437e-06,3.30839701730802e-05
"ENSG00000162769.13","FLVCR1"," protein_coding","chr1",1022.99280728241,1.66358562321575,0.279803322789037,1.3562445923221e-10,6.87801309167304e-09
"ENSG00000162772.17","ATF3"," protein_coding","chr1",5072.52245911994,-2.23675585622677,0.520639079699207,5.57279599091691e-07,1.02444902486345e-05
"ENSG00000162777.17","DENND2D"," protein_coding","chr1",2834.71073053794,1.01345925640697,0.167513667684019,6.64866524568703e-11,3.59099967627347e-09
"ENSG00000162779.22","AXDND1"," protein_coding","chr1",14.4008370828962,2.53187149795901,0.577015121245854,5.67866385817282e-07,1.04007485918902e-05
"ENSG00000162782.16","TDRD5"," protein_coding","chr1",660.031222870768,1.44734340952872,0.583613734088426,0.000388052878962451,0.00267950781711436
"ENSG00000162814.11","SPATA17"," protein_coding","chr1",156.73603313242,1.35549043630174,0.464448155695047,0.000117796489123844,0.00099444986246016
"ENSG00000162849.16","KIF26B"," protein_coding","chr1",1494.64941460142,3.61543626553107,0.480053644316519,2.54774733023567e-15,5.2290265940737e-13
"ENSG00000162877.13","PM20D1"," protein_coding","chr1",32.3583572441277,-1.25739221752147,0.542217197836726,0.000488710754624456,0.00325226147999273
"ENSG00000162878.13","PKDCC"," protein_coding","chr2",1750.08172492005,-2.55729589653642,0.601087203325267,6.74702833931796e-07,1.20291551245346e-05
"ENSG00000162888.4","C1orf147"," lncRNA","chr1",9.62360664761372,1.35039706452818,0.526205112409466,0.000352587578738163,0.00246931618019937
"ENSG00000162889.11","MAPKAPK2"," protein_coding","chr1",12078.3942301037,1.13411820505662,0.280948301243861,2.87391057036782e-06,4.23090232701611e-05
"ENSG00000162891.10","IL20"," protein_coding","chr1",153.982427280897,3.92332935449265,0.878847887907408,3.29251078471687e-07,6.52345241946265e-06
"ENSG00000162892.16","IL24"," protein_coding","chr1",21.2385017963546,2.16940243834288,0.505950404383921,8.63863067069027e-07,1.48404954569697e-05
"ENSG00000162894.12","FCMR"," protein_coding","chr1",626.324663441852,1.54450285008365,0.354846013929194,5.58214556451706e-07,1.02562738752799e-05
"ENSG00000162924.15","REL"," protein_coding","chr2",1137.71429349152,1.31364923029668,0.40637337821037,4.38589553721937e-05,0.000434810812301977
"ENSG00000162949.16","CAPN13"," protein_coding","chr2",1719.22267850698,1.78918925055618,0.738520142094463,0.000449015984574438,0.00303073206591759
"ENSG00000162975.5","KCNF1"," protein_coding","chr2",685.865026457426,4.91800161887094,0.944164237500116,8.45894174123605e-09,2.63754187929819e-07
"ENSG00000162989.5","KCNJ3"," protein_coding","chr2",3779.29164931879,5.98739786157167,0.913183693205776,2.79545252413994e-12,2.2682821865062e-10
"ENSG00000163013.12","FBXO41"," protein_coding","chr2",753.433792001332,1.22388470473567,0.345845847580333,1.51678733178917e-05,0.000175471574248859
"ENSG00000163017.14","ACTG2"," protein_coding","chr2",6421.61427390267,-3.26965704761784,0.605407878359573,2.12253740757179e-09,7.7304230362826e-08
"ENSG00000163040.15","CCDC74A"," protein_coding","chr2",1607.29294906293,1.73664667405941,0.653840376851378,0.000246425603669315,0.00183915202943873
"ENSG00000163069.13","SGCB"," protein_coding","chr4",3518.74196250492,-1.00278059094007,0.426674713416469,0.000464156256354806,0.00311499825744865
"ENSG00000163220.11","S100A9"," protein_coding","chr1",972.113853393286,2.18204319882493,0.641950688339504,0.00306550284574315,0.0146618861947668
"ENSG00000163239.12","TDRD10"," protein_coding","chr1",113.153872555186,-1.6015332593505,0.535786845172286,7.77905335714338e-05,0.000700797703806067
"ENSG00000163263.7","C1orf189"," protein_coding","chr1",11.7640692353139,1.86025466100064,0.613519598525816,8.43048361871178e-05,0.000749994910608039
"ENSG00000163273.4","NPPC"," protein_coding","chr2",20.4159505250553,-1.27054551491915,1.19252002913055,0.00306750129502633,0.0146674232814532
"ENSG00000163293.12","NIPAL1"," protein_coding","chr4",217.34640671156,-1.32037537312679,0.545168516218295,0.000382353251165203,0.00264748705822685
"ENSG00000163357.11","DCST1"," protein_coding","chr1",45.8704412789279,1.02824641903152,0.511732972846511,0.00112329918898728,0.00647925805967188
"ENSG00000163364.10","LINC01116"," lncRNA","chr2",555.419381973121,1.65347429997834,0.384227642694376,6.81087750378922e-07,1.21244044379954e-05
"ENSG00000163378.14","EOGT"," protein_coding","chr3",1953.58116481634,-1.20655215088395,0.234132863055554,8.4844093929879e-09,2.64312078688161e-07
"ENSG00000163394.6","CCKAR"," protein_coding","chr4",2.41007379666253,3.20951313289197,1.28723760067592,0.000308089557590517,0.00221093228175457
"ENSG00000163431.13","LMOD1"," protein_coding","chr1",3758.65654173099,-2.81242436143153,0.27598680341129,1.07274061733296e-25,2.67349949138317e-22
"ENSG00000163462.18","TRIM46"," protein_coding","chr1",284.748412800354,1.64663180326712,0.669024215256857,0.000402231781820883,0.00276265139754182
"ENSG00000163463.13","KRTCAP2"," protein_coding","chr1",119.259841708378,1.27329847840559,0.345724827630625,9.03263522256325e-06,0.000113488539989361
"ENSG00000163467.12","TSACC"," protein_coding","chr1",25.6280258312621,1.13956555686165,0.496134052911981,0.000594708833724096,0.00383194569112972
"ENSG00000163472.19","TMEM79"," protein_coding","chr1",756.520055989896,1.00672683077222,0.300842422844585,3.04722673330326e-05,0.000320317640924824
"ENSG00000163492.15","CCDC141"," protein_coding","chr2",52.9006389010937,-1.47605590963985,0.521619222185801,0.000129537693371597,0.00107330792197302
"ENSG00000163507.14","CIP2A"," protein_coding","chr3",252.853948717984,1.2295038799921,0.260738514484835,1.06741032187384e-07,2.45019825924343e-06
"ENSG00000163508.13","EOMES"," protein_coding","chr3",90.7899774882761,1.42403646803847,0.589978767156787,0.000451160596708981,0.00304123732221272
"ENSG00000163513.19","TGFBR2"," protein_coding","chr3",17034.0599723777,-1.96600059841058,0.365798660336653,2.92008665183305e-09,1.01277080883804e-07
"ENSG00000163517.15","HDAC11"," protein_coding","chr3",2191.8998696243,1.07316091596545,0.350711316098965,7.89601522645977e-05,0.000710051204294866
"ENSG00000163518.11","FCRL4"," protein_coding","chr1",5.85381062359613,2.77935708650792,0.935038841810924,0.00013111652385442,0.0010838158336424
"ENSG00000163535.18","SGO2"," protein_coding","chr2",370.34875240726,1.21353952647282,0.208948773145604,2.90731954517299e-10,1.34892667886477e-08
"ENSG00000163545.11","NUAK2"," protein_coding","chr1",509.579137894039,2.83046354714321,0.316384957967956,1.88212345541586e-20,1.2876307741748e-17
"ENSG00000163568.15","AIM2"," protein_coding","chr1",66.1082052820418,1.34529950381289,0.550768473415203,0.000415187044387705,0.0028382231907781
"ENSG00000163590.14","PPM1L"," protein_coding","chr3",1400.46282764433,-1.80819021152801,0.282299103923361,5.95377989568192e-12,4.32777779875495e-10
"ENSG00000163600.13","ICOS"," protein_coding","chr2",78.8530669381448,2.48102280992597,0.594559065272564,1.23551838541682e-06,2.02866898463665e-05
"ENSG00000163623.9","NKX6-1"," protein_coding","chr4",29.2834181641734,1.39606655588771,0.534804070733433,0.000270857890419313,0.00198957950623584
"ENSG00000163661.4","PTX3"," protein_coding","chr3",413.616661902122,-3.66375274699419,0.653316220647785,6.93656676052965e-10,2.91594880532096e-08
"ENSG00000163687.14","DNASE1L3"," protein_coding","chr3",223.376997308154,-1.84228984393858,0.53579241593009,1.77505984229972e-05,0.000201410123439608
"ENSG00000163689.20","CFAP20DC"," protein_coding","chr3",129.464946204243,1.88470544260867,0.300215703761901,1.61862767857943e-11,1.03624840978559e-09
"ENSG00000163704.12","PRRT3"," protein_coding","chr3",592.133564499797,1.77068237791173,0.290587169449055,5.27523412944995e-11,2.90312608849587e-09
"ENSG00000163710.9","PCOLCE2"," protein_coding","chr3",4468.21238896744,-5.3707612010037,0.731460160341291,6.90577039397189e-15,1.22933283069425e-12
"ENSG00000163734.4","CXCL3"," protein_coding","chr4",61.6581283773417,-3.03862221398303,0.646001512584027,8.01206787147248e-08,1.91340903561633e-06
"ENSG00000163735.7","CXCL5"," protein_coding","chr4",56.5703093749838,-3.20495991223519,0.957648399077514,2.0012513834627e-05,0.000223227819758302
"ENSG00000163762.7","TM4SF18"," protein_coding","chr3",1620.85572689949,-1.71732033661999,0.252780710846616,4.49043908967346e-13,4.64913680349546e-11
"ENSG00000163808.17","KIF15"," protein_coding","chr3",234.23408098974,1.73072949388607,0.326921583756902,5.6176718447979e-09,1.82501106458886e-07
"ENSG00000163827.13","LRRC2"," protein_coding","chr3",164.888130834382,-2.41980663431192,0.42897899073279,6.23082623484554e-10,2.65121656292678e-08
"ENSG00000163840.10","DTX3L"," protein_coding","chr3",5131.51956217323,1.08490417927644,0.198262615412333,2.59030870823295e-09,9.19414660620101e-08
"ENSG00000163884.4","KLF15"," protein_coding","chr3",1208.57551252023,-5.25228746634612,0.573690258861429,1.93427219646422e-21,1.87468586685648e-18
"ENSG00000163888.4","CAMK2N2"," protein_coding","chr3",41.6606251911311,1.95033218755455,0.540630862066321,1.13672389047126e-05,0.000138159378969304
"ENSG00000163993.7","S100P"," protein_coding","chr4",1974.91491975044,5.75338997721421,0.841870294549748,4.2576386036666e-13,4.43442592598601e-11
"ENSG00000164007.11","CLDN19"," protein_coding","chr1",203.242920171186,-3.35893100786843,0.81987112050485,1.23475028958178e-06,2.02866898463665e-05
"ENSG00000164035.10","EMCN"," protein_coding","chr4",2342.20906062073,-1.41642154188675,0.352677108728443,2.102924836122e-06,3.21530019531694e-05
"ENSG00000164045.12","CDC25A"," protein_coding","chr3",174.484319474472,1.20838670448824,0.285801130561283,9.990762331079e-07,1.68725889880773e-05
"ENSG00000164047.6","CAMP"," protein_coding","chr3",23.4812072275299,2.9494145217115,0.785082439804362,6.47418647289652e-06,8.50812957536092e-05
"ENSG00000164049.14","FBXW12"," protein_coding","chr3",12.5993623442929,1.37069364941986,0.542379969118885,0.000354208247112282,0.00247867628359298
"ENSG00000164056.11","SPRY1"," protein_coding","chr4",5835.98462535525,-2.07557789930636,0.373083566906214,1.00243752563109e-09,4.03414621762332e-08
"ENSG00000164078.13","MST1R"," protein_coding","chr3",855.915787226547,1.6953697068749,0.381315555949124,3.79514335323254e-07,7.34829893105642e-06
"ENSG00000164087.8","POC1A"," protein_coding","chr3",341.471481530826,1.57480117544276,0.244540457123485,6.22489134541963e-12,4.48745214737678e-10
"ENSG00000164089.9","ETNPPL"," protein_coding","chr4",32.4465336482643,2.61624409016076,0.924712781742003,0.000142685331340501,0.00116536373965389
"ENSG00000164106.8","SCRG1"," protein_coding","chr4",47.8128605487779,-2.0455589421711,0.578720303651934,1.31099416412102e-05,0.000155478916996419
"ENSG00000164109.14","MAD2L1"," protein_coding","chr4",505.349787928422,1.28701451615944,0.274213608117329,1.270848263866e-07,2.85519425463933e-06
"ENSG00000164128.7","NPY1R"," protein_coding","chr4",15496.6033753409,2.44064937444477,1.08125792700077,0.000636436986988664,0.00405513566709669
"ENSG00000164175.15","SLC45A2"," protein_coding","chr5",5.66100219053834,1.40176780866861,0.823229376034245,0.00198615643297777,0.0103215645074512
"ENSG00000164197.12","RNF180"," protein_coding","chr5",466.859912435095,-1.72104777519047,0.289722761329049,1.14326715572371e-10,5.90084827372129e-09
"ENSG00000164220.7","F2RL2"," protein_coding","chr5",1147.37379622159,1.51588937499647,0.813376164129285,0.0013885147114023,0.00770952686116132
"ENSG00000164283.13","ESM1"," protein_coding","chr5",221.291819159659,2.00668692735569,0.543967755275903,8.54208128978529e-06,0.000108260718591318
"ENSG00000164287.13","CDC20B"," protein_coding","chr5",174.637035078333,6.38019890907613,1.40284469722436,2.01920715558124e-07,4.26982768881121e-06
"ENSG00000164303.11","ENPP6"," protein_coding","chr4",68.1680445830329,-1.37929090242644,0.555997901310206,0.000335467409223358,0.00237227267434378
"ENSG00000164318.18","EGFLAM"," protein_coding","chr5",1464.22348227977,-1.68327209277951,0.291568332822403,3.18861573812799e-10,1.46966963961722e-08
"ENSG00000164330.17","EBF1"," protein_coding","chr5",2947.72129915417,-2.93927192996871,0.432473231565413,5.05316685923141e-13,5.12529200248381e-11
"ENSG00000164403.15","SHROOM1"," protein_coding","chr5",2677.1201693101,2.06365273715442,0.586524733530446,1.6520215815823e-05,0.000189234028243558
"ENSG00000164406.8","LEAP2"," protein_coding","chr5",38.0149630642114,1.38946373238501,0.400641355390295,1.98824822415999e-05,0.000222061359760455
"ENSG00000164434.12","FABP7"," protein_coding","chr6",375.647822901515,-4.87270498123504,0.9081736075732,2.42963242604339e-09,8.71246710966905e-08
"ENSG00000164488.12","DACT2"," protein_coding","chr6",122.195974274131,-3.45812028263177,0.649879809674412,3.43398907811481e-09,1.17236118321432e-07
"ENSG00000164611.13","PTTG1"," protein_coding","chr5",387.347563258254,2.19906950087878,0.32186205127052,4.17407015785187e-13,4.37439172734213e-11
"ENSG00000164638.10","SLC29A4"," protein_coding","chr7",1642.75934880561,-3.65121346028564,0.599899950586046,4.01829447706011e-11,2.29088746076968e-09
"ENSG00000164687.11","FABP5"," protein_coding","chr8",656.689783468485,-1.52986218835971,0.612263865135583,0.00030552551572965,0.002195693258357
"ENSG00000164692.18","COL1A2"," protein_coding","chr7",197057.687736303,2.14203842168123,0.505042375072564,1.25375999993748e-06,2.05278930820359e-05
"ENSG00000164736.6","SOX17"," protein_coding","chr8",1057.03122585548,-3.06295806035332,0.474374936199393,3.95746056537783e-12,3.05486187138491e-10
"ENSG00000164742.16","ADCY1"," protein_coding","chr7",2287.17607800113,1.07791826904421,0.996213927825862,0.00380141612534958,0.0174818344740462
"ENSG00000164756.12","SLC30A8"," protein_coding","chr8",438.915776843282,2.28452249620956,1.80491921006216,0.00252254468846684,0.0125365683447371
"ENSG00000164776.10","PHKG1"," protein_coding","chr7",184.610801961443,-2.32609658753544,0.399751544105324,2.22887612323838e-10,1.06095111617886e-08
"ENSG00000164841.5","TMEM74"," protein_coding","chr8",23.6898245287383,-1.68609823433684,0.478135175172096,1.27843579501859e-05,0.00015244669625425
"ENSG00000164849.10","GPR146"," protein_coding","chr7",203.359863413306,-2.78414356299591,0.504923810122252,1.2301767494551e-09,4.81011616046367e-08
"ENSG00000164850.15","GPER1"," protein_coding","chr7",466.721178324997,-1.33699077847859,0.50811938767845,0.000224501298461594,0.00169998085099383
"ENSG00000164855.16","TMEM184A"," protein_coding","chr7",967.655301576327,1.54202995302249,0.598068966876928,0.000303431557885586,0.00218367524350178
"ENSG00000164893.9","SLC7A13"," protein_coding","chr8",16.8853640167511,2.25757656586198,0.744786486484346,8.8991109740836e-05,0.000784286135379517
"ENSG00000164919.11","COX6C"," protein_coding","chr8",10698.4581116983,1.9742053867584,0.473128629827888,1.31867635142507e-06,2.14598584783453e-05
"ENSG00000164932.13","CTHRC1"," protein_coding","chr8",3126.21358314797,2.60204932551982,0.483092332287099,3.38266518366883e-09,1.1559703322565e-07
"ENSG00000164938.14","TP53INP1"," protein_coding","chr8",4956.31910500747,1.74137053862228,0.302324567586456,4.12522939016046e-10,1.81734063954657e-08
"ENSG00000165030.4","NFIL3"," protein_coding","chr9",2027.85216671019,-1.37669248869726,0.412101675508527,2.59664115781485e-05,0.00027934947012369
"ENSG00000165072.10","MAMDC2"," protein_coding","chr9",1232.56494324762,-3.13503164963553,0.447978630687933,9.83466562690276e-14,1.21681318577399e-11
"ENSG00000165084.16","C8orf34"," protein_coding","chr8",87.9271579753714,-1.82606635426744,0.657695083338228,0.000144323697932315,0.0011765416225599
"ENSG00000165124.18","SVEP1"," protein_coding","chr9",6380.21906276253,-3.16856583040161,0.516754698247927,3.19439496732088e-11,1.85450307495495e-09
"ENSG00000165140.11","FBP1"," protein_coding","chr9",2121.47732983996,1.4525677333068,0.356395151331726,1.96229884444631e-06,3.03486564634646e-05
"ENSG00000165152.9","PGAP4"," protein_coding","chr9",357.416162545867,-2.13815042130421,0.336491666950632,8.21859737485041e-12,5.72365431149513e-10
"ENSG00000165164.14","CFAP47"," protein_coding","chrX",8.31541957316215,1.09661730918729,1.5044152006613,0.00407599236309758,0.0185200481235627
"ENSG00000165197.5","VEGFD"," protein_coding","chrX",774.986176475546,-4.90814270325578,0.547968428319733,1.20774005418812e-20,9.16070831101692e-18
"ENSG00000165209.19","STRBP"," protein_coding","chr9",2474.07485979338,1.08834608638676,0.215648045250456,1.85015017072019e-08,5.23973941611998e-07
"ENSG00000165244.7","ZNF367"," protein_coding","chr9",314.660763011726,1.15672794677673,0.277549406211079,1.23514743255401e-06,2.02866898463665e-05
"ENSG00000165304.8","MELK"," protein_coding","chr9",295.616465212492,2.63186787303603,0.408370243771032,5.71669895597265e-12,4.19918617416509e-10
"ENSG00000165309.14","ARMC3"," protein_coding","chr10",74.5116909921069,2.6035290910206,0.674588043527138,4.57098630172722e-06,6.32380186572421e-05
"ENSG00000165349.12","SLC7A3"," protein_coding","chrX",117.228308473771,-3.08220535399421,0.874457490509214,1.1613664839064e-05,0.000140649906247755
"ENSG00000165376.11","CLDN2"," protein_coding","chrX",49.397871806589,-3.36242734878202,0.656818442839175,9.80287711966074e-09,3.00555523358597e-07
"ENSG00000165443.12","PHYHIPL"," protein_coding","chr10",36.8077737319411,-1.62695658222361,0.704942752138532,0.000486599269848286,0.0032413010928363
"ENSG00000165457.14","FOLR2"," protein_coding","chr11",1327.17244543891,-1.99529640790985,0.601748629548357,2.66035097268139e-05,0.000285256010411268
"ENSG00000165474.8","GJB2"," protein_coding","chr13",1080.22373857151,3.86377149951515,0.536763096930987,3.05644355877955e-14,4.26569488837509e-12
"ENSG00000165480.16","SKA3"," protein_coding","chr13",167.66101505584,2.23130125183674,0.352968618577136,1.30859435112196e-11,8.6802596017103e-10
"ENSG00000165490.13","DDIAS"," protein_coding","chr11",219.506052531238,1.33055943222751,0.308495954903936,6.80519005949551e-07,1.21204638267411e-05
"ENSG00000165495.16","PKNOX2"," protein_coding","chr11",92.3076032047405,-1.65984881643959,0.461956986352902,1.04900850700779e-05,0.000129103900592624
"ENSG00000165507.9","DEPP1"," protein_coding","chr10",14955.7264866135,-3.4573217848844,0.41907229404575,6.33853608729067e-18,2.69704710514218e-15
"ENSG00000165548.11","TMEM63C"," protein_coding","chr14",1284.65942951535,1.75979690384465,0.703055434076225,0.000364513261768131,0.00253755630813086
"ENSG00000165621.8","OXGR1"," protein_coding","chr13",112.912403089032,-2.85072270439522,0.730206119830963,2.80245921062066e-06,4.13798579423467e-05
"ENSG00000165633.13","VSTM4"," protein_coding","chr10",1930.96457226799,-1.15643825178462,0.455790150706249,0.000292514120339991,0.00211788963950667
"ENSG00000165685.8","TMEM52B"," protein_coding","chr12",48.6313765803721,1.54058064537162,0.622237989327875,0.000397124418729727,0.00273341030471057
"ENSG00000165731.20","RET"," protein_coding","chr10",2079.11299792318,2.64792996468707,0.627900062151134,1.0377381937569e-06,1.74159323320693e-05
"ENSG00000165795.23","NDRG2"," protein_coding","chr14",12897.63748188,-2.62021692168994,0.261709936043234,5.65287464120263e-25,1.23271530691376e-21
"ENSG00000165801.10","ARHGEF40"," protein_coding","chr14",4537.21864120834,-1.15517062412617,0.253892927132753,2.01774527601199e-07,4.26932385841931e-06
"ENSG00000165804.16","ZNF219"," protein_coding","chr14",2088.14860568284,-1.31444365342514,0.373800953105464,1.42694448886498e-05,0.000166848257912158
"ENSG00000165816.13","VWA2"," protein_coding","chr10",2709.54363451978,2.06663118753818,0.449519052021983,1.89825180857122e-07,4.04295275187225e-06
"ENSG00000165891.16","E2F7"," protein_coding","chr12",129.279567784501,3.19507272656253,0.439590478256083,2.09138521512321e-14,3.10175930284775e-12
"ENSG00000165914.15","TTC7B"," protein_coding","chr14",1011.94382011617,-1.16843341975724,0.35516694130073,3.08990962043887e-05,0.000323539796730892
"ENSG00000165923.16","AGBL2"," protein_coding","chr11",105.042757305367,1.58923275719197,0.509716723485237,6.44463417236075e-05,0.000599785891992101
"ENSG00000165973.19","NELL1"," protein_coding","chr11",31.5686069005798,2.49770929442922,1.36564796294401,0.00121665969983737,0.00690817842211018
"ENSG00000165996.14","HACD1"," protein_coding","chr10",135.423035385992,-1.62571068442851,0.275427064916475,4.17841353053942e-11,2.35523467680212e-09
"ENSG00000166091.21","CMTM5"," protein_coding","chr14",31.2544204924641,-3.73043022181144,0.617443213044975,6.19453762317995e-11,3.36133144961698e-09
"ENSG00000166148.4","AVPR1A"," protein_coding","chr12",825.175978926525,-1.68998308634026,0.478348054400978,1.29482227079176e-05,0.000154137304163068
"ENSG00000166159.11","LRTM2"," protein_coding","chr12",5.01785223958622,4.26201762778558,0.941258408516186,0.00289936205524429,0.014007427508935
"ENSG00000166167.18","BTRC"," protein_coding","chr10",3140.7713594387,1.00672959457956,0.363080313571844,0.000188150980847398,0.00146895857523978
"ENSG00000166173.11","LARP6"," protein_coding","chr15",1359.0490974309,-2.72265845054373,0.39138798553494,1.34007875474843e-13,1.57429925360025e-11
"ENSG00000166246.14","C16orf71"," protein_coding","chr16",137.839681485987,1.81374822290107,0.347577602890546,8.03719464302095e-09,2.51954859200039e-07
"ENSG00000166257.9","SCN3B"," protein_coding","chr11",183.5072022464,-2.26769422205974,0.405954525321192,8.74647325657759e-10,3.59027292229704e-08
"ENSG00000166265.13","CYYR1"," protein_coding","chr21",2525.45186857736,-1.93459360927247,0.288183998537352,7.68335127456407e-13,7.38511871407203e-11
"ENSG00000166268.11","MYRFL"," protein_coding","chr12",54.3293979836184,2.5135987315557,0.668110534204629,6.50160914505268e-06,8.53452387810508e-05
"ENSG00000166471.11","TMEM41B"," protein_coding","chr11",1840.75777800892,1.14209324515565,0.220351355989194,1.00521829050444e-08,3.06388701578834e-07
"ENSG00000166482.12","MFAP4"," protein_coding","chr17",8179.21249114966,-1.69586960936124,0.552131742685407,5.68578014281352e-05,0.000539963404907203
"ENSG00000166509.12","CLEC3A"," protein_coding","chr16",183.556272559847,8.83195467537174,1.32836417195945,5.62117780922476e-06,7.52603664396244e-05
"ENSG00000166548.17","TK2"," protein_coding","chr16",2201.87175220316,-1.03591600875044,0.272352692857769,4.96249887044342e-06,6.7847393451662e-05
"ENSG00000166557.14","TMED3"," protein_coding","chr15",6983.46643733155,1.22379574946927,0.373451121921725,3.89365394529604e-05,0.000393550057373477
"ENSG00000166578.10","IQCD"," protein_coding","chr12",127.367183385713,1.19821154517245,0.359055417137381,3.1063692328288e-05,0.000324990491462158
"ENSG00000166670.10","MMP10"," protein_coding","chr11",258.061966261795,4.28788869518059,0.781105028055378,1.92204779151924e-09,7.12585719797495e-08
"ENSG00000166682.13","TMPRSS5"," protein_coding","chr11",54.7870522295745,-1.53048197247691,0.478204651290431,4.11006365529454e-05,0.000411844431352332
"ENSG00000166741.8","NNMT"," protein_coding","chr11",7232.62005225553,-1.00460838966816,0.47940444536597,0.000809432462787674,0.00494614491391802
"ENSG00000166796.12","LDHC"," protein_coding","chr11",29.9347506085415,2.5821747792837,0.772310878437281,2.95863668723732e-05,0.000311496055082671
"ENSG00000166801.16","FAM111A"," protein_coding","chr11",2645.96721074585,1.00822927410174,0.201819235748144,2.75748678422976e-08,7.42372464417906e-07
"ENSG00000166803.14","PCLAF"," protein_coding","chr15",145.947080284855,3.02596274360378,0.413781247466972,1.44736216437755e-14,2.31650978336225e-12
"ENSG00000166819.12","PLIN1"," protein_coding","chr15",44555.8034865282,-5.31463665681532,0.713015559350119,3.0164099289851e-15,6.11892783908251e-13
"ENSG00000166831.9","RBPMS2"," protein_coding","chr15",478.277623864541,-1.8651191336526,0.504697700848416,7.00141880702577e-06,9.07453579479704e-05
"ENSG00000166851.15","PLK1"," protein_coding","chr16",391.976944394708,2.88103289649173,0.294634239237044,7.86152037068914e-24,1.37148153626857e-20
"ENSG00000166856.3","GPR182"," protein_coding","chr12",23.2089885154206,-1.7609842137855,0.539073922226027,3.31955550854039e-05,0.000342873331108594
"ENSG00000166920.13","C15orf48"," protein_coding","chr15",519.921938765746,3.17615124352606,0.739677421007381,7.22275842185915e-07,1.26956808109364e-05
"ENSG00000166924.9","NYAP1"," protein_coding","chr7",62.7046021879359,-2.67592383560993,0.322365152453546,3.9938462226586e-18,1.78652934044592e-15
"ENSG00000166928.11","MS4A14"," protein_coding","chr11",397.906676025318,1.89871065425091,0.6785825195918,0.000161808998732032,0.00129488022356865
"ENSG00000166959.8","MS4A8"," protein_coding","chr11",107.545706794883,5.45012160477226,0.912794678932314,1.27297512046731e-10,6.48399633988683e-09
"ENSG00000166960.16","CCDC178"," protein_coding","chr18",110.50552066059,-2.88933095372243,0.526375402666724,1.40216354645159e-09,5.39392373751294e-08
"ENSG00000166961.15","MS4A15"," protein_coding","chr11",145.304869297829,9.19017657690682,1.15197251547981,6.99349811150468e-17,2.34625137123567e-14
"ENSG00000167034.10","NKX3-1"," protein_coding","chr8",1307.07448746806,2.13179360808292,0.709604956146839,8.98929785532137e-05,0.00079043747850307
"ENSG00000167080.9","B4GALNT2"," protein_coding","chr17",127.676984294477,2.85651974270336,1.14489171429829,0.000328134956961398,0.00232891716504071
"ENSG00000167094.16","TTC16"," protein_coding","chr9",47.1314012977372,2.74293913542805,0.523698055189786,7.87700016511972e-09,2.47377509235997e-07
"ENSG00000167100.15","SAMD14"," protein_coding","chr17",75.3881768072574,1.8669061954733,0.351853446940603,4.58012682168364e-09,1.51474127900819e-07
"ENSG00000167105.8","TMEM92"," protein_coding","chr17",16.3072330927676,2.84771918381328,0.437437220473719,0.00151649123368839,0.00828233937199776
"ENSG00000167106.12","FAM102A"," protein_coding","chr9",9833.57973987361,1.64518948336868,0.273343158003246,9.22177963193729e-11,4.85304846361876e-09
"ENSG00000167207.14","NOD2"," protein_coding","chr16",332.176920666439,1.49440375162099,0.565716541899433,0.000257757726281223,0.00190821659827671
"ENSG00000167208.15","SNX20"," protein_coding","chr16",354.94342964794,1.53484094494177,0.413976512482742,8.28339483063975e-06,0.000105173191061081
"ENSG00000167232.14","ZNF91"," protein_coding","chr19",2101.55837789567,1.14305472600606,0.296867074819396,5.1534092146588e-06,6.99640470461712e-05
"ENSG00000167281.19","RBFOX3"," protein_coding","chr17",3.33860480061131,-3.20990800832316,0.64184792601138,0.0088311003008427,0.034415941092003
"ENSG00000167332.9","OR51E2"," protein_coding","chr11",27.5468746530545,1.50534284816866,0.798130299002184,0.00124802963813788,0.00705982524388276
"ENSG00000167371.21","PRRT2"," protein_coding","chr16",188.714488110059,2.08210714360199,0.434872855067676,7.4618991618632e-08,1.79677794103912e-06
"ENSG00000167434.10","CA4"," protein_coding","chr17",961.252308904575,-4.90787257485533,0.886771764131991,9.23487653139033e-10,3.76322900351817e-08
"ENSG00000167483.19","NIBAN3"," protein_coding","chr19",53.5245624139074,1.83323483359363,0.603271061365112,8.16249598096302e-05,0.000729689078328928
"ENSG00000167513.9","CDT1"," protein_coding","chr16",337.707216742546,1.15455756420889,0.427271744405879,0.000225332278363745,0.00170506799487951
"ENSG00000167535.8","CACNB3"," protein_coding","chr12",1523.99041200102,1.03706488251547,0.325481745376042,5.56286948668333e-05,0.000530054867893728
"ENSG00000167536.14","DHRS13"," protein_coding","chr17",203.726477176408,1.5684695336287,0.447916607319724,1.71838996695587e-05,0.000195871755429785
"ENSG00000167614.14","TTYH1"," protein_coding","chr19",543.442373128524,-3.87543102868055,0.507653760631609,8.65919638261428e-16,2.02770483883084e-13
"ENSG00000167619.13","TMEM145"," protein_coding","chr19",88.7901420741854,3.42029016280963,0.523196261502613,3.23487331157844e-12,2.57102425317274e-10
"ENSG00000167641.11","PPP1R14A"," protein_coding","chr19",782.841478624077,-3.29540809620716,0.360564635430077,2.50772072484227e-21,2.24350984129414e-18
"ENSG00000167646.14","DNAAF3"," protein_coding","chr19",53.3669310550769,1.11088984078069,0.588982875703527,0.00137923541818854,0.00766687794481434
"ENSG00000167653.5","PSCA"," protein_coding","chr8",275.043995129687,2.93039508900732,0.879131313165102,2.95643072725311e-05,0.000311381394101528
"ENSG00000167676.4","PLIN4"," protein_coding","chr19",87127.5276396228,-5.11851212994895,0.784057240336748,2.10487232835315e-12,1.76966507008601e-10
"ENSG00000167702.13","KIFC2"," protein_coding","chr8",678.509918659653,2.01768604141853,0.333911110286867,6.93726237681204e-11,3.72955349136131e-09
"ENSG00000167711.14","SERPINF2"," protein_coding","chr17",466.678252698742,-1.48629295643221,0.544464805324325,0.00016972905757103,0.00134785379050122
"ENSG00000167749.11","KLK4"," protein_coding","chr19",100.557528782107,3.81636945678037,0.566976488204442,8.82406667758373e-13,8.29866604979984e-11
"ENSG00000167755.15","KLK6"," protein_coding","chr19",200.391716899072,-3.03929506042775,0.881076697047519,1.48301456445607e-05,0.000172135266694733
"ENSG00000167772.12","ANGPTL4"," protein_coding","chr19",3150.50967168775,-3.14269189980564,0.557497252103252,6.05949638466854e-10,2.58146383830855e-08
"ENSG00000167779.9","IGFBP6"," protein_coding","chr12",3948.07269015213,-2.99609032891948,0.550256138898778,1.73250554875581e-09,6.45821058778195e-08
"ENSG00000167874.7","TMEM88"," protein_coding","chr17",347.447814235961,-2.30736021303318,0.459600392011652,1.82524884123529e-08,5.1734165166158e-07
"ENSG00000167880.8","EVPL"," protein_coding","chr17",1946.28896899374,1.45542250394476,0.542688458981981,0.000235936885681444,0.00177530167744474
"ENSG00000167900.12","TK1"," protein_coding","chr17",1275.02412289331,2.40281293790702,0.442217303083459,2.52283591350517e-09,8.99124288642581e-08
"ENSG00000167964.13","RAB26"," protein_coding","chr16",400.306980739643,3.73023344850301,0.511963513681198,2.08698953975107e-14,3.10175930284775e-12
"ENSG00000167968.13","DNASE1L2"," protein_coding","chr16",43.4546407580194,2.82594982362907,0.430037719835175,2.51682549968357e-12,2.07109807805329e-10
"ENSG00000167971.16","CASKIN1"," protein_coding","chr16",89.8414616406508,1.54831691008064,0.559705188354625,0.000182511321382625,0.00143013618224383
"ENSG00000167972.14","ABCA3"," protein_coding","chr16",5034.04152224605,1.04063262371105,0.340683071162356,8.7523844040929e-05,0.000774485022173992
"ENSG00000167992.13","VWCE"," protein_coding","chr11",98.4508271616924,-1.51831088268432,0.47514458906085,4.12423448223975e-05,0.000412908652280709
"ENSG00000168060.16","NAALADL1"," protein_coding","chr11",238.513063917383,-1.00210420709861,0.325442204665871,6.30804349114361e-05,0.000589116556342323
"ENSG00000168078.10","PBK"," protein_coding","chr8",304.771509703055,3.0467953887276,0.443426828566958,3.2611969558452e-13,3.51192663538256e-11
"ENSG00000168280.18","KIF5C"," protein_coding","chr2",2531.3496405393,1.93842020464816,0.636691406102773,8.11308209402082e-05,0.000726574813507393
"ENSG00000168298.7","H1-4"," protein_coding","chr6",15.3290957806254,1.31264510318043,0.795421865461382,0.00197170436140346,0.0102585169837536
"ENSG00000168301.13","KCTD6"," protein_coding","chr3",798.026952784655,1.0061637096942,0.293771353618615,2.32063771661839e-05,0.000253345965489775
"ENSG00000168309.18","FAM107A"," protein_coding","chr3",2786.41174064159,-4.02718855019558,0.454336725291793,2.9348380019466e-20,1.96921986011383e-17
"ENSG00000168334.9","XIRP1"," protein_coding","chr3",45.377223045883,2.90526872769656,0.690638958027587,1.06898737348111e-06,1.78544942307943e-05
"ENSG00000168350.8","DEGS2"," protein_coding","chr14",3207.13015817498,3.0628201653033,0.553538462592002,1.44564836372852e-09,5.54287000646725e-08
"ENSG00000168356.13","SCN11A"," protein_coding","chr3",69.303641480431,-1.89452913223394,0.433877116190478,4.33453741939488e-07,8.21490196089661e-06
"ENSG00000168394.11","TAP1"," protein_coding","chr6",4249.55955981272,1.1200595626044,0.401015468280489,0.000180842099251999,0.00141824268037795
"ENSG00000168454.12","TXNDC2"," protein_coding","chr18",3.9071764020205,1.52917345021064,0.668858965144245,0.000725304264974062,0.00451017485460881
"ENSG00000168461.13","RAB31"," protein_coding","chr18",8487.58674312274,2.01607571624216,0.343871461224921,2.52031465411687e-10,1.18353026375224e-08
"ENSG00000168477.19","TNXB"," protein_coding","chr6",8547.68250829169,-3.29190605434986,0.524093516618148,1.2133770508746e-11,8.11033308085551e-10
"ENSG00000168490.14","PHYHIP"," protein_coding","chr8",276.941189903449,-2.44616591365354,0.392749238364299,1.80115465313977e-11,1.13642110312296e-09
"ENSG00000168496.4","FEN1"," protein_coding","chr11",1199.71383508201,1.15462070968495,0.195302074779696,1.62885117095731e-10,8.08424554848813e-09
"ENSG00000168497.5","CAVIN2"," protein_coding","chr2",4669.3340894936,-4.20284994245818,0.450738837860827,4.2474166582479e-22,5.40962286985094e-19
"ENSG00000168502.17","MTCL1"," protein_coding","chr18",710.748663965341,1.81263820450689,0.339276924500274,4.21940730457176e-09,1.40476469717379e-07
"ENSG00000168505.7","GBX2"," protein_coding","chr2",4.01242115073311,2.92642778424725,1.01289841712336,0.000156350750127019,0.00126045148398378
"ENSG00000168528.12","SERINC2"," protein_coding","chr1",8177.33959843701,1.0512966778594,0.607445252639792,0.00200030708460332,0.0103811861503636
"ENSG00000168542.16","COL3A1"," protein_coding","chr2",187478.27936774,2.24077997699999,0.522619393436156,1.03342054600195e-06,1.73675533469954e-05
"ENSG00000168546.11","GFRA2"," protein_coding","chr8",179.196434396245,-2.78990569931363,0.483105343988536,2.80651630298247e-10,1.30562880436482e-08
"ENSG00000168743.13","NPNT"," protein_coding","chr4",7127.85264221696,2.55599951747745,0.522206228285383,4.67892387727533e-08,1.18988580905258e-06
"ENSG00000168824.14","NSG1"," protein_coding","chr4",360.656860457372,-2.78928446351373,0.513991394024131,2.08924809241451e-09,7.63641259247741e-08
"ENSG00000168874.13","ATOH8"," protein_coding","chr2",1194.69902537424,-3.9534118624986,0.498694081117905,8.19744788851485e-17,2.69827504036011e-14
"ENSG00000168907.13","PLA2G4F"," protein_coding","chr15",260.231994835074,1.38417598322897,0.759168365774909,0.00148434458186753,0.00814497218435229
"ENSG00000168994.14","PXDC1"," protein_coding","chr6",2644.84011428171,-1.44149355358645,0.280386959148279,1.01459125527896e-08,3.08632114105826e-07
"ENSG00000169026.13","SLC49A3"," protein_coding","chr4",815.399943081313,1.08672051193477,0.291571035264987,7.7735208712659e-06,9.9459448741965e-05
"ENSG00000169064.13","ZBBX"," protein_coding","chr3",6.93384371270325,3.1801235866395,1.12290793638756,0.000178279364751896,0.00140129428149547
"ENSG00000169083.18","AR"," protein_coding","chrX",10757.8054425137,1.09951271836792,0.467003962751895,0.000592594284159014,0.0038217783025823
"ENSG00000169122.11","FAM110B"," protein_coding","chr8",1251.27505431059,1.24923582398758,0.392757929158508,5.21942373741017e-05,0.000501959519354956
"ENSG00000169174.11","PCSK9"," protein_coding","chr1",49.8323803175473,2.14858039995397,0.723275525881739,9.82196930630976e-05,0.000850790295596956
"ENSG00000169241.19","SLC50A1"," protein_coding","chr1",3376.52906652293,1.74686221376027,0.248853556553702,1.22226337953828e-13,1.45054393113844e-11
"ENSG00000169242.12","EFNA1"," protein_coding","chr1",5632.6722842518,1.13752026407785,0.252327797707121,2.95882964789378e-07,5.9951524532324e-06
"ENSG00000169245.6","CXCL10"," protein_coding","chr4",1096.60351250016,3.08182498935067,0.598122124195593,1.19085007304779e-08,3.56651930461035e-07
"ENSG00000169248.13","CXCL11"," protein_coding","chr4",295.932834032536,3.05583362543018,0.607715582353507,2.24295475425634e-08,6.18647702219429e-07
"ENSG00000169252.6","ADRB2"," protein_coding","chr5",755.762334226247,-3.24597191005645,0.415445708015503,2.17031243659228e-16,6.0579496980113e-14
"ENSG00000169258.7","GPRIN1"," protein_coding","chr5",171.572018393436,1.77615910539556,0.212779892089891,3.41115849400658e-18,1.54569780538161e-15
"ENSG00000169282.18","KCNAB1"," protein_coding","chr3",483.510875126316,-1.94439640160604,0.338045081441708,3.36608921308206e-10,1.53667419089771e-08
"ENSG00000169291.10","SHE"," protein_coding","chr1",1129.52022176367,-1.61174364138585,0.387028839380812,1.08509824637872e-06,1.8080307026934e-05
"ENSG00000169313.10","P2RY12"," protein_coding","chr3",226.723763318975,-1.36348995968182,0.519003495710728,0.000228323120917752,0.00172545419361951
"ENSG00000169344.15","UMOD"," protein_coding","chr16",22.9356438911329,1.9499519427792,0.877480333024324,0.000701376526119338,0.00439125309799046
"ENSG00000169347.17","GP2"," protein_coding","chr16",1189.63887148483,1.82484423592038,1.135751664175,0.00194196559595615,0.0101296339674848
"ENSG00000169432.18","SCN9A"," protein_coding","chr2",145.195885784005,-2.33375512860355,0.518568919620133,2.27058030940645e-07,4.74011019665793e-06
"ENSG00000169515.8","CCDC8"," protein_coding","chr19",1776.17147613272,-1.66797152894699,0.486363822000366,1.80256909226333e-05,0.00020409086086557
"ENSG00000169550.14","MUC15"," protein_coding","chr11",411.764012170818,-2.49516302949214,1.16613713033559,0.000555805453003138,0.00362817737338306
"ENSG00000169607.13","CKAP2L"," protein_coding","chr2",199.862009985662,2.876400901805,0.34215225493926,2.41672742110158e-18,1.1394869790494e-15
"ENSG00000169618.7","PROKR1"," protein_coding","chr2",34.7167750601651,-3.33300444662924,0.813557195121783,1.23480705447238e-06,2.02866898463665e-05
"ENSG00000169679.15","BUB1"," protein_coding","chr2",488.54879169831,2.66216564097572,0.399134065071732,1.32323087125713e-12,1.17477985570057e-10
"ENSG00000169744.13","LDB2"," protein_coding","chr4",1913.10878404763,-1.90720010916146,0.328553030417512,2.51340957730161e-10,1.1818783498872e-08
"ENSG00000169764.16","UGP2"," protein_coding","chr2",9799.38186898767,-1.38478602610909,0.263341198504098,5.6589599526658e-09,1.83671415542756e-07
"ENSG00000169783.13","LINGO1"," protein_coding","chr15",711.890378915972,2.44694021067021,0.533538049494568,1.98948044212166e-07,4.21463036466708e-06
"ENSG00000169885.10","CALML6"," protein_coding","chr1",21.1947381036993,1.02461616160585,0.468413218287615,0.000756980231534483,0.0046779662165196
"ENSG00000169891.18","REPS2"," protein_coding","chrX",2420.4202586296,1.38206772470376,0.395967521270703,1.80987944144247e-05,0.000204828101172135
"ENSG00000169900.8","PYDC1"," protein_coding","chr16",116.49915595303,4.05729830544333,0.967919276567805,1.11405155189665e-06,1.84569670926999e-05
"ENSG00000169918.10","OTUD7A"," protein_coding","chr15",181.691222205888,-1.36476792096585,0.339352693827885,2.06064657062465e-06,3.15896394972164e-05
"ENSG00000169933.16","FRMPD4"," protein_coding","chrX",11.2422762775504,-2.52250466362026,0.569310983859834,3.39144548761623e-07,6.6815880580699e-06
"ENSG00000169962.5","TAS1R3"," protein_coding","chr1",79.9760018337582,2.02034689781136,0.506221766590093,2.63879095560715e-06,3.93125769564855e-05
"ENSG00000169991.11","IFFO2"," protein_coding","chr1",3365.5541083778,-1.61126779223031,0.434775192242169,6.71941479030644e-06,8.76110244576166e-05
"ENSG00000170017.12","ALCAM"," protein_coding","chr3",13226.1927106089,1.37256280752754,0.619058032617419,0.000750929105028127,0.00464798073506056
"ENSG00000170044.8","ZPLD1"," protein_coding","chr3",17.282937934513,1.16419660983399,0.771412524476023,0.00243151274434876,0.0121666300248204
"ENSG00000170075.9","GPR37L1"," protein_coding","chr1",34.5425877008296,3.88463555838792,0.521555704641483,0.00197257374332288,0.0102586183452495
"ENSG00000170122.5","FOXD4"," protein_coding","chr9",23.1468635755953,1.66533359621392,0.469414569677464,1.45828520319533e-05,0.000169886574372916
"ENSG00000170145.5","SIK2"," protein_coding","chr11",8730.32741784486,-2.41706559698698,0.400244748531459,5.88317806212088e-11,3.21952735779934e-09
"ENSG00000170153.11","RNF150"," protein_coding","chr4",2140.36390629529,-3.69573549731279,0.407542527029032,3.80237170772186e-21,3.2358183232713e-18
"ENSG00000170231.16","FABP6"," protein_coding","chr5",39.1483050580444,3.24950041241326,1.6503754919553,1.29829498757844e-06,2.11973843760409e-05
"ENSG00000170290.4","SLN"," protein_coding","chr11",7.03325159648956,2.42757329229685,0.803539761636314,8.28527807721729e-05,0.000738961240777578
"ENSG00000170298.15","LGALS9B"," protein_coding","chr17",10.6601387491937,3.25626666085913,0.892791229712807,1.21316695105013e-05,0.000145659353369201
"ENSG00000170312.16","CDK1"," protein_coding","chr10",936.572559084928,2.75056263580681,0.238808585600215,5.58860966767844e-32,3.89984359829937e-28
"ENSG00000170367.5","CST5"," protein_coding","chr20",58.2071592139572,9.64768037352493,1.78070475486201,4.78263678183549e-07,8.93313597189625e-06
"ENSG00000170369.4","CST2"," protein_coding","chr20",153.662767101197,6.38266347978549,0.966647060551688,1.94021317806821e-12,1.64710408749338e-10
"ENSG00000170373.8","CST1"," protein_coding","chr20",315.610380281863,7.60382177580845,1.31648030795133,3.69073376327707e-10,1.65731520893823e-08
"ENSG00000170419.11","VSTM2A"," protein_coding","chr7",6.12455349260119,5.40850740477195,0.705941973609723,0.00550290530703047,0.0235209933930663
"ENSG00000170421.12","KRT8"," protein_coding","chr12",51745.4384774591,1.34648138394711,0.594653172797704,0.000661619786117575,0.00418881799263805
"ENSG00000170482.17","SLC23A1"," protein_coding","chr5",54.4462442617214,1.55675704735116,0.471678105208389,3.60615479797469e-05,0.000367901599579342
"ENSG00000170500.13","LONRF2"," protein_coding","chr2",2149.11787351213,1.12321917555385,0.577335249751957,0.00128345067578827,0.0072238873252022
"ENSG00000170509.12","HSD17B13"," protein_coding","chr4",263.013919192146,-3.68831069176043,0.937746748065024,2.23696520508833e-06,3.39642963319133e-05
"ENSG00000170577.8","SIX2"," protein_coding","chr2",214.718131618342,1.46389383548708,0.670058881950728,0.000742453433555289,0.00460450457699566
"ENSG00000170627.11","GTSF1"," protein_coding","chr12",16.8434016354829,1.51100002723079,0.473236185482554,5.10789115237365e-05,0.000494093235923119
"ENSG00000170684.9","ZNF296"," protein_coding","chr19",235.596779499614,1.67761197668569,0.507482024270362,3.5077067783461e-05,0.000359012605465749
"ENSG00000170743.17","SYT9"," protein_coding","chr11",488.968715486305,3.03612412902291,0.622532471704961,4.71903298294162e-08,1.19612785313448e-06
"ENSG00000170745.12","KCNS3"," protein_coding","chr2",1889.35693113692,1.95112465001235,0.433183373087541,2.90978553195147e-07,5.91639434704654e-06
"ENSG00000170786.12","SDR16C5"," protein_coding","chr8",259.729221799222,3.02434258375475,0.614079170772145,0.0048352569286959,0.0211890165158413
"ENSG00000170802.16","FOXN2"," protein_coding","chr2",1254.43218606943,-1.0551096535015,0.363787128923545,0.000109973131998014,0.000939767952129
"ENSG00000170909.13","OSCAR"," protein_coding","chr19",258.967475483974,1.78232366600083,0.520771657828368,2.26533567948062e-05,0.000248865954637148
"ENSG00000170919.16","TPT1-AS1"," lncRNA","chr13",893.376611702688,-1.74747035901127,0.248991051677611,9.27017757930634e-14,1.16347397812798e-11
"ENSG00000170959.14","DCDC1"," protein_coding","chr11",165.781442467695,2.24567242327688,0.633036311073915,1.45955070046429e-05,0.000169920532165164
"ENSG00000170962.13","PDGFD"," protein_coding","chr11",2520.86518725946,-1.14913829560444,0.241511449174107,7.49455980493106e-08,1.80339783554379e-06
"ENSG00000170965.10","PLAC1"," protein_coding","chrX",34.3781372039639,4.32874109272003,0.755513488462039,5.72642380989773e-10,2.44255077201885e-08
"ENSG00000170989.10","S1PR1"," protein_coding","chr1",4440.21882949951,-2.08845042469896,0.37398490704127,8.60107379909461e-10,3.54309404869197e-08
"ENSG00000171044.11","XKR6"," protein_coding","chr8",57.2739841962053,-1.17283630409146,0.378241939581694,6.10375342027663e-05,0.000573105652817201
"ENSG00000171056.8","SOX7"," protein_coding","chr8",636.4636095293,-1.62036150897805,0.502181003637017,3.74640693377088e-05,0.000380098529590578
"ENSG00000171115.4","GIMAP8"," protein_coding","chr7",1602.54999751212,-1.33091337206381,0.3000113585751,3.35826744857061e-07,6.62597560044077e-06
"ENSG00000171126.8","KCNG3"," protein_coding","chr2",9.69414930311277,3.47913419149729,0.439621036672029,2.83043554084245e-07,5.77187179751806e-06
"ENSG00000171236.10","LRG1"," protein_coding","chr19",2100.36402754284,2.78977072508019,0.589453530164113,9.90763392967165e-08,2.29845249627775e-06
"ENSG00000171241.9","SHCBP1"," protein_coding","chr16",294.598582338915,2.28085634136565,0.429530651582322,4.97079113136204e-09,1.63156983409551e-07
"ENSG00000171302.17","CANT1"," protein_coding","chr17",6154.57699635937,1.1161930841994,0.308537885147012,1.33451942990193e-05,0.000157844700984311
"ENSG00000171303.7","KCNK3"," protein_coding","chr2",193.707636257916,-2.33299779428215,0.416592675690976,8.10157615527243e-10,3.35316837050546e-08
"ENSG00000171310.11","CHST11"," protein_coding","chr12",1234.97401585607,1.23578925454528,0.32000664982739,4.49027270520203e-06,6.23438539423812e-05
"ENSG00000171320.15","ESCO2"," protein_coding","chr8",184.97034878495,2.44071411639911,0.454229722843643,3.5724535017742e-09,1.20664545140759e-07
"ENSG00000171345.13","KRT19"," protein_coding","chr17",45771.286622186,1.07438591920084,0.832496934169456,0.00368570200980248,0.0170463717953365
"ENSG00000171357.6","LURAP1"," protein_coding","chr1",54.4611891080024,-1.26420574682719,0.249464412574084,1.74913614986641e-08,4.98196811469298e-07
"ENSG00000171403.10","KRT9"," protein_coding","chr17",7.46086820846139,-3.65599929756885,0.554862372249246,5.50522657634351e-12,4.06955212871189e-10
"ENSG00000171428.15","NAT1"," protein_coding","chr8",5719.20597203008,4.48258625636962,0.550074899417734,2.01540394232105e-17,7.59694805586166e-15
"ENSG00000171451.14","DSEL"," protein_coding","chr18",653.374872475008,-1.2220398604976,0.348105749629142,1.46403350321419e-05,0.000170328752786417
"ENSG00000171462.15","DLK2"," protein_coding","chr6",189.515226439242,-1.15628957198416,0.574994696670718,0.00094190853575621,0.00561492067675891
"ENSG00000171502.15","COL24A1"," protein_coding","chr1",107.727186232751,2.01782326165974,0.404937371298087,2.83561685273113e-08,7.60270225446737e-07
"ENSG00000171522.6","PTGER4"," protein_coding","chr5",987.682255590701,-1.12734713941094,0.394760358509036,0.000123367628455135,0.00103288594201372
"ENSG00000171560.16","FGA"," protein_coding","chr4",6.99367319284335,1.9938322298108,1.7268972611427,0.00607930327752964,0.0255096777698481
"ENSG00000171596.7","NMUR1"," protein_coding","chr2",197.859294953013,-3.72030403704135,0.532850951707634,9.98641680526459e-14,1.23122285778264e-11
"ENSG00000171617.14","ENC1"," protein_coding","chr5",3057.73761613883,1.15240332000422,0.255142507416665,2.8213637655826e-07,5.76010550877369e-06
"ENSG00000171631.15","P2RY6"," protein_coding","chr11",201.180432238743,1.52422286844812,0.431121123747899,1.50495861208575e-05,0.000174276504926266
"ENSG00000171722.13","SPATA46"," protein_coding","chr1",36.1703131421932,1.7198095933881,0.690065475132972,0.000375833215123068,0.00260751575041936
"ENSG00000171819.5","ANGPTL7"," protein_coding","chr1",199.402886537864,-4.43818823877764,0.71648432417206,2.19403108444893e-11,1.34301646609662e-09
"ENSG00000171848.16","RRM2"," protein_coding","chr2",900.809568736788,2.66116256329794,0.401128492384103,1.67151310482188e-12,1.43647201330887e-10
"ENSG00000171867.17","PRNP"," protein_coding","chr20",7720.36202186025,-1.76238351183326,0.340618381226282,9.00635646104738e-09,2.7907707218686e-07
"ENSG00000171885.18","AQP4"," protein_coding","chr18",57.0603009613464,-2.80659566724974,0.492209559769327,4.97127905438849e-10,2.15202106062864e-08
"ENSG00000171914.16","TLN2"," protein_coding","chr15",4890.44218646324,-1.55423995062628,0.434522712252735,1.11867637053073e-05,0.000136331600573481
"ENSG00000171916.17","LGALS9C"," protein_coding","chr17",15.552746298036,3.02428218031625,0.876275920048458,1.99487268638599e-05,0.000222658678505098
"ENSG00000171992.13","SYNPO"," protein_coding","chr5",11381.9627185927,-1.56501875773863,0.418143309323636,5.95973430181613e-06,7.91252243244545e-05
"ENSG00000172059.11","KLF11"," protein_coding","chr2",2006.55810327145,-1.13477651690735,0.287786197266299,2.84545293034059e-06,4.19374363023714e-05
"ENSG00000172061.9","LRRC15"," protein_coding","chr3",4231.05558171209,3.68204245628629,0.670835045858133,1.92386503123797e-09,7.12585719797495e-08
"ENSG00000172137.19","CALB2"," protein_coding","chr16",2480.35953200899,-3.99881528867469,0.668222369555292,7.29223339090114e-11,3.89041766424972e-09
"ENSG00000172139.15","SLC9C1"," protein_coding","chr3",31.5827952568658,1.84222460956343,0.546869042137354,2.95207417157866e-05,0.000311180724835502
"ENSG00000172156.4","CCL11"," protein_coding","chr17",37.8909485004016,3.90962239209349,0.609001332684689,8.03421504573085e-12,5.61767128578347e-10
"ENSG00000172201.12","ID4"," protein_coding","chr6",3559.25147734057,-2.84241760320807,0.424434644780035,8.19992595320478e-13,7.83845524474706e-11
"ENSG00000172292.15","CERS6"," protein_coding","chr2",3758.02233910165,1.41796562280924,0.344493448325482,1.6032908837702e-06,2.5415911960757e-05
"ENSG00000172318.5","B3GALT1"," protein_coding","chr2",90.4750968018393,-3.77828318165485,0.484211692491242,2.5966338603555e-16,7.02319007919874e-14
"ENSG00000172366.20","MCRIP2"," protein_coding","chr16",1215.74292046077,1.21249196626115,0.316219111565945,5.02932535292552e-06,6.85997618799548e-05
"ENSG00000172375.14","C2CD2L"," protein_coding","chr11",1265.70746072123,1.24167565212076,0.179774516032201,2.268340677473e-13,2.56862199761418e-11
"ENSG00000172379.21","ARNT2"," protein_coding","chr15",2844.49596464204,2.28186540802288,0.496481430322132,1.87995637820747e-07,4.01533983247616e-06
"ENSG00000172382.10","PRSS27"," protein_coding","chr16",132.752571077322,1.16150476686708,0.461490234181403,0.000359298714947064,0.00250625579032747
"ENSG00000172399.6","MYOZ2"," protein_coding","chr4",9.81332648298685,-2.23865375301747,0.37854229207066,2.07186875502518e-10,9.91626512093055e-09
"ENSG00000172458.4","IL17D"," protein_coding","chr13",163.78724650254,-1.57458958200291,0.567158977630098,0.00014755321470399,0.00119866803591081
"ENSG00000172460.17","PRSS30P"," lncRNA","chr16",51.9413043704045,1.09495208437154,0.744159980052776,0.0024964825260079,0.012432882074642
"ENSG00000172465.14","TCEAL1"," protein_coding","chrX",2014.61132771982,1.19994720678398,0.542089865993952,0.000740733997506607,0.00459547473453112
"ENSG00000172478.18","MAB21L4"," protein_coding","chr2",257.446711863034,2.82038439665959,0.980929747821659,0.000122853945139786,0.00102917094834868
"ENSG00000172548.14","NIPAL4"," protein_coding","chr5",25.5687986001852,1.7331455576876,0.669425857090669,0.000290068660264251,0.00210349424898365
"ENSG00000172575.12","RASGRP1"," protein_coding","chr15",791.363615061335,2.46090986618933,0.581819961117774,9.62684716920312e-07,1.63370780438067e-05
"ENSG00000172818.10","OVOL1"," protein_coding","chr11",345.050778756639,1.36331990788842,0.782902952176198,0.00168591026767157,0.00904414132062252
"ENSG00000172901.20","LVRN"," protein_coding","chr5",664.891548206018,-5.29650371344974,0.744832464714272,3.72332808377478e-14,5.13480791189667e-12
"ENSG00000173110.8","HSPA6"," protein_coding","chr1",336.700742500236,2.0839720620732,0.426289061223539,4.33785530811107e-08,1.11452216167381e-06
"ENSG00000173193.15","PARP14"," protein_coding","chr3",6042.2553180702,1.18885137814927,0.243334799233085,4.48934660866858e-08,1.14585071340933e-06
"ENSG00000173218.15","VANGL1"," protein_coding","chr1",2516.43258385614,1.50921092448669,0.324713482803479,1.50228485561524e-07,3.30910485462572e-06
"ENSG00000173267.14","SNCG"," protein_coding","chr10",3752.45866691127,-2.98032824910747,0.580477020928439,9.77686315829955e-09,3.00021576478654e-07
"ENSG00000173269.14","MMRN2"," protein_coding","chr10",5584.79331154272,-1.74667210130329,0.389932783777472,2.68201168106614e-07,5.50459232729875e-06
"ENSG00000173272.16","MZT2A"," protein_coding","chr2",1669.48555137168,1.03485931091596,0.284144804010179,1.03779556673325e-05,0.000127904362836064
"ENSG00000173320.12","STOX2"," protein_coding","chr4",392.931083811957,-2.01156250782301,0.289912370417437,1.61378885057465e-13,1.86446048958278e-11
"ENSG00000173335.5","CST9"," protein_coding","chr20",1937.77541278395,5.86524555640486,1.55298430952657,4.93938635783778e-06,6.75843644750267e-05
"ENSG00000173391.9","OLR1"," protein_coding","chr12",687.377802693007,3.06525242150519,0.560868963449723,2.14984504275858e-09,7.82171463888319e-08
"ENSG00000173404.5","INSM1"," protein_coding","chr20",106.891419892085,3.18417828766353,1.20777198902573,0.00021197777194177,0.00162126987155098
"ENSG00000173467.9","AGR3"," protein_coding","chr7",4733.40057858523,2.9712627287892,0.815679989518026,1.03978218313811e-05,0.00012810395533853
"ENSG00000173482.17","PTPRM"," protein_coding","chr18",5038.83659900636,-1.34484805762639,0.369555475633591,9.06716679806365e-06,0.000113881395518804
"ENSG00000173486.14","FKBP2"," protein_coding","chr11",6.05276675530505,1.0743016482406,0.568990841172039,0.00146269617084024,0.008041238292066
"ENSG00000173530.6","TNFRSF10D"," protein_coding","chr8",371.60836951347,-1.8594824901625,0.313362553297999,1.16082070512812e-10,5.97377510658192e-09
"ENSG00000173641.18","HSPB7"," protein_coding","chr1",4957.27245909307,-5.29023116436292,0.709577848129667,2.96762877063697e-15,6.05517751089441e-13
"ENSG00000173662.21","TAS1R1"," protein_coding","chr1",16.7890352789424,-1.3105846983981,0.443730126042291,9.64209031089933e-05,0.000838539813154508
"ENSG00000173702.7","MUC13"," protein_coding","chr3",23.1877922986838,1.99309726703235,1.11557718822833,0.00143069038538421,0.00789220841682852
"ENSG00000173757.10","STAT5B"," protein_coding","chr17",7338.47376467327,-1.21907367104991,0.223510388083848,2.01559560281799e-09,7.42620339787987e-08
"ENSG00000173825.7","TIGD3"," protein_coding","chr11",30.3731665857067,1.92196296285012,0.422541959500891,2.48203116739231e-07,5.13170123153816e-06
"ENSG00000173838.12","MARCHF10"," protein_coding","chr17",18.5310729615903,2.71806692082843,0.711341374203207,5.37280866920878e-06,7.23235599063903e-05
"ENSG00000173890.17","GPR160"," protein_coding","chr3",2396.5627019348,1.98782297344618,0.359898977369385,1.50968744364339e-09,5.73171976019167e-08
"ENSG00000173917.10","HOXB2"," protein_coding","chr17",1553.83465913232,1.73604503353854,0.447061822720824,4.0792234320077e-06,5.73210570947163e-05
"ENSG00000174059.17","CD34"," protein_coding","chr1",10403.9110730339,-1.57963758226377,0.397265127195411,2.31163499277785e-06,3.49156954688364e-05
"ENSG00000174099.12","MSRB3"," protein_coding","chr12",4519.55284790149,-1.67138784908271,0.324676823656793,1.00010069255649e-08,3.05288829956155e-07
"ENSG00000174343.6","CHRNA9"," protein_coding","chr4",7.15730977601902,4.80549537795296,0.838388999167224,7.78906522287747e-05,0.000701518520112075
"ENSG00000174371.17","EXO1"," protein_coding","chr1",212.367446629612,2.58620137684955,0.401699404425595,6.08855134616037e-12,4.40737852736268e-10
"ENSG00000174469.23","CNTNAP2"," protein_coding","chr7",647.726948828537,4.508732024332,0.790383922715293,5.52399618985186e-10,2.36198224338384e-08
"ENSG00000174567.8","GOLT1A"," protein_coding","chr1",253.987341378111,1.27452441706053,0.556078682417359,0.000601161629028531,0.00386569656110322
"ENSG00000174611.12","KY"," protein_coding","chr3",158.208146527822,-3.53450680579764,0.404826495434069,1.07269857239141e-19,6.45302170505322e-17
"ENSG00000174788.10","PCP2"," protein_coding","chr19",88.2019647367766,2.70792278902565,0.623040071917328,6.1076624429051e-07,1.10530316543258e-05
"ENSG00000174804.4","FZD4"," protein_coding","chr11",9379.40463580263,-2.29447729113444,0.463889865610934,2.68818313367225e-08,7.25393640502387e-07
"ENSG00000174871.11","CNIH2"," protein_coding","chr11",72.8167829920539,2.37033134953454,0.343440140691652,2.55906566867688e-13,2.85266326663914e-11
"ENSG00000174885.13","NLRP6"," protein_coding","chr11",106.214393734555,3.36365147059077,0.599552897464884,1.00234439523254e-09,4.03414621762332e-08
"ENSG00000174943.11","KCTD13"," protein_coding","chr16",1077.15167941653,1.14292597119575,0.22442444526573,1.60590650070782e-08,4.61545994367351e-07
"ENSG00000174945.13","AMZ1"," protein_coding","chr7",108.911687143342,2.72903505647537,0.876780825668657,6.11870443563772e-05,0.000574354900360064
"ENSG00000174950.11","CD164L2"," protein_coding","chr1",97.5885268985375,-1.29730120720149,0.974130057637706,0.00240880255506471,0.0120789781472783
"ENSG00000175063.17","UBE2C"," protein_coding","chr20",475.480642224458,2.80694833253185,0.422410854565328,1.50714079706494e-12,1.32124747614053e-10
"ENSG00000175084.12","DES"," protein_coding","chr2",562.213990732989,-4.59097619972573,0.675052928790034,3.56695517256905e-13,3.81762677687444e-11
"ENSG00000175087.10","PDIK1L"," protein_coding","chr1",1238.56330157637,1.05025366971159,0.247528307314651,9.11802944733686e-07,1.55720590037705e-05
"ENSG00000175198.17","PCCA"," protein_coding","chr13",1663.44755379416,-1.21327021712884,0.308287404534117,2.91529270412313e-06,4.28103862540237e-05
"ENSG00000175262.14","C1orf127"," protein_coding","chr1",20.894430096856,1.75214299924637,0.626072278695736,0.000160889436275485,0.00128870370089255
"ENSG00000175264.8","CHST1"," protein_coding","chr11",591.264833874883,2.34561737340606,0.496935025704889,1.02385099467658e-07,2.36108295143824e-06
"ENSG00000175267.15","VWA3A"," protein_coding","chr16",70.0788776549757,2.44821908035547,0.819728897187764,9.0263671331984e-05,0.000792897723173276
"ENSG00000175274.19","TP53I11"," protein_coding","chr11",9298.91910093151,1.04255523362293,0.234513178747869,4.40721376303809e-07,8.32550597759404e-06
"ENSG00000175279.22","CENPS"," protein_coding","chr1",52.8511643166345,1.23919864780087,0.327379495524164,5.90862027251473e-06,7.85362552107853e-05
"ENSG00000175294.6","CATSPER1"," protein_coding","chr11",22.1117827159681,1.56845258022399,0.583808260359112,0.000223351726072551,0.00169449120991462
"ENSG00000175302.5","ANKRD30BP1"," unprocessed_pseudogene","chr21",22.3955542798527,2.40499435798287,0.91439340803319,0.000265502609381245,0.00195654002939355
"ENSG00000175305.17","CCNE2"," protein_coding","chr8",117.934363548678,2.01843323695196,0.262249446018821,7.38252410682388e-16,1.77643895593926e-13
"ENSG00000175315.3","CST6"," protein_coding","chr11",207.830197468482,2.88715286048209,0.707947045631052,1.81389538302582e-06,2.82790991104351e-05
"ENSG00000175336.10","APOF"," protein_coding","chr12",23.454012144699,2.34256706494952,0.691036861278967,2.60638459335743e-05,0.000280158240440031
"ENSG00000175356.14","SCUBE2"," protein_coding","chr11",25141.331528693,2.76371256466242,0.619195686808845,3.75420037406717e-07,7.29330764207002e-06
"ENSG00000175463.12","TBC1D10C"," protein_coding","chr11",430.874595947451,1.252205445659,0.484063739928008,0.000295080053530855,0.00213116086684849
"ENSG00000175591.12","P2RY2"," protein_coding","chr11",760.026318732149,1.24228577914569,0.471845782723916,0.000265426160788772,0.00195654002939355
"ENSG00000175643.10","RMI2"," protein_coding","chr16",442.754222920256,2.52823363045339,0.342684148213881,8.1778333655002e-15,1.412538534434e-12
"ENSG00000175745.14","NR2F1"," protein_coding","chr5",997.165419006778,-1.08423020141065,0.349429213417896,5.89140234786185e-05,0.000556430771876327
"ENSG00000175746.6","C15orf54"," lncRNA","chr15",2.11701367464844,1.23401812574361,1.75674358778026,0.0055980672424522,0.0238546854123595
"ENSG00000175785.13","PRIMA1"," protein_coding","chr14",413.493953295369,-2.21647588289199,0.359003839542381,2.61586974458358e-11,1.56552849499598e-09
"ENSG00000175857.8","GAPT"," protein_coding","chr5",194.587725523421,1.44325586067169,0.377940273513178,5.41897115378463e-06,7.28045138724295e-05
"ENSG00000175877.4","TMEM270"," protein_coding","chr7",19.1476769016203,5.11032812810241,0.898205426788824,1.00973207511826e-09,4.05414980816468e-08
"ENSG00000175895.4","PLEKHF2"," protein_coding","chr8",3131.33500409934,1.03107039664582,0.266958058957687,5.08224930234739e-06,6.91594229361165e-05
"ENSG00000175899.15","A2M"," protein_coding","chr12",59197.5841986905,-1.21490669319229,0.252302057024822,5.53548771081899e-08,1.37563177861955e-06
"ENSG00000175920.18","DOK7"," protein_coding","chr4",327.609167476299,2.9331578037348,0.635637698488564,1.71600063185865e-07,3.72344390834454e-06
"ENSG00000175946.8","KLHL38"," protein_coding","chr8",48.1192825482129,1.8419589130025,0.463841319359511,2.94185063399686e-06,4.30736674359415e-05
"ENSG00000175984.15","DENND2C"," protein_coding","chr1",224.00684837523,-1.04958691697129,0.289207936029281,9.75270575520289e-06,0.000121139785156562
"ENSG00000175985.10","PLEKHD1"," protein_coding","chr14",281.327120702061,3.47022800578252,0.641885460796032,3.03693099560045e-09,1.04808664062805e-07
"ENSG00000176014.13","TUBB6"," protein_coding","chr18",5874.28211655639,-1.59065478675476,0.423076777637597,5.61228306339019e-06,7.51701222129548e-05
"ENSG00000176058.13","TPRN"," protein_coding","chr9",1746.26717633216,2.22018397105395,0.246323244664109,9.58999233968253e-21,7.43565383830807e-18
"ENSG00000176076.7","KCNE5"," protein_coding","chrX",15.1599356059936,-2.80026325732421,0.605602233877744,1.02060546057896e-07,2.35671377399473e-06
"ENSG00000176092.16","CRYBG2"," protein_coding","chr1",110.375236512413,3.80356026453507,0.557438815162283,5.01358814640163e-13,5.09997387802039e-11
"ENSG00000176153.12","GPX2"," protein_coding","chr14",221.384729329244,-1.70719939206463,0.736641995650331,0.000457145023462046,0.00307504280193064
"ENSG00000176177.10","ENTHD1"," protein_coding","chr22",12.9468728124153,4.10976890639461,0.793837534822623,9.3615863032593e-09,2.89313647216138e-07
"ENSG00000176194.18","CIDEA"," protein_coding","chr18",5201.80767077847,-6.40388896941586,0.833517420164453,4.81114541028813e-16,1.23430643022326e-13
"ENSG00000176485.12","PLAAT3"," protein_coding","chr11",11794.243920934,-1.64811995329263,0.550875914447321,7.76838983311254e-05,0.000700017793561802
"ENSG00000176510.5","OR10AC1"," polymorphic_pseudogene","chr7",4.53562322662709,1.9609760920491,0.899098234500987,0.000831036978486731,0.00505856790236925
"ENSG00000176532.4","PRR15"," protein_coding","chr7",1181.79303750726,2.24803121910568,0.45612120996772,3.67881663201098e-08,9.6148008320221e-07
"ENSG00000176533.13","GNG7"," protein_coding","chr19",1130.19681776074,-1.34945363752318,0.344445330363295,3.1037587230788e-06,4.504710715763e-05
"ENSG00000176597.12","B3GNT5"," protein_coding","chr3",457.042831051864,-1.62106643730657,0.32182227197937,1.78637615167046e-08,5.0756067026005e-07
"ENSG00000176601.13","MAP3K19"," protein_coding","chr2",13.0241848054297,1.23456270432007,0.915492588110052,0.00295766832118648,0.0142339317785541
"ENSG00000176720.6","BOK"," protein_coding","chr2",4819.38849538787,-1.42762022882465,0.500248207748963,0.000120216761054555,0.001010475309553
"ENSG00000176788.9","BASP1"," protein_coding","chr5",1805.67030392536,1.43039084545424,0.562305769774405,0.000335571839881931,0.00237253030705582
"ENSG00000176890.16","TYMS"," protein_coding","chr18",178.000209435786,1.13713124171013,0.331726017931535,2.25997167265585e-05,0.000248354871277592
"ENSG00000176912.5","TYMSOS"," lncRNA","chr18",16.7507894745233,1.31130990134634,0.488103264372822,0.000240192694671255,0.00179879015019849
"ENSG00000176920.13","FUT2"," protein_coding","chr19",402.279214092836,1.85752797077006,0.516314208102131,1.23845441278316e-05,0.000148389124026158
"ENSG00000176956.13","LY6H"," protein_coding","chr8",23.3074634810108,1.39913557646226,1.16597205992615,0.00309249878987744,0.0147667134634753
"ENSG00000176974.20","SHMT1"," protein_coding","chr17",3206.66670956123,-1.7684005350454,0.435991187421015,1.6933030388544e-06,2.66611174768362e-05
"ENSG00000177202.3","SPACA4"," protein_coding","chr19",10.8003367614259,3.22284287103191,0.927707594326071,2.17549477986119e-05,0.000240358417872504
"ENSG00000177234.7","LINC01561"," lncRNA","chr10",15.5505980308181,6.5254450468537,1.06527998181891,1.19026022523268e-12,1.06759304675047e-10
"ENSG00000177238.14","TRIM72"," protein_coding","chr16",42.1301087120335,3.38742676211439,0.771663565732689,4.86984564029154e-07,9.0814422359921e-06
"ENSG00000177301.16","KCNA2"," protein_coding","chr1",191.11370182776,-3.51331975531002,0.686593350778513,9.92079940517339e-09,3.03371263843913e-07
"ENSG00000177398.18","UMODL1"," protein_coding","chr21",47.3141663656891,1.63871931163835,0.931113528327666,0.00161950263484109,0.00874541955025307
"ENSG00000177453.7","NIM1K"," protein_coding","chr5",120.429114081857,2.38396603880274,0.74454736440982,4.59558722420746e-05,0.000451802293152501
"ENSG00000177455.15","CD19"," protein_coding","chr16",55.9918372668529,1.64892127139485,0.923635574517106,0.00153386676018468,0.0083530740018111
"ENSG00000177469.13","CAVIN1"," protein_coding","chr17",41906.509456457,-1.94791236428903,0.413519348851566,7.85295369032124e-08,1.87926891089848e-06
"ENSG00000177494.6","ZBED2"," protein_coding","chr3",39.3860159068956,2.55682620026745,0.682557901342634,6.50755997722374e-06,8.53912279673988e-05
"ENSG00000177548.13","RABEP2"," protein_coding","chr16",1393.60834360043,1.08826395986061,0.202813457656401,3.33093443567089e-09,1.14052633361132e-07
"ENSG00000177570.15","SAMD12"," protein_coding","chr8",1477.67419772443,1.37708220780323,0.394109276275759,1.84023486475173e-05,0.000207523059683428
"ENSG00000177602.5","HASPIN"," protein_coding","chr17",59.5092160090441,1.11070913603472,0.350019530979836,5.48639383196923e-05,0.000523880041574271
"ENSG00000177627.11","C12orf54"," protein_coding","chr12",18.2417260592944,-2.09534657943436,0.408519579580453,1.18334037569338e-08,3.55012287603764e-07
"ENSG00000177666.17","PNPLA2"," protein_coding","chr11",16049.8966499168,-2.15121436665551,0.506430510291266,7.20152678447139e-07,1.26711281410485e-05
"ENSG00000177707.11","NECTIN3"," protein_coding","chr3",492.599765513582,-1.97987956176747,0.384183255434094,9.49909649835044e-09,2.92785314420446e-07
"ENSG00000177732.8","SOX12"," protein_coding","chr20",1970.96453013613,1.78454020005948,0.247158136667986,2.44501959767223e-14,3.52517267695793e-12
"ENSG00000177807.10","KCNJ10"," protein_coding","chr1",23.4086168981085,1.74708630030224,0.425118013693682,1.6906140596927e-06,2.66307969104912e-05
"ENSG00000177888.8","ZBTB41"," protein_coding","chr1",2899.6193836555,1.16828468713877,0.299233749381426,3.85377451151442e-06,5.45927919128094e-05
"ENSG00000177990.12","DPY19L2"," protein_coding","chr12",148.788974667915,-1.81051620194251,0.313977338029832,3.13552962956978e-10,1.44902999079893e-08
"ENSG00000178146.9","GK4P"," processed_pseudogene","chrX",12.4674590403719,1.13677272885029,0.323354307012383,1.86428561578912e-05,0.00020976068823121
"ENSG00000178187.8","ZNF454"," protein_coding","chr5",66.7176847912068,-1.21818221110642,0.206504198128007,1.53511565983024e-10,7.71782715952979e-09
"ENSG00000178199.14","ZC3H12D"," protein_coding","chr6",97.9042518004529,1.13507401129168,0.50641013701934,0.000669371266011748,0.00422792050007529
"ENSG00000178385.15","PLEKHM3"," protein_coding","chr2",1323.15530334087,-1.28291311155763,0.316244461309617,1.75198886471237e-06,2.74735476308671e-05
"ENSG00000178401.16","DNAJC22"," protein_coding","chr12",797.551501327674,1.60413842726353,0.776633675105902,0.000947841399286521,0.00564450149556341
"ENSG00000178403.4","NEUROG2"," protein_coding","chr4",28.934687692642,-3.64212382146766,0.913287565922956,1.86201246648773e-06,2.89129848545721e-05
"ENSG00000178458.5","H3P16"," processed_pseudogene","chr4",21.9973515792698,1.06719403840548,0.379780767091877,0.00016487216831284,0.00131600634897709
"ENSG00000178531.6","CTXN1"," protein_coding","chr19",551.9901107583,1.49862908994977,0.470112094467331,5.20146739298874e-05,0.000500784764924862
"ENSG00000178695.6","KCTD12"," protein_coding","chr13",11678.2478477472,-1.34002012626731,0.318690713953772,9.34177422176305e-07,1.59152267759538e-05
"ENSG00000178722.13","C5orf64"," lncRNA","chr5",24.6842936731008,-2.575366744841,0.497801373368367,8.76010362904028e-09,2.71929515765876e-07
"ENSG00000178772.7","CPN2"," protein_coding","chr3",17.1852244271353,1.26029954914421,1.53241455573164,0.00383045713948243,0.0175760757566651
"ENSG00000178773.15","CPNE7"," protein_coding","chr16",311.433738541962,2.67696243440011,0.540542615872284,3.30300628601599e-08,8.6846414713929e-07
"ENSG00000178796.13","RIIAD1"," protein_coding","chr1",16.7658211490319,1.92252125228091,0.652034901083914,0.000110577975388587,0.000942316040630737
"ENSG00000178803.12","ADORA2A-AS1"," lncRNA","chr22",30.3377928770636,2.14767794743987,0.657732856093172,4.00327114318572e-05,0.000402414674321213
"ENSG00000178828.7","RNF186"," protein_coding","chr1",30.3374951086167,-3.69787509054498,0.9336921678722,2.38767505189783e-06,3.59242648709647e-05
"ENSG00000178878.13","APOLD1"," protein_coding","chr12",7166.83323947862,-3.16000488041903,0.432957475751151,1.03003661027538e-14,1.71481010326119e-12
"ENSG00000178935.5","ZNF552"," protein_coding","chr19",2324.57836542328,1.68318254366238,0.473352253717073,1.47229925311134e-05,0.000171119231313484
"ENSG00000178947.9","SMIM10L2A"," protein_coding","chrX",489.091415685884,-2.21093283393716,0.414168173909059,3.51343822795581e-09,1.19271394063055e-07
"ENSG00000178966.17","RMI1"," protein_coding","chr9",746.503878369449,1.19888199666941,0.219648455464087,2.20601965782814e-09,8.00938937370258e-08
"ENSG00000178999.13","AURKB"," protein_coding","chr17",189.898152588839,2.1635762972471,0.470524686887058,1.87629178329232e-07,4.01347562994427e-06
"ENSG00000179023.8","KLHDC7A"," protein_coding","chr1",1572.67477617029,2.53227331914901,0.980493944973019,0.000285299674216618,0.00207512839964395
"ENSG00000179082.3","C9orf106"," lncRNA","chr9",20.4653818264132,1.31695290908945,0.550179793043148,0.00050254145142568,0.0033290628026758
"ENSG00000179094.16","PER1"," protein_coding","chr17",7047.57744511659,-3.29079699752742,0.310082567911415,7.94493145439267e-28,3.08007337083572e-24
"ENSG00000179241.13","LDLRAD3"," protein_coding","chr11",6007.54208379381,1.33212146641972,0.459611684473786,0.000130317977718216,0.00107900440450078
"ENSG00000179242.16","CDH4"," protein_coding","chr20",100.318444043866,-2.06205963968088,0.456810868417669,2.31661707690301e-07,4.82849978675168e-06
"ENSG00000179270.7","PCARE"," protein_coding","chr2",19.2990961532454,-4.0266201224009,0.610675446476556,1.58970094376865e-12,1.37975760271224e-10
"ENSG00000179314.14","WSCD1"," protein_coding","chr17",247.851006346359,-1.93817889392582,0.402910603480738,5.40153907488453e-08,1.34521841443109e-06
"ENSG00000179362.14","HMGN2P46"," transcribed_processed_pseudogene","chr15",88.8757132171084,1.4724492485954,0.564783584773311,0.000278681900660729,0.00203505445708529
"ENSG00000179388.9","EGR3"," protein_coding","chr8",2958.09996344571,-1.27437141583863,0.474205848825704,0.000195794229276453,0.00151742702214232
"ENSG00000179428.2","IL6-AS1"," lncRNA","chr7",16.8744114390212,-3.60717791450596,0.806780048197083,3.46524569816308e-07,6.80776394451621e-06
"ENSG00000179456.10","ZBTB18"," protein_coding","chr1",4044.52254611334,1.30395337069379,0.499209318687193,0.000295043070899363,0.00213116086684849
"ENSG00000179528.16","LBX2"," protein_coding","chr2",45.1583940737494,1.70056595329478,0.29876883052276,5.03920678293767e-10,2.17602678048859e-08
"ENSG00000179546.4","HTR1D"," protein_coding","chr1",77.9298554039474,4.5611077791598,0.741898302825609,3.93524490064114e-11,2.25089557095525e-09
"ENSG00000179603.18","GRM8"," protein_coding","chr7",26.435242116799,2.13306096501649,0.603342977467926,1.45078391190899e-05,0.000169125631374596
"ENSG00000179604.10","CDC42EP4"," protein_coding","chr17",7146.05460286807,-1.00734549382405,0.199012472980168,1.60241114699722e-08,4.60921082686563e-07
"ENSG00000179627.10","ZBTB42"," protein_coding","chr14",1579.97715208801,1.08360433646564,0.214593210576289,2.28187394113297e-08,6.27515142569927e-07
"ENSG00000179636.15","TPPP2"," protein_coding","chr14",7.86507071351673,-3.28997080533786,0.588323420432672,2.0090614001533e-09,7.40995362714046e-08
"ENSG00000179698.14","WDR97"," protein_coding","chr8",81.6955985679715,1.08043051576603,0.643586236820532,0.0019125307189527,0.0100030144378622
"ENSG00000179796.12","LRRC3B"," protein_coding","chr3",57.9351119092334,-4.34783681614678,0.402240765383744,1.41683564808625e-28,7.06211608533964e-25
"ENSG00000179841.8","AKAP5"," protein_coding","chr14",339.134143867275,1.78783277455363,0.44928364555045,2.76565409849904e-06,4.09230013361874e-05
"ENSG00000179902.13","C1orf194"," protein_coding","chr1",27.4662727649804,2.46283406454861,0.73302410295865,2.95633117789567e-05,0.000311381394101528
"ENSG00000179909.15","ZNF154"," protein_coding","chr19",268.475078048839,-1.25856166375479,0.377743676223396,2.7695011034854e-05,0.000294965393778111
"ENSG00000179918.19","SEPHS2"," protein_coding","chr16",5324.05566573048,1.0544568402237,0.229238981687345,2.35458248523831e-07,4.901774313392e-06
"ENSG00000179921.15","GPBAR1"," protein_coding","chr2",221.296816103344,-3.74182403271425,0.561941918041713,9.90303628266147e-13,9.16364047779521e-11
"ENSG00000179934.7","CCR8"," protein_coding","chr3",31.918122658116,4.50082471628112,0.686405950223431,3.28281706453634e-12,2.60319932269858e-10
"ENSG00000179958.10","DCTPP1"," protein_coding","chr16",1686.17413172728,1.04804091278525,0.258903842428532,2.43787329903248e-06,3.65848762479752e-05
"ENSG00000180044.5","C3orf80"," protein_coding","chr3",160.903198901583,2.22441816909059,0.554862369484419,2.31529869171402e-06,3.49559007583704e-05
"ENSG00000180263.14","FGD6"," protein_coding","chr12",2001.94778784729,1.32124741663717,0.466696139229399,0.000152203497230747,0.00123014413293444
"ENSG00000180269.8","GPR139"," protein_coding","chr16",21.918443835681,4.42295223313127,2.21857867251349,0.00741892895896827,0.0299180782566677
"ENSG00000180287.17","PLD5"," protein_coding","chr1",35.6685765354803,-3.02699444420834,0.596862070165263,1.58652287602592e-08,4.56727472503469e-07
"ENSG00000180340.7","FZD2"," protein_coding","chr17",363.688522819243,1.1112786533991,0.333728258254719,3.308267937698e-05,0.000341909883335962
"ENSG00000180354.16","MTURN"," protein_coding","chr7",7410.50404452863,-2.30103820014526,0.445348943031141,8.68171821116736e-09,2.69736269016777e-07
"ENSG00000180440.4","SERTM1"," protein_coding","chr13",22.1378571441786,-4.39681203408058,0.862105654361505,1.27977219546236e-08,3.78732244884454e-07
"ENSG00000180525.13","PRR26"," lncRNA","chr10",52.0491202099897,-2.6586565257558,0.427500759535086,1.82615263778501e-11,1.14804129162084e-09
"ENSG00000180537.13","RNF182"," protein_coding","chr6",40.6781983274092,-1.99773159244417,0.483814137076915,1.23802983570235e-06,2.03180145801933e-05
"ENSG00000180539.8","C9orf139"," lncRNA","chr9",38.0043140368529,1.01584439833644,0.572524561433957,0.0016275829521535,0.00877848149383023
"ENSG00000180549.8","FUT7"," protein_coding","chr9",21.5052299873366,2.23436074566985,0.52722025602269,8.76841084303575e-07,1.5033838954514e-05
"ENSG00000180573.9","H2AC6"," protein_coding","chr6",4702.1243515725,2.04158960622304,0.49638653571903,1.70130210190531e-06,2.67629087635609e-05
"ENSG00000180596.7","H2BC4"," protein_coding","chr6",375.453252822797,3.82784461774394,0.567039389390288,7.16029500542614e-13,6.95904883103965e-11
"ENSG00000180638.19","SLC47A2"," protein_coding","chr17",23.6299178159291,-1.74182501039217,0.440138263450216,2.94309773773421e-06,4.30736674359415e-05
"ENSG00000180667.10","YOD1"," protein_coding","chr1",737.922148181577,1.03585617122331,0.275619813331356,6.82386124617e-06,8.88115771799782e-05
"ENSG00000180769.10","WDFY3-AS2"," lncRNA","chr4",254.15116418407,-1.10108081563374,0.270724253740337,1.63592055555897e-06,2.58743898930226e-05
"ENSG00000180777.14","ANKRD30B"," protein_coding","chr18",368.962070682057,1.49096561908231,1.25542847735069,0.00311815940957165,0.0148709267303669
"ENSG00000180815.14","MAP3K15"," protein_coding","chrX",11.8329545866886,-1.15926919499534,0.380953181492947,8.17908608872374e-05,0.000730797676623969
"ENSG00000180818.5","HOXC10"," protein_coding","chr12",789.526450511121,1.08006542676266,1.68227741432481,0.00433299543094706,0.0194097501067112
"ENSG00000180871.8","CXCR2"," protein_coding","chr2",61.2691069480805,-1.13835199144918,0.596836841561786,0.00114762193815588,0.00659122255871554
"ENSG00000180875.5","GREM2"," protein_coding","chr1",209.496497747838,-2.09775553277812,0.69645355226649,6.97810631931043e-05,0.000640887358744565
"ENSG00000180914.10","OXTR"," protein_coding","chr3",6583.59196289704,-4.67477980465655,0.687235979453729,3.47190590533874e-13,3.72733135209766e-11
"ENSG00000180921.7","FAM83H"," protein_coding","chr8",5178.59221520314,1.3815898459811,0.42631863331812,4.57651644234837e-05,0.000450308051861188
"ENSG00000181085.15","MAPK15"," protein_coding","chr8",379.280679600779,2.57784114520864,0.651884834918537,3.06693174573933e-06,4.45496734140679e-05
"ENSG00000181092.10","ADIPOQ"," protein_coding","chr3",29015.1224030234,-5.14880138162692,0.775796061835393,1.02238087282838e-12,9.3381913701191e-11
"ENSG00000181195.11","PENK"," protein_coding","chr8",139.699087831424,-3.92178136803296,0.694526488667173,5.58579158200288e-10,2.38548169017947e-08
"ENSG00000181215.15","C4orf50"," protein_coding","chr4",10.5880391531123,2.29807365643061,0.660117305194198,1.75338805743956e-05,0.000199275122840794
"ENSG00000181585.7","TMIE"," protein_coding","chr3",30.6447356633286,-1.58684114233008,0.355893780919015,2.87415626260994e-07,5.85418483121561e-06
"ENSG00000181649.8","PHLDA2"," protein_coding","chr11",394.772842838167,1.08389721283018,0.643506667173375,0.00187891130148086,0.00986711231486584
"ENSG00000181744.9","DIPK2A"," protein_coding","chr3",1309.0774171937,-1.15271523023607,0.249272159367524,1.283332507073e-07,2.88138703373771e-06
"ENSG00000181778.5","TMEM252"," protein_coding","chr9",19.3633662512923,-2.8592608492503,0.492348540462198,2.50829210389435e-10,1.18106369496596e-08
"ENSG00000181788.4","SIAH2"," protein_coding","chr3",3731.5659204764,1.86472993370647,0.32216282244349,3.45225941600579e-10,1.56623677357224e-08
"ENSG00000181804.15","SLC9A9"," protein_coding","chr3",767.060392812549,-1.52295325972174,0.377698368831007,1.83125960939679e-06,2.85115926066325e-05
"ENSG00000181847.12","TIGIT"," protein_coding","chr3",249.611195185525,2.44780376347264,0.544469459514321,2.99354696336633e-07,6.05845980851592e-06
"ENSG00000181856.15","SLC2A4"," protein_coding","chr17",1192.64403777895,-4.69323189175143,0.653517563525369,2.36600097273614e-14,3.43967249748902e-12
"ENSG00000182010.11","RTKN2"," protein_coding","chr10",245.85784613604,1.64412463676394,0.400521557326689,1.67148588260735e-06,2.636519617091e-05
"ENSG00000182021.10","AL591379.1"," transcribed_unprocessed_pseudogene","chr9",4.58287721154812,-4.85635543500678,1.33980352941927,1.76395787945e-06,2.76100206445453e-05
"ENSG00000182022.18","CHST15"," protein_coding","chr10",3570.50877362957,1.03382445154377,0.294797901247021,1.8013092361002e-05,0.000204056755054455
"ENSG00000182118.8","FAM89A"," protein_coding","chr1",1089.86150285868,-3.31025460076405,0.564699327645274,1.61698296650238e-10,8.03677388664309e-09
"ENSG00000182183.15","SHISAL2A"," protein_coding","chr1",30.2107140865218,1.85243051625698,0.482770595536763,5.37019763817568e-06,7.23220885196263e-05
"ENSG00000182253.15","SYNM"," protein_coding","chr15",11501.8544070176,-3.83385712634773,0.428178469896477,1.33865614678248e-20,9.93767055689098e-18
"ENSG00000182263.14","FIGN"," protein_coding","chr2",365.442793204242,-2.83315675054492,0.448623532006278,1.00424770588238e-11,6.80372945746447e-10
"ENSG00000182272.12","B4GALNT4"," protein_coding","chr11",1045.05240179346,1.18105154503788,0.614887754635956,0.001324515994728,0.00742030950097214
"ENSG00000182325.11","FBXL6"," protein_coding","chr8",537.106623203663,1.15485335982687,0.17922439205012,5.40510853986868e-12,4.02110111011851e-10
"ENSG00000182379.10","NXPH4"," protein_coding","chr12",165.348368456883,2.12561376540929,0.586075445787268,1.06683897211269e-05,0.000130907740816484
"ENSG00000182459.5","TEX19"," protein_coding","chr17",2.08638648132059,2.43197015561088,1.27934580376747,0.00133490288200165,0.00746770826614068
"ENSG00000182463.16","TSHZ2"," protein_coding","chr20",2451.60933562637,-2.24562165243599,0.364773282942657,2.89234894724612e-11,1.69893850367617e-09
"ENSG00000182481.10","KPNA2"," protein_coding","chr17",3480.0480256081,1.2078754798599,0.242466732931669,3.18227836540818e-08,8.40521381131392e-07
"ENSG00000182489.9","XKRX"," protein_coding","chrX",29.2420084421518,1.1279142000296,0.601514991433035,0.00140022913440375,0.00776345061631676
"ENSG00000182492.16","BGN"," protein_coding","chrX",23247.3693316257,2.39817952244828,0.396245803645715,7.90825004932565e-11,4.20620049498508e-09
"ENSG00000182568.17","SATB1"," protein_coding","chr3",1761.3213460528,-1.034046282284,0.374885061000875,0.000141018685340971,0.00115364195785037
"ENSG00000182600.9","SNORC"," protein_coding","chr2",249.295214694345,-1.96318486644981,0.609736972085213,3.70065319314503e-05,0.000376331945677712
"ENSG00000182631.7","RXFP3"," protein_coding","chr5",3.09318456754323,2.62587625503136,0.860932314611213,0.000104326592773772,0.000897671799869218
"ENSG00000182636.8","NDN"," protein_coding","chr15",2006.9476283693,-2.01809429339502,0.397802701937527,1.43635966351915e-08,4.20084032018833e-07
"ENSG00000182685.7","BRICD5"," protein_coding","chr16",64.0856960321183,1.15638586920342,0.475518443039583,0.000432379442499844,0.00293962414814148
"ENSG00000182732.18","RGS6"," protein_coding","chr14",206.072609879631,-3.18943034854833,0.545733882049736,1.78334006719798e-10,8.71463841521077e-09
"ENSG00000182759.4","MAFA"," protein_coding","chr8",2.19402061633512,1.97171235252098,1.34075869474657,0.00213623991284606,0.0109610094625097
"ENSG00000182791.5","CCDC87"," protein_coding","chr11",77.0562312706849,1.7364002882604,0.369171002651188,1.15488065713551e-07,2.62166174418446e-06
"ENSG00000182836.10","PLCXD3"," protein_coding","chr5",204.611654519509,-2.50840611190916,0.454550277224309,1.243114356004e-09,4.84079274501514e-08
"ENSG00000182885.17","ADGRG3"," protein_coding","chr16",72.6193484683476,-2.22076845114596,0.614734132292623,9.2968558949408e-06,0.000116316921405453
"ENSG00000182902.14","SLC25A18"," protein_coding","chr22",166.810864372708,-1.8974775669193,0.550945484527515,1.71706267419036e-05,0.000195784424069202
"ENSG00000182950.3","ODF3L1"," protein_coding","chr15",60.8595285940009,-2.84123681731923,0.491866657249498,2.6622808794042e-10,1.24516946599587e-08
"ENSG00000183010.17","PYCR1"," protein_coding","chr17",1678.38607435956,1.4797025733708,0.469677899123676,5.72792136476141e-05,0.000543226160200843
"ENSG00000183044.12","ABAT"," protein_coding","chr16",4172.26964927552,2.32584455823704,0.461277610252494,2.27442723578025e-08,6.26338126942453e-07
"ENSG00000183060.15","LYSMD4"," protein_coding","chr15",443.225460281487,-1.28804823171103,0.236593699853482,2.08002200092658e-09,7.63015838267767e-08
"ENSG00000183145.9","RIPPLY3"," protein_coding","chr21",124.00372297464,3.66660883711167,0.558694791126898,2.8451693269231e-12,2.28734569091414e-10
"ENSG00000183150.8","GPR19"," protein_coding","chr12",33.0179345266427,1.58139346299359,0.332067053981388,9.09696657204194e-08,2.13595061012864e-06
"ENSG00000183155.5","RABIF"," protein_coding","chr1",919.462637527511,1.09200207213133,0.176104984132315,2.5817198406427e-11,1.54774548041004e-09
"ENSG00000183161.6","FANCF"," protein_coding","chr11",1088.43110896632,1.11255287951347,0.198324637970326,9.55349522589472e-10,3.87594188286852e-08
"ENSG00000183196.10","CHST6"," protein_coding","chr16",100.678561122799,1.46917811695566,0.741365018576453,0.0011184728122317,0.00645248592783999
"ENSG00000183242.12","WT1-AS"," lncRNA","chr11",2.69546013587596,2.51601845876058,1.06631444391277,0.000712221564044733,0.00444784725095486
"ENSG00000183248.12","PRR36"," protein_coding","chr19",1308.46047367067,2.24468958581224,0.573263014617798,3.77570073894064e-06,5.3595595802432e-05
"ENSG00000183317.17","EPHA10"," protein_coding","chr1",355.363815816276,1.50645240023357,0.566425836259573,0.000245570036568848,0.00183394352438435
"ENSG00000183323.13","CCDC125"," protein_coding","chr5",1603.10581694028,1.02271022393077,0.225512487718597,2.4994415087329e-07,5.16023749592897e-06
"ENSG00000183454.18","GRIN2A"," protein_coding","chr16",120.224108115929,-1.40084832524876,0.507829707424229,0.000159829427851404,0.00128227375653331
"ENSG00000183484.12","GPR132"," protein_coding","chr14",352.642163830893,1.66026100574067,0.401809489958031,1.50238429329632e-06,2.40126845521768e-05
"ENSG00000183562.3","AC131971.1"," lncRNA","chr11",8.40979548641017,1.76028322611137,0.529035799253048,3.76198451738191e-05,0.000381457139773241
"ENSG00000183638.6","RP1L1"," protein_coding","chr8",21.8229183579859,-1.52742877697424,0.353868694110236,6.12476724691142e-07,1.10614505916003e-05
"ENSG00000183682.8","BMP8A"," protein_coding","chr1",328.706561347477,2.92508192033122,0.286229360414072,9.3267105925391e-26,2.50321737910986e-22
"ENSG00000183722.9","LHFPL6"," protein_coding","chr13",5042.33472565822,-1.68057448490849,0.277955552953976,5.9171761305201e-11,3.23092632816865e-09
"ENSG00000183734.4","ASCL2"," protein_coding","chr11",193.588963058933,3.53232722014336,0.500815486925322,9.51689460456422e-14,1.18168672472545e-11
"ENSG00000183779.7","ZNF703"," protein_coding","chr8",5984.64578215897,1.50308747505003,0.405362643543042,9.38196792761999e-06,0.000117202378432721
"ENSG00000183813.7","CCR4"," protein_coding","chr3",186.904827418415,2.45012486909065,0.620775320972545,3.14871255513275e-06,4.55573962118932e-05
"ENSG00000183850.14","ZNF730"," protein_coding","chr19",25.8405414856827,1.49843943865951,0.426737330653566,1.79045710106883e-05,0.000203025150189771
"ENSG00000183853.18","KIRREL1"," protein_coding","chr1",4800.19131651045,-1.00710751012223,0.303745147232522,2.5972591243623e-05,0.00027934947012369
"ENSG00000183856.11","IQGAP3"," protein_coding","chr1",740.778224732315,3.13852677181073,0.42387569523745,6.94973752184868e-15,1.22971165504992e-12
"ENSG00000183873.18","SCN5A"," protein_coding","chr3",79.0694411653651,-1.7644295551087,0.698425154538952,0.000283061178642791,0.00206013508219141
"ENSG00000183876.9","ARSI"," protein_coding","chr5",199.655424503168,1.64439132999269,0.499367239545584,3.6088697724937e-05,0.000368070959462372
"ENSG00000183918.17","SH2D1A"," protein_coding","chrX",124.321432142502,1.28289740424713,0.536807476908997,0.00047751635948239,0.00319360231909144
"ENSG00000183960.9","KCNH8"," protein_coding","chr3",92.4913432190579,-2.73174657041809,0.605993116600845,2.26249115339317e-07,4.72698076844558e-06
"ENSG00000183971.10","NPW"," protein_coding","chr16",16.1609848262705,3.68682916475523,0.794133382107144,0.0119866140525914,0.0439727632119615
"ENSG00000184254.17","ALDH1A3"," protein_coding","chr15",1327.72787300497,-2.00398957837427,0.482152742320111,1.08863224754818e-06,1.81305335318394e-05
"ENSG00000184271.17","POU6F1"," protein_coding","chr12",743.916882847981,-1.0784548010351,0.166229587067433,3.68669837241179e-12,2.87768664232259e-10
"ENSG00000184304.16","PRKD1"," protein_coding","chr14",615.949193451317,-1.49352122655148,0.328453759430806,1.99169983304934e-07,4.21677177639105e-06
"ENSG00000184347.15","SLIT3"," protein_coding","chr5",7329.80896405773,-2.14400517605572,0.402330567405041,3.6761252516206e-09,1.23568098414542e-07
"ENSG00000184350.11","MRGPRE"," protein_coding","chr11",47.3097121972709,1.4750901798296,0.414345681948016,0.00662799800887064,0.0272934590496289
"ENSG00000184384.14","MAML2"," protein_coding","chr11",2762.59728344505,-2.27563072921155,0.33375659510415,3.66657597770491e-13,3.91224778098171e-11
"ENSG00000184492.6","FOXD4L1"," protein_coding","chr2",5.72892768260421,2.9447120029103,0.63009131038868,1.8963060911953e-07,4.04178471764785e-06
"ENSG00000184500.16","PROS1"," protein_coding","chr3",2761.32106766231,-1.73339810606355,0.268921635877953,4.72761382595341e-12,3.5626603456013e-10
"ENSG00000184557.4","SOCS3"," protein_coding","chr17",10631.5004377695,-1.72133601135802,0.629530222591508,0.000160772544387978,0.00128806311050308
"ENSG00000184601.11","C14orf180"," protein_coding","chr14",777.647190467787,-5.63082224097403,0.903591937107945,1.35490506965401e-11,8.95340772448827e-10
"ENSG00000184613.11","NELL2"," protein_coding","chr12",2803.61508250976,4.16279308413369,0.65892249525837,1.33404245141659e-11,8.83227232872414e-10
"ENSG00000184661.14","CDCA2"," protein_coding","chr8",185.416404584906,1.95265289077816,0.440610016567628,4.02534541107772e-07,7.72968226405683e-06
"ENSG00000184678.10","H2BC21"," protein_coding","chr1",3365.30194350136,2.54669916677596,0.442282483012489,4.12197064651109e-10,1.81734063954657e-08
"ENSG00000184730.11","APOBR"," protein_coding","chr16",1036.02169220731,2.40610556672029,0.540188585899809,3.54182808604736e-07,6.9425799859707e-06
"ENSG00000184774.10","MGAT4EP"," transcribed_unitary_pseudogene","chr1",7.59035116069356,2.03592871714081,0.717477592249918,0.000169753442270879,0.00134785379050122
"ENSG00000184785.6","SMIM10"," protein_coding","chrX",374.192301415271,-1.61929019128647,0.369818428639106,4.26319651660627e-07,8.10611387797872e-06
"ENSG00000184811.4","TRARG1"," protein_coding","chr17",12714.4015839366,-5.51078331331067,0.776173872601863,4.0193409548983e-14,5.4780791116155e-12
"ENSG00000184905.9","TCEAL2"," protein_coding","chrX",98.9755989889537,-2.84561843105646,0.461425308251279,2.84640341956994e-11,1.67477001201037e-09
"ENSG00000184925.12","LCN12"," protein_coding","chr9",72.4764536712062,1.83206609945577,0.53591710636274,2.37852231788711e-05,0.000258613344323462
"ENSG00000184937.16","WT1"," protein_coding","chr11",20.3421540481285,3.84979440117709,0.872005712449592,5.11280220231507e-07,9.47375367185211e-06
"ENSG00000184992.13","BRI3BP"," protein_coding","chr12",1400.80276824146,1.27583787780499,0.275910846123619,1.6803529241524e-07,3.65290927580072e-06
"ENSG00000185008.17","ROBO2"," protein_coding","chr3",988.513158741582,4.64745881357642,0.823572759780586,7.72995350722068e-10,3.21844639403863e-08
"ENSG00000185010.15","F8"," protein_coding","chrX",2448.24182105696,-1.19302387176268,0.404034172953646,9.25674869397664e-05,0.000809263890457377
"ENSG00000185022.12","MAFF"," protein_coding","chr22",1942.23617131347,-1.58926408168506,0.308391878140219,9.430253403694e-09,2.90920399211572e-07
"ENSG00000185038.14","MROH2A"," protein_coding","chr2",4.12469802311516,-1.71523760968976,0.590861388716438,0.000144528070016484,0.00117765737761446
"ENSG00000185053.14","SGCZ"," protein_coding","chr8",15.6909654965567,-3.53608833756818,0.831383440531868,6.83618486242409e-07,1.21570502566177e-05
"ENSG00000185090.14","MANEAL"," protein_coding","chr1",292.605282409741,1.20417477466014,0.38244234530387,5.77148041138486e-05,0.000546614340482164
"ENSG00000185101.13","ANO9"," protein_coding","chr11",737.928518679566,1.6705749879588,0.453502323952798,8.84500664334738e-06,0.000111573075485551
"ENSG00000185112.6","FAM43A"," protein_coding","chr3",980.010649384655,-1.2772008799078,0.470038234036383,0.000179704760767387,0.0014110561840924
"ENSG00000185130.5","H2BC13"," protein_coding","chr6",4.17141833974425,2.5539251043773,0.784009027138475,6.30077475373927e-05,0.000588752897516649
"ENSG00000185156.6","MFSD6L"," protein_coding","chr17",141.451731915819,1.21469187727294,0.77343994731192,0.00218594146991048,0.0111701352997432
"ENSG00000185187.13","SIGIRR"," protein_coding","chr11",2222.79669778363,1.10793379913258,0.203993050229535,2.68133084995953e-09,9.45948581253163e-08
"ENSG00000185271.9","KLHL33"," protein_coding","chr14",52.4280963824377,-2.06268727904287,0.469216753695157,3.80218697262604e-07,7.3578538913974e-06
"ENSG00000185290.4","NUPR2"," protein_coding","chr7",151.087797189264,2.05203093859208,0.660340984820579,6.43282098440427e-05,0.000598846203219983
"ENSG00000185345.23","PRKN"," protein_coding","chr6",305.449603073228,-2.40592169644699,0.262394622716506,1.99605786131718e-21,1.8822825632221e-18
"ENSG00000185352.8","HS6ST3"," protein_coding","chr13",336.242691471264,2.2310755613778,1.02817735786988,0.000720662490273311,0.00448770925363664
"ENSG00000185420.19","SMYD3"," protein_coding","chr1",1200.61835193243,1.15103549389101,0.242045557227192,8.34899680595032e-08,1.98301461917231e-06
"ENSG00000185432.12","METTL7A"," protein_coding","chr12",8678.92652573648,-1.96639408782367,0.28027496295952,9.37639466972438e-14,1.17053823387838e-11
"ENSG00000185442.13","FAM174B"," protein_coding","chr15",3609.876568206,1.38255459183566,0.402530504419777,2.30902301087798e-05,0.000252552106183523
"ENSG00000185467.7","KPNA7"," protein_coding","chr7",11.4550903266814,1.7275968753547,0.597296197574283,0.00013333991075457,0.0011000053640372
"ENSG00000185480.12","PARPBP"," protein_coding","chr12",135.724083835923,1.06042208156796,0.276244781093258,5.07579673025067e-06,6.91255361885933e-05
"ENSG00000185499.16","MUC1"," protein_coding","chr1",18980.025722919,2.91470540340212,0.6576969653282,4.17666819721539e-07,7.97199836263907e-06
"ENSG00000185507.21","IRF7"," protein_coding","chr11",1549.58103995248,1.75384109257415,0.237849996932763,8.4148742674076e-15,1.44119375954283e-12
"ENSG00000185518.12","SV2B"," protein_coding","chr15",315.576805297615,-2.16272885976595,0.40288043953331,2.93791572595938e-09,1.01794257789919e-07
"ENSG00000185522.9","LMNTD2"," protein_coding","chr11",136.122914637107,1.66345609715639,0.343915134249446,5.75437482566877e-08,1.42293332418433e-06
"ENSG00000185527.12","PDE6G"," protein_coding","chr17",37.6055160484447,1.31930998994115,0.554494325579767,0.000477384055086705,0.00319360231909144
"ENSG00000185615.16","PDIA2"," protein_coding","chr16",12.635683927228,-1.31089585757272,0.680374371077114,0.00111103780748611,0.00641383523179976
"ENSG00000185630.19","PBX1"," protein_coding","chr1",15235.6386918795,1.05472504557195,0.278747607027628,6.31642883998453e-06,8.32901441977734e-05
"ENSG00000185674.9","LYG2"," protein_coding","chr2",4.77351608196567,1.81729959357082,0.668248018390143,0.000259499297236555,0.00192029479955051
"ENSG00000185697.16","MYBL1"," protein_coding","chr8",366.784214471179,1.33059911167904,0.459515613215565,0.000125674332024419,0.00104901988484785
"ENSG00000185745.10","IFIT1"," protein_coding","chr10",3299.93954789789,1.34146799562515,0.535821460303991,0.00036713861144595,0.00255430374715067
"ENSG00000185760.17","KCNQ5"," protein_coding","chr6",130.393562870875,2.15784930636404,0.611180237978105,1.55096192328635e-05,0.000179009634354562
"ENSG00000185761.11","ADAMTSL5"," protein_coding","chr19",192.039637801523,1.06388043233758,0.396169521190618,0.000236464014428296,0.00177773452433046
"ENSG00000185842.15","DNAH14"," protein_coding","chr1",404.63523563826,1.39119178646672,0.419897037459057,3.36355167539394e-05,0.000346313124656958
"ENSG00000185920.16","PTCH1"," protein_coding","chr9",719.167935305973,-2.02618509424547,0.329363697326714,3.01819115158004e-11,1.75805855542202e-09
"ENSG00000185933.7","CALHM1"," protein_coding","chr10",7.52332621536015,2.71450811964207,0.717203184685425,7.38975239977803e-06,9.521264807262e-05
"ENSG00000185950.9","IRS2"," protein_coding","chr13",4536.29216794032,-1.42018729092254,0.459519673440243,5.71078086583623e-09,1.84837528005465e-07
"ENSG00000186074.19","CD300LF"," protein_coding","chr17",118.049671646128,1.12854790047415,0.475705179397184,0.000505416180884715,0.00334455010777435
"ENSG00000186081.12","KRT5"," protein_coding","chr12",26312.7097639335,-3.29072338851309,0.793248974380896,9.97496157523177e-07,1.68540621947415e-05
"ENSG00000186086.18","NBPF6"," protein_coding","chr1",62.516900013509,3.87109862121597,0.913824723682053,9.57215619368612e-07,1.62600828507255e-05
"ENSG00000186105.8","LRRC70"," protein_coding","chr5",46.6673015332077,-1.5912092810729,0.452035952322377,1.33866923090727e-05,0.000158276882872197
"ENSG00000186150.5","UBL4B"," protein_coding","chr1",10.6924755749265,-2.93219711791983,0.48163729456048,0.000166244502538719,0.00132463903812924
"ENSG00000186185.14","KIF18B"," protein_coding","chr17",206.96218101516,2.8047712794402,0.537700949358481,8.50811202992080e-09,2.64814038212281e-07
"ENSG00000186193.9","SAPCD2"," protein_coding","chr9",301.460194987457,1.00883346298677,0.695328304445812,0.00257437582231795,0.0127371733999568
"ENSG00000186198.4","SLC51B"," protein_coding","chr15",30.1295172480244,-1.23791059599886,0.416062572957461,9.12211210630635e-05,0.000800300763140898
"ENSG00000186205.13","MTARC1"," protein_coding","chr1",2804.06731927869,-3.63643347766701,0.540874582782656,6.42922019837039e-13,6.31734521816863e-11
"ENSG00000186231.17","KLHL32"," protein_coding","chr6",30.622479967641,-1.15078341016833,0.427045540084991,0.000206057176413503,0.00158255358623014
"ENSG00000186326.4","RGS9BP"," protein_coding","chr19",18.6106624920019,1.70671469420806,0.536114347105585,5.19171546476061e-05,0.000500536458361322
"ENSG00000186340.16","THBS2"," protein_coding","chr6",6558.70390863055,1.38447166572507,0.558372227672349,0.000391357119276866,0.00269751901396467
"ENSG00000186417.14","GLDN"," protein_coding","chr15",427.469382090452,-2.83597102725755,0.479767011166885,1.24527448136105e-10,6.36147466020037e-09
"ENSG00000186462.9","NAP1L2"," protein_coding","chrX",230.101743973595,-2.21943227677097,0.349679492081472,8.91433591710322e-12,6.16126294702132e-10
"ENSG00000186466.5","AQP7P1"," unprocessed_pseudogene","chr9",111.307091953739,-6.36465331249783,0.863905631576444,5.62617949790792e-15,1.02776454901312e-12
"ENSG00000186493.13","C5orf38"," protein_coding","chr5",1553.3098870221,2.3625160744197,0.666294791355949,1.43237091511474e-05,0.000167314541678166
"ENSG00000186564.6","FOXD2"," protein_coding","chr1",144.508565390238,3.09569310711634,0.473434584153916,2.7373867647813e-12,2.23677193466006e-10
"ENSG00000186583.12","SPATC1"," protein_coding","chr8",12.4737168317034,1.4233326746906,0.706704754613133,0.00109629448751722,0.00634973621579739
"ENSG00000186638.16","KIF24"," protein_coding","chr9",316.678640198184,1.14618382819695,0.360076753962923,5.1949390774631e-05,0.000500622920688023
"ENSG00000186642.16","PDE2A"," protein_coding","chr11",2445.03860374771,-2.89948381453129,0.439502926142911,1.555239419667e-12,1.35659646479003e-10
"ENSG00000186810.8","CXCR3"," protein_coding","chrX",195.169098780458,1.69765530488802,0.515760687367401,3.620165926919e-05,0.000369007330868042
"ENSG00000186818.12","LILRB4"," protein_coding","chr19",1207.12087972679,1.46783531831958,0.582646075549859,0.000366613717342965,0.00255116059270311
"ENSG00000186832.9","KRT16"," protein_coding","chr17",647.1353911108,-3.20269702610339,0.478448131895655,8.00977692569755e-13,7.67772326138773e-11
"ENSG00000186847.6","KRT14"," protein_coding","chr17",19428.8951770908,-3.08982127653347,0.744503726661728,9.84563996883869e-07,1.66684872835982e-05
"ENSG00000186868.16","MAPT"," protein_coding","chr17",5052.37170876074,1.14368194993798,0.457610840805661,0.000404953068352983,0.0027786071795288
"ENSG00000186871.7","ERCC6L"," protein_coding","chrX",130.540943548644,2.29396546574132,0.382566732769267,1.02033961047931e-10,5.35348411266668e-09
"ENSG00000186891.14","TNFRSF18"," protein_coding","chr1",278.53739711869,2.66541999190481,0.330628017020588,3.88409461271124e-17,1.36888833466776e-14
"ENSG00000186907.8","RTN4RL2"," protein_coding","chr11",118.040630695406,1.21233770327633,0.257227645098301,1.03286857591117e-07,2.37873382720242e-06
"ENSG00000186951.16","PPARA"," protein_coding","chr22",1496.8938835846,-1.5782557419401,0.31557672158021,2.12110046212747e-08,5.88761465585438e-07
"ENSG00000186973.11","FAM183A"," protein_coding","chr1",51.5541227236377,1.22467797006737,0.903859271229532,0.0028302638702176,0.0137287274705633
"ENSG00000186994.11","KANK3"," protein_coding","chr19",577.348540754429,-2.13112778111856,0.500817275698938,6.99334630090877e-07,1.23860327809649e-05
"ENSG00000187017.17","ESPN"," protein_coding","chr1",913.054506939521,1.35483349647646,0.610297964377725,0.000725114315918117,0.00451017485460881
"ENSG00000187037.8","GPR141"," protein_coding","chr7",37.427416108619,1.42712232521565,0.505223472975669,0.000157721482648767,0.00126915596196913
"ENSG00000187045.19","TMPRSS6"," protein_coding","chr22",303.62406114488,2.75941997216613,0.694511900163291,2.83615550696273e-06,4.18419880733347e-05
"ENSG00000187123.15","LYPD6"," protein_coding","chr2",2123.4573416945,1.15782593396702,1.34322309877688,0.00396287214480138,0.0180979806288305
"ENSG00000187134.14","AKR1C1"," protein_coding","chr10",3320.76029654698,-4.07028469079899,0.660549788843611,2.46921983945481e-11,1.49054583768889e-09
"ENSG00000187164.20","SHTN1"," protein_coding","chr10",3711.64673111783,1.5227804264055,0.256903102958607,1.40970671149156e-10,7.13876297106705e-09
"ENSG00000187185.4","AC092118.1"," lncRNA","chr16",10.2432370619536,-3.13594915530596,0.640855937313258,4.69366518354442e-08,1.19103034122944e-06
"ENSG00000187288.12","CIDEC"," protein_coding","chr3",14880.6430492632,-5.44565943755478,0.808956788246319,5.4879230102036e-13,5.48650778650469e-11
"ENSG00000187323.12","DCC"," protein_coding","chr18",13.9127070256809,-1.45761508439582,0.478092979237146,7.28260566658921e-05,0.000663786296533344
"ENSG00000187475.6","H1-6"," protein_coding","chr6",5.14930393843699,5.92018542092916,1.69313029180171,4.8532124254162e-06,6.65618847229546e-05
"ENSG00000187535.14","IFT140"," protein_coding","chr16",2771.50527441724,1.11627728530375,0.327122407139466,2.56683847624015e-05,0.000276503739655743
"ENSG00000187608.10","ISG15"," protein_coding","chr1",2590.32879610975,2.54354544069952,0.482756988000902,6.1952308753312e-09,1.97946703728188e-07
"ENSG00000187621.15","TCL6"," lncRNA","chr14",8.86552268582169,1.38808566565455,1.32630397648854,0.00352217165887761,0.0164382144662786
"ENSG00000187699.10","C2orf88"," protein_coding","chr2",552.362745956299,-3.04240630362292,0.397392531343609,7.55576100771283e-16,1.80567162548019e-13
"ENSG00000187715.13","KBTBD12"," protein_coding","chr3",11.1979987630562,-2.99737787130276,0.517358329681372,3.78422176074551e-10,1.68627434807371e-08
"ENSG00000187730.9","GABRD"," protein_coding","chr1",116.763532662475,2.01048234803488,0.610608205916304,3.33656774707951e-05,0.000344019459998083
"ENSG00000187758.8","ADH1A"," protein_coding","chr4",94.0485684873834,-5.63046001224372,0.770260280395018,8.46764841094494e-15,1.44119375954283e-12
"ENSG00000187800.13","PEAR1"," protein_coding","chr1",1057.92069650871,-1.65100239015624,0.325129661531871,1.44428571880793e-08,4.22048350208772e-07
"ENSG00000187808.5","SOWAHD"," protein_coding","chrX",41.2327511246669,1.5172078410581,0.449033493389063,2.67238659430594e-05,0.000286370518003466
"ENSG00000187824.9","TMEM220"," protein_coding","chr17",489.481313339356,-2.2643247956417,0.289027649099962,1.90624743188341e-16,5.49676687155736e-14
"ENSG00000187837.4","H1-2"," protein_coding","chr6",3321.87932006068,1.34070182235162,0.966420208527118,0.00277978740270526,0.0135365753339552
"ENSG00000187862.12","TTC24"," protein_coding","chr1",8.28120635203489,1.42877778597879,0.948045115046802,0.00249284430247498,0.0124193242511156
"ENSG00000187951.11","AC091057.1"," lncRNA","chr15",94.0590493136965,1.48491805125316,0.382866081903562,4.23977657140731e-06,5.92668446926973e-05
"ENSG00000187957.8","DNER"," protein_coding","chr2",75.0016966239176,-4.25992393360519,0.52001871222267,9.69694767873074e-18,3.98042589951287e-15
"ENSG00000187980.7","PLA2G2C"," protein_coding","chr1",68.4218336362375,1.53116080467782,0.519055943990673,0.000109122707711435,0.000933873042619494
"ENSG00000188001.10","TPRG1"," protein_coding","chr3",6405.16498062817,3.28051200664338,0.715199010740299,1.88342780686583e-07,4.01924645928781e-06
"ENSG00000188064.10","WNT7B"," protein_coding","chr22",958.643985383094,1.72549877456422,0.723281529673345,0.000475534407222414,0.00318339812018366
"ENSG00000188095.6","MESP2"," protein_coding","chr15",82.8719060757749,1.27788215523997,0.490735406052448,0.000279705100553067,0.00203910223953348
"ENSG00000188133.6","TMEM215"," protein_coding","chr9",24.9577557853361,5.71300461837525,0.822484447079939,4.14543040813835e-13,4.36973451269955e-11
"ENSG00000188171.16","ZNF626"," protein_coding","chr19",881.2076892612,1.02317234548537,0.442179547669463,0.000611823352401116,0.00392554773604769
"ENSG00000188211.9","NCR3LG1"," protein_coding","chr11",144.487114018154,1.55680690320674,0.472394938119786,3.53830375152517e-05,0.000361719766171886
"ENSG00000188257.12","PLA2G2A"," protein_coding","chr1",933.247420472536,-4.35653957939077,0.764339709231727,0.00134226052011607,0.00749823286053026
"ENSG00000188263.10","IL17REL"," protein_coding","chr22",19.9444195077185,2.23236409826689,0.543261882385974,1.83642334167007e-06,2.85792358671768e-05
"ENSG00000188282.12","RUFY4"," protein_coding","chr2",59.2191595462519,2.80473341091627,0.700915925032503,2.55946431036874e-06,3.81960090902804e-05
"ENSG00000188312.14","CENPP"," protein_coding","chr9",319.330028348921,1.42067856002807,0.302057650300073,1.16849487063081e-07,2.64568166977156e-06
"ENSG00000188322.8","SBK1"," protein_coding","chr16",1117.46540119433,1.86801125170916,0.561657320865011,3.17331602536416e-05,0.000330113802745918
"ENSG00000188368.10","PRR19"," protein_coding","chr19",78.971755795556,1.61334913995873,0.382026640852587,1.03201338636387e-06,1.73532429222274e-05
"ENSG00000188389.11","PDCD1"," protein_coding","chr2",75.2060489217271,1.61860447640005,0.649471786975992,0.000369417762006666,0.00256708925197661
"ENSG00000188404.10","SELL"," protein_coding","chr1",712.071136251517,1.64003198654296,0.450542053699963,1.05472457559115e-05,0.0001297158800386
"ENSG00000188452.14","CERKL"," protein_coding","chr2",17.2188942611116,2.80019372544207,0.769022764614819,1.20030453759914e-05,0.000144463006627705
"ENSG00000188486.3","H2AX"," protein_coding","chr11",1260.14069657893,1.41441629599454,0.239962171376451,1.6429141184355e-10,8.11939327285172e-09
"ENSG00000188517.16","COL25A1"," protein_coding","chr4",204.211943552062,-3.50358396198081,0.454835510827544,5.01996500767144e-16,1.2745470728234e-13
"ENSG00000188580.15","NKAIN2"," protein_coding","chr6",29.6435836518967,-1.26730878519899,0.556469025372644,0.000556063721026809,0.00362918430421743
"ENSG00000188603.22","CLN3"," protein_coding","chr16",80.6960286619537,2.03964324804749,0.52431144239678,4.01549374554696e-06,5.65622092353164e-05
"ENSG00000188610.12","FAM72B"," protein_coding","chr1",20.297485818289,1.3271985248006,0.387884088654256,2.34537686384177e-05,0.000255407441186963
"ENSG00000188626.6","GOLGA8M"," protein_coding","chr15",12.2995532353893,-2.60121310180179,0.558853270983945,1.22318791909041e-07,2.76055948803256e-06
"ENSG00000188672.19","RHCE"," protein_coding","chr1",47.5243734177892,1.00978987721826,0.490901257111173,0.00101110522961587,0.00595316783100357
"ENSG00000188676.13","IDO2"," protein_coding","chr8",7.18386230691512,2.5293511859499,0.874799018094736,0.00014236447196198,0.00116328777312072
"ENSG00000188761.13","BCL2L15"," protein_coding","chr1",38.4058101257252,1.16363158596865,0.62748241816801,0.00142715383283825,0.00788142202936993
"ENSG00000188763.5","FZD9"," protein_coding","chr7",48.3186091238587,-3.49167840100114,0.634401975211736,1.18635001028691e-09,4.66662212050965e-08
"ENSG00000188783.6","PRELP"," protein_coding","chr1",9566.5698168016,-3.17566266923155,0.509792065119474,1.67997081372478e-11,1.06574293930311e-09
"ENSG00000188817.8","SNTN"," protein_coding","chr3",16.4874926642294,2.40224233435673,1.05254226059452,0.000601165616936921,0.00386569656110322
"ENSG00000188822.8","CNR2"," protein_coding","chr1",23.0127669194806,2.21764781210332,0.699440455810094,5.5961088693257e-05,0.000532607295580041
"ENSG00000188828.12","GLRA4"," protein_coding","chrX",20.1935071046198,-3.10622342010464,0.584147592848813,4.56004921004672e-09,1.50953203973188e-07
"ENSG00000188833.10","ENTPD8"," protein_coding","chr9",186.026248113599,3.62730666817813,0.669489992414634,2.91328612357815e-09,1.01213418232937e-07
"ENSG00000188869.13","TMC3"," protein_coding","chr15",62.5784006828353,4.293542924628,0.640834246147141,0.00124128571540245,0.00702965426004009
"ENSG00000188886.3","ASTL"," protein_coding","chr2",14.6663796750441,1.31550504200596,0.644154720231948,0.00102158241220687,0.00600269988957731
"ENSG00000188916.9","INSYN2A"," protein_coding","chr10",547.096638329851,5.13414846706708,0.797985111326108,6.39066634816952e-12,4.58799875625479e-10
"ENSG00000188981.11","MSANTD1"," protein_coding","chr4",18.3551687359453,1.19183222718946,0.434966442393508,0.000196848711975691,0.00152356885748532
"ENSG00000189056.14","RELN"," protein_coding","chr7",695.852909430742,-1.86079107826057,0.646891317585731,0.000106766526057363,0.000915280309746305
"ENSG00000189057.11","FAM111B"," protein_coding","chr11",546.186763880278,2.63303554262782,0.489793765897736,3.56017531349614e-09,1.20366353549606e-07
"ENSG00000189060.5","H1-0"," protein_coding","chr22",17864.1719705426,1.04196429340525,0.303545577233608,2.79248381915126e-05,0.00029694286082609
"ENSG00000189129.14","PLAC9"," protein_coding","chr10",2119.95548562896,-3.58532155096032,0.596119565997295,6.27067911011324e-11,3.39736436072921e-09
"ENSG00000189134.4","NKAPL"," protein_coding","chr6",69.4398500587565,-2.82967343398486,0.359280643671327,1.20048360691118e-16,3.73982799363733e-14
"ENSG00000189212.12","DPY19L2P1"," transcribed_unprocessed_pseudogene","chr7",7.47883242661259,1.84504367999157,1.16605230494089,0.00198946992013502,0.0103357050302905
"ENSG00000189292.16","ALKAL2"," protein_coding","chr2",85.9248997835632,-3.48634526569849,0.695044541215032,1.73068284091641e-08,4.93746974672237e-07
"ENSG00000189320.9","FAM180A"," protein_coding","chr7",196.530316476211,-1.42142975761014,0.262677392700242,2.44762119946493e-09,8.75896936108011e-08
"ENSG00000189325.7","BNIP5"," protein_coding","chr6",4.20751080297145,2.94205223394737,1.35421736611786,0.000860243464030185,0.0052081823188404
"ENSG00000189334.9","S100A14"," protein_coding","chr1",9137.27960884737,2.14793824041322,0.771972712944364,0.000177289100196165,0.00139539679561119
"ENSG00000189367.15","KIAA0408"," protein_coding","chr6",14.4001056509418,-3.83585229717013,0.792093232850053,5.05042867666046e-08,1.2686429586563e-06
"ENSG00000189369.9","GSPT2"," protein_coding","chrX",638.161230768596,-1.24730632956097,0.254848707014669,3.62524008597118e-08,9.48187794899704e-07
"ENSG00000189377.9","CXCL17"," protein_coding","chr19",1196.62228814507,3.0138696302028,0.999165326539616,8.06085035859731e-05,0.00072282480046728
"ENSG00000196074.13","SYCP2"," protein_coding","chr20",1347.59246915024,1.68707380725751,0.448243521076597,6.94102606504342e-06,9.00964808167522e-05
"ENSG00000196081.10","ZNF724"," protein_coding","chr19",36.9106551761745,1.20009234840611,0.345336970871341,1.93484961999787e-05,0.000216721791625508
"ENSG00000196092.14","PAX5"," protein_coding","chr9",93.0801902740136,2.1491453508578,0.769021961495049,0.000162288369205602,0.00129841859434823
"ENSG00000196118.12","CCDC189"," protein_coding","chr16",17.1669844759529,1.39338589296226,0.472004239637776,0.000118127277717494,0.000996513260841654
"ENSG00000196132.14","MYT1"," protein_coding","chr20",53.1160768967092,3.87448856989271,0.823316973647869,9.15233949663811e-08,2.14462241354735e-06
"ENSG00000196139.14","AKR1C3"," protein_coding","chr10",2983.56867109936,-2.6110078664212,0.513169741523645,1.25981650056952e-08,3.73143102897887e-07
"ENSG00000196154.12","S100A4"," protein_coding","chr1",7335.90132749034,-1.14264877336656,0.599737826482141,0.00112878012241704,0.00650549508610057
"ENSG00000196169.15","KIF19"," protein_coding","chr17",118.666472929284,-1.607051283304,0.700446857037243,0.000483692560566619,0.0032262506462875
"ENSG00000196172.9","ZNF681"," protein_coding","chr19",486.604962862321,1.28778969272691,0.324162198398848,2.87274095271747e-06,4.23090232701611e-05
"ENSG00000196218.13","RYR1"," protein_coding","chr19",408.236260468904,-1.15808763932206,0.512187194327261,0.000563512124062234,0.00366948111988122
"ENSG00000196358.11","NTNG2"," protein_coding","chr9",66.3742368904706,1.00296176906878,0.542120381400693,0.00141959712552263,0.00784838588284108
"ENSG00000196364.9","PRSS29P"," transcribed_unprocessed_pseudogene","chr16",3.73148862958025,2.85187911202976,0.996453207688142,9.98278976382197e-05,0.000863220613753439
"ENSG00000196366.3","C9orf163"," lncRNA","chr9",23.2662525714902,2.15923294466416,0.456721994064227,1.16651470672372e-07,2.64359098390202e-06
"ENSG00000196396.10","PTPN1"," protein_coding","chr20",4950.79663495059,1.14717793427836,0.309533956685642,8.20765778882912e-06,0.000104401526762682
"ENSG00000196405.13","EVL"," protein_coding","chr14",11101.8830554576,1.97266559634457,0.324367453678607,5.88707246646979e-11,3.21952735779934e-09
"ENSG00000196421.8","C20orf204"," protein_coding","chr20",59.0628610533723,1.54862802472447,0.402508085474664,4.39089915872414e-06,6.10856708720271e-05
"ENSG00000196427.13","NBPF4"," protein_coding","chr1",101.250965034661,4.59653998241905,0.897665126773602,1.43535011394281e-08,4.20084032018833e-07
"ENSG00000196507.11","TCEAL3"," protein_coding","chrX",2954.00187692497,1.69221424217,0.463582020133747,1.00799049032328e-05,0.000124538938377725
"ENSG00000196517.13","SLC6A9"," protein_coding","chr1",759.851307252768,1.10905516589443,0.342418843873898,4.28754829736606e-05,0.000426566431831763
"ENSG00000196542.8","SPTSSB"," protein_coding","chr3",724.325199793183,1.09268427694205,2.25025566364319,0.00430150568990145,0.0193108382689593
"ENSG00000196549.12","MME"," protein_coding","chr3",7294.39448891137,-3.30215988277693,0.33439080198327,2.14789507857405e-24,4.16345595480706e-21
"ENSG00000196550.10","FAM72A"," protein_coding","chr1",25.0031425356044,1.65129706963984,0.452730893239986,9.21899737336531e-06,0.000115497320414395
"ENSG00000196553.15","CCDC196"," protein_coding","chr14",55.8423246126873,3.35584854895642,1.09504898556611,6.74885309742341e-05,0.000622782950071939
"ENSG00000196557.13","CACNA1H"," protein_coding","chr16",706.05366336259,1.1269767186793,0.637766824563461,0.00169721239982924,0.00908800457987137
"ENSG00000196569.13","LAMA2"," protein_coding","chr6",3898.81175438403,-1.53538608124962,0.554531082151249,0.000149754951534229,0.00121413379801605
"ENSG00000196611.5","MMP1"," protein_coding","chr11",164.158462534922,4.35465935308573,0.787202736012511,1.50369911008833e-09,5.71520322985751e-08
"ENSG00000196616.14","ADH1B"," protein_coding","chr4",60678.9239148144,-5.92442196066865,0.709237693267358,2.22542169550728e-18,1.06366011476636e-15
"ENSG00000196684.12","HSH2D"," protein_coding","chr19",880.765440152353,3.48531902314577,0.550778477756764,1.24573808512236e-11,8.29485639847411e-10
"ENSG00000196735.13","HLA-DQA1"," protein_coding","chr6",7216.17953510948,1.18873470523866,0.570536569545337,0.000961528881856313,0.0057094459184562
"ENSG00000196747.4","H2AC13"," protein_coding","chr6",87.7081071954811,5.10659565612261,0.960078761666059,5.05942095170407e-09,1.65754231385828e-07
"ENSG00000196781.16","TLE1"," protein_coding","chr9",2451.12161932977,-1.5573857033439,0.373224316254376,1.05316822579703e-06,1.76324820375644e-05
"ENSG00000196787.3","H2AC11"," protein_coding","chr6",86.7017941755875,2.15075969186701,0.711892231728476,8.22408657573307e-05,0.000734442295146922
"ENSG00000196793.14","ZNF239"," protein_coding","chr10",476.995680905428,1.07912461660693,0.310623432590013,1.92182213976198e-05,0.000215460837791741
"ENSG00000196796.5","NPIPB10P"," unprocessed_pseudogene","chr16",2.69514181280762,1.27345103184445,1.68153858998818,0.00506562286212197,0.0220341468908394
"ENSG00000196834.13","POTEI"," protein_coding","chr2",19.3942569612658,1.72397447423621,0.701760145739854,0.000424311298128611,0.0028904032610319
"ENSG00000196890.4","H2BU1"," protein_coding","chr1",79.8738274205544,3.28516147348577,0.652726506954547,2.15152779613502e-08,5.9625858883993e-07
"ENSG00000196976.7","LAGE3"," protein_coding","chrX",896.996790971208,1.29887271988491,0.377319348893845,2.23339895552071e-05,0.000245977029536216
"ENSG00000197079.8","KRT35"," protein_coding","chr17",5.85992672061626,6.04319007037423,1.80631056295862,1.55443765614856e-05,0.000179292179374147
"ENSG00000197083.11","ZNF300P1"," transcribed_unprocessed_pseudogene","chr5",126.186072593448,-1.89639646148212,0.376394109923117,1.72734229492663e-08,4.93197217776475e-07
"ENSG00000197153.5","H3C12"," protein_coding","chr6",6.11699141711494,8.26311905253697,2.86891208847931,2.36619988451487e-07,4.91715784220419e-06
"ENSG00000197168.13","NEK5"," protein_coding","chr13",322.136555279497,1.64663900778357,0.428215559389656,4.89108290337019e-06,6.70285834962645e-05
"ENSG00000197191.6","CYSRT1"," protein_coding","chr9",86.3262957122938,2.52893387310306,0.402995226583254,1.63645696169476e-11,1.04574395330571e-09
"ENSG00000197245.6","FAM110D"," protein_coding","chr1",636.711384936496,-2.24947104611408,0.530260573064575,7.37810286940446e-07,1.29296527984124e-05
"ENSG00000197256.11","KANK2"," protein_coding","chr19",7328.32136018847,-1.09341572651585,0.408223748081753,0.000201896143691262,0.00155573285104501
"ENSG00000197261.11","C6orf141"," protein_coding","chr6",519.417758010071,1.75248785529591,0.537635448339675,4.03394238784351e-05,0.000405147621917812
"ENSG00000197275.14","RAD54B"," protein_coding","chr8",62.8469040899714,1.60843192632499,0.214236874195567,3.46355585222543e-15,6.75122498547472e-13
"ENSG00000197308.9","GATA3-AS1"," lncRNA","chr10",273.076145130304,2.69158569730071,0.638031810147694,1.01566240077511e-06,1.7111517776415e-05
"ENSG00000197372.10","ZNF675"," protein_coding","chr19",649.604704879507,1.23183663956909,0.301895449449285,1.8492592431162e-06,2.87277400941974e-05
"ENSG00000197375.13","SLC22A5"," protein_coding","chr5",1939.89583183844,1.0040852001228,0.329214215584294,8.54472629784763e-05,0.000758803882051925
"ENSG00000197385.6","ZNF860"," protein_coding","chr3",285.606763610862,1.18152291730205,0.408431323379938,0.000127954459805897,0.00106347285781028
"ENSG00000197471.12","SPN"," protein_coding","chr16",730.199082478795,1.06689408643696,0.476116901429561,0.000713064535907436,0.00444992572390383
"ENSG00000197472.15","ZNF695"," protein_coding","chr1",20.7666236960542,1.81520534154137,0.461660047846306,3.62352739283148e-06,5.15824130001155e-05
"ENSG00000197496.6","SLC2A10"," protein_coding","chr20",3157.185004999,1.0632644470664,0.345005103459245,7.64505680683014e-05,0.00069140403589194
"ENSG00000197561.7","ELANE"," protein_coding","chr19",24.1664226134093,-2.97358243573735,0.6951646076923,5.85600404321545e-07,1.06657770388654e-05
"ENSG00000197576.14","HOXA4"," protein_coding","chr7",17.8644871118868,-2.12053242179353,0.336973224378187,1.35935315411446e-11,8.96582058605062e-10
"ENSG00000197587.11","DMBX1"," protein_coding","chr1",12.4742399158449,2.84965807597489,0.622619416160498,2.23219258094821e-07,4.67487583084418e-06
"ENSG00000197588.9","KLKP1"," transcribed_unprocessed_pseudogene","chr19",8.34843329852633,3.4054616786412,0.885861554054726,5.64619685582894e-06,7.55663423462706e-05
"ENSG00000197599.12","CCDC154"," protein_coding","chr16",36.8704168644615,2.30830191799576,0.322628043807555,8.4065857995244e-05,0.000748059640732481
"ENSG00000197620.11","EOLA1"," protein_coding","chrX",1014.09342245753,1.13922781618648,0.29529754572979,4.98411076991461e-06,6.80628606156911e-05
"ENSG00000197670.6","AL157838.1"," lncRNA","chr20",58.5995230681918,1.36461238285079,0.409405324935984,3.23015553894238e-05,0.00033532685780791
"ENSG00000197696.10","NMB"," protein_coding","chr15",833.320414102645,-2.52887131485176,0.555271472995897,1.76001559602492e-07,3.80004357431346e-06
"ENSG00000197702.14","PARVA"," protein_coding","chr11",12008.1056360891,-1.14403240207805,0.239866843787009,7.06906800254098e-08,1.70926439138363e-06
"ENSG00000197766.8","CFD"," protein_coding","chr19",15485.0041281591,-4.18833117233348,0.685228499980852,4.13611657589849e-11,2.33516575161285e-09
"ENSG00000197774.13","EME2"," protein_coding","chr16",713.654345635963,2.09465145301452,0.417726925854157,2.35745500923386e-08,6.45129119428851e-07
"ENSG00000197837.3","H4-16"," protein_coding","chr12",105.494680831499,1.96019475680425,0.348331935905867,8.85418651430433e-10,3.63021647086478e-08
"ENSG00000197859.11","ADAMTSL2"," protein_coding","chr9",363.229120838736,1.52913675045053,0.329711793228096,1.45043138688017e-07,3.21314295362769e-06
"ENSG00000197870.12","PRB3"," protein_coding","chr12",5.99319670571467,2.41568677197578,0.728875666511617,4.66570556980223e-05,0.000457792837558969
"ENSG00000197872.11","CYRIA"," protein_coding","chr2",1301.27812775828,-1.85036337241858,0.282367646181301,2.26566799419602e-12,1.89118234415056e-10
"ENSG00000197894.11","ADH5"," protein_coding","chr4",7756.48346105255,-1.13404293944134,0.235951178420792,5.18160349126294e-08,1.29733456488545e-06
"ENSG00000197903.8","H2BC12"," protein_coding","chr6",1408.57340979436,2.20724952946478,0.507335267939248,5.73576577978505e-07,1.04998218164995e-05
"ENSG00000197943.10","PLCG2"," protein_coding","chr16",1721.50939518895,-1.00916352703687,0.242421532386159,1.15969451442165e-06,1.91767304752065e-05
"ENSG00000197977.4","ELOVL2"," protein_coding","chr6",1410.29806111942,2.02346349062801,0.848422370484692,0.000466800479754194,0.00313033548704663
"ENSG00000198003.12","CCDC151"," protein_coding","chr19",69.0399049761919,2.0065446169815,0.631244136666309,5.11571169209386e-05,0.00049471257386044
"ENSG00000198018.7","ENTPD7"," protein_coding","chr10",1065.49170400636,1.18825596138629,0.280617548545678,1.0527184721775e-06,1.76324820375644e-05
"ENSG00000198046.12","ZNF667"," protein_coding","chr19",363.369104528486,-1.14836356419618,0.463899003119838,0.000345155934661599,0.00242750165617373
"ENSG00000198053.12","SIRPA"," protein_coding","chr20",4876.96353998596,-1.0255164285876,0.318271514309349,4.03786670929355e-05,0.000405338269626507
"ENSG00000198075.10","SULT1C4"," protein_coding","chr2",274.604017605187,-1.62082973412317,0.24089645431919,6.97859370065871e-13,6.80139979915316e-11
"ENSG00000198099.9","ADH4"," protein_coding","chr4",40.0426038737124,-3.57583403576485,0.708838296581912,1.35930427636696e-08,3.99557586408757e-07
"ENSG00000198125.13","MB"," protein_coding","chr22",1044.17330712738,2.07981660960187,0.546544481952347,5.5191718657884e-06,7.40651636804705e-05
"ENSG00000198133.8","TMEM229B"," protein_coding","chr14",993.432570898324,1.08580798749337,0.459657181070392,0.000516254648058392,0.00340182076022764
"ENSG00000198178.11","CLEC4C"," protein_coding","chr12",5.37338538302254,1.59103484293265,1.5851551049511,0.00376564290115489,0.0173608676617594
"ENSG00000198216.12","CACNA1E"," protein_coding","chr1",17.6573446429096,1.72375186387354,0.557900183745367,6.69140624579939e-05,0.000618135703791863
"ENSG00000198246.9","SLC29A3"," protein_coding","chr10",1152.81894210225,1.48556590640178,0.26108568776277,6.26313063042168e-10,2.66171608801514e-08
"ENSG00000198251.7","CYP2A7P2"," unprocessed_pseudogene","chr19",39.5468699970447,7.2497042771806,1.47628142504424,3.22435849354127e-08,8.49706134427104e-07
"ENSG00000198331.11","HYLS1"," protein_coding","chr11",431.869712900078,1.3201113079146,0.270169395674979,4.59094325556797e-08,1.1692160666425e-06
"ENSG00000198466.12","ZNF587"," protein_coding","chr19",1565.40893667971,1.31080809973103,0.416643764476128,6.08569686875813e-05,0.000571871934952437
"ENSG00000198467.16","TPM2"," protein_coding","chr9",8300.35010908544,-1.1635677295771,0.333082092688751,1.56290426045632e-05,0.00018020916243087
"ENSG00000198478.8","SH3BGRL2"," protein_coding","chr6",2436.67972783524,-2.10577388910494,0.304619508467747,1.90998070266925e-13,2.19214265450108e-11
"ENSG00000198483.13","ANKRD35"," protein_coding","chr1",385.332978050538,-2.23498685272588,0.405233024793189,1.29106909164871e-09,4.99963281650557e-08
"ENSG00000198521.12","ZNF43"," protein_coding","chr19",1796.75500798742,1.12359276598269,0.271654492200212,1.43824388005477e-06,2.31252383497654e-05
"ENSG00000198569.10","SLC34A3"," protein_coding","chr9",10.3523416431281,1.41267919514415,0.541734202780618,0.000296090789559564,0.00213772932437966
"ENSG00000198624.13","CCDC69"," protein_coding","chr5",6686.34705503743,-2.86844298193221,0.536436870821531,3.24012669059739e-09,1.11380552080427e-07
"ENSG00000198650.11","TAT"," protein_coding","chr16",2196.78484297546,-4.94349228227355,0.917733798050593,2.07265269618256e-09,7.61230791815851e-08
"ENSG00000198691.13","ABCA4"," protein_coding","chr1",279.707506014795,1.1062448312561,0.458591369815299,0.000465556621399491,0.00312259440162431
"ENSG00000198723.11","TEX45"," protein_coding","chr19",25.6098975147791,1.98776786958541,0.613004083253356,4.54172722049466e-05,0.000447263348716565
"ENSG00000198732.11","SMOC1"," protein_coding","chr14",503.973297504283,-2.54442542571394,0.587220185165123,4.80017499841564e-07,8.9610971572884e-06
"ENSG00000198756.12","COLGALT2"," protein_coding","chr1",131.100453539703,-1.52586315641093,0.431749456668832,1.32784872263271e-05,0.00015715729233846
"ENSG00000198768.11","APCDD1L"," protein_coding","chr20",819.934643965794,-3.05056845213702,0.64021778439551,6.17608847153162e-08,1.51433522740836e-06
"ENSG00000198774.5","RASSF9"," protein_coding","chr12",349.641638629109,-1.64366318750566,0.371186379482862,3.39980867931425e-07,6.69428468566329e-06
"ENSG00000198788.9","MUC2"," protein_coding","chr11",22.7424666315381,4.93959187898991,0.977929624209717,2.17998494488595e-08,6.03665513587425e-07
"ENSG00000198797.7","BRINP2"," protein_coding","chr1",349.030407283109,2.44017306558733,0.850813027166783,0.000130670972330399,0.00108098712513093
"ENSG00000198807.13","PAX9"," protein_coding","chr14",451.21312645284,1.93887021465004,0.605636504558336,4.76757771562309e-05,0.000465823450226282
"ENSG00000198814.13","GK"," protein_coding","chrX",361.931754857782,1.43913720245287,0.248502480940931,3.28896561326183e-10,1.50795399753375e-08
"ENSG00000198835.4","GJC2"," protein_coding","chr1",121.699481172874,-1.07897317241009,0.425091236108866,0.000293512385100503,0.00212274214157192
"ENSG00000198838.14","RYR3"," protein_coding","chr15",255.079758421093,-2.21279412315781,0.243391583518678,4.27645854126959e-21,3.55261702293898e-18
"ENSG00000198848.13","CES1"," protein_coding","chr16",4981.4114812436,-5.21468850062407,0.559696346113562,4.34121808935904e-22,5.40962286985094e-19
"ENSG00000198881.10","ASB12"," protein_coding","chrX",8.99520218479203,-2.19331684083366,0.467684766186257,1.54096335398024e-07,3.38362192471521e-06
"ENSG00000198885.10","ITPRIPL1"," protein_coding","chr2",364.866417161131,-2.38692917119265,0.324224514714256,7.24303032661302e-15,1.26993251822038e-12
"ENSG00000198932.13","GPRASP1"," protein_coding","chrX",866.600270210237,-1.77840276052752,0.270821680378796,2.10001422236355e-12,1.76966507008601e-10
"ENSG00000198937.9","CCDC167"," protein_coding","chr6",430.404222567701,1.02268798836751,0.22121873161172,1.58655702269906e-07,3.47063078865159e-06
"ENSG00000198944.6","SOWAHA"," protein_coding","chr5",792.015636084588,3.15269281497778,0.686500493641527,1.88471558761627e-07,4.01953615938382e-06
"ENSG00000199082.1","MIR342"," miRNA","chr14",1.85822425296547,2.39008857014126,1.096255540698,0.000725232785674403,0.00451017485460881
"ENSG00000199313.1","RNU4-82P"," snRNA","chr9",1.86533734123605,2.41195624772781,1.01781327193624,0.000409286230601641,0.00280156494834901
"ENSG00000200253.1","RNU6-529P"," snRNA","chr10",11.107131436634,-1.31523906242266,0.369405774194383,1.38794732772389e-05,0.000163163309338323
"ENSG00000200879.1","SNORD14E"," snoRNA","chr11",12.4928294072174,2.16984656691479,0.984862304446372,0.000619405634159857,0.00396326462157924
"ENSG00000202522.1","Y_RNA"," misc_RNA","chr11",7.32299534215034,2.41930834454845,0.620401129484056,4.98703080089627e-06,6.80760922042535e-05
"ENSG00000203326.12","ZNF525"," protein_coding","chr19",683.904896445616,1.04172990504445,0.310016383296666,2.94057977233589e-05,0.000310344128362285
"ENSG00000203327.2","AC012358.1"," lncRNA","chr2",7.43115671292494,1.22390911831594,0.655390708109508,0.00154703328999784,0.00841558130984016
"ENSG00000203446.2","SUGCT-AS1"," lncRNA","chr7",10.6041615426723,2.50360148841447,0.80750524657254,5.94131106306962e-05,0.000559962950571481
"ENSG00000203497.2","PDCD4-AS1"," lncRNA","chr10",119.312954724748,1.22749212646131,0.408166840201787,8.84587901577653e-05,0.000780975619280007
"ENSG00000203499.12","IQANK1"," protein_coding","chr8",1387.36175189711,1.36799804911446,0.722222505336272,0.00135275863916582,0.00754702617191152
"ENSG00000203585.4","LINC02408"," lncRNA","chr12",7.0537307448713,3.42522788493731,0.689301230889806,4.74923509755781e-08,1.20163569099992e-06
"ENSG00000203635.2","AC144450.1"," lncRNA","chr2",43.3095463424389,1.45025418980507,0.600459544978006,0.000461974743085717,0.00310274509355222
"ENSG00000203685.10","STUM"," protein_coding","chr1",310.512501037499,-1.50812314203951,0.454418520839853,2.81080586645585e-05,0.000298572380105101
"ENSG00000203697.12","CAPN8"," protein_coding","chr1",2794.60550703898,2.12677960411832,0.765809168153964,0.000183198226203171,0.00143478547933891
"ENSG00000203709.12","MIR29B2CHG"," lncRNA","chr1",760.603375696634,1.19650677621939,0.493111101079244,0.000439482349189439,0.00297920704207669
"ENSG00000203711.14","C6orf99"," lncRNA","chr6",28.7876348707356,2.49844083372896,0.355797881104385,1.32604088236266e-13,1.56307069008498e-11
"ENSG00000203734.12","ECT2L"," protein_coding","chr6",52.5291644761992,1.21346877317916,0.61761028517187,0.0011778788578793,0.00672624733719587
"ENSG00000203740.4","METTL11B"," protein_coding","chr1",8.2294446438389,6.8830071583636,1.3370300078589,9.33015608787741e-16,2.14170050040876e-13
"ENSG00000203756.8","TMEM244"," protein_coding","chr6",3.47703529766034,3.21212845897139,0.823708412446274,6.32948916927564e-06,8.33681414138152e-05
"ENSG00000203805.11","PLPP4"," protein_coding","chr10",247.056594051655,6.30556571693389,0.473147951927373,1.44938855060366e-41,1.68568719730374e-37
"ENSG00000203812.2","H2AC18"," protein_coding","chr1",10.551241778238,4.24877986311863,0.95233114945301,4.32375938842728e-07,8.19892874030523e-06
"ENSG00000203814.6","H2BC18"," protein_coding","chr1",152.775124110851,3.60916862325742,0.631520635489141,5.28620218194862e-10,2.26864551451869e-08
"ENSG00000203875.13","SNHG5"," lncRNA","chr6",4736.30765041957,-1.39337526832476,0.36828101629543,5.06116440926301e-06,6.89801122670296e-05
"ENSG00000203876.10","ADD3-AS1"," lncRNA","chr10",21.8505113812208,-2.25260069878462,0.479525204528769,8.62923053108049e-08,2.03985421720819e-06
"ENSG00000203930.12","LINC00632"," lncRNA","chrX",161.491519182457,-2.37121801554228,0.52624790966353,2.20869028263366e-07,4.63121470260644e-06
"ENSG00000203985.11","LDLRAD1"," protein_coding","chr1",38.7606730328683,2.01137138624581,0.659454874780603,8.11207838274463e-05,0.000726574813507393
"ENSG00000204022.9","LIPJ"," protein_coding","chr10",7.90719622457521,-1.3803104881815,0.539393192851845,0.000317618582992229,0.00226858341436681
"ENSG00000204049.1","AL391421.1"," lncRNA","chr10",120.20093593856,1.91822614934562,0.86590434833602,0.000677214482396834,0.00426841828613082
"ENSG00000204060.7","FOXO6"," protein_coding","chr1",234.766217914605,1.57716978720521,0.413248308454978,5.3706265614156e-06,7.23220885196263e-05
"ENSG00000204110.6","LINC02520"," lncRNA","chr6",3.2630784813002,2.08670779541868,1.5641500612911,0.00321867007385301,0.0152751112005992
"ENSG00000204136.11","GGTA1"," protein_coding","chr9",976.820391887124,-1.77176496252518,0.331442753319145,3.44233371384221e-09,1.17406124740634e-07
"ENSG00000204161.14","TMEM273"," protein_coding","chr10",950.151902653729,-1.32466333836252,0.451603565030899,9.52183749349077e-05,0.000830151004461235
"ENSG00000204219.11","TCEA3"," protein_coding","chr1",3319.84613090784,1.3896929112065,0.323793978647229,7.71460757896996e-07,1.34385851224958e-05
"ENSG00000204262.14","COL5A2"," protein_coding","chr2",19597.8538572247,1.99315383921699,0.467169642104284,9.45320147528156e-07,1.60736672843104e-05
"ENSG00000204301.6","NOTCH4"," protein_coding","chr6",2693.23913170301,-1.34484759251371,0.305992178721101,4.04347866196185e-07,7.75170406563247e-06
"ENSG00000204338.8","CYP21A1P"," transcribed_unprocessed_pseudogene","chr6",146.286445519356,1.67197698086151,0.760977308778111,0.000722896362856801,0.00450001373709842
"ENSG00000204385.13","SLC44A4"," protein_coding","chr6",5712.64600294247,2.95573456848403,0.569810342295573,1.03235616985495e-08,3.134894614657e-07
"ENSG00000204403.9","CASP12"," polymorphic_pseudogene","chr11",20.682367502815,-2.2079856868514,0.397146992001234,9.8821187425859e-10,3.9907060769394e-08
"ENSG00000204434.6","POTEKP"," unprocessed_pseudogene","chr2",419.202389933612,2.09431243993336,0.961514875784586,0.000726651978975376,0.00451775021354773
"ENSG00000204475.10","NCR3"," protein_coding","chr6",25.9414103025939,1.11815303573168,0.869332709543107,0.00300926167366843,0.0144443732364789
"ENSG00000204516.10","MICB"," protein_coding","chr6",353.616415679208,1.60887536915916,0.422575240218137,5.67378275048052e-06,7.58728330240677e-05
"ENSG00000204544.5","MUC21"," protein_coding","chr6",6.13604347208018,4.30290425528967,1.75072779249116,0.000285726481828416,0.00207736667586482
"ENSG00000204618.8","RNF39"," protein_coding","chr6",465.281563187052,-1.47995275693013,0.707486884810309,0.00075857172496387,0.00468365352251184
"ENSG00000204624.8","DISP3"," protein_coding","chr1",47.6534265622191,1.44022331072594,0.712996452648429,0.00106170503365684,0.00619049972080894
"ENSG00000204661.9","C5orf60"," lncRNA","chr5",3.95567783741709,1.53883214924637,1.03913358222168,0.00278618925139136,0.0135620715918382
"ENSG00000204677.13","FAM153CP"," lncRNA","chr5",54.7464599449803,2.60422543436626,0.447764014415673,3.34365257854972e-10,1.52900893994991e-08
"ENSG00000204709.4","LINC01556"," lncRNA","chr6",6.41312502841026,2.10598620529832,0.875851818875757,0.000511780670387808,0.0033768039656772
"ENSG00000204710.2","SPDYC"," protein_coding","chr11",7.35700474593683,2.78211696972836,1.30945335612883,0.000874284101987298,0.0052803611913517
"ENSG00000204767.4","INSYN2B"," protein_coding","chr5",646.724413955861,-2.99346359088452,0.835465431718878,9.24581290306174e-06,0.000115791693467598
"ENSG00000204832.10","ST8SIA6-AS1"," lncRNA","chr10",129.767146498776,1.87419829782165,0.887971626366609,0.000841883315533932,0.00511206600847053
"ENSG00000204839.9","MROH6"," protein_coding","chr8",413.682311123278,1.90703749108212,0.374558163398189,1.58523947441571e-08,4.56727472503469e-07
"ENSG00000204869.8","IGFL4"," protein_coding","chr19",8.77997644884766,1.2715336904351,0.457079056913971,0.000189370196870539,0.00147517649899754
"ENSG00000204872.4","NAT8B"," polymorphic_pseudogene","chr2",7.93226605027758,1.25866307028371,0.530480562175571,0.000558532733524845,0.00364119834820164
"ENSG00000204904.7","LINC01545"," lncRNA","chrX",11.6020899188644,1.22064799237428,0.623161694858156,0.00130015362268384,0.00730729060068651
"ENSG00000204930.10","FAM221B"," protein_coding","chr9",11.391316769501,1.22017922764953,0.747960313447746,0.00215138232558683,0.0110177426569867
"ENSG00000204936.10","CD177"," protein_coding","chr19",43.592056595377,2.79156880076476,0.820141025948436,2.13869986814762e-05,0.000236893260633456
"ENSG00000204991.11","SPIRE2"," protein_coding","chr16",453.962336101256,1.17438724640654,0.379298677859951,7.03797786009063e-05,0.000645536502409101
"ENSG00000205002.4","AARD"," protein_coding","chr8",2202.82458190132,1.772821749494,1.04779450230074,0.00180892470831293,0.00957887266622346
"ENSG00000205089.8","CCNI2"," protein_coding","chr5",93.680826366464,2.88305841931652,0.650899622689753,4.11022644316546e-07,7.85807730567046e-06
"ENSG00000205221.12","VIT"," protein_coding","chr2",728.256784153672,-3.03038481982905,0.513075410970724,1.27126170665211e-10,6.48399633988683e-09
"ENSG00000205269.6","TMEM170B"," protein_coding","chr6",874.952643252652,-1.19960541239053,0.458376082640715,0.000237028249816306,0.00178006849059083
"ENSG00000205364.4","MT1M"," protein_coding","chr16",457.189628723726,-3.25443245030221,0.586920866868964,1.01824134301422e-09,4.08361594242634e-08
"ENSG00000205413.8","SAMD9"," protein_coding","chr7",1685.33187803992,1.1451872723656,0.322500405427202,1.58708039727607e-05,0.00018269489324104
"ENSG00000205562.3","AL049775.1"," lncRNA","chr14",14.7734966437167,-1.50941946265987,0.553608514519658,0.000174717849582891,0.00137764530842862
"ENSG00000205592.15","MUC19"," protein_coding","chr12",112.049859547126,4.7684277542234,0.947204002533102,2.15122004526094e-08,5.9625858883993e-07
"ENSG00000205611.5","LINC01597"," lncRNA","chr20",13.390041585983,-2.27951694760308,0.475430263221143,6.19697082331922e-08,1.51732287015039e-06
"ENSG00000205726.15","ITSN1"," protein_coding","chr21",4935.98174810819,-1.7056991375142,0.412769378994762,1.25189549706213e-06,2.05151902657807e-05
"ENSG00000205744.10","DENND1C"," protein_coding","chr19",826.730813813417,1.08664123599581,0.412160768327411,0.000272770965424607,0.00200026308420134
"ENSG00000205794.4","AC098591.2"," transcribed_processed_pseudogene","chr4",5.39003876571458,1.4672162838009,0.67336855067337,0.000958523007915586,0.00569353528586699
"ENSG00000205847.6","OR7E91P"," transcribed_unprocessed_pseudogene","chr2",32.588846228249,2.35249869636537,0.826318901674997,0.000140804805211854,0.00115216239649315
"ENSG00000205890.3","AC108134.1"," lncRNA","chr16",100.980375325264,1.32360224542117,0.69147992322652,0.00128652176775187,0.00723883744535242
"ENSG00000205913.7","SRRM2-AS1"," lncRNA","chr16",152.251794924149,1.36480480315483,0.334309852618606,1.78090218775046e-06,2.78144396744859e-05
"ENSG00000206053.13","JPT2"," protein_coding","chr16",8867.81183160801,1.36560604359862,0.226841159581541,1.01591694531638e-10,5.33830694864967e-09
"ENSG00000206075.14","SERPINB5"," protein_coding","chr18",1423.5280501726,-1.62588770960421,1.17171452390831,0.00204783580447948,0.0105884764454792
"ENSG00000206113.11","CFAP99"," protein_coding","chr4",58.3966532891181,2.14651827080795,0.566014456935126,6.01344464962132e-06,7.97472813644765e-05
"ENSG00000206172.8","HBA1"," protein_coding","chr16",11.1043957493101,-4.87786953405825,0.814512107044401,9.52081783727681e-06,0.00011855490905083
"ENSG00000206530.11","CFAP44"," protein_coding","chr3",817.402568890665,1.05232653616821,0.382934815079411,0.000195638136550688,0.00151667625178644
"ENSG00000206538.9","VGLL3"," protein_coding","chr3",1601.65354142063,-1.25658402942905,0.570211635142635,0.000629127144099427,0.00401515917043591
"ENSG00000206567.10","AC022007.1"," lncRNA","chr3",499.407890141816,-1.29362359055621,0.457411367481805,0.000132933478318241,0.00109726015936132
"ENSG00000207186.1","RNA5SP122"," rRNA_pseudogene","chr2",4.38413449089344,2.73521573931362,0.738436092352857,1.18771804936538e-05,0.000143343723488093
"ENSG00000207422.1","RNU6-813P"," snRNA","chr6",9.14864408698478,2.40062783693509,1.80779480477068,0.00264598410630945,0.0130142684151776
"ENSG00000207751.3","AP000553.1"," lncRNA","chr22",3.69351950874669,3.30912512686521,0.743100599442952,5.63802510029446e-07,1.03534912512828e-05
"ENSG00000211445.12","GPX3"," protein_coding","chr5",43834.5552674978,-4.58006552995534,0.633274336485559,1.64083180163386e-14,2.56727634039493e-12
"ENSG00000211452.11","DIO1"," protein_coding","chr1",1143.00280784751,6.02879176340232,0.903318589216928,1.29253370212081e-12,1.15339625065722e-10
"ENSG00000211454.15","AKR7L"," polymorphic_pseudogene","chr1",78.9963946194536,2.07872779770552,0.377239544665898,1.79257811204413e-09,6.66789370014198e-08
"ENSG00000211747.3","TRBV20-1"," TR_V_gene","chr7",40.3917425858778,1.04681345013417,0.667072043060568,0.00225065076275483,0.0114388136581615
"ENSG00000211751.9","TRBC1"," TR_C_gene","chr7",467.057541776256,1.07471658491414,0.665115194957975,0.00207822869399523,0.0107233773088121
"ENSG00000211780.3","TRAV6"," TR_V_gene","chr14",4.69650856872005,1.78358695956206,0.88227496295445,0.00117555573473144,0.00671737883074268
"ENSG00000211793.2","TRAV9-2"," TR_V_gene","chr14",12.4369524503062,2.29145801692276,0.670315748554254,2.48541233618014e-05,0.000268727988291482
"ENSG00000211794.3","TRAV12-3"," TR_V_gene","chr14",10.1683271394275,1.01728685078951,0.952380765780693,0.00386257553313498,0.0176978493665939
"ENSG00000211797.2","TRAV17"," TR_V_gene","chr14",12.2157532826361,1.43390116428609,0.558405713943282,0.000321844774460301,0.00229354578259321
"ENSG00000211806.2","TRAV25"," TR_V_gene","chr14",4.84801831008399,1.78377152992254,0.928300742083178,0.00137216656696684,0.00764148825761103
"ENSG00000211814.1","TRAV35"," TR_V_pseudogene","chr14",2.74771481176831,1.72494407900764,1.50896461239869,0.0041676011554543,0.0188430441771357
"ENSG00000211817.2","TRAV38-2DV8"," TR_V_gene","chr14",5.4621889565833,1.42881996855724,1.16453091876615,0.00334597412256384,0.0157501673553806
"ENSG00000211891.6","IGHE"," IG_C_gene","chr14",15.9429418188273,1.70781688656072,1.13396328693479,0.00236730944130932,0.011927479237072
"ENSG00000211896.7","IGHG1"," IG_C_gene","chr14",20711.5119711708,2.0234684600877,0.752810511889784,0.00231392539206654,0.0117087289527131
"ENSG00000212719.13","LINC02693"," lncRNA","chr17",580.772236636299,-1.409215252611,0.326969514722302,5.89756202591478e-07,1.07284586364021e-05
"ENSG00000212901.4","KRTAP3-1"," protein_coding","chr17",1.88746599289793,3.34103419661455,1.37215669493078,0.000314488454811331,0.00224898886591969
"ENSG00000213013.4","RPS15AP36"," processed_pseudogene","chr19",9.7960289422625,1.42160364510088,0.57968683626884,0.000425496223421114,0.00289677828905095
"ENSG00000213047.13","DENND1B"," protein_coding","chr1",3525.61735387198,2.3621153310326,0.509091525325596,1.63998714840067e-07,3.576299474678e-06
"ENSG00000213057.5","C1orf220"," lncRNA","chr1",43.2014872353943,2.29777607594669,0.46061639837538,3.08411594808717e-08,8.17068257742669e-07
"ENSG00000213085.10","CFAP45"," protein_coding","chr1",166.848128944215,2.40328624048464,0.492219061137212,4.69101252429327e-08,1.19103034122944e-06
"ENSG00000213088.12","ACKR1"," protein_coding","chr1",5813.89167283428,-1.99277566100632,0.609331748869392,3.0848585548987e-05,0.000323418869708445
"ENSG00000213145.10","CRIP1"," protein_coding","chr14",111.054179277623,1.33870975428616,0.351210265673664,5.27936064639562e-06,7.13319427679526e-05
"ENSG00000213186.8","TRIM59"," protein_coding","chr3",370.041227080549,2.15612161950204,0.27682009089601,3.71533994930687e-16,9.67402434113926e-14
"ENSG00000213199.8","ASIC3"," protein_coding","chr7",70.2123610898885,1.19390448109391,0.502116692821132,0.000487943082827007,0.00324777224397503
"ENSG00000213212.3","NCLP1"," processed_pseudogene","chr9",6.45494506643904,1.28638761227291,0.546989828374917,0.000581093775086175,0.00376298123729246
"ENSG00000213347.10","MXD3"," protein_coding","chr5",238.757341824646,1.04470474154286,0.357254257388761,0.000119083247894478,0.00100360715031068
"ENSG00000213376.4","GAPDHP71"," processed_pseudogene","chr5",12.9887746439284,2.47133978870341,1.07954714977806,0.000545138736577621,0.00356926785818872
"ENSG00000213471.10","TTLL13P"," protein_coding","chr15",1.9202725393932,2.25322108044267,0.944918232376005,0.000614409475103106,0.00393634979724981
"ENSG00000213538.5","KRT8P41"," processed_pseudogene","chr11",26.9939434626264,3.16800923245868,0.739366314192125,8.3611687368198e-07,1.44349103610282e-05
"ENSG00000213771.3","KRT8P37"," processed_pseudogene","chr10",4.40640427279148,1.98554751331776,0.874549753326029,0.000724599957766844,0.00450820562169097
"ENSG00000213791.4","AC104212.2"," processed_pseudogene","chr8",16.8917774960561,-3.38625513414668,0.808441371339205,9.41457486483502e-07,1.60157938375894e-05
"ENSG00000213830.3","CFL1P5"," processed_pseudogene","chr5",8.01344057166603,1.30740850828379,0.420929179550869,8.00173232231061e-05,0.00071826200786658
"ENSG00000213928.9","IRF9"," protein_coding","chr14",128.399690026975,1.37019016369302,0.372711009292677,8.90838713702151e-06,0.00011217988251517
"ENSG00000213930.12","GALT"," protein_coding","chr9",438.483781836858,-1.00282449592479,0.264833645037401,5.39276604743439e-06,7.25642114003214e-05
"ENSG00000213937.4","CLDN9"," protein_coding","chr16",34.3323091491732,1.69213599530217,0.740178077255138,0.000593737023932295,0.00382639056188063
"ENSG00000213943.3","KRT18P17"," processed_pseudogene","chr3",8.05467755696967,1.8475334118203,0.643858673320371,0.000159565677641538,0.0012804521753889
"ENSG00000213988.11","ZNF90"," protein_coding","chr19",130.054189552018,1.3857041435187,0.506693181518975,0.000199106515271109,0.00153865457903084
"ENSG00000214077.4","GNAQP1"," processed_pseudogene","chr2",75.1145121114499,2.69792547901367,0.716705716463143,6.29563711274125e-06,8.31105087024801e-05
"ENSG00000214100.8","PLAC9P1"," transcribed_unprocessed_pseudogene","chr2",104.673584225689,2.0342298041,0.710169024469398,0.000134358334260298,0.00110615777269373
"ENSG00000214128.11","TMEM213"," protein_coding","chr7",144.98171275464,-5.26514967015991,0.809681523260168,2.44520655861431e-12,2.01736133585519e-10
"ENSG00000214140.11","PRCD"," protein_coding","chr17",79.1014264046178,-1.78376863450749,0.349715684082677,1.20701113610129e-08,3.59262687525698e-07
"ENSG00000214145.7","LINC00887"," lncRNA","chr3",41.7397705631135,2.96984478941772,0.656713204119597,2.79534537307096e-07,5.71367284193432e-06
"ENSG00000214146.3","LINC02026"," lncRNA","chr3",8.16183876299494,1.0830686215585,0.750617986707897,0.00270217399113297,0.0132324986280169
"ENSG00000214207.2","KRT18P10"," processed_pseudogene","chrY",8.85442888172536,1.33161112712545,0.639313719804272,0.000997083158438454,0.00588152637042707
"ENSG00000214530.9","STARD10"," protein_coding","chr11",7551.47655399355,1.75224713052689,0.464448927270174,6.39322222138881e-06,8.41123365484453e-05
"ENSG00000214575.9","CPEB1"," protein_coding","chr15",97.1963626723413,-1.44460234612613,0.411187458156365,1.42594740701282e-05,0.000166848257912158
"ENSG00000214653.4","HNRNPA3P3"," processed_pseudogene","chrX",7.47186013290922,1.03917083787854,0.631256882624209,0.00210890083986716,0.0108607615060967
"ENSG00000214725.9","CDIPTOSP"," transcribed_unitary_pseudogene","chr16",26.4934287284199,3.38776111558786,0.709525806171331,9.36075144380488e-08,2.18611766148458e-06
"ENSG00000214796.8","TUBA5P"," transcribed_unprocessed_pseudogene","chr1",77.6558151367749,1.12640520023318,0.550863633562135,0.00103131850269827,0.00604768636599079
"ENSG00000214814.7","FER1L6"," protein_coding","chr8",17.1617467251914,3.09130333382327,0.86447977859843,1.38011798892843e-05,0.000162407071675217
"ENSG00000214867.3","SRSF9P1"," processed_pseudogene","chr21",14.3368742243986,1.53402416794632,0.411477731354834,8.04037868004178e-06,0.000102535399314816
"ENSG00000214872.8","SMTNL1"," protein_coding","chr11",32.8335793630861,1.32756910743089,0.608007081030279,0.0007775527988769,0.00478054532257514
"ENSG00000214894.6","LINC00243"," lncRNA","chr6",19.9191936324446,2.26578609108532,0.550777273294568,1.82804815889383e-06,2.84742983535557e-05
"ENSG00000214988.4","RPL7AP26"," processed_pseudogene","chr4",3.69372666291239,1.23247583501109,0.694838060673721,0.00199654235355229,0.0103647313283429
"ENSG00000215023.2","AC131097.1"," lncRNA","chr2",7.96292883392247,3.96351119955841,0.902831432687211,5.47640335960571e-07,1.00779108449369e-05
"ENSG00000215089.3","KRT18P11"," processed_pseudogene","chrX",8.18110658197192,1.47580156921778,0.814990615310059,0.00170503976579025,0.00912571597916666
"ENSG00000215217.7","C5orf49"," protein_coding","chr5",115.962132311351,1.20458812866929,0.546902691419453,0.000732251183110717,0.00454850917392132
"ENSG00000215237.6","AL592293.1"," unprocessed_pseudogene","chr9",23.2186921629118,-1.9204627130757,0.368878993135818,6.68774663826989e-09,2.1212924359625e-07
"ENSG00000215483.11","LINC00598"," lncRNA","chr13",297.801626475108,-4.39647389115164,0.70350281644769,1.36634861965986e-11,8.99495654500983e-10
"ENSG00000215493.3","AC007731.1"," processed_pseudogene","chr22",37.2702838474196,1.15348476402494,0.429089772620713,0.000234640980926992,0.0017670749979546
"ENSG00000215548.2","FRG1JP"," unprocessed_pseudogene","chr9",46.9642521751558,-1.43632117174269,0.550013445228523,0.000235396916466981,0.00177162075333249
"ENSG00000215784.6","FAM72D"," protein_coding","chr1",10.402607959094,2.00505350289864,0.531012873170455,7.30506660079249e-06,9.42607539823413e-05
"ENSG00000215845.11","TSTD1"," protein_coding","chr1",2533.94430427115,1.22989040544133,0.407148827651168,8.70520705397604e-05,0.000771288418791971
"ENSG00000216331.2","H1-12P"," unprocessed_pseudogene","chr6",5.38316855601865,6.06664653812329,1.59704511622044,4.63070847759775e-07,8.69591224391082e-06
"ENSG00000216490.4","IFI30"," protein_coding","chr19",14.7246819406025,1.62892025594178,0.835101682359541,0.00116546306118055,0.00667610764532104
"ENSG00000217159.2","LARP1P1"," processed_pseudogene","chr6",4.05682328980578,4.24858286564216,1.10501830733933,1.25793778443404e-06,2.05769841709742e-05
"ENSG00000217275.2","AL031777.1"," processed_pseudogene","chr6",51.2931583514586,5.2182102130321,0.729599940729824,4.37776010614304e-14,5.87478568705526e-12
"ENSG00000217442.4","SYCE3"," protein_coding","chr22",39.3859533656269,1.97256720100853,0.595616577591269,3.36367015421629e-05,0.000346313124656958
"ENSG00000217644.5","AL355864.1"," processed_pseudogene","chr1",4.80944811253321,1.40081359796794,0.558196429564481,0.000429559779528646,0.00292273211145358
"ENSG00000217801.10","AL390719.1"," transcribed_unprocessed_pseudogene","chr1",104.172236691027,1.13569173212124,0.579469868518425,0.00119443334034078,0.00680407733515592
"ENSG00000217889.3","KRT18P48"," processed_pseudogene","chrX",2.93165372494238,1.54254459062237,0.899197339998525,0.00232630428883779,0.0117667560078051
"ENSG00000218014.1","KRT19P1"," processed_pseudogene","chr6",23.4826407711044,2.5539926549068,0.451156617332649,1.03644092680336e-09,4.14232077629966e-08
"ENSG00000218186.2","KRT8P43"," processed_pseudogene","chr6",3.49219047405934,1.73896496283961,1.75007528611593,0.00411326344027866,0.0186505360227112
"ENSG00000218281.1","H2AC9P"," unprocessed_pseudogene","chr6",4.57389739695676,4.90193734502775,1.32066954586689,1.62611519477108e-06,2.57309683722257e-05
"ENSG00000218357.3","LINC01644"," lncRNA","chr22",68.6071065867197,5.38852595118972,0.82443012068719,4.34370147964562e-12,3.31632578394563e-10
"ENSG00000218416.4","AC110619.1"," lncRNA","chr2",252.141279002451,3.60147549453205,0.602639793784949,1.10446196043512e-10,5.71995991752443e-09
"ENSG00000218549.2","OR4K12P"," unprocessed_pseudogene","chr21",9.15799587350506,4.88776047860649,1.20654078418833,0.00651498223796478,0.0269074627444163
"ENSG00000218690.2","H2AC10P"," transcribed_unprocessed_pseudogene","chr6",4.65927804601915,3.80240477462399,1.1263312965548,3.69062202995051e-05,0.000375530747293681
"ENSG00000219693.3","FGF7P8"," unprocessed_pseudogene","chr9",6.81482206660702,-1.20924282753509,0.507143220823237,0.000492253790417162,0.00327022600941455
"ENSG00000220323.4","H2BC19P"," transcribed_unprocessed_pseudogene","chr1",144.94567576331,2.73232237694937,0.459032844369656,1.24159119210487e-10,6.36128609159045e-09
"ENSG00000220378.3","KRT8P42"," processed_pseudogene","chr6",13.060074198543,1.99875954738048,0.89881430941955,0.000695685890629631,0.00436489415751815
"ENSG00000221539.1","SNORD99"," snoRNA","chr1",7.29507900957254,1.4030384660011,0.58461265591884,0.000504891032633356,0.00334208936057872
"ENSG00000221598.3","MIR1249"," miRNA","chr22",2.02574078470582,1.49493082438309,1.11012563869165,0.00416839405465547,0.0188436271548482
"ENSG00000221716.1","SNORA11"," snoRNA","chrX",7.77607651379567,1.07586485545894,0.421432731004104,0.000350267379763445,0.00245651842157313
"ENSG00000221818.9","EBF2"," protein_coding","chr8",592.975699716157,-1.56925876906744,0.501216368788126,5.12721789923462e-05,0.000495550580947909
"ENSG00000221955.11","SLC12A8"," protein_coding","chr3",781.232952834491,1.39707269697945,0.471351168634776,0.000102675417914983,0.000884555063326341
"ENSG00000221968.9","FADS3"," protein_coding","chr11",2319.63189622364,-1.71047016049285,0.437878707804007,3.12853094942298e-06,4.53688999818442e-05
"ENSG00000221970.2","OR2A1"," protein_coding","chr7",7.47283822602904,-1.34278524288242,0.407331661157813,3.81105174341022e-05,0.000386320181229884
"ENSG00000222005.9","LINC01118"," lncRNA","chr2",9.44648489905382,-1.28911996934497,0.421466016747995,7.70412476940897e-05,0.000695484132805817
"ENSG00000222014.6","RAB6C"," protein_coding","chr2",97.7387008331286,1.76711982551702,0.479987173184461,9.19907874076346e-06,0.000115289172537348
"ENSG00000222022.1","AC112721.1"," lncRNA","chr2",4.05447108785013,2.8198730742596,0.872129194503534,5.55488728609135e-05,0.000529550743986375
"ENSG00000222032.1","AC112721.2"," lncRNA","chr2",6.62559649465318,2.02669102929321,0.99398160339012,0.00107451375422147,0.00624223433209148
"ENSG00000222872.1","RNU4-78P"," snRNA","chr3",2.10658979587311,1.37660705438819,0.883967393921402,0.00314156117815828,0.0149559573021041
"ENSG00000223343.1","AC137630.1"," lncRNA","chr3",9.20665385349522,1.04851189104314,0.508693160356113,0.00102634264201227,0.00602458296138122
"ENSG00000223478.1","AL441992.1"," lncRNA","chr9",104.996997073733,1.29999527612004,0.332053781369812,3.55691441207555e-06,5.07999593744281e-05
"ENSG00000223511.7","AL683807.1"," lncRNA","chrX",11.4077659602784,2.80652353320473,0.620368944863122,3.01642399516241e-07,6.08175273202487e-06
"ENSG00000223519.8","KIF28P"," transcribed_unitary_pseudogene","chr1",26.2035295512739,2.17029566012244,0.427781740411069,1.5333932574686e-08,4.44735030310365e-07
"ENSG00000223561.7","AC005165.1"," lncRNA","chr7",16.2278968275395,-1.71686530873617,0.660800711996563,0.000252478833163509,0.0018760349145337
"ENSG00000223656.1","HMGB3P10"," processed_pseudogene","chr1",16.5293204483471,-2.81533229614282,0.598898870244508,8.32233237600792e-08,1.98019662313822e-06
"ENSG00000223658.8","C1GALT1C1L"," protein_coding","chr2",58.4128542945381,-2.4670302615861,0.269647192671775,2.11911439663828e-21,1.94573737929227e-18
"ENSG00000223756.7","TSSC2"," transcribed_unprocessed_pseudogene","chr11",164.848967400483,-2.40025483188677,0.487594388440425,3.00766786483308e-08,7.98634242556248e-07
"ENSG00000223774.5","AL513217.1"," lncRNA","chr1",5.87633188925759,-1.40312566035841,0.476619324030483,0.000113677574896304,0.000963869809406301
"ENSG00000223776.5","LGALS8-AS1"," lncRNA","chr1",14.6315580734915,2.55973426372125,0.443844845056803,3.83460214305173e-10,1.70220233299259e-08
"ENSG00000223804.5","AC244669.1"," transcribed_unprocessed_pseudogene","chr1",88.9986789691604,-1.44024293614933,0.365071561959415,2.70960260264243e-06,4.01958947316314e-05
"ENSG00000223808.1","AC044784.1"," lncRNA","chr10",382.562092159584,7.71118082029992,1.01661151514544,2.51102665692083e-15,5.18415568559909e-13
"ENSG00000223813.3","AC007255.1"," lncRNA","chr7",53.3934331272829,2.38895124720778,0.447561479147638,4.8286999859665e-09,1.58791867304766e-07
"ENSG00000223823.1","LINC01342"," lncRNA","chr1",15.9535252524126,2.08730901309286,0.587301504535344,1.62045821973967e-05,0.000186229933283718
"ENSG00000223940.1","KRT8P8"," processed_pseudogene","chrX",18.5139041141124,1.74895071400624,0.977164267840367,0.00153266035573726,0.00834911045621057
"ENSG00000223949.8","ROR1-AS1"," lncRNA","chr1",17.2635512243729,1.60608720341104,0.653848192611358,0.000405396447227069,0.00278110252461653
"ENSG00000223979.2","SMCR2"," lncRNA","chr17",1.89872253335554,3.45681282529048,1.33481707476035,0.000221167902113567,0.00168039887046846
"ENSG00000224063.6","AC007319.1"," lncRNA","chr2",12.743052401867,-2.50916895877392,0.444243005582745,5.40736273304132e-10,2.31779229875362e-08
"ENSG00000224126.2","UBE2SP2"," processed_pseudogene","chr17",2.4171937644677,1.53425804005611,0.923308193549464,0.00243296508410596,0.0121721515270348
"ENSG00000224137.1","LINC01857"," lncRNA","chr2",22.0143036648277,2.60796841811408,0.834823912404188,6.29333285299145e-05,0.000588215045737274
"ENSG00000224186.8","C5orf66"," lncRNA","chr5",45.0258714986775,1.60567429387505,0.35742607447371,3.1612980876039e-07,6.31011736696725e-06
"ENSG00000224209.8","LINC00466"," lncRNA","chr1",13.6449521258167,3.99679107332852,0.807506286324164,3.57890880213291e-08,9.38179616943796e-07
"ENSG00000224260.6","AL023754.1"," lncRNA","chr1",4.08161468020076,2.5738663208881,1.36368805915141,0.00160524426269273,0.00868350039838948
"ENSG00000224271.7","AL117329.1"," lncRNA","chr22",52.4254939121151,2.00990105013761,1.06342690655894,0.00124540943838611,0.00704843158389776
"ENSG00000224272.2","AC131097.2"," lncRNA","chr2",32.0019420730759,4.78427044671567,0.804909251903302,1.54060897230516e-10,7.73430038168334e-09
"ENSG00000224318.6","CHL1-AS2"," lncRNA","chr3",15.5440680584044,-4.08112174510237,0.520638243787662,2.52576279923713e-16,6.88487420532678e-14
"ENSG00000224367.6","OACYLP"," transcribed_unitary_pseudogene","chr18",6.11131701979294,2.46558044342282,0.434230363575354,1.08187332330122e-09,4.30474136794549e-08
"ENSG00000224401.2","RPL7P57"," processed_pseudogene","chrX",4.79463209003727,1.73337359950793,0.622895009886133,0.000194304564786944,0.00150856265464648
"ENSG00000224468.3","LAMC1-AS1"," lncRNA","chr1",14.9739812388065,-1.50304626698927,0.557433510042263,0.000201440854871222,0.00155359700868961
"ENSG00000224520.2","KRT8P45"," processed_pseudogene","chr1",73.165416592647,2.25223692533977,0.569491701994602,3.09315456129571e-06,4.49118833949932e-05
"ENSG00000224525.2","AL591686.1"," lncRNA","chr1",53.182075696583,-5.06643118853737,0.60191912838253,1.52034490427669e-18,7.57805057930258e-16
"ENSG00000224535.2","LINC02771"," lncRNA","chr1",4.76214731497242,1.41902356100454,1.26582787035215,0.00390133193245805,0.0178473020132941
"ENSG00000224559.2","LINC01087"," lncRNA","chr2",304.511757583157,2.3246308800941,0.990525350378192,0.000496096380096652,0.00329136695150262
"ENSG00000224577.3","LINC01117"," lncRNA","chr2",115.90355156371,2.26523157328121,0.392259630484516,3.31343617350263e-10,1.51717981010079e-08
"ENSG00000224613.7","AC095032.1"," lncRNA","chr1",10.4132170598773,-3.15636962094103,0.654567872899818,5.37951950764272e-08,1.34106600264408e-06
"ENSG00000224715.1","Z82186.1"," lncRNA","chr22",13.9333764754292,5.487145356617,1.06499087935425,9.68720610072184e-09,2.98056709047871e-07
"ENSG00000224746.2","AC015987.1"," lncRNA","chr7",19.4096684394218,1.49871261486215,0.698566093683936,0.000826785548129516,0.00503627235957926
"ENSG00000224805.2","LINC00853"," lncRNA","chr1",40.407617505069,1.34567156929291,0.516387189364776,0.00028567202775295,0.00207736667586482
"ENSG00000224885.1","EIPR1-IT1"," lncRNA","chr2",6.70667328011321,1.65760318234543,0.617869880691825,0.000253635364986415,0.0018820909229564
"ENSG00000224920.1","TACC1P1"," unprocessed_pseudogene","chr10",11.4281572498042,4.47066613442509,1.17120645977345,6.8354471801251e-06,8.88913855988613e-05
"ENSG00000224958.6","PGM5-AS1"," lncRNA","chr9",34.1363785233842,-3.74191453354477,0.583494356974977,4.50883555059971e-12,3.42177304114862e-10
"ENSG00000225077.3","LINC00337"," lncRNA","chr1",10.4928475991481,3.15874276516285,0.711248950907199,4.92982552180282e-07,9.17368225499851e-06
"ENSG00000225166.2","AC012462.1"," lncRNA","chr2",1.25225932634303,3.70576943640717,1.36931031123206,4.59536146475625e-05,0.000451802293152501
"ENSG00000225194.3","LINC00092"," lncRNA","chr9",61.4506383705965,-3.90805996859905,0.461600202491922,9.96102309698638e-19,5.18731428174555e-16
"ENSG00000225208.1","AL133387.1"," lncRNA","chr10",32.505608295442,5.25445892806314,0.755374169150115,3.80597282943926e-13,4.04860359731601e-11
"ENSG00000225339.4","AL354740.1"," lncRNA","chr6",18.3625027747447,1.09646595343249,0.387756882393298,0.000155888968690145,0.00125701918339909
"ENSG00000225361.4","PPP1R26-AS1"," lncRNA","chr9",161.853429181569,1.28940215082864,0.291023684760685,4.03669680886551e-07,7.74295702903389e-06
"ENSG00000225385.3","AL353572.1"," processed_pseudogene","chr9",5.11495586516562,1.80426773387711,0.851516128584793,0.00106470727472771,0.00620297317936093
"ENSG00000225398.3","PGM5P4"," unprocessed_pseudogene","chr2",13.134902363876,-2.43472839034021,0.546188015897801,2.69218871952237e-07,5.52223142932717e-06
"ENSG00000225401.2","TGIF2P1"," processed_pseudogene","chr1",2.29235574496403,3.39148453268748,1.04707782539921,2.11008091425378e-05,0.000233946085729992
"ENSG00000225434.3","LINC01504"," lncRNA","chr9",76.1771023794943,-1.26465681695415,0.513336580093189,0.000345710179789161,0.00243090969025063
"ENSG00000225438.1","KRT41P"," unprocessed_pseudogene","chr17",113.962572531653,4.12803737926458,2.11564242352916,0.000736942408109609,0.00457439202301234
"ENSG00000225439.3","BOLA3-AS1"," lncRNA","chr2",237.66267845424,-1.07981197160027,0.353511679085826,6.93275056379943e-05,0.000637299752490741
"ENSG00000225447.1","RPS15AP10"," processed_pseudogene","chr1",10.4066849735496,1.07254756994636,0.366314533355298,0.000125597221450787,0.00104862710065552
"ENSG00000225449.3","RAB6C-AS1"," transcribed_unprocessed_pseudogene","chr2",220.820158380306,2.36004697503563,0.465988458883243,1.85682061570614e-08,5.25436562064906e-07
"ENSG00000225472.2","AL136366.1"," lncRNA","chr9",20.1412940730227,-3.9324130879371,0.389833272648208,6.63372522265428e-25,1.36151356908018e-21
"ENSG00000225506.2","CYP4A22-AS1"," lncRNA","chr1",12.9056439666793,1.14086869294966,0.704279186133328,0.00218038885692523,0.0111450260191881
"ENSG00000225578.1","NCBP2-AS1"," lncRNA","chr3",8.29999710039405,1.28962651330101,0.419018998241443,8.32756398705465e-05,0.00074183567524971
"ENSG00000225595.2","LINC01623"," lncRNA","chr6",1.59242852225558,1.71906178456941,1.18587458335675,0.00328090591431278,0.0155092925425128
"ENSG00000225614.4","ZNF469"," protein_coding","chr16",1227.71305421605,1.53597450608054,0.464200868048662,3.50605005700465e-05,0.000358948334914757
"ENSG00000225670.4","CADM3-AS1"," lncRNA","chr1",114.87725832973,-1.7502786583674,0.548050481912984,4.06092698320746e-05,0.000407388738847302
"ENSG00000225731.1","PDE9A-AS1"," lncRNA","chr21",38.8697127233087,-3.65223866596722,0.713397102895017,9.38325446984206e-09,2.89726665227663e-07
"ENSG00000225768.1","LINC02620"," lncRNA","chr10",21.271175340909,2.84500549287123,1.05513580639013,0.000210484912802367,0.0016119466840622
"ENSG00000225783.8","MIAT"," lncRNA","chr22",242.596984911062,1.74700056169993,0.557946145321243,6.00324612725421e-05,0.00056503712065289
"ENSG00000225855.7","RUSC1-AS1"," lncRNA","chr1",164.374463101856,1.0011749231873,0.311559540986476,4.85684821982666e-05,0.0004729564366117
"ENSG00000225886.3","AL445490.1"," lncRNA","chr1",16.856475467016,1.85997422668627,0.637280611542544,0.000110022422821859,0.000939844734356672
"ENSG00000225889.9","AC012368.1"," lncRNA","chr2",93.026070641397,-1.89874592143096,0.378625015590289,1.95447066837102e-08,5.49503916922912e-07
"ENSG00000225914.3","TSBP1-AS1"," lncRNA","chr6",49.7294415526109,-2.42969109685083,0.336161324650152,2.33727755643413e-14,3.41213185027377e-12
"ENSG00000225951.1","ODF2-AS1"," lncRNA","chr9",2.79208449865859,1.45597358949327,0.706576839173593,0.0012545309156818,0.00708970492048162
"ENSG00000225972.1","MTND1P23"," unprocessed_pseudogene","chr1",3307.22825193492,6.75714967358476,0.964540416073976,1.21762570633318e-13,1.4499719631287e-11
"ENSG00000226005.5","LINC02660"," lncRNA","chr10",44.3140222859952,-4.26822322059926,0.586916967672568,1.86771763473386e-14,2.85818140322364e-12
"ENSG00000226012.1","AP001434.1"," lncRNA","chr21",3.92013207957338,4.77481349226961,1.22038248087784,4.17612901789586e-07,7.97199836263907e-06
"ENSG00000226025.9","LGALS17A"," transcribed_unprocessed_pseudogene","chr19",22.5327115059371,2.89518082257496,0.863367622186994,2.89371753755957e-05,0.000306046373455565
"ENSG00000226026.6","AC092802.1"," lncRNA","chr1",29.2986440544921,-1.51306172107461,0.301115150350909,2.04076017706194e-08,5.69177964331481e-07
"ENSG00000226031.5","FGF13-AS1"," lncRNA","chrX",22.2722929805089,-3.49392760942751,0.460058290369382,1.55573694689295e-15,3.39257611337761e-13
"ENSG00000226237.2","GAS1RR"," lncRNA","chr9",141.773168993344,-2.04496050132333,0.355720189860522,3.49589700752099e-10,1.58204075861757e-08
"ENSG00000226252.1","AL135960.1"," lncRNA","chr1",15.3269478189147,-1.39897608802341,0.446568440057745,5.01851567410586e-05,0.000486797415583062
"ENSG00000226266.6","AC009961.1"," lncRNA","chr2",32.1945111036061,1.15051500269365,0.358142058922774,4.77355380629471e-05,0.000466276780110383
"ENSG00000226314.8","ZNF192P1"," transcribed_unprocessed_pseudogene","chr6",37.5174479016804,-1.09576484986908,0.2892790019769,5.45399786005386e-06,7.32468973576364e-05
"ENSG00000226321.5","CROCC2"," protein_coding","chr2",14.5520000627695,2.61395152197177,1.05210768433387,0.000368745722035873,0.00256344032427847
"ENSG00000226329.2","AC005682.1"," unprocessed_pseudogene","chr7",71.802897285112,-2.63646778098274,0.404782408691648,3.0277871228666e-12,2.42856368974571e-10
"ENSG00000226409.3","AL450332.1"," lncRNA","chr6",19.2897786349848,-3.39088437153574,0.532879134021868,9.70163859462377e-12,6.62426364393381e-10
"ENSG00000226440.7","LAMA4-AS1"," lncRNA","chr6",15.1574396514353,-1.35228582682243,0.618737136829175,0.000657529518797499,0.00416670222309545
"ENSG00000226482.1","ADIPOQ-AS1"," lncRNA","chr3",18.8658857493562,-5.91816279553679,1.01137144858369,1.4459767881129e-10,7.30124111635994e-09
"ENSG00000226491.1","FTOP1"," processed_pseudogene","chr2",25.8753315612692,-1.08393564305515,0.419592091063745,0.00026780754487076,0.00197090762456986
"ENSG00000226530.2","AL158055.1"," lncRNA","chrX",27.1876505019748,-1.49458888703036,0.893946715323791,0.0016059109894064,0.00868366658277057
"ENSG00000226581.2","LINC02848"," lncRNA","chr7",9.82328300361871,-1.35421307235997,0.59120919290374,0.000577136712435849,0.00374082798320625
"ENSG00000226609.2","AL390067.1"," lncRNA","chr9",6.1382483716174,1.85919455011978,0.469375051460353,4.54570059938391e-06,6.29630963132609e-05
"ENSG00000226622.6","AC092155.1"," lncRNA","chr2",21.1297119362556,-4.44977419910111,0.855603819007928,7.05634973201219e-09,2.23414789927076e-07
"ENSG00000226706.1","AL161452.1"," lncRNA","chr9",2.73916012083445,3.0557621153635,0.802184643387758,6.31432069183023e-06,8.32901441977734e-05
"ENSG00000226763.5","SRRM5"," protein_coding","chr19",37.9945378032191,1.17225541659297,0.296288900396324,3.24536765431322e-06,4.68490371645191e-05
"ENSG00000226806.1","LCT-AS1"," lncRNA","chr2",3.58080004514956,3.46200608937266,0.799027702804596,5.53796909277869e-07,1.01858344552526e-05
"ENSG00000226833.6","AC092164.1"," lncRNA","chr2",121.568451119999,-1.79634611392737,0.391346359517471,1.63813162275418e-07,3.576299474678e-06
"ENSG00000226835.3","ARHGAP29-AS1"," lncRNA","chr1",31.2487939879155,3.01918761006113,0.7567270591404,2.75272993144528e-06,4.076634127252e-05
"ENSG00000226876.3","SMYD3-AS1"," lncRNA","chr1",8.74107341639998,3.78697512392632,1.11043742058634,3.20072402890912e-05,0.000332667447401454
"ENSG00000226915.1","RPL19P4"," processed_pseudogene","chr2",6.00039300637346,2.66220264403895,0.72859036037982,1.1377228071623e-05,0.000138218267634749
"ENSG00000226942.2","IL9RP3"," unprocessed_pseudogene","chr16",11.171376317213,1.97518744185541,0.688952790805272,0.00014702244420951,0.0011951910766342
"ENSG00000226953.8","NCKAP5-AS2"," lncRNA","chr2",20.0005300502858,-2.09790667534076,0.363443610133739,3.75197260260415e-10,1.6783343086854e-08
"ENSG00000226957.1","AL358075.1"," lncRNA","chr1",4.77263582865509,2.54829165308807,0.840125593398506,0.000110443316315526,0.000941739815742136
"ENSG00000226965.2","AC073114.1"," lncRNA","chr7",26.1571065346327,1.49381117053487,1.16338251376731,0.00294040325617386,0.0141664747322787
"ENSG00000226979.9","LTA"," protein_coding","chr6",44.7558539124381,2.44490220325284,0.547801008531435,3.61214874341819e-07,7.06058721605625e-06
"ENSG00000227039.6","ITGB2-AS1"," lncRNA","chr21",105.490275391366,1.32691349692771,0.727493059336726,0.00149167782524451,0.00817050722144526
"ENSG00000227066.2","Z98257.1"," lncRNA","chr1",13.6148123278268,2.55791944432493,0.793001137265001,4.37952301802055e-05,0.000434354569703681
"ENSG00000227094.1","AL512785.1"," lncRNA","chr1",3.83300226550886,-3.24945053247263,1.29408232064551,0.000384731645979174,0.00265973288287287
"ENSG00000227176.1","NSA2P5"," processed_pseudogene","chr2",5.94204135995824,-1.49505778834045,0.618195644216366,0.000485559826998845,0.00323561266688631
"ENSG00000227218.7","AL157935.1"," lncRNA","chr9",61.8969676655577,1.09454328633721,0.517504239301891,0.000889581041319883,0.00536153576121444
"ENSG00000227260.2","LINC01985"," lncRNA","chr3",8.21468782661334,-3.60540702642651,0.657621295398167,1.78342210812661e-09,6.64091577104008e-08
"ENSG00000227392.2","HPN-AS1"," lncRNA","chr19",32.5153979438243,2.25601775285806,0.59322105584579,5.69736669032261e-06,7.61052148514725e-05
"ENSG00000227404.1","KRT8P20"," processed_pseudogene","chr7",2.48936302762175,2.55608494531234,0.942980836195602,0.000334496513150123,0.00236588644644657
"ENSG00000227440.1","ATP5MC1P4"," processed_pseudogene","chr3",7.17853496722324,1.71028240112577,0.83945734161859,0.000918267530703071,0.00550248492370158
"ENSG00000227467.3","LINC01537"," lncRNA","chr11",92.9369104401482,-3.31654705464053,0.547368244872688,4.62710375115555e-11,2.57076874174472e-09
"ENSG00000227507.3","LTB"," protein_coding","chr6",388.541277721844,2.46028102524555,0.540723628885798,2.24114621889628e-07,4.6908118010504e-06
"ENSG00000227579.6","AL136114.1"," lncRNA","chr1",5.74139162154948,2.38836217405776,1.12185686553921,0.000880220761586838,0.00531345719593882
"ENSG00000227617.9","CERS6-AS1"," lncRNA","chr2",6.03656898065176,1.36062934880601,0.936859907114098,0.00243889357025225,0.0121948173630942
"ENSG00000227619.3","AL391056.1"," lncRNA","chr9",22.2312606865387,1.47036209610176,0.604057033117068,0.00044813945611637,0.00302613388104437
"ENSG00000227719.1","AC006042.1"," lncRNA","chr7",107.397436107375,1.53854335715589,0.383342618824735,2.39347333534145e-06,3.59804731337348e-05
"ENSG00000227755.1","AP000344.1"," transcribed_processed_pseudogene","chr22",23.7051509659449,-1.45002075129685,0.641185252565757,0.000564521693104314,0.00367270676750002
"ENSG00000227857.2","AL358075.2"," lncRNA","chr1",7.57524750253826,1.62820226002472,0.530368905202681,8.91404382119512e-05,0.000785205511146981
"ENSG00000227896.2","AL731569.1"," lncRNA","chr10",52.3478157497427,1.23298786637575,0.290406913992881,8.88796175786235e-07,1.52097862055629e-05
"ENSG00000227953.7","LINC01341"," lncRNA","chr1",49.1970833381093,2.07296361512902,0.443166171866226,1.17422503195487e-07,2.6569316206185e-06
"ENSG00000227964.1","LINC01429"," lncRNA","chr20",3.35799908907271,3.23760949461243,0.956205222799205,2.70582939270081e-05,0.000289209435293485
"ENSG00000228044.3","AL160408.1"," lncRNA","chr1",8.44685034374277,1.90549474066075,1.4364606120005,0.00289852683283399,0.0140073570595249
"ENSG00000228063.2","LYPLAL1-DT"," lncRNA","chr1",35.6206530555678,-1.91866619689349,0.362951357309884,5.01878312308602e-09,1.64577407845483e-07
"ENSG00000228133.3","AC099684.1"," lncRNA","chr17",10.0321086042269,2.21318091825765,0.71522454133837,8.04739414770217e-05,0.000721989275411357
"ENSG00000228139.1","LINC01402"," lncRNA","chrX",7.27648444578693,-1.3751445599323,0.491200912354457,0.000169497269084588,0.00134713649558779
"ENSG00000228140.2","AL031283.1"," lncRNA","chr1",9.10652020980185,1.65164404192664,0.5613567982568,0.000117776405114349,0.00099444986246016
"ENSG00000228157.4","AC007952.2"," lncRNA","chr17",3.44196036801066,1.0858469761376,1.730310923406,0.00473560611515612,0.020838697561346
"ENSG00000228168.1","HNRNPA1P21"," processed_pseudogene","chr3",47.3412918524857,3.40587775761234,0.592605963317737,4.4473183166672e-10,1.94450355121347e-08
"ENSG00000228201.1","AL022341.1"," lncRNA","chr16",16.120770027439,1.12799888738038,0.759461270380438,0.0024660593575782,0.0123112429596882
"ENSG00000228223.3","HCG11"," lncRNA","chr6",1378.22395681656,-1.14818298033284,0.286105087957868,2.6163289480201e-06,3.90112535578502e-05
"ENSG00000228232.1","GAPDHP1"," processed_pseudogene","chrX",199.395511313363,1.52306306955771,0.836120048019935,0.00147321201093135,0.00809095549715184
"ENSG00000228307.2","OR2S1P"," transcribed_unprocessed_pseudogene","chr9",32.6748163281969,-3.31794520071145,0.501749507756089,1.15225193084326e-12,1.03616551853227e-10
"ENSG00000228318.3","AP001610.2"," lncRNA","chr21",9.88637283609932,1.50625781311635,0.92995344041455,0.00205928328186843,0.0106394611665531
"ENSG00000228436.3","AL139260.1"," lncRNA","chr1",59.1257734811586,-1.71320641516821,0.567313974071515,7.07215033066718e-05,0.000648159698416886
"ENSG00000228544.1","CCDC183-AS1"," lncRNA","chr9",117.817570811596,2.2654216066259,0.37049245903413,4.96606134146696e-11,2.73729614952802e-09
"ENSG00000228549.4","BX284668.2"," lncRNA","chr1",19.535752700096,1.00586732779798,1.50718343157802,0.00423522350677178,0.0190844870689363
"ENSG00000228559.2","AL033519.4"," lncRNA","chr6",15.1067493329054,5.06919598394565,1.07818061889479,1.25492709391212e-07,2.82306004085673e-06
"ENSG00000228594.4","FNDC10"," protein_coding","chr1",614.864344484744,1.1443393783754,0.46332873616953,0.000409430469504763,0.00280161571121606
"ENSG00000228607.2","CLDN25"," protein_coding","chr11",4.70246866673657,7.88336538828971,2.75565951716279,5.38102205067701e-08,1.34106600264408e-06
"ENSG00000228613.1","AC141930.1"," lncRNA","chr2",40.1881592807427,1.60517623078445,0.518036747927173,7.14377365057343e-05,0.000653783272756961
"ENSG00000228626.1","AC245100.3"," unprocessed_pseudogene","chr1",6.04572948496499,3.44184045500455,1.30878973066535,0.000293329358374301,0.00212247089237614
"ENSG00000228630.5","HOTAIR"," lncRNA","chr12",153.294448092459,2.72014456118784,1.01010185432853,0.000202774236991429,0.00156215409646013
"ENSG00000228639.8","ROCR"," lncRNA","chr17",167.504933218191,-4.02966802188149,0.830191291254424,3.78230625612258e-08,9.86311267431786e-07
"ENSG00000228649.9","SNHG26"," lncRNA","chr7",189.729896371716,-2.29725653906232,0.457685955236355,1.9078175956324e-08,5.38557149912702e-07
"ENSG00000228695.10","CES1P1"," transcribed_unprocessed_pseudogene","chr16",23.2965347115212,-3.8372496274414,0.696014320145833,1.18806871326928e-09,4.66811998588721e-08
"ENSG00000228723.6","SRGAP3-AS2"," lncRNA","chr3",6.75023120099253,4.20747368528253,1.26005767729932,3.49329987867395e-05,0.000357958079491374
"ENSG00000228887.3","EEF1DP1"," processed_pseudogene","chr19",62.3703627313843,1.04967368140423,0.335361801677026,6.09447491252546e-05,0.000572388490371268
"ENSG00000228918.4","LINC01344"," lncRNA","chr1",19.0671604838096,3.22558964179143,0.609876523585477,5.33995058771387e-09,1.74127304631705e-07
"ENSG00000228971.3","LINC02607"," lncRNA","chr1",427.071846857022,-3.48851188735132,0.597364881009431,1.86966377629507e-10,9.09824809187047e-09
"ENSG00000229052.2","AL449283.1"," transcribed_processed_pseudogene","chr1",5.41117828035374,-1.88580470066951,0.620649226137021,8.30959618731399e-05,0.000740562249224962
"ENSG00000229116.3","AL137026.1"," lncRNA","chr10",17.6792126031489,-2.7273575019672,0.509525674536249,2.83188033920962e-09,9.91044502661615e-08
"ENSG00000229178.1","AC233280.1"," lncRNA","chr3",5.74014767940064,1.43632604708713,0.709897524781717,0.00114902548924989,0.00659711178960311
"ENSG00000229207.1","SERPINH1P1"," processed_pseudogene","chr9",2.35369000565642,1.08580972744271,0.83267807844413,0.00408592637554915,0.0185529818124765
"ENSG00000229246.2","LINC00377"," lncRNA","chr13",16.3226667234617,-3.98160495406529,0.564065617668193,9.08442710989829e-14,1.14842299380964e-11
"ENSG00000229312.2","AL353693.1"," lncRNA","chr9",19.8386658450898,-3.83992243711077,0.887230151903673,5.19417454707851e-07,9.59904365053581e-06
"ENSG00000229525.1","AC053503.1"," lncRNA","chr2",14.5580051347478,1.05285503499379,0.717820354155222,0.00262120175203334,0.0129197486335598
"ENSG00000229544.9","NKX1-2"," protein_coding","chr10",17.3015440161495,-3.9969567230594,0.906193481285879,3.29435188532664e-07,6.52345241946265e-06
"ENSG00000229619.4","MBNL1-AS1"," lncRNA","chr3",282.937359423926,-2.20081476917458,0.311757576552074,6.74465763741571e-14,8.72572213530161e-12
"ENSG00000229630.1","LINC01264"," lncRNA","chr10",2.15882023589965,2.64271231020889,1.17614460117366,0.000685122035313917,0.00430713386200683
"ENSG00000229720.1","AL109924.1"," lncRNA","chr6",1.99966014020494,1.79683604744314,0.915717624497131,0.00132180185237185,0.00740629330835174
"ENSG00000229754.1","CXCR2P1"," transcribed_unprocessed_pseudogene","chr2",69.8599673109962,2.06306677244317,1.14259124591524,0.00140485148979515,0.00778165952221663
"ENSG00000229759.1","MRPS18AP1"," processed_pseudogene","chr3",2.88099057671907,1.77173156976066,0.791942240874526,0.000947548821174057,0.00564372241713623
"ENSG00000229780.1","UBE2Q1-AS1"," lncRNA","chr1",3.467760778112,2.08620543967582,0.754853023115042,0.000239163097716395,0.00179300379080849
"ENSG00000229832.1","AL360091.1"," lncRNA","chr1",5.97639036985322,1.0578180869658,0.734887000779193,0.00269752517026472,0.013211587691705
"ENSG00000229847.9","EMX2OS"," lncRNA","chr10",332.742895287136,-2.08482323218248,0.581219745313584,1.01671082308181e-05,0.000125483046792173
"ENSG00000229901.1","FOXO6-AS1"," lncRNA","chr1",13.8773701107594,1.28258430450552,0.571060335387582,0.000707516955712283,0.00442400969565543
"ENSG00000229970.3","AC007128.1"," lncRNA","chr7",2.53395754995902,4.59685314944864,1.72194275157941,0.00018740657506171,0.00146380183802957
"ENSG00000230042.1","AK3P3"," processed_pseudogene","chr7",11.3231096325891,-1.30329844870177,0.350621893161551,7.95274523220089e-06,0.000101566337443895
"ENSG00000230076.1","RPL10P6"," processed_pseudogene","chr2",219.866722123889,4.65471090523894,0.861928667367465,2.83167668923732e-09,9.91044502661615e-08
"ENSG00000230082.1","PRRT3-AS1"," lncRNA","chr3",70.5195109351891,-1.97929669414036,0.469954412687599,8.69257211867311e-07,1.49184719032279e-05
"ENSG00000230107.1","AL022316.1"," lncRNA","chr22",25.5729485434195,2.93323784618092,0.709653770975459,1.59626413652845e-06,2.53160236307337e-05
"ENSG00000230115.1","TPRG1-AS2"," lncRNA","chr3",2.64637714364253,2.20217782789411,1.31611624676712,0.00236147983814956,0.0119067041955023
"ENSG00000230216.1","HSPB1P2"," processed_pseudogene","chrX",15.8107450930522,1.10330239502046,0.529078619814526,0.000934591874156109,0.00558179477596385
"ENSG00000230280.2","HNRNPA1P59"," processed_pseudogene","chr1",12.9295984290648,1.64634982870467,0.509775886791453,4.94666368881542e-05,0.000480629470249119
"ENSG00000230325.1","AL359921.1"," lncRNA","chr1",5.14739469286135,1.01003762440491,0.549436489567002,0.00169614377426135,0.00908507098983
"ENSG00000230333.6","AC004160.1"," lncRNA","chr7",102.499097087785,-3.22780847990011,0.699693411853899,1.23995085326542e-07,2.79297128607384e-06
"ENSG00000230400.3","LINC01747"," lncRNA","chr20",1.95336658701356,1.13610903193249,2.23250181043521,0.00529645226885864,0.0228230846131588
"ENSG00000230417.12","LINC00595"," lncRNA","chr10",11.360505669675,2.35132918610806,0.430056302131857,0.00375414645798866,0.0173124403999052
"ENSG00000230457.3","PA2G4P4"," processed_pseudogene","chr3",8.85640441465778,1.23731773437387,0.385769012482723,5.08906248990021e-05,0.000492681685169557
"ENSG00000230461.9","PROX1-AS1"," lncRNA","chr1",10.1624573458653,-3.20790919578898,0.582164154576743,1.71697840654076e-09,6.42091035183425e-08
"ENSG00000230489.1","VAV3-AS1"," lncRNA","chr1",2.99138038239921,1.38673128764225,1.16006556795221,0.0040584418463128,0.0184499145875831
"ENSG00000230498.3","AL035409.1"," lncRNA","chr1",11.6259303454234,1.4018005683448,1.21396848338739,0.00340573682665819,0.0159588455034825
"ENSG00000230552.6","AC092162.2"," lncRNA","chr2",28.515394786385,3.16202881998881,0.69065467146553,1.94070982396232e-07,4.11881426203585e-06
"ENSG00000230587.2","LINC02580"," lncRNA","chr2",79.3687767308145,-2.61816985779454,0.370850219047812,6.76246903466429e-14,8.72572213530161e-12
"ENSG00000230606.11","AC092683.1"," lncRNA","chr2",29.5948087108333,2.6380827982999,0.803222695722194,3.72884010469721e-05,0.000378793986022448
"ENSG00000230612.3","AC004039.1"," lncRNA","chr5",8.93850788869422,1.09246688936017,0.630905984151226,0.00195894231697254,0.0102014114002222
"ENSG00000230650.1","AC140479.2"," processed_pseudogene","chr2",12.7741935988955,1.5410963541289,0.800785090640959,0.0013097438703756,0.00735408326058498
"ENSG00000230716.3","KRT8P7"," processed_pseudogene","chr11",11.1012580148656,1.83140533445437,0.928613993883422,0.00113786273569095,0.00654810633531141
"ENSG00000230747.1","AC021188.1"," lncRNA","chr2",11.2605616743766,-1.26937501804478,0.572343332319938,0.00060971083206686,0.0039127130111541
"ENSG00000230783.1","RPS3AP13"," processed_pseudogene","chr2",4.33454619303326,1.10098462408164,1.00208120771884,0.00384381432422978,0.0176280922169691
"ENSG00000230798.5","FOXD3-AS1"," lncRNA","chr1",58.1942284820795,4.776927299783,0.747460379302476,6.80080923412936e-12,4.85249560302674e-10
"ENSG00000230838.1","LINC01614"," lncRNA","chr2",123.501036933808,6.08412127483623,0.537605462833865,2.09562856216833e-30,1.21864293604359e-26
"ENSG00000230873.9","STMND1"," protein_coding","chr6",471.355347841214,2.7736152341269,0.771963703616727,1.1979965015107e-05,0.000144284763321401
"ENSG00000230910.4","AL391807.1"," lncRNA","chr6",13.3995780154131,-3.23538556697153,0.650680975701346,2.56292510310537e-08,6.9481755844949e-07
"ENSG00000230916.2","MTCO1P53"," processed_pseudogene","chrX",179.090744006035,5.2745284014108,1.07995297070613,3.79134856830854e-08,9.87930865547821e-07
"ENSG00000231007.5","CDC20P1"," processed_pseudogene","chr9",38.0846741850864,-1.8173560501929,0.365992310891494,2.88940278285884e-08,7.71340110916051e-07
"ENSG00000231013.2","SCTR-AS1"," lncRNA","chr2",8.60404455242424,-3.45242247609825,0.676342076030293,1.50664921484717e-08,4.38436178108697e-07
"ENSG00000231057.4","AC096637.2"," lncRNA","chr1",13.5634278400402,3.06861057307801,0.878601491850593,2.03416485337301e-05,0.000226248153965692
"ENSG00000231073.1","AL590133.1"," lncRNA","chr1",4.85612009268611,2.56929511294004,0.526830305456658,1.05669441595201e-07,2.42837442892837e-06
"ENSG00000231123.1","SPATA20P1"," processed_pseudogene","chr21",7.1408306901981,2.91758961923622,0.926470471609952,6.15765244979476e-05,0.000577389550190242
"ENSG00000231160.10","KLF3-AS1"," lncRNA","chr4",154.028251240623,-1.28892945997844,0.315374301426258,1.58530649037161e-06,2.51765720325698e-05
"ENSG00000231203.1","KRT8P10"," processed_pseudogene","chr2",4.70472235558922,1.45986613223893,0.80513223384901,0.00178250005114471,0.00946912443430116
"ENSG00000231290.6","APCDD1L-DT"," lncRNA","chr20",301.57143438736,-4.03344113812478,0.652671866816151,2.23717341219146e-11,1.3646366700135e-09
"ENSG00000231305.4","AC112484.1"," lncRNA","chr3",37.2330898663226,1.15611006495661,0.430718737877783,0.000236684625470099,0.00177900975167541
"ENSG00000231324.1","AP000696.1"," lncRNA","chr21",6.18569715470595,5.75049978392192,1.97277028950946,7.48750175470992e-05,0.000678401095696494
"ENSG00000231367.6","LINC02613"," lncRNA","chr2",400.402409436404,-4.00146839896237,0.440871727787245,4.47314708538691e-21,3.62959476642406e-18
"ENSG00000231381.2","RNF2P1"," processed_pseudogene","chr9",1.62963024756179,2.25306494787003,1.09500014918961,0.00120978071647792,0.00687802818618726
"ENSG00000231419.6","LINC00689"," lncRNA","chr7",25.6203144287799,-1.58203039814363,0.550571591918067,0.0001163243075856,0.000984158927247614
"ENSG00000231439.4","WASIR2"," lncRNA","chr16",37.1206407881042,2.40197794531908,0.816355618895712,0.000109371807946417,0.000935775319043267
"ENSG00000231550.1","PTCHD3P2"," processed_pseudogene","chr2",6.53358414979917,1.69510446331073,0.96238534592617,0.00163157351278052,0.00879592574697545
"ENSG00000231651.1","DLG3-AS1"," lncRNA","chrX",7.63315378295025,1.28906462867443,1.18789724433417,0.00385076675840099,0.0176506966588766
"ENSG00000231705.1","AL451069.2"," lncRNA","chr10",7.20255380080891,1.48556696549633,0.907360679428511,0.00200455418451289,0.0103970417796699
"ENSG00000231768.2","LINC01354"," lncRNA","chr1",84.8362448728508,-3.21014705084512,0.396623588473839,2.02492381758945e-17,7.59694805586166e-15
"ENSG00000231806.3","PCAT7"," lncRNA","chr9",84.7743989781462,2.87598142968969,0.712683502302552,2.26065822686306e-06,3.42792812661794e-05
"ENSG00000231826.6","LINC01819"," lncRNA","chr2",264.058383460638,-2.35645610664943,0.76239658743899,5.25128542151022e-05,0.000504467510027294
"ENSG00000231852.9","CYP21A2"," protein_coding","chr6",80.3262072957287,1.70348865648075,0.692575734564815,0.000400845645116946,0.00275475781047377
"ENSG00000231868.1","AL031848.1"," lncRNA","chr1",13.7435663284949,3.65022728988442,0.609756496510385,1.6413627740508e-10,8.11939327285172e-09
"ENSG00000231889.7","TRAF3IP2-AS1"," lncRNA","chr6",122.072104136596,-1.28359883911446,0.196081600965074,2.37155839989762e-12,1.96546423113606e-10
"ENSG00000231999.7","LRRC8C-DT"," lncRNA","chr1",125.95155507673,-1.51835961609815,0.234080738903434,3.55012353778198e-12,2.78980541344034e-10
"ENSG00000232000.3","CLCN3P1"," transcribed_unprocessed_pseudogene","chr9",85.65462697551,-1.30116290377405,0.338070382042964,4.07490295955356e-06,5.72834162617983e-05
"ENSG00000232004.1","CAP1P2"," processed_pseudogene","chr10",16.2410526276461,1.1818168306777,0.47301340714418,0.000372495547226073,0.00258641634592337
"ENSG00000232021.7","LEF1-AS1"," lncRNA","chr4",14.6582069523538,2.04449900097929,0.416803659506117,3.87895439728811e-08,1.00849923901475e-06
"ENSG00000232043.1","AL133230.1"," lncRNA","chr20",31.9178419651669,1.46204287949948,0.643902777476222,0.000647549051846696,0.00411092321105951
"ENSG00000232079.7","LINC01697"," lncRNA","chr21",165.08515667355,-4.64378302340188,0.590053401715572,1.22672225655602e-16,3.76890057273469e-14
"ENSG00000232093.1","DCST1-AS1"," lncRNA","chr1",111.55875850369,1.60845515463843,0.464764096316092,2.05191857073703e-05,0.000227859614422615
"ENSG00000232177.1","MTND4P24"," processed_pseudogene","chrX",33.4586416368548,2.39703900094024,0.919866706624534,0.000252153044948548,0.00187428033474644
"ENSG00000232284.7","GNG12-AS1"," lncRNA","chr1",77.4064582843042,-1.57971536691285,0.287783093583278,1.67521174547182e-09,6.28492613024273e-08
"ENSG00000232400.1","RAD17P1"," processed_pseudogene","chr7",54.5401474972029,3.77461131061838,0.748409560706911,2.28229834605267e-08,6.27515142569927e-07
"ENSG00000232406.7","AL121895.1"," lncRNA","chr20",22.8207290086969,1.88237044440385,0.587370059135538,4.71747133278578e-05,0.000461574010858745
"ENSG00000232434.2","AJM1"," protein_coding","chr9",208.009940370524,2.10085845399314,0.313346281150649,9.40144409883473e-13,8.77074294257868e-11
"ENSG00000232528.3","AL109809.1"," transcribed_unitary_pseudogene","chr20",20.7204398953662,-2.81278657019062,0.642228050016051,4.2969779765599e-07,8.16589643682743e-06
"ENSG00000232536.1","AL365436.2"," lncRNA","chr1",4.48862779477249,2.29833388653907,0.541639644343874,1.37991359415178e-06,2.23521658373027e-05
"ENSG00000232615.4","AC026412.2"," processed_pseudogene","chr5",7.02187168356902,2.09627395447487,0.464949064870539,3.73679351684053e-07,7.26758431416293e-06
"ENSG00000232629.9","HLA-DQB2"," protein_coding","chr6",827.924733994424,1.42940339373055,0.384503946244349,8.11986551582968e-06,0.00010347342137064
"ENSG00000232679.2","LINC01705"," lncRNA","chr1",22.7293121894817,5.36214375722007,0.689843436344183,5.04105631967068e-16,1.2745470728234e-13
"ENSG00000232713.2","RPS12P3"," processed_pseudogene","chr2",38.9557518225755,1.07617303163319,0.33143690109181,4.23938608661481e-05,0.00042225640864424
"ENSG00000232742.3","RHOQP2"," processed_pseudogene","chr2",20.0996285156478,-1.59385199118331,0.58987836233336,0.000179723529910482,0.0014110561840924
"ENSG00000232750.2","AL139132.1"," processed_pseudogene","chr1",2.80523107478759,1.36443401509709,0.734808971112247,0.00186895509697724,0.00982517888935257
"ENSG00000232803.1","SLCO4A1-AS1"," lncRNA","chr20",14.8659377698749,-2.72999346964454,0.486606885105956,1.02435690422085e-09,4.10101073117811e-08
"ENSG00000232815.1","DUX4L50"," unprocessed_pseudogene","chr9",234.054110414935,2.27360080484173,0.716937206576866,5.28336839298332e-05,0.000507270243807323
"ENSG00000232818.2","RPS2P32"," processed_pseudogene","chr7",34.4583559117576,-1.1579781077581,0.628115506904879,0.00123621499531456,0.00700434839258207
"ENSG00000232821.1","AC003986.2"," lncRNA","chr7",37.123162187715,-3.87833502138711,0.656129146734242,1.04684977545982e-10,5.44346281901171e-09
"ENSG00000232850.3","PTGES2-AS1"," lncRNA","chr9",6.26543557313345,1.15824132746759,0.800643117451023,0.00274144624351033,0.0133815707025101
"ENSG00000232872.2","CTAGE3P"," processed_pseudogene","chr13",8.26390268532691,1.02733527515338,0.554658434927407,0.00152903107970314,0.00833454513387319
"ENSG00000233028.1","AC006970.1"," processed_pseudogene","chr7",35.5644462405717,1.70206621357159,1.39239137308702,0.00289057953834637,0.0139766090177998
"ENSG00000233030.2","AC243772.2"," lncRNA","chr1",25.5208194379037,2.09181428369819,0.817728536767082,0.000327332018608023,0.0023241639115288
"ENSG00000233041.8","PHGR1"," protein_coding","chr15",129.439507040634,2.61702074882148,1.19910537383579,0.000664019145264088,0.00420095956435345
"ENSG00000233058.2","LINC00884"," lncRNA","chr3",192.450855499906,1.3079530766596,0.27173017051203,6.3459692784317e-08,1.54945566195774e-06
"ENSG00000233080.3","LINC01399"," transcribed_processed_pseudogene","chr22",2.28495678806839,6.37813041916323,2.74011945039896,0.000127227723786276,0.00105894620959613
"ENSG00000233117.4","LINC00702"," lncRNA","chr10",286.143525207362,-1.55768398185916,0.478660650012997,3.47844809428965e-05,0.000356750536325279
"ENSG00000233122.2","CTAGE7P"," processed_pseudogene","chr10",22.172637272643,1.27988360078611,0.440436008716753,0.00013455762757081,0.00110727598669177
"ENSG00000233155.1","HMGA1P8"," processed_pseudogene","chr2",5.43170270781921,1.20251151891358,0.954447913470156,0.00325425239399423,0.0154167169421388
"ENSG00000233183.3","AL138889.1"," lncRNA","chr6",10.8322950941542,2.48997092635658,0.788517640234385,5.93189798174324e-05,0.000559529203787519
"ENSG00000233198.4","RNF224"," protein_coding","chr9",15.567641271691,1.98498497011375,0.447528032408843,4.40541039051306e-07,8.32550597759404e-06
"ENSG00000233203.6","DHCR24-DT"," lncRNA","chr1",10.3648671077028,2.15087328814383,0.489855597592462,6.58068147376836e-07,1.17807366496281e-05
"ENSG00000233327.11","USP32P2"," transcribed_unprocessed_pseudogene","chr17",4.75793013132963,1.58996793709896,1.41702482739142,0.00365056105443128,0.0169287248471773
"ENSG00000233384.3","CNIH3-AS2"," lncRNA","chr1",6.97675208517532,1.04297036423483,0.727289552015748,0.00274182021014716,0.0133815707025101
"ENSG00000233452.7","STXBP5-AS1"," lncRNA","chr6",46.4506780714885,-1.06731313317802,0.251489832074384,7.75531579453739e-07,1.35025311071459e-05
"ENSG00000233493.4","TMEM238"," protein_coding","chr19",184.406993521224,1.39118924232743,0.417590383352436,3.13846590301229e-05,0.000327366857464879
"ENSG00000233532.6","LINC00460"," lncRNA","chr13",9.47617840650562,1.13087419324117,0.656633292474019,0.00184238096399,0.00971328410616123
"ENSG00000233542.2","AL391845.2"," lncRNA","chr1",8.77596523730383,2.90176678143439,0.506994438075182,6.75204312472889e-10,2.84867638047056e-08
"ENSG00000233554.6","B4GALT1-AS1"," lncRNA","chr9",114.432085695653,-1.77402516466066,0.525559153593565,2.23984366607374e-05,0.000246608978709306
"ENSG00000233608.4","TWIST2"," protein_coding","chr2",885.201523655368,-2.45390355467368,0.591890314570593,1.08920941400396e-06,1.81314912519143e-05
"ENSG00000233622.3","CYP2T1P"," transcribed_unitary_pseudogene","chr19",1700.54462275892,2.77900064883794,0.685258253726185,2.00669121755586e-06,3.09665914514558e-05
"ENSG00000233626.2","AC092814.2"," processed_pseudogene","chr1",5.45920075692297,2.0729050227842,0.580095594469464,1.85189975272293e-05,0.000208636210113838
"ENSG00000233680.4","HNRNPA1P27"," processed_pseudogene","chrX",7.12982869752505,1.08359492031855,1.10518383100543,0.00379994169153329,0.017477427571749
"ENSG00000233766.7","CAVIN2-AS1"," lncRNA","chr2",10.0544906546019,-2.86342398180624,0.62863579653429,2.87201245649381e-07,5.85323519973863e-06
"ENSG00000233791.5","LINC01136"," lncRNA","chr1",9.13015450058131,1.41612196482692,0.595674028450032,0.000484514961745119,0.0032305009612553
"ENSG00000233806.7","LINC01237"," lncRNA","chr2",69.5787549442436,1.05658796616753,0.698296555029589,0.00239991840064913,0.0120586913763031
"ENSG00000233822.4","H2BC15"," protein_coding","chr6",122.697943228637,2.0560593305638,0.557770401109057,8.90918731046788e-06,0.00011217988251517
"ENSG00000233823.1","AL356311.1"," lncRNA","chr6",17.9052667722211,3.25353295955168,0.788979876032576,1.90428535333774e-06,2.95430948258368e-05
"ENSG00000233913.7","RPL10P9"," processed_pseudogene","chr5",768.48030392441,3.39488314408863,0.720721168005463,1.0572069466459e-07,2.42837442892837e-06
"ENSG00000233926.1","AL591368.1"," lncRNA","chr9",7.08641569256954,-2.81918551626341,0.532687691449988,6.88536085264914e-09,2.18199024077912e-07
"ENSG00000233966.1","UBE2SP1"," processed_pseudogene","chr17",9.85457151511346,1.20410975118419,0.596484922086777,0.00104030598296531,0.00608913203349149
"ENSG00000233968.7","AL157895.1"," lncRNA","chr10",27.4209703302971,1.09689920949235,0.625693279387671,0.0016512618619037,0.00888011369045655
"ENSG00000233975.1","LINC02574"," lncRNA","chr1",1.79540907569042,1.49310251399026,1.50730508772249,0.00536732504330573,0.0230658132880872
"ENSG00000234076.1","TPRG1-AS1"," lncRNA","chr3",36.7259598353948,-2.03287067226414,0.526495333151615,3.84291574700568e-06,5.44610777127438e-05
"ENSG00000234115.2","AL138878.2"," processed_pseudogene","chr6",17.8167458261999,4.15141333258224,0.871807128017266,9.32959825558956e-08,2.18030149186722e-06
"ENSG00000234233.1","KCNH1-IT1"," lncRNA","chr1",13.2681819385566,2.78599417995995,1.64333763630718,0.0014895368135016,0.00816134248741902
"ENSG00000234235.1","BOK-AS1"," lncRNA","chr2",18.185631569389,-4.03091985071739,0.800310622693942,1.56980768930073e-08,4.53036890714573e-07
"ENSG00000234261.4","AL138720.1"," lncRNA","chr6",25.0018842834206,2.29779412136947,0.428299176223778,4.2296169259116e-09,1.40682139334587e-07
"ENSG00000234337.4","AC026462.1"," processed_pseudogene","chr16",7.18088459265142,3.33875428198757,0.460427511498558,0.00169652710153414,0.00908572940899888
"ENSG00000234345.2","ELF2P1"," processed_pseudogene","chrX",1.4463660696474,2.09615040026111,0.969509747090219,0.000881673171915401,0.0053213040375887
"ENSG00000234432.4","AC092171.3"," lncRNA","chr7",81.9044643031701,1.33441013393751,0.418991507836849,5.13779805564061e-05,0.000496408466872366
"ENSG00000234456.8","MAGI2-AS3"," lncRNA","chr7",1614.64816528744,-2.15642586222598,0.299147982536721,2.2374036496076e-14,3.29389243622189e-12
"ENSG00000234521.2","AC005041.2"," transcribed_unitary_pseudogene","chr2",3.25010310345966,1.67890091441835,0.87994505289735,0.00157326422560719,0.00853299581776162
"ENSG00000234602.9","MCIDAS"," protein_coding","chr5",44.851885162242,2.72813623353447,0.84964354345976,4.63940739942353e-05,0.000455596857791406
"ENSG00000234678.2","ELF3-AS1"," lncRNA","chr1",233.951393259415,1.37694292686484,0.34100963668217,2.28838445463542e-06,3.4594463607749e-05
"ENSG00000234690.7","EPCAM-DT"," lncRNA","chr2",110.788687088088,-1.18662301267811,0.616719147510948,0.00110054297267253,0.0063648342217002
"ENSG00000234703.1","AF015262.1"," lncRNA","chr21",3.61255625606909,3.83800990342666,1.38862108086283,0.000146566548375443,0.00119176262861049
"ENSG00000234722.5","LINC01287"," lncRNA","chr7",6.30048832840351,-1.54179010102491,0.669587872940607,0.000572307109283632,0.00371366326018509
"ENSG00000234754.2","LINC02817"," lncRNA","chr1",5.42069532788439,-1.77688661533776,0.778535196883582,0.000563605208261255,0.00366948111988122
"ENSG00000234773.7","AC012618.3"," transcribed_unprocessed_pseudogene","chr19",22.1407467100372,1.33795193638205,0.297465945841229,2.92753580339841e-07,5.94209724935276e-06
"ENSG00000234779.1","BNC2-AS1"," lncRNA","chr9",16.2077413311208,-1.50726583555407,0.657792000817424,0.00049018232465099,0.00325999572148311
"ENSG00000234810.4","AL603840.1"," lncRNA","chr1",26.6810455928431,-3.42187064023042,0.652965877367794,5.66472018039085e-09,1.83687501685889e-07
"ENSG00000234869.1","AL021392.1"," lncRNA","chr22",93.1497232447501,2.52150322220887,0.486558625875401,1.04844963675791e-08,3.17547363507989e-07
"ENSG00000234884.2","AL022329.1"," lncRNA","chr22",11.5893425077732,-3.26073914746854,0.650445592911445,1.94324133619046e-08,5.46787366621141e-07
"ENSG00000234937.1","AL139128.1"," processed_pseudogene","chr1",3.87387162480602,1.66255248349177,0.991557447446129,0.00203797077644321,0.0105437186181613
"ENSG00000234949.2","AC104667.2"," lncRNA","chr2",121.745639588413,2.16036828647487,0.570333693118779,6.08342187045521e-06,8.05222581494889e-05
"ENSG00000234965.2","SHISA8"," protein_coding","chr22",7.27305825563023,3.65560139244948,0.882451584054208,2.46042805141716e-06,3.68757711091049e-05
"ENSG00000234996.4","ACTG1P25"," transcribed_processed_pseudogene","chr1",21.5468525324464,2.03205018526629,0.526385545671047,4.90361744246675e-06,6.7173975730313e-05
"ENSG00000235027.1","AC068580.3"," lncRNA","chr11",13.6258018205743,3.23317361967371,0.755419371457441,8.00022954378228e-07,1.38804579319795e-05
"ENSG00000235033.7","DAAM2-AS1"," lncRNA","chr6",36.2375373134609,-2.71411410433167,0.458929429219536,1.24399992071161e-10,6.36147466020037e-09
"ENSG00000235049.1","LINC00940"," lncRNA","chr12",46.8027670011976,2.87397484408961,0.745316242752827,4.684363963072e-06,6.46016375634565e-05
"ENSG00000235098.8","ANKRD65"," protein_coding","chr1",694.392508560033,-1.29892709355089,0.364263897161988,1.19696106195251e-05,0.000144209835678816
"ENSG00000235123.5","DSCAM-AS1"," lncRNA","chr21",187.936974138594,8.56518928848213,1.86888119419499,2.51169016837134e-06,3.75472929154433e-05
"ENSG00000235124.1","KRT8P17"," processed_pseudogene","chrX",2.62432547911663,1.9746579642254,0.934898440162594,0.00115204283061295,0.006610084920723
"ENSG00000235138.1","AL445931.1"," lncRNA","chr9",15.7196031301447,1.5262602125355,0.329711298805871,1.85236675941257e-07,3.96752170673198e-06
"ENSG00000235172.8","LINC01366"," lncRNA","chr5",19.323595653399,-2.22236827330549,0.446083842427335,2.09910355383332e-08,5.83584239815126e-07
"ENSG00000235304.2","LINC01281"," lncRNA","chrX",6.27979896606866,3.81850738354575,1.03206727338906,1.21617888032054e-05,0.000145970750991621
"ENSG00000235387.5","SPAAR"," protein_coding","chr9",210.908445273557,-3.20819201245474,0.440056068269165,1.13758327046142e-14,1.86344684928026e-12
"ENSG00000235529.1","AGAP1-IT1"," lncRNA","chr2",20.1900422888451,2.34852106752742,0.648044519524625,1.18213411511395e-05,0.000142722680705815
"ENSG00000235641.5","LINC00484"," lncRNA","chr9",14.9290565209386,-1.70745347768886,0.73344972628921,0.000457816777591613,0.00307896784636642
"ENSG00000235655.3","H3P6"," processed_pseudogene","chr2",259.677068050517,1.26457943583644,0.450369306062404,0.000164923247484246,0.00131600634897709
"ENSG00000235721.1","AC013268.3"," processed_pseudogene","chr2",3.24097180360121,2.20383620785765,1.1412145460589,0.00150369977146407,0.00822860550912058
"ENSG00000235734.4","HMGN1P36"," processed_pseudogene","chr2",20.1695429048192,1.02546510955167,0.535074877825219,0.00137295228183201,0.00764237325423144
"ENSG00000235904.3","RBMS3-AS3"," lncRNA","chr3",56.7561154902356,-3.40423834664536,0.366376249158499,5.55223931396745e-22,6.68010972081511e-19
"ENSG00000235939.1","AL138760.1"," lncRNA","chr10",6.96604481671779,2.63434456511084,0.643575431981222,2.28626325952923e-06,3.4577378148346e-05
"ENSG00000236039.3","AC019117.1"," lncRNA","chr7",15.1784931241555,4.1740480151547,0.694451472185597,0.000794668764225946,0.00486947450871224
"ENSG00000236060.2","HSPB1P1"," processed_pseudogene","chr9",73.1167988958438,1.14718816182779,0.482289273881295,0.00048160678641702,0.00321602725069402
"ENSG00000236283.5","AC019197.1"," lncRNA","chr2",27.6222301439008,3.80273673749995,0.405799969806884,0.00269314390562977,0.0131919814700728
"ENSG00000236333.4","TRHDE-AS1"," lncRNA","chr12",1227.26715989386,-5.92135408207092,0.779704413586674,9.86453420257702e-16,2.24956511674585e-13
"ENSG00000236444.5","UBE2L5"," protein_coding","chr13",19.2953171571698,-1.96922817788113,0.377739059677494,7.11863693397955e-09,2.25182557809139e-07
"ENSG00000236501.6","AC074286.1"," lncRNA","chr2",32.9740956055133,-1.35570257169223,0.398734995547502,2.22119598915859e-05,0.000244942317502314
"ENSG00000236548.2","RNF217-AS1"," lncRNA","chr6",49.4410861173987,-1.52840323156642,0.427372251872525,1.10281380667892e-05,0.000134822272350505
"ENSG00000236565.3","HNRNPA3P5"," processed_pseudogene","chr13",12.8764617711079,1.01260891467379,0.400669297464122,0.000341647150481795,0.00240962416160508
"ENSG00000236591.1","UST-AS2"," lncRNA","chr6",2.09957512699597,2.44153629807421,0.881888081045795,0.00022174397377545,0.00168412472551137
"ENSG00000236616.3","BAK1P2"," processed_pseudogene","chr11",4.72944241638016,1.8793504617352,0.774265994710845,0.000554416886323477,0.00362114555984883
"ENSG00000236651.1","DLX2-DT"," lncRNA","chr2",4.12384365131739,4.18731444203806,1.35516579558624,6.31483668099611e-05,0.000589593167344488
"ENSG00000236675.1","MTX1P1"," unprocessed_pseudogene","chr1",128.377857454141,1.14422993562431,0.355331899634362,4.67622694395527e-05,0.000458438421752018
"ENSG00000236751.2","LINC01186"," lncRNA","chrX",25.5962202433738,-4.18620070197938,0.640354441601544,2.24834140499321e-12,1.88574230676967e-10
"ENSG00000236772.1","AL034550.1"," lncRNA","chr20",22.3414435697873,1.8487986681557,0.561539162913485,3.73843897107818e-05,0.000379621286786638
"ENSG00000236809.2","SNX25P1"," unprocessed_pseudogene","chr1",17.653553676273,1.35853712894984,0.43847572243876,7.36934535504737e-05,0.000669593304122286
"ENSG00000236830.7","CBR3-AS1"," lncRNA","chr21",159.332626505228,1.07778666145722,0.459266807548726,0.000531751036808202,0.00349074796336312
"ENSG00000236841.8","AC007750.1"," lncRNA","chr2",13.7866730165704,1.89815002743333,0.656990617107085,0.000107080949290751,0.000917750282904343
"ENSG00000236882.8","LINC01554"," lncRNA","chr5",55.4259005318287,-2.83736893137197,0.483258756114683,1.64612781867425e-10,8.1237688431914e-09
"ENSG00000236908.2","LINC02827"," lncRNA","chr12",14.6356924968702,2.03673081967312,0.585895383021132,2.2271278149114e-05,0.000245518851785383
"ENSG00000236914.4","LINC01852"," lncRNA","chr15",57.2591276212708,-1.03105221337762,0.400838862992798,0.000268530738786046,0.0019753965859127
"ENSG00000236963.7","LINC01141"," lncRNA","chr1",6.34879451102682,1.76217074802271,0.797933885850255,0.000710667729199638,0.00443893801280068
"ENSG00000236975.2","LINC02814"," lncRNA","chr1",28.8309809125608,-1.66956948589246,0.500697262792811,2.77861295703115e-05,0.000295665095101476
"ENSG00000237017.1","AC245052.4"," lncRNA","chr19",21.9151108091379,1.79577485386713,0.416185981593536,7.08796227869063e-07,1.25154904790382e-05
"ENSG00000237053.1","FUCA1P1"," processed_pseudogene","chr2",4.75888576666221,2.03502495034,0.769948066100119,0.000275516579603428,0.00201700566070986
"ENSG00000237054.9","PRMT5-AS1"," lncRNA","chr14",3.16250712192875,1.57154921468933,0.642010734408275,0.000570608923099241,0.00370402156946151
"ENSG00000237080.3","EHMT2-AS1"," lncRNA","chr6",28.2656069887039,1.42414788487202,0.549272157246314,0.000302346793259735,0.00217792296660835
"ENSG00000237233.2","TMEM26-AS1"," lncRNA","chr10",22.4030453381013,1.57656290747298,0.916776559378118,0.00176341750399654,0.00938060681993341
"ENSG00000237248.5","LINC00987"," lncRNA","chr12",80.74153133124,-1.36428069807651,0.24605202452513,1.20892865083004e-09,4.74473898268963e-08
"ENSG00000237372.4","UNQ6494"," lncRNA","chr9",8.7374251171589,1.54177494173741,0.682105994250809,0.000648021917497774,0.00411317677340638
"ENSG00000237423.3","LINC01522"," lncRNA","chr20",130.901180402355,6.10997815062972,0.848940548757944,2.68586188499421e-14,3.8249962052789e-12
"ENSG00000237440.9","ZNF737"," protein_coding","chr19",1273.77077292242,1.3068655359275,0.443470136894277,0.000109753212304978,0.000938348279963976
"ENSG00000237442.3","HNRNPA1P57"," transcribed_processed_pseudogene","chr2",22.4626029021141,5.19303988241002,1.24703709980227,1.24673964370764e-06,2.04417259908849e-05
"ENSG00000237461.2","AL359710.1"," lncRNA","chr9",4.94759566468304,-1.25995540067953,0.718224520632145,0.00164472103705522,0.00885176025048488
"ENSG00000237487.1","VN1R48P"," processed_pseudogene","chr9",9.96632591673785,5.12256978929816,1.35123919254572,4.46403522871202e-06,6.20479099963342e-05
"ENSG00000237505.8","PKN2-AS1"," lncRNA","chr1",13.1581521866899,-1.29849047099411,0.339027824110816,4.76740659717028e-06,6.56430874435155e-05
"ENSG00000237512.6","UNC5B-AS1"," lncRNA","chr10",17.7552624497919,2.2345827759266,0.574918482116685,4.26754018984323e-06,5.960718365245e-05
"ENSG00000237515.9","SHISA9"," protein_coding","chr16",354.399077588322,3.02182089146708,0.79233084555741,5.20137739751061e-06,7.04599739467519e-05
"ENSG00000237522.1","NONOP2"," processed_pseudogene","chr2",72.9052880710668,1.27450296220399,0.311227501712565,1.77428059627724e-06,2.7748285201573e-05
"ENSG00000237560.7","LINC01497"," lncRNA","chr17",14.5760942870855,-6.9362775650225,1.17533960711634,1.49356739325395e-13,1.73706866393412e-11
"ENSG00000237594.2","AP000251.1"," lncRNA","chr21",14.8995812656443,1.92979236784673,0.560401275003972,2.38890481972749e-05,0.000259580436204024
"ENSG00000237637.1","FRY-AS1"," lncRNA","chr13",3.69000711368388,1.93717142562845,0.800187500060574,0.000517757227561698,0.0034104337222683
"ENSG00000237638.2","LINC02245"," lncRNA","chr2",129.669655834175,1.19899911178927,0.411609714769562,0.000119594343756778,0.00100679954296892
"ENSG00000237649.8","KIFC1"," protein_coding","chr6",651.614625365181,2.53778344388442,0.403166576940373,1.48322214452006e-11,9.60131796743029e-10
"ENSG00000237686.7","AL109615.3"," lncRNA","chr6",97.9278199665474,2.02803954161942,0.684017234765633,0.000101334211926678,0.000874295743900522
"ENSG00000237737.6","DCTN1-AS1"," lncRNA","chr2",4.64486970613839,2.52899191255973,0.673692994660523,8.96424070815091e-06,0.000112751017501115
"ENSG00000237813.4","AC002066.1"," lncRNA","chr7",18.638798433678,-4.0050176372785,0.797801118006957,1.74861935828004e-08,4.98196811469298e-07
"ENSG00000237846.1","AL773545.3"," processed_pseudogene","chr9",2.64632891520062,1.37047002083933,1.30306278679527,0.00407730429746337,0.0185211852939454
"ENSG00000237940.3","LINC01238"," lncRNA","chr2",93.6320376226874,5.99003665552035,0.424881626522631,0.00238686525533402,0.0120034758754481
"ENSG00000238045.9","AC009133.1"," lncRNA","chr16",36.0263612188661,1.5629945986206,0.321490593087172,5.25562293573323e-08,1.31450852939547e-06
"ENSG00000238098.9","ABCA17P"," transcribed_unitary_pseudogene","chr16",68.600781315298,1.56091454556437,0.532796273673983,0.000114130476368908,0.000967239847215825
"ENSG00000238099.3","LINC01625"," lncRNA","chr6",44.3703769023583,-3.79956963665077,0.785711202326282,3.9202288316214e-08,1.01662773667293e-06
"ENSG00000238113.7","LINC01410"," lncRNA","chr9",144.447963659407,1.19713126730005,0.663134034322937,0.00154383687845526,0.00840081293296672
"ENSG00000238117.1","AP000844.2"," lncRNA","chr11",68.7330857489261,1.65020698091323,1.68090256297254,0.00339746864642247,0.0159270484610373
"ENSG00000238118.1","SLC25A24P2"," unprocessed_pseudogene","chr1",20.7748001601604,4.73397460274273,1.57800394150678,8.11969859337975e-05,0.000726794262754266
"ENSG00000238120.1","LINC01589"," lncRNA","chr22",15.0841308463047,-2.08354409633716,0.453238363492363,1.63972152912558e-07,3.576299474678e-06
"ENSG00000238141.2","BRWD1-AS1"," lncRNA","chr21",5.65443690957486,2.13245679401743,0.699731082840605,9.74148072283489e-05,0.000845311657905244
"ENSG00000238178.7","AC078993.1"," lncRNA","chrX",118.638219631288,1.27759208061892,1.49006559811194,0.00388176173201202,0.0177787540813378
"ENSG00000238198.2","LRIG2-DT"," lncRNA","chr1",42.4059096272983,-2.27369977936608,0.310583685526232,1.03210031723037e-14,1.71481010326119e-12
"ENSG00000238290.1","AL034417.2"," lncRNA","chr1",12.9699947097023,-2.05592274375228,0.408008361926386,2.36300940874039e-08,6.46142329783393e-07
"ENSG00000238358.2","AC004969.1"," lncRNA","chr7",5.65904073409635,2.7803988876107,1.48015766602844,0.00141870744162076,0.00784540410341842
"ENSG00000239265.5","CLRN1-AS1"," lncRNA","chr3",6.67334637877532,3.42598981550538,1.14278083745469,0.000113422524724868,0.000962408878933695
"ENSG00000239332.6","LINC01119"," lncRNA","chr2",43.3186391712127,-1.26878160928747,0.333395906031091,4.93687030347454e-06,6.75764385086427e-05
"ENSG00000239405.1","TMED10P2"," processed_pseudogene","chr3",8.12164038572202,-1.70033576063987,0.747406574238246,0.000574422852968418,0.00372462140176939
"ENSG00000240204.3","SMKR1"," protein_coding","chr7",97.4943309220656,1.30753065617563,0.45632136095953,0.000140211575114412,0.00114811595102487
"ENSG00000240350.3","SOCAR"," lncRNA","chr2",3.11329270434734,2.51891469604366,0.934173775022008,0.000278847707312921,0.00203545945868005
"ENSG00000240429.1","LRRFIP1P1"," processed_pseudogene","chr3",105.184665213596,1.00635037101205,0.748266240957335,0.00288622278758016,0.013959412154347
"ENSG00000240498.9","CDKN2B-AS1"," lncRNA","chr9",47.138740036456,1.96477151946536,0.358004433347994,1.92846566176467e-09,7.13532294852928e-08
"ENSG00000240535.8","AC034238.1"," lncRNA","chr5",2.64914677042798,2.28434790363945,1.17291798882095,0.00146967935343291,0.00807409578344002
"ENSG00000240583.13","AQP1"," protein_coding","chr7",20963.7045288247,-2.04022627984843,0.424969600569804,5.61164675950038e-08,1.39257444584444e-06
"ENSG00000240602.7","AADACP1"," transcribed_unprocessed_pseudogene","chr3",9.56709143811828,-2.76782921064026,0.542255313294742,1.28751460245065e-08,3.80700610119539e-07
"ENSG00000240654.6","C1QTNF9"," protein_coding","chr13",51.3459725365995,-3.23425284586049,0.607387690469303,3.51194811107666e-09,1.19271394063055e-07
"ENSG00000240793.1","UBA52P8"," processed_pseudogene","chr16",11.4958899244061,1.73723478759249,0.617760340901244,0.000153942213834391,0.00124271402454093
"ENSG00000241151.1","LINC02066"," lncRNA","chr3",2.9993124112767,-7.3210379569482,2.64132153826278,3.73247293201896e-10,1.67299830756873e-08
"ENSG00000241158.7","ADAMTS9-AS1"," lncRNA","chr3",179.594442126785,-2.37615581591103,0.651496392955859,8.03787111522808e-06,0.000102535399314816
"ENSG00000241359.1","SYNPR-AS1"," lncRNA","chr3",14.5389608834383,1.5068739446164,1.13369347662402,0.00291607028889434,0.0140686503615591
"ENSG00000241361.8","SLC25A24P1"," transcribed_unprocessed_pseudogene","chr1",140.16130067125,6.03601326660523,1.08155764923084,1.24560240100246e-09,4.8440111754908e-08
"ENSG00000241475.1","AL160408.4"," lncRNA","chr1",7.26718651466401,4.49138824910798,1.16279645437534,5.40486165652978e-06,7.26709163999925e-05
"ENSG00000241644.2","INMT"," protein_coding","chr7",694.7442629301,-2.78976357931123,0.390751639302284,3.63766430222246e-14,5.05664323381848e-12
"ENSG00000241684.6","ADAMTS9-AS2"," lncRNA","chr3",171.690564959739,-3.0658692008472,0.398157957300126,5.64297334161142e-16,1.40634987758689e-13
"ENSG00000241935.9","HOGA1"," protein_coding","chr10",100.211647840894,-1.060999304862,1.64773406059139,0.00360163472810376,0.016737431712609
"ENSG00000242048.3","AC093583.1"," lncRNA","chr7",3.08653093274011,2.42394667658031,1.04587284397672,0.000700465537995994,0.00438778152355803
"ENSG00000242136.1","AC093904.2"," lncRNA","chr2",7.35251785816606,2.27239634039079,0.962530117168246,0.000567740705059267,0.00368883443952009
"ENSG00000242147.3","LASTR"," lncRNA","chr10",23.5479111737576,1.0302617140277,0.48263478866556,0.000842023540474051,0.00511206600847053
"ENSG00000242242.6","NECTIN3-AS1"," lncRNA","chr3",10.4024681557387,-2.82167215124013,0.539215927696561,7.61067639692002e-09,2.39877244954775e-07
"ENSG00000242337.5","INHCAP"," transcribed_unprocessed_pseudogene","chr3",8.82804269048743,-1.28767923890985,0.388801223766588,3.28437016844945e-05,0.000339869565513032
"ENSG00000242798.1","AC073842.2"," lncRNA","chr7",13.4862878345152,1.66610384016508,0.506995432052336,4.235448601202e-05,0.000421984686306507
"ENSG00000243064.8","ABCC13"," transcribed_unprocessed_pseudogene","chr21",20.1315550465313,3.18760892257328,0.857576240280216,7.73031976445844e-06,9.89792979455851e-05
"ENSG00000243141.2","RPL23AP66"," processed_pseudogene","chr12",3.87548762729153,2.55459184385882,0.78613229995813,6.50431141070362e-05,0.000604694722704131
"ENSG00000243244.7","STON1"," protein_coding","chr2",981.278759617452,-1.91489187458469,0.438748391446239,4.42839272694411e-07,8.3609875885177e-06
"ENSG00000243422.2","RPL23AP49"," transcribed_processed_pseudogene","chr3",9.18937589377908,-2.03753255622338,0.398861187660133,1.65922744286721e-08,4.76086387410196e-07
"ENSG00000243478.9","AOX2P"," transcribed_unprocessed_pseudogene","chr2",9.5692730271918,1.61715094573858,0.600289291483048,0.00025682760780573,0.00190335005606409
"ENSG00000243635.1","AC091804.1"," processed_pseudogene","chr3",6.83560351761364,3.81911413507813,1.19660183211577,6.42306648802883e-05,0.000598097712393419
"ENSG00000243649.9","CFB"," protein_coding","chr6",292.752987238141,2.43605627951085,0.380573637863127,7.57849735057438e-12,5.35265892831763e-10
"ENSG00000243742.5","RPLP0P2"," transcribed_processed_pseudogene","chr11",170.927615778712,3.46439346780198,0.392100696288565,6.12214406830131e-20,3.88377688522002e-17
"ENSG00000243836.5","WDR86-AS1"," lncRNA","chr7",120.788791249034,-2.41985025857163,0.5717013988294,7.44894383616519e-07,1.30472439451626e-05
"ENSG00000243910.8","TUBA4B"," protein_coding","chr2",8.64657893485144,1.95738592610899,1.3132799169181,0.00235137054791692,0.0118643531337205
"ENSG00000244137.1","AL512328.1"," lncRNA","chr1",12.3833872913683,2.84048069744177,1.00076447210901,0.000153576386177795,0.00124009111088393
"ENSG00000244144.1","AC128688.1"," processed_pseudogene","chr3",1.59783541535041,1.47955569376142,1.03502869058008,0.00381566614426925,0.0175266465823721
"ENSG00000244187.8","TMEM141"," protein_coding","chr9",1015.51811575113,1.15272479198888,0.241197011802019,7.6241845697904e-08,1.83206214755204e-06
"ENSG00000244265.2","SIAH2-AS1"," lncRNA","chr3",53.9998324890296,3.08756987601277,0.572992304340561,3.67013900851466e-09,1.23485843921008e-07
"ENSG00000244274.8","DBNDD2"," protein_coding","chr20",78.1116540419687,1.5200332812355,0.393464285214679,4.36860963924813e-06,6.08483668355315e-05
"ENSG00000244513.7","AC109587.1"," lncRNA","chr3",75.0541693516473,-1.27837915932932,0.230131726858709,1.16411067818678e-09,4.59988512713646e-08
"ENSG00000244558.6","KCNK15-AS1"," lncRNA","chr20",27.2203552204591,1.1235320913385,0.630575465376248,0.00155133425117938,0.00843240432433396
"ENSG00000244649.5","LINC02086"," lncRNA","chr17",5.00048806562088,2.47200886501763,0.72450652759308,3.4141595988397e-05,0.00035111772101059
"ENSG00000245025.3","AC107959.1"," lncRNA","chr8",161.809351323817,-2.00770908217965,0.278879533909713,2.42433446260812e-14,3.50985285206887e-12
"ENSG00000245080.7","MIR3150BHG"," lncRNA","chr8",13.7569134381748,2.51755227453088,0.973659348008316,0.000300608268430457,0.00216615512057147
"ENSG00000245149.4","RNF139-AS1"," lncRNA","chr8",111.246677075193,1.32154234830594,0.343161447275464,4.81069848398089e-06,6.61087360396129e-05
"ENSG00000245164.8","LINC00861"," lncRNA","chr8",73.7594484096804,1.521578123366,0.562898404552545,0.000215771617367456,0.00164593080489023
"ENSG00000245293.3","CYP2U1-AS1"," lncRNA","chr4",38.9254381587979,-2.95245235347199,0.373930931122963,1.07482664035668e-16,3.37853840618784e-14
"ENSG00000245748.1","AC097382.2"," lncRNA","chr4",9.88999821025796,1.05342754353998,0.396608217705613,0.000279208992241636,0.00203677209874617
"ENSG00000245750.10","DRAIC"," lncRNA","chr15",223.587522384378,2.15225250224405,0.516630744762923,0.000708992583150456,0.00443164819396319
"ENSG00000245812.3","LINC02202"," lncRNA","chr5",136.764769279817,-2.8815280800765,0.498736058318138,2.62517944875573e-10,1.22946491471861e-08
"ENSG00000246022.3","ALDH1L1-AS2"," lncRNA","chr3",106.331941928995,-5.70517377004122,0.924305204872601,2.01577903212051e-11,1.24703096116519e-09
"ENSG00000246214.2","AC024588.1"," lncRNA","chr5",22.1978082730986,1.42415727307991,0.947452127022921,0.00227593719168548,0.0115521857077536
"ENSG00000246228.6","CASC8"," lncRNA","chr8",41.6896382489866,-2.61027188144051,0.553064169181544,8.06733446331561e-08,1.925289786317e-06
"ENSG00000246465.1","AC138904.1"," lncRNA","chr16",23.6394844754958,1.58490871824886,0.53500791535651,0.000111403481310089,0.00094804362594886
"ENSG00000246548.3","LINC02288"," lncRNA","chr14",17.0913902852444,-1.45046300114065,0.598731829160477,0.000382131720178603,0.00264647833440882
"ENSG00000247363.2","AC090061.1"," lncRNA","chr12",12.4350703736382,1.22423485452817,0.470174829491718,0.000289027645327143,0.00209722072689426
"ENSG00000247735.2","AC120114.1"," lncRNA","chr16",48.7809540523244,1.42482741566938,0.551398636901782,0.000290794909119061,0.00210693808711421
"ENSG00000248144.6","ADH1C"," protein_coding","chr4",459.613712002772,-3.43306921991058,0.641749866691288,2.97745955207404e-09,1.02959902112404e-07
"ENSG00000248202.2","LINC02234"," lncRNA","chr5",11.1893639549304,-2.04342556018062,0.402465102823538,1.96589316504985e-08,5.52270357663079e-07
"ENSG00000248245.1","AC010307.2"," lncRNA","chr5",3.19888658060356,4.31464718101276,1.31130193121419,1.15295905450433e-05,0.000139874458868952
"ENSG00000248275.2","TRIM52-AS1"," lncRNA","chr5",529.056457797992,-1.49962728230197,0.29819413362899,1.87345355872435e-08,5.29713680044177e-07
"ENSG00000248309.7","MEF2C-AS1"," lncRNA","chr5",44.0058097981685,-2.33812687532939,0.326459087147451,2.94496077634376e-14,4.12661150391205e-12
"ENSG00000248334.6","WHAMMP2"," transcribed_unprocessed_pseudogene","chr15",145.991889315023,-1.27526645838429,0.390464565664578,3.41446913928787e-05,0.00035111772101059
"ENSG00000248360.7","LINC00504"," lncRNA","chr4",639.331471693295,1.11432474442461,0.610188128237602,0.00152725020004468,0.00832613855152481
"ENSG00000248399.1","AL645924.1"," lncRNA","chr4",5.24521397112005,1.9906986671699,0.668990692434476,0.000122651948884787,0.00102772553999498
"ENSG00000248441.7","LINC01197"," lncRNA","chr15",103.06741114219,-1.95466909622745,0.372868482577177,5.7173423630597e-09,1.84878398878143e-07
"ENSG00000248668.3","OXCT1-AS1"," lncRNA","chr5",39.6475092945048,-2.79239572345442,0.442980057111746,1.08442381981792e-11,7.29076140278653e-10
"ENSG00000248712.7","CCDC153"," protein_coding","chr11",164.446330133064,1.39983990234751,0.601210425806118,0.000547897171818417,0.00358527386007434
"ENSG00000248869.7","LINC02511"," lncRNA","chr4",48.9576538793565,-3.85323083266989,0.624321516692697,2.36098042631719e-11,1.43264292268927e-09
"ENSG00000248896.3","AC105001.1"," lncRNA","chr8",34.4473648889064,-1.39144700869467,0.318933126947324,4.62445559776212e-07,8.68884654073872e-06
"ENSG00000248971.2","KRT8P46"," processed_pseudogene","chr4",15.5639354819005,1.25778648833606,0.465377339470729,0.000231158237474845,0.00174461217039472
"ENSG00000248994.2","AC124852.1"," lncRNA","chr5",198.698124169521,-2.29906384227094,0.494322859331461,1.17811265018974e-07,2.66400054943424e-06
"ENSG00000249001.5","AC093895.1"," lncRNA","chr4",13.6754086409351,6.22603641619203,1.17532904877534,6.98713930041247e-10,2.93367361408774e-08
"ENSG00000249007.1","AL691482.3"," lncRNA","chr1",45.8449201974388,2.88411457972606,0.709015960375525,2.01760991292603e-06,3.10526808433622e-05
"ENSG00000249042.6","AC008771.1"," lncRNA","chr5",95.7232727201161,1.27855412216846,0.351900386121757,1.12273965378643e-05,0.000136731271414528
"ENSG00000249047.2","COX6B1P5"," processed_pseudogene","chr4",2.44265800674141,2.78921916909377,0.878533344582769,6.61246735834209e-05,0.000612465087868101
"ENSG00000249064.1","KRT18P25"," processed_pseudogene","chr4",5.78388770646703,1.52541415299504,1.10518543307351,0.00304548665805631,0.0145921553125848
"ENSG00000249082.2","C5orf66-AS1"," lncRNA","chr5",20.3042775547568,5.96381192696827,1.20878661345678,2.93052620194092e-08,7.81122916057453e-07
"ENSG00000249167.2","SEMA6A-AS2"," lncRNA","chr5",12.4229429483844,-1.38650121074292,0.449363108538187,7.25621263354634e-05,0.000661899385613243
"ENSG00000249203.2","LINC02224"," lncRNA","chr5",90.0697170491005,4.57228550520333,0.959643147129121,8.21444556756613e-08,1.9563837563e-06
"ENSG00000249231.8","CASC16"," lncRNA","chr16",18.1635380645829,5.6318197210611,0.891685481341025,4.95775967873387e-06,6.78091701100366e-05
"ENSG00000249249.2","AC010226.1"," lncRNA","chr5",97.9390532911326,-1.24671109679316,0.298588935430997,1.07784256429215e-06,1.79851769061297e-05
"ENSG00000249306.6","LINC01411"," lncRNA","chr5",120.755207136825,2.88559236270275,0.945303943336036,7.27747644731936e-05,0.000663492110591638
"ENSG00000249421.2","ADAMTS19-AS1"," lncRNA","chr5",11.1616642509249,3.72793917399978,0.897047553790841,1.39935663104104e-06,2.26146142721876e-05
"ENSG00000249464.6","LINC01091"," lncRNA","chr4",59.7298567756455,-2.08753670524531,0.328266607297366,7.6565206166542e-12,5.38596090394519e-10
"ENSG00000249599.2","BMPR1B-DT"," lncRNA","chr4",55.5950810195964,6.08345428138734,1.76309797926125,1.75546965179879e-05,0.000199446732728465
"ENSG00000249661.1","TNRC18P1"," processed_pseudogene","chr4",700.067105755695,2.55407731442846,0.807286702023435,5.28520229037759e-05,0.000507306721082709
"ENSG00000249669.10","CARMN"," lncRNA","chr5",2103.77159974236,-3.04730681718184,0.414292239955915,7.39585122214013e-15,1.29024322495846e-12
"ENSG00000249684.6","AC106795.2"," lncRNA","chr5",70.3264784622089,1.77455555399514,0.553109510145446,4.88493918173085e-05,0.000475161452438726
"ENSG00000249751.4","ECSCR"," protein_coding","chr5",120.380272913424,-1.23602880969563,0.531763035503032,0.000480537305439877,0.00321063709179734
"ENSG00000249853.8","HS3ST5"," protein_coding","chr6",3.05722053561966,4.63087529481204,0.873143077655465,0.0117999227576164,0.0434202810520981
"ENSG00000249896.2","LINC02495"," transcribed_unprocessed_pseudogene","chr4",8.72148543605311,2.13986981113977,0.853276440089938,0.000382757966026471,0.00264871245391305
"ENSG00000250041.3","AC069360.1"," lncRNA","chr11",10.1596659111799,1.16554814291752,1.15948243634967,0.00370964012991036,0.017138910722021
"ENSG00000250056.8","LINC01018"," lncRNA","chr5",41.6820388841112,-2.95792366473237,0.672035135761583,3.52542701947992e-07,6.91820439463858e-06
"ENSG00000250081.1","AC025176.1"," lncRNA","chr5",2.62510414807204,1.57573941034472,0.790976764469368,0.00156734761910068,0.00850751801151867
"ENSG00000250131.2","AC078881.1"," lncRNA","chr4",40.8407540527049,-1.22767988081789,0.379747092714999,3.93048447408888e-05,0.000396428542453682
"ENSG00000250221.1","KRT8P32"," processed_pseudogene","chr5",6.52117508910725,2.05605338579656,0.818483535703023,0.00040562598225526,0.00278213016451116
"ENSG00000250244.5","AC010307.4"," lncRNA","chr5",3.31403029953172,5.16534060117672,1.70777964320851,5.13893950400672e-05,0.000496408466872366
"ENSG00000250266.2","LINC01612"," lncRNA","chr4",36.0060019474053,-3.85739826310543,1.00421506893367,3.02204428239128e-06,4.402594866677e-05
"ENSG00000250274.2","AC034199.1"," lncRNA","chr5",3.16316203772439,1.31997109900622,1.04743623892624,0.00360121482755098,0.016737431712609
"ENSG00000250326.2","AC104596.1"," lncRNA","chr4",35.7603430360995,-1.22468914884271,0.283877437935,5.65640589082305e-07,1.03764458519081e-05
"ENSG00000250334.6","LINC00989"," lncRNA","chr4",43.601513341438,-2.09874038809066,0.494569840462655,7.15297662234237e-07,1.26047730974822e-05
"ENSG00000250378.4","AC114296.1"," lncRNA","chr5",58.2822580410665,1.72013290541437,0.752960058564973,0.000579963751885881,0.00375636073269914
"ENSG00000250488.2","LINC02233"," lncRNA","chr4",4.54412627513714,2.39762148561435,1.24110658050848,0.00138579042060926,0.00769685029695604
"ENSG00000250608.2","AC010210.1"," lncRNA","chr3",73.688515629036,1.29345071488211,0.353787539694613,9.9094364517474e-06,0.000122911534745083
"ENSG00000250643.1","AC083906.3"," lncRNA","chr3",17.8742338953851,3.2863336043305,0.901639785752411,1.16459927772894e-05,0.00014099248230132
"ENSG00000250644.3","AC068580.4"," protein_coding","chr11",58.8039290340357,1.95294476623898,0.727147784627634,0.000220478973422267,0.00167743826028703
"ENSG00000250740.1","AC109361.2"," lncRNA","chr4",6.19661918281609,1.96895028855425,0.93962956088322,0.00107092696658887,0.00622865690802671
"ENSG00000250802.7","ZBED3-AS1"," lncRNA","chr5",107.981564222912,-2.16709945462046,0.240861886541298,1.38288536595616e-09,5.3256350224698e-08
"ENSG00000250893.1","AC098869.2"," lncRNA","chr4",12.666563960183,1.89279394006929,0.539927918362643,1.95596531523434e-05,0.000218805982089905
"ENSG00000250982.2","GAPDHP35"," processed_pseudogene","chr16",47.7129926079453,1.41509695349423,0.591006350712876,0.000473770848317796,0.00317341882677217
"ENSG00000251002.8","AC244502.1"," lncRNA","chr14",19.851681445465,1.41597963017362,0.551556057710244,0.000324437081027153,0.00230736530658752
"ENSG00000251141.6","MRPS30-DT"," lncRNA","chr5",2516.00863247427,3.46798304830429,0.857114476011647,2.06017252698023e-06,3.15896394972164e-05
"ENSG00000251191.8","LINC00589"," lncRNA","chr8",10.2155118860757,2.23846214499345,0.854150434259736,0.000276940743100727,0.0020248825372019
"ENSG00000251257.2","AC010457.1"," lncRNA","chr5",24.8543375885707,-2.75892985989326,0.493682758688652,8.70816950240559e-10,3.57876021329132e-08
"ENSG00000251322.9","SHANK3"," protein_coding","chr22",2957.74412984121,-1.3371011827826,0.374473984357235,1.16633741762364e-05,0.000141104989037123
"ENSG00000251359.4","WWC2-AS2"," lncRNA","chr4",36.8276174521109,-1.01407634282275,0.317798950878261,4.51790653822451e-05,0.000445294567867772
"ENSG00000251396.7","LINC01301"," lncRNA","chr8",83.8053756644019,-1.48912008763701,0.357902030640127,1.11084694889185e-06,1.8417732873508e-05
"ENSG00000251600.8","AC107223.1"," lncRNA","chr4",18.1012504174178,-1.42532319039015,0.318701727915813,3.26270930730644e-07,6.47549433681622e-06
"ENSG00000251635.2","LINC02278"," lncRNA","chr4",5.72548826629224,2.54512646079458,0.664602518255739,6.32925030317211e-06,8.33681414138152e-05
"ENSG00000252690.3","AC105339.2"," lncRNA","chr15",9.60692090432637,1.48255633298994,0.385560197019256,6.07586936761904e-06,8.04528114252737e-05
"ENSG00000252892.1","RNU6-548P"," snRNA","chr2",2.20476623601384,1.82729860240922,1.19971683076883,0.00332487606323091,0.0156740190047909
"ENSG00000253116.1","AC027698.1"," lncRNA","chr8",2.88155546582196,2.80515987294103,0.928542035476332,0.000128823060769706,0.0010696728732308
"ENSG00000253125.1","AC055854.1"," lncRNA","chr8",232.180487386153,3.75125942087411,0.605165256970782,2.8272033468002e-11,1.66910240225391e-09
"ENSG00000253130.2","AC114550.1"," lncRNA","chr8",12.1154226467937,2.01417822638235,1.05097911046799,0.00126882153032839,0.00715655545015971
"ENSG00000253161.5","LINC01605"," lncRNA","chr8",35.2037633843553,2.0282857698881,0.442787902011078,1.94585549743793e-07,4.12722456906425e-06
"ENSG00000253177.2","AC104211.1"," lncRNA","chr8",64.836999243304,-3.56900363306767,0.537325262196878,1.09615175299792e-12,9.95985177444024e-11
"ENSG00000253182.1","AC084026.1"," lncRNA","chr8",6.04892158632838,3.78888069223571,0.956833364220762,4.51749103443298e-06,6.26647592284473e-05
"ENSG00000253210.2","AC040970.1"," lncRNA","chr8",114.650476351058,1.35557276749177,0.322545466696147,1.06431732142941e-06,1.77990323792841e-05
"ENSG00000253239.1","IGLVI-70"," IG_V_pseudogene","chr22",10.2646477853579,3.13201658113855,1.15440098606915,0.000224046712575218,0.00169754915276047
"ENSG00000253250.3","C8orf88"," protein_coding","chr8",54.8538728431905,-2.19019840129976,0.395939769536324,1.22002760152394e-09,4.77755140794295e-08
"ENSG00000253293.5","HOXA10"," protein_coding","chr7",262.799429820959,-2.36461102011124,0.47589807230191,2.38869225903129e-08,6.51633007113845e-07
"ENSG00000253305.2","PCDHGB6"," protein_coding","chr5",201.200589632391,-1.09349590771957,0.379960614195122,0.000117825678008951,0.00099444986246016
"ENSG00000253348.1","AC008514.1"," lncRNA","chr5",13.0753584321957,-1.212133732167,0.69973745783505,0.00153234363923539,0.0083486886190759
"ENSG00000253364.2","COPDA1"," lncRNA","chr14",9.05694751001506,3.71027755135445,0.814106608720183,3.61866102887053e-07,7.06540022150653e-06
"ENSG00000253368.4","TRNP1"," protein_coding","chr1",580.536528276546,-1.85382546767444,0.456960817981444,1.69770331882539e-06,2.67183430298316e-05
"ENSG00000253434.8","LINC02237"," lncRNA","chr8",36.818829673455,-5.9092303226474,0.837916535125152,8.01748699993347e-14,1.02094211282729e-11
"ENSG00000253490.5","LINC02099"," lncRNA","chr8",5.48008218604738,2.7684774618644,0.872261183113946,5.882115533392e-05,0.000556036014834951
"ENSG00000253520.1","AC136628.3"," processed_pseudogene","chr5",43.9523434596257,-1.44183223163685,0.28059095539617,1.09950631463612e-08,3.31571951806126e-07
"ENSG00000253521.2","HPYR1"," lncRNA","chr8",3.85973930400556,4.11821293328233,1.32143672392314,5.88484318981199e-05,0.000556143184549648
"ENSG00000253522.6","MIR3142HG"," lncRNA","chr5",45.4754229948671,1.31140342971645,0.655371072416143,0.00110285549306646,0.00637292663275619
"ENSG00000253535.5","AC120193.1"," lncRNA","chr8",1.88725557133587,1.45233292443274,1.03752178710788,0.00368437924192157,0.0170425130756841
"ENSG00000253649.5","PRSS51"," protein_coding","chr8",48.452249761365,-2.41390646527036,0.55701742403741,5.19020579668292e-07,9.59679228680782e-06
"ENSG00000253771.6","TPTE2P1"," transcribed_unprocessed_pseudogene","chr13",30.2619228359992,-1.71738277111593,0.269543363343241,7.10443059020687e-12,5.05878954536546e-10
"ENSG00000253831.3","ETV3L"," protein_coding","chr1",28.2131871299909,-3.46436303762886,0.757908324509025,1.73456146902366e-07,3.76137875796797e-06
"ENSG00000253873.6","PCDHGA11"," protein_coding","chr5",69.6007783325509,-1.01122672494794,0.340153202499709,8.90563639465233e-05,0.000784663028903572
"ENSG00000253875.2","AC013643.2"," lncRNA","chr8",7.74413933478129,-1.38633254266936,0.642626132316845,0.000808544430958069,0.00494234823765907
"ENSG00000253931.1","AC105118.1"," lncRNA","chr8",3.93096274051078,5.44099750082933,1.65248371584957,1.00010220991459e-05,0.000123739596475638
"ENSG00000253959.1","LINC01863"," lncRNA","chr5",14.6275919471722,3.04290322640877,0.935740926204571,4.50978560553292e-05,0.000444635538151456
"ENSG00000253973.3","AC079296.1"," lncRNA","chr11",92.1936641948565,2.61881560595207,0.776496122384122,2.68497316426482e-05,0.000287366253602343
"ENSG00000254088.1","SLC2A3P4"," processed_pseudogene","chr8",2.25403211565608,1.56615917429564,0.979528299184905,0.00306168167188422,0.0146476258348708
"ENSG00000254122.3","PCDHGB7"," protein_coding","chr5",409.718445600536,-1.72529692493043,0.30872792450143,8.97084838503466e-10,3.67373088030803e-08
"ENSG00000254135.3","AC091939.1"," lncRNA","chr5",18.9110992294761,-5.0304048542044,1.06803948691445,8.56161281225495e-08,2.02524225513483e-06
"ENSG00000254211.6","LINC01485"," lncRNA","chr5",153.886584924074,-4.1379143558562,0.742245947333047,7.8004604086442e-10,3.2439316343028e-08
"ENSG00000254231.3","AC103760.1"," lncRNA","chr8",185.681382515599,1.97113291521554,0.408662098321673,6.25227164501982e-08,1.52871765918981e-06
"ENSG00000254271.1","ANK3-DT"," lncRNA","chr10",10.3216492707019,2.34271553262483,0.595735229665107,4.03446732496498e-06,5.67607255787714e-05
"ENSG00000254285.3","KRT8P3"," processed_pseudogene","chr8",261.722888493113,1.72254991199877,0.662361901519286,0.000280817397752602,0.00204593857276802
"ENSG00000254290.1","AC124067.4"," lncRNA","chr8",38.0083423889899,1.74545538386801,0.492474767380416,1.58274562399096e-05,0.000182376412043159
"ENSG00000254337.2","AC083967.1"," lncRNA","chr8",11.2177647718232,3.97307929147191,0.682409792867889,2.98430487201084e-10,1.38280718843732e-08
"ENSG00000254340.2","AC022784.5"," lncRNA","chr8",5.84514714169467,1.01870865384189,0.791343466036483,0.00325981291742218,0.0154346766863587
"ENSG00000254369.6","HOXA-AS3"," lncRNA","chr7",21.5672360354622,-2.66532841750092,0.355674181454256,3.1506061175752e-15,6.35420797967147e-13
"ENSG00000254389.3","RHPN1-AS1"," lncRNA","chr8",145.358724167565,1.41643314914761,0.382596367679603,8.45157941377729e-06,0.000107191587541295
"ENSG00000254433.1","AP001001.1"," lncRNA","chr11",12.4279633532738,1.03554428917326,0.433780412185277,0.00052478668954786,0.00345022279725163
"ENSG00000254521.7","SIGLEC12"," protein_coding","chr19",15.7312073416567,1.21977023183077,1.46588431056608,0.00402609300812946,0.0183339090507237
"ENSG00000254602.2","AP000662.1"," lncRNA","chr11",24.8478382365717,-2.23900381721238,0.400600660635964,9.34981697405771e-10,3.80214993055766e-08
"ENSG00000254654.2","LINC02685"," lncRNA","chr11",2.94610872285327,4.19578932593128,1.32471337169646,2.28133311836164e-05,0.00024991520826611
"ENSG00000254777.5","AC022182.1"," lncRNA","chr8",3.33935069506288,1.55582532227525,0.792627849177318,0.00145813446328209,0.0080207740120409
"ENSG00000254814.1","AP003031.1"," lncRNA","chr11",13.2230813160716,-4.85857504805173,0.880751641504885,2.25863371501587e-09,8.17489511935877e-08
"ENSG00000254815.6","LMNTD2-AS1"," lncRNA","chr11",45.8495953130524,2.76228221571693,0.613950453619826,3.15719240875712e-07,6.30552949822236e-06
"ENSG00000254847.1","AC009806.1"," lncRNA","chr11",12.6625200459086,-2.37786439737842,0.39851057341539,1.54466699050684e-10,7.74353102956523e-09
"ENSG00000254854.1","AP003390.1"," lncRNA","chr11",21.1905750336631,1.94879487193183,0.430554685434698,2.5081322553667e-07,5.17511783098755e-06
"ENSG00000254862.5","LGR4-AS1"," lncRNA","chr11",20.1406128106396,-2.63501410174052,0.412160387005023,5.94696171826387e-12,4.32777779875495e-10
"ENSG00000254973.2","AC105219.3"," lncRNA","chr8",54.6641717981086,2.2688217797969,0.453621625896654,2.83862054087736e-08,7.60270225446737e-07
"ENSG00000254978.2","ALG1L9P"," transcribed_unprocessed_pseudogene","chr11",16.2304549620243,1.39330863071498,0.308678376366361,3.07875721204833e-07,6.18072024658103e-06
"ENSG00000255007.1","LINC02489"," lncRNA","chr11",8.43003018955783,4.29924259811762,0.884638513837991,6.13770537392093e-08,1.50810336761602e-06
"ENSG00000255026.1","AC136475.3"," lncRNA","chr11",444.805317477535,2.77392541739932,0.774230523483725,1.24967596958916e-05,0.00014963089998262
"ENSG00000255050.1","AC067930.4"," lncRNA","chr8",3.91004277969783,1.91947563810365,0.723352946018521,0.000275454971843579,0.00201697784314676
"ENSG00000255120.5","OVOL1-AS1"," lncRNA","chr11",6.40069742844042,1.58893155070626,0.796143426338753,0.00114263532327995,0.00657060212483282
"ENSG00000255182.2","AC084125.2"," lncRNA","chr8",56.2048027312959,1.37107765460889,0.673996440203122,0.00100786074724542,0.00593807317327589
"ENSG00000255216.2","AP001360.1"," lncRNA","chr11",12.6109329137026,-4.15686259275314,0.878271975212614,1.29067570127718e-07,2.89415369452984e-06
"ENSG00000255248.9","MIR100HG"," lncRNA","chr11",1228.60369154692,-1.40894032509482,0.334857643001703,9.22477863509166e-07,1.57449184883001e-05
"ENSG00000255303.2","OR5BA1P"," transcribed_unprocessed_pseudogene","chr11",10.5422029296004,1.52796627229463,0.694059950826304,0.000751638844673246,0.0046507236973744
"ENSG00000255306.1","AC004923.4"," lncRNA","chr11",16.6336003312697,1.04731748087542,0.44581547667469,0.000526002543048947,0.00345691368045221
"ENSG00000255328.1","AC136475.5"," lncRNA","chr11",7.81835102748606,-1.22126436348575,0.401948582296803,8.39535825944822e-05,0.000747251135281653
"ENSG00000255362.1","LINC02761"," lncRNA","chr11",14.7125844411935,-1.41892608311499,0.632934457684233,0.000585617132348046,0.00378665073475828
"ENSG00000255367.3","AC127526.2"," lncRNA","chr11",8.50194039341144,1.25641007577992,0.597981894846395,0.00102025221781075,0.00599791409126116
"ENSG00000255389.1","Z97989.1"," lncRNA","chr6",77.3921579640184,-1.76087447614991,0.325212978412223,2.36199820111905e-09,8.50489981787872e-08
"ENSG00000255398.3","HCAR3"," protein_coding","chr12",50.102056264778,-1.52347527519632,0.47061015703445,3.56159137205672e-05,0.000363834829350552
"ENSG00000255559.1","ZNF252P-AS1"," lncRNA","chr8",14.2120505297157,1.73059657490913,0.39533041388176,5.76773069351749e-07,1.05472689532243e-05
"ENSG00000255561.7","FDXACB1"," protein_coding","chr11",180.827572363221,1.47153191755487,0.275002152907801,4.05567155567262e-09,1.3541285765452e-07
"ENSG00000255624.3","C10orf88B"," transcribed_processed_pseudogene","chr10",26.3644844816258,1.29702205938317,0.364621682354053,1.50164905830431e-05,0.000174008758861826
"ENSG00000255642.1","PABPC1P4"," processed_pseudogene","chr12",146.756795646849,-1.3219396418832,0.31704401981222,1.09804958627442e-06,1.82438324355718e-05
"ENSG00000255693.3","LINC02389"," lncRNA","chr12",5.23060322413549,1.63269139691617,0.874522417527518,0.00159618689714641,0.00863718316196269
"ENSG00000255774.2","LINC02747"," lncRNA","chr11",286.639054565794,3.21139474087157,0.72845438157502,4.36338991709507e-07,8.25613002154902e-06
"ENSG00000255815.3","KRT8P11"," processed_pseudogene","chr9",69.5236028967218,2.22708286404033,0.715050336865177,6.31829368237601e-05,0.000589758118972128
"ENSG00000255833.2","TIFAB"," protein_coding","chr5",36.7795763712346,2.01800241215614,0.687184759122048,0.0001102757545261,0.000941169969204329
"ENSG00000255960.1","AC092851.1"," processed_pseudogene","chr12",16.2350627432317,-3.86068682534066,0.853827052733964,2.40422181438453e-07,4.98725941294237e-06
"ENSG00000256037.1","MRPL40P1"," processed_pseudogene","chr12",3.11320286037763,2.34332382950547,0.811533047417632,0.000204068772421745,0.0015703933697766
"ENSG00000256196.2","AP003721.1"," lncRNA","chr11",3.50866238110602,2.14512130090822,0.702585037663327,0.000105399311292025,0.000905197023278743
"ENSG00000256235.2","SMIM3"," protein_coding","chr5",2996.93560400324,-1.62983067002254,0.496344616041152,3.09052251774848e-05,0.000323539796730892
"ENSG00000256282.1","AC112694.1"," transcribed_processed_pseudogene","chr11",16.402891414414,1.19489502128516,0.467273434762131,0.000347803855732322,0.00244267800530524
"ENSG00000256463.8","SALL3"," protein_coding","chr18",3.12546252527289,1.76369627522092,1.14648653396614,0.00245328199140354,0.0122562230758965
"ENSG00000256508.2","MRGPRF-AS1"," lncRNA","chr11",10.6889024324276,-3.55280197003035,0.623647804361287,4.25500790627134e-10,1.86979195034904e-08
"ENSG00000256612.7","CYP2B7P"," transcribed_unprocessed_pseudogene","chr19",15108.5804990549,7.05162423313811,0.87550955716586,4.58798298258792e-17,1.60079314245475e-14
"ENSG00000256663.1","AC112777.1"," processed_pseudogene","chr12",21.8930342333003,2.36526602150781,0.488793748149465,6.71101693674234e-08,1.63173583233364e-06
"ENSG00000256762.1","STH"," protein_coding","chr17",2.26109733725992,1.33836319293384,1.01652474793511,0.00418761528931702,0.0189101505063554
"ENSG00000257060.7","AC091078.1"," lncRNA","chr15",12.8496568874137,-2.98887179493966,0.58258688066343,1.17045470481663e-08,3.51448667003071e-07
"ENSG00000257086.1","AP001453.2"," lncRNA","chr11",13.6076397555912,1.54951379402853,0.459766883370441,2.79439499737586e-05,0.000296982137841734
"ENSG00000257135.7","ODC1-DT"," lncRNA","chr2",44.089640265181,-1.27187829013686,0.421233794984882,7.30131844800148e-05,0.000665318103863201
"ENSG00000257167.2","TMPO-AS1"," lncRNA","chr12",81.1884967300314,1.50182982071805,0.297477130963781,2.01051879185492e-08,5.62091435629887e-07
"ENSG00000257219.6","LNCOG"," lncRNA","chr12",39.7416133613188,-2.29900211610288,0.39814462892938,2.83516230179481e-10,1.31719903957287e-08
"ENSG00000257226.2","AC079584.2"," lncRNA","chr2",2.54865268485575,1.90548486409422,0.80026029464409,0.000602949324659496,0.00387502392460757
"ENSG00000257335.8","MGAM"," protein_coding","chr7",124.643696851101,4.40230696443942,0.710364666975702,0.00109751839557008,0.00635366091585128
"ENSG00000257512.1","AC124947.2"," transcribed_processed_pseudogene","chr12",12.2273073538598,1.1601868746946,0.497566621721379,0.000595233575137186,0.00383320315062967
"ENSG00000257596.1","SCAT2"," lncRNA","chr12",12.3033334462724,1.438696569646,0.318427137890688,3.2597862162172e-07,6.47549433681622e-06
"ENSG00000257696.1","AC010203.2"," lncRNA","chr12",13.2517199937202,1.33946878096377,0.59059275311275,0.000677920932974769,0.00426932834471814
"ENSG00000257743.8","MGAM2"," protein_coding","chr7",437.261878419344,-4.65815209678122,0.809619065390798,2.73276719874043e-10,1.27471898838573e-08
"ENSG00000257758.1","KRT18P20"," processed_pseudogene","chr12",1.7667979724859,1.99006107389393,1.17338524668389,0.00264360679631002,0.0130059341130926
"ENSG00000258010.4","AC016705.1"," lncRNA","chr15",3.52924186965859,3.95309216838831,1.2963377709568,6.68546912289084e-05,0.000617750802878136
"ENSG00000258168.6","AC025569.1"," lncRNA","chr12",36.3392963739702,-1.65256467240953,0.343418778257313,5.66774839251997e-08,1.40250644796748e-06
"ENSG00000258227.7","CLEC5A"," protein_coding","chr7",140.203747109314,3.4824863899928,0.501776646485374,2.16931630639613e-13,2.46545978001522e-11
"ENSG00000258311.5","AC009779.3"," protein_coding","chr12",56.4431004517593,-2.10283069744056,0.434967813555015,4.72061005349856e-08,1.19612785313448e-06
"ENSG00000258331.1","LINC02461"," lncRNA","chr12",5.46117110830546,3.16197927649783,1.08433337274468,0.000132812627513892,0.00109653700581808
"ENSG00000258384.1","RCCD1-AS1"," lncRNA","chr15",4.98844692610716,1.41577592952586,0.541142168315352,0.000328289260174425,0.00232953845368027
"ENSG00000258387.1","AL358913.1"," processed_pseudogene","chr14",5.6329734932457,8.1436471515707,2.83668079806787,1.79527605007208e-07,3.85945635631947e-06
"ENSG00000258408.1","NT5CP2"," transcribed_processed_pseudogene","chr14",6.25357763268204,2.47318189966798,1.0617224999828,0.000487223086584734,0.00324359868613393
"ENSG00000258414.1","AL121790.1"," lncRNA","chr14",65.1437238837812,1.35062801748263,1.69494639363298,0.00390888358452349,0.0178724750553806
"ENSG00000258450.1","AL139099.2"," lncRNA","chr14",4.04639270235313,1.91261089785891,0.588154548711087,5.26937524089609e-05,0.000506065982741826
"ENSG00000258479.6","LINC00640"," lncRNA","chr14",28.1968395536406,-3.29948779903365,0.525519625072089,1.53692767095135e-11,9.87568017811483e-10
"ENSG00000258498.8","DIO3OS"," lncRNA","chr14",240.918992112023,-2.10909276496074,0.72136601143562,8.99934609739182e-05,0.000790922379556922
"ENSG00000258545.6","RHOXF1-AS1"," lncRNA","chrX",269.970842569624,-3.92021708207978,0.513390370945451,8.35555860024256e-16,1.96982294000718e-13
"ENSG00000258572.1","AL133467.1"," lncRNA","chr14",60.7804880944407,-3.05051068827608,0.570829768259351,3.10017014307462e-09,1.06779897790737e-07
"ENSG00000258604.1","AL161668.4"," lncRNA","chr14",7.75716465580989,-3.50571846426055,0.511326892389497,1.06079166060841e-12,9.66372893741201e-11
"ENSG00000258636.2","AL121821.2"," lncRNA","chr14",28.3540754495041,-1.10444096067456,0.629701463088185,0.00152167606646043,0.00830483335442998
"ENSG00000258647.6","LINC00930"," lncRNA","chr15",64.7999828894059,3.91402253433497,0.542202654997072,7.39986045820344e-06,9.53076896445834e-05
"ENSG00000258676.5","AC091544.2"," lncRNA","chr15",39.4281317068468,3.03831026149351,0.661434361796583,2.04281557325488e-07,4.30930339579419e-06
"ENSG00000258819.2","LINC02289"," lncRNA","chr14",67.4420822255559,-3.01671207185062,0.503130757802128,9.02246579524358e-05,0.00079275460604846
"ENSG00000258867.6","LINC01146"," lncRNA","chr14",11.2640026625605,1.43219624873615,0.56543026404739,0.00035150849574238,0.00246373702791229
"ENSG00000258875.6","AL135818.1"," lncRNA","chr14",37.5947611044887,1.37576510719959,0.445624199945374,7.211990555766e-05,0.000658726603354009
"ENSG00000258884.2","LINC02321"," lncRNA","chr14",7.76179224048362,1.68497449061993,0.628422516984826,0.000240080198725313,0.00179871982257352
"ENSG00000258894.1","ARHGAP16P"," processed_pseudogene","chr14",2.67813581879245,6.71187380598823,2.76373714905852,5.56773619131056e-05,0.000530340932162208
"ENSG00000258947.7","TUBB3"," protein_coding","chr16",6.2836105349863,1.71803666546136,0.619562387804327,0.000196972986557236,0.00152385465054734
"ENSG00000259065.2","AC005520.2"," lncRNA","chr14",141.501414136083,-1.10735265041289,0.258503888987415,6.70670911815659e-07,1.19727458161637e-05
"ENSG00000259070.7","LINC00639"," lncRNA","chr14",111.575738853609,-1.83493402459818,0.410342543632135,2.70550746821655e-07,5.54303353338482e-06
"ENSG00000259087.5","AL121790.2"," lncRNA","chr14",19.909505952397,2.35916484300453,0.740178779978232,5.44981448081815e-05,0.000520672171550455
"ENSG00000259129.6","LINC00648"," lncRNA","chr14",14.827325305433,-4.02162840207093,0.659589456625608,4.66360885602517e-11,2.58693126543043e-09
"ENSG00000259153.2","AC004816.1"," lncRNA","chr14",90.8792538101226,1.39057761835579,0.348969012105462,2.87508796461987e-06,4.23090232701611e-05
"ENSG00000259236.1","GOLGA8VP"," unprocessed_pseudogene","chr15",10.5753703699878,-1.37070250705239,0.527826209353134,0.00027857243586115,0.00203468094193665
"ENSG00000259278.2","AC087878.1"," lncRNA","chr15",2.80006171209089,2.12529862642669,0.769978359261096,0.00028785876537087,0.00209112641735478
"ENSG00000259345.7","AC013652.1"," lncRNA","chr15",31.9214957711873,2.69352563007624,0.600075253688532,3.24429521845269e-07,6.44995467048619e-06
"ENSG00000259354.5","AC025580.2"," lncRNA","chr15",68.7116897469163,2.0134247291668,0.767825299298585,0.000262722022650994,0.00193961787818786
"ENSG00000259370.2","AC103740.1"," lncRNA","chr15",49.6697806940276,-1.03235480743582,0.543025867297464,0.00119649650042249,0.00681360525481332
"ENSG00000259374.2","NDUFB4P11"," transcribed_processed_pseudogene","chr14",11.7331010519532,-3.49589538679411,0.659371956037844,4.15280966365781e-09,1.38391291284322e-07
"ENSG00000259407.1","AC021739.2"," lncRNA","chr15",33.9253924447856,-2.39866657707827,0.393355620308107,4.06372713480686e-11,2.31300984438085e-09
"ENSG00000259446.6","AC055874.1"," lncRNA","chr15",7.05986316792567,-3.95734031043224,0.771833682111507,2.49337299942334e-08,6.7754110064548e-07
"ENSG00000259459.6","LINC02568"," lncRNA","chr15",796.370283533256,2.8972920168237,0.643421527672338,2.877932094973e-07,5.85579111422208e-06
"ENSG00000259470.2","KRT8P9"," processed_pseudogene","chr15",8.3240632408714,2.49822071332859,0.732816370657732,2.86415464041476e-05,0.000303379537215274
"ENSG00000259475.1","AC036108.1"," lncRNA","chr15",5.55542325119469,1.01436656223027,0.922962323657968,0.00400642819303412,0.0182586580568382
"ENSG00000259495.3","AC016705.2"," lncRNA","chr15",346.292252766779,2.23601591154348,0.534719077867675,1.22059698477956e-06,2.01360990051742e-05
"ENSG00000259500.1","KRT8P24"," processed_pseudogene","chr15",8.49009842496443,1.32154370838624,0.847574875547863,0.00235138006705676,0.0118643531337205
"ENSG00000259529.2","AL136295.5"," protein_coding","chr14",7.28500268431269,1.21375086100235,0.438872977162604,0.00021480722149815,0.00164000848255841
"ENSG00000259583.3","AC015712.2"," lncRNA","chr15",192.877733052503,-1.20507174609443,0.447720754194014,0.000195228771185382,0.00151439018573347
"ENSG00000259668.6","AC066613.1"," lncRNA","chr15",24.5313617589731,1.01314620150695,0.486508414218559,0.000955928707288189,0.00568296277491774
"ENSG00000259683.1","AC243562.2"," unprocessed_pseudogene","chr15",35.4217521903116,-2.89262664247508,0.487225711093502,1.2110077641595e-10,6.22286773185405e-09
"ENSG00000259725.1","AC106738.2"," lncRNA","chr16",106.816419631241,1.5266860672865,0.687699866168882,0.000704838215566807,0.00441042148123053
"ENSG00000259728.5","LINC00933"," transcribed_unprocessed_pseudogene","chr15",62.0547587437211,-1.88707774748755,0.260933284022974,1.90230046845697e-14,2.87881763716737e-12
"ENSG00000259793.1","AC013726.1"," lncRNA","chr2",183.852019863316,2.43798108046146,0.815250742658648,9.13030897217224e-05,0.000800617266519381
"ENSG00000259807.2","AC009093.1"," lncRNA","chr16",67.6210364159648,2.51836907961731,0.47776454393353,5.86997280143931e-09,1.88764259000017e-07
"ENSG00000259831.1","LINC00567"," lncRNA","chr13",2.43297225770664,1.59687776582607,0.864878279672802,0.00185157873405382,0.00975440640342322
"ENSG00000259877.2","AC009113.1"," lncRNA","chr16",213.219847347241,-1.06083467498155,0.159212875841276,1.14031890271004e-12,1.03237006398425e-10
"ENSG00000259916.1","AL845331.1"," protein_coding","chr2",98.7751650748211,-5.82034751989481,0.960709255191598,4.26608892873715e-11,2.39690996477565e-09
"ENSG00000259920.1","AC007938.1"," lncRNA","chr7",27.5084885608952,-2.23863120814176,0.406327697593501,1.23110077994155e-09,4.81011616046367e-08
"ENSG00000259940.2","AC109449.1"," lncRNA","chr16",19.6386734304116,1.36111002201899,0.689151613021058,0.00120171008888482,0.00683882999694669
"ENSG00000259954.1","IL21R-AS1"," lncRNA","chr16",7.03407616116848,1.90620531010836,0.911185075870975,0.000933585236927545,0.00557774035598449
"ENSG00000259977.1","AL121578.1"," lncRNA","chrX",5.38863308750281,2.68094823380178,1.30971113648038,0.00110123247686793,0.00636776638223381
"ENSG00000260001.6","TGFBR3L"," protein_coding","chr19",9.07491495898916,3.5078041014241,0.736938822648714,1.01207871865202e-07,2.33857209089322e-06
"ENSG00000260009.1","LINC02130"," lncRNA","chr16",7.13036000189868,2.17801411551975,1.04634772969706,0.000784638874613222,0.00481901689387958
"ENSG00000260101.1","AC008074.2"," lncRNA","chr2",47.5095567868248,1.13390596459403,0.452043035398241,0.000362918764123345,0.00252928741957296
"ENSG00000260102.2","LINC01070"," lncRNA","chr13",14.148819430784,-5.13604370313265,0.860082150770479,1.59562646799604e-10,7.9532861564071e-09
"ENSG00000260105.6","AOC4P"," transcribed_unprocessed_pseudogene","chr17",37.6349204794105,-2.73263008682475,0.498447196281294,1.36749699041739e-09,5.27802405892181e-08
"ENSG00000260135.7","MMP2-AS1"," lncRNA","chr16",30.5491115506484,1.2242139855535,1.28418887446509,0.00373630962380438,0.0172461409027859
"ENSG00000260192.3","LINC02240"," lncRNA","chr5",24.447876788564,-2.81430087000684,0.661213030937427,6.69630608821476e-07,1.19631754082899e-05
"ENSG00000260196.1","AC124798.1"," lncRNA","chr11",62.8166260209676,1.5686679213981,0.331854004751325,9.8219219981e-08,2.28160239970511e-06
"ENSG00000260219.2","CD2BP2-DT"," lncRNA","chr16",215.976455998331,1.95120773826282,0.388551378033196,2.29901382723532e-08,6.31613318472972e-07
"ENSG00000260220.7","CCDC187"," protein_coding","chr9",32.6635141724077,3.65648459988311,0.793288050706095,1.92516265386658e-07,4.09079477198898e-06
"ENSG00000260284.1","TPSP2"," unprocessed_pseudogene","chr16",76.7988713294091,4.99894708394438,0.684621887592041,2.09800577648124e-14,3.10175930284775e-12
"ENSG00000260306.1","AC092375.2"," lncRNA","chr16",12.4402932430711,-1.4688712677463,0.722943416762371,0.000897115751282089,0.00539676994447989
"ENSG00000260329.1","AC007541.1"," lncRNA","chr12",77.9898021801572,-1.28096090345835,0.332789994867686,4.02303767350633e-06,5.66456043044024e-05
"ENSG00000260337.4","AC091544.4"," lncRNA","chr15",31.1260544883326,2.56993751207526,0.656574369046413,3.97554376931513e-06,5.6064176576614e-05
"ENSG00000260423.2","LINC02367"," lncRNA","chr12",20.8058926676845,-1.45744627868241,0.421024915347228,1.72652564184859e-05,0.000196542271353145
"ENSG00000260430.2","AC099518.1"," lncRNA","chr16",19.085548712545,2.06032636761607,0.4553452357136,2.76929226491057e-07,5.66373835961281e-06
"ENSG00000260439.1","LMF1-AS1"," lncRNA","chr16",7.92953074520124,-1.29882761555608,0.567521359932156,0.000622442859264018,0.00398050839490118
"ENSG00000260470.1","AC023794.5"," lncRNA","chr12",4.93024040411774,1.49779225833715,0.76786132007896,0.00126711773086845,0.00714925691263439
"ENSG00000260549.2","MT1L"," transcribed_unprocessed_pseudogene","chr16",143.526274474689,-1.35712104755237,0.493182773773287,0.000163023946266529,0.00130370582378764
"ENSG00000260555.1","AC092681.2"," lncRNA","chr7",4.92611268723603,1.36461785867252,0.706999024414697,0.00145432413489633,0.00800233770551456
"ENSG00000260586.2","AC064799.2"," lncRNA","chr15",3.68252161623059,1.63404962014654,0.894967255202854,0.00191468320759723,0.0100112710619324
"ENSG00000260589.1","STAM-AS1"," lncRNA","chr10",11.0124637814684,1.71008670040102,0.474982604535899,1.31520205971772e-05,0.000155871994108733
"ENSG00000260633.1","AC010207.1"," lncRNA","chr3",18.0224738519444,-2.26462409286383,0.452013067613128,2.30366563274287e-08,6.3239337208522e-07
"ENSG00000260698.1","AL591848.2"," lncRNA","chr1",15.4468326176382,1.08646822886168,0.440377304175708,0.000397956944120455,0.00273706204165322
"ENSG00000260710.1","AC120498.4"," lncRNA","chr16",65.1448819514117,3.101616444633,0.589835764398298,7.30764963457063e-09,2.3074317049756e-07
"ENSG00000260731.1","KRT8P22"," processed_pseudogene","chr16",1.85550752603479,2.3785975339445,1.29290764127972,0.00207869883717707,0.0107242172302152
"ENSG00000260777.1","AC061975.1"," lncRNA","chr17",2.59325556486646,3.00715248054841,1.1563886822199,0.00026901524573926,0.00197770984810125
"ENSG00000260792.1","LINC02280"," lncRNA","chr14",10.0778381880936,2.53673290325564,1.07643176394254,0.000475307407434667,0.00318248911011379
"ENSG00000260793.2","AC003102.1"," lncRNA","chr17",129.787430078287,1.27465399333922,0.383050969824491,3.12162538877043e-05,0.000326000094102332
"ENSG00000260810.1","AL135818.2"," lncRNA","chr14",27.3516102442743,2.39976746867011,0.541195365828714,4.56370998604044e-07,8.58858711558453e-06
"ENSG00000260852.1","FBXL19-AS1"," lncRNA","chr16",160.257637467587,1.25545465769137,0.282129718653718,3.6065860810328e-07,7.05366563639661e-06
"ENSG00000260855.1","AL591848.3"," lncRNA","chr1",85.8758085725199,1.22796327645102,0.344918342540006,1.37530761200168e-05,0.000161916731091679
"ENSG00000260876.6","LINC01229"," lncRNA","chr16",13.1767397421244,-1.35996356040907,0.492824797441805,0.000160032350683016,0.00128331159450267
"ENSG00000260877.2","AP005233.2"," lncRNA","chr11",37.7331168607007,-3.6190918173042,1.01807593308822,9.17592698127429e-06,0.000115081692416837
"ENSG00000260942.1","CAPN10-DT"," lncRNA","chr2",86.4534510813731,1.30871356113938,0.301385323451282,6.06630723789466e-07,1.10005836486771e-05
"ENSG00000260963.2","AC026462.3"," lncRNA","chr16",2.56929476397148,6.61619506309879,1.18213726348504,0.00458330186582454,0.0203196931893881
"ENSG00000260989.1","AL133297.2"," lncRNA","chr16",6.97110090318954,1.40991342438903,0.841276468026758,0.00210844368770258,0.0108600101428448
"ENSG00000260996.1","BX255925.1"," lncRNA","chr9",14.2950421910935,1.42464973942457,0.680067850968735,0.000818536585459046,0.00499118490095274
"ENSG00000261039.3","LINC02544"," lncRNA","chr6",88.697943557988,4.39581542128938,0.558224118555661,2.00667844996443e-16,5.64637240304104e-14
"ENSG00000261054.1","AC036108.2"," lncRNA","chr15",32.0387780789565,-4.33446534331867,0.627112277679059,2.98848623961018e-13,3.29972384133667e-11
"ENSG00000261083.3","LINC02516"," lncRNA","chr4",6.16749534793332,1.41148274100788,0.622714118350429,0.000747761258611596,0.0046316595196551
"ENSG00000261104.1","AC093904.4"," lncRNA","chr2",25.5446291783342,2.78259999659991,0.814862027033458,2.49620691033313e-05,0.00026964444367936
"ENSG00000261124.1","AC135050.4"," lncRNA","chr16",3.65658303974369,2.26806369297561,0.719055202294252,8.15523319859223e-05,0.00072941359018734
"ENSG00000261136.1","AC023908.3"," lncRNA","chr15",25.3999966865345,1.98427560795405,0.506806767240124,3.88644569052663e-06,5.49663464078495e-05
"ENSG00000261159.1","AC112484.3"," lncRNA","chr3",14.8516253970571,1.05024695030854,0.541783082414652,0.00132100058946386,0.00740537139572358
"ENSG00000261210.8","CLEC19A"," protein_coding","chr16",4.22393837827051,2.13248350770124,0.632906190203907,3.69868365449619e-05,0.000376241316002993
"ENSG00000261220.2","AC103706.1"," lncRNA","chr8",32.5400957996863,1.14606884469019,0.425615404397155,0.000212477372528394,0.00162435320001932
"ENSG00000261253.2","AC137932.2"," lncRNA","chr16",4.39302989129328,1.0960445496983,0.689328874311623,0.00239155999707072,0.0120201555542775
"ENSG00000261257.1","AP000821.1"," lncRNA","chr11",6.65839035625807,2.21363818433539,1.44590310284364,0.00226537975532234,0.0115019448549115
"ENSG00000261324.2","AC010168.2"," lncRNA","chr12",266.533374379586,1.97528530742874,0.39608227622084,2.80527241113315e-08,7.52913536129589e-07
"ENSG00000261326.4","LINC01355"," lncRNA","chr1",414.930728266299,1.08239447768573,0.404413395614536,0.000245708792853125,0.00183458709425174
"ENSG00000261327.5","AC134312.5"," lncRNA","chr16",52.6198178814121,4.50353194858209,0.670896789156668,9.67144390989896e-13,8.97463695373098e-11
"ENSG00000261360.1","AC010491.1"," lncRNA","chr5",13.3126633400444,1.23507160784888,0.444669555477309,0.000180399429763971,0.00141540735414768
"ENSG00000261371.6","PECAM1"," protein_coding","chr17",20895.364644892,-1.4245832332477,0.40842299889809,1.50159217475404e-05,0.000174008758861826
"ENSG00000261390.6","MAFTRR"," lncRNA","chr16",24.7650939235628,-2.9162669515673,0.361807117321686,2.48777155917773e-17,9.04175390325733e-15
"ENSG00000261409.1","AL035425.3"," lncRNA","chrX",8.10828627346198,-1.37888727907386,0.922323921769662,0.00237545508563362,0.0119598294648241
"ENSG00000261456.6","TUBB8"," protein_coding","chr10",27.3741675356029,1.94385712565138,0.618022850908784,5.92346185287705e-05,0.000558884552484406
"ENSG00000261476.1","AC009163.4"," lncRNA","chr16",1.62263260394187,1.88188789849156,0.974929875416133,0.00166647600311179,0.00895503068297757
"ENSG00000261488.1","TBILA"," lncRNA","chr3",115.729277627878,2.22888302237779,0.545361263237909,1.84402999743892e-06,2.86765449904624e-05
"ENSG00000261616.1","AC036108.3"," lncRNA","chr15",128.933956013393,-2.93334950233407,0.463439309482371,9.625089140221e-12,6.58488206257747e-10
"ENSG00000261634.4","AC026992.2"," lncRNA","chr15",14.5069848967157,1.42123546869598,3.65484766396842,0.00426414592641139,0.0191826090147524
"ENSG00000261654.1","AL360270.2"," lncRNA","chr1",38.9504565017191,1.62707804914181,0.504722305456753,4.5099457439397e-05,0.000444635538151456
"ENSG00000261659.2","Z92544.1"," lncRNA","chr16",110.413932777264,1.03779091802958,0.33678053258222,7.3309924245926e-05,0.0006673249587437
"ENSG00000261707.1","AC092134.1"," lncRNA","chr16",8.36120018217174,-1.42490193272275,0.429925433496925,3.16283368662037e-05,0.000329219660381478
"ENSG00000261716.2","H2BC20P"," transcribed_unprocessed_pseudogene","chr1",473.493720553011,2.87436731596321,0.420574998116382,3.92716244855198e-13,4.16482142834125e-11
"ENSG00000261723.1","AC008870.4"," lncRNA","chr16",3.45783195379271,1.14923994392295,0.801795827517394,0.00326359711521961,0.0154463058799684
"ENSG00000261732.1","AL031708.1"," protein_coding","chr16",10.1764858473192,1.32538616150701,0.580951453020323,0.000674178100779924,0.00425422941801279
"ENSG00000261737.1","CLCA4-AS1"," lncRNA","chr1",77.2836568473541,-1.1245663037806,0.366536221094262,6.49621310263835e-05,0.000604102802143269
"ENSG00000261742.6","LINC00922"," lncRNA","chr16",30.4712418405287,4.43624217434287,0.656230690821469,8.64120632728662e-13,8.19294374905863e-11
"ENSG00000261790.2","AC005606.2"," lncRNA","chr16",18.665250445865,1.51038329263775,0.400918233167282,6.70097731128974e-06,8.74359758295476e-05
"ENSG00000261801.6","LOXL1-AS1"," lncRNA","chr15",501.521639196929,1.45463595709322,0.353798754411884,1.6742746667989e-06,2.6397251423082e-05
"ENSG00000261804.2","AC007342.4"," lncRNA","chr16",49.0852553098091,2.13433126585032,0.695572677824289,7.43172858863313e-05,0.000674558902669091
"ENSG00000261934.2","PCDHGA9"," protein_coding","chr5",129.649719307259,-1.06916640606501,0.339640735145824,5.19622030778976e-05,0.000500622920688023
"ENSG00000261997.1","AC007336.1"," lncRNA","chr16",18.6320211265095,-1.39872134819991,0.532018713100848,0.000240510297582993,0.00180078214441378
"ENSG00000262097.2","LINC02185"," lncRNA","chr16",115.182737804006,-3.09896572572288,0.444765165218085,1.09366306873232e-13,1.334230703886e-11
"ENSG00000262152.7","LINC00514"," protein_coding","chr16",25.9797072373443,3.58218359313929,0.472642806013876,5.84395786256282e-08,1.44100023874685e-06
"ENSG00000262312.2","AC004494.1"," lncRNA","chr16",12.9275260539529,1.46126369775272,0.521409151810162,0.000180628847413965,0.00141688873991022
"ENSG00000262362.1","AC004233.1"," lncRNA","chr16",4.98703348360946,2.26488796843522,0.633795263307233,1.59431149416493e-05,0.000183406272149385
"ENSG00000262406.3","MMP12"," protein_coding","chr11",91.7484134730644,1.71550696699826,0.913750545326831,0.00130714082964128,0.00734183043899132
"ENSG00000262420.3","AC007613.1"," lncRNA","chr16",7.92610915008818,1.13015361367351,0.508044031825125,0.000748489080917822,0.00463534478564141
"ENSG00000262468.6","LINC01569"," lncRNA","chr16",215.555812684919,1.29096990277532,0.353539581538182,1.03650394952921e-05,0.000127790315558388
"ENSG00000262488.1","AC133065.2"," processed_pseudogene","chr16",4.54227488737879,1.66880061013453,0.946108577514125,0.0019720597484964,0.0102585169837536
"ENSG00000262703.1","AC009121.2"," lncRNA","chr16",4.59639681740761,2.24930563479416,0.552786824291374,2.94189763934912e-06,4.30736674359415e-05
"ENSG00000262714.1","AC007342.5"," lncRNA","chr16",66.7107389392501,1.81662070736382,0.689038432606047,0.000255077103101887,0.00189158240262018
"ENSG00000262728.6","AC123768.2"," lncRNA","chr15",6.35523582771429,-1.34296011578879,0.464474770889476,0.000139598606844099,0.00114417077552207
"ENSG00000262801.6","U91319.1"," lncRNA","chr16",9.9249095167812,1.89463915252342,0.818610474715684,0.000598012280171616,0.00384825644918256
"ENSG00000262874.2","C19orf84"," protein_coding","chr19",3.6684136644742,2.00105298858506,0.656507034963111,9.32772451931536e-05,0.000814856375071187
"ENSG00000262902.1","MTCO1P40"," processed_pseudogene","chr17",954.604125309675,4.82654709942383,0.867261811792875,1.18577511764159e-09,4.66662212050965e-08
"ENSG00000262966.2","AC005695.1"," lncRNA","chr17",11.1427109198516,1.15588082078151,0.830871873546927,0.00296921834782455,0.0142737665161127
"ENSG00000262979.1","AC124319.1"," lncRNA","chr17",12.1908747801821,2.40009339374772,0.615504407888616,4.48023921260414e-06,6.22293098594629e-05
"ENSG00000263006.6","ROCK1P1"," transcribed_unprocessed_pseudogene","chr18",95.1326293269784,1.48658959676214,0.608707456107477,0.000417359369950133,0.00284916567734888
"ENSG00000263011.1","AC108134.4"," lncRNA","chr16",21.947155225493,1.67024035008575,0.47097729168525,1.63815243718254e-05,0.000187892099558632
"ENSG00000263105.1","AC009171.2"," lncRNA","chr16",15.2313828968381,1.03107714608321,0.669748659248913,0.00231162427966005,0.0117009840042969
"ENSG00000263280.2","AC003965.1"," lncRNA","chr16",18.6739924036645,1.07177048974426,0.632873429577622,0.00193833631064729,0.0101167527621234
"ENSG00000263325.1","AC003965.2"," lncRNA","chr16",6.29112175423573,2.41621139444187,0.647147686828061,1.14870195979725e-05,0.000139406469840994
"ENSG00000263400.8","TMEM220-AS1"," lncRNA","chr17",39.8236407853691,-2.11117332315832,0.274755617327588,6.15670241183237e-16,1.51277115388199e-13
"ENSG00000263466.1","AC006441.1"," lncRNA","chr17",3.44225478284864,1.14322040920148,0.769579511005606,0.0028684403085911,0.0138888080498268
"ENSG00000263513.5","FAM72C"," protein_coding","chr1",6.75666233187304,2.42315996342509,0.629247216774055,4.635879477242e-06,6.40215054504854e-05
"ENSG00000263528.8","IKBKE"," protein_coding","chr1",735.878239350551,1.15458990187383,0.348122678584987,3.50000010983152e-05,0.000358434117499653
"ENSG00000263639.7","MSMB"," protein_coding","chr10",46.9808654612717,8.29543169894597,0.591049907899312,0.00116676656995469,0.00668138066507288
"ENSG00000263677.2","AC012588.1"," lncRNA","chr18",6.00910400872805,1.69132950744067,0.894785652135468,0.00150944415490352,0.00825744998569124
"ENSG00000263718.2","SEPTIN9-DT"," lncRNA","chr17",4.51462397553171,2.04090229794715,0.639396551955725,6.54900937155831e-05,0.00060820198558169
"ENSG00000263745.7","AP005230.1"," lncRNA","chr18",1.93459589474216,3.18632839503583,0.703685533168001,0.00235854011169029,0.011895319895488
"ENSG00000264017.2","RN7SL336P"," misc_RNA","chr6",5.11561875211218,-1.44649929785768,0.625467579037405,0.000595144729709718,0.00383320315062967
"ENSG00000264047.2","RN7SL455P"," misc_RNA","chr2",2.65200874058492,1.20842973962945,0.914475015052591,0.00366421086925646,0.0169762291115691
"ENSG00000264175.1","MIR3189"," miRNA","chr19",3.8318675277881,2.45468189338138,1.23803269195601,0.00132134787307396,0.00740612829548971
"ENSG00000264188.1","AC106037.2"," lncRNA","chr18",10.0653337293063,2.46491506199706,0.72941133478863,2.7662605090295e-05,0.000294710215024574
"ENSG00000264345.2","LINC01894"," lncRNA","chr18",21.021221511325,-2.52348515736786,0.377498715362015,1.00243995236359e-12,9.22853097042689e-11
"ENSG00000264425.1","MIR4653"," miRNA","chr7",5.62247466892553,2.14071197609949,0.612631160985011,2.50315647049802e-05,0.000270227823057384
"ENSG00000264491.1","AC005544.1"," lncRNA","chr17",8.20737778273707,1.32437942894311,1.04897392267066,0.00330511479283118,0.0156025923740594
"ENSG00000264570.1","SNX19P3"," processed_pseudogene","chr18",5.96466455407601,2.40395989642932,1.24603516925419,0.00111203870730245,0.00641855128808761
"ENSG00000264589.4","MAPT-AS1"," lncRNA","chr17",57.846955992422,1.85011657774425,0.680436370058418,0.000206355559360241,0.00158449643962107
"ENSG00000264647.1","AC104564.4"," lncRNA","chr17",2.31291516843579,1.81360680445219,1.13008527679187,0.00253407491822403,0.0125770139362382
"ENSG00000264714.1","KIAA0895LP1"," transcribed_processed_pseudogene","chr18",13.0648183409998,2.95513540797946,0.673964472309445,6.26243493671706e-07,1.12688301896336e-05
"ENSG00000264843.1","AP001180.4"," lncRNA","chr18",3.36437652136243,1.8221370528698,1.42937050940623,0.00337837524924035,0.0158604535550653
"ENSG00000264964.2","AP001033.1"," lncRNA","chr18",19.3073142802172,1.87008318002438,0.5460576925732,2.33859707874453e-05,0.000254828203230717
"ENSG00000265112.1","MIR3153"," miRNA","chr9",3.69292916005179,5.34009546531356,1.58258575456175,3.71050348306744e-06,5.27559808588859e-05
"ENSG00000265206.5","AC004687.1"," lncRNA","chr17",48.6932233854552,2.15851475935596,0.760181686439483,0.000137466594549985,0.0011282867443998
"ENSG00000265296.1","FEM1AP2"," processed_pseudogene","chr18",9.69294287543413,1.46594101678529,1.61258918627395,0.00397699007372665,0.0181458298237736
"ENSG00000265321.1","MIR4263"," miRNA","chr2",10.7709058790868,1.09918600689296,0.512862500386255,0.000873986639007607,0.00527947850097202
"ENSG00000265369.3","PCAT18"," lncRNA","chr18",64.1722856276035,2.06250249398219,1.02062933932441,0.000987817270215536,0.00583574879361501
"ENSG00000265474.1","AC010761.4"," lncRNA","chr17",10.5816750811062,1.43398316589307,0.392991051995915,1.26506615556128e-05,0.000151007263885352
"ENSG00000265480.5","KRT18P55"," transcribed_unprocessed_pseudogene","chr17",4.046017529956,2.47299708305412,0.695919974444076,2.6783766877805e-05,0.000286921959368314
"ENSG00000265554.2","AP005271.1"," lncRNA","chr18",3.97982400872054,-4.04355052652036,1.22688647380816,1.18967539837668e-05,0.000143530305410652
"ENSG00000265656.1","AC106037.3"," lncRNA","chr18",4.85017924646724,1.62423795570021,1.05895167409715,0.00241561963205933,0.0121062028989058
"ENSG00000265688.2","MAFG-DT"," lncRNA","chr17",246.592917706968,1.01245797944414,0.392853049192263,0.000309326129166552,0.00221661490506268
"ENSG00000265702.2","AC005821.1"," lncRNA","chr17",4.63558636661432,2.00855829856603,0.777415542277183,0.000333055236435481,0.00235616996238247
"ENSG00000265728.1","AP001099.1"," lncRNA","chr18",2.02615594225059,3.40675615289523,0.907168614600145,0.00727770725601941,0.0294509955775659
"ENSG00000265750.1","AC090772.3"," lncRNA","chr18",19.4558497152897,1.06095814196815,0.508496233503032,0.000976322306813339,0.00577958289905399
"ENSG00000265766.3","CXADRP3"," transcribed_processed_pseudogene","chr18",23.7275272408873,8.07207396850879,1.65664043936425,0.00197226023693844,0.0102585169837536
"ENSG00000265972.6","TXNIP"," protein_coding","chr1",93197.5256135381,-2.20961597354879,0.363730691887554,4.76287096056467e-11,2.63779889976288e-09
"ENSG00000266017.1","MIR4477B"," miRNA","chr9",37.9806120737166,1.81205505480511,0.756952731949886,0.000460815825646019,0.00309615347055945
"ENSG00000266088.6","AC004585.1"," lncRNA","chr17",27.3569900866787,2.44301226387451,0.475508845638971,1.23346796423137e-08,3.66271750978696e-07
"ENSG00000266200.6","PNLIPRP2"," polymorphic_pseudogene","chr10",12.3511306739764,3.07803233768589,0.91586621247277,2.81106952694179e-05,0.000298572380105101
"ENSG00000266242.1","GRAMD4P7"," processed_pseudogene","chr18",25.3543947678337,3.24492005177318,1.9633934045088,0.00143470765776767,0.00791144704567487
"ENSG00000266265.4","KLF14"," protein_coding","chr7",44.772973525147,-2.84151179982658,0.700491854100027,1.48007284236758e-06,2.37103863834009e-05
"ENSG00000266445.1","NARF-AS1"," lncRNA","chr17",3.29319075937649,1.07543049057328,0.645345462262531,0.0022330448708244,0.0113741851953188
"ENSG00000266573.6","AC018697.1"," lncRNA","chr18",15.9573410240806,-3.99867549376992,0.538713263364078,8.43431738210899e-15,1.44119375954283e-12
"ENSG00000266601.1","AC018521.6"," lncRNA","chr17",35.2275186053868,-1.51949491482764,0.229765948724501,1.94878841973322e-12,1.65036836778912e-10
"ENSG00000266830.1","AC061975.6"," lncRNA","chr17",1.58355916739569,2.51513401151037,1.16063270672208,0.000633041163540797,0.00403866140740573
"ENSG00000266835.6","GAPLINC"," lncRNA","chr18",33.4126890033987,1.14347030989483,0.420084810751034,0.000200876075378606,0.00155026922053416
"ENSG00000266922.1","AC008543.3"," lncRNA","chr19",3.27973057348647,2.05604383151599,0.765949865881095,0.000326072840734519,0.00231572781554364
"ENSG00000266970.1","AC061992.2"," lncRNA","chr17",37.4252262971127,1.71472693669281,0.610920066850815,0.000163121669836098,0.00130418840106583
"ENSG00000266995.1","AP001542.1"," processed_pseudogene","chr18",7.29446738951683,4.99744789980849,0.847465518966063,2.62386870346833e-11,1.56762676254647e-09
"ENSG00000267013.6","LINC01929"," lncRNA","chr18",25.8482211579552,2.23921102530189,0.504282667474867,3.16498801032174e-07,6.31387059280364e-06
"ENSG00000267069.1","AP005264.1"," lncRNA","chr18",25.1910410675145,-4.17797737090764,0.497560277444275,1.83286272788896e-18,8.88200186649633e-16
"ENSG00000267107.8","PCAT19"," lncRNA","chr19",575.693986963095,-1.69471495372786,0.366537343709508,1.36702352938022e-07,3.04188890074014e-06
"ENSG00000267112.1","AC098848.1"," lncRNA","chr18",3.09390616211034,1.53220833809557,1.12516358834167,0.00353830250495672,0.0164958461652118
"ENSG00000267121.6","AC008105.3"," lncRNA","chr17",103.063917625578,1.01090660491583,0.44146571189521,0.000605159933141777,0.00388565241576182
"ENSG00000267122.1","AC004490.1"," lncRNA","chr19",11.761737669445,-4.00439644679351,0.739173894214971,2.28650164654656e-09,8.25008572385275e-08
"ENSG00000267123.7","SCAT1"," lncRNA","chr17",3.7776879218127,2.512657345172,0.817775439420767,9.22568708507147e-05,0.000807357532192698
"ENSG00000267128.2","RNF157-AS1"," lncRNA","chr17",24.8984580247094,1.02415040905488,0.572304841636179,0.00166063910144869,0.00892641486498942
"ENSG00000267131.1","AC005746.2"," lncRNA","chr17",4.9314039601917,-1.42114291886818,0.51586475724409,0.000211981117022028,0.00162126987155098
"ENSG00000267201.1","LINC01775"," lncRNA","chr19",3.40883148640962,1.36036025488277,0.850010132601382,0.00232934017365798,0.0117769900013187
"ENSG00000267272.5","LINC01140"," lncRNA","chr1",171.074327998865,-2.44680275182085,0.447257958281384,1.61651342692774e-09,6.09748864637143e-08
"ENSG00000267280.5","TBX2-AS1"," lncRNA","chr17",53.571416003707,-1.05788481449993,0.558248452887506,0.00117981481400649,0.00673399618444308
"ENSG00000267304.1","AC004637.1"," lncRNA","chr19",6.99823489680179,-2.66730661405125,0.505909936985561,8.05851930095166e-09,2.52396586112661e-07
"ENSG00000267311.1","AC007673.1"," lncRNA","chr18",4.03539500161442,2.13099274636508,0.850440872921501,0.000477342570945669,0.00319360231909144
"ENSG00000267348.3","GEMIN7-AS1"," lncRNA","chr19",33.9568924361033,1.23047032726368,0.291297699007217,1.04332587655074e-06,1.7492879941726e-05
"ENSG00000267364.2","AC022706.1"," lncRNA","chr17",65.7332391266337,-1.04524368921592,0.363700370758042,0.000116360452778959,0.000984226074645006
"ENSG00000267365.1","KCNJ2-AS1"," lncRNA","chr17",42.8643361965595,-2.20592568047285,0.360118714113918,3.5884898398667e-11,2.06610559410543e-09
"ENSG00000267366.1","AP005131.2"," lncRNA","chr18",9.89574310519531,1.73960889886306,0.628435792461233,0.00019149668620259,0.00148958160714596
"ENSG00000267383.7","AC011447.3"," lncRNA","chr19",59.5876252290177,1.38135855922741,0.372404883677866,8.25587693340114e-06,0.000104900146425091
"ENSG00000267394.1","AC004596.1"," lncRNA","chr17",13.3583883817215,1.4208951234467,0.516394213994337,0.000188606986455791,0.00147100013903986
"ENSG00000267409.1","AC068473.4"," lncRNA","chr18",3.34785938609884,2.66692238864653,0.76768421039928,3.16452300841499e-05,0.000329297263008075
"ENSG00000267440.2","LINC02594"," lncRNA","chr17",4.75239474210105,-1.59065470226397,0.867672745012144,0.0013422934982337,0.00749823286053026
"ENSG00000267452.3","LINC02073"," lncRNA","chr17",7.12351087162667,1.50275979645983,0.512182461016088,0.00012466140836393,0.00104156158985294
"ENSG00000267474.1","AC008569.2"," lncRNA","chr19",5.63259670436825,1.13493032643218,0.574612755162452,0.00132160870042847,0.00740629330835174
"ENSG00000267503.1","AP005131.3"," lncRNA","chr18",8.4166090689842,1.69868597146514,0.747429985644081,0.000697147458359348,0.00437170596146945
"ENSG00000267519.6","AC020916.1"," lncRNA","chr19",1550.1368655782,-1.11928603987489,0.57057295368459,0.00103108059419342,0.00604730761674274
"ENSG00000267571.1","AC104532.2"," lncRNA","chr19",42.3479114781517,1.00420083576383,0.316829159756055,5.56321379790442e-05,0.000530054867893728
"ENSG00000267573.1","KRT8P5"," processed_pseudogene","chr18",10.3445643826493,1.39582427652737,0.635638565474557,0.000802348380052869,0.00490963474718076
"ENSG00000267603.1","LINC01028"," lncRNA","chr17",26.1664973791832,-4.66795681432348,1.05511223360034,3.18024193516116e-07,6.34067550626902e-06
"ENSG00000267644.1","AC061975.7"," lncRNA","chr17",4.47846689129801,1.89291778682846,0.660933020664476,0.000173996552177237,0.00137288867074083
"ENSG00000267682.1","AC016590.2"," lncRNA","chr19",8.89792972439501,1.14057628021953,0.494985277382051,0.000651700580034198,0.0041342699887224
"ENSG00000267750.6","RUNDC3A-AS1"," lncRNA","chr17",45.3812631419677,2.49283950655524,0.753453077062619,3.42069475082853e-05,0.000351654273869057
"ENSG00000267751.5","AC009005.1"," lncRNA","chr19",36.0164619810145,2.4735784450608,0.42838249112617,3.67934827255385e-10,1.65433170847521e-08
"ENSG00000267795.6","SMIM22"," protein_coding","chr16",531.11709167847,2.32227052893312,0.658873408051603,1.58637931205672e-05,0.00018267445734974
"ENSG00000267909.3","CCDC177"," protein_coding","chr14",21.7660223296028,1.0583975244474,1.20919844315281,0.00410146761583047,0.0186091425986919
"ENSG00000267943.1","AC010328.1"," lncRNA","chr19",7.43144557481719,2.3133897976669,0.968831583664865,0.00050807748270505,0.00335744913807991
"ENSG00000268034.1","AC243960.2"," processed_pseudogene","chr19",4.94971040977609,1.39643159009256,0.528858097635346,0.000288847622576955,0.00209656384425474
"ENSG00000268088.1","AC093063.1"," transcribed_unprocessed_pseudogene","chr19",2.50127974141572,6.49365899653551,2.80120247374131,0.000178148222643995,0.00140096535387616
"ENSG00000268100.1","ZNF725P"," unprocessed_pseudogene","chr19",15.8090967781432,3.23306387316109,1.35134433913121,0.000437405372832065,0.0029685879913409
"ENSG00000268119.6","AC010615.2"," lncRNA","chr19",158.048643945912,1.00770107551075,0.459633844226674,0.000758021298279898,0.00468191204076543
"ENSG00000268204.1","AC008763.1"," lncRNA","chr19",70.7674809611407,1.5767574181336,0.525862086600456,9.4647817683534e-05,0.000825589251699046
"ENSG00000268403.2","AC132192.2"," lncRNA","chr11",27.4554295129584,1.80874905343914,0.279725464219698,4.87027111960921e-12,3.66225494901476e-10
"ENSG00000268438.1","BNIP3P27"," processed_pseudogene","chr19",5.13088922693662,2.40587145612379,0.619392781760167,5.67562105393415e-06,7.58728330240677e-05
"ENSG00000268510.1","IFNL3P1"," unprocessed_pseudogene","chr19",2.5467192276805,2.38608934075973,1.01621348840518,0.000670887192630236,0.00423596182375345
"ENSG00000268529.1","CYP2T3P"," unprocessed_pseudogene","chr19",11.3842652418576,2.65672345177274,1.0589881853967,0.000327709886368239,0.00232637347818398
"ENSG00000268535.1","MTDHP4"," processed_pseudogene","chr19",2.12746996523062,2.99838689812524,1.31331040216777,0.00058591147764533,0.00378715030872975
"ENSG00000268658.5","LINC00664"," lncRNA","chr19",22.1995790261191,1.46967897902323,0.578258820163195,0.000344712027063844,0.00242584657851645
"ENSG00000268864.4","AC011487.2"," transcribed_unprocessed_pseudogene","chr19",23.1203242078412,2.51252155891666,1.19197314218081,0.000768466846840925,0.00473302325739218
"ENSG00000268866.1","AC020915.3"," processed_pseudogene","chr19",1.53860969250467,2.75052589789992,1.03798403380906,0.000212256088398331,0.00162301713353193
"ENSG00000268941.2","LINC01711"," lncRNA","chr20",29.5947781898758,1.34056679187865,0.594638240458393,0.000677963714285398,0.00426932834471814
"ENSG00000268947.1","AC002128.1"," lncRNA","chr19",27.7246896053901,1.66232119205229,0.395491644503806,1.12938985366503e-06,1.8693330827432e-05
"ENSG00000269067.2","ZNF728"," protein_coding","chr19",19.9516598827452,-1.45210307209104,0.461046126852017,5.22694270517288e-05,0.000502544111122036
"ENSG00000269086.3","AC008555.2"," lncRNA","chr19",25.2380897041593,1.17235525483595,0.271064479019142,6.41254480947469e-07,1.15033470924104e-05
"ENSG00000269190.6","FBXO17"," protein_coding","chr19",562.547248830257,-1.39107909002194,0.407478455424455,2.00903540668152e-05,0.000223952889375479
"ENSG00000269243.1","AC008894.2"," lncRNA","chr19",8.77137379106303,1.00442119489088,0.686877572983528,0.00265012978310023,0.0130325127924102
"ENSG00000269353.1","AC092071.1"," lncRNA","chr19",91.9477436689238,7.13921266506263,1.14155119878869,2.02475932599768e-11,1.25036951581213e-09
"ENSG00000269416.6","LINC01224"," lncRNA","chr19",48.4532761480748,4.58102134274486,0.742474327690442,4.28341226637649e-11,2.40277391296049e-09
"ENSG00000269420.5","PLA2G4C-AS1"," lncRNA","chr19",1.68256396818447,3.2511974442861,1.26463267925799,0.000182641846248143,0.00143074913727974
"ENSG00000269473.1","AC012313.8"," lncRNA","chr19",31.730921390282,1.37564072537091,0.38550237303592,1.3956443745099e-05,0.000163902483578004
"ENSG00000269489.1","AL589765.6"," lncRNA","chr1",5.51110462915102,1.28184153167247,0.81852820142302,0.00258859924598362,0.0127887961246031
"ENSG00000269516.6","CYP4F23P"," transcribed_unprocessed_pseudogene","chr19",237.957019261294,1.96901803008803,0.676582636741576,0.00011863273492012,0.00100005188550324
"ENSG00000269553.1","U62631.1"," lncRNA","chr19",4.52648139964796,1.4605533524146,1.02970760281287,0.00306370090463292,0.0146552767018847
"ENSG00000269646.1","AC010487.1"," lncRNA","chr19",8.46188398767577,1.00983222262224,0.523247884143268,0.00131184447118912,0.00736350795435323
"ENSG00000269720.2","CCDC194"," protein_coding","chr19",14.4222310964805,2.22041242750797,0.750744753159034,0.000100224347833447,0.00086621940060857
"ENSG00000269737.2","AL691432.1"," transcribed_processed_pseudogene","chr1",88.816943693901,1.480008963931,0.476027733418497,6.62254680581263e-05,0.000613073177504931
"ENSG00000269794.1","AC010642.1"," processed_pseudogene","chr19",2.82682586153431,1.30116417471981,0.723661283983372,0.00196380489140994,0.0102221567158264
"ENSG00000269858.6","EGLN2"," protein_coding","chr19",484.522014810118,1.5201389168152,0.385257579241407,3.14136518843361e-06,4.54982867536892e-05
"ENSG00000269867.1","AC010326.3"," lncRNA","chr19",181.337815056499,1.4880066871806,0.318655699596314,1.26533512498693e-07,2.84463968079375e-06
"ENSG00000269887.1","AL391001.1"," lncRNA","chr1",119.68439728423,1.51184798888608,0.517994863143539,0.000115089458537876,0.000974656868408987
"ENSG00000269915.1","AP006621.4"," lncRNA","chr11",5.18742289859432,1.60894551012402,0.562104808187977,0.000171987025166735,0.00135949236408984
"ENSG00000269934.3","AL353593.1"," lncRNA","chr1",133.914610494907,1.30308214562119,0.308739012712917,1.04231666834945e-06,1.74843609977792e-05
"ENSG00000269959.1","SPACA6P-AS"," lncRNA","chr19",7.83581602949878,1.23264699553884,0.713441308081294,0.0019240254000884,0.0100540916930484
"ENSG00000269967.1","AL136115.2"," lncRNA","chr1",7.10266204230791,1.71616419251862,0.739990010280084,0.000582998291373962,0.00377391342937457
"ENSG00000269970.1","AL162424.1"," lncRNA","chr9",5.96546420734364,1.2242473256395,0.998813077380281,0.00341161816363029,0.0159842580028501
"ENSG00000270120.1","AC007728.3"," lncRNA","chr16",5.13078437143207,1.75218186434301,0.949506561265877,0.00157707570690543,0.00855233890109376
"ENSG00000270195.2","AC016773.1"," lncRNA","chr4",9.58256177841042,1.16080366911193,0.403841556747273,0.000139810437393389,0.00114563785136044
"ENSG00000270248.1","AC011468.4"," processed_pseudogene","chr19",7.06431039013,1.21307796185188,0.401469408841292,9.80522963030697e-05,0.000849551196997865
"ENSG00000270362.1","HMGN3-AS1"," lncRNA","chr6",104.083042442205,-1.34027395130372,0.2787088992757,5.80347909217402e-08,1.43203103963963e-06
"ENSG00000270426.1","AC099343.2"," lncRNA","chr4",13.7348774929701,1.11528955763867,0.359598722619317,6.67864701799741e-05,0.000617447464507016
"ENSG00000270557.1","AC013731.1"," lncRNA","chr2",12.7340952646928,1.10807527390197,0.48285036420979,0.000652176982461703,0.00413654010090371
"ENSG00000270605.1","AL353622.1"," lncRNA","chr1",79.2770566613411,1.96152555064108,0.49409506071891,2.90240883760983e-06,4.26391354749662e-05
"ENSG00000270804.1","AC010326.4"," transcribed_processed_pseudogene","chr19",68.4431224072137,1.3576860665138,0.391914064905408,2.03720325768766e-05,0.000226513890579924
"ENSG00000270882.2","H4C14"," protein_coding","chr1",25.9854198957639,4.01544703736729,0.686810238238552,1.98998398484377e-10,9.59012862088177e-09
"ENSG00000270885.2","RASL10B"," protein_coding","chr17",339.164494103846,-4.51147414877902,0.498592671209687,1.40718678709366e-07,3.12130668712554e-06
"ENSG00000270903.1","HNRNPA3P9"," processed_pseudogene","chr11",8.63322740933655,1.30867768240131,0.542220409703458,0.00050803077904836,0.00335744913807991
"ENSG00000270919.1","AC108451.2"," lncRNA","chr15",1.63183891502328,3.38806739276646,1.17502606996762,6.09099049566413e-05,0.000572215264900962
"ENSG00000270930.1","GRAMD4P8"," processed_pseudogene","chr2",27.1704664290053,2.86675018237786,0.879699636386553,4.21126302612759e-05,0.000419934776349293
"ENSG00000270933.1","AC010719.1"," lncRNA","chr7",33.2415040711677,1.60745194747872,0.570899946112777,0.000161605367126234,0.00129384416346981
"ENSG00000270977.2","AC015849.5"," transcribed_processed_pseudogene","chr17",18.4014815893378,3.46093034314861,0.533826481694076,7.57616969415062e-12,5.35265892831763e-10
"ENSG00000271013.1","LRRC37A9P"," processed_pseudogene","chr17",11.2084747637983,2.30325905024692,0.699985286607603,3.89344002935592e-05,0.000393550057373477
"ENSG00000271119.1","AC026412.3"," lncRNA","chr5",19.0220113314926,1.46926720261404,0.316239375455133,1.52558148076813e-07,3.3540682700366e-06
"ENSG00000271366.1","AC002128.2"," lncRNA","chr19",7.60989932325313,1.1954317153455,0.472673957958982,0.000383229011142116,0.00265144624782066
"ENSG00000271524.1","BNIP3P17"," processed_pseudogene","chr19",8.22246284303653,1.47373657557102,0.368159202095034,3.02338110202702e-06,4.40270409143677e-05
"ENSG00000271555.1","AC113139.1"," lncRNA","chr8",2.98118511119722,1.0849854973526,0.646770111609005,0.00242434531539762,0.0121412132050436
"ENSG00000271601.4","LIX1L"," protein_coding","chr1",1788.36921321928,-1.20282986063127,0.29741102320355,1.86508935451601e-06,2.89478793008978e-05
"ENSG00000271614.1","ATP2B1-AS1"," lncRNA","chr12",105.464625488086,-1.21652999925708,0.301941174275039,1.99309450648768e-06,3.07840019592128e-05
"ENSG00000271826.5","PLS3-AS1"," lncRNA","chrX",5.95518391780237,-4.35480490680621,0.744040675993419,3.61437874872499e-10,1.63142676483523e-08
"ENSG00000271856.1","LINC01215"," lncRNA","chr3",21.7757776132127,1.63843065115713,0.737471341031706,0.000713729016820214,0.00445036810970307
"ENSG00000271936.1","AC012073.1"," lncRNA","chr2",25.6170678957206,1.03542209495114,0.310612529547942,3.35653708369139e-05,0.000345873997008494
"ENSG00000271969.1","U47924.1"," lncRNA","chr12",2.43424690491553,1.34847267226558,0.972425918742857,0.00386236861512421,0.0176978493665939
"ENSG00000272079.2","AC004233.2"," lncRNA","chr16",89.9409437902713,1.26005929880759,0.449284106318711,0.000158271568418502,0.00127211547885048
"ENSG00000272097.2","AL024498.1"," lncRNA","chr6",21.1212070481355,1.03431561998253,0.364408274304823,0.000159403095440991,0.00127973617188946
"ENSG00000272141.1","AL390719.2"," lncRNA","chr1",79.9333519856327,1.6505898563206,0.539534486150693,7.76688613004102e-05,0.000700017793561802
"ENSG00000272143.1","FGF14-AS2"," lncRNA","chr13",209.27011096012,-2.53451597544258,0.393642688663754,4.62966645533637e-12,3.49640026608531e-10
"ENSG00000272183.1","AC005041.3"," lncRNA","chr2",22.6152957253642,1.96544287703796,0.258942193174294,1.54622116802777e-15,3.39257611337761e-13
"ENSG00000272196.2","H2AC19"," protein_coding","chr1",9.19069270362223,4.0552172026254,0.859521101963373,1.31679307716313e-07,2.94892344385744e-06
"ENSG00000272202.1","AC097358.2"," lncRNA","chr3",2.68133591890105,2.54420201460662,0.970087029141053,0.000364040913201117,0.002535279741018
"ENSG00000272205.1","AL451050.2"," lncRNA","chr1",10.69661431532,2.24496752025757,0.580177560902135,4.38307567836631e-06,6.10011541658871e-05
"ENSG00000272209.1","AL023583.1"," lncRNA","chr6",11.2157901718261,-1.35524296286742,0.468704964276692,0.000121789148700092,0.00102172281493025
"ENSG00000272335.1","AC093297.2"," lncRNA","chr5",1074.31538804486,1.54053720524299,0.485760245615728,5.49522914921935e-05,0.000524293246500991
"ENSG00000272411.1","AC116312.1"," lncRNA","chr5",5.15217944895803,-3.98340414582211,1.08783556936071,1.20793338663131e-05,0.00014512071756551
"ENSG00000272449.2","AL139246.5"," lncRNA","chr1",51.6512198193533,1.33030941741088,0.400002851060246,3.11434392880077e-05,0.000325337047963436
"ENSG00000272455.1","MRPL20-DT"," lncRNA","chr1",110.640752157641,1.10408420867629,0.36937629592637,9.73498389090125e-05,0.000845143873942363
"ENSG00000272482.1","AC254633.1"," lncRNA","chr1",57.4892367220341,-2.02358628618176,0.664265826462092,6.28261704189232e-05,0.000587370823174344
"ENSG00000272505.1","AC104964.3"," lncRNA","chr8",55.1214644894162,-1.76954398320981,0.354049948519331,2.41203667344328e-08,6.56974016964166e-07
"ENSG00000272516.1","AL158211.4"," lncRNA","chr10",4.86893963091097,2.71889915345337,1.13507944894217,0.000519432332869806,0.00341953085399253
"ENSG00000272551.1","AC017048.3"," lncRNA","chr2",18.3683037660256,1.17634159579086,0.597127532034497,0.00110184671791045,0.00636920706338858
"ENSG00000272636.4","DOC2B"," protein_coding","chr17",1378.98230278306,-1.45754838100546,0.410723249762091,1.25248627458004e-05,0.000149813159432199
"ENSG00000272666.1","KLHDC7B-DT"," lncRNA","chr22",11.1793468415603,1.72779837653403,0.725618914321852,0.000508017074199538,0.00335744913807991
"ENSG00000272690.6","LINC02018"," lncRNA","chr3",29.7492517233566,-1.42969362358724,0.291475976659192,3.89808807283721e-08,1.01271921779124e-06
"ENSG00000272691.1","AC092807.2"," lncRNA","chr1",4.86368331630858,-1.45690449529677,0.487677617131866,0.000106329514312394,0.000912206315189018
"ENSG00000272701.3","MESTIT1"," lncRNA","chr7",37.2249963067483,-2.51201965711593,0.452798362504109,9.57555206704398e-10,3.88037848050211e-08
"ENSG00000272744.1","AC107214.2"," lncRNA","chr4",11.742590086464,1.21062201843999,0.377373964592615,4.82287763242719e-05,0.000470173298331984
"ENSG00000272777.1","AC019131.2"," lncRNA","chr4",62.3143072795657,-1.7190470529693,0.25664080123071,8.37375181806992e-13,7.98274794219338e-11
"ENSG00000272841.1","MAP3K4-AS1"," lncRNA","chr6",210.667994116585,1.40564170978621,0.302555818117075,1.39649749003785e-07,3.10154003341251e-06
"ENSG00000272848.2","AL135910.1"," lncRNA","chr6",126.850222862516,-1.16076859158894,0.428946506058124,0.000189040349837763,0.00147392331758422
"ENSG00000272906.1","AL353708.3"," lncRNA","chr1",7.0589639279692,1.09516457726942,0.646761115831788,0.00199525258656593,0.0103595770830166
"ENSG00000272913.1","AC009237.14"," lncRNA","chr2",148.803319231702,1.12280773745767,0.173438912455355,4.51123670553543e-12,3.42177304114862e-10
"ENSG00000272914.1","AL359532.1"," lncRNA","chr10",34.0343319724785,-1.93576961402368,0.423557346959579,1.66852862951152e-07,3.62946586111511e-06
"ENSG00000272948.2","AP001412.1"," lncRNA","chr21",2.55056930179034,1.48687643547151,0.875228525008821,0.00231416109764437,0.0117087289527131
"ENSG00000272953.1","AC092171.4"," lncRNA","chr7",12.0875458840519,1.71129464558467,0.417036238589815,1.80299422415778e-06,2.8121712773844e-05
"ENSG00000272954.1","AP000553.2"," lncRNA","chr22",4.2645124829297,2.50099017642517,0.693112794673817,1.97040729602745e-05,0.000220209740441044
"ENSG00000272989.1","LINC02012"," lncRNA","chr3",20.857403809948,1.33633326896854,0.350867419777264,5.70819743761769e-06,7.62207105992801e-05
"ENSG00000273002.1","AL355388.1"," lncRNA","chr1",34.2111877416141,1.8128979812819,0.383190365592442,8.72662060624935e-08,2.06008470617487e-06
"ENSG00000273045.7","C2orf15"," protein_coding","chr2",212.349360862882,1.06472475004301,0.442586301835704,0.000470188778186407,0.00315003008058793
"ENSG00000273062.1","AL449106.1"," lncRNA","chr1",24.0763154568495,1.52451321272678,0.405113139245,7.1607266513673e-06,9.25694381596356e-05
"ENSG00000273091.1","AP000255.1"," lncRNA","chr21",13.2432291264348,-1.41880021593859,0.318193004081179,3.3783701944693e-07,6.65958838730104e-06
"ENSG00000273162.1","AL133215.2"," lncRNA","chr10",20.4130025583829,1.68760791317629,0.464065280244881,1.18143144268699e-05,0.000142722680705815
"ENSG00000273267.1","AC097381.3"," lncRNA","chr4",2.27862820843235,2.60630908049739,1.39096998148419,0.00171097674673964,0.00915047358529933
"ENSG00000273272.2","U62317.3"," lncRNA","chr22",2.64571410060098,1.73484290099852,0.741229185361761,0.000755423740077465,0.00466926390279975
"ENSG00000273301.1","AC016717.2"," lncRNA","chr2",20.6652263491211,6.44894303753934,1.02608470678106,0.0104678137234848,0.0394334364744233
"ENSG00000273305.1","AC009237.15"," lncRNA","chr2",38.3485979161385,1.04131525682965,0.29155806055689,1.37548706243941e-05,0.000161916731091679
"ENSG00000273415.3","LINC02725"," lncRNA","chr11",2.83531066778017,3.87893719361643,1.36123264748396,0.00500797081793694,0.0218225440000797
"ENSG00000273443.1","AL645608.8"," lncRNA","chr1",4.82517365428896,1.84916804638143,0.855823053643268,0.000838639954233428,0.00509656278916346
"ENSG00000273445.1","AC133644.1"," lncRNA","chr2",7.35355787095463,1.71252321564885,0.654676195892943,0.000303227534569346,0.00218322573434978
"ENSG00000273449.1","AC093788.1"," lncRNA","chr4",34.7067277573094,1.62077909671366,0.578288304809781,0.000166249014014157,0.00132463903812924
"ENSG00000273473.1","BX649601.1"," lncRNA","chr9",11.0066320478911,1.07797236784363,0.577109806313689,0.00147760537139139,0.00811253013583274
"ENSG00000273542.2","H4C12"," protein_coding","chr6",17.3456463948665,3.52195784850945,0.667242602817677,8.61604448820245e-09,2.67934410194181e-07
"ENSG00000273551.1","AC120498.8"," lncRNA","chr16",2.01590907315938,3.07427214261277,1.15695597575708,0.000201882934419533,0.00155573285104501
"ENSG00000273669.1","AC015819.1"," lncRNA","chr18",24.846176315966,1.6299115198731,0.432092219526055,6.79372820234e-06,8.84807654751194e-05
"ENSG00000273802.2","H2BC8"," protein_coding","chr6",474.329757593794,3.83867374417019,0.643852512816854,1.30886597634473e-10,6.65709078435042e-09
"ENSG00000273812.3","BX640514.2"," lncRNA","chr20",58.7640032672406,2.07713460235888,0.417712053169522,3.2166410581731e-08,8.48954789415412e-07
"ENSG00000273821.1","AL096828.3"," lncRNA","chr20",11.505453592713,2.02468451061088,0.56367517285048,1.40477929112842e-05,0.00016475345965298
"ENSG00000273920.1","AC103858.2"," lncRNA","chr15",7.28761233884125,2.20726368618877,0.851753348551269,0.000321121174728727,0.00229049185712571
"ENSG00000273983.1","H3C8"," protein_coding","chr6",52.9094493447893,3.66274894923586,0.677140707433702,2.81144152251223e-09,9.85869408663059e-08
"ENSG00000274021.1","AC024909.1"," lncRNA","chr12",131.406035416638,-2.71776389486462,0.59529522565947,1.60584910023477e-07,3.51063163886538e-06
"ENSG00000274031.1","AC092140.2"," lncRNA","chr16",8.87849240393934,-1.54410766777356,0.725557138954707,0.000777510899374059,0.00478054532257514
"ENSG00000274038.1","AC007014.2"," lncRNA","chr16",2.81879649715799,1.48588959449666,0.944823534157467,0.00242206959238701,0.0121315575865597
"ENSG00000274184.1","AC011815.2"," lncRNA","chr18",10.7451141168616,1.45504318812944,0.517742392891271,0.000177915962833964,0.00140001485323407
"ENSG00000274270.1","AL137060.3"," lncRNA","chr13",10.2939551187717,1.25793821729688,0.560733898677869,0.000623239751662313,0.00398341421052387
"ENSG00000274286.2","ADRA2B"," protein_coding","chr2",119.104626627654,-1.77921270749933,0.523512359976653,2.03972154887275e-05,0.00022664944127936
"ENSG00000274290.3","H2BC6"," protein_coding","chr6",97.607973668692,4.32923342851606,0.633104291037905,4.24865894634081e-13,4.43442592598601e-11
"ENSG00000274312.1","AC015722.2"," lncRNA","chr15",10.0198484915241,-2.47396981071721,0.560659842602614,3.18653438148306e-07,6.3495928671802e-06
"ENSG00000274340.1","AC032011.1"," lncRNA","chr15",21.1436523356866,-1.5464151421863,0.650432137624599,0.000432659215837976,0.00294095318523336
"ENSG00000274356.1","AL355987.5"," unprocessed_pseudogene","chr9",3.05211342400547,1.11404218769479,0.748365073499558,0.00308447780886149,0.0147344626545709
"ENSG00000274372.5","LINC02804"," lncRNA","chr1",13.9434377292571,1.77311833652408,0.502243303191047,1.82274509116314e-05,0.000206083600051112
"ENSG00000274425.1","AC114271.1"," lncRNA","chr19",6.33488159204765,1.37968029383192,0.509233654144494,0.000233819582686405,0.00176164954858807
"ENSG00000274460.1","AC092119.2"," lncRNA","chr16",37.0437323969274,1.90802558538336,0.444941226132062,8.27107770734897e-07,1.43006031856845e-05
"ENSG00000274641.2","H2BC17"," protein_coding","chr6",20.9401686502413,5.12434073914389,0.987223793380445,1.12829161347824e-08,3.39665424381961e-07
"ENSG00000274750.2","H3C6"," protein_coding","chr6",299.638015517262,1.65361242220233,0.385204890380523,7.46125977201158e-07,1.30622586405046e-05
"ENSG00000274751.1","AC120498.9"," lncRNA","chr16",11.6058111349097,1.31497397711906,0.462308904954857,0.000158102881594453,0.00127112214332273
"ENSG00000274818.1","AC004825.2"," lncRNA","chr14",33.4909912280209,-1.15987465642222,0.428353506398155,0.000193500123299774,0.00150298593100009
"ENSG00000274825.1","AL023803.2"," lncRNA","chr20",2.7888699859874,1.65456581162752,0.850472658740776,0.00165079681781824,0.00887898131193096
"ENSG00000274925.1","ZKSCAN2-DT"," lncRNA","chr16",108.633976471421,1.28118537007667,0.342174359050987,7.38077944687458e-06,9.51321668566313e-05
"ENSG00000274928.6","KRT89P"," transcribed_unprocessed_pseudogene","chr12",15.9076207753711,2.42682805533153,0.738549946229658,4.02079623445112e-05,0.000403943568719361
"ENSG00000275092.1","AL031710.2"," lncRNA","chr16",2.59357339600409,2.38975847382116,0.864795324890198,0.000290758950724968,0.00210693808711421
"ENSG00000275223.1","AL121906.2"," lncRNA","chr20",17.7483775818076,2.42601726977756,0.451423599914873,3.51411519007253e-09,1.19271394063055e-07
"ENSG00000275329.1","AL138781.1"," lncRNA","chr9",8.36054382922305,1.06116421588852,0.564880915489292,0.00148505750511542,0.00814575403411133
"ENSG00000275393.1","AC018695.6"," lncRNA","chr16",15.2018147177547,1.12735171798349,0.74066033193337,0.00244628824821477,0.0122247841977172
"ENSG00000275437.1","AL121832.3"," lncRNA","chr20",25.0319661125454,1.17270991678758,0.3193405284106,9.79175453677257e-06,0.000121581532933285
"ENSG00000275438.1","AL031008.1"," lncRNA","chr16",3.36966415301387,1.57405531706143,0.762910568083898,0.00120230521709838,0.0068411009996379
"ENSG00000275465.7","AL449403.2"," lncRNA","chr9",12.5466490615514,-6.5594312158518,1.30278967653299,4.02553496216438e-10,1.77791063753009e-08
"ENSG00000275479.1","AC087741.2"," lncRNA","chr17",16.8432584593427,1.08792349472886,0.438224831831916,0.000395407239606322,0.00272328345777816
"ENSG00000275484.1","AP003419.3"," lncRNA","chr11",19.5796714003664,1.61791543706747,0.476122633763641,2.71742405613606e-05,0.000290216231229394
"ENSG00000275560.1","AC008115.3"," lncRNA","chr12",45.430417667285,1.70890019708855,0.593815087293601,0.000130024745292117,0.00107683204082299
"ENSG00000275713.2","H2BC9"," protein_coding","chr6",154.641223523631,3.5012954076905,0.562612483621194,2.41244216029397e-11,1.45879583041277e-09
"ENSG00000275897.1","AC021491.4"," lncRNA","chr17",15.2212398728119,1.13573737365079,0.508724607606989,0.000713731795150932,0.00445036810970307
"ENSG00000276043.5","UHRF1"," protein_coding","chr19",496.623926798566,2.68696158631816,0.531072250755996,1.92630482808683e-08,5.42897429376233e-07
"ENSG00000276058.1","STMN1P1"," processed_pseudogene","chr12",11.2463471349217,2.06652571900123,0.625439764422081,4.11533093624037e-05,0.000412253837773077
"ENSG00000276085.1","CCL3L3"," protein_coding","chr17",117.886954423054,1.5682365003416,0.61400808579983,0.000314209658999754,0.00224745576305052
"ENSG00000276107.1","AC037198.1"," lncRNA","chr15",76.477895058005,1.76003768372286,0.586173659337017,8.94782894833594e-05,0.000787585014723485
"ENSG00000276116.2","FUT8-AS1"," lncRNA","chr14",20.5582820383854,1.39258027498052,0.378364362447464,8.67370750636358e-06,0.000109650119059613
"ENSG00000276180.1","H4C9"," protein_coding","chr6",517.569545989043,2.21663848226327,0.449181794459696,3.59653775662509e-08,9.41696469258269e-07
"ENSG00000276255.2","LINC02809"," lncRNA","chr1",3.44037417970453,1.13974854673497,0.763757924940765,0.00282751122225344,0.0137172822658016
"ENSG00000276365.1","MIR145"," miRNA","chr5",45.1835990321048,-3.27343142643611,0.595036434127367,1.47918140755745e-09,5.64364980379341e-08
"ENSG00000276397.2","LINC01879"," lncRNA","chr18",5.32294340577873,3.09283247497819,1.16169042225417,0.000276847587213878,0.00202462568968339
"ENSG00000276404.1","MIR6835"," miRNA","chr6",2.23714388746928,1.66599223309924,0.987478905191402,0.00254344729805956,0.0126145585894238
"ENSG00000276409.5","CCL14"," protein_coding","chr17",78.0934562123774,-1.70078633025549,0.667543249109387,0.000260354470705506,0.00192539801555443
"ENSG00000276434.1","AL136221.1"," lncRNA","chr13",6.7282659231526,2.26993651611193,0.615401416981068,1.26343205795872e-05,0.000150863819076788
"ENSG00000276445.1","AC005393.1"," lncRNA","chr19",8.13225519152667,1.33815616751694,0.505994353483691,0.000273426744062518,0.00200380855431323
"ENSG00000276476.3","LINC00540"," lncRNA","chr13",13.8562129114405,-2.51351969712627,0.596152938663395,8.09634202694406e-07,1.40402320905619e-05
"ENSG00000276509.1","AC239799.1"," lncRNA","chr1",4.9383816292853,1.68151589232105,0.890499740316365,0.00144151336993064,0.00794186688619137
"ENSG00000276649.1","AL117335.1"," lncRNA","chr20",26.6996748143984,-2.06575173741598,0.390777001675546,4.79759080080013e-09,1.57917679840299e-07
"ENSG00000276662.1","AL713922.2"," unprocessed_pseudogene","chr10",4.58376881162673,2.46892688545413,0.650142402182416,8.88293036516071e-06,0.000111970492547262
"ENSG00000276744.1","AC105137.2"," lncRNA","chr15",8.12126441330123,1.83497487210639,0.402551891610225,2.75240202250509e-07,5.63580158258363e-06
"ENSG00000276819.1","TRBV15"," TR_V_gene","chr7",3.46710410810138,2.24490993926091,0.988711652576517,0.000732464868029043,0.00454902664834484
"ENSG00000276966.2","H4C5"," protein_coding","chr6",70.7710709242444,4.71546917495362,0.609253252121115,5.19343445438788e-16,1.30362677372696e-13
"ENSG00000277010.1","AC120498.10"," lncRNA","chr16",16.6046373578087,3.34687689974079,0.975116352776481,2.31189440128786e-05,0.000252786924335114
"ENSG00000277022.1","AL031663.3"," lncRNA","chr20",17.4132962052504,3.83498068657757,0.734716776150786,1.11056057704272e-08,3.34616313416213e-07
"ENSG00000277075.2","H2AC8"," protein_coding","chr6",179.344170516726,2.8814915976972,0.607518325915712,9.16082121058994e-08,2.14516921381673e-06
"ENSG00000277144.1","AC092757.3"," lncRNA","chr15",4.53258041887935,-1.1255373253649,0.558548745211356,0.00119482614581429,0.00680520389383061
"ENSG00000277157.2","H4C4"," protein_coding","chr6",13.1236389623053,3.17841165354477,0.85624611724572,8.26952400670738e-06,0.000105035297458328
"ENSG00000277182.1","AC006449.5"," lncRNA","chr17",50.8425441441662,1.73911083741275,0.334834755774235,1.03434676211758e-08,3.13820807626473e-07
"ENSG00000277224.2","H2BC7"," protein_coding","chr6",62.9007016858233,5.5630502386127,0.746051142718879,6.58369187461448e-15,1.17800817024192e-12
"ENSG00000277270.2","AL160412.1"," lncRNA","chr20",16.7580373210774,-4.17764949813329,0.754112050828807,1.60234728286884e-09,6.05715049258684e-08
"ENSG00000277290.1","AC136475.10"," processed_pseudogene","chr11",21.0063935916556,1.62207488548249,0.392737973420366,1.55415372485551e-06,2.47833535712676e-05
"ENSG00000277301.1","AL034550.2"," lncRNA","chr20",8.17580935320532,1.43077704661903,0.635214536982199,0.000716897101480696,0.00446904712663265
"ENSG00000277310.1","AC090246.1"," lncRNA","chr18",14.241594602976,1.14009844922551,0.518327550798488,0.000794060558479413,0.00486745729899951
"ENSG00000277363.5","SRCIN1"," protein_coding","chr17",1186.95590021088,1.18041721643113,0.317381123928303,7.83981897211196e-06,0.000100234197052385
"ENSG00000277383.1","AC010331.1"," lncRNA","chr19",4.26289958037984,1.37097032061816,0.644134559107212,0.000833522061191886,0.00507104066905773
"ENSG00000277449.1","CEBPB-AS1"," lncRNA","chr20",78.3463116134319,-1.29476780321729,0.236363947363803,1.68365772856127e-09,6.30982833590024e-08
"ENSG00000277494.2","GPIHBP1"," protein_coding","chr8",1952.39636223712,-3.64452004284586,0.582474784444176,1.37796869013912e-11,9.05437016339811e-10
"ENSG00000277587.1","AC008759.3"," lncRNA","chr19",9.0375686061888,-1.39276985719137,0.526115505889858,0.000251750960300937,0.0018716903379203
"ENSG00000277619.1","AC008406.3"," lncRNA","chr5",5.35718028333114,6.11955895987747,1.49317371333933,1.71505992067936e-08,4.90091365212315e-07
"ENSG00000277631.5","PGM5P3-AS1"," lncRNA","chr9",24.0635065974378,-3.00656314300864,0.603367452683344,1.97930436824916e-08,5.54698061948446e-07
"ENSG00000277701.5","AC159540.2"," lncRNA","chr2",2.26579774963761,1.32893287206298,0.930293868024137,0.00363567454375215,0.0168709031129214
"ENSG00000277851.2","LINC02391"," lncRNA","chr12",21.8226064894438,-2.24238134074239,0.403919382867519,1.00853972684401e-09,4.05402760475973e-08
"ENSG00000277954.1","AC092376.2"," lncRNA","chr16",80.6476192266419,-1.72884245258254,0.26930208383336,5.75237914052832e-12,4.21651807966752e-10
"ENSG00000277999.1","AC009093.6"," lncRNA","chr16",10.500854858197,1.06572204642035,1.20294935804533,0.00399758511547129,0.0182207370690932
"ENSG00000278023.7","RDM1"," protein_coding","chr17",25.4145973521119,3.37790088847307,0.445230925562099,3.24246950467351e-15,6.46474305643219e-13
"ENSG00000278071.1","AL161669.3"," lncRNA","chr14",12.8205126939503,1.74211635144218,0.577812409973825,8.10914881660169e-05,0.000726574813507393
"ENSG00000278266.1","AC079949.2"," lncRNA","chr12",52.1369989417447,-2.66375937076869,0.464246042523381,3.44960001483779e-10,1.56623677357224e-08
"ENSG00000278677.2","H2AC17"," protein_coding","chr6",2.330701301794,2.92105848976349,1.23825376701732,0.000205401510669138,0.00157856037637817
"ENSG00000278709.2","NKILA"," lncRNA","chr20",108.485621134063,1.25860453254133,0.31819599694969,3.03842538702445e-06,4.42272174869838e-05
"ENSG00000278828.1","H3C10"," protein_coding","chr6",478.061972507692,5.10665730573078,0.742030314849592,3.07406397167686e-13,3.33096788930986e-11
"ENSG00000278918.1","AC080112.3"," TEC","chr17",47.9632059635374,1.58290437763767,0.383714557755076,1.50787871744744e-06,2.40894671842759e-05
"ENSG00000278928.1","AC136621.1"," TEC","chr16",9.98761254916133,-4.90579315161896,0.685956403470821,1.05703028274062e-13,1.29406468754748e-11
"ENSG00000278931.1","CR381670.1"," unprocessed_pseudogene","chr21",7.38159068324157,-1.7131113287139,0.812467307893775,0.000790251810195871,0.0048475168617342
"ENSG00000278934.1","AC117489.1"," TEC","chr3",73.0740259502603,-1.272520433451,0.496633039106867,0.000271746174449304,0.00199316707435582
"ENSG00000278987.1","AL031009.1"," TEC","chr16",25.9869832903502,2.09482309651387,0.438586393913571,8.97309963348001e-08,2.10970632959401e-06
"ENSG00000279013.1","AC110774.1"," TEC","chr4",20.546421313711,-2.11285752267371,0.398912455391819,5.78398253504612e-09,1.86514727015059e-07
"ENSG00000279026.1","AC005225.4"," TEC","chr14",98.6202157525932,-2.02023265797569,0.417044400146856,4.64243133941754e-08,1.18146660732033e-06
"ENSG00000279036.1","AC015656.1"," TEC","chr17",13.3853383240294,-3.6389454930649,0.686420423649625,6.5934973004783e-09,2.09520686986328e-07
"ENSG00000279039.1","AC011447.6"," TEC","chr19",8.31050376375717,1.22827444218226,0.607892803683792,0.00112431899215139,0.00648406842233954
"ENSG00000279057.1","AC141586.4"," TEC","chr16",2.93300846453803,1.83623111756764,0.829168903435108,0.000896300078433755,0.00539588547536873
"ENSG00000279114.1","Z99129.3"," TEC","chr6",6.3762415630447,1.04019767460449,0.792720282739918,0.00325520494107758,0.0154187962346877
"ENSG00000279199.1","AC068669.1"," TEC","chr17",9.55110679235022,1.20008998482183,0.577444287078554,0.00105692589613104,0.00616675609396459
"ENSG00000279204.1","AC134043.3"," TEC","chr5",147.348584252133,-3.50706198920788,0.539061215328211,2.63923439227047e-12,2.16163209344387e-10
"ENSG00000279259.1","AC087741.3"," TEC","chr17",46.1174488434891,1.14851942338948,0.316139331219409,1.0964342808542e-05,0.000134136355165792
"ENSG00000279281.1","AC015883.1"," TEC","chr17",16.1120488639742,2.34864170176621,1.05672092285949,0.000675771375183314,0.00426140232270396
"ENSG00000279289.1","AL136164.3"," TEC","chr6",46.0720166677399,1.37857977422475,0.772964660568073,0.00160602162330167,0.00868366658277057
"ENSG00000279296.1","PRAL"," TEC","chr17",6.0386372133708,1.16930125327679,0.73486163946459,0.00224536659986378,0.0114219399381611
"ENSG00000279331.1","RBM12B-AS1"," TEC","chr8",16.7370690091085,1.24256518593198,0.618606091932153,0.00113095770336435,0.00651589254096523
"ENSG00000279406.1","AL359183.1"," TEC","chr10",44.1203335792738,1.83350851299082,0.409013879724388,3.27163132057377e-07,6.48951042672765e-06
"ENSG00000279407.1","AC007191.1"," TEC","chr19",106.629342746421,1.18856706891723,0.29298306740064,2.01653451604416e-06,3.10526808433622e-05
"ENSG00000279453.1","Z99129.4"," TEC","chr6",559.382487401868,-1.34440275987761,0.201311060165724,1.01943763464641e-12,9.33574764053748e-11
"ENSG00000279484.2","KLHL30-AS1"," lncRNA","chr2",4.2252714011846,-3.38461609539754,1.11207468435812,6.30519137345253e-05,0.000589007850632215
"ENSG00000279511.1","AL356274.2"," TEC","chr13",2.18284150407712,2.89819402071989,1.35105341185262,0.000662861246543599,0.00419515540597727
"ENSG00000279555.1","AC091181.1"," TEC","chr17",9.85804274942218,1.41247684264013,0.526182712822249,0.000256442873338231,0.0019013064797374
"ENSG00000279611.1","AC012313.10"," TEC","chr19",9.25833218703227,1.21496668445164,0.42198389421995,0.000159532097756542,0.0012804521753889
"ENSG00000279623.1","AL359697.1"," lncRNA","chr10",19.860595236229,2.2297080678441,0.570498969379937,3.96807775912788e-06,5.59847153634173e-05
"ENSG00000279653.1","AC004678.2"," TEC","chr19",2.74035605902606,1.94239497281058,0.755003583151684,0.000408957675836208,0.00280057748137412
"ENSG00000279662.1","AC131649.2"," TEC","chr16",129.417563699229,1.21731989376204,0.516314299676582,0.000519197179505696,0.00341927308232035
"ENSG00000279685.2","MAPT-IT1"," lncRNA","chr17",28.9487289433839,2.56240345107191,0.647519936847654,3.32845436006478e-06,4.79096951637872e-05
"ENSG00000279741.1","AC007342.8"," TEC","chr16",21.2570012575866,1.75728176350331,0.636817310059829,0.000197140370460125,0.00152481149761122
"ENSG00000279742.1","AP000974.1"," TEC","chr11",14.5265960156657,1.74788357406482,0.522899616878001,3.05480547177152e-05,0.000320846531353341
"ENSG00000279789.1","AC120114.3"," TEC","chr16",97.670345677934,1.72734103918244,0.335058821704913,1.20780468449642e-08,3.59262687525698e-07
"ENSG00000279791.1","AC018892.3"," TEC","chr2",5.32179858976446,1.64624437826565,0.54528611250344,9.7639342958121e-05,0.000846814396010887
"ENSG00000279805.1","Z95114.3"," TEC","chr22",35.0740865809103,-1.39533784105647,0.328422550252007,7.49821989667177e-07,1.31203806627269e-05
"ENSG00000279837.1","AC112694.2"," TEC","chr11",15.2143574799164,1.2125658439569,0.413269456110339,0.000128200976474608,0.00106505056878373
"ENSG00000279861.1","AC073548.1"," TEC","chr19",63.8114814530441,1.31404060968237,0.235412886789841,1.14998764461382e-09,4.55439488175038e-08
"ENSG00000279901.1","AC092117.2"," TEC","chr16",3.41653168293643,1.73232016284873,0.809771452475297,0.000949832017995487,0.0056544256850163
"ENSG00000279930.1","AL032819.2"," TEC","chr16",40.6198479099636,3.27065802518538,0.645799135849891,1.97025190500732e-08,5.52604977633525e-07
"ENSG00000279954.1","BX324167.2"," lncRNA","chr22",10.5270131158159,1.53027777209004,0.891086372983727,0.00185796788609608,0.00977773114838286
"ENSG00000279970.1","AC023024.2"," TEC","chr15",86.7148650889275,1.18509962031472,0.746098874161546,0.0021422137775329,0.0109852999576573
"ENSG00000280027.1","AC007342.9"," TEC","chr16",53.7239864560447,2.23745957735422,0.653410649577151,2.33073109680969e-05,0.000254129808433709
"ENSG00000280063.1","AC012676.5"," TEC","chr16",89.1602247897144,1.43965994389499,0.476342802638421,8.57551056153057e-05,0.000761343865145962
"ENSG00000280079.1","AC011447.7"," TEC","chr19",51.2121298140136,1.47986941564584,0.397879308222651,7.97708158622911e-06,0.000101802616541741
"ENSG00000280119.1","AC093642.3"," TEC","chr2",162.873083763766,2.89442399045952,0.78239201699724,8.21099012092041e-06,0.000104405851424575
"ENSG00000280129.1","AL132780.5"," TEC","chr14",10.9056883686628,1.64925220960137,0.39596502132566,1.52128762088871e-06,2.428144848144e-05
"ENSG00000280159.1","AC016583.1"," TEC","chr5",5.4944722439075,-1.29258550875066,0.619443458904864,0.000992737107855391,0.00586084440443019
"ENSG00000280213.1","UCKL1-AS1"," lncRNA","chr20",24.7017832730883,1.12459481424439,0.454262187768906,0.000389455472418618,0.00268706562945581
"ENSG00000280302.1","AP005264.6"," TEC","chr18",13.1493492852273,-4.20433607081529,0.580474915804977,2.81208721966444e-14,3.95631190247226e-12
"ENSG00000280311.1","AC131212.4"," TEC","chr12",2.5094169703316,2.59325718730425,0.979161211731157,0.000215226562840198,0.00164249125198105
"ENSG00000280332.1","AC020917.4"," TEC","chr19",115.940170848731,1.50954126868891,0.30186828181307,2.55802695181155e-08,6.94028914274158e-07
"ENSG00000280339.1","AP001528.2"," TEC","chr11",940.607152742831,-3.30376991387599,0.499067887171484,1.31910792495145e-12,1.17410700534391e-10
"ENSG00000280417.1","AC096887.2"," TEC","chr3",41.3646355829516,1.78849119984676,0.363936330222212,4.00671343030736e-08,1.03554250590262e-06
"ENSG00000280429.1","AF001548.3"," TEC","chr16",20.0328500793835,-3.89764073418745,0.874014528186418,3.00354373877336e-07,6.06903973939181e-06
"ENSG00000280486.2","AC005329.3"," lncRNA","chr19",11.1385683176677,1.09121316382882,0.577503540093263,0.0014188329337815,0.00784540410341842
"ENSG00000280594.1","BTG3-AS1"," lncRNA","chr21",24.4141173453597,-1.49605747637728,0.353273716522145,8.98019657117937e-07,1.53516922373846e-05
"ENSG00000280623.1","PCAT14"," lncRNA","chr22",14.4814494250837,-3.51186113100808,0.65714847445863,3.30140840790083e-09,1.13152692298692e-07
"ENSG00000280721.1","LINC01943"," lncRNA","chr2",22.4499484868069,2.05274622391903,0.558328717971428,8.90596366956965e-06,0.00011217988251517
"ENSG00000280789.2","PAGR1"," protein_coding","chr16",571.808984413425,1.46326432779043,0.217644575282675,8.67763164306528e-13,8.20518280916506e-11
"ENSG00000280832.1","GSEC"," lncRNA","chr11",121.114088371497,1.34679357100723,0.294110251413469,1.89917158015494e-07,4.04295275187225e-06
"ENSG00000280916.2","FOXCUT"," lncRNA","chr6",25.9747903140251,-2.43844463988169,0.519128388897478,9.74705049011197e-08,2.26722892433665e-06
"ENSG00000280924.1","LINC00628"," lncRNA","chr1",2.75539157034385,1.44806567379349,0.876061672214239,0.00262127484385572,0.0129197486335598
"ENSG00000281106.4","TMEM272"," protein_coding","chr13",9.74322694892261,1.92613895052395,0.819828507604023,0.000533360191522353,0.00349867840616778
"ENSG00000281392.2","LINC00506"," lncRNA","chr3",42.6680120562825,-1.825720025628,0.330732553195439,1.26747176913832e-09,4.91917213537322e-08
"ENSG00000281641.3","SAMD12-AS1"," lncRNA","chr8",31.4301296424985,2.44861363307237,0.445785825412217,2.23445185293904e-09,8.09576942896117e-08
"ENSG00000281969.1","AL592158.1"," TEC","chr6",8.1020270385445,-3.3916216543499,0.660934784997656,1.47567961958365e-08,4.30861402568144e-07
"ENSG00000282173.1","TRBJ1-5"," TR_J_gene","chr7",4.18847449604958,1.25134151508863,1.64416726791579,0.00467155336091143,0.0206270777417819
"ENSG00000282390.1","AL392083.1"," lncRNA","chr10",21.2758819514639,3.38385227519741,1.36176664852721,0.000329157028593843,0.00233522120469048
"ENSG00000282556.3","AC068733.3"," lncRNA","chr11",20.1518253056467,-2.2843495825437,0.477981003985652,7.38043313893762e-08,1.77838876139967e-06
"ENSG00000282742.1","AC093323.3"," TEC","chr4",1.61218135671245,1.30846931265838,1.32743896184275,0.00511038867620221,0.0221884732828984
"ENSG00000282840.1","AC004554.1"," lncRNA","chrX",12.7742723735663,-3.46936253892007,0.526266277542919,1.63841240713625e-12,1.41499622023245e-10
"ENSG00000282988.2","AL031777.2"," protein_coding","chr6",51.4047790143697,5.42098408999142,0.841758487152871,5.83634354491181e-12,4.26909565252658e-10
"ENSG00000283031.2","AC009242.1"," lncRNA","chr2",20.2378577241072,-2.56634652571679,0.548913519071374,1.16219657889061e-07,2.63655402042082e-06
"ENSG00000283064.1","AL353759.1"," lncRNA","chr6",22.5493895475232,3.12224060342078,0.540011385267734,4.32350499802515e-10,1.89511825233788e-08
"ENSG00000283098.2","AL132857.1"," lncRNA","chr14",16.9905351584892,1.92047243398312,0.895216520430103,0.00079490366117413,0.00487005858507929
"ENSG00000283162.1","AL390726.5"," transcribed_unprocessed_pseudogene","chr9",48.6829111587498,4.73600231568331,0.76654845288266,3.68091933415233e-11,2.11479439555342e-09
"ENSG00000283265.1","AL356234.3"," lncRNA","chr6",3.53638270397975,2.68175263475968,0.91878109482836,0.000133358822902105,0.0011000053640372
"ENSG00000283341.2","AC068205.2"," lncRNA","chr11",48.1040809827997,1.25074453637153,0.280573833890015,3.47190310659191e-07,6.81700457468196e-06
"ENSG00000283383.1","AC108477.1"," lncRNA","chr4",11.9223077714265,-2.33436546296884,0.434794409942373,2.85804442739287e-09,9.99198678518685e-08
"ENSG00000283413.1","AC008703.1"," lncRNA","chr5",22.6202214678179,1.56032436582087,1.0274329512726,0.00229015651686747,0.0116142225334336
"ENSG00000283526.1","PRRT1B"," protein_coding","chr9",50.9896501955621,1.73691759529113,0.699402672148869,0.000386990175161103,0.00267322791557039
"ENSG00000283709.1","FAM238C"," transcribed_unprocessed_pseudogene","chr10",57.7584856699781,1.70691775753482,0.663827512886384,0.000304977689356532,0.00219220777901499
"ENSG00000283839.1","AC096667.1"," lncRNA","chr2",7.68487070296365,1.22826407744957,0.541564778626231,0.000664822798454899,0.00420528141060367
"ENSG00000283897.2","AC011416.3"," lncRNA","chr5",37.7260684478025,1.01408621100411,0.513128819451931,0.00117970496216848,0.00673399618444308
"ENSG00000284052.1","AC006460.2"," lncRNA","chr2",35.9461365816317,-1.08596300789583,0.346913609999934,5.73954144353513e-05,0.000544180273115174
"ENSG00000284299.1","AL590132.1"," protein_coding","chr1",1.62440100204915,2.58099344872383,1.23407113625642,0.000896504774890732,0.00539588547536873
"ENSG00000284308.1","C2orf81"," protein_coding","chr2",36.9121849707314,1.44907878110828,0.321836029331655,3.05635700998152e-07,6.14374049617584e-06
"ENSG00000284395.2","PERCC1"," protein_coding","chr16",14.6687824655547,3.53274231952229,0.500362345399625,2.74457773534005e-05,0.000292668281674051
"ENSG00000284621.1","AP000553.4"," unitary_pseudogene","chr22",2.06862407865614,4.66084515823272,1.32973427823358,1.58451609302544e-07,3.47051795365667e-06
"ENSG00000284630.1","AP000553.5"," transcribed_unitary_pseudogene","chr22",2.45040151858402,1.7696998167549,0.76973101502084,0.000842189048736789,0.00511218129775144
"ENSG00000284649.1","AC009093.8"," transcribed_unprocessed_pseudogene","chr16",4.08281221860393,1.12294564498657,1.47852853311428,0.00402212742713457,0.0183182414906869
"ENSG00000284654.1","AP000553.7"," unitary_pseudogene","chr22",3.87882880514355,1.54903130775968,1.09235972053893,0.00312190927585125,0.0148847412604162
"ENSG00000284659.1","AC073869.6"," processed_pseudogene","chr2",15.6418640265684,2.75175460676629,0.947627808216322,0.000120859507152533,0.00101482369930103
"ENSG00000284731.1","AC083906.5"," unprocessed_pseudogene","chr3",3.08047576302096,1.92928140043638,1.49427457451539,0.00360009404112662,0.0167347297080934
"ENSG00000284946.1","AC068831.6"," protein_coding","chr15",37.1521149046839,1.34903757750389,0.402280639785594,3.11241051797676e-05,0.000325232450981512
"ENSG00000284948.1","AC107959.4"," lncRNA","chr8",4.86868230982334,2.06457082391318,1.05605539566616,0.00122190319878996,0.00693564739043116
"ENSG00000284976.1","BX255925.3"," protein_coding","chr9",798.388619614605,1.03566484549731,0.211860123222087,4.46708088178653e-08,1.14267535957781e-06
"ENSG00000285000.1","AC008581.2"," protein_coding","chr5",4.14221346585514,-2.33388987777505,0.952143574683855,0.0003824996802374,0.00264797546491332
"ENSG00000285043.2","AC093512.2"," protein_coding","chr16",139.092594556442,1.59533394954608,0.383885370161825,1.37352354286113e-06,2.22693354711745e-05
"ENSG00000285051.2","SLC7A14-AS1"," lncRNA","chr3",23.197587673384,-3.35949691783526,0.577495269614465,2.78614774603983e-10,1.29788359154974e-08
"ENSG00000285053.1","AL357556.3"," protein_coding","chr1",65.1000074984014,1.21854493118437,0.257181503433077,9.55902496620911e-08,2.22646154937251e-06
"ENSG00000285094.1","LINC01488"," lncRNA","chr11",60.073010147644,4.57911776693455,0.684020808296556,1.37717527492229e-12,1.21340965952812e-10
"ENSG00000285210.1","LINC02795"," lncRNA","chr1",19.9780533123164,1.6923812292902,0.661859384523391,0.000321937100298436,0.00229354578259321
"ENSG00000285416.1","AC137630.5"," unitary_pseudogene","chr3",16.6225128341096,1.38432168375156,0.373475698142169,8.11318188990567e-06,0.000103426024596529
"ENSG00000285417.1","BX571818.1"," transcribed_unitary_pseudogene","chr1",11.8124370921047,1.42038708850008,0.712668910989595,0.00121182214459127,0.00688514679155416
"ENSG00000285545.1","AC124798.2"," lncRNA","chr11",3.43483524263136,1.81364744695448,0.857437835308518,0.00107514537207357,0.00624486385500563
"ENSG00000285570.1","AL590666.4"," lncRNA","chr1",9.82804071615476,2.06984884872145,0.633287993604224,4.1289127777928e-05,0.000413139936134122
"ENSG00000285587.1","AC012470.1"," lncRNA","chr10",37.0589015934829,2.78268465824404,0.733800698147498,5.51289689202852e-06,7.40094211080289e-05
"ENSG00000285600.1","AC023593.1"," lncRNA","chr3",3.58438676929666,2.42157137778284,0.78150618213432,0.000106019259075074,0.00090999212014475
"ENSG00000285637.2","AL161449.2"," lncRNA","chr9",10.9397532951324,1.99816785444276,0.803476426106113,0.000379082706479587,0.00262588340515769
"ENSG00000285650.1","AL157827.2"," lncRNA","chr9",11.0646337832737,2.0255128275813,0.497513041432437,2.14922003907259e-06,3.27603479175542e-05
"ENSG00000285653.1","AC006238.2"," lncRNA","chr18",3.87464945741741,1.31328869292697,1.05804588783981,0.00355398397742046,0.0165534714932822
"ENSG00000285812.1","AL390719.3"," lncRNA","chr1",10.0646461646815,1.3130577377246,0.576315897976127,0.000681955189834031,0.00429186481394285
"ENSG00000285868.1","AC008676.3"," protein_coding","chr5",2.11347560557207,1.49163915589372,1.11456663626562,0.00386145203129496,0.0176973496419168
"ENSG00000285872.1","AC007240.3"," lncRNA","chr2",31.1711916398043,1.36814165608107,0.396216089101735,2.16986785396355e-05,0.000239812668015971
"ENSG00000285906.2","AC083855.2"," lncRNA","chr3",77.4059787636424,1.06998159187179,0.474426355905159,0.000641441785979449,0.00408106224555232
"ENSG00000285918.1","AC092376.3"," lncRNA","chr16",15.4630579266176,-1.37095879920434,0.648232730097966,0.00080096010403668,0.00490285947191997
"ENSG00000285938.1","AC072022.2"," protein_coding","chr3",59.9420721579717,-1.17737462791298,0.433076289459305,0.000183699977116036,0.00143806953142374
"ENSG00000285952.1","AC020663.4"," lncRNA","chr16",2.26321585966254,2.20190231947899,1.10539746085475,0.00160913875874335,0.00869647776197554
"ENSG00000285999.1","AC025442.2"," lncRNA","chr5",7.35246036479683,1.44686125408265,0.43696413318021,3.92615934018796e-05,0.000396261572283767
"ENSG00000286024.1","AC026803.3"," lncRNA","chr19",4.83298879230941,1.07482177330596,0.629567591165751,0.00197447615095522,0.0102669817262263
"ENSG00000286039.1","AC093849.2"," lncRNA","chr4",92.9544609022715,-1.90598358112275,0.43489415039371,3.98080982341551e-07,7.65680460577676e-06
"ENSG00000286159.1","AL035106.1"," lncRNA","chr20",6.43106863713853,1.98621681411245,0.71762080821927,0.000211886827061287,0.00162125949188495
"ENSG00000286176.2","AC116317.1"," lncRNA","chr4",24.1499390855275,1.78992176904057,0.499881297684248,1.2976573219343e-05,0.000154335595432293
"ENSG00000286208.1","AC093838.1"," lncRNA","chr2",405.371634190527,2.55935865615251,1.12928478134603,0.000567031191250792,0.00368491065262272
"ENSG00000286214.1","AUXG01000058.1"," lncRNA","chr7",1187.05413853201,-3.7394032167809,0.508318935351368,6.97838719726817e-15,1.22971165504992e-12
"ENSG00000286264.2","AP001453.3"," protein_coding","chr11",6.35945686426757,1.49231306847937,0.50451830557368,0.000111755257905616,0.000950110307891044
"ENSG00000286281.1","AL353152.2"," lncRNA","chr6",2.80706526015263,1.38949301557599,0.693197614439339,0.00144942716293864,0.00797916742538532
"ENSG00000286288.1","AL109809.4"," lncRNA","chr20",83.9180830214327,-2.91695959108934,0.488413684733045,9.0261745272102e-11,4.76448192781983e-09
"ENSG00000286289.1","AL133482.1"," lncRNA","chr10",205.234281607092,-3.2956751455059,0.367607813498204,1.37508672360482e-20,9.99544809860332e-18
"ENSG00000286293.1","AP005901.5"," lncRNA","chr18",5.60216317650039,5.64536098775051,1.77002353904819,0.002425986956352,0.0121476910008722
"ENSG00000286322.1","AL356218.2"," lncRNA","chr9",118.743443439249,-5.47573837612484,0.819327680074717,7.26543624712691e-13,7.04162044718069e-11
"ENSG00000286331.1","AC011388.1"," lncRNA","chr5",17.4331963772099,1.09765995031096,0.475122149412659,0.000613113275112978,0.00393013877737038
"ENSG00000286340.1","AL356776.2"," lncRNA","chr6",34.9952611351187,-1.09536871825223,0.302732291213836,1.00321451143603e-05,0.000124080671813238
"ENSG00000286406.1","AC138776.1"," transcribed_unprocessed_pseudogene","chr22",18.6774317605092,-2.58957725872581,0.518736437172243,2.46556237761365e-08,6.7050613341635e-07
"ENSG00000286407.1","AC004863.1"," lncRNA","chr7",10.0406008732205,1.39603786463206,0.591093296776782,0.000529514598709335,0.00347808024540692
"ENSG00000286413.1","AL355501.1"," lncRNA","chr10",3.44712971460186,1.887395254568,0.969102744588916,0.00158354583924036,0.00858475728355117
"ENSG00000286424.1","AL157996.2"," lncRNA","chr14",9.32454013842258,2.49340915026348,0.698617216434498,1.7234935100522e-05,0.000196325210771242
"ENSG00000286458.1","AC083870.1"," lncRNA","chr7",6.44630381723765,-1.49332494806591,0.602444778226067,0.000348252932045641,0.00244533971664408
"ENSG00000286502.1","AL645768.1"," lncRNA","chr9",17.4385331465438,4.26253343123965,0.868604824215398,4.2964599346173e-08,1.10469995268041e-06
"ENSG00000286511.1","Z95118.2"," lncRNA","chr6",38.7413072100286,-1.87138838399049,0.359976476168223,7.33711414525321e-09,2.31464059350841e-07
"ENSG00000286519.1","AC009236.1"," lncRNA","chr2",23.0811749088242,3.32482429415501,0.632860878725828,6.45245719049464e-09,2.05413032694844e-07
"ENSG00000286529.1","AC090398.2"," lncRNA","chr18",25.2139382056785,1.60595981292595,0.458162975666027,1.82564827961356e-05,0.000206310417864435
"ENSG00000286555.1","AP003065.1"," lncRNA","chr11",38.3040330370667,1.43962790864698,0.35683600295397,2.37360580034182e-06,3.57434095726052e-05
"ENSG00000286559.1","AC099845.1"," lncRNA","chr18",5.67626817167951,-5.23555530553645,0.703655962567794,5.80937645114773e-06,7.73349690030506e-05
"ENSG00000286591.1","AC006197.2"," lncRNA","chr12",4.59746615433916,3.14306872042501,0.8518149936464,1.20176358123781e-05,0.000144588734872305
"ENSG00000286607.1","AL135818.3"," lncRNA","chr14",6.11556905399449,1.87537123038921,0.84917431437572,0.000807140922441383,0.00493549840955175
"ENSG00000286622.1","AC034111.2"," lncRNA","chr8",5.59563510764621,-1.44500740880067,0.64756002274153,0.000617635408983673,0.00395411322107327
"ENSG00000286623.1","AC005041.4"," lncRNA","chr2",3.9886961078108,1.24851661731665,0.641873374414555,0.00141583617107869,0.00783379953141554
"ENSG00000286682.1","AC025262.3"," lncRNA","chr12",5.19002722856805,1.09063070582202,0.53145882459199,0.00114392474918864,0.00657431698631871
"ENSG00000286732.1","AC091181.2"," lncRNA","chr17",11.8307315434785,1.46661198953434,0.5890034302699,0.000426704873186005,0.00290444005663927
"ENSG00000286760.1","AL022069.3"," lncRNA","chr6",120.246427265765,-1.01425890204796,0.386445397939889,0.000238240539118933,0.00178685525588966
"ENSG00000286805.1","AL138716.1"," lncRNA","chr6",18.545649412647,-3.19120898293952,0.737348728496791,4.95334454457261e-07,9.21253435526028e-06
"ENSG00000286836.1","AC092844.1"," lncRNA","chr2",3.47869026199366,2.39569763190857,1.02541001892299,0.000644962121165228,0.00409822862312438
"ENSG00000286859.1","AL158214.2"," lncRNA","chr1",18.5034927771366,1.99908761623187,0.542353422380625,9.48093708009233e-06,0.000118269351326958
"ENSG00000286923.1","AC004522.5"," lncRNA","chr7",22.1381695787268,-1.71492261361063,0.652941074581058,0.000211879323439963,0.00162125949188495
"ENSG00000286931.1","AL136419.3"," lncRNA","chr14",20.5054893133942,1.06281167450023,0.565343601342272,0.00143508493170377,0.00791144704567487
"ENSG00000286935.1","AC079296.2"," lncRNA","chr11",8.49285065538029,5.05176591254597,1.1240212120913,1.78679734608253e-07,3.84561146406346e-06
"ENSG00000286989.1","AL691432.4"," lncRNA","chr1",44.4236896911412,2.07923035311153,0.470799334697501,4.663549634901e-07,8.74816722103928e-06
"ENSG00000287071.1","CDRT15P4"," transcribed_unprocessed_pseudogene","chr2",13.2074194883038,1.29929871057962,0.663093888714566,0.00121265970381655,0.00688878373915065
"ENSG00000287080.2","H3C3"," protein_coding","chr6",1.83799977293356,2.53734388612268,1.02952467939145,0.000453330572157688,0.00305350521103357
"ENSG00000287110.1","AC112484.5"," lncRNA","chr3",25.2276761559887,1.24764233351243,0.4787667931672,0.000297011322830414,0.00214333444981923
"ENSG00000287115.1","AC009951.6"," lncRNA","chr2",64.8181235331222,-3.5782205957183,0.67006546155338,2.88506035875561e-09,1.0059074743517e-07
"ENSG00000287125.1","AC018695.9"," lncRNA","chr16",25.238871562015,1.04657141991895,0.694107941149941,0.00248733198458606,0.0124027148506906
"ENSG00000287171.1","AC006062.1"," lncRNA","chrX",6.13100563213384,1.64852877872121,0.613944634308409,0.000260777161323419,0.00192811526504247
"ENSG00000287188.1","AC068989.1"," lncRNA","chr4",9.43259076201198,1.01264724459008,0.61257277384942,0.00213198415439212,0.0109457120557527
"ENSG00000287205.1","AL451054.4"," lncRNA","chr1",6.67584230099969,2.94183769652003,0.792214110750271,8.85901103006993e-06,0.000111709343639382
"ENSG00000287224.1","AC099791.4"," lncRNA","chr1",3.10591402844074,2.17962554082775,1.02996383079288,0.00101785728306747,0.00598563845830733
"ENSG00000287226.1","AC084740.1"," lncRNA","chr4",5.51168715953172,4.91047523948022,0.92787042071742,0.00228427271443777,0.0115894371498398
"ENSG00000287232.1","AC079848.2"," lncRNA","chr3",16.1624891053291,-3.05737153195699,0.387608643507076,1.33428978213286e-16,4.01333661968944e-14
"ENSG00000287301.1","AC068075.2"," lncRNA","chr8",3.59266595417892,7.08219332495252,2.94703263994254,0.000151283622067829,0.00122412728607806
"ENSG00000287306.1","AC016821.1"," lncRNA","chr10",50.6291125046425,1.47745933970388,0.476048255109048,6.50783403386733e-05,0.000604739591984143
"ENSG00000287313.1","AC016995.1"," lncRNA","chr2",9.92701574340128,-4.15724777440983,0.837306880086985,2.87381524758911e-08,7.6835469581327e-07
"ENSG00000287322.1","AC068189.2"," lncRNA","chr8",4.79263027967369,1.64263414200583,0.905487819665641,0.00185795234878589,0.00977773114838286
"ENSG00000287331.1","AC106045.1"," lncRNA","chr4",60.2639198503335,2.75550918758425,0.621283393448833,4.11976983870558e-07,7.87200927942367e-06
"ENSG00000287335.1","AL139351.3"," lncRNA","chr20",15.4860919078517,2.77322217763563,0.827672981308994,2.2912588454642e-05,0.000250845034129562
"ENSG00000287359.1","AL138740.1"," lncRNA","chr6",7.39256620368543,3.16169728914548,1.01079621501635,7.10784089036827e-05,0.000650917786104565
"ENSG00000287405.1","AC017028.2"," lncRNA","chr2",5.71544342914515,1.28716850941425,0.884091454806801,0.00272255403814276,0.0133080180645614
"ENSG00000287457.1","AC005821.2"," lncRNA","chr17",3.47395652951414,5.14907684942925,1.80569943709216,0.000129077073195625,0.00107088320808009
"ENSG00000287559.1","AL136305.1"," lncRNA","chr6",15.1576630740854,4.23456745418922,0.960792236899658,4.0079080812212e-07,7.70043617080885e-06
"ENSG00000287566.1","AL732437.3"," lncRNA","chr10",34.3578176170357,3.67330767119359,0.60355464510048,6.76511324388483e-11,3.64261676222817e-09
"ENSG00000287570.1","AL035447.1"," lncRNA","chr20",7.37424685038604,-5.28836365966186,1.00396350675336,2.19347195273699e-10,1.04552499867413e-08
"ENSG00000287584.1","AC004837.4"," lncRNA","chr7",7.19805858603879,1.07577858521906,0.504264391043462,0.000932979049947448,0.00557598013561432
"ENSG00000287595.1","AC097369.4"," lncRNA","chr3",19.9104556176195,1.82594535560363,0.493449244063399,9.93718502039327e-06,0.000123168143000548
"ENSG00000287609.1","AL589787.2"," lncRNA","chr10",7.89509557580983,-3.93485776729606,0.546982238258848,0.000248666915256877,0.00185389686757002
"ENSG00000287666.1","AP000821.2"," lncRNA","chr11",14.7821888911356,-3.86843182297714,0.717429283946303,2.60431880366155e-09,9.2344804246499e-08
"ENSG00000287721.1","AC061975.8"," lncRNA","chr17",23.4966960766836,1.12392373616131,0.546319005383115,0.00105258950172301,0.00614556564668966
"ENSG00000287742.1","AC068282.2"," lncRNA","chr2",6.09304910956092,1.08914948777318,0.742367952302662,0.00252824697036959,0.0125605959053347
"ENSG00000287747.1","AF233439.2"," lncRNA","chr8",3.0855564858324,7.07915921904146,2.71674942754998,4.1548863093745e-06,5.82903651871274e-05
"ENSG00000287750.1","AL353572.4"," lncRNA","chr9",38.3680632525833,2.07347153212489,0.475136800238781,5.94316337461945e-07,1.08057797448592e-05
"ENSG00000287811.1","AL391840.3"," lncRNA","chr6",22.9371750282501,-1.42379543313711,0.295426612566597,6.34541992398752e-08,1.54945566195774e-06
"ENSG00000287851.1","AP001885.2"," lncRNA","chr11",5.03821130226671,1.21842171341616,0.792562632781651,0.0025068818990022,0.0124793289111265
"ENSG00000287900.1","AC061961.1"," lncRNA","chr2",301.684609920673,5.94167614361205,0.957351363908605,2.73860324616725e-11,1.62504431738132e-09
"ENSG00000287914.1","AL078582.2"," lncRNA","chr6",180.784592163252,3.16835041545001,0.625838600350823,1.93363813255859e-08,5.44524359024228e-07
"ENSG00000287917.1","AP000944.7"," lncRNA","chr11",37.4923633977552,-1.17222612187055,0.413659743969539,0.000133651695252475,0.0011016398060605
"ENSG00000287967.1","AC004882.3"," lncRNA","chr22",2.75399325567865,1.57908796125449,0.882061750454792,0.00211591831624221,0.0108856540802133
"ENSG00000287975.1","AC113143.2"," lncRNA","chr8",4.93953768048434,1.21383541171053,0.581357854385604,0.00109332484083741,0.00633569125089817
"ENSG00000287998.1","AC104232.3"," lncRNA","chr8",12.0722563729254,-2.16795214178104,0.472014012306284,1.76435966965941e-07,3.8047140441339e-06
"ENSG00000288009.1","AL353135.2"," lncRNA","chr6",16.5577769967567,-1.32729817426014,0.37795791953219,1.67207842005081e-05,0.000191343024447336
"ENSG00000288045.1","AL352979.4"," lncRNA","chr14",27.1189712532539,-1.65368381179597,0.447257562402744,6.59192441672671e-06,8.61839452493949e-05
"ENSG00000288048.1","AC104088.3"," lncRNA","chr2",26.5562054047952,-2.97023770848606,0.565489238144603,5.84785302281341e-09,1.88226420497216e-07
"ENSG00000288234.1","BX255925.4"," lncRNA","chr9",4.99265721697743,2.59761798345183,0.769729026856428,0.0114659151209734,0.0424373867068933
"ENSG00000288534.1","AP001931.2"," protein_coding","chr11",7.79894749845644,2.25335714462522,0.458009565437209,6.55151756363206e-08,1.59517794356376e-06
"ENSG00000288547.3","C3orf36"," lncRNA","chr3",24.0111293762838,2.59395899663808,0.357256749182127,2.3185165687734e-14,3.39896477315432e-12
"ENSG00000288548.1","AL035653.1"," lncRNA","chr6",16.6940720932191,-1.22159289657529,0.285747086541611,8.32743972892389e-07,1.43909212274335e-05
"ENSG00000288585.1","AC010184.1"," lncRNA","chr3",43.9046749774075,2.6155642359151,0.633287511846474,1.64541853781667e-06,2.60128220221847e-05
"ENSG00000288610.1","AL161669.4"," lncRNA","chr14",1.73879028404481,1.82803734042501,1.30940135446424,0.00366640122471652,0.0169841217646819
