"EnsemblID","GeneSymbol","Class","Chromosome","baseMean","log2FoldChange","lfcSE","pvalue","padj"
"ENSG00000000460.17","C1orf112"," protein_coding","chr1",272.770687384719,1.07202467445338,0.278494740882757,4.67657834859039e-06,4.54379349591646e-05
"ENSG00000000971.16","CFH"," protein_coding","chr1",1506.93143345506,-1.71288995332359,0.338407265254616,1.65917922249868e-08,3.07911030325112e-07
"ENSG00000002079.14","MYH16"," transcribed_unitary_pseudogene","chr7",6.50677178244428,1.34962060679138,0.55137921462401,0.00045643587669815,0.00244391218836498
"ENSG00000003147.19","ICA1"," protein_coding","chr7",2157.73419341571,1.06490849642762,0.220950569164585,6.17314090410994e-08,1.001839037328e-06
"ENSG00000003249.15","DBNDD1"," protein_coding","chr16",701.687398391018,2.48903322732249,0.434321145122641,4.35963220187172e-10,1.1792078500696e-08
"ENSG00000004799.8","PDK4"," protein_coding","chr7",3179.19933706599,-3.37942472123358,0.402053255704134,1.86692088943971e-18,2.49368387775449e-16
"ENSG00000004846.16","ABCB5"," protein_coding","chr7",34.4578188542355,-4.38582215031632,0.892678483003604,4.69693775613925e-08,7.82613992242134e-07
"ENSG00000005001.10","PRSS22"," protein_coding","chr16",505.011875652392,4.08898957783118,0.500464153655597,1.35114004497051e-17,1.53340222306479e-15
"ENSG00000005108.16","THSD7A"," protein_coding","chr7",106.278047568065,-1.79054241062305,0.488837296973951,8.67067150379108e-06,7.86564157825743e-05
"ENSG00000005238.20","FAM214B"," protein_coding","chr9",1197.12286009659,-1.05653949323655,0.241800656865093,4.86026671900578e-07,6.15988040474384e-06
"ENSG00000005249.13","PRKAR2B"," protein_coding","chr7",621.73299183204,-2.12514997699849,0.253789693391025,2.41869131067894e-18,3.16555978072649e-16
"ENSG00000006015.18","REX1BD"," protein_coding","chr19",1337.45272443207,1.00852388017702,0.293648999572889,2.19504496328292e-05,0.000176917840534568
"ENSG00000006016.11","CRLF1"," protein_coding","chr19",42.6787922660124,-2.51962970859929,0.495441387346486,1.42118521623838e-08,2.6803503630834e-07
"ENSG00000006118.15","TMEM132A"," protein_coding","chr11",1028.38739393923,2.43845587248576,0.376945810434327,4.58814242425818e-12,1.86385390246023e-10
"ENSG00000006327.14","TNFRSF12A"," protein_coding","chr16",1081.891294965,1.74663869152383,0.439096075017181,2.62142537321732e-06,2.72537555297527e-05
"ENSG00000006377.11","DLX6"," protein_coding","chr7",24.4436383876869,3.83601971835342,1.03189019858428,6.10431352907659e-06,5.75635701704729e-05
"ENSG00000006555.11","TTC22"," protein_coding","chr1",2674.34237454591,-1.17897515253332,0.251723740224059,1.12999753425835e-07,1.71952461167171e-06
"ENSG00000006606.9","CCL26"," protein_coding","chr7",28.3313944821421,1.4721045822518,0.654598934264179,0.000615470893775591,0.00316642166273072
"ENSG00000006625.18","GGCT"," protein_coding","chr7",924.548715208183,1.11480484868908,0.171579841117661,3.62137684748647e-12,1.50889152395014e-10
"ENSG00000006704.11","GTF2IRD1"," protein_coding","chr7",1922.66537023419,1.95432952493415,0.256273038712445,1.20400645368278e-15,9.63463067511457e-14
"ENSG00000006747.15","SCIN"," protein_coding","chr7",2496.73762292286,-2.75374729185187,0.488031006027444,7.03169893974531e-10,1.7971250723327e-08
"ENSG00000007264.15","MATK"," protein_coding","chr19",141.192308433807,-1.61889806416515,0.295891705236473,1.80544954520026e-09,4.18580580986501e-08
"ENSG00000007306.15","CEACAM7"," protein_coding","chr19",51553.0441884073,-4.74351613178926,0.763281689325269,1.93971951733494e-11,6.87329870018093e-10
"ENSG00000007312.13","CD79B"," protein_coding","chr17",164.808795056024,-2.11729174590912,0.645140522417334,3.14306952471712e-05,0.000241519296006791
"ENSG00000007314.12","SCN4A"," protein_coding","chr17",13.1073255537785,-3.62646751027641,0.390564395579694,1.45234277436318e-11,5.30260312376605e-10
"ENSG00000008300.17","CELSR3"," protein_coding","chr3",544.962210858414,2.31111457462457,0.405836036212856,5.40419260415567e-10,1.42841436112121e-08
"ENSG00000009694.13","TENM1"," protein_coding","chrX",20.9002535535944,-2.8920041416722,0.536770592747282,2.1872358653764e-09,4.9750036242738e-08
"ENSG00000011201.12","ANOS1"," protein_coding","chrX",102.269678160863,1.60881732371625,0.512217664218835,5.46745003854035e-05,0.000391749433445789
"ENSG00000011332.19","DPF1"," protein_coding","chr19",25.2248986152383,1.92492240497062,0.617855684499691,5.90526855797609e-05,0.000419508003621773
"ENSG00000011347.10","SYT7"," protein_coding","chr11",2166.11715966891,1.39951796626821,0.333338230012758,1.05884548937955e-06,1.23315417632872e-05
"ENSG00000011426.11","ANLN"," protein_coding","chr7",1460.84717824245,1.96776290264863,0.304649331807099,4.7190201070655e-12,1.9074714151324e-10
"ENSG00000011465.18","DCN"," protein_coding","chr12",14451.4931773338,-1.971236771315,0.457483234497068,6.03715903903081e-07,7.49346493647656e-06
"ENSG00000012048.23","BRCA1"," protein_coding","chr17",825.785329555386,1.14362695392353,0.288153865073407,2.75105266462108e-06,2.84555982754209e-05
"ENSG00000012124.17","CD22"," protein_coding","chr19",185.153256916014,-2.68436665814608,0.60367777696413,0.00888276424993326,0.0294808711366914
"ENSG00000013293.6","SLC7A14"," protein_coding","chr3",31.4814609167299,-4.71014566731488,0.728999902167183,6.75125982053821e-12,2.64652646443272e-10
"ENSG00000013573.17","DDX11"," protein_coding","chr12",986.548666559884,1.00816410761784,0.204811961851788,3.42830598858071e-08,5.92208386255203e-07
"ENSG00000015285.11","WAS"," protein_coding","chrX",396.160967701954,-1.1758519807874,0.408951099478174,0.0001216355284189,0.0007855244690451
"ENSG00000015520.15","NPC1L1"," protein_coding","chr7",174.232487380238,3.77343320561737,0.835409299479505,2.27914671443981e-07,3.17087629906932e-06
"ENSG00000015592.16","STMN4"," protein_coding","chr8",27.7011278390856,-4.90638162304169,0.564314118586906,5.88840546491678e-19,8.53240466876201e-17
"ENSG00000016402.13","IL20RA"," protein_coding","chr6",896.97626221084,1.23338632692069,0.289519228388014,8.34822020131933e-07,1.00098460027493e-05
"ENSG00000018236.15","CNTN1"," protein_coding","chr12",173.217291346458,-2.68129252828969,0.634495455139025,8.74042076318605e-07,1.04108835644584e-05
"ENSG00000018625.15","ATP1A2"," protein_coding","chr1",643.750937978691,-5.09608151651612,0.644789941388071,1.23637349831851e-16,1.20511144169436e-14
"ENSG00000018869.17","ZNF582"," protein_coding","chr19",26.7827698178064,-2.29941673244724,0.413095780191992,8.08372889887739e-10,2.03239095739553e-08
"ENSG00000021300.14","PLEKHB1"," protein_coding","chr11",1726.44822959182,1.52444881127417,0.450895362147834,2.64142598216731e-05,0.000207441094916977
"ENSG00000022267.19","FHL1"," protein_coding","chrX",3463.74574703839,-3.1816734948847,0.417668500375371,1.11396293231124e-15,8.99428081018862e-14
"ENSG00000023902.14","PLEKHO1"," protein_coding","chr1",1395.67133096751,-1.348367337571,0.467886248503783,0.000117176010893894,0.000759444680829478
"ENSG00000024422.12","EHD2"," protein_coding","chr19",2508.18047294907,-1.06579861484242,0.517083511426157,0.000902373011368545,0.00438610645351355
"ENSG00000025423.11","HSD17B6"," protein_coding","chr12",107.285352323041,-1.77506456675468,0.319507947597219,0.000132791227822734,0.000847118253276395
"ENSG00000025772.8","TOMM34"," protein_coding","chr20",2291.256235537,1.56925339369338,0.222509655000922,8.39456602613909e-14,4.68162927966362e-12
"ENSG00000026103.22","FAS"," protein_coding","chr10",930.119613869743,-1.02062066410065,0.351013473207012,0.000112602606612515,0.000734496665078179
"ENSG00000026508.20","CD44"," protein_coding","chr11",11389.877123631,1.72169874315274,0.218530324652964,2.56874885731173e-16,2.34863240593307e-14
"ENSG00000027869.12","SH2D2A"," protein_coding","chr1",277.945780818334,1.2863196562937,0.358951976570344,1.22175717119157e-05,0.000106315802312429
"ENSG00000029153.14","ARNTL2"," protein_coding","chr12",748.297312227938,2.51902298739556,0.343005711667212,9.16318045255375e-15,6.27465213352299e-13
"ENSG00000029559.7","IBSP"," protein_coding","chr4",16.9922256667684,4.90586856271291,1.4022271676954,1.14930637210253e-05,0.000100794883074045
"ENSG00000030304.14","MUSK"," protein_coding","chr9",105.814723321799,-4.50495443305967,0.364088684618025,1.61408899781582e-36,2.49476669957647e-33
"ENSG00000033122.21","LRRC7"," protein_coding","chr1",41.5671505267154,-1.75214828669657,0.344017512875454,1.90515306293483e-08,3.49957318147927e-07
"ENSG00000033170.17","FUT8"," protein_coding","chr14",1864.34919790826,1.02614019556479,0.283128334878116,1.06056386786493e-05,9.3823336121995e-05
"ENSG00000034239.11","EFCAB1"," protein_coding","chr8",9.36592306243023,-2.06892728982998,0.394997270300807,1.05193395377889e-08,2.04575627751678e-07
"ENSG00000034971.17","MYOC"," protein_coding","chr1",114.183185351898,-6.92971710591752,0.695697428255686,9.85308284571385e-24,3.33136836464771e-21
"ENSG00000036473.8","OTC"," protein_coding","chrX",100.273763686616,-2.89143463012476,0.494387809920587,0.000690745254863589,0.00349714701019535
"ENSG00000036672.16","USP2"," protein_coding","chr11",992.78315056441,-4.79128149057199,0.601146705221766,6.32022724026766e-17,6.55405545573826e-15
"ENSG00000036828.17","CASR"," protein_coding","chr3",20.4530088347418,-4.58375350005495,0.502033462401858,5.97870276414163e-21,1.27668904156914e-18
"ENSG00000037897.17","METTL1"," protein_coding","chr12",529.00258702079,1.52873766603031,0.196993281190692,3.91253472335583e-16,3.47926170001872e-14
"ENSG00000038295.8","TLL1"," protein_coding","chr4",91.869221502077,-3.70900368796348,0.417768597451595,2.17254782174121e-20,4.09979983709745e-18
"ENSG00000039139.9","DNAH5"," protein_coding","chr5",31.0546506263789,1.63210425381871,0.45472671429211,1.15269569281399e-05,0.000101064821170601
"ENSG00000039537.14","C6"," protein_coding","chr5",26.6814365826145,-3.03056093018504,0.699993019124263,0.000100663382294339,0.000665851245671416
"ENSG00000040199.18","PHLPP2"," protein_coding","chr16",2636.28911210124,-2.89190865002047,0.364672040551706,9.59230056825115e-17,9.42347907429216e-15
"ENSG00000040608.14","RTN4R"," protein_coding","chr22",255.700942383046,1.23295181685316,0.287208391677966,7.03023686377323e-07,8.59086677868431e-06
"ENSG00000040731.10","CDH10"," protein_coding","chr5",7.72265026678368,-6.54897090648901,1.35119715118473,1.8441100026354e-13,9.74855414748207e-12
"ENSG00000042445.14","RETSAT"," protein_coding","chr2",9817.64410026437,-1.94738393344579,0.266752386902316,1.10289363417236e-14,7.44235375841296e-13
"ENSG00000042781.14","USH2A"," protein_coding","chr1",13.1751231057803,1.88256647381746,0.476151651026509,3.04310296977752e-06,3.10607032053581e-05
"ENSG00000042832.12","TG"," protein_coding","chr8",154.865147257624,3.13478804122778,0.617466194723948,1.52408588449454e-08,2.85287079809249e-07
"ENSG00000043039.7","BARX2"," protein_coding","chr11",621.015642136825,-1.45185633681759,0.51739076358106,0.000151103308706471,0.000946717148509249
"ENSG00000043355.12","ZIC2"," protein_coding","chr13",22.6396275308341,6.09921163213872,0.862671182293047,1.21151488900182e-05,0.000105566040985828
"ENSG00000044012.4","GUCA2B"," protein_coding","chr1",2571.4602374105,-8.22554941231764,0.877138926313031,1.78051000654626e-22,4.85645325987215e-20
"ENSG00000046653.15","GPM6B"," protein_coding","chrX",379.821738368181,-2.12718256168106,0.512468677404871,1.20405819479438e-06,1.37999014430212e-05
"ENSG00000046889.19","PREX2"," protein_coding","chr8",188.449044802281,-1.90003404880452,0.28002101678216,4.99433231011642e-13,2.4340245964228e-11
"ENSG00000047346.12","FAM214A"," protein_coding","chr15",1057.00753764358,-1.12285131162913,0.181992877912204,2.99138556260013e-11,1.01563172166187e-09
"ENSG00000047457.14","CP"," protein_coding","chr3",336.244206483713,-4.08017282876341,0.395019478610665,1.50943335996598e-26,7.65518562465249e-24
"ENSG00000047634.15","SCML1"," protein_coding","chrX",916.809574628357,1.22372246403563,0.352996103925669,2.00541015916649e-05,0.000163546741070919
"ENSG00000047936.11","ROS1"," protein_coding","chr6",37.1392358147558,-2.7200497626612,0.655295258635427,1.16266181576077e-06,1.33726708773788e-05
"ENSG00000048162.21","NOP16"," protein_coding","chr5",773.902143896908,1.33920229709645,0.17509452792729,9.27086984182868e-16,7.64672574778759e-14
"ENSG00000049089.15","COL9A2"," protein_coding","chr1",949.593835183055,2.07242680655894,0.530917773369695,3.5621932836665e-06,3.57298113724497e-05
"ENSG00000049192.15","ADAMTS6"," protein_coding","chr5",62.1882150866261,1.67346244091168,0.454911911286978,8.34856533973765e-06,7.60319118398442e-05
"ENSG00000049449.10","RCN1"," protein_coding","chr11",1851.2912935524,1.60586832486556,0.217033358250486,6.21220782259214e-15,4.32694938853424e-13
"ENSG00000049768.16","FOXP3"," protein_coding","chrX",100.190194162974,1.18672900206331,0.567844238504575,0.000866782332231102,0.00424152283123128
"ENSG00000050030.16","NEXMIF"," protein_coding","chrX",51.6358351661324,-4.13945919410746,0.540105814063124,1.20514512727109e-15,9.63463067511457e-14
"ENSG00000050344.9","NFE2L3"," protein_coding","chr7",1850.85644690064,2.77421718265034,0.170232100280491,4.93549162730676e-61,5.33987290797076e-57
"ENSG00000050405.13","LIMA1"," protein_coding","chr12",12083.235654978,-1.10370281087955,0.286046015375435,4.15793851204381e-06,4.08964752193691e-05
"ENSG00000050438.17","SLC4A8"," protein_coding","chr12",209.260625030186,1.55198771827203,0.545617742548779,0.000138199446222455,0.000877995229103239
"ENSG00000052749.14","RRP12"," protein_coding","chr10",1827.61130742478,1.62338920384938,0.226718477132403,3.80411616401467e-14,2.30792527946894e-12
"ENSG00000053254.16","FOXN3"," protein_coding","chr14",2730.15120358069,-1.22614246942648,0.185249528442287,1.58605782170201e-12,7.04244388191573e-11
"ENSG00000053328.8","METTL24"," protein_coding","chr6",45.3465016263255,-3.25176031967845,0.621804472091161,7.42945927074073e-09,1.50810124458851e-07
"ENSG00000053438.11","NNAT"," protein_coding","chr20",145.255140897253,-2.30662835945883,0.771812220019959,8.11614746547782e-05,0.000552040893617936
"ENSG00000053524.12","MCF2L2"," protein_coding","chr3",40.9882470851355,-1.22762978006211,0.287230520564126,8.2925520726799e-07,9.95412925943211e-06
"ENSG00000054277.14","OPN3"," protein_coding","chr1",186.638651376643,-1.01962928232608,0.527556410508285,0.00114615575454447,0.00535433556145719
"ENSG00000054356.14","PTPRN"," protein_coding","chr2",91.1447255218711,-1.9511890786517,0.675379217378501,0.000108097267601153,0.00070844736631595
"ENSG00000055044.11","NOP58"," protein_coding","chr2",1909.34075311869,1.14777404664311,0.107279892394205,5.02682063027068e-28,3.39917800036095e-25
"ENSG00000056277.16","ZNF280C"," protein_coding","chrX",201.866564851223,1.31407826413893,0.220397715828493,1.0742438848815e-10,3.24653705916981e-09
"ENSG00000057704.13","TMCC3"," protein_coding","chr12",2737.56312476758,-2.1153052017776,0.436909968776132,4.98663381796198e-08,8.25796737058214e-07
"ENSG00000058404.20","CAMK2B"," protein_coding","chr7",24.8143293202263,-3.24163015502621,0.520852761045484,3.52955700923306e-11,1.17862511734246e-09
"ENSG00000058668.15","ATP2B4"," protein_coding","chr1",4030.61087613293,-1.72788915019437,0.453969893723255,4.94645366406621e-06,4.76981559798755e-05
"ENSG00000059377.18","TBXAS1"," protein_coding","chr7",1376.0210172128,1.27417160936326,0.39664240022264,4.87055179727116e-05,0.00035406129952033
"ENSG00000059728.11","MXD1"," protein_coding","chr2",4849.49378962406,-1.80695329181645,0.315391905933165,4.19430099727485e-10,1.13923532861546e-08
"ENSG00000059915.17","PSD"," protein_coding","chr10",680.481828809246,-4.18561675002746,0.6305008508924,1.38550195842858e-12,6.26331790622214e-11
"ENSG00000060140.9","STYK1"," protein_coding","chr12",898.813912217173,-1.27484603287801,0.392039574605967,3.77736345106987e-05,0.000283546861458894
"ENSG00000060558.4","GNA15"," protein_coding","chr19",433.794318977945,1.23506953174871,0.427811127408286,0.00012894862722158,0.000825525550760957
"ENSG00000060566.14","CREB3L3"," protein_coding","chr19",251.476840552747,-7.44681152792382,0.718265639635114,5.99980332394948e-10,1.56069735296292e-08
"ENSG00000060656.20","PTPRU"," protein_coding","chr1",584.793750704174,1.63583460884098,0.639755386758134,0.000293932909292471,0.00166733211636054
"ENSG00000060718.22","COL11A1"," protein_coding","chr1",284.11484189391,4.54997182759046,0.54510895616394,3.06427082494377e-18,3.88516025140722e-16
"ENSG00000060762.19","MPC1"," protein_coding","chr6",2032.88679628693,-1.35186773261814,0.204167180179561,1.54674309991369e-12,6.89617960673057e-11
"ENSG00000060971.19","ACAA1"," protein_coding","chr3",2737.93075644041,-1.29128335536461,0.24406973436434,5.34379528058049e-09,1.12264664865425e-07
"ENSG00000062038.14","CDH3"," protein_coding","chr16",2050.88160967546,5.39082370920966,0.61085536012074,5.17060238510849e-20,8.97472792598136e-18
"ENSG00000062282.15","DGAT2"," protein_coding","chr11",885.282440066979,1.19703274923636,0.602340924177012,0.00109217424364832,0.00514510763430149
"ENSG00000063015.20","SEZ6"," protein_coding","chr17",17.3299151974665,-2.81744683284365,0.585894609992118,9.16279777737448e-08,1.42914988110534e-06
"ENSG00000064102.15","INTS13"," protein_coding","chr12",977.077835320113,1.06959935471634,0.146388978392684,1.26137757504185e-14,8.45904820882404e-13
"ENSG00000064195.7","DLX3"," protein_coding","chr17",48.2634561043389,3.96115651355948,0.783613936648592,1.17360722346611e-05,0.000102704079965659
"ENSG00000064205.10","CCN5"," protein_coding","chr20",315.280824877421,-5.56583162694621,0.496951443181953,1.57928368167058e-30,1.38541593890983e-27
"ENSG00000064545.15","TMEM161A"," protein_coding","chr19",1488.99720520341,1.29081134747508,0.263157543981612,3.9280863213741e-08,6.668296329454e-07
"ENSG00000064651.14","SLC12A2"," protein_coding","chr5",22048.8772492837,1.90598278596856,0.322062634388241,1.46382833810928e-10,4.31151907426053e-09
"ENSG00000064652.11","SNX24"," protein_coding","chr5",402.19943544708,-1.57416455197467,0.31266348957217,1.93917538451869e-08,3.55804152802192e-07
"ENSG00000064655.19","EYA2"," protein_coding","chr20",469.005816613444,-2.12194517265228,0.801084570495371,0.000208632187657219,0.00125079119818582
"ENSG00000064787.13","BCAS1"," protein_coding","chr20",6537.94242607703,-1.39950389274471,0.445433707250542,5.32746672025359e-05,0.000383157356095703
"ENSG00000064886.14","CHI3L2"," protein_coding","chr1",68.338231029968,-1.65611360834207,0.549838765714543,7.67288897059977e-05,0.000525193231142403
"ENSG00000065154.12","OAT"," protein_coding","chr10",3294.95362435879,-2.41064191116808,0.262973016501227,0.0145282055940306,0.0440748198122296
"ENSG00000065183.16","WDR3"," protein_coding","chr1",1591.08800662944,1.06200105132193,0.132698651029478,5.60983488758392e-17,5.87652773539388e-15
"ENSG00000065268.11","WDR18"," protein_coding","chr19",1583.96849258222,1.09925992047657,0.138022364350555,1.1865473739279e-05,0.000103640889835715
"ENSG00000065325.13","GLP2R"," protein_coding","chr17",278.693810370607,-4.33359517549599,0.387915510747808,2.19930391673911e-30,1.83038478280816e-27
"ENSG00000065328.17","MCM10"," protein_coding","chr10",347.464584816867,1.53921170117371,0.280590879657453,1.90836819532843e-09,4.39049601486995e-08
"ENSG00000065371.17","ROPN1"," protein_coding","chr3",10.0487362894299,-3.84303655920574,0.80403125159682,1.43695568145677e-07,2.12018668868836e-06
"ENSG00000065600.13","PACC1"," protein_coding","chr1",309.745395752983,1.32297893507195,0.20791482499632,8.63791695513029e-12,3.29072193109882e-10
"ENSG00000065609.14","SNAP91"," protein_coding","chr6",25.5531524098865,-2.81317958900093,0.606450128783135,1.69086268065642e-07,2.43920092838871e-06
"ENSG00000065911.13","MTHFD2"," protein_coding","chr2",2128.47218313667,1.55963601140912,0.254075900264388,4.04487944186234e-11,1.33152836636884e-09
"ENSG00000065923.10","SLC9A7"," protein_coding","chrX",364.886721621602,1.40421330302067,0.379553728283164,7.83432079222666e-06,7.19078451570603e-05
"ENSG00000066279.18","ASPM"," protein_coding","chr1",800.735127237889,1.03609134636627,0.250943863381392,1.43584677985667e-06,1.61039097375908e-05
"ENSG00000066405.13","CLDN18"," protein_coding","chr3",102.988873901723,5.81789564009862,1.04428119604651,7.53747137565766e-05,0.000517780414626659
"ENSG00000067113.17","PLPP1"," protein_coding","chr5",1698.48754313297,-1.82778787776243,0.258495046127524,6.06116593733459e-14,3.48200573440719e-12
"ENSG00000067177.15","PHKA1"," protein_coding","chrX",565.617982692235,1.43572295270136,0.242226693283065,1.36016809151626e-10,4.02813283890829e-09
"ENSG00000067840.12","PDZD4"," protein_coding","chrX",163.605248890707,-3.10745148094907,0.473305181773873,2.44929179295206e-12,1.05157556898992e-10
"ENSG00000067842.17","ATP2B3"," protein_coding","chrX",8.65943183871476,-6.67774209185341,1.41508842252595,6.5751803741263e-12,2.58061916062142e-10
"ENSG00000067955.15","CBFB"," protein_coding","chr16",1834.45619120568,1.22646831369737,0.135196846229615,5.52294985031893e-21,1.18717818703081e-18
"ENSG00000068438.15","FTSJ1"," protein_coding","chrX",1358.61708261287,1.00449658105147,0.162977348672994,3.14893387688824e-11,1.06245421804614e-09
"ENSG00000068489.13","PRR11"," protein_coding","chr17",1027.75156593641,1.28379210150967,0.278297634036624,1.75587230500785e-07,2.51620765015209e-06
"ENSG00000068650.18","ATP11A"," protein_coding","chr13",2038.7179366241,1.50642183875133,0.292382498812333,1.16372515421557e-08,2.24567128748686e-07
"ENSG00000068831.19","RASGRP2"," protein_coding","chr11",241.345873003365,-1.471212949506,0.38565893177893,4.85275921159235e-06,4.69760985654234e-05
"ENSG00000068976.14","PYGM"," protein_coding","chr11",175.784560623362,-3.43662669084117,0.520647266489179,1.90757311198816e-12,8.36702811742048e-11
"ENSG00000069011.16","PITX1"," protein_coding","chr5",1616.72592982007,1.64521478075088,0.26224920193058,1.67597272758396e-11,6.03090053125502e-10
"ENSG00000069018.19","TRPC7"," protein_coding","chr5",14.5649921256417,-3.58645581484997,0.460329421677773,8.00034398659873e-16,6.70995258700314e-14
"ENSG00000069764.10","PLA2G10"," protein_coding","chr16",218.867014175818,-1.24130771642836,0.463411456765236,0.000213452483549317,0.00127521456120812
"ENSG00000069974.16","RAB27A"," protein_coding","chr15",2348.13166844925,-1.41691724026525,0.311276836274919,1.86778492530501e-07,2.65547801601182e-06
"ENSG00000070501.12","POLB"," protein_coding","chr8",724.516768566873,1.22121352898397,0.283733759800275,7.09774398822587e-07,8.66736547666799e-06
"ENSG00000070669.17","ASNS"," protein_coding","chr7",38.2975288804858,1.44575095725986,0.313613499320478,1.65003614831243e-07,2.3911620756993e-06
"ENSG00000070718.12","AP3M2"," protein_coding","chr8",760.440381783809,1.24509616051965,0.339326282736268,9.45619569014222e-06,8.4957756784179e-05
"ENSG00000070729.14","CNGB1"," protein_coding","chr16",19.2304428306235,-3.75402937830118,0.576000217702811,2.61162999767823e-12,1.10953254534869e-10
"ENSG00000070756.17","PABPC1"," protein_coding","chr8",73088.4730443709,1.17261591149833,0.210655815865645,1.7980436275744e-09,4.17161544416082e-08
"ENSG00000070759.17","TESK2"," protein_coding","chr1",439.379835566064,-1.20597241080507,0.264308567637511,1.97985273181313e-07,2.79400260735612e-06
"ENSG00000070778.13","PTPN21"," protein_coding","chr14",1187.38864166341,-1.0506209285474,0.191485041676558,1.74220209623414e-09,4.05504296033934e-08
"ENSG00000070808.16","CAMK2A"," protein_coding","chr5",27.4561410081979,-2.27005661084451,0.364558819822421,3.1639576157248e-11,1.06641470707368e-09
"ENSG00000070882.13","OSBPL3"," protein_coding","chr7",1160.95896313131,1.67637343502382,0.127081832438598,4.88398271233662e-41,1.05682873918015e-37
"ENSG00000071539.14","TRIP13"," protein_coding","chr5",715.289440406119,2.26886466037125,0.25311237410612,1.32627762999324e-20,2.60898904935277e-18
"ENSG00000071909.19","MYO3B"," protein_coding","chr2",32.4337152083338,1.93712455727581,0.614323237227679,5.2344602149767e-05,0.000377304263063988
"ENSG00000071967.12","CYBRD1"," protein_coding","chr2",3032.69023801102,-3.02554364689915,0.36537283419586,4.04605961595895e-07,5.26149851822097e-06
"ENSG00000071991.9","CDH19"," protein_coding","chr18",154.395114348559,-6.25830551630916,0.630505463567763,1.02192862237845e-24,4.09503200310613e-22
"ENSG00000072041.17","SLC6A15"," protein_coding","chr12",13.2272999098954,-3.20715168578042,0.753638396017411,1.19787599302934e-06,1.37387487568008e-05
"ENSG00000072163.20","LIMS2"," protein_coding","chr2",1540.70254939097,-2.4716051103207,0.525783667052671,9.90294924771299e-08,1.53647192486744e-06
"ENSG00000072195.15","SPEG"," protein_coding","chr2",694.235691826557,-3.02103164058045,0.667101915720291,2.14582872740686e-07,2.99678693206949e-06
"ENSG00000072609.18","CHFR"," protein_coding","chr12",1077.54090899304,-1.01200725303265,0.419428146894603,0.00042408455009647,0.00229119736978247
"ENSG00000072952.19","IRAG1"," protein_coding","chr11",1305.71144348605,-1.34736311323594,0.483148229588473,0.000155046252456158,0.00096813603114774
"ENSG00000073417.15","PDE8A"," protein_coding","chr15",2482.84560857261,-1.14762440288421,0.276312528505521,1.23903600936368e-06,1.41558010531244e-05
"ENSG00000073464.13","CLCN4"," protein_coding","chrX",241.524739590072,1.51274752119305,0.344626548309458,4.36159237594116e-07,5.60757647200373e-06
"ENSG00000073536.18","NLE1"," protein_coding","chr17",1054.18977707007,1.11390049533055,0.224427286186925,2.99399655670169e-08,5.25292649932019e-07
"ENSG00000073711.11","PPP2R3A"," protein_coding","chr3",646.476077124233,-1.99832370809192,0.232847706398177,4.39941005443342e-19,6.49072961576364e-17
"ENSG00000073734.10","ABCB11"," protein_coding","chr2",327.904179954565,-7.32051742689406,0.844211894975608,3.40170219981846e-19,5.18368309867172e-17
"ENSG00000074276.10","CDHR2"," protein_coding","chr5",4314.00118394751,-3.1364566294738,0.412762840911131,4.97682780162683e-07,6.27575278885794e-06
"ENSG00000074755.15","ZZEF1"," protein_coding","chr17",6142.05612724518,-1.74594480714145,0.305700495617931,4.67091408879785e-10,1.25399941682548e-08
"ENSG00000075035.10","WSCD2"," protein_coding","chr12",38.3164721221726,-3.09131454266617,0.609702249447337,1.59522499115839e-08,2.96720990045954e-07
"ENSG00000075131.10","TIPIN"," protein_coding","chr15",220.592301462527,1.00313799448969,0.200127772285514,2.24094546208485e-08,4.06349764292458e-07
"ENSG00000075142.14","SRI"," protein_coding","chr7",10560.046768573,-1.49763844450958,0.304936771537272,3.60288102166344e-08,6.2005467763071e-07
"ENSG00000075218.19","GTSE1"," protein_coding","chr22",674.346296959871,1.26120262790408,0.272475636086195,1.51365720241658e-07,2.21707064422552e-06
"ENSG00000075275.18","CELSR1"," protein_coding","chr22",1041.17728244452,1.72114211583036,0.420468911372031,1.62755082517006e-06,1.79412455455819e-05
"ENSG00000075290.8","WNT8B"," protein_coding","chr10",4.06628501674991,1.28220554107367,0.951922053130211,0.00307230654366449,0.0122597646661252
"ENSG00000075340.23","ADD2"," protein_coding","chr2",41.4863646523902,-1.64598680215732,0.811726306842366,0.000941663451556754,0.00454220720918846
"ENSG00000075461.6","CACNG4"," protein_coding","chr17",124.4609821354,3.91279994553956,0.877263150311404,2.89462785488241e-07,3.92127841877183e-06
"ENSG00000075702.18","WDR62"," protein_coding","chr19",418.078515032264,1.48640917535636,0.276082645379594,3.27032428498956e-09,7.18674242668864e-08
"ENSG00000075884.14","ARHGAP15"," protein_coding","chr2",225.465427265417,-1.27146221187012,0.348608309968511,9.11541336941929e-06,8.22769986497806e-05
"ENSG00000075891.22","PAX2"," protein_coding","chr10",3.66721573308019,2.41294291504076,1.13638921907089,0.000927444546318571,0.00448762598157546
"ENSG00000076258.10","FMO4"," protein_coding","chr1",310.452462412297,-1.75577161379713,0.29457873336904,1.08060301387759e-10,3.26185487215018e-09
"ENSG00000076356.7","PLXNA2"," protein_coding","chr1",3851.11325507813,-1.24680948458209,0.259092029167341,5.59611992029304e-08,9.18295552946772e-07
"ENSG00000076513.17","ANKRD13A"," protein_coding","chr12",2136.34006165803,-1.01273617181624,0.197819365998483,1.25748407603235e-08,2.40656946579352e-07
"ENSG00000076555.15","ACACB"," protein_coding","chr12",1715.80669071759,-1.89716586711994,0.27913966996762,4.70144671460263e-13,2.30512926680623e-11
"ENSG00000077080.10","ACTL6B"," protein_coding","chr7",4.38753580861048,-4.41450086348634,0.904187396044642,4.27708348083845e-09,9.20594002792139e-08
"ENSG00000077152.11","UBE2T"," protein_coding","chr1",648.448776251267,1.22332671694825,0.254303426285028,6.18202606719937e-08,1.00277962063547e-06
"ENSG00000077157.22","PPP1R12B"," protein_coding","chr1",5227.37573015199,-2.64733718217615,0.442208189850859,9.04192271524386e-11,2.78446610523136e-09
"ENSG00000077348.9","EXOSC5"," protein_coding","chr19",1084.97981248498,1.21348606402459,0.262974782234681,1.60230501653132e-07,2.32800430736677e-06
"ENSG00000077420.16","APBB1IP"," protein_coding","chr10",368.460196891435,-1.17149838987288,0.437297786375113,0.000209810055853525,0.00125646029389183
"ENSG00000077782.21","FGFR1"," protein_coding","chr8",1521.84379151876,-1.02991560793369,0.44999883917646,0.000562732070204206,0.00292898613449136
"ENSG00000077943.8","ITGA8"," protein_coding","chr10",426.960073220675,-1.65815090230544,0.302724533477283,1.73530608969768e-09,4.04340021962723e-08
"ENSG00000078114.19","NEBL"," protein_coding","chr10",2953.94185457423,2.41951444952448,0.233678396702852,2.62208181993689e-26,1.2515813486987e-23
"ENSG00000078549.15","ADCYAP1R1"," protein_coding","chr7",80.6437870241734,-4.61877623642318,0.769493555383326,8.88525100175885e-11,2.74402927702273e-09
"ENSG00000078579.9","FGF20"," protein_coding","chr8",9.32426834902717,7.17825065756052,0.981658143917614,5.2272702029991e-07,6.55843588128894e-06
"ENSG00000078900.15","TP73"," protein_coding","chr1",119.600902601249,1.73594684380806,0.57229745003984,7.58600639124265e-05,0.000520013929138235
"ENSG00000079102.16","RUNX1T1"," protein_coding","chr8",201.253895022696,-1.30454526607028,0.483140329906052,0.000197813418008432,0.00119320347922648
"ENSG00000079335.20","CDC14A"," protein_coding","chr1",631.278479517101,-2.11118809055279,0.327325491308205,4.74227191509464e-12,1.9144858435341e-10
"ENSG00000079385.23","CEACAM1"," protein_coding","chr19",18342.2674432064,-1.51950521047063,0.600436204519295,0.000299936034926094,0.00169575401874781
"ENSG00000079462.8","PAFAH1B3"," protein_coding","chr19",1024.89021683228,1.55217238014434,0.256774096908539,7.84570783362693e-11,2.46044429820157e-09
"ENSG00000079739.17","PGM1"," protein_coding","chr1",4150.50425133002,-1.53275199103541,0.326171540365523,1.02313632107247e-07,1.57912309602331e-06
"ENSG00000080007.8","DDX43"," protein_coding","chr6",83.8871606111479,2.21542920150671,0.758029287002327,0.000102550567910166,0.00067681706653684
"ENSG00000080031.10","PTPRH"," protein_coding","chr19",4694.79044706507,-1.75538775520328,0.374435193434078,1.06132663774073e-07,1.63031424551768e-06
"ENSG00000080293.10","SCTR"," protein_coding","chr2",29.3155860820822,-3.30346990922574,0.546640366502994,7.00634014775237e-11,2.22081824722408e-09
"ENSG00000080493.18","SLC4A4"," protein_coding","chr4",6101.13820242653,-4.5153972343111,0.59955982580876,2.03520663019373e-15,1.56537291001962e-13
"ENSG00000080618.17","CPB2"," protein_coding","chr13",2.18562805553242,2.97926230492684,1.15557979175713,0.000351505289103083,0.00194629114188125
"ENSG00000080644.16","CHRNA3"," protein_coding","chr15",170.883374162765,-2.7858158784909,0.373661021494173,4.05193620460157e-15,2.95545495121254e-13
"ENSG00000080839.12","RBL1"," protein_coding","chr20",561.560999094765,1.19005553501312,0.25373878431355,1.11449079634245e-07,1.70071190727236e-06
"ENSG00000080845.18","DLGAP4"," protein_coding","chr20",3096.42910564712,1.01068754094128,0.186730550894387,2.5945675144675e-09,5.8119028560791e-08
"ENSG00000081041.9","CXCL2"," protein_coding","chr4",619.332981937603,2.0583947496038,0.598312013595701,1.95707977447152e-05,0.000160047607255723
"ENSG00000081059.20","TCF7"," protein_coding","chr5",1347.065139595,1.52383910772664,0.274340330462701,1.40204009429677e-09,3.32656559800326e-08
"ENSG00000081277.13","PKP1"," protein_coding","chr1",219.588609798017,2.3329371367986,0.518110612277498,2.57150600555234e-07,3.52131982666422e-06
"ENSG00000081800.9","SLC13A1"," protein_coding","chr7",11.692738797459,-8.73563389957199,0.94559685174244,1.75242103009127e-06,1.91386547088501e-05
"ENSG00000081853.15","PCDHGA2"," protein_coding","chr5",22.5877890947265,-1.50481574356578,0.474093124239035,5.28075279931522e-05,0.000380134562785924
"ENSG00000082146.13","STRADB"," protein_coding","chr2",1134.66007085641,-1.257648341034,0.223103685184681,7.22867784344815e-10,1.84456309310252e-08
"ENSG00000082175.15","PGR"," protein_coding","chr11",91.4630885947712,-2.61039165701888,0.474515379657988,1.5684248607449e-09,3.67831894003309e-08
"ENSG00000082196.21","C1QTNF3"," protein_coding","chr5",200.794976716273,-1.20892600678761,0.384901338003017,5.4066287778956e-05,0.000387815318568564
"ENSG00000082293.13","COL19A1"," protein_coding","chr6",26.6903902227493,-3.21423304481426,0.466034124877209,3.08989793650543e-13,1.56706105036083e-11
"ENSG00000082397.17","EPB41L3"," protein_coding","chr18",2351.96684481417,-3.14433661402597,0.509684824431008,2.77804310675509e-11,9.5015514393105e-10
"ENSG00000082482.14","KCNK2"," protein_coding","chr1",25.9496138253736,-2.76863874144229,0.533972145301831,1.1553008961734e-08,2.23074101653755e-07
"ENSG00000082512.15","TRAF5"," protein_coding","chr1",1728.2700564514,1.43759560102213,0.273575981306626,7.26545487209965e-09,1.47850867861198e-07
"ENSG00000083635.8","NUFIP1"," protein_coding","chr13",389.551888183205,1.23064201913058,0.219346291459109,8.14321204144664e-10,2.0441792454855e-08
"ENSG00000083782.8","EPYC"," protein_coding","chr12",7.48029689263238,3.22843619111774,1.23373067170699,0.000243666543073808,0.00142445258296066
"ENSG00000083814.13","ZNF671"," protein_coding","chr19",108.252154519085,-1.9806279668259,0.31762329184756,1.71292308454093e-11,6.15022759712716e-10
"ENSG00000084453.16","SLCO1A2"," protein_coding","chr12",8.9265622113341,2.75365507301289,1.1864447777681,0.000452828876632186,0.00242660057416667
"ENSG00000084774.14","CAD"," protein_coding","chr2",2990.34576809872,1.3873521400779,0.212544072224622,3.27734928015229e-12,1.37793008983398e-10
"ENSG00000085265.11","FCN1"," protein_coding","chr9",91.8734731522544,-2.66370034304032,0.484958725810407,0.00554260684794465,0.0200224744652852
"ENSG00000085465.13","OVGP1"," protein_coding","chr1",192.701096184214,1.2938642815601,0.329775045633837,3.35793013334677e-06,3.39855616676549e-05
"ENSG00000085552.17","IGSF9"," protein_coding","chr1",1942.67855533383,-1.99040198865563,0.331151407368453,7.90137700446906e-11,2.47551056767429e-09
"ENSG00000085741.13","WNT11"," protein_coding","chr11",331.566194493512,1.57116799435246,0.608347568264866,0.000278746331827099,0.00159343931638675
"ENSG00000085999.13","RAD54L"," protein_coding","chr1",264.978815667291,1.23876286813124,0.263507976275731,1.09298783910099e-07,1.67261665636681e-06
"ENSG00000086159.13","AQP6"," protein_coding","chr12",12.3563403675666,2.1298714027107,0.812091243096812,0.000242533663900963,0.00141917390713854
"ENSG00000086288.12","NME8"," protein_coding","chr7",4.80539655454497,-1.07614524239797,0.620127298301008,0.00211880499906288,0.00897106348285713
"ENSG00000086506.3","HBQ1"," protein_coding","chr16",2.80346901629163,2.08588143402098,1.25361151084466,0.00225527998302945,0.00945882900751648
"ENSG00000086570.12","FAT2"," protein_coding","chr5",26.6725024592624,-1.08211459895307,0.53021186462672,0.00104398657308048,0.00495043333660281
"ENSG00000086717.18","PPEF1"," protein_coding","chrX",7.59995441761441,2.18858996096574,0.66227323203904,3.05997396649946e-05,0.000236196516063352
"ENSG00000086991.13","NOX4"," protein_coding","chr11",28.8014417251599,1.86627298036997,0.601038914210301,6.00663870802257e-05,0.000425777416870488
"ENSG00000087085.16","ACHE"," protein_coding","chr7",520.201171086744,-1.47530148924515,0.40862528185612,1.05575051064889e-05,9.34229827552934e-05
"ENSG00000087253.13","LPCAT2"," protein_coding","chr16",1928.65847272441,1.21753937287765,0.34285785978549,1.42130509555299e-05,0.000121181546601679
"ENSG00000087269.16","NOP14"," protein_coding","chr4",1578.64556387327,1.21881446151002,0.143401083743989,8.90433967161617e-19,1.25115609117453e-16
"ENSG00000087510.7","TFAP2C"," protein_coding","chr20",197.798409837244,1.8330029814617,0.668506783722477,0.000175548368892215,0.00107752438681988
"ENSG00000087586.18","AURKA"," protein_coding","chr20",1301.84882279296,1.23327486918996,0.29807908291324,1.54923467643491e-06,1.71797263846001e-05
"ENSG00000088002.12","SULT2B1"," protein_coding","chr19",356.963784477274,1.34868325504703,0.431437613489386,5.08532868344825e-15,3.62768348148051e-13
"ENSG00000088256.9","GNA11"," protein_coding","chr19",8234.23218769564,-1.38371790672203,0.31617283290043,4.42655821207802e-07,5.67894175682326e-06
"ENSG00000088305.18","DNMT3B"," protein_coding","chr20",198.481935498706,1.56075539920759,0.357097006193078,4.90557365175216e-07,6.20973515085033e-06
"ENSG00000088325.16","TPX2"," protein_coding","chr20",3204.87605886688,1.62135842385478,0.283670386792005,5.64822070141942e-10,1.48731023316724e-08
"ENSG00000088340.17","FER1L4"," transcribed_unitary_pseudogene","chr20",568.131825604835,2.57718918966161,0.614452824216874,1.05385594453126e-06,1.22866581349122e-05
"ENSG00000088386.17","SLC15A1"," protein_coding","chr13",240.069111414278,-6.7843015651837,0.73191302809892,7.10032841176449e-08,1.13752447970904e-06
"ENSG00000088726.16","TMEM40"," protein_coding","chr3",9.39915040919856,3.93330373835344,1.00667208984085,3.5876557958574e-06,3.59407814265245e-05
"ENSG00000088727.13","KIF9"," protein_coding","chr3",302.347290275488,1.00195817905919,0.176435892626728,5.67100899559028e-10,1.49164999982876e-08
"ENSG00000088756.13","ARHGAP28"," protein_coding","chr18",115.005762158935,-1.140006848629,0.354738267061409,4.2279509269704e-05,0.000312101048868786
"ENSG00000088766.12","CRLS1"," protein_coding","chr20",149.319701045015,1.5620046588974,0.55136218867794,0.000138430809541512,0.000878605243664135
"ENSG00000088826.18","SMOX"," protein_coding","chr20",547.849410902791,2.09216711593487,0.262843564624404,8.67966043856558e-17,8.66844364661421e-15
"ENSG00000088836.14","SLC4A11"," protein_coding","chr20",303.653320818348,4.28140176497048,0.622080833862624,2.52261243939032e-13,1.29760625289589e-11
"ENSG00000088854.12","C20orf194"," protein_coding","chr20",386.737422504337,-2.18953189505581,0.39496620722971,1.22690785243651e-09,2.95203669936133e-08
"ENSG00000088899.15","LZTS3"," protein_coding","chr20",1323.50221348898,2.05152856850567,0.365697678961636,9.08660507867245e-10,2.26002320033372e-08
"ENSG00000088992.18","TESC"," protein_coding","chr12",1395.96153406185,4.5639642853461,0.385315931859505,1.11271172782252e-33,1.20387990872211e-30
"ENSG00000089116.4","LHX5"," protein_coding","chr12",4.67445051813562,3.69190711719594,1.29966418929565,0.000143002765027018,0.000903031857441043
"ENSG00000089169.15","RPH3A"," protein_coding","chr12",9.0050127554462,-3.05927632927928,0.522424498690203,3.03059201788609e-10,8.38592972860586e-09
"ENSG00000089199.10","CHGB"," protein_coding","chr20",528.255520740535,-3.7532720886045,0.81605261396255,4.08903413260629e-09,8.83634286791845e-08
"ENSG00000089327.15","FXYD5"," protein_coding","chr19",2923.26133916264,1.9917102147536,0.265910397893526,3.78022464482122e-15,2.79495515994549e-13
"ENSG00000089351.14","GRAMD1A"," protein_coding","chr19",2914.78802156846,1.62823957814698,0.220535379339888,7.65552812389216e-15,5.2868751456445e-13
"ENSG00000089486.17","CDIP1"," protein_coding","chr16",828.767628313931,-2.13585486454205,0.384758372924068,1.15457556775327e-09,2.81134386932749e-08
"ENSG00000089558.9","KCNH4"," protein_coding","chr17",30.1310216817137,2.04769385064106,0.641756671040573,4.52394478911848e-05,0.000331313628080342
"ENSG00000089685.15","BIRC5"," protein_coding","chr17",1989.04724997959,1.31135426899947,0.322336315397113,1.99216911311119e-06,2.13993356480813e-05
"ENSG00000089723.10","OTUB2"," protein_coding","chr14",202.034977429061,1.99097799542189,0.397907904794714,2.33519602845511e-08,4.20561042490775e-07
"ENSG00000090382.7","LYZ"," protein_coding","chr12",19025.2923989981,2.05061010501489,0.626539299963356,4.10093199855339e-05,0.000304107952499534
"ENSG00000090447.12","TFAP4"," protein_coding","chr16",874.59503165875,1.24688898529989,0.192116828036518,3.84372569749793e-12,1.58916246725309e-10
"ENSG00000090889.12","KIF4A"," protein_coding","chrX",971.072289634459,1.15214415227224,0.255827574211438,2.78862414092291e-07,3.79351057695205e-06
"ENSG00000090932.11","DLL3"," protein_coding","chr19",18.4294479899744,2.29116457333369,0.783388460016879,0.000106385569093304,0.0006988590976787
"ENSG00000091127.14","PUS7"," protein_coding","chr7",893.546867765364,1.73939561201858,0.240327300560444,2.04407805072054e-14,1.30955119379839e-12
"ENSG00000091138.13","SLC26A3"," protein_coding","chr7",82988.2836598983,-4.8705892733554,0.991094226950158,2.85687301209075e-08,5.05056558967547e-07
"ENSG00000091409.15","ITGA6"," protein_coding","chr2",16128.5372446129,1.13373865599432,0.263718552917927,8.09612928173415e-07,9.75611439008512e-06
"ENSG00000091651.9","ORC6"," protein_coding","chr16",336.376808537689,1.45361192993952,0.200163501447994,1.7132580418123e-14,1.10774760002278e-12
"ENSG00000091986.16","CCDC80"," protein_coding","chr3",3556.48921636598,-2.34328256071027,0.53963147497093,5.10891275201163e-07,6.42982125260929e-06
"ENSG00000092009.10","CMA1"," protein_coding","chr14",49.7633526393217,-4.60065673948451,0.518839085311541,4.31237120438159e-20,7.7761635862121e-18
"ENSG00000092051.17","JPH4"," protein_coding","chr14",42.9438652728365,-2.75140723897244,0.433896781712634,1.18466271719856e-11,4.39448942569496e-10
"ENSG00000092421.17","SEMA6A"," protein_coding","chr5",3046.74592062329,-1.79361277214511,0.628156841982221,0.000122695397950948,0.000790638718819115
"ENSG00000092445.12","TYRO3"," protein_coding","chr15",373.70340851284,1.60107749054971,0.363208666592622,4.08701812434518e-07,5.30413571691307e-06
"ENSG00000092607.15","TBX15"," protein_coding","chr1",11.7899527202814,2.13342785710484,0.458044827365731,1.34606137116306e-07,2.00047893705177e-06
"ENSG00000092621.13","PHGDH"," protein_coding","chr1",1247.20061355144,1.01411298175194,0.541684100565218,0.00140695722400531,0.00635943315069641
"ENSG00000092758.18","COL9A3"," protein_coding","chr20",368.828332899226,2.26499756881263,0.348046326293674,3.24485985905882e-12,1.36781378318612e-10
"ENSG00000092850.12","TEKT2"," protein_coding","chr1",3.75058694057164,-1.32752253203585,0.589686478741505,0.000871069521136574,0.0042599328788686
"ENSG00000092853.14","CLSPN"," protein_coding","chr1",399.627418266743,1.20009668895425,0.370809499878114,4.19489900117083e-05,0.000310154969886111
"ENSG00000093009.11","CDC45"," protein_coding","chr22",526.41561107611,1.3654695228906,0.272181333951092,2.29754947931732e-08,4.14990879241412e-07
"ENSG00000093134.15","VNN3"," protein_coding","chr6",11.3649962316813,2.11489457056151,0.893834781389589,0.000451676934354936,0.00242122707436705
"ENSG00000094755.17","GABRP"," protein_coding","chr5",272.642836286479,3.76655875054196,0.640360553221207,1.67546730126144e-10,4.8642502383134e-09
"ENSG00000094804.12","CDC6"," protein_coding","chr17",1080.87374365483,1.62599458222236,0.280255938199628,2.80741008116888e-10,7.83516048276694e-09
"ENSG00000094963.14","FMO2"," protein_coding","chr1",62.6779896409085,-2.86455787289964,0.577351383010841,2.683954313861e-08,4.7760849297862e-07
"ENSG00000095203.14","EPB41L4B"," protein_coding","chr9",7604.05113310755,-1.40205960086124,0.247277296945839,5.99014956368766e-10,1.56069735296292e-08
"ENSG00000095637.22","SORBS1"," protein_coding","chr10",3990.52829557483,-1.85674546898524,0.513389055258658,1.00644695650168e-05,8.96713019877337e-05
"ENSG00000095739.11","BAMBI"," protein_coding","chr10",669.190754432713,1.54714788898102,0.589834103237895,0.000250075947791603,0.0014556967563522
"ENSG00000095752.7","IL11"," protein_coding","chr19",36.1254909861206,2.87830691187262,0.592569859298067,4.40770448725153e-08,7.39355412130285e-07
"ENSG00000096088.16","PGC"," protein_coding","chr6",13.8659363946758,2.59019578717588,0.719045446777542,9.74183868213117e-06,8.72043543607985e-05
"ENSG00000096384.20","HSP90AB1"," protein_coding","chr6",40463.4807191914,1.02521562285952,0.129301654350778,7.50882050984554e-17,7.61629050339271e-15
"ENSG00000097046.13","CDC7"," protein_coding","chr1",344.315441166112,1.19747345282149,0.226359088830001,4.94609223146941e-09,1.04586489673638e-07
"ENSG00000099139.14","PCSK5"," protein_coding","chr9",2029.66450343275,-3.17338631159495,0.499085309411364,8.37357048924169e-12,3.2012879969353e-10
"ENSG00000099625.13","CBARP"," protein_coding","chr19",30.8561915479844,2.21752407832588,0.576386290424629,4.22350151998157e-06,4.15036065200005e-05
"ENSG00000099810.21","MTAP"," protein_coding","chr9",1104.85558551183,1.1517046622551,0.127590645510299,8.37468927092424e-21,1.74247220740807e-18
"ENSG00000099834.19","CDHR5"," protein_coding","chr11",19876.7688951838,-2.84550471804929,0.454673953778704,1.99860036093558e-11,7.05882160122384e-10
"ENSG00000099864.18","PALM"," protein_coding","chr19",521.256885290592,-2.41052905847262,0.452538643000014,3.95911756470211e-09,8.57062985054469e-08
"ENSG00000099889.14","ARVCF"," protein_coding","chr22",739.452305139536,1.27428930166305,0.285212175732634,3.22045390662555e-07,4.30066096336563e-06
"ENSG00000099901.17","RANBP1"," protein_coding","chr22",2973.03960083165,1.14632881487213,0.207011124911829,1.26420752429468e-09,3.02608022297616e-08
"ENSG00000099937.11","SERPIND1"," protein_coding","chr22",16.5806289626845,2.97071975091591,0.813123439850697,8.52837786089661e-06,7.74955455232313e-05
"ENSG00000099953.10","MMP11"," protein_coding","chr22",2228.74944182437,3.37493941527026,0.506873275114186,1.17685857536568e-12,5.34992656011475e-11
"ENSG00000099954.18","CECR2"," protein_coding","chr22",91.0993900002996,2.13552034445316,0.810217400787161,0.000228396163831791,0.00135204863863802
"ENSG00000099985.4","OSM"," protein_coding","chr22",63.5725326898478,1.33531890793447,0.96881514652519,0.00249562787670549,0.0103018046066523
"ENSG00000100036.13","SLC35E4"," protein_coding","chr22",741.908023856957,1.81949272748752,0.342670327867899,4.74072221179464e-09,1.00967428838865e-07
"ENSG00000100068.13","LRP5L"," protein_coding","chr22",254.360394580613,1.09660969696167,0.372368649533639,0.000104026106334596,0.000685162207672142
"ENSG00000100079.7","LGALS2"," protein_coding","chr22",1510.62865209806,-3.50279568836704,0.683318417654681,1.09017674698599e-08,2.11632517067412e-07
"ENSG00000100095.19","SEZ6L"," protein_coding","chr22",28.408145384261,-3.89154854200644,0.539341932046255,2.35740885455919e-14,1.49446829299379e-12
"ENSG00000100105.18","PATZ1"," protein_coding","chr22",2002.19143113494,1.18074878889889,0.161880499281253,1.39007063422651e-14,9.18918791155278e-13
"ENSG00000100146.18","SOX10"," protein_coding","chr22",153.946512892879,-4.19326857335208,0.733921295820841,5.04587244185124e-10,1.34168673152864e-08
"ENSG00000100228.12","RAB36"," protein_coding","chr22",344.687147338456,1.9440163382103,0.623840375236963,5.87453353283534e-05,0.000417507355832646
"ENSG00000100253.13","MIOX"," protein_coding","chr22",17.2599491195087,4.07004446973279,0.888089967067309,1.8036718377736e-07,2.58014823174286e-06
"ENSG00000100285.10","NEFH"," protein_coding","chr22",37.0306417976958,-1.88141434453274,0.430260929034943,4.47480723787061e-07,5.7324648691382e-06
"ENSG00000100292.18","HMOX1"," protein_coding","chr22",2446.80588197526,-1.44581085283659,0.469294305666638,6.42365634552057e-05,0.00045032189560023
"ENSG00000100344.11","PNPLA3"," protein_coding","chr22",26.0742661356461,2.37716427986927,0.761942435629618,5.61776474883033e-05,0.000401279507520983
"ENSG00000100350.15","FOXRED2"," protein_coding","chr22",1206.52127061134,1.5980199980828,0.370286860065236,6.63081011828315e-07,8.14004670269419e-06
"ENSG00000100368.14","CSF2RB"," protein_coding","chr22",804.897752079868,-1.36668887356754,0.422016762968538,3.89953886897998e-05,0.000291370240813426
"ENSG00000100401.20","RANGAP1"," protein_coding","chr22",4676.46432668971,1.15803483404655,0.195893585382142,1.75645171641454e-10,5.06763642767851e-09
"ENSG00000100412.17","ACO2"," protein_coding","chr22",6969.59148491466,-1.03527563855283,0.217672716169421,1.04102031327815e-07,1.60215444895126e-06
"ENSG00000100429.18","HDAC10"," protein_coding","chr22",51.4046682447077,1.56571188528517,0.429169526269526,9.38932585070139e-06,8.44909172337304e-05
"ENSG00000100473.18","COCH"," protein_coding","chr14",87.6477109114348,1.21240989710499,0.411027349875425,0.000104273137739305,0.000686510650049158
"ENSG00000100479.13","POLE2"," protein_coding","chr14",245.814086530555,1.03283468194652,0.224713838340153,1.70182684470896e-07,2.44867844554964e-06
"ENSG00000100490.9","CDKL1"," protein_coding","chr14",325.117400619607,-1.35658921135116,0.151432952982366,1.55976975039745e-20,3.03155727894614e-18
"ENSG00000100526.20","CDKN3"," protein_coding","chr14",605.654036572518,1.11482582824774,0.343622949593521,3.99947101510992e-05,0.000297808741014998
"ENSG00000100557.10","CCDC198"," protein_coding","chr14",17.6365991568533,7.83221545474521,2.03948355391228,1.8133063292656e-06,1.97041502629069e-05
"ENSG00000100604.13","CHGA"," protein_coding","chr14",7545.56958298422,-5.72247586106182,0.882786547083352,3.36126574409876e-12,1.40774146479945e-10
"ENSG00000100625.9","SIX4"," protein_coding","chr14",33.7095755802611,1.75296751872076,0.61529176796866,0.00013000170575216,0.000831775155786243
"ENSG00000100626.17","GALNT16"," protein_coding","chr14",134.997006265005,-3.77126685006571,0.460175697537849,1.21248186703958e-17,1.38573015635108e-15
"ENSG00000100628.12","ASB2"," protein_coding","chr14",493.134168060154,-2.78144759257511,0.486661491413189,4.34569934446746e-10,1.17641959401772e-08
"ENSG00000100665.12","SERPINA4"," protein_coding","chr14",21.1451378936417,6.69062380039265,0.905399170303608,6.8370825751136e-16,5.82462011084087e-14
"ENSG00000100678.19","SLC8A3"," protein_coding","chr14",16.7660401796968,-2.20886192868183,0.367981357795156,8.47464241930381e-11,2.62471320272675e-09
"ENSG00000100814.18","CCNB1IP1"," protein_coding","chr14",1758.38760224678,1.09248345739261,0.183861808295015,1.24773030590073e-10,3.72917405791216e-09
"ENSG00000100867.15","DHRS2"," protein_coding","chr14",51.2553718014301,2.76976018220212,0.502477075145828,1.39816244408945e-09,3.31979199782409e-08
"ENSG00000100889.12","PCK2"," protein_coding","chr14",5336.22241879191,-1.23997578110257,0.223907179483888,0.00648792382981491,0.0228103370524407
"ENSG00000101003.10","GINS1"," protein_coding","chr20",805.963324112668,1.41295857777027,0.331912181818348,8.21764079555953e-07,9.87882166452856e-06
"ENSG00000101049.17","SGK2"," protein_coding","chr20",1733.24474991414,-1.74051470097673,0.487232826633986,1.19622058649972e-05,0.00010434541197691
"ENSG00000101057.16","MYBL2"," protein_coding","chr20",2935.77941392006,1.87323937745392,0.387046920891393,5.74137566207346e-08,9.4022992552765e-07
"ENSG00000101084.18","RAB5IF"," protein_coding","chr20",282.621755488037,3.00070425150177,0.649585374431314,1.4565794205321e-07,2.1444694513634e-06
"ENSG00000101098.13","RIMS4"," protein_coding","chr20",55.5651646521623,-6.54938695851176,0.651549999454095,8.89124451231239e-25,3.60740017975795e-22
"ENSG00000101104.13","PABPC1L"," protein_coding","chr20",615.553739635962,2.59946537121009,0.419608105177915,2.54570763769474e-11,8.75302738392964e-10
"ENSG00000101115.13","SALL4"," protein_coding","chr20",118.991057659804,4.18624593183677,0.475235048765384,5.82296736793534e-20,1.00000991972722e-17
"ENSG00000101144.13","BMP7"," protein_coding","chr20",681.775306083655,2.34919571417574,0.653337652369907,1.11965790123268e-05,9.84074090392919e-05
"ENSG00000101146.13","RAE1"," protein_coding","chr20",1742.1857137052,1.04150640877939,0.254111481660422,1.864646669002e-06,2.02011687524923e-05
"ENSG00000101158.15","NELFCD"," protein_coding","chr20",4010.56583024243,1.12531980472322,0.258905764491596,5.90128914836439e-07,7.3332328934767e-06
"ENSG00000101187.16","SLCO4A1"," protein_coding","chr20",1394.77684483515,3.26853971828116,0.2989315170359,4.37150259773588e-29,3.37833884088836e-26
"ENSG00000101189.7","MRGBP"," protein_coding","chr20",1011.5415070572,1.13623249213412,0.222297380843729,1.48238284617048e-08,2.78283299138239e-07
"ENSG00000101190.13","TCFL5"," protein_coding","chr20",495.585788028964,1.20822642865,0.304895088276207,2.936228525309e-06,3.01023706489196e-05
"ENSG00000101194.18","SLC17A9"," protein_coding","chr20",1556.61315542127,2.11975721585483,0.519997603565029,1.72869292695017e-06,1.89304706555157e-05
"ENSG00000101224.17","CDC25B"," protein_coding","chr20",4454.48015385294,1.93246349517922,0.37154965369191,9.58201813075551e-09,1.88264615307544e-07
"ENSG00000101236.17","RNF24"," protein_coding","chr20",880.030928368961,1.08187771026145,0.236181767318199,1.93302574963581e-07,2.7374410899511e-06
"ENSG00000101255.11","TRIB3"," protein_coding","chr20",1732.78084648726,3.44148064979131,0.380233738169918,6.55388643762044e-21,1.39036631367506e-18
"ENSG00000101265.16","RASSF2"," protein_coding","chr20",839.082313563739,-1.33285931996917,0.382358727194525,1.67092891400996e-05,0.000139457471563217
"ENSG00000101294.18","HM13"," protein_coding","chr20",7452.19155229714,1.22709455118087,0.232197147472098,5.86457091760192e-09,1.22255775750496e-07
"ENSG00000101311.16","FERMT1"," protein_coding","chr20",8763.47016633334,1.36858001174105,0.356100233034913,4.93009925073708e-06,4.75687162545851e-05
"ENSG00000101333.17","PLCB4"," protein_coding","chr20",5528.18410753626,1.2476749868921,0.642092259506579,0.00120774973391271,0.00560016298047695
"ENSG00000101361.17","NOP56"," protein_coding","chr20",4231.96270262435,1.45296659431059,0.189851610430409,9.28217987746722e-16,7.64672574778759e-14
"ENSG00000101407.13","TTI1"," protein_coding","chr20",1306.27327131994,1.0147559279002,0.225763128316183,2.94275230931616e-07,3.96990251270922e-06
"ENSG00000101412.13","E2F1"," protein_coding","chr20",828.852234186564,1.6181179351867,0.268097439882163,7.94035700925995e-11,2.48263059657838e-09
"ENSG00000101441.4","CST4"," protein_coding","chr20",5.58724740858931,4.92452756149889,1.11595099081079,8.13665054053521e-08,1.28578093108419e-06
"ENSG00000101444.13","AHCY"," protein_coding","chr20",10591.0571358416,1.31244362993542,0.274381229687073,8.32304043780781e-08,1.31076781431522e-06
"ENSG00000101489.20","CELF4"," protein_coding","chr18",19.4918693740637,-3.8697197026051,0.547507500882544,9.12517847118428e-14,5.03716059213775e-12
"ENSG00000101605.13","MYOM1"," protein_coding","chr18",280.745828591539,-2.60839383974458,0.459298221492477,5.73332076512484e-10,1.50286432524208e-08
"ENSG00000101670.12","LIPG"," protein_coding","chr18",1214.70674288131,1.0303457923965,0.355494524838603,0.000122918051657339,0.000791602008074187
"ENSG00000101680.15","LAMA1"," protein_coding","chr18",479.679519096738,-2.70904502990962,0.54921162068957,3.12283612549019e-08,5.4499704450029e-07
"ENSG00000101695.9","RNF125"," protein_coding","chr18",732.44992172096,-1.02538525933002,0.358193701437034,0.00012878008832916,0.000824609214241047
"ENSG00000101782.15","RIOK3"," protein_coding","chr18",6022.21839031929,-1.3371840208877,0.342272133500184,3.39765655227724e-06,3.43020641909221e-05
"ENSG00000101844.18","ATG4A"," protein_coding","chrX",728.805904605513,-1.02177288515787,0.16033049317917,7.9566833014923e-12,3.05992922511655e-10
"ENSG00000101938.15","CHRDL1"," protein_coding","chrX",1387.23854502594,-2.47368037104049,0.876268316590773,0.000124164443524298,0.000798836374214403
"ENSG00000101955.15","SRPX"," protein_coding","chrX",740.637543876637,-3.52430370733611,0.446288350871843,1.2838598275006e-16,1.24392603823924e-14
"ENSG00000102003.11","SYP"," protein_coding","chrX",231.884216631026,-2.5122863951693,0.325882259303468,6.32589233596567e-16,5.40331088002036e-14
"ENSG00000102010.15","BMX"," protein_coding","chrX",182.922603538221,-2.84157659112208,0.478582845916663,1.29497203294181e-10,3.8632538828332e-09
"ENSG00000102030.16","NAA10"," protein_coding","chrX",802.374530147027,1.06215736449403,0.265714758235455,2.47623120508811e-06,2.59658315484446e-05
"ENSG00000102048.16","ASB9"," protein_coding","chrX",180.611849435098,1.5676027147723,0.382487067877479,1.52883298506571e-06,1.69733473482513e-05
"ENSG00000102221.14","JADE3"," protein_coding","chrX",643.841321533056,1.29220211641373,0.2279793429293,6.11022499581717e-10,1.58787576392501e-08
"ENSG00000102265.12","TIMP1"," protein_coding","chrX",6883.07381174554,1.19205116686713,0.425888150133852,0.000163949713075223,0.00101593734001443
"ENSG00000102287.19","GABRE"," protein_coding","chrX",1049.62491070024,1.85062260787336,0.508186405316205,9.90820787280871e-06,8.84246937408923e-05
"ENSG00000102359.8","SRPX2"," protein_coding","chrX",650.877616653673,1.71580426277646,0.692058463105941,0.000356289498227632,0.00197042844325652
"ENSG00000102383.14","ZDHHC15"," protein_coding","chrX",32.234229578767,-2.49390204013987,0.353407141426274,6.5369583600803e-14,3.71587731088417e-12
"ENSG00000102384.13","CENPI"," protein_coding","chrX",215.147789534328,1.24935999594175,0.277811338189839,2.89788106558263e-07,3.92404771075014e-06
"ENSG00000102409.10","BEX4"," protein_coding","chrX",610.121567668423,-1.20933038743929,0.28618102398649,3.85802967835636e-15,2.83954483673675e-13
"ENSG00000102468.11","HTR2A"," protein_coding","chr13",23.6614109544186,-1.39026466475233,0.615823768319349,0.000601843923398813,0.00310616156235946
"ENSG00000102678.7","FGF9"," protein_coding","chr13",77.3609876308825,-2.93329235857517,0.484329622289638,5.7555565106633e-11,1.86440971280548e-09
"ENSG00000102854.16","MSLN"," protein_coding","chr16",2498.80828280008,3.39640665149257,0.59963949833337,6.4351959907417e-10,1.66433140611549e-08
"ENSG00000102878.17","HSF4"," protein_coding","chr16",346.79815941713,1.99249745022952,0.504224660641261,2.90311013346962e-06,2.98476872702429e-05
"ENSG00000102886.15","GDPD3"," protein_coding","chr16",541.256461446037,-2.59927896113848,0.299545487283091,1.88323234713539e-19,2.98175392796685e-17
"ENSG00000103021.9","CCDC113"," protein_coding","chr16",302.334406642698,1.84128388037398,0.30518596721729,6.92758739526614e-11,2.19800226466812e-09
"ENSG00000103175.11","WFDC1"," protein_coding","chr16",542.582309194868,-1.09063308737973,0.511596390612422,0.000784017782259509,0.00389643992904289
"ENSG00000103184.12","SEC14L5"," protein_coding","chr16",79.8310020949187,-1.39498136940872,0.697880049570099,0.00102124731791962,0.00485395305975031
"ENSG00000103222.20","ABCC1"," protein_coding","chr16",3065.72191483603,1.46694044561641,0.241648305595143,7.08050562965907e-11,2.23904930398825e-09
"ENSG00000103253.19","HAGHL"," protein_coding","chr16",235.703275050243,3.28163014340918,0.410890271484378,6.21766882543822e-17,6.468368421028e-15
"ENSG00000103257.9","SLC7A5"," protein_coding","chr16",4101.47576753953,3.09574111065692,0.348489617201396,3.67227167319524e-20,6.69632550385231e-18
"ENSG00000103355.13","PRSS33"," protein_coding","chr16",54.925534026597,5.79398038599281,0.847915263064929,0.000703082866814572,0.00354743722851972
"ENSG00000103375.11","AQP8"," protein_coding","chr16",28766.6805291176,-8.7322284757981,1.21675132621332,2.43375917864684e-14,1.53686683697508e-12
"ENSG00000103489.12","XYLT1"," protein_coding","chr16",1549.51719060319,-1.06176382560285,0.185430278348302,4.51578155145598e-10,1.21738569432856e-08
"ENSG00000103494.15","RPGRIP1L"," protein_coding","chr16",273.661766689435,1.17994259512062,0.193731356912697,4.99848829138347e-11,1.63384625339098e-09
"ENSG00000103569.10","AQP9"," protein_coding","chr15",66.504929539553,1.31270271052168,1.57451420535051,0.0035590724384978,0.0138563479919349
"ENSG00000103647.13","CORO2B"," protein_coding","chr15",122.586440610238,-1.83927783565288,0.563063984164655,3.56120305824821e-05,0.000269313906953915
"ENSG00000103710.11","RASL12"," protein_coding","chr15",378.258916311645,-1.40655410836817,0.486836675660829,0.000113953537442777,0.000741520432702018
"ENSG00000103888.17","CEMIP"," protein_coding","chr15",4117.01760685592,5.59808578291867,0.442209502701958,5.07441701645639e-38,9.15030152889674e-35
"ENSG00000103942.13","HOMER2"," protein_coding","chr15",70.6643881732662,-1.44449815269042,0.441701820820767,3.5984768705177e-05,0.000271879334877243
"ENSG00000104043.15","ATP8B4"," protein_coding","chr15",154.267191649584,-1.36019992344765,0.261986103425373,8.31634345591504e-09,1.66111923625902e-07
"ENSG00000104044.16","OCA2"," protein_coding","chr15",65.1551424071801,2.0188950858207,0.900054138676714,0.000573751693718021,0.0029801300167546
"ENSG00000104112.9","SCG3"," protein_coding","chr15",73.7049109128711,-3.57307609190438,0.704132602988608,1.75881413215246e-08,3.24861484233873e-07
"ENSG00000104154.7","SLC30A4"," protein_coding","chr15",655.453239298148,-1.54528135401865,0.335226703113117,1.56519770691262e-07,2.27930069177429e-06
"ENSG00000104237.11","RP1"," protein_coding","chr8",18.1641192622673,4.56272212639892,0.979260139489283,1.16047271201299e-07,1.75765857613242e-06
"ENSG00000104267.10","CA2"," protein_coding","chr8",24813.8734501245,-5.78717945678486,0.580181577060415,4.93049088521326e-25,2.05171632246477e-22
"ENSG00000104290.11","FZD3"," protein_coding","chr8",517.490089077352,1.70288663205924,0.288686383502505,1.71924600612858e-10,4.98243632740369e-09
"ENSG00000104312.8","RIPK2"," protein_coding","chr8",899.91962243734,1.83806262901117,0.310410141591207,1.49405852319214e-10,4.39258619074008e-09
"ENSG00000104324.16","CPQ"," protein_coding","chr8",1109.17580669883,-1.05482703028733,0.418207152006811,0.000319983841457569,0.00179224081553577
"ENSG00000104332.12","SFRP1"," protein_coding","chr8",1222.59333428331,-6.63209054902689,0.552932800829667,8.3163342857299e-35,9.99746586097115e-32
"ENSG00000104341.17","LAPTM4B"," protein_coding","chr8",6223.18676116862,1.61555685103164,0.581070227897481,0.000172317363882948,0.00105989710004031
"ENSG00000104356.11","POP1"," protein_coding","chr8",554.013392115636,1.88954418376491,0.323785396995343,2.33908725209912e-10,6.60766701728748e-09
"ENSG00000104369.5","JPH1"," protein_coding","chr8",1152.68218963879,2.13645746746038,0.276050273541519,4.86950422988847e-16,4.26022556047763e-14
"ENSG00000104371.5","DKK4"," protein_coding","chr8",352.783648384071,8.9181644453071,1.35925775207032,1.5222541939621e-12,6.81507953484439e-11
"ENSG00000104415.14","CCN4"," protein_coding","chr8",214.987453851658,1.90541644604878,0.580346635985703,3.38389849870406e-05,0.000257888183777733
"ENSG00000104435.14","STMN2"," protein_coding","chr8",575.056876653126,-3.44911257977461,0.64453265392032,3.32684600879932e-09,7.29613295632489e-08
"ENSG00000104522.16","GFUS"," protein_coding","chr8",6033.08249420984,1.08701438349224,0.33189888991495,3.70504106544044e-05,0.00027889198261147
"ENSG00000104524.14","PYCR3"," protein_coding","chr8",1029.91741376843,1.85717733001635,0.362618733711124,1.30433220649838e-08,2.4845079083641e-07
"ENSG00000104549.12","SQLE"," protein_coding","chr8",2927.4056312299,1.77769910446864,0.436524824946212,1.83349853995448e-06,1.99035771270376e-05
"ENSG00000104689.10","TNFRSF10A"," protein_coding","chr8",649.595006533398,1.0055028139638,0.243064399675492,1.47087112745542e-06,1.64173091660757e-05
"ENSG00000104728.16","ARHGEF10"," protein_coding","chr8",21.6026752959048,1.26132603021326,0.426983342248572,0.000104348004037855,0.00068686422937755
"ENSG00000104738.18","MCM4"," protein_coding","chr8",5120.82117662076,1.38908445846547,0.299787329901963,1.69583886137713e-07,2.44420682782322e-06
"ENSG00000104756.16","KCTD9"," protein_coding","chr8",1628.89512539653,-1.20570862511175,0.245163307486573,3.5464374186437e-08,6.11313147819104e-07
"ENSG00000104760.17","FGL1"," protein_coding","chr8",4.5361890949738,4.50432724636758,0.936118160829005,0.00989706594495834,0.0322334905118862
"ENSG00000104783.14","KCNN4"," protein_coding","chr19",2727.27723330017,1.46452592894678,0.425682670184337,2.09870785981165e-05,0.000170002145529739
"ENSG00000104833.12","TUBB4A"," protein_coding","chr19",44.7927194622657,-4.16657655779472,0.542783588287378,5.7412597623719e-16,4.9298891366949e-14
"ENSG00000104870.13","FCGRT"," protein_coding","chr19",14708.8415434071,-1.54021743026947,0.269753549241729,4.59047461781628e-10,1.23444594154997e-08
"ENSG00000104881.16","PPP1R13L"," protein_coding","chr19",1348.35143682599,1.18429101039205,0.236525234345991,2.81105152972795e-08,4.97497876509869e-07
"ENSG00000104888.10","SLC17A7"," protein_coding","chr19",44.257173990015,-2.94704535823544,0.372857678145294,1.51688700328333e-16,1.45236337323217e-14
"ENSG00000104889.7","RNASEH2A"," protein_coding","chr19",5.77106812901218,2.33504783137379,0.681194058703849,1.92588074171851e-05,0.000157734638190006
"ENSG00000104892.17","KLC3"," protein_coding","chr19",18.5146468283039,6.53573996893716,0.879546997281914,5.34310879892246e-16,4.63707554533223e-14
"ENSG00000104899.8","AMH"," protein_coding","chr19",59.783021926039,3.55747343167134,0.683304088715696,7.84146078303497e-09,1.57868919519101e-07
"ENSG00000104903.5","LYL1"," protein_coding","chr19",180.093860007209,-1.24048216266133,0.333204126626545,6.87592640878579e-06,6.39664142666578e-05
"ENSG00000104907.12","TRMT1"," protein_coding","chr19",1496.85266833464,1.33315837974982,0.252791729437915,5.79672412676079e-09,1.21152654028591e-07
"ENSG00000104921.15","FCER2"," protein_coding","chr19",85.4767143541179,-2.89605448282588,0.608356867079956,7.14637883951733e-08,1.14433726873731e-06
"ENSG00000105011.9","ASF1B"," protein_coding","chr19",1562.90375556383,1.01717256322471,0.326360676920498,6.57737104689553e-05,0.000459707815331902
"ENSG00000105048.17","TNNT1"," protein_coding","chr19",32.2886113778934,4.14482344535558,0.556226591432599,2.29619467733914e-05,0.000183843735680332
"ENSG00000105131.8","EPHX3"," protein_coding","chr19",34.6475144445489,2.80157761922355,0.665069409625186,0.000935722533412715,0.00452026819311056
"ENSG00000105173.14","CCNE1"," protein_coding","chr19",329.839488257728,1.49249982448213,0.254216663618342,1.94118918880814e-10,5.54152319176206e-09
"ENSG00000105219.10","CCNP"," protein_coding","chr19",89.8670346984286,5.66908692504033,0.530357268913077,1.208076152266e-17,1.38557370142226e-15
"ENSG00000105246.6","EBI3"," protein_coding","chr19",110.948230715893,-1.20443981280792,0.437845434194853,0.000168428730857271,0.00103912939482328
"ENSG00000105258.9","POLR2I"," protein_coding","chr19",213.80729923105,1.13838330128256,0.387151116419666,0.000103293459665813,0.00068088934074593
"ENSG00000105281.12","SLC1A5"," protein_coding","chr19",7509.59048218169,1.12091093119103,0.235235359215439,9.85184160109611e-08,1.53000514204965e-06
"ENSG00000105327.18","BBC3"," protein_coding","chr19",861.307234899143,1.0780243339062,0.284738276143708,5.75024277364969e-06,5.45575504083956e-05
"ENSG00000105369.10","CD79A"," protein_coding","chr19",1106.69079173228,-2.0857606737398,0.662343711887207,4.9126451717201e-05,0.00035664199727956
"ENSG00000105464.3","GRIN2D"," protein_coding","chr19",1119.4633921001,5.65711029581487,0.40472709439566,1.19430512027553e-45,4.84559444923788e-42
"ENSG00000105467.9","SYNGR4"," protein_coding","chr19",20.6917637517976,1.45353675216886,0.920682317659437,0.00198838412801031,0.00850203820668671
"ENSG00000105492.16","SIGLEC6"," protein_coding","chr19",61.0673911625701,-1.98032696139113,0.412618758110478,5.84057082326795e-08,9.5454807543621e-07
"ENSG00000105514.8","RAB3D"," protein_coding","chr19",1189.2674645562,1.03474948100279,0.251042226239309,1.51014975628778e-06,1.67922030796809e-05
"ENSG00000105609.17","LILRB5"," protein_coding","chr19",501.757776453609,-3.28998043195877,0.421070899241287,2.25601300291626e-16,2.11634884533688e-14
"ENSG00000105664.11","COMP"," protein_coding","chr19",123.20464029377,4.16785875066527,0.942834210986866,3.39929789587279e-07,4.51450127267754e-06
"ENSG00000105707.14","HPN"," protein_coding","chr19",59.1075430401427,2.54291970835979,0.768037926365879,0.00640926424087339,0.0225837103917989
"ENSG00000105717.14","PBX4"," protein_coding","chr19",106.850315181706,1.60006055452094,0.254995085442214,1.45429450873412e-11,5.30376305219011e-10
"ENSG00000105737.9","GRIK5"," protein_coding","chr19",111.975520406912,-3.45600207413096,0.498662230229767,1.78553510809679e-13,9.45430645001723e-12
"ENSG00000105750.15","ZNF85"," protein_coding","chr19",89.521339096801,-1.06000474931253,0.530685877242562,0.00103130902584329,0.00489604042135753
"ENSG00000105755.8","ETHE1"," protein_coding","chr19",5783.71118162355,-1.47355301496519,0.310680855511128,8.28830778789915e-08,1.30656578037703e-06
"ENSG00000105784.15","RUNDC3B"," protein_coding","chr7",239.705848147735,-2.34736557948534,0.563955129137172,1.14364673832829e-06,1.31787314134346e-05
"ENSG00000105855.10","ITGB8"," protein_coding","chr7",1124.47990509417,1.15860292046937,0.431045164633371,0.000219167971831565,0.00130551551288474
"ENSG00000105894.12","PTN"," protein_coding","chr7",314.284255668369,-3.27225564268778,0.370699108869685,4.25746296315255e-20,7.72004094178802e-18
"ENSG00000105948.13","TTC26"," protein_coding","chr7",261.903353344182,1.69250578817497,0.217830208834758,3.64318980401567e-16,3.24864435875661e-14
"ENSG00000105976.16","MET"," protein_coding","chr7",4282.33920968268,1.77718182958324,0.185614400048499,3.8143733515825e-23,1.22581119055114e-20
"ENSG00000105988.6","NHP2P1"," processed_pseudogene","chr10",5.41124988275326,1.42367206126535,0.789642337631876,0.00147702916057921,0.00662265678879404
"ENSG00000105989.10","WNT2"," protein_coding","chr7",146.668655366008,5.40568409540247,0.572734668720315,1.69716686604097e-22,4.66835950321676e-20
"ENSG00000106089.12","STX1A"," protein_coding","chr7",253.863626695262,1.64034075379316,0.353879779709098,1.50855076202158e-07,2.21158720116064e-06
"ENSG00000106105.15","GARS1"," protein_coding","chr7",4655.36458319145,1.23360180154921,0.157547610159811,2.27687756974617e-16,2.12859176848968e-14
"ENSG00000106125.14","MINDY4"," protein_coding","chr7",25.6262542559244,1.16890344749182,0.453609851365756,0.000279524296109293,0.00159676163377603
"ENSG00000106178.7","CCL24"," protein_coding","chr7",3148.84171034646,1.97374816408712,0.487525227633408,1.93389004185801e-06,2.08677536498096e-05
"ENSG00000106263.18","EIF3B"," protein_coding","chr7",9110.32046574717,1.03488776108199,0.177418668665057,1.37758018307502e-10,4.06856210939482e-09
"ENSG00000106278.12","PTPRZ1"," protein_coding","chr7",67.3285731803893,-5.07198300775785,0.563949624910809,1.13008571705347e-20,2.25032651559029e-18
"ENSG00000106327.13","TFR2"," protein_coding","chr7",168.619050533676,3.20391372484073,0.444818118478301,2.57677564840159e-14,1.61150258180768e-12
"ENSG00000106344.8","RBM28"," protein_coding","chr7",1151.54259146211,1.08410192539529,0.160378452955673,6.30044654897737e-13,3.02962806054381e-11
"ENSG00000106351.13","AGFG2"," protein_coding","chr7",2415.6089112199,-1.54486587209288,0.218523557902984,6.8136188328804e-14,3.86637133002853e-12
"ENSG00000106404.14","CLDN15"," protein_coding","chr7",875.991119107604,-2.46712945445814,0.33410636376218,0.000548468869569396,0.00286854698170858
"ENSG00000106462.11","EZH2"," protein_coding","chr7",1067.2490010657,1.04206012181208,0.19812546246024,6.13364361448962e-09,1.26967987524939e-07
"ENSG00000106484.16","MEST"," protein_coding","chr7",2022.63609288134,1.12674161835639,0.238800124527252,9.96297385004131e-08,1.54504636992184e-06
"ENSG00000106511.6","MEOX2"," protein_coding","chr7",56.1218183155859,-2.66113199412982,0.415416290420665,5.96680250630374e-12,2.34752091817705e-10
"ENSG00000106536.21","POU6F2"," protein_coding","chr7",98.6835465206145,4.37487805627978,0.967784238227878,2.1077254308834e-07,2.95008848795228e-06
"ENSG00000106571.15","GLI3"," protein_coding","chr7",315.597466080245,-1.91109770765215,0.550900704337962,1.71333333557622e-05,0.000142301364908222
"ENSG00000106628.11","POLD2"," protein_coding","chr7",4167.31812246522,1.14363670574217,0.244537804451574,1.54634694522727e-07,2.25883569523793e-06
"ENSG00000106686.16","SPATA6L"," protein_coding","chr9",120.722344491825,1.13599087508503,0.392197672660718,0.000122782028323355,0.000791039911734709
"ENSG00000106789.13","CORO2A"," protein_coding","chr9",3920.20560983252,-1.08423192934745,0.258104454538319,1.18422047290592e-06,1.359173554087e-05
"ENSG00000106823.12","ECM2"," protein_coding","chr9",188.98412205627,-1.8028414581128,0.403382825910976,3.00849135256582e-07,4.05017056497641e-06
"ENSG00000106853.20","PTGR1"," protein_coding","chr9",1474.87950050504,-1.95042592413103,0.211626398895685,0.00162252396615104,0.00717296144011582
"ENSG00000106927.12","AMBP"," protein_coding","chr9",42.4328429203867,1.20532275199391,0.830872584963746,0.00239182424137342,0.00992633054935412
"ENSG00000107159.13","CA9"," protein_coding","chr9",2056.99712391564,5.96709822211301,0.868802654914129,2.75221319422738e-13,1.40679269068082e-11
"ENSG00000107185.10","RGP1"," protein_coding","chr9",1822.85253647119,-1.02510354285615,0.134408831305855,1.10507152401013e-15,8.96710288158016e-14
"ENSG00000107281.10","NPDC1"," protein_coding","chr9",4322.64238432324,1.23180410770158,0.382134921684098,4.52523904873881e-05,0.000331333654509281
"ENSG00000107338.10","SHB"," protein_coding","chr9",686.298104416954,1.42667311911323,0.192186150985686,5.23598674097476e-15,3.71881088924636e-13
"ENSG00000107518.18","ATRNL1"," protein_coding","chr10",35.7057746762408,-1.99742227221452,0.489822224987649,1.75810243950705e-06,1.91813408341243e-05
"ENSG00000107537.14","PHYH"," protein_coding","chr10",2481.71461966541,-1.03197279878224,0.276261259598033,6.75238950559448e-06,6.30158305269079e-05
"ENSG00000107562.16","CXCL12"," protein_coding","chr10",3565.49765568002,-2.86243466312503,0.365231239862988,2.04058855410226e-16,1.93100359443298e-14
"ENSG00000107611.16","CUBN"," protein_coding","chr10",34.7598642300141,-7.62990142611747,0.248779299131969,0.000191404232432673,0.00115971599333577
"ENSG00000107719.9","PALD1"," protein_coding","chr10",1091.40445637988,1.43511980715933,0.552871356758714,0.00028019868186557,0.00160005081210286
"ENSG00000107736.21","CDH23"," protein_coding","chr10",119.892772622944,-2.08217177489241,0.289893262079201,3.28691351229105e-14,2.02058027996104e-12
"ENSG00000107807.13","TLX1"," protein_coding","chr10",71.8290905908258,2.80468823320378,0.633031705855286,3.60472764162831e-07,4.75039585026276e-06
"ENSG00000107815.10","TWNK"," protein_coding","chr10",835.912512223693,1.53883377428816,0.177244203811202,2.88155533254778e-19,4.47509679348497e-17
"ENSG00000107833.10","NPM3"," protein_coding","chr10",987.533693786615,1.26385707532112,0.336807037076898,7.02783661802113e-06,6.52673879678769e-05
"ENSG00000107864.15","CPEB3"," protein_coding","chr10",388.846007394317,-1.23582867498469,0.271715551679878,2.30897901453801e-07,3.20962915862419e-06
"ENSG00000107937.19","GTPBP4"," protein_coding","chr10",2007.61819984941,1.07390549165229,0.0796643107369992,9.01199408923354e-43,2.43759420123618e-39
"ENSG00000107984.10","DKK1"," protein_coding","chr10",20.5003155585131,4.76043498022153,0.639252115870132,0.000148840766714556,0.000935167171122929
"ENSG00000108018.15","SORCS1"," protein_coding","chr10",137.744907518949,-5.27625878456462,0.493915575521549,1.15067453947336e-27,6.9164063337456e-25
"ENSG00000108106.14","UBE2S"," protein_coding","chr19",993.130124361645,1.66035069161999,0.291639415234487,5.55729560402767e-10,1.46649350175228e-08
"ENSG00000108231.14","LGI1"," protein_coding","chr10",47.3759730501419,-4.98651022679403,0.550426662236688,9.23148845537887e-21,1.86847243795285e-18
"ENSG00000108242.13","CYP2C18"," protein_coding","chr10",145.045196521352,-2.70747361400761,0.491020656667608,0.00158861205074735,0.0070480002656038
"ENSG00000108244.17","KRT23"," protein_coding","chr17",1147.44998489646,7.26690711726755,0.735473726488405,2.17733273849937e-24,8.31433717955442e-22
"ENSG00000108375.13","RNF43"," protein_coding","chr17",3398.30494507766,2.4853676453067,0.318211442331061,2.48287074131737e-16,2.28297502894275e-14
"ENSG00000108379.10","WNT3"," protein_coding","chr17",99.5970722899771,1.67384620783141,0.504270643839408,3.06836786976236e-05,0.000236675580600634
"ENSG00000108381.11","ASPA"," protein_coding","chr17",120.23780257972,-4.75739306853891,0.377938674854215,2.49211234891725e-26,1.20729824807696e-23
"ENSG00000108465.15","CDK5RAP3"," protein_coding","chr17",261.83201236433,1.63194494179857,0.433076955161321,6.12561640315172e-06,5.77309109214572e-05
"ENSG00000108511.10","HOXB6"," protein_coding","chr17",795.407689640233,1.52869290429002,0.455809173771017,2.84567867516228e-05,0.000221368776427315
"ENSG00000108773.11","KAT2A"," protein_coding","chr17",2597.43782318655,1.75340944831531,0.203569980397462,3.81110581504726e-19,5.72689224744463e-17
"ENSG00000108813.11","DLX4"," protein_coding","chr17",28.6145755561551,2.7013078490444,0.352338492989872,8.83908682659702e-16,7.35638667224836e-14
"ENSG00000108821.14","COL1A1"," protein_coding","chr17",37347.642435659,1.31469764770547,0.739173094801424,0.00192859259261127,0.00828896429700431
"ENSG00000108852.15","MPP2"," protein_coding","chr17",123.125717504826,-2.29841269926553,0.49660591019367,1.4538134413182e-07,2.1419826000139e-06
"ENSG00000108924.14","HLF"," protein_coding","chr17",242.899456968514,-1.48156799152298,0.547515474387098,0.000192806929440758,0.0011673432784533
"ENSG00000109065.12","NAT9"," protein_coding","chr17",1164.05669156216,1.0176351270549,0.209184852988215,4.33777718107359e-08,7.30267488295055e-07
"ENSG00000109084.14","TMEM97"," protein_coding","chr17",2148.89251108556,1.86349741259433,0.247382461705799,2.71963491769986e-15,2.0481185651671e-13
"ENSG00000109099.16","PMP22"," protein_coding","chr17",2117.21411153642,-2.42828262067279,0.232164208860002,1.00607934662428e-06,1.17719262554906e-05
"ENSG00000109132.7","PHOX2B"," protein_coding","chr4",34.6860806931765,-6.91088889618828,0.819659310780823,3.97543794850656e-19,5.94630253145742e-17
"ENSG00000109182.12","CWH43"," protein_coding","chr4",974.821552742936,-3.92911594211879,0.76608896534066,1.05024956589433e-08,2.04370506053947e-07
"ENSG00000109205.16","ODAM"," protein_coding","chr4",108.154350955097,3.01334191952007,0.864636792694214,1.58063348400288e-05,0.000133050315414329
"ENSG00000109255.11","NMU"," protein_coding","chr4",122.636107256355,2.80797718013187,0.622898181959096,2.48215117851442e-07,3.4225005502218e-06
"ENSG00000109265.14","CRACD"," protein_coding","chr4",1531.0310592474,-1.43767701280918,0.446914931059188,4.1398764871186e-05,0.000306785641595652
"ENSG00000109321.11","AREG"," protein_coding","chr4",2872.83572116906,2.53676051659469,0.641566395675426,3.00080012057363e-06,3.07061697079379e-05
"ENSG00000109339.24","MAPK10"," protein_coding","chr4",178.350892644976,-1.97552047033348,0.321083201067872,3.33942531369755e-11,1.1185868610113e-09
"ENSG00000109511.12","ANXA10"," protein_coding","chr4",27.3371087337026,2.1986948188893,1.09071688880241,0.000875237040103085,0.0042777358602117
"ENSG00000109576.14","AADAT"," protein_coding","chr4",278.183411826077,1.34027930782327,0.207754853417027,4.97713755312563e-12,1.99835676009143e-10
"ENSG00000109610.6","SOD3"," protein_coding","chr4",4405.20969058423,1.11382802604455,0.542084013237968,0.000951597360596647,0.00458535438394388
"ENSG00000109674.4","NEIL3"," protein_coding","chr4",136.256753875542,1.12560695999667,0.27773182945866,1.88869674890268e-06,2.04480717397875e-05
"ENSG00000109805.10","NCAPG"," protein_coding","chr4",635.380407241334,1.28507358364104,0.250930885247722,1.28131923297377e-08,2.44497705254924e-07
"ENSG00000109832.14","DDX25"," protein_coding","chr11",3.67009744867742,-3.39231334625973,0.697410701526521,4.63266421189378e-08,7.73890967522637e-07
"ENSG00000109846.9","CRYAB"," protein_coding","chr11",831.775867196175,-2.63164873373143,0.426367164427331,2.80551213504508e-11,9.57532206932632e-10
"ENSG00000110013.13","SIAE"," protein_coding","chr11",6487.72673707344,-1.41222743682233,0.288962853711268,4.13012136367734e-08,6.98933676862561e-07
"ENSG00000110077.14","MS4A6A"," protein_coding","chr11",1507.54775984293,-1.49293740363192,0.465070881326563,4.24230353983063e-05,0.000312875910692621
"ENSG00000110090.13","CPT1A"," protein_coding","chr11",9231.38672985766,-1.28719561662627,0.265825274067654,5.14581907316055e-08,8.50810883718485e-07
"ENSG00000110092.4","CCND1"," protein_coding","chr11",5043.63453049713,1.61871205733101,0.183776638224268,4.67515867004451e-20,8.20250270877323e-18
"ENSG00000110104.13","CCDC86"," protein_coding","chr11",771.226657114742,1.44907578165821,0.226638516114406,7.16067042015756e-12,2.78348551493981e-10
"ENSG00000110195.14","FOLR1"," protein_coding","chr11",250.029002423142,4.81603659544939,0.655617367392144,8.38651676266455e-15,5.77939620132836e-13
"ENSG00000110324.11","IL10RA"," protein_coding","chr11",1087.3623655787,-1.53280610286275,0.382355504317045,2.2007524483875e-06,2.33896604354164e-05
"ENSG00000110375.3","UPK2"," protein_coding","chr11",2.8029607058449,1.32880692624439,1.16938100684656,0.00376458454987774,0.0145102583208564
"ENSG00000110400.11","NECTIN1"," protein_coding","chr11",5170.61010439955,1.0764774716545,0.311972625345478,2.3518615817478e-05,0.000187651728663643
"ENSG00000110536.14","PTPMT1"," protein_coding","chr11",109.954854515708,1.23710654291978,0.467650831747324,0.000234232885819246,0.00137830511383631
"ENSG00000110680.13","CALCA"," protein_coding","chr11",17.2056129806086,4.33686529156144,0.977861408545073,3.36398350454567e-07,4.47676000781236e-06
"ENSG00000110848.8","CD69"," protein_coding","chr12",190.068751453608,-1.13834343226455,0.389125955563817,0.000105047637248371,0.00069118917693242
"ENSG00000110881.12","ASIC1"," protein_coding","chr12",429.752447455314,1.91019419362089,0.378820848428633,1.96194370415379e-08,3.59372284138961e-07
"ENSG00000110900.16","TSPAN11"," protein_coding","chr12",628.135170562663,-1.35681128485475,0.425921314752877,4.63745040942341e-05,0.000338328535376635
"ENSG00000110911.16","SLC11A2"," protein_coding","chr12",3394.32954251957,1.06918205786836,0.259876054030411,1.89648228824562e-06,2.05255158759174e-05
"ENSG00000110944.9","IL23A"," protein_coding","chr12",71.1877223015909,2.61975215387897,0.383785360076416,3.94485223209163e-13,1.95782895641024e-11
"ENSG00000110975.8","SYT10"," protein_coding","chr12",13.0862359371555,-6.62506925529801,0.988721752290791,1.26573211865888e-19,2.09607821976683e-17
"ENSG00000111012.10","CYP27B1"," protein_coding","chr12",105.091462563483,1.68884437017232,0.320035414053372,5.29410305000962e-09,1.11292744039645e-07
"ENSG00000111077.18","TNS2"," protein_coding","chr12",1980.90056654913,-1.27944958239473,0.27478953873389,1.27041600578522e-07,1.90023791316944e-06
"ENSG00000111110.12","PPM1H"," protein_coding","chr12",1158.65029572239,2.27138856449003,0.200924657086203,6.13649713599134e-31,5.64021704021579e-28
"ENSG00000111206.13","FOXM1"," protein_coding","chr12",1517.23688745112,1.08738674321999,0.292455655367208,8.50680436148764e-06,7.73211582092316e-05
"ENSG00000111249.14","CUX2"," protein_coding","chr12",8.70861939215814,-3.3142061108773,0.597865091338314,1.91704051673759e-09,4.40674936914085e-08
"ENSG00000111300.10","NAA25"," protein_coding","chr12",1032.57155197531,1.02030359403443,0.124775818832741,1.36663210760996e-17,1.54557996337297e-15
"ENSG00000111331.13","OAS3"," protein_coding","chr12",3514.44679557448,1.13177803329197,0.44465907200206,0.000326497589853626,0.0018241949613259
"ENSG00000111335.13","OAS2"," protein_coding","chr12",1713.19033432007,1.24212162324037,0.684993551948023,0.00148196232816374,0.00664110634371652
"ENSG00000111339.12","ART4"," protein_coding","chr12",10.5707515893809,-2.40364332427657,0.578494495318944,9.37938119846501e-07,1.10623530138001e-05
"ENSG00000111344.11","RASAL1"," protein_coding","chr12",775.638000554526,1.76746277427355,0.398600556348773,3.81242686925934e-07,5.00285746283665e-06
"ENSG00000111404.7","RERGL"," protein_coding","chr12",95.5738331796095,-5.02583787242974,0.680363747093159,9.45701480202047e-15,6.44865097571387e-13
"ENSG00000111424.12","VDR"," protein_coding","chr12",6086.62040610309,-1.45039929214394,0.254009830771623,4.67069356487636e-10,1.25399941682548e-08
"ENSG00000111490.15","TBC1D30"," protein_coding","chr12",114.078515573024,1.08783211577564,0.268972274237696,1.94724071061287e-06,2.09908797692038e-05
"ENSG00000111641.12","NOP2"," protein_coding","chr12",19.2518623647216,1.09111684191164,0.341120543811266,4.60183641647444e-05,0.000336335074095761
"ENSG00000111684.11","LPCAT3"," protein_coding","chr12",1046.04573549044,-1.33313654379835,0.282549769953224,9.42615200314574e-08,1.46810960517325e-06
"ENSG00000111700.13","SLCO1B3"," protein_coding","chr12",29.0989526917182,5.18425712739603,0.792657281014592,2.41256030727793e-12,1.03717725104142e-10
"ENSG00000111716.14","LDHB"," protein_coding","chr12",380.840485342204,1.40519558042649,0.348648619743753,2.24277065977809e-06,2.37584367085761e-05
"ENSG00000111727.12","HCFC2"," protein_coding","chr12",478.587366738809,-1.20292265284838,0.201748118795908,1.06489166720556e-10,3.22427740057446e-09
"ENSG00000111732.11","AICDA"," protein_coding","chr12",4.26546797334426,-4.65119294108098,0.691736463175307,0.00770019872628162,0.0262341818261414
"ENSG00000111796.4","KLRB1"," protein_coding","chr12",163.763578815937,-1.55777936693945,0.429332648669307,9.52417466014032e-06,8.54395827688953e-05
"ENSG00000111863.13","ADTRP"," protein_coding","chr6",1607.41393393544,-3.43028372561008,0.511365341132039,8.14277879874691e-13,3.82790550548838e-11
"ENSG00000111912.20","NCOA7"," protein_coding","chr6",3658.80299183109,1.20671963963182,0.296583738020675,2.09805487903802e-06,2.23787923969162e-05
"ENSG00000111962.8","UST"," protein_coding","chr6",153.382691511188,-2.5600720862163,0.280788110506444,3.5906151503816e-21,7.92817595585618e-19
"ENSG00000111981.5","ULBP1"," protein_coding","chr6",18.1946062663903,3.39753820080756,0.504684307854395,8.37752948212364e-13,3.91812466759033e-11
"ENSG00000112115.7","IL17A"," protein_coding","chr6",9.76066332690714,3.92330243456308,0.906279574631042,6.46277760281443e-07,7.96388896857064e-06
"ENSG00000112139.16","MDGA1"," protein_coding","chr6",178.683151053481,-1.29881355330828,0.602789863297882,0.000732264342179161,0.00367127525771567
"ENSG00000112182.15","BACH2"," protein_coding","chr6",68.6045680181184,-2.00980229429397,0.3001272515758,0.00306354015528151,0.0122323024185173
"ENSG00000112183.15","RBM24"," protein_coding","chr6",120.373485586617,-2.53415592505524,0.602802018077483,9.58412266701887e-07,1.12833316476641e-05
"ENSG00000112232.10","KHDRBS2"," protein_coding","chr6",16.6170043747134,-5.56441371148763,0.709907813982877,2.45969608017496e-16,2.27455314445353e-14
"ENSG00000112245.12","PTP4A1"," protein_coding","chr6",17.6862429667674,-1.07566165197811,0.318626821260408,2.64711167361598e-05,0.000207837326323724
"ENSG00000112378.12","PERP"," protein_coding","chr6",14378.0644011804,1.10879389183148,0.214470961743584,1.22825533892728e-08,2.35340683535429e-07
"ENSG00000112541.17","PDE10A"," protein_coding","chr6",158.998323710453,1.24460005603409,0.578820535981968,0.000780806497783219,0.003884643976862
"ENSG00000112559.15","MDFI"," protein_coding","chr6",353.823550195465,3.34159642614357,0.420862446862992,9.22273577722652e-17,9.13960730214758e-15
"ENSG00000112578.10","BYSL"," protein_coding","chr6",839.036300489313,1.40393593511944,0.142719023552167,3.64147403961051e-24,1.3132773819742e-21
"ENSG00000112619.8","PRPH2"," protein_coding","chr6",28.2414001845355,-1.74988533832258,0.302853127859915,2.90059214076402e-10,8.07439277057621e-09
"ENSG00000112655.16","PTK7"," protein_coding","chr6",2427.72810546221,1.55380446759474,0.395873206916829,3.38693872873008e-06,3.42044982131677e-05
"ENSG00000112761.21","CCN6"," protein_coding","chr6",101.114371494079,6.10272170343205,1.03181725732071,1.33774967279081e-10,3.97261471907082e-09
"ENSG00000112782.19","CLIC5"," protein_coding","chr6",4815.21925544817,-2.06403700662704,0.321010271042408,5.58315610229614e-12,2.21537996049301e-10
"ENSG00000112799.9","LY86"," protein_coding","chr6",148.20901495717,-1.32621466756322,0.42676871618543,5.85091447949531e-05,0.000416193254822395
"ENSG00000112818.10","MEP1A"," protein_coding","chr6",17047.6068991435,-3.24198220300016,0.609014914022059,3.85826526773879e-09,8.37669391707462e-08
"ENSG00000112877.8","CEP72"," protein_coding","chr5",236.023318201084,1.59852886973566,0.251997481182987,9.59358373136892e-12,3.61239606441731e-10
"ENSG00000112936.19","C7"," protein_coding","chr5",2510.56214070081,-4.81346761993358,0.559955482472612,3.45155103443164e-19,5.23506745213001e-17
"ENSG00000112964.14","GHR"," protein_coding","chr5",330.950645975237,-2.96990786179282,0.52120155954901,5.04713629674187e-10,1.34168673152864e-08
"ENSG00000112984.12","KIF20A"," protein_coding","chr5",763.805038955151,1.33926247786816,0.30568685305982,4.73154060404512e-07,6.015524673956e-06
"ENSG00000113205.5","PCDHB3"," protein_coding","chr5",20.1668933911498,-1.25541864105008,0.491500669467516,0.000313323409058743,0.00175981816860798
"ENSG00000113296.14","THBS4"," protein_coding","chr5",261.289817296951,-3.55929192088227,0.775536287726389,1.57399828372912e-07,2.28892635722579e-06
"ENSG00000113356.13","POLR3G"," protein_coding","chr5",127.724454361271,1.22305312341656,0.290849039322652,1.01384561987914e-06,1.18499824018859e-05
"ENSG00000113396.13","SLC27A6"," protein_coding","chr5",25.0767583650582,-3.53245210218994,0.560976460371613,2.29151212708481e-11,7.95485568138167e-10
"ENSG00000113460.13","BRIX1"," protein_coding","chr5",1008.30066651193,1.16719144529203,0.141774049933748,8.3591731926237e-18,9.83050882196304e-16
"ENSG00000113569.16","NUP155"," protein_coding","chr5",1503.03034266862,1.05277663525052,0.154099664934346,3.79168646283579e-13,1.89339321862652e-11
"ENSG00000113580.15","NR3C1"," protein_coding","chr5",1209.31430894065,-2.39649060649262,0.304969610748446,1.68451020519126e-16,1.60339683988557e-14
"ENSG00000113739.10","STC2"," protein_coding","chr5",412.286919851892,2.5712232652199,0.684778500484654,5.96295696425803e-06,5.63287709970568e-05
"ENSG00000113805.8","CNTN3"," protein_coding","chr3",201.089430885668,-2.72431674411303,0.655038582837463,1.09918730312495e-06,1.2741936244582e-05
"ENSG00000113946.4","CLDN16"," protein_coding","chr3",23.186610453004,2.15129218692603,0.689909332406106,5.71850030660245e-05,0.000407578135598819
"ENSG00000114023.15","FAM162A"," protein_coding","chr3",4175.30360120822,-1.02585392994455,0.260008706780958,2.87277387775973e-06,2.95638853913523e-05
"ENSG00000114166.8","KAT2B"," protein_coding","chr3",1005.02054577249,-1.63534140452375,0.279635610918649,2.101486242372e-10,5.98859003115981e-09
"ENSG00000114200.10","BCHE"," protein_coding","chr3",226.749516088318,-5.46711078512952,0.570456034967378,5.33181457817993e-23,1.64819083408156e-20
"ENSG00000114270.17","COL7A1"," protein_coding","chr3",422.734001678469,2.84146361920131,0.289963266817478,2.86593237530345e-10,7.99161795855664e-09
"ENSG00000114346.14","ECT2"," protein_coding","chr3",2405.05210971193,1.77799821939172,0.253347529859971,1.32063541950988e-13,7.16809104455713e-12
"ENSG00000114455.13","HHLA2"," protein_coding","chr3",5022.18056276918,-2.76193523498656,0.387945604128807,4.68551667384727e-14,2.78030164898967e-12
"ENSG00000114554.11","PLXNA1"," protein_coding","chr3",2481.75382658668,1.16549863492941,0.254474171628004,2.42393808972994e-07,3.35077438315394e-06
"ENSG00000114631.11","PODXL2"," protein_coding","chr3",2115.88092334562,1.97386935794256,0.251178407636908,2.28217984914169e-16,2.12859176848968e-14
"ENSG00000114656.12","CFAP92"," protein_coding","chr3",218.122304641025,3.13187588363072,0.298299054232331,4.18238472044304e-27,2.38161128519544e-24
"ENSG00000114698.15","PLSCR4"," protein_coding","chr3",1188.67009015479,-1.30754637169073,0.253431820186659,9.69195218834084e-09,1.90309367289272e-07
"ENSG00000114767.7","RRP9"," protein_coding","chr3",1310.7502479398,1.42746195420387,0.174089563223753,1.11678628634716e-17,1.28541309511546e-15
"ENSG00000114771.14","AADAC"," protein_coding","chr3",10.6067793027849,-5.82609830137245,0.566395524204264,1.29757776593037e-05,0.000112161861855041
"ENSG00000114790.13","ARHGEF26"," protein_coding","chr3",364.787619921784,-1.15220027435521,0.583834680189957,0.00106144027640277,0.00502555619814787
"ENSG00000115008.6","IL1A"," protein_coding","chr2",46.2987795755718,3.12994227469603,0.610113748626516,1.08089340770538e-08,2.10081666031744e-07
"ENSG00000115009.13","CCL20"," protein_coding","chr2",1218.98411331787,1.22903554682003,0.598784320078081,0.000989966206007439,0.00473578822617383
"ENSG00000115041.13","KCNIP3"," protein_coding","chr2",69.3054892043401,-1.76219808454209,0.449435594361004,3.35743980513208e-06,3.39855616676549e-05
"ENSG00000115163.15","CENPA"," protein_coding","chr2",341.317700229266,1.30780757443305,0.282430228301864,1.55088763647856e-07,2.26444943341525e-06
"ENSG00000115252.18","PDE1A"," protein_coding","chr2",225.891649679022,-1.98819851523499,0.413622844901572,5.87404577834956e-08,9.59053208620071e-07
"ENSG00000115274.15","INO80B"," protein_coding","chr2",11.4315740646995,1.18595601856965,0.415375417005896,0.000134723147650436,0.000858261810880832
"ENSG00000115295.20","CLIP4"," protein_coding","chr2",290.769254273115,-2.2421973000759,0.375037902825693,9.25255610819469e-11,2.84371922899991e-09
"ENSG00000115363.14","EVA1A"," protein_coding","chr2",211.117498129381,3.48236281059723,0.582630570290846,9.68532135096858e-11,2.96571849443149e-09
"ENSG00000115368.10","WDR75"," protein_coding","chr2",1450.89954992593,1.05935401250777,0.0817341005802093,9.73097062923651e-40,1.97404902927349e-36
"ENSG00000115425.14","PECR"," protein_coding","chr2",656.293329212342,-1.30798158346472,0.255085999756925,1.20564639741656e-08,2.31692544507678e-07
"ENSG00000115468.12","EFHD1"," protein_coding","chr2",142.684319860561,-1.64022218063888,0.398461464472243,1.45115998723228e-06,1.62419830570984e-05
"ENSG00000115507.10","OTX1"," protein_coding","chr2",82.8035187076746,5.64532003649913,0.584962998176935,2.39346486759509e-23,7.92725333391853e-21
"ENSG00000115541.11","HSPE1"," protein_coding","chr2",1041.61883745521,1.09004482580839,0.222804125222162,3.86827251561017e-08,6.57807723254454e-07
"ENSG00000115556.14","PLCD4"," protein_coding","chr2",35.5156373625875,-3.80239965390508,0.677128712991837,9.79111364503364e-10,2.42225584367761e-08
"ENSG00000115590.14","IL1R2"," protein_coding","chr2",1217.71671837733,-2.17448544043485,0.643700582828908,2.29677228474874e-05,0.000183843735680332
"ENSG00000115598.10","IL1RL2"," protein_coding","chr2",105.997068219906,1.27381929496113,0.662429034165599,0.00118261872204913,0.00550092268275588
"ENSG00000115657.14","ABCB6"," protein_coding","chr2",27.9095090520462,2.10505454187572,0.487671593070976,5.53174277048588e-07,6.90839964772723e-06
"ENSG00000115758.13","ODC1"," protein_coding","chr2",6954.29838499237,1.38915414563639,0.176049156737796,7.83440014045348e-17,7.92177444731586e-15
"ENSG00000115841.21","RMDN2"," protein_coding","chr2",458.209275741016,-2.28598019165747,0.256260011622374,2.19194357294118e-20,4.11249158904768e-18
"ENSG00000115946.8","PNO1"," protein_coding","chr2",830.333069443907,1.11482472271186,0.180894447772026,3.12575327324133e-11,1.05793221838235e-09
"ENSG00000116016.14","EPAS1"," protein_coding","chr2",9222.50161048918,-1.08084086268124,0.252974682680397,7.39610496524308e-07,8.977665480997e-06
"ENSG00000116017.11","ARID3A"," protein_coding","chr19",1141.03139857216,1.29234914517946,0.398088571998769,4.23348787585905e-05,0.000312369410678264
"ENSG00000116183.11","PAPPA2"," protein_coding","chr1",53.0714066303734,-2.95972694463195,0.805698883472285,8.09326912247428e-06,7.3997557514724e-05
"ENSG00000116194.13","ANGPTL1"," protein_coding","chr1",426.989150162888,-5.4278583451367,0.532009718558882,1.00521933952805e-25,4.40910936789208e-23
"ENSG00000116337.19","AMPD2"," protein_coding","chr1",1633.20934035699,1.11197962927217,0.151698453378151,1.05914537807173e-14,7.17698135312158e-13
"ENSG00000116455.14","WDR77"," protein_coding","chr1",1126.29785196843,1.44399280816146,0.180041041463391,4.81227852479292e-17,5.12121102812225e-15
"ENSG00000116574.6","RHOU"," protein_coding","chr1",2799.70561986734,-1.499445272592,0.374916457099755,2.28586254952372e-06,2.41518641381643e-05
"ENSG00000116649.10","SRM"," protein_coding","chr1",2709.48118211861,1.71608328883366,0.350810193785337,4.53686913530482e-08,7.59843644962455e-07
"ENSG00000116670.15","MAD2L2"," protein_coding","chr1",816.751469684736,1.34506354401841,0.363313867434444,8.32331153053294e-06,7.58444822173044e-05
"ENSG00000116678.20","LEPR"," protein_coding","chr1",412.620819922586,-1.03627672143987,0.361625514872213,0.00012836147536199,0.000822577841520134
"ENSG00000116741.8","RGS2"," protein_coding","chr1",1494.79290970896,-2.38084763330476,0.397224677326203,8.40335240206297e-11,2.60761005990593e-09
"ENSG00000116748.21","AMPD1"," protein_coding","chr1",137.201690833212,-3.46478508420257,0.618613977808028,7.35838694864614e-10,1.87177526315953e-08
"ENSG00000116833.14","NR5A2"," protein_coding","chr1",1374.06102245053,-2.44466999951037,0.436900428887993,5.90581624586003e-11,1.90737297222015e-09
"ENSG00000117020.18","AKT3"," protein_coding","chr1",512.320345038365,-1.36086022455582,0.402869117699104,2.44689642321542e-05,0.000194136798104928
"ENSG00000117054.14","ACADM"," protein_coding","chr1",2926.47567828752,-1.00607702332125,0.281406986295413,1.12985695747366e-05,9.92769277901466e-05
"ENSG00000117115.13","PADI2"," protein_coding","chr1",12934.0588156848,-2.91771240946506,0.542944859763771,2.99233336977909e-09,6.62518120847815e-08
"ENSG00000117122.14","MFAP2"," protein_coding","chr1",267.185333094906,1.67545541936409,0.500999658795476,2.84605306559611e-05,0.000221368776427315
"ENSG00000117245.13","KIF17"," protein_coding","chr1",37.4651572189411,-1.25980565602147,0.390201594669006,3.87123301249089e-05,0.000289690614052028
"ENSG00000117281.16","CD160"," protein_coding","chr1",50.3675967617557,-2.40001584929732,0.461311504868402,8.05925429014984e-09,1.61673223578296e-07
"ENSG00000117298.16","ECE1"," protein_coding","chr1",8282.46216154727,-1.06627059506064,0.260491448531939,1.38541302688949e-06,1.56029618413529e-05
"ENSG00000117322.18","CR2"," protein_coding","chr1",248.168295324065,-3.3657749043919,0.715783888887178,0.00265610812749228,0.010853828226381
"ENSG00000117394.24","SLC2A1"," protein_coding","chr1",5591.98958744819,1.36614848832258,0.378373858214434,1.21734255847549e-05,0.0001059600556798
"ENSG00000117472.10","TSPAN1"," protein_coding","chr1",33927.7166316913,-2.02756055591937,0.38827897053473,7.0506576144845e-09,1.44294105465598e-07
"ENSG00000117592.9","PRDX6"," protein_coding","chr1",13330.662836813,-1.35437117216323,0.300418437009011,2.52889941495837e-07,3.47662080519774e-06
"ENSG00000117650.13","NEK2"," protein_coding","chr1",718.430860375411,1.06247032641685,0.243189177730761,4.96938251341769e-07,6.2687997520603e-06
"ENSG00000117682.17","DHDDS"," protein_coding","chr1",2265.03872139634,-1.33760825771218,0.192129874947152,1.3028288309706e-13,7.09517083819527e-12
"ENSG00000117707.16","PROX1"," protein_coding","chr1",1112.78514999515,1.75408906227483,0.275746265291246,9.34373469388773e-12,3.53884411545167e-10
"ENSG00000117724.13","CENPF"," protein_coding","chr1",1999.86246025554,1.22828197243664,0.290278280862533,9.3117313481112e-07,1.09985508041118e-05
"ENSG00000117877.11","POLR1G"," protein_coding","chr19",171.34217275862,2.10500388792968,0.256387032176371,9.96325009163082e-18,1.15495418383626e-15
"ENSG00000118193.12","KIF14"," protein_coding","chr1",281.933172293465,1.27852423619701,0.267648727901165,7.04751733943516e-08,1.12962132248586e-06
"ENSG00000118257.17","NRP2"," protein_coding","chr2",1299.2582440308,-1.24473494185861,0.664948560694676,0.00124799485142403,0.00575716556104622
"ENSG00000118308.15","IRAG2"," protein_coding","chr12",398.377241681551,-2.84754894812605,0.467691514008694,4.56962251749049e-11,1.49818997649198e-09
"ENSG00000118402.6","ELOVL4"," protein_coding","chr6",39.5718482084885,-1.71751229497311,0.383731349669638,2.8442953215814e-07,3.85792467813995e-06
"ENSG00000118420.17","UBE3D"," protein_coding","chr6",166.797084919729,1.02638510261698,0.219217450236845,1.12648104911179e-07,1.71497757467497e-06
"ENSG00000118557.16","PMFBP1"," protein_coding","chr16",142.922244532373,1.2456476812956,0.548692760907813,0.000603712960097361,0.00311469770923213
"ENSG00000118640.11","VAMP8"," protein_coding","chr2",5351.44813647003,-1.03259685100313,0.217725895268016,8.4330233107116e-08,1.32551608047979e-06
"ENSG00000118690.13","ARMC2"," protein_coding","chr6",111.196585680353,1.04031117844931,0.26695567996318,3.61953288832774e-06,3.62265798610367e-05
"ENSG00000118707.11","TGIF2"," protein_coding","chr20",1085.58360966221,1.93774002866439,0.27367198754217,6.39229743258099e-14,3.65283785328721e-12
"ENSG00000118733.17","OLFM3"," protein_coding","chr1",14.8544975481683,-4.9731887304412,0.643804862874986,2.45728567728781e-15,1.86788240078238e-13
"ENSG00000118785.14","SPP1"," protein_coding","chr4",761.434597058417,1.55325782307318,0.652914129697614,0.000460935229792796,0.00246475052530718
"ENSG00000118804.8","STBD1"," protein_coding","chr4",187.615126110093,-1.47972565312754,0.220287295327312,8.2476494808635e-13,3.86852900072063e-11
"ENSG00000118922.17","KLF12"," protein_coding","chr13",427.045531120255,-1.02371099183287,0.313937786301752,3.77274478102665e-05,0.000283317882270675
"ENSG00000118939.18","UCHL3"," protein_coding","chr13",99.6282825186419,1.52048113492071,0.455149608440116,2.82930497519996e-05,0.000220594717475475
"ENSG00000119121.22","TRPM6"," protein_coding","chr9",3326.73694560904,-5.32513766720199,0.612861099378225,1.58054227602093e-19,2.56506205975436e-17
"ENSG00000119138.4","KLF9"," protein_coding","chr9",2156.80028455745,-1.72346420317587,0.335101794528597,1.08462887342473e-08,2.10681531858886e-07
"ENSG00000119227.8","PIGZ"," protein_coding","chr3",2958.12098871954,-1.64542756512436,0.404503616441263,1.73742175198773e-06,1.90068200963997e-05
"ENSG00000119285.11","HEATR1"," protein_coding","chr1",1509.46156680983,1.06161594912554,0.218357455703099,4.97322748544814e-08,8.23997027680835e-07
"ENSG00000119514.7","GALNT12"," protein_coding","chr9",2740.82565897587,-1.24156314768895,0.316968404381741,3.29535754686483e-06,3.33939167206177e-05
"ENSG00000119547.6","ONECUT2"," protein_coding","chr18",190.379143692471,2.88168818417326,0.70960776229101,1.71765924083355e-06,1.88350620401944e-05
"ENSG00000119771.15","KLHL29"," protein_coding","chr2",404.679297091701,1.2025009876681,0.402815014331528,9.34268688128174e-05,0.000624732037067661
"ENSG00000119782.14","FKBP1B"," protein_coding","chr2",57.2204622948346,-1.54759862316522,0.354803883397461,5.15590392051947e-07,6.47891325792571e-06
"ENSG00000119865.9","CNRIP1"," protein_coding","chr2",302.80159253149,-1.81087997910772,0.369522507937344,3.68950292627157e-08,6.33639729534999e-07
"ENSG00000119938.9","PPP1R3C"," protein_coding","chr10",176.474563790931,-1.65445876892709,0.703924178767438,0.000455451685066662,0.00243904484307766
"ENSG00000119946.11","CNNM1"," protein_coding","chr10",35.7482153275649,-1.62434224557192,0.390581776555499,1.26819772847056e-06,1.44482842648991e-05
"ENSG00000119950.21","MXI1"," protein_coding","chr10",3251.58606779482,-1.19197818870378,0.321424964126911,7.43209546726864e-06,6.8609486540559e-05
"ENSG00000119969.15","HELLS"," protein_coding","chr10",688.067801894731,1.43158388362563,0.258609363787261,1.28152962811689e-09,3.06528287910229e-08
"ENSG00000120054.12","CPN1"," protein_coding","chr10",28.6928023297451,3.85111139830321,1.0939812312364,1.28254317842949e-05,0.000110980502493907
"ENSG00000120055.7","C10orf95"," protein_coding","chr10",2.74745817582866,2.18833575565395,1.12246985266452,0.00128587457742659,0.00589587752989298
"ENSG00000120057.5","SFRP5"," protein_coding","chr10",63.7082851603532,-4.69449745245313,0.719163590889901,1.82328188490321e-07,2.60246628936625e-06
"ENSG00000120068.7","HOXB8"," protein_coding","chr17",1118.25869615071,3.00163844062831,0.488802987072904,3.54178864035629e-11,1.18149409751988e-09
"ENSG00000120149.9","MSX2"," protein_coding","chr5",395.339679842815,4.97493691377227,0.599255757816204,4.66116062744898e-18,5.8189212171438e-16
"ENSG00000120156.22","TEK"," protein_coding","chr9",373.949891263353,-1.53303934234526,0.294431608970444,7.74833489157964e-09,1.56402645466973e-07
"ENSG00000120162.10","MOB3B"," protein_coding","chr9",2297.4585174078,-1.46131456786101,0.26509541948161,1.48472178209952e-09,3.50480724388264e-08
"ENSG00000120254.16","MTHFD1L"," protein_coding","chr6",1124.2313230503,2.41961422206015,0.251466314701255,3.25571461640575e-23,1.05673985019298e-20
"ENSG00000120279.6","MYCT1"," protein_coding","chr6",186.875278743719,-1.55598497834533,0.257930958553989,6.7752323823303e-11,2.158101007514e-09
"ENSG00000120327.6","PCDHB14"," protein_coding","chr5",256.17954687253,1.0785639725233,0.471599471141036,0.000595111375063537,0.00307581608468349
"ENSG00000120498.14","TEX11"," protein_coding","chrX",87.8367441716807,-3.72308316906748,0.611808293647005,4.46970744330008e-11,1.46839842302261e-09
"ENSG00000120526.12","NUDCD1"," protein_coding","chr8",1026.1012708608,1.43468173218909,0.308544754573585,1.49366215791774e-07,2.19372336297257e-06
"ENSG00000120659.15","TNFSF11"," protein_coding","chr13",132.014992235397,2.00425927306511,0.589292449050355,2.23168874692118e-05,0.000179475107402298
"ENSG00000120694.20","HSPH1"," protein_coding","chr13",4584.51795856346,1.39225999006103,0.287382739218164,5.58358370168714e-08,9.16701870457062e-07
"ENSG00000120708.17","TGFBI"," protein_coding","chr5",25087.5114811732,3.30546639448633,0.393281351190214,2.35374179489577e-18,3.10559964141166e-16
"ENSG00000120756.13","PLS1"," protein_coding","chr3",12490.3087256145,-1.11143007578636,0.336333449027827,2.8355366654958e-05,0.000220921385234428
"ENSG00000120875.9","DUSP4"," protein_coding","chr8",1716.05404514686,3.77282762633123,0.536983428928851,9.52936873020652e-14,5.25134550500922e-12
"ENSG00000120885.22","CLU"," protein_coding","chr8",7158.1361208072,-2.79334403573372,0.372167066664487,2.65024864028915e-15,2.00050628759314e-13
"ENSG00000120899.18","PTK2B"," protein_coding","chr8",3697.16695343748,-1.33744068368303,0.273931734711,4.24929445461803e-08,7.17604575483829e-07
"ENSG00000120907.18","ADRA1A"," protein_coding","chr8",13.1544582031885,-2.64609479884579,0.521023211350541,2.5203798129003e-08,4.51221665566013e-07
"ENSG00000120913.23","PDLIM2"," protein_coding","chr8",747.485970050275,-1.38289990242138,0.478961498711662,0.000115904721161414,0.000752063306514443
"ENSG00000120915.14","EPHX2"," protein_coding","chr8",4257.88521566547,-1.51943734447647,0.36881692801369,1.40350730976965e-06,1.57848372351016e-05
"ENSG00000121075.11","TBX4"," protein_coding","chr17",11.8459063601733,1.64960874485981,0.825077607914757,0.00107911431491248,0.00509467526304427
"ENSG00000121152.10","NCAPH"," protein_coding","chr2",809.110713315208,1.03065347121079,0.24542794262891,1.05665027692771e-06,1.23103929248096e-05
"ENSG00000121406.9","ZNF549"," protein_coding","chr19",150.906031604207,-1.9531412959087,0.399027606518597,3.85963367553437e-08,6.56927057370187e-07
"ENSG00000121621.7","KIF18A"," protein_coding","chr11",273.506979270957,1.183755145744,0.261775096470648,2.46679322972257e-07,3.40421660928296e-06
"ENSG00000121691.7","CAT"," protein_coding","chr11",5796.87060169556,-1.04405418136839,0.169256514131085,2.9783056187737e-11,1.01224967302782e-09
"ENSG00000121716.20","PILRB"," protein_coding","chr7",150.339646794935,1.90684287227842,0.642172488151307,9.21100192755635e-05,0.000617452913185923
"ENSG00000121743.4","GJA3"," protein_coding","chr13",5.2324580249791,2.75802435933903,0.589130539141284,0.0079736039803992,0.0269900133481904
"ENSG00000121871.4","SLITRK3"," protein_coding","chr3",38.1178815960548,-7.02877364172553,0.740889422559761,6.29161892212136e-24,2.21316802534107e-21
"ENSG00000121895.8","TMEM156"," protein_coding","chr4",62.7974105401319,-1.27421436242576,0.495495315129499,0.000275589068242816,0.00157800988452225
"ENSG00000121957.15","GPSM2"," protein_coding","chr1",1676.48088320961,1.5288078531176,0.149630784644456,8.02639303513242e-26,3.56877623471682e-23
"ENSG00000122034.17","GTF3A"," protein_coding","chr13",4366.59569469629,1.59888093477786,0.289710432762363,1.49569859386568e-09,3.52559077412434e-08
"ENSG00000122122.10","SASH3"," protein_coding","chrX",631.81408518502,-1.01189004420104,0.48421206053516,0.00085640137310685,0.00420085775552397
"ENSG00000122133.17","PAEP"," protein_coding","chr9",33.3914182791851,5.04697518656716,1.6232141782403,4.37617681190173e-05,0.000321798701768705
"ENSG00000122224.18","LY9"," protein_coding","chr1",141.540612528137,-1.87844236996535,0.50137626173881,5.96997506690542e-06,5.637865892395e-05
"ENSG00000122367.20","LDB3"," protein_coding","chr10",264.526813867496,-4.10197998661127,0.608296635330494,6.97413174783699e-13,3.30944982852768e-11
"ENSG00000122584.13","NXPH1"," protein_coding","chr7",4.67541897383685,4.90198843894955,1.58825128044311,3.96020061463895e-05,0.000295291044222263
"ENSG00000122585.8","NPY"," protein_coding","chr7",29.7112325506026,-6.09612130482818,0.871405271940855,1.37884938962549e-13,7.45911558141069e-12
"ENSG00000122641.11","INHBA"," protein_coding","chr7",373.935586377041,4.0003112495835,0.508228791536941,1.59792055738689e-16,1.52545016034305e-14
"ENSG00000122687.19","MRM2"," protein_coding","chr7",4.03836737781495,1.4762218273183,0.642537747453385,0.000638979675824571,0.00327026211256921
"ENSG00000122707.12","RECK"," protein_coding","chr9",371.45799097427,-1.33751891910174,0.235391243600077,5.61773240496937e-10,1.48123767993904e-08
"ENSG00000122733.12","PHF24"," protein_coding","chr9",15.1081700377923,-2.44106419729519,0.460236786237886,4.69307389226375e-09,1.00083963465898e-07
"ENSG00000122756.15","CNTFR"," protein_coding","chr9",480.36458452196,-4.57291157055884,0.846428556062487,2.21734693958279e-09,5.03996127205729e-08
"ENSG00000122778.10","KIAA1549"," protein_coding","chr7",618.363560080598,2.10199874825979,0.263251712975071,7.21420706431678e-17,7.41008648397449e-15
"ENSG00000122786.20","CALD1"," protein_coding","chr7",9848.70943709987,-1.55987290317256,0.599093711692999,0.000249958792731888,0.00145553686661134
"ENSG00000122852.15","SFTPA1"," protein_coding","chr10",1.7890278525705,-5.42774030019053,1.07729268682154,3.78226599472585e-05,0.000283783609932528
"ENSG00000122861.16","PLAU"," protein_coding","chr10",956.972183758806,1.07514302084876,0.504820994037469,0.000815536049864747,0.0040314756482653
"ENSG00000123009.4","NME2P1"," processed_pseudogene","chr12",26.7506633531028,1.34939745410319,0.536389668940285,0.000321136187457729,0.00179776446576457
"ENSG00000123119.12","NECAB1"," protein_coding","chr8",54.2577880792847,-2.73240284262651,0.551963044211461,2.97014053376352e-08,5.21388974823669e-07
"ENSG00000123131.13","PRDX4"," protein_coding","chrX",3942.77948206316,1.20551384605113,0.23008049651461,7.1072977855536e-09,1.44904944424308e-07
"ENSG00000123179.14","EBPL"," protein_coding","chr13",1444.01392423429,1.08787793860398,0.203315603267641,3.21128717879238e-09,7.06178585699479e-08
"ENSG00000123201.14","GUCY1B2"," transcribed_unitary_pseudogene","chr13",39.1611541912891,2.2363145410987,0.712702555593054,5.55821295363887e-05,0.000397200519703237
"ENSG00000123338.13","NCKAP1L"," protein_coding","chr12",1058.85231062504,-1.00335437742327,0.545881317975645,0.00136319670714833,0.00619267161940105
"ENSG00000123374.11","CDK2"," protein_coding","chr12",882.97342126774,1.05041241308834,0.158953471446874,1.73951491557085e-12,7.68179253463927e-11
"ENSG00000123405.14","NFE2"," protein_coding","chr12",29.5990009953877,1.2919320479707,0.718368823641245,0.00145937022541169,0.00655252991788805
"ENSG00000123473.16","STIL"," protein_coding","chr1",860.50138212799,1.23726669660827,0.292245020897321,8.99876923866028e-07,1.06833230412742e-05
"ENSG00000123485.12","HJURP"," protein_coding","chr2",661.21461696863,1.3923173306531,0.247946488608579,8.56532292048675e-10,2.13691968757232e-08
"ENSG00000123496.8","IL13RA2"," protein_coding","chrX",31.4230951030574,1.56238809863213,0.68302418881472,0.000552012484362211,0.00288382765450324
"ENSG00000123500.10","COL10A1"," protein_coding","chr6",127.966081815129,5.62687627494485,0.698101503123987,3.3143346023415e-17,3.60995545378525e-15
"ENSG00000123560.14","PLP1"," protein_coding","chrX",382.402235583858,-6.56447144948666,0.55600024513834,1.43492899166585e-33,1.50241694230614e-30
"ENSG00000123643.13","SLC36A1"," protein_coding","chr5",2640.97329186748,-2.24059874526977,0.300079406914384,3.95134538318818e-15,2.89921943655605e-13
"ENSG00000123843.13","C4BPB"," protein_coding","chr1",314.419197680627,1.13399855082522,0.837345662188714,0.00265808031624046,0.0108591530402181
"ENSG00000123975.5","CKS2"," protein_coding","chr9",1352.43400751523,1.11234366880586,0.224735566018574,3.24946692269088e-08,5.65832603952256e-07
"ENSG00000123989.14","CHPF"," protein_coding","chr2",4903.5934907271,1.66212559966882,0.227140773214187,1.67271509097004e-14,1.08369234376658e-12
"ENSG00000124143.10","ARHGAP40"," protein_coding","chr20",3.32847466142436,3.79605742609922,1.52173566856343,0.000311920270818692,0.00175403814106603
"ENSG00000124203.6","ZNF831"," protein_coding","chr20",64.2898989440745,-1.2496770499659,0.544337376327143,0.000538036894992234,0.00281807350938485
"ENSG00000124205.18","EDN3"," protein_coding","chr20",1651.55725754187,-3.69424922829097,0.525307154652538,8.60893968821079e-14,4.7929496466543e-12
"ENSG00000124207.17","CSE1L"," protein_coding","chr20",4638.28762839363,1.52281464910443,0.204356528964421,4.93142181125485e-15,3.52564073016982e-13
"ENSG00000124225.16","PMEPA1"," protein_coding","chr20",4834.21569766456,1.72522282424308,0.299288183235514,4.06138093212496e-10,1.10683713093965e-08
"ENSG00000124249.7","KCNK15"," protein_coding","chr20",50.1477797767786,1.59872165851936,1.10402900645541,0.00221854900221093,0.00932888502574977
"ENSG00000124253.11","PCK1"," protein_coding","chr20",8685.84626627247,-3.88705299682977,0.56802982172412,3.23786409105245e-13,1.63190361284752e-11
"ENSG00000124302.13","CHST8"," protein_coding","chr19",7.64838147416229,-2.87894020099265,0.650679559862907,4.30793271777296e-07,5.54853417333898e-06
"ENSG00000124391.5","IL17C"," protein_coding","chr16",10.1447172647901,2.90383593026837,0.947957275785551,6.59532925092836e-05,0.000460665368682231
"ENSG00000124440.16","HIF3A"," protein_coding","chr19",220.801854600709,-2.55121238616446,0.657636344021993,3.50514817511076e-06,3.523384932417e-05
"ENSG00000124507.11","PACSIN1"," protein_coding","chr6",38.1341154501943,-1.86708515714833,0.404114875209825,1.72905192111102e-07,2.48215688878468e-06
"ENSG00000124568.12","SLC17A1"," protein_coding","chr6",7.21465745941537,-2.80726579290759,0.630206691977153,5.20768168132076e-07,6.53891419776825e-06
"ENSG00000124571.18","XPO5"," protein_coding","chr6",1971.19400138672,1.1658408265861,0.14151375467626,8.16665595657292e-18,9.63902978321614e-16
"ENSG00000124614.16","RPS10"," protein_coding","chr6",124.031573461965,2.92813420475477,0.594791862904252,3.31039178910165e-08,5.74591960912628e-07
"ENSG00000124615.20","MOCS1"," protein_coding","chr6",679.874600514203,-2.44464432382722,0.329427285608772,5.12961562090444e-15,3.65125139963413e-13
"ENSG00000124678.20","TCP11"," protein_coding","chr6",5.06013260047652,5.46748839098276,0.732154556936835,0.00313930472378358,0.01247191587816
"ENSG00000124731.13","TREM1"," protein_coding","chr6",59.1421365337395,1.64614610090769,0.730474586286118,0.000587754220344842,0.0030426358028633
"ENSG00000124743.6","KLHL31"," protein_coding","chr6",49.1954084232286,1.30519605882148,0.452448177722484,0.000122681772719776,0.000790638718819115
"ENSG00000124749.17","COL21A1"," protein_coding","chr6",84.0749069779935,-2.14538978366504,0.496110094522938,5.42446466121875e-07,6.78486604908818e-06
"ENSG00000124766.7","SOX4"," protein_coding","chr6",5408.53849572775,1.8416866736239,0.226995154661435,2.69637377951312e-17,2.97683333794003e-15
"ENSG00000124772.12","CPNE5"," protein_coding","chr6",560.841926205376,-1.74986434550056,0.371147695749665,9.48361847531022e-08,1.47423030877212e-06
"ENSG00000124787.14","RPP40"," protein_coding","chr6",198.320119363972,1.28907293436431,0.221074944797148,2.31162736276646e-10,6.54148220930023e-09
"ENSG00000124802.12","EEF1E1"," protein_coding","chr6",185.831837584221,1.21196212736546,0.227817866896209,4.28949966465267e-09,9.21433356156827e-08
"ENSG00000124875.10","CXCL6"," protein_coding","chr4",85.4488854031289,1.9966168439589,0.863981104836669,0.000499927206557933,0.00264449759948784
"ENSG00000124882.4","EREG"," protein_coding","chr4",1136.66312262871,2.41607648823744,0.962385668919856,0.000314231756665212,0.00176428547964702
"ENSG00000124942.14","AHNAK"," protein_coding","chr11",36767.0104844238,-1.2041324039804,0.390053008054355,6.40276354454459e-05,0.00044924535047304
"ENSG00000125144.14","MT1G"," protein_coding","chr16",8672.69112715788,-3.95873654269884,0.592943585255318,9.48175170370072e-13,4.38402701992476e-11
"ENSG00000125148.7","MT2A"," protein_coding","chr16",7202.28255858515,-2.35040233687159,0.50556064880466,1.25080197432359e-07,1.87869183167955e-06
"ENSG00000125319.15","HROB"," protein_coding","chr17",206.944168283038,1.37129716279191,0.212840596177985,5.23827734615429e-12,2.08618412394449e-10
"ENSG00000125337.19","KIF25"," protein_coding","chr6",20.3266855384444,1.22867124595542,0.768140706276567,0.00199652725733826,0.00853123771967946
"ENSG00000125355.16","TMEM255A"," protein_coding","chrX",102.588166668,-2.82931256998599,0.386858992571451,9.37680758778314e-15,6.40741938282663e-13
"ENSG00000125363.14","AMELX"," protein_coding","chrX",3.10519910466267,3.81447020458939,1.20671328699761,2.29091651976255e-05,0.000183556080963843
"ENSG00000125378.16","BMP4"," protein_coding","chr14",2369.69369364677,1.78341763486926,0.379776786377578,1.14790399829485e-07,1.74268793155539e-06
"ENSG00000125398.8","SOX9"," protein_coding","chr17",7383.09679795937,1.87415494785046,0.247573932936673,2.3189786558535e-15,1.77522191537011e-13
"ENSG00000125485.17","DDX31"," protein_coding","chr9",674.18962207403,1.08990976578446,0.158987518562936,3.27460234892131e-13,1.64531026379702e-11
"ENSG00000125508.3","SRMS"," protein_coding","chr20",215.129354516952,2.07351205534762,0.461278068141442,2.7086003489656e-07,3.69704584216676e-06
"ENSG00000125510.18","OPRL1"," protein_coding","chr20",4.09220398233891,-1.26498843795552,0.639915499835065,0.00125323095126596,0.00577885640235696
"ENSG00000125531.7","FNDC11"," protein_coding","chr20",19.6168761309434,1.2362628699627,0.450119321226315,0.000173984240174864,0.00106913677917375
"ENSG00000125538.12","IL1B"," protein_coding","chr2",549.770466902661,1.91666223173628,0.654493530836312,0.000103254446439867,0.000680770429117452
"ENSG00000125630.16","POLR1B"," protein_coding","chr2",1422.41069593711,1.24661532501345,0.139321905894633,1.74626147384474e-20,3.35385532059482e-18
"ENSG00000125657.5","TNFSF9"," protein_coding","chr19",201.447694363512,3.03993360906105,0.620374603256888,3.72539290617621e-08,6.38430849781771e-07
"ENSG00000125675.18","GRIA3"," protein_coding","chrX",26.873811492266,-2.94313804931213,0.522760787908022,8.03230096396549e-10,2.02259445064695e-08
"ENSG00000125772.14","GPCPD1"," protein_coding","chr20",2525.82991300093,1.17628420795892,0.367262981987533,5.02250022882459e-05,0.000363722249949104
"ENSG00000125775.15","SDCBP2"," protein_coding","chr20",5015.05742589027,-2.52828311803032,0.443470333398181,4.80251189877229e-10,1.28507775111584e-08
"ENSG00000125798.15","FOXA2"," protein_coding","chr20",1912.56469253176,1.4427938387654,0.550409067745048,0.000262285371495429,0.00151508428332419
"ENSG00000125821.13","DTD1"," protein_coding","chr20",558.963016080077,1.21145445654116,0.289008752075157,1.06066439193878e-06,1.23482944166245e-05
"ENSG00000125823.12","CSTL1"," protein_coding","chr20",4.49715148525338,3.18698292800899,1.17919130650469,0.000245352705774166,0.0014328280179953
"ENSG00000125835.19","SNRPB"," protein_coding","chr20",6169.38651859159,1.10815275313468,0.354887532448058,6.17452940043464e-05,0.000435680163650669
"ENSG00000125851.10","PCSK2"," protein_coding","chr20",105.461249123093,-6.52586457001806,0.40460266350224,2.41117753475285e-58,1.56524000846016e-54
"ENSG00000125864.14","BFSP1"," protein_coding","chr20",111.950485391463,2.49294665972088,0.329817365047628,1.82637789769107e-15,1.42501379334752e-13
"ENSG00000125872.8","LRRN4"," protein_coding","chr20",9.15269307647283,2.19210966361153,0.49303580938246,3.91556926228663e-07,5.11023510716926e-06
"ENSG00000125895.5","TMEM74B"," protein_coding","chr20",59.7097775735424,1.69749066625229,0.864585325714124,0.00104520074277078,0.00495401952524155
"ENSG00000126249.8","PDCD2L"," protein_coding","chr19",178.047355372245,1.78955473538559,0.262608062996589,3.97064602926168e-13,1.96462239051487e-11
"ENSG00000126353.3","CCR7"," protein_coding","chr17",171.836939733614,-1.17715141042658,0.569224622879872,0.00088028523317807,0.00429723238058261
"ENSG00000126467.11","TSKS"," protein_coding","chr19",4.77869203646178,-1.10792420254511,0.693340523801598,0.00219668510885953,0.00924533263269745
"ENSG00000126583.11","PRKCG"," protein_coding","chr19",81.7481588929826,4.29915083853164,0.660827186939448,3.58564978558226e-12,1.49592571645796e-10
"ENSG00000126602.11","TRAP1"," protein_coding","chr16",2712.15097951265,1.20491020716208,0.17993407517916,9.29329064784904e-13,4.31533087049906e-11
"ENSG00000126709.15","IFI6"," protein_coding","chr1",5122.5570274419,2.16106037090062,0.667572258454702,3.94232063699502e-05,0.00029422819782843
"ENSG00000126778.12","SIX1"," protein_coding","chr14",17.4227188172679,3.57719972904068,0.678174596139637,5.62820807540699e-09,1.17934394907398e-07
"ENSG00000126785.13","RHOJ"," protein_coding","chr14",319.912253812878,-1.27784180328524,0.324951913445436,3.07127989560602e-06,3.13187567865474e-05
"ENSG00000126787.13","DLGAP5"," protein_coding","chr14",761.209876316612,1.14660967203673,0.290335362030805,2.9801641229684e-06,3.0523877280943e-05
"ENSG00000126860.12","EVI2A"," protein_coding","chr17",162.318957760995,-1.54879907892984,0.45792981542376,2.31773451033101e-05,0.000185338819256772
"ENSG00000126861.5","OMG"," protein_coding","chr17",22.9959545332717,-2.2288683345016,0.45635837793078,3.67576367610598e-08,6.31927634528856e-07
"ENSG00000126895.15","AVPR2"," protein_coding","chrX",30.7606407995131,-2.34817968771302,0.39140122572434,8.79488598973582e-11,2.71870866147472e-09
"ENSG00000127074.15","RGS13"," protein_coding","chr1",96.2891321315605,-2.85427141133259,0.638680529689347,3.05896879452848e-07,4.10790273615248e-06
"ENSG00000127083.7","OMD"," protein_coding","chr9",96.1264211266864,-3.06847638617247,0.716815664436731,6.72009195650091e-07,8.22786664368565e-06
"ENSG00000127129.10","EDN2"," protein_coding","chr1",127.894798519439,-3.15687766575836,0.579803024648721,0.000360271934775275,0.00198906386442182
"ENSG00000127399.15","LRRC61"," protein_coding","chr7",548.84834998897,1.23376630305422,0.261951706086713,1.01426980752032e-07,1.56916918076714e-06
"ENSG00000127418.15","FGFRL1"," protein_coding","chr4",1725.46658389424,1.52187795016912,0.243729883864636,1.89577753585765e-11,6.73229182263322e-10
"ENSG00000127423.11","AUNIP"," protein_coding","chr1",129.652870094498,2.02555374831584,0.252198132629974,4.23141175394779e-17,4.5628957710843e-15
"ENSG00000127564.17","PKMYT1"," protein_coding","chr16",747.61203558494,1.67593248937724,0.322235946905514,8.54558214174675e-09,1.70062848042192e-07
"ENSG00000127586.17","CHTF18"," protein_coding","chr16",840.028336170863,1.58185413667427,0.240701202904886,2.09832001097403e-12,9.11743921234204e-11
"ENSG00000127914.18","AKAP9"," protein_coding","chr7",4109.97544208526,-1.21482977610764,0.244255306261029,2.6771277446954e-08,4.76916642905176e-07
"ENSG00000127920.6","GNG11"," protein_coding","chr7",604.802459647176,-1.27647239112331,0.349450785254083,9.11301834195189e-06,8.22769986497806e-05
"ENSG00000127951.8","FGL2"," protein_coding","chr7",2577.78115942886,-2.57157761643939,0.423440259201881,5.21497820572378e-11,1.70118354373249e-09
"ENSG00000127955.17","GNAI1"," protein_coding","chr7",818.536209933667,-1.05513280284311,0.38434875091245,0.000178895522734578,0.00109537650951121
"ENSG00000127990.19","SGCE"," protein_coding","chr7",476.257515780881,-1.38324842971714,0.382128296006649,1.02214579116267e-05,9.08704686101283e-05
"ENSG00000128011.5","LRFN1"," protein_coding","chr19",55.0274576932254,-1.34108825304023,0.329002070542012,1.748423575742e-06,1.91014245780659e-05
"ENSG00000128039.12","SRD5A3"," protein_coding","chr4",993.131025206905,1.02565120733379,0.432759788681894,0.000514387405171826,0.00270906805079785
"ENSG00000128040.11","SPINK2"," protein_coding","chr4",36.9610548047417,-2.02894841579595,0.582860530001975,1.70393147123746e-05,0.000141665491017995
"ENSG00000128050.9","PAICS"," protein_coding","chr4",6415.53979446462,1.42578909664669,0.137594760163058,1.80179587104965e-26,8.99733698192763e-24
"ENSG00000128059.8","PPAT"," protein_coding","chr4",714.394232629735,1.6136494908437,0.203300528253291,9.60986990446332e-17,9.42347907429216e-15
"ENSG00000128218.8","VPREB3"," protein_coding","chr22",78.9924700055573,-2.30007141201398,0.645687377718858,1.17809522314407e-05,0.00010298576556103
"ENSG00000128311.14","TST"," protein_coding","chr22",10913.7910316157,-1.40689906588052,0.241448471663036,2.38208090837739e-10,6.72326801079247e-09
"ENSG00000128342.5","LIF"," protein_coding","chr22",790.459375750495,1.30581598289392,0.17356466351375,2.4839900053151e-15,1.88376980356349e-13
"ENSG00000128408.9","RIBC2"," protein_coding","chr22",69.6579329646293,1.23685069295426,0.450912076971265,0.000182369595445146,0.00111496559219411
"ENSG00000128422.17","KRT17"," protein_coding","chr17",137.811255420543,3.01189428409068,0.742343161749757,1.68365905641856e-06,1.84978739274108e-05
"ENSG00000128487.17","SPECC1"," protein_coding","chr17",1938.86532472016,-1.26942814802094,0.269897216431971,1.0241722158227e-07,1.57997061697591e-06
"ENSG00000128510.12","CPA4"," protein_coding","chr7",6.82403963514161,3.81052890654523,0.861978570562309,4.30135153876141e-07,5.54240842576888e-06
"ENSG00000128564.7","VGF"," protein_coding","chr7",85.2182591726419,1.83253646162593,0.773010379024803,0.000449542318148541,0.00241137738596353
"ENSG00000128578.10","STRIP2"," protein_coding","chr7",155.130626132916,1.8779255251849,0.426843789691577,4.23927171136593e-07,5.47545886221709e-06
"ENSG00000128610.12","FEZF1"," protein_coding","chr7",46.9108317703541,8.69317270421662,1.26514656381539,4.00841041732475e-17,4.33683284418422e-15
"ENSG00000128683.14","GAD1"," protein_coding","chr2",96.0321706887575,5.63692218907027,0.727552470523202,3.43999936547425e-16,3.09295012201006e-14
"ENSG00000128918.15","ALDH1A2"," protein_coding","chr15",76.8549573234572,-1.6183840347329,0.800682405461778,0.000928835913744426,0.00449234929046589
"ENSG00000128965.13","CHAC1"," protein_coding","chr15",299.021638735897,1.67363190155644,0.443074675919815,5.85668120429695e-06,5.54054673649287e-05
"ENSG00000129048.7","ACKR4"," protein_coding","chr3",63.3337368013684,-1.24233760344454,0.983936501884101,0.00274487824505981,0.0111533873407801
"ENSG00000129151.9","BBOX1"," protein_coding","chr11",3.18084649718316,1.38745536670584,0.907187801397303,0.00265860174413989,0.0108599163618541
"ENSG00000129167.9","TPH1"," protein_coding","chr11",312.021424487863,-4.00948364762832,0.532303423460872,2.32934325574985e-15,1.77896055047362e-13
"ENSG00000129194.8","SOX15"," protein_coding","chr17",40.2846505652915,-1.22164992913888,0.396345003354101,7.18275021260691e-05,0.000496565934825974
"ENSG00000129244.9","ATP1B2"," protein_coding","chr17",91.8874610917838,-2.07061309649877,0.51627455865922,2.22661701482101e-06,2.36104328869847e-05
"ENSG00000129295.9","LRRC6"," protein_coding","chr8",344.161368195834,1.54172156113518,0.42930500412588,1.21603311556708e-05,0.000105882544897816
"ENSG00000129451.12","KLK10"," protein_coding","chr19",615.875713456963,5.38076661603557,0.584366414209752,1.5363963729582e-21,3.53676265769343e-19
"ENSG00000129455.15","KLK8"," protein_coding","chr19",26.3208685369083,7.78601414155214,1.25289767083053,1.3590694401023e-14,9.00258691568172e-13
"ENSG00000129474.16","AJUBA"," protein_coding","chr14",658.936116152433,3.16114436057207,0.342118281360416,1.16638764020136e-21,2.7634021916537e-19
"ENSG00000129538.14","RNASE1"," protein_coding","chr14",8159.63953802056,-1.56833634646633,0.338269047948999,1.3777806678189e-07,2.04014620967453e-06
"ENSG00000129667.13","RHBDF2"," protein_coding","chr17",1626.64342732544,1.57132927278882,0.283600701841701,1.39142409113664e-09,3.30863319781047e-08
"ENSG00000129910.8","CDH15"," protein_coding","chr16",14.4638989494271,3.42288827119556,0.69926401794537,0.000283726870428378,0.00161722408265936
"ENSG00000129946.10","SHC2"," protein_coding","chr19",728.458113030297,1.55226059848399,0.564021214298252,0.000178300355176225,0.00109255671669056
"ENSG00000129990.15","SYT5"," protein_coding","chr19",34.5227721910945,-2.76924882452516,0.506013667207202,2.17541348216915e-09,4.95158280534686e-08
"ENSG00000129991.13","TNNI3"," protein_coding","chr19",21.4807149128371,5.35172829630086,0.858007146716991,2.43529640560081e-11,8.4126761145698e-10
"ENSG00000130055.14","GDPD2"," protein_coding","chrX",560.674743076723,-4.46426067313466,0.600675487452784,4.50094407122046e-15,3.25371141789919e-13
"ENSG00000130193.8","THEM6"," protein_coding","chr8",2614.23738353383,1.1090945947026,0.466564860966145,0.000496846524061594,0.0026307739768338
"ENSG00000130224.15","LRCH2"," protein_coding","chrX",92.4820815277107,-2.10851436465876,0.446030389548563,8.59024402835973e-08,1.3482695390353e-06
"ENSG00000130294.17","KIF1A"," protein_coding","chr2",160.799256710317,-3.89320651952364,0.692604579310117,8.4313250256984e-10,2.10835090665731e-08
"ENSG00000130299.17","GTPBP3"," protein_coding","chr19",794.21366538833,1.06977015342043,0.188465941431636,6.00083275771064e-10,1.56069735296292e-08
"ENSG00000130307.12","USHBP1"," protein_coding","chr19",59.4665864177524,-1.04310598769158,0.284507562503926,8.88122774999407e-06,8.03643407608886e-05
"ENSG00000130449.6","ZSWIM6"," protein_coding","chr5",1103.37103087191,-1.1791814048176,0.22429874329444,6.1148876181412e-09,1.26660512003591e-07
"ENSG00000130475.14","FCHO1"," protein_coding","chr19",638.900662844863,1.78085648930841,0.407874887048609,4.9117003979553e-07,6.21293731554299e-06
"ENSG00000130513.6","GDF15"," protein_coding","chr19",5568.54805314272,3.17551223548185,0.412915827463494,7.56819385688917e-16,6.3888935104333e-14
"ENSG00000130558.20","OLFM1"," protein_coding","chr9",409.689538847089,-1.47173325632978,0.604106943703153,0.000380482216927064,0.00208398444094139
"ENSG00000130589.16","HELZ2"," protein_coding","chr20",3159.64592367903,1.25009749132862,0.286533599554139,6.15738984949377e-07,7.62811296697972e-06
"ENSG00000130590.14","SAMD10"," protein_coding","chr20",506.215858961791,1.31454703357391,0.301101150996569,5.50878567309749e-07,6.88237742022319e-06
"ENSG00000130595.19","TNNT3"," protein_coding","chr11",12.0049788760375,-3.10049392410398,0.693611001481177,2.11101811836452e-07,2.95215105927943e-06
"ENSG00000130643.9","CALY"," protein_coding","chr10",22.8838200486136,-3.56038662605166,0.580062222531757,3.76949797462197e-11,1.25230670686059e-09
"ENSG00000130649.10","CYP2E1"," protein_coding","chr10",27.6926488856823,1.00458094515274,0.500898137481,0.00104417344944623,0.00495059623460793
"ENSG00000130711.5","PRDM12"," protein_coding","chr9",8.35847277013695,2.72067473532254,0.538306608468676,1.79693618936277e-08,3.31015634701117e-07
"ENSG00000130731.16","METTL26"," protein_coding","chr16",1706.34750169929,1.02767201715941,0.238452656899478,6.61220939535634e-07,8.12028348673766e-06
"ENSG00000130748.7","TMEM160"," protein_coding","chr19",333.380110165964,1.05857093271851,0.475971663519518,0.000664276134767689,0.00337630359885525
"ENSG00000130810.20","PPAN"," protein_coding","chr19",189.689237578758,1.03677956626246,0.244554402055133,8.67039949738914e-07,1.03350652547285e-05
"ENSG00000130826.18","DKC1"," protein_coding","chrX",4104.28280697375,1.45274017131844,0.166731129477293,1.08210530051939e-19,1.81046256929167e-17
"ENSG00000130827.6","PLXNA3"," protein_coding","chrX",1875.40783369835,1.20319835567555,0.256928808633518,1.42666000388158e-07,2.10771644997671e-06
"ENSG00000130829.18","DUSP9"," protein_coding","chrX",6.02647384266567,2.11643392803384,0.98912568106519,0.000784735599393191,0.00389881342187421
"ENSG00000130876.11","SLC7A10"," protein_coding","chr19",4.40538046313865,-4.02278766242811,0.94726273376746,0.00832186925092219,0.0279734084658692
"ENSG00000131015.5","ULBP2"," protein_coding","chr6",39.5901070632239,3.77029912621632,0.689499983573915,1.79184300653767e-09,4.16020316925606e-08
"ENSG00000131019.11","ULBP3"," protein_coding","chr6",165.891660419526,2.16261023058019,0.394638985468586,1.79145192691439e-09,4.16020316925606e-08
"ENSG00000131044.17","TTLL9"," protein_coding","chr20",8.27659845217318,1.81143711324286,0.745866990411957,0.000439023808549208,0.00236119880329581
"ENSG00000131094.4","C1QL1"," protein_coding","chr17",45.0715713693365,-1.2418317950735,0.355109697698459,1.62160957085752e-05,0.000136076017194657
"ENSG00000131096.10","PYY"," protein_coding","chr17",2401.09483048663,-7.59088872541845,0.822185419017058,7.81779540772829e-22,1.93702292629042e-19
"ENSG00000131187.10","F12"," protein_coding","chr5",385.593661947276,1.41566670691928,0.397470029689918,1.30284438610815e-05,0.00011250274879075
"ENSG00000131188.12","PRR7"," protein_coding","chr5",287.458536681819,3.60312533742108,0.417816420081387,2.92232496953744e-19,4.51680113624981e-17
"ENSG00000131389.17","SLC6A6"," protein_coding","chr3",2873.85041205002,1.62602747947441,0.531276367426991,7.38905498597812e-05,0.000509309719122697
"ENSG00000131409.13","LRRC4B"," protein_coding","chr19",78.0201186330647,-1.14216585532233,0.340461319964828,2.66999662736624e-05,0.000209431489925214
"ENSG00000131482.10","G6PC"," protein_coding","chr17",19.5714680627622,-9.838690323208,1.15070834029684,2.43976396429616e-07,3.37121578344507e-06
"ENSG00000131620.17","ANO1"," protein_coding","chr11",1443.78008741814,1.81839503573973,0.413678373294946,4.528551445283e-07,5.79376124599904e-06
"ENSG00000131650.14","KREMEN2"," protein_coding","chr16",50.8042310205617,1.99805360007678,0.493270452072534,1.83497535719158e-06,1.99129488945919e-05
"ENSG00000131730.16","CKMT2"," protein_coding","chr5",129.519628236685,3.83827632309392,0.743771992682344,0.0100665632703634,0.0327030193848715
"ENSG00000131746.13","TNS4"," protein_coding","chr17",2715.82450039466,3.25625631050372,0.386683576820529,1.93233904624335e-18,2.57048609684289e-16
"ENSG00000131747.15","TOP2A"," protein_coding","chr17",5301.92263944588,1.35082803250229,0.264877387328724,1.69288625310716e-08,3.13807549990589e-07
"ENSG00000131845.15","ZNF304"," protein_coding","chr19",208.224442520966,-1.40818264507537,0.557206760773639,0.000307272472764691,0.0017312011666371
"ENSG00000131951.11","LRRC9"," protein_coding","chr14",5.81805870006045,1.28724129954814,0.845763686364905,0.002498245978433,0.0103113006063044
"ENSG00000131981.16","LGALS3"," protein_coding","chr14",51366.0412320603,-1.00829496522922,0.325346333494798,6.24038584953405e-05,0.000439848955275084
"ENSG00000132003.9","ZSWIM4"," protein_coding","chr19",235.516856337053,1.17942520299556,0.186131038309646,1.07592329892695e-11,4.02330857564181e-10
"ENSG00000132031.13","MATN3"," protein_coding","chr2",32.694745485981,1.09368490600865,0.619122530051511,0.00158565344658169,0.00703872258877853
"ENSG00000132182.12","NUP210"," protein_coding","chr3",3377.37514771135,1.1034218753091,0.480916009596009,0.000608671126818924,0.00313690813500931
"ENSG00000132185.18","FCRLA"," protein_coding","chr1",155.301515674641,-2.69909890162284,0.772323421915234,1.4513319202216e-05,0.000123511618947438
"ENSG00000132330.18","SCLY"," protein_coding","chr2",75.8339057563874,1.27753320455245,0.251711635765827,1.6068547996557e-08,2.98542032554234e-07
"ENSG00000132382.15","MYBBP1A"," protein_coding","chr17",2591.02089919838,1.1300339387063,0.214566519329217,6.29923301847493e-09,1.300639346779e-07
"ENSG00000132535.21","DLG4"," protein_coding","chr17",271.475835716649,-1.01578072101924,0.328927009197444,6.52945501404547e-05,0.000456752264754069
"ENSG00000132561.14","MATN2"," protein_coding","chr8",4624.93787265149,-1.06075106029226,0.471303938800319,0.000609314691836164,0.00313972634824865
"ENSG00000132635.17","PCED1A"," protein_coding","chr20",970.578941744265,1.07588384634463,0.329409224688131,4.19323190231886e-05,0.000310102349249181
"ENSG00000132639.13","SNAP25"," protein_coding","chr20",62.8333930028196,-4.06400535429115,0.564413620662119,4.09678795090537e-14,2.4670416198606e-12
"ENSG00000132661.4","NXT1"," protein_coding","chr20",855.022523985467,1.39545622432909,0.342753080342974,1.95107182294555e-06,2.10251956272133e-05
"ENSG00000132746.15","ALDH3B2"," protein_coding","chr11",52.1709433228025,3.11028734470632,0.748503891816067,1.1430191868944e-06,1.31787314134346e-05
"ENSG00000132768.14","DPH2"," protein_coding","chr1",1320.0007882975,1.03157387329977,0.257262243603096,2.74200544704438e-06,2.83710592286154e-05
"ENSG00000132911.5","NMUR2"," protein_coding","chr5",7.2996603613951,4.93783616217538,0.989377583616373,0.00457538576852219,0.0170679084329035
"ENSG00000132915.11","PDE6A"," protein_coding","chr5",271.550055621269,-4.74852964244892,0.602104074222817,1.3113674747585e-16,1.26303755180152e-14
"ENSG00000132932.17","ATP8A2"," protein_coding","chr13",45.6163672077478,-2.29301601587383,0.428722993704671,3.60569268606916e-09,7.84407327107458e-08
"ENSG00000133067.17","LGR6"," protein_coding","chr1",816.576279747952,2.04600997908171,0.466154435338275,4.49122686234014e-07,5.74827450701247e-06
"ENSG00000133104.14","SPART"," protein_coding","chr13",515.184167469126,-1.76897587932973,0.393669614985684,2.63178457112001e-07,3.5997666923478e-06
"ENSG00000133116.8","KL"," protein_coding","chr13",101.413416288245,-1.26201860613104,0.661371683331814,0.00120859032524527,0.00560326021665633
"ENSG00000133119.13","RFC3"," protein_coding","chr13",828.624234390689,1.42574647263891,0.25403280287863,9.18485173537668e-10,2.28096340953983e-08
"ENSG00000133131.15","MORC4"," protein_coding","chrX",1071.58116924133,1.19595681672102,0.27287894673703,5.23481061878706e-07,6.56535869646794e-06
"ENSG00000133169.6","BEX1"," protein_coding","chrX",44.5887731055422,-4.85432248084742,0.707446824274831,7.08187691700254e-13,3.3556724229499e-11
"ENSG00000133216.17","EPHB2"," protein_coding","chr1",8703.48429381597,1.01253691472046,0.207290055927106,4.63860121819501e-08,7.74085955476472e-07
"ENSG00000133317.16","LGALS12"," protein_coding","chr11",26.3070222840955,-3.84357546257433,0.78548503566777,3.26415620184479e-08,5.67781254016496e-07
"ENSG00000133328.4","PLAAT2"," protein_coding","chr11",237.767464135921,-2.83856086725488,0.788378578766255,9.8284509984599e-06,8.78972642894492e-05
"ENSG00000133424.22","LARGE1"," protein_coding","chr22",1626.71522878547,-1.02622623898812,0.202487925339531,1.58852994089945e-08,2.95849462625077e-07
"ENSG00000133488.15","SEC14L4"," protein_coding","chr22",5.05588480877026,2.11335883517782,1.26028922399536,0.00178636580305592,0.00776508118864191
"ENSG00000133519.12","ZDHHC8P1"," transcribed_unprocessed_pseudogene","chr22",261.988153527501,2.3631775035538,0.681829960823532,1.78935288167002e-05,0.000147714263618087
"ENSG00000133574.10","GIMAP4"," protein_coding","chr7",759.958228711947,-1.28159786980852,0.407850530815879,5.35898620251296e-05,0.000385082962499813
"ENSG00000133612.19","AGAP3"," protein_coding","chr7",2885.05706034591,1.08357137751511,0.209909516537651,1.2252941664051e-08,2.34911979050069e-07
"ENSG00000133627.18","ACTR3B"," protein_coding","chr7",328.080644636802,1.30720694785336,0.213452362696221,3.9914077126053e-11,1.31793602783055e-09
"ENSG00000133740.11","E2F5"," protein_coding","chr8",499.306900624723,1.70688145661148,0.316239418252066,2.91850831508819e-09,6.47497900827972e-08
"ENSG00000133742.14","CA1"," protein_coding","chr8",27875.4851759502,-8.39952426135579,1.05343873366945,5.6125565283508e-17,5.87652773539388e-15
"ENSG00000133800.9","LYVE1"," protein_coding","chr11",1220.35451026781,-5.80400764516642,0.440706884473207,3.59927321099448e-41,8.34465784874706e-38
"ENSG00000133878.9","DUSP26"," protein_coding","chr8",40.6336012384521,-3.69880053844853,0.508224412573631,2.13891837973366e-14,1.3639491703221e-12
"ENSG00000133937.5","GSC"," protein_coding","chr14",2.8302687518314,1.56749277987583,1.03715250509024,0.00261027509748771,0.0107042715242269
"ENSG00000133958.13","UNC79"," protein_coding","chr14",25.424349614331,-1.26777834051247,0.269335374858625,1.19111947102886e-07,1.79987689900628e-06
"ENSG00000133985.3","TTC9"," protein_coding","chr14",313.49310126893,1.80042274364514,0.369757491617854,4.66563740629535e-08,7.78197630696477e-07
"ENSG00000134028.14","ADAMDEC1"," protein_coding","chr8",8083.62889163719,-3.46560974198216,0.553728352798289,1.55709615636491e-11,5.63436198921875e-10
"ENSG00000134042.14","MRO"," protein_coding","chr18",19.1859367243045,-4.0922360674605,0.40215981336303,1.72325503296602e-05,0.000142979069171807
"ENSG00000134057.15","CCNB1"," protein_coding","chr5",2254.22691731314,1.22540586237402,0.281251386083882,5.82391292093554e-07,7.24818119584838e-06
"ENSG00000134061.5","CD180"," protein_coding","chr5",255.414408320609,-1.62321809339753,0.466065348844057,1.64350951783202e-05,0.000137629081346212
"ENSG00000134107.5","BHLHE40"," protein_coding","chr3",4577.22484009972,1.17115112782793,0.339132084093762,2.13478863659925e-05,0.000172580247986895
"ENSG00000134121.10","CHL1"," protein_coding","chr3",352.750542124149,-2.89700768989591,0.389224447768769,3.81082375442205e-15,2.81117539593252e-13
"ENSG00000134138.20","MEIS2"," protein_coding","chr15",350.981326986059,-1.10286480424693,0.632939242223636,0.00157413526658601,0.00699524678023666
"ENSG00000134201.12","GSTM5"," protein_coding","chr1",182.238110620558,-3.07415355109486,0.394415444252178,3.16109379002449e-16,2.85801621829011e-14
"ENSG00000134222.16","PSRC1"," protein_coding","chr1",411.536291814695,1.10751760285774,0.273784027667283,2.00037198556766e-06,2.14638260851422e-05
"ENSG00000134245.18","WNT2B"," protein_coding","chr1",445.534174158728,-1.04486564910802,0.273053540785795,4.71178824298537e-06,4.57478979332393e-05
"ENSG00000134258.17","VTCN1"," protein_coding","chr1",14.3456174761056,3.51086016243479,0.885003680402848,2.85206521051754e-06,2.9369394861351e-05
"ENSG00000134297.6","PLEKHA8P1"," transcribed_processed_pseudogene","chr12",86.0192869012585,1.3539229245499,0.363754905873993,7.27306584988646e-06,6.72809942362246e-05
"ENSG00000134317.18","GRHL1"," protein_coding","chr2",101.917355168542,1.78711725153908,0.464372176724217,4.29551276595456e-06,4.20965438880897e-05
"ENSG00000134323.12","MYCN"," protein_coding","chr2",76.7745754274677,1.52693308499696,0.424413002730617,1.17553444003395e-05,0.000102845004998981
"ENSG00000134339.9","SAA2"," protein_coding","chr11",15.6021551459422,3.88476450822563,0.840093262616843,0.000613985099101295,0.00316028042287184
"ENSG00000134343.14","ANO3"," protein_coding","chr11",12.6717062952057,-4.20620639772875,0.688541398942397,1.06012037132434e-10,3.21282791899584e-09
"ENSG00000134363.12","FST"," protein_coding","chr5",73.8682192492979,-1.45873819275705,0.427811288505784,2.21717077342599e-05,0.000178395956777047
"ENSG00000134490.14","TMEM241"," protein_coding","chr18",314.15103718896,1.10077634681348,0.174958143924921,1.38987251283870e-11,5.10322194815822e-10
"ENSG00000134516.18","DOCK2"," protein_coding","chr5",795.534178555746,-1.34938598517818,0.465751648606167,0.000113178990156456,0.000737663386043825
"ENSG00000134532.19","SOX5"," protein_coding","chr12",61.3424676138966,-2.34829823517525,0.347821506115389,6.91326227676259e-13,3.28536847700088e-11
"ENSG00000134533.6","RERG"," protein_coding","chr12",291.313784987127,-1.77705161279996,0.591816814416434,7.99546814210412e-05,0.000544288810730737
"ENSG00000134668.12","SPOCD1"," protein_coding","chr1",54.0946638739476,1.22169221167793,0.779553257379425,0.00207668587868624,0.00882611892764147
"ENSG00000134684.11","YARS1"," protein_coding","chr1",3959.06430201796,1.03183354937208,0.161395785748391,6.95914050905264e-12,2.71490123368787e-10
"ENSG00000134760.6","DSG1"," protein_coding","chr18",11.0538947258982,1.41216521254891,0.484833004713986,0.00012299714748452,0.000791954257697393
"ENSG00000134762.17","DSC3"," protein_coding","chr18",397.0118529995,4.60838593930746,0.70343640297042,2.45990133091181e-12,1.0547355006438e-10
"ENSG00000134812.8","CBLIF"," protein_coding","chr11",203.946818806322,5.63232141662391,0.77691853849256,1.74225282747045e-14,1.12425531359912e-12
"ENSG00000134815.19","DHX34"," protein_coding","chr19",1186.73764699913,1.32431231250325,0.184568817807729,3.37487296567044e-14,2.07073018373783e-12
"ENSG00000134827.8","TCN1"," protein_coding","chr11",2416.61725575668,8.87530181253941,0.902319094652324,3.36579390511831e-24,1.24144248377648e-21
"ENSG00000134917.10","ADAMTS8"," protein_coding","chr11",159.078693126223,-1.59322675028993,0.693042029295733,0.000517060381244854,0.00272182060565123
"ENSG00000134955.12","SLC37A2"," protein_coding","chr11",544.138788364439,-1.83825867112274,0.430630857922782,7.21512845079522e-07,8.79746954379832e-06
"ENSG00000134962.7","KLB"," protein_coding","chr4",99.0216219848842,-2.30129910753404,0.35203731862418,3.23066777579515e-12,1.36360227134927e-10
"ENSG00000134982.17","APC"," protein_coding","chr5",1375.57639340143,-1.04229867470692,0.294118380230887,1.37317086201313e-05,0.000117693107576504
"ENSG00000135063.19","FAM189A2"," protein_coding","chr9",139.061637284594,-1.46151930839331,0.426024170686008,2.08344963201597e-05,0.000169002476286048
"ENSG00000135069.14","PSAT1"," protein_coding","chr9",1432.61340574619,2.52113890600382,0.388337963736334,3.85483047350541e-12,1.58916246725309e-10
"ENSG00000135119.15","RNFT2"," protein_coding","chr12",101.504214721373,1.48715697593072,0.273566613648358,2.24404703669578e-09,5.08640214504691e-08
"ENSG00000135218.19","CD36"," protein_coding","chr7",1255.86535921123,-3.7750053012635,0.314972254643815,1.82422512387427e-34,2.04445249528372e-31
"ENSG00000135220.11","UGT2A3"," protein_coding","chr4",3204.01563698033,-5.11644859457266,0.714711269521153,3.19117552937569e-14,1.96544924729556e-12
"ENSG00000135245.10","HILPDA"," protein_coding","chr7",652.078758157886,2.05461187063245,0.357090882962164,3.69463829904138e-10,1.01028281306053e-08
"ENSG00000135298.14","ADGRB3"," protein_coding","chr6",49.5316780265419,-4.89192528732084,0.492794029592684,1.78096969075357e-24,6.8817516931523e-22
"ENSG00000135299.17","ANKRD6"," protein_coding","chr6",72.2857461420136,-1.11385001788683,0.265786911775684,1.10722046401575e-06,1.28258964386236e-05
"ENSG00000135333.14","EPHA7"," protein_coding","chr6",314.706412856438,-4.02310044494416,0.627723438810008,5.88008225891335e-12,2.31621007232779e-10
"ENSG00000135362.14","PRR5L"," protein_coding","chr11",2719.02613090383,-1.13163553024655,0.273362986226294,1.38143236444108e-06,1.55635306091734e-05
"ENSG00000135363.12","LMO2"," protein_coding","chr11",357.258520031303,-1.21600276484822,0.377650175021036,4.15554136844232e-05,0.000307798208478305
"ENSG00000135372.9","NAT10"," protein_coding","chr11",2883.63468058268,1.14106818011825,0.164290517700829,1.73015320963427e-13,9.22123364175849e-12
"ENSG00000135374.11","ELF5"," protein_coding","chr11",57.2491764829358,6.67204743870352,1.66932658370168,1.45693173801402e-06,1.62785164724472e-05
"ENSG00000135406.14","PRPH"," protein_coding","chr12",83.8269591439974,-4.39678113154499,0.489073701544106,1.49486368173407e-20,2.92290875793521e-18
"ENSG00000135423.13","GLS2"," protein_coding","chr12",11.003706211762,2.818933063414,0.47412476614581,1.34504174648569e-10,3.99061837362272e-09
"ENSG00000135424.18","ITGA7"," protein_coding","chr12",966.104607222697,-1.84117821386064,0.446789088689578,1.37923839376569e-06,1.55550103491476e-05
"ENSG00000135426.16","TESPA1"," protein_coding","chr12",108.242791550097,-1.22934866717629,0.493503752046089,0.000340580723915382,0.00189290567411737
"ENSG00000135437.10","RDH5"," protein_coding","chr12",140.022781843098,-1.65779838552419,0.310388628542523,3.96079388003483e-09,8.57062985054469e-08
"ENSG00000135446.17","CDK4"," protein_coding","chr12",2475.71219642319,1.14201514486532,0.24190042916542,1.10133899667027e-07,1.68460231639603e-06
"ENSG00000135451.13","TROAP"," protein_coding","chr12",583.793041018069,1.50081540015819,0.22244219668937,6.60431222519107e-13,3.15703632113773e-11
"ENSG00000135477.11","KRT87P"," transcribed_unprocessed_pseudogene","chr12",4.65318748202351,4.00090607966869,0.903862194273979,4.92879423979594e-07,6.22727923064603e-06
"ENSG00000135480.16","KRT7"," protein_coding","chr12",134.236298719293,2.81242432585263,0.669388587370811,9.64340102343842e-07,1.13366718731896e-05
"ENSG00000135617.4","PRADC1"," protein_coding","chr2",1071.50662235853,-1.32182708278905,0.224828891492521,1.77956507386156e-10,5.12066694746441e-09
"ENSG00000135625.8","EGR4"," protein_coding","chr2",6.32291394255399,1.48659909919658,0.995181309757626,0.00233807627168517,0.00973313833863759
"ENSG00000135632.12","SMYD5"," protein_coding","chr2",1287.61511521848,1.08420893397822,0.171488187471725,1.14998234687863e-11,4.27561592382434e-10
"ENSG00000135678.12","CPM"," protein_coding","chr12",2239.0128064339,-2.16986324330504,0.386145592943171,7.69404834868135e-10,1.94648029073655e-08
"ENSG00000135740.17","SLC9A5"," protein_coding","chr16",53.3327456045857,1.05925625625504,0.404695693026107,0.000253653230084503,0.00147229551897046
"ENSG00000135747.11","ZNF670-ZNF695"," protein_coding","chr1",5.81306207243725,2.12740872474395,0.705941148543454,9.27649527432785e-05,0.000621586464934214
"ENSG00000135749.19","PCNX2"," protein_coding","chr1",485.383780793931,1.32391625652713,0.250975028918406,5.66105407285722e-09,1.1854612457858e-07
"ENSG00000135763.10","URB2"," protein_coding","chr1",777.675074011007,1.36494495796458,0.20536266060864,1.34433764549639e-12,6.09420548848070e-11
"ENSG00000135828.11","RNASEL"," protein_coding","chr1",859.88844964294,-1.01250701539637,0.236062371329159,6.91541358092229e-07,8.45744137187549e-06
"ENSG00000135842.17","NIBAN1"," protein_coding","chr1",1874.38043208102,-3.21139684837533,0.476872988510397,6.83590559356916e-13,3.25814719171906e-11
"ENSG00000135914.6","HTR2B"," protein_coding","chr2",22.5549463733792,-1.45917325089075,0.731372708761359,0.00107762479977037,0.00508929079679127
"ENSG00000135916.16","ITM2C"," protein_coding","chr2",55438.4507934141,-1.73441143973797,0.406445851522217,7.32225935548864e-07,8.89801176190379e-06
"ENSG00000135919.14","SERPINE2"," protein_coding","chr2",2571.80807295103,1.07322158407895,0.456241474336557,0.000506454899582021,0.00267379849229558
"ENSG00000135960.10","EDAR"," protein_coding","chr2",289.976150901747,1.68379388901949,0.547650416627986,6.71361447521224e-05,0.000468322299001708
"ENSG00000136011.15","STAB2"," protein_coding","chr12",72.481883854814,-2.18942842586553,0.400326926547368,1.89486400366589e-09,4.37125059210998e-08
"ENSG00000136044.12","APPL2"," protein_coding","chr12",5470.20074503243,-1.62183711906777,0.268932200041974,6.85734216057384e-11,2.18131885447023e-09
"ENSG00000136052.9","SLC41A2"," protein_coding","chr12",1516.23722275532,-1.51909358324585,0.30546548634164,2.62516011648186e-08,4.68172786048177e-07
"ENSG00000136059.14","VILL"," protein_coding","chr3",5346.28356299062,-1.10532158825306,0.466711979885634,0.000465425014216907,0.00248589190578449
"ENSG00000136108.15","CKAP2"," protein_coding","chr13",1515.3344247351,1.22789204896019,0.214694559081428,5.06801193180217e-10,1.34613364388245e-08
"ENSG00000136160.17","EDNRB"," protein_coding","chr13",705.172783081405,-1.37836507403337,0.3092053469484,3.19952029924231e-07,4.27894643068838e-06
"ENSG00000136231.14","IGF2BP3"," protein_coding","chr7",73.6952089904439,1.61137009035347,3.43278199554823,0.00343950951037004,0.0134709901157967
"ENSG00000136235.17","GPNMB"," protein_coding","chr7",4014.24406141069,-1.41251651276769,0.548830549363464,0.000273014930592789,0.0015653627657977
"ENSG00000136274.9","NACAD"," protein_coding","chr7",107.604005760984,-1.92010737369677,0.404254238557549,8.19762453173216e-08,1.2941561140611e-06
"ENSG00000136295.15","TTYH3"," protein_coding","chr7",5871.39606258601,1.27030798208583,0.188780975332887,8.14924734824226e-13,3.82790550548838e-11
"ENSG00000136352.19","NKX2-1"," protein_coding","chr14",90.1624573125825,6.51340905371295,1.49859602265532,3.80282895719513e-07,4.99523360148278e-06
"ENSG00000136367.14","ZFHX2"," protein_coding","chr14",131.132774008228,1.01114667644068,0.378309699319452,0.00022568488522832,0.0013384396135101
"ENSG00000136383.7","ALPK3"," protein_coding","chr15",671.526732668563,1.83915607383359,0.813506862793273,0.000586936049470953,0.00303936986179454
"ENSG00000136457.10","CHAD"," protein_coding","chr17",158.382291139139,-3.10626488045894,0.434888809595997,4.20667141596623e-14,2.52852112628578e-12
"ENSG00000136492.9","BRIP1"," protein_coding","chr17",367.396110681899,1.17733255624428,0.246285873379972,7.2560937546635e-08,1.16018862605354e-06
"ENSG00000136689.19","IL1RN"," protein_coding","chr2",313.942030522171,1.09169518288811,0.850136859139509,0.00286611328572705,0.011563493477704
"ENSG00000136732.16","GYPC"," protein_coding","chr2",651.30153815856,-2.17012831022368,0.410775501358688,5.03548684515965e-09,1.06291325030821e-07
"ENSG00000136842.14","TMOD1"," protein_coding","chr9",196.515793894156,-2.44968079589567,0.568983906286944,6.20704096950969e-07,7.67790151632414e-06
"ENSG00000136854.24","STXBP1"," protein_coding","chr9",1521.08484955585,1.4507338980182,0.335080780275257,6.47374818851289e-07,7.97135503424702e-06
"ENSG00000136881.12","BAAT"," protein_coding","chr9",23.1409749887101,4.93045702953172,0.669445766853268,3.28094170322366e-05,0.000251043860922286
"ENSG00000136891.14","TEX10"," protein_coding","chr9",1063.26038658213,1.05371819057839,0.10998423456483,4.48340371779366e-23,1.39925305646295e-20
"ENSG00000136960.13","ENPP2"," protein_coding","chr8",1264.66495729787,-1.81190063441513,0.378337364993487,6.51311171678997e-08,1.05227765108795e-06
"ENSG00000136982.6","DSCC1"," protein_coding","chr8",389.111246872948,1.88192599808818,0.306412958867141,3.68628122155325e-11,1.22843240132623e-09
"ENSG00000136997.21","MYC"," protein_coding","chr8",7827.49569084924,2.23052967242666,0.358904866641015,2.2756855566646e-11,7.91684906733327e-10
"ENSG00000137094.15","DNAJB5"," protein_coding","chr9",341.175901762485,-1.93460168667006,0.469308211405983,1.38131135592995e-06,1.55635306091734e-05
"ENSG00000137168.8","PPIL1"," protein_coding","chr6",1071.86360299208,1.05476742028168,0.202357844536467,7.84529444772658e-09,1.57868919519101e-07
"ENSG00000137171.15","KLC4"," protein_coding","chr6",3350.09494601701,-1.19912984367802,0.213807100331787,8.60031812925149e-10,2.14400250260557e-08
"ENSG00000137198.10","GMPR"," protein_coding","chr6",377.658075319262,1.32435001228059,0.369088113199014,1.19870852303549e-05,0.000104534339711677
"ENSG00000137203.15","TFAP2A"," protein_coding","chr6",170.818334908635,3.61786650847662,0.50064678480047,2.24783243098036e-14,1.43059107930903e-12
"ENSG00000137225.13","CAPN11"," protein_coding","chr6",18.9160036937981,-1.46648028754224,0.560398876856612,0.000250417188742023,0.00145689928521036
"ENSG00000137251.16","TINAG"," protein_coding","chr6",479.478182968657,-1.58806347796241,0.513258764125045,6.13586749594941e-05,0.000433517603795224
"ENSG00000137261.14","KIAA0319"," protein_coding","chr6",136.358220845093,1.36730659957518,0.539969341184418,0.00031989170423763,0.00179211537160142
"ENSG00000137273.6","FOXF2"," protein_coding","chr6",464.077555531637,-1.67580151850159,0.392760249955124,7.3595024534601e-07,8.93966997548078e-06
"ENSG00000137309.20","HMGA1"," protein_coding","chr6",14284.6682051673,1.21344149883057,0.273901786796433,4.64206827424497e-07,5.91799890202055e-06
"ENSG00000137331.12","IER3"," protein_coding","chr6",2297.43919140578,1.41876556054112,0.340349320369858,1.2052031523564e-06,1.3808148224209e-05
"ENSG00000137441.8","FGFBP2"," protein_coding","chr4",31.9221578461586,-3.15655996249205,0.468962090885565,5.33448914401248e-13,2.5842813229307e-11
"ENSG00000137486.17","ARRB1"," protein_coding","chr11",2290.52592214503,-1.13105310583549,0.271567142877997,1.17232373930342e-06,1.3469481037278e-05
"ENSG00000137491.15","SLCO2B1"," protein_coding","chr11",3347.18714537624,-1.22022457783787,0.376689662824636,3.87429886173104e-05,0.000289817913007758
"ENSG00000137558.9","PI15"," protein_coding","chr8",171.512607086003,-1.82039602067649,0.488408931266948,6.68456472271041e-06,6.24546925071199e-05
"ENSG00000137571.11","SLCO5A1"," protein_coding","chr8",148.631540760878,2.25607265315755,0.302641075164214,4.29316634649331e-15,3.11043734987678e-13
"ENSG00000137574.11","TGS1"," protein_coding","chr8",1326.1914051795,1.09831890431001,0.198623376869262,1.23629218378805e-09,2.97021256116896e-08
"ENSG00000137634.10","NXPE4"," protein_coding","chr11",4145.36443575022,-2.83411419332033,0.830043382598415,1.94658679431564e-05,0.000159309919742554
"ENSG00000137672.13","TRPC6"," protein_coding","chr11",78.8328245131896,-1.87650899213433,0.349697549705774,3.00628113333379e-09,6.65152508696307e-08
"ENSG00000137673.9","MMP7"," protein_coding","chr11",523.093212178442,9.04549600288436,0.585448886896707,3.57257424070387e-32,3.41054749131666e-29
"ENSG00000137675.5","MMP27"," protein_coding","chr11",5.54428702120503,-6.06736288156676,1.28849380288554,8.7449067759865e-14,4.85200314760632e-12
"ENSG00000137692.12","DCUN1D5"," protein_coding","chr11",814.262328250708,1.24760416947418,0.233304373286479,3.60491492836429e-09,7.84407327107458e-08
"ENSG00000137699.17","TRIM29"," protein_coding","chr11",2496.17273570395,4.67179792795445,0.466563699388368,6.32499674549504e-25,2.59869296664909e-22
"ENSG00000137726.17","FXYD6"," protein_coding","chr11",348.158811041544,-2.08666302201072,0.541728041148258,4.06789455927276e-06,4.00837041909154e-05
"ENSG00000137727.12","ARHGAP20"," protein_coding","chr11",122.299298632007,-2.52754773322795,0.39796241454656,9.45546193200501e-12,3.57698582038483e-10
"ENSG00000137745.12","MMP13"," protein_coding","chr11",14.8867191925027,4.35967500736927,0.773526437327058,6.81053335740762e-10,1.74610025051135e-08
"ENSG00000137747.16","TMPRSS13"," protein_coding","chr11",324.44755747228,2.86981792616401,0.545657136921382,5.9003430644052e-09,1.22764958451579e-07
"ENSG00000137807.16","KIF23"," protein_coding","chr15",781.099439322595,1.24973059349442,0.214079294304148,2.30514304945819e-10,6.52882487777609e-09
"ENSG00000137843.12","PAK6"," protein_coding","chr15",323.026079893227,1.18095755410844,0.462545775587054,0.000311096770851634,0.00175031703732056
"ENSG00000137868.19","STRA6"," protein_coding","chr15",159.059683861315,4.8671274517258,0.524803741951085,8.04872941140741e-22,1.97913378208683e-19
"ENSG00000137877.10","SPTBN5"," protein_coding","chr15",170.82516319861,2.63904354201926,0.561282341342601,9.99228602727216e-08,1.54885205288061e-06
"ENSG00000137936.18","BCAR3"," protein_coding","chr1",1397.25486627469,-1.52566176728734,0.218030728660117,1.05935304530186e-13,5.818017114113e-12
"ENSG00000137965.11","IFI44"," protein_coding","chr1",525.344758513961,1.19380024305326,0.72998828890442,0.00188816789926273,0.00814217532539787
"ENSG00000138028.16","CGREF1"," protein_coding","chr2",604.69764476931,2.74959627692161,0.550809371822163,2.44370623573662e-08,4.38462227747592e-07
"ENSG00000138074.15","SLC5A6"," protein_coding","chr2",2704.70438589938,1.469700594358,0.30841304048328,7.84406728537018e-08,1.24439264881987e-06
"ENSG00000138075.14","ABCG5"," protein_coding","chr2",17.0127818863929,-4.38283519267192,0.550710244913008,0.0158291044000677,0.0472008333134955
"ENSG00000138083.5","SIX3"," protein_coding","chr2",12.4328740021616,5.16037027368276,1.09545732583791,1.25485492531102e-07,1.88271716205896e-06
"ENSG00000138152.10","BTBD16"," protein_coding","chr10",25.8563388449104,3.18385544899567,0.494389034885645,5.04437277029317e-12,2.01886869763472e-10
"ENSG00000138180.16","CEP55"," protein_coding","chr10",1081.1183308883,1.43362963357777,0.282888882539624,1.67852925594678e-08,3.11324014797261e-07
"ENSG00000138193.16","PLCE1"," protein_coding","chr10",2520.41555958581,-2.14839194346361,0.321003312781218,9.71244193662112e-13,4.477932391745e-11
"ENSG00000138346.15","DNA2"," protein_coding","chr10",341.268839493644,1.11768922083699,0.239416339301652,1.22645419174836e-07,1.84468258367787e-06
"ENSG00000138600.10","SPPL2A"," protein_coding","chr15",4510.74146566329,-1.23030720426755,0.232793606116296,5.03981604604209e-09,1.06291325030821e-07
"ENSG00000138606.19","SHF"," protein_coding","chr15",754.802086519026,1.38274170459799,0.758907066709793,0.00145522500031459,0.0065366306476904
"ENSG00000138622.4","HCN4"," protein_coding","chr15",7.47181640706787,-2.74461144131979,0.629508282967037,5.80206730594708e-07,7.22376296956004e-06
"ENSG00000138650.9","PCDH10"," protein_coding","chr4",27.2312050277911,-4.85034602441791,0.608086368770492,2.87788226956479e-16,2.61653508979087e-14
"ENSG00000138678.11","GPAT3"," protein_coding","chr4",1030.90045280355,-2.0653684966935,0.440012111756503,1.03285733735165e-07,1.59034551497912e-06
"ENSG00000138685.17","FGF2"," protein_coding","chr4",175.508967072741,-1.62243582251611,0.390542646389432,1.22009578935443e-06,1.39541469805729e-05
"ENSG00000138696.11","BMPR1B"," protein_coding","chr4",49.7810050447812,1.33138679839915,1.1620581361727,0.00306210328078672,0.0122295740479606
"ENSG00000138722.10","MMRN1"," protein_coding","chr4",552.572109361095,-3.74955090666472,0.497589732419611,1.90194137605667e-15,1.47494361440506e-13
"ENSG00000138744.16","NAAA"," protein_coding","chr4",3491.9375295571,-2.35802715160532,0.285687105303098,6.79454014306101e-18,8.13790346728687e-16
"ENSG00000138769.11","CDKL2"," protein_coding","chr4",55.8774199102724,-1.04443780887121,0.72553968357398,0.00246166309291364,0.0101745397516606
"ENSG00000138772.13","ANXA3"," protein_coding","chr4",2831.61295140176,1.78472839076155,0.283074378547883,1.50666486634539e-11,5.4885890271424e-10
"ENSG00000138778.13","CENPE"," protein_coding","chr4",530.61886088397,1.16561723497591,0.248310310362569,1.14720956694049e-07,1.74244867214574e-06
"ENSG00000138795.10","LEF1"," protein_coding","chr4",425.116139860249,2.34881331553458,0.479016738721649,3.85957887279189e-08,6.56927057370187e-07
"ENSG00000139055.7","ERP27"," protein_coding","chr12",115.50300644192,1.86004614162294,0.739339625943981,0.000314800352975714,0.00176717223398231
"ENSG00000139117.14","CPNE8"," protein_coding","chr12",597.458832949444,-1.9568366728544,0.48911658040952,2.23975303056577e-06,2.3734216084265e-05
"ENSG00000139144.11","PIK3C2G"," protein_coding","chr12",4.52549870453041,-7.30078862095809,1.32285233364869,1.53822305568184e-11,5.58474764444307e-10
"ENSG00000139155.9","SLCO1C1"," protein_coding","chr12",14.6155760494396,-2.21056413064325,0.55085056750318,2.01951823851528e-06,2.16406480639581e-05
"ENSG00000139193.4","CD27"," protein_coding","chr12",164.328969591391,-1.63068529630555,0.423056272158453,3.97524939541164e-06,3.931402951745e-05
"ENSG00000139200.14","PIANP"," protein_coding","chr12",59.0398122469497,-2.95931361836032,0.348275469051984,1.69827353019361e-18,2.29677342679267e-16
"ENSG00000139266.6","MARCHF9"," protein_coding","chr12",810.206608724863,1.05368977121184,0.121038658093908,1.50635988583399e-19,2.46936510981816e-17
"ENSG00000139269.3","INHBE"," protein_coding","chr12",6.59814589592741,1.74521358631201,0.681777199714158,0.000306859642564989,0.00173009104653115
"ENSG00000139289.13","PHLDA1"," protein_coding","chr12",3104.09244639331,2.61145553599303,0.350773560764616,4.64270134135389e-15,3.33391150747046e-13
"ENSG00000139292.13","LGR5"," protein_coding","chr12",1912.18012665466,2.57236015906507,0.403630628977356,8.18891949159115e-12,3.1380867633774e-10
"ENSG00000139352.4","ASCL1"," protein_coding","chr12",5.51278687253484,-3.70464866486549,0.733492363401139,1.78259054482191e-08,3.28746158544485e-07
"ENSG00000139433.11","GLTP"," protein_coding","chr12",2932.4175859915,-1.42648031048737,0.186132567153593,9.58198784352828e-16,7.8737256057023e-14
"ENSG00000139438.6","FAM222A"," protein_coding","chr12",451.337783443676,1.61461186527449,0.309572668861427,8.16835007939672e-09,1.63659448689543e-07
"ENSG00000139508.15","SLC46A3"," protein_coding","chr13",2038.3424656847,-2.06904878703459,0.393904613598409,5.99173513274118e-09,1.24403735881384e-07
"ENSG00000139515.6","PDX1"," protein_coding","chr13",403.631878851613,4.2081801587796,0.584224430593897,2.48473379422078e-14,1.56297460257399e-12
"ENSG00000139540.12","SLC39A5"," protein_coding","chr12",5976.16128270922,-1.87040137113628,0.483359491453742,3.75642578909106e-06,3.74695968845475e-05
"ENSG00000139547.7","RDH16"," protein_coding","chr12",28.3748665961482,2.60724633296913,0.442387774250186,1.63623473958237e-10,4.77168977334812e-09
"ENSG00000139567.13","ACVRL1"," protein_coding","chr12",4521.78640531711,-1.47725763754442,0.305639438171473,5.95697110979132e-08,9.71126912514347e-07
"ENSG00000139618.16","BRCA2"," protein_coding","chr13",382.275636739601,1.48415149739286,0.252768936781416,1.81270420935798e-10,5.20679232100365e-09
"ENSG00000139629.16","GALNT6"," protein_coding","chr12",3112.06799166172,1.34389541716127,0.516658872631701,0.00027338062478046,0.00156690593662797
"ENSG00000139734.19","DIAPH3"," protein_coding","chr13",469.397246454295,1.41048216358212,0.261029048397102,2.78352805792113e-09,6.20094397419381e-08
"ENSG00000139800.8","ZIC5"," protein_coding","chr13",12.2075014000972,8.36821817233906,1.45988226165945,1.79472380546367e-06,1.95395763088101e-05
"ENSG00000139890.10","REM2"," protein_coding","chr14",30.8883426782363,1.52868507276173,0.296717599296823,1.18569503429353e-08,2.28534972821255e-07
"ENSG00000139910.20","NOVA1"," protein_coding","chr14",106.590532121518,-4.24119153533328,0.39765572527334,4.52869477638784e-28,3.19548641417384e-25
"ENSG00000139946.10","PELI2"," protein_coding","chr14",730.033500441001,-1.07205562722864,0.405727395394281,0.000235904231389639,0.0013871339750806
"ENSG00000139998.16","RAB15"," protein_coding","chr14",3993.33210457868,1.37089137140287,0.336660578111016,1.97606719727582e-06,2.12663093797012e-05
"ENSG00000140009.18","ESR2"," protein_coding","chr14",38.5081433779671,-1.05545449650944,0.352384336186177,9.0740060196093e-05,0.000609780719222523
"ENSG00000140104.14","CLBA1"," protein_coding","chr14",349.377636812682,1.28324485717392,0.264449331885746,5.34695515952112e-08,8.8007845115485e-07
"ENSG00000140263.15","SORD"," protein_coding","chr15",1547.41512166539,1.59409062858171,0.304511497097517,7.08337656899095e-09,1.44603219522489e-07
"ENSG00000140450.9","ARRDC4"," protein_coding","chr15",2256.54621571348,-1.07589758883889,0.321962746699244,2.82173103726753e-05,0.000220057054319149
"ENSG00000140451.13","PIF1"," protein_coding","chr15",197.460635098319,1.00288400468338,0.259293323501549,4.11800416634712e-06,4.05282532538796e-05
"ENSG00000140459.18","CYP11A1"," protein_coding","chr15",15.1888181645422,-2.19612736815271,0.452246684918413,4.30136323538307e-08,7.24512962605416e-07
"ENSG00000140479.18","PCSK6"," protein_coding","chr15",1092.30271910623,-1.05834198025138,0.345265852575723,6.96176866224513e-05,0.000482831382989642
"ENSG00000140481.15","CCDC33"," protein_coding","chr15",16.7072310607769,3.17798818209023,0.672121596489472,9.45623305541791e-08,1.47138261032001e-06
"ENSG00000140519.14","RHCG"," protein_coding","chr15",35.1807165243418,1.99034782361671,0.773099250723029,0.00027300903870675,0.0015653627657977
"ENSG00000140525.19","FANCI"," protein_coding","chr15",1320.86026283186,1.12698281934505,0.225171790327864,2.46246611436779e-08,4.41221810404476e-07
"ENSG00000140534.14","TICRR"," protein_coding","chr15",354.199044932791,1.36025639837242,0.308951541297628,4.15534969361164e-07,5.37990986658343e-06
"ENSG00000140538.16","NTRK3"," protein_coding","chr15",69.0757718799058,-2.94857103258897,0.462959084444175,8.6792140604541e-12,3.30257831153833e-10
"ENSG00000140807.7","NKD1"," protein_coding","chr16",3337.87555354102,3.77595743747828,0.6097246123176,2.55344123243134e-11,8.77032756849275e-10
"ENSG00000140835.10","CHST4"," protein_coding","chr16",20.4531120053821,6.63497349741508,0.751029062487323,1.58077480728799e-06,1.74936204210547e-05
"ENSG00000140937.14","CDH11"," protein_coding","chr16",1228.58142606671,1.28238974881323,0.323286204916681,2.93030361747152e-06,3.0070121661679e-05
"ENSG00000141076.18","UTP4"," protein_coding","chr16",1746.88376037238,1.07065958977725,0.184115392169202,2.63739538458066e-10,7.39884005122897e-09
"ENSG00000141101.13","NOB1"," protein_coding","chr16",1859.45542198765,1.0491217928121,0.166338340121737,1.22435871312866e-11,4.52107339143688e-10
"ENSG00000141293.16","SKAP1"," protein_coding","chr17",376.478783635538,1.25023757428083,0.376583322867178,3.10087427433931e-05,0.000238615877658856
"ENSG00000141294.10","LRRC46"," protein_coding","chr17",22.9526806602054,1.30120052209012,0.423145341575968,6.86204499306131e-05,0.000477343026971247
"ENSG00000141391.14","PRELID3A"," protein_coding","chr18",139.150937543718,2.14635863728783,0.485971102270288,3.88339345980709e-07,5.07232132468485e-06
"ENSG00000141434.12","MEP1B"," protein_coding","chr18",340.894736703466,-7.51017143883906,0.904219112838985,1.92378915575407e-07,2.72554990909932e-06
"ENSG00000141447.18","OSBPL1A"," protein_coding","chr18",1329.51404279561,-1.61777738987223,0.286361058541144,6.7272108545846e-10,1.72746685061794e-08
"ENSG00000141505.12","ASGR1"," protein_coding","chr17",92.0127011938586,1.97312643018527,0.466644760399495,8.78779478940588e-07,1.04519693394846e-05
"ENSG00000141519.15","CCDC40"," protein_coding","chr17",107.700123431754,1.38423198251017,0.364201508801128,5.52520019765306e-06,5.2715152267908e-05
"ENSG00000141527.18","CARD14"," protein_coding","chr17",109.988764394415,2.11815458207567,0.460965278094946,1.7000859841662e-07,2.4485304617346e-06
"ENSG00000141570.11","CBX8"," protein_coding","chr17",461.964101764826,1.51177325963224,0.166028004487218,4.12917328680739e-21,8.93498043621295e-19
"ENSG00000141574.8","SECTM1"," protein_coding","chr17",4327.3777675403,-2.23594094428243,0.642019423754453,1.58139988183619e-05,0.000133080314660719
"ENSG00000141582.15","CBX4"," protein_coding","chr17",1145.01760491262,1.38156823426064,0.233567722702696,1.36979414997566e-10,4.04925123132149e-09
"ENSG00000141668.10","CBLN2"," protein_coding","chr18",45.5600847933678,-2.72011461324213,0.478289984343919,7.26260912522402e-10,1.85176564796953e-08
"ENSG00000141682.12","PMAIP1"," protein_coding","chr18",346.226838114313,2.03622771386599,0.318171436720661,7.0896403442397e-12,2.75917921215027e-10
"ENSG00000141738.14","GRB7"," protein_coding","chr17",1485.88564935328,1.03485834648749,0.28183505897208,9.96242416038475e-06,8.88596766688013e-05
"ENSG00000141750.7","STAC2"," protein_coding","chr17",10.1287274564496,-1.87317756275036,0.451200189418737,1.77867950102336e-06,1.938629256018e-05
"ENSG00000141933.9","TPGS1"," protein_coding","chr19",185.790901090796,1.17610495037088,0.447562244995195,0.000251675833935982,0.00146291085564006
"ENSG00000141934.10","PLPP2"," protein_coding","chr19",5636.54781310523,1.21154399309579,0.256045926402871,1.22420937991272e-07,1.84386951523003e-06
"ENSG00000142089.16","IFITM3"," protein_coding","chr11",13269.5959869179,1.27732471573121,0.461043028149122,0.000177360075446585,0.00108720482398839
"ENSG00000142102.16","PGGHG"," protein_coding","chr11",2131.20783704108,2.739597055902,0.502594844915181,2.11821294314317e-09,4.83835015542162e-08
"ENSG00000142185.16","TRPM2"," protein_coding","chr21",711.011165480684,1.10623215167145,0.465434498629606,0.000490671125543657,0.00260064294113526
"ENSG00000142235.12","LMTK3"," protein_coding","chr19",257.558052967364,1.6895803839624,0.631308818011519,0.00021293418350515,0.00127258658225192
"ENSG00000142408.6","CACNG8"," protein_coding","chr19",18.386434225097,2.5068065143756,0.550363149079535,1.93744156995886e-07,2.7401079946721e-06
"ENSG00000142494.13","SLC47A1"," protein_coding","chr17",68.432037530949,-1.60676668633971,0.454261793425251,1.30193365543625e-05,0.000112478473750732
"ENSG00000142530.11","FAM71E1"," protein_coding","chr19",80.3457030055295,1.25871581989439,0.196622369415356,6.81894871020116e-12,2.66983639608817e-10
"ENSG00000142544.7","CTU1"," protein_coding","chr19",198.287532387648,1.37726150372039,0.30192448485414,1.93646981290004e-07,2.73992751469527e-06
"ENSG00000142583.18","SLC2A5"," protein_coding","chr1",280.854090340852,-2.95022207947651,0.405312931074254,1.62572982791918e-05,0.000136351262931785
"ENSG00000142619.4","PADI3"," protein_coding","chr1",233.646521697268,6.08749309410219,0.890135960871182,3.1262836279632e-13,1.5830407799755e-11
"ENSG00000142621.19","FHAD1"," protein_coding","chr1",60.0089454426929,1.23494658545411,0.392481909227481,5.52971454228019e-05,0.000395773924174929
"ENSG00000142623.11","PADI1"," protein_coding","chr1",69.2542598889942,1.11454266240465,0.845693635638228,0.0027556166308428,0.0111900168402222
"ENSG00000142632.17","ARHGEF19"," protein_coding","chr1",564.083264115448,1.2847500685182,0.203460654384678,1.21345779034026e-11,4.4910391059138e-10
"ENSG00000142700.12","DMRTA2"," protein_coding","chr1",45.0590369503351,5.23945207465611,0.826553721881666,9.8089653963459e-12,3.68921667247503e-10
"ENSG00000142765.18","SYTL1"," protein_coding","chr1",1185.76721271469,1.66170625844839,0.484888291376331,2.19798068913446e-05,0.000177030248846744
"ENSG00000142875.19","PRKACB"," protein_coding","chr1",4724.5851256867,-1.26844397150722,0.434113389805031,0.000105895161363631,0.000696060175686659
"ENSG00000142945.13","KIF2C"," protein_coding","chr1",1021.97174034018,1.34797525739425,0.287990681577197,1.17880650684945e-07,1.78293110900836e-06
"ENSG00000142959.5","BEST4"," protein_coding","chr1",1655.61905090168,-6.06933549197348,0.496980145412657,9.47190469339745e-36,1.28099617724289e-32
"ENSG00000142973.14","CYP4B1"," protein_coding","chr1",58.0514174798727,-2.93013658883432,0.638123588723704,1.84974153631516e-07,2.63675497521815e-06
"ENSG00000143061.18","IGSF3"," protein_coding","chr1",1826.90394446567,-1.10485953917464,0.305654270090155,1.06229847183512e-05,9.39511820131453e-05
"ENSG00000143067.5","ZNF697"," protein_coding","chr1",292.353076383648,1.08847162408668,0.308277787324494,1.48235952886177e-05,0.000125723610106599
"ENSG00000143126.8","CELSR2"," protein_coding","chr1",771.681415496143,1.14307317616582,0.326557971229707,1.69075463571755e-05,0.000140822463346472
"ENSG00000143167.12","GPA33"," protein_coding","chr1",23132.6484236027,-1.29175549097215,0.422899660505675,7.04942701165666e-05,0.000488284895314451
"ENSG00000143171.13","RXRG"," protein_coding","chr1",43.0908676842324,-3.34418398517205,0.573239656072208,2.88775459019998e-10,8.04555695182068e-09
"ENSG00000143185.4","XCL2"," protein_coding","chr1",19.2856956451259,-1.21697012446091,0.782301872649091,0.00203050528005353,0.00864569597008754
"ENSG00000143217.9","NECTIN4"," protein_coding","chr1",653.076004568919,2.34553607649496,0.307370589285081,1.1135071212507e-15,8.99428081018862e-14
"ENSG00000143228.13","NUF2"," protein_coding","chr1",418.023871130106,1.28437897304399,0.250894918335831,1.18412521095953e-08,2.28368010085113e-07
"ENSG00000143257.12","NR1I3"," protein_coding","chr1",14.7967171276777,-1.58894314162558,0.292989438534469,0.000680564397798139,0.00344883047989571
"ENSG00000143333.7","RGS16"," protein_coding","chr1",335.899419948556,1.43670012047645,0.439900954361882,3.751799592289e-05,0.000282019247722363
"ENSG00000143375.15","CGN"," protein_coding","chr1",8478.06328107082,-1.08692652207735,0.3022915707515,1.30965279178567e-05,0.000112964949018813
"ENSG00000143382.15","ADAMTSL4"," protein_coding","chr1",371.578137159952,-1.58291783145518,0.23900032216334,1.56528826177024e-12,6.95974334253953e-11
"ENSG00000143409.15","MINDY1"," protein_coding","chr1",1423.45154128898,-1.05359438808353,0.113111240981239,5.62588699713506e-22,1.42660187619539e-19
"ENSG00000143416.21","SELENBP1"," protein_coding","chr1",29154.4200175138,-2.06756396228231,0.445863560275119,1.24245768168608e-07,1.8670227514892e-06
"ENSG00000143476.18","DTL"," protein_coding","chr1",690.473223565428,1.13213148304891,0.297986413772412,5.40031950541161e-06,5.16083298512367e-05
"ENSG00000143507.18","DUSP10"," protein_coding","chr1",505.242362075439,1.69622794316287,0.366281490158704,1.52912016242542e-07,2.2387091669826e-06
"ENSG00000143515.19","ATP8B2"," protein_coding","chr1",830.839627621717,-1.21738832166651,0.282362811186178,6.1843927668722e-07,7.65864251915825e-06
"ENSG00000143590.14","EFNA3"," protein_coding","chr1",378.344105015225,1.25074777150648,0.41568792581958,8.53185100313024e-05,0.000577412051417017
"ENSG00000143603.19","KCNN3"," protein_coding","chr1",299.646277534258,-1.83940080567885,0.412110335048329,3.0438188966901e-07,4.09094301237132e-06
"ENSG00000143882.12","ATP6V1C2"," protein_coding","chr2",160.953258702869,2.1563000604895,0.526562715925104,1.58234754559593e-06,1.75050567944624e-05
"ENSG00000143995.20","MEIS1"," protein_coding","chr2",498.379982959881,-1.75405447584384,0.529710364227736,2.9899529037037e-05,0.000231231573381974
"ENSG00000144031.12","ANKRD53"," protein_coding","chr2",21.3653577906566,-1.86430865841518,0.379306635852045,3.91421148634333e-08,6.64877423345001e-07
"ENSG00000144063.4","MALL"," protein_coding","chr2",1326.81315625381,-2.20281743475292,0.577419648296713,4.63930130166931e-06,4.51656993550038e-05
"ENSG00000144136.11","SLC20A1"," protein_coding","chr2",4441.19355766204,-1.25527586227253,0.570770064730749,0.000647486671974366,0.00330442176084025
"ENSG00000144218.19","AFF3"," protein_coding","chr2",203.145284746911,-2.81113597357237,0.419370490168464,8.65453736347315e-13,4.03025787293561e-11
"ENSG00000144230.16","GPR17"," protein_coding","chr2",29.1224757066546,-1.85390949472167,0.556651701930189,3.13028475880981e-05,0.000240593849636393
"ENSG00000144331.20","ZNF385B"," protein_coding","chr2",26.9160313330199,-2.55839576182253,0.541304435865221,8.74214964009932e-08,1.36814220356e-06
"ENSG00000144339.12","TMEFF2"," protein_coding","chr2",32.8904988882165,-5.68156145978021,0.555099529431995,3.35713827562128e-25,1.41514278117033e-22
"ENSG00000144354.14","CDCA7"," protein_coding","chr2",4117.06130466033,1.37137386504068,0.274034784860804,2.94554284597981e-08,5.18192030866194e-07
"ENSG00000144381.18","HSPD1"," protein_coding","chr2",17673.9346104522,1.2415502471225,0.177482979430991,7.18914894392159e-14,4.05818080733577e-12
"ENSG00000144395.18","CCDC150"," protein_coding","chr2",55.6868040253643,1.21069268728668,0.294724082942959,1.65843006153526e-06,1.82410447093567e-05
"ENSG00000144406.19","UNC80"," protein_coding","chr2",10.6129949416554,-3.79092823965793,0.637041073763424,2.43305465496374e-10,6.85521597142475e-09
"ENSG00000144426.18","NBEAL1"," protein_coding","chr2",703.451117480149,-1.76927951709,0.303448319580472,2.32386502269508e-10,6.57038422531681e-09
"ENSG00000144452.15","ABCA12"," protein_coding","chr2",16.6137647698067,4.39002043675391,0.675926098644906,0.000395177862928856,0.00215538280540158
"ENSG00000144485.11","HES6"," protein_coding","chr2",2585.76577734944,2.15267590770621,0.280041918500282,8.02202387782803e-16,6.71079512955006e-14
"ENSG00000144554.12","FANCD2"," protein_coding","chr3",683.757483203854,1.05569946879776,0.214486353357611,3.57038959567462e-08,6.14788888575103e-07
"ENSG00000144596.13","GRIP2"," protein_coding","chr3",239.786296292667,2.35023638871687,0.593027717460072,2.73246876155493e-06,2.82994483288289e-05
"ENSG00000144619.15","CNTN4"," protein_coding","chr3",255.691803528827,-2.92670798096449,0.350890620643446,3.17953413776039e-18,4.01561552698158e-16
"ENSG00000144648.16","ACKR2"," protein_coding","chr3",104.352827885072,-1.74707443897771,0.455080876464193,4.5029636925944e-06,4.39702754314769e-05
"ENSG00000144712.12","CAND2"," protein_coding","chr3",103.192445994719,-2.02123831173924,0.427446630751692,8.63703276553919e-08,1.35430342755493e-06
"ENSG00000144821.10","MYH15"," protein_coding","chr3",137.436431797055,-2.38327690524168,0.398838273605105,1.00053430023274e-10,3.04932791708489e-09
"ENSG00000144834.14","TAGLN3"," protein_coding","chr3",34.4532456847549,-3.92739145451054,0.685523454822148,2.66769994787899e-10,7.47739247912403e-09
"ENSG00000144857.14","BOC"," protein_coding","chr3",509.079978512918,-1.6505553333981,0.576396946461356,0.000122409394798426,0.000789265819699506
"ENSG00000144935.15","TRPC1"," protein_coding","chr3",100.127496874993,-1.02576551661792,0.533223298975165,0.00119795327566368,0.00556188920347469
"ENSG00000145012.13","LPP"," protein_coding","chr3",7002.53563318513,-1.24686579195907,0.233181542333961,3.52632238246132e-09,7.69720053059377e-08
"ENSG00000145040.4","UCN2"," protein_coding","chr3",7.80135407341501,3.72692849016344,0.720553720997651,1.47644033936048e-08,2.77488711841127e-07
"ENSG00000145087.13","STXBP5L"," protein_coding","chr3",15.8655663375455,-3.99314385442568,0.716273872460804,2.17127531858492e-09,4.94563188004416e-08
"ENSG00000145088.9","EAF2"," protein_coding","chr3",165.314312902012,-1.08207882420634,0.272117156205142,2.58749197537547e-06,2.69354761182608e-05
"ENSG00000145192.13","AHSG"," protein_coding","chr3",2.66173468184564,4.20362037180949,1.25439214874022,0.00593300005924716,0.0211456369740907
"ENSG00000145220.14","LYAR"," protein_coding","chr4",828.698074441515,1.40122833629879,0.173266712976522,2.84360448086013e-17,3.12873607592401e-15
"ENSG00000145242.13","EPHA5"," protein_coding","chr4",8.95598628047443,-4.21050056995425,0.780452204408332,2.83298791253784e-09,6.30247578239569e-08
"ENSG00000145244.12","CORIN"," protein_coding","chr4",51.4101645384957,2.66977915796622,0.651118570523812,1.52711672785206e-06,1.69634342069207e-05
"ENSG00000145287.11","PLAC8"," protein_coding","chr4",6307.97707853733,-2.58679258612321,0.4178243341809,2.12304495862179e-11,7.46584975806568e-10
"ENSG00000145335.17","SNCA"," protein_coding","chr4",78.5869936786264,-1.90288761699066,0.416707495170037,2.06645938186085e-07,2.89607679691016e-06
"ENSG00000145362.20","ANK2"," protein_coding","chr4",657.85636983263,-3.26455695752756,0.448044133164113,1.35002508331476e-14,8.96096403971995e-13
"ENSG00000145384.4","FABP2"," protein_coding","chr4",2907.57629649221,-2.26785684271254,0.816308930715931,0.000138974854322483,0.000881713413135093
"ENSG00000145386.11","CCNA2"," protein_coding","chr4",1458.12785053659,1.03313155065204,0.302977386175069,2.56253787405076e-05,0.000202076905529493
"ENSG00000145423.5","SFRP2"," protein_coding","chr4",3655.76474448016,-2.42116919236654,0.842985469644503,0.000110833239149594,0.000723682413260414
"ENSG00000145506.14","NKD2"," protein_coding","chr5",325.476393084699,3.23831653234351,0.479859016585871,6.45432541585034e-13,3.09445338770562e-11
"ENSG00000145681.11","HAPLN1"," protein_coding","chr5",328.888865742097,-2.92103805109073,0.484237756377238,6.30217676823671e-11,2.01930951178112e-09
"ENSG00000145700.10","ANKRD31"," protein_coding","chr5",6.42331121155265,1.2859127921227,0.596277935188568,0.000819026213094509,0.0040450323835395
"ENSG00000145708.11","CRHBP"," protein_coding","chr5",20.0076948445973,-2.91222152036742,0.415766587859966,7.2314166182654e-14,4.07495348256351e-12
"ENSG00000145850.9","TIMD4"," protein_coding","chr5",28.7109945456242,-2.97076181274254,0.672607692337928,0.000558740324002797,0.00291236518839399
"ENSG00000145936.9","KCNMB1"," protein_coding","chr5",715.864463608436,-3.7892668315261,0.567925314348684,1.05826255359213e-12,4.84472298511893e-11
"ENSG00000146006.8","LRRTM2"," protein_coding","chr5",21.1389435124867,-1.70280857110381,0.385717639052372,3.56894219640561e-07,4.70897259394037e-06
"ENSG00000146054.18","TRIM7"," protein_coding","chr5",187.705263475102,1.63309709808191,0.819194802802654,0.000999904913893473,0.00477207964933897
"ENSG00000146090.16","RASGEF1C"," protein_coding","chr5",19.7823012956132,-3.33041290946063,0.559983966796506,9.80433428469448e-11,2.99650736546717e-09
"ENSG00000146122.17","DAAM2"," protein_coding","chr6",648.3108629026,-2.43742950060339,0.334945943099738,1.48622552394291e-14,9.76516357411718e-13
"ENSG00000146151.14","HMGCLL1"," protein_coding","chr6",19.3470659872788,-3.03002192140224,0.450270719119185,4.1100685717437e-13,2.02742561856621e-11
"ENSG00000146263.11","MMS22L"," protein_coding","chr6",511.579042502482,1.09242279651881,0.192777971065568,6.27595593289195e-10,1.62732633734216e-08
"ENSG00000146352.13","CLVS2"," protein_coding","chr6",10.3269414965932,-4.43583972362493,0.731804542561142,5.63052860463984e-11,1.827556974494e-09
"ENSG00000146410.12","MTFR2"," protein_coding","chr6",212.067859616549,1.06311902855687,0.237588269088344,3.02137784881598e-07,4.06414762606171e-06
"ENSG00000146469.13","VIP"," protein_coding","chr6",542.026936863434,-4.38936359384163,0.571476578448793,7.01771185821415e-16,5.94728176224321e-14
"ENSG00000146477.6","SLC22A3"," protein_coding","chr6",691.934248516533,2.44591672145899,0.441334575380607,1.28927417551139e-09,3.08153617001095e-08
"ENSG00000146555.19","SDK1"," protein_coding","chr7",328.521621293224,-1.04186278873945,0.598890041886594,0.00159190266918502,0.00706163411731685
"ENSG00000146666.5","LINC00525"," lncRNA","chr7",18.126128351212,1.71962659225674,0.806457707598862,0.000774786682920326,0.00385883476357649
"ENSG00000146670.10","CDCA5"," protein_coding","chr11",1272.13755929708,1.32371084316348,0.307046581172555,7.31146431047183e-07,8.89371700100058e-06
"ENSG00000146731.11","CCT6A"," protein_coding","chr7",7897.78463731874,1.09220898282895,0.12795951639827,6.14433030357965e-19,8.82445455723842e-17
"ENSG00000146858.8","ZC3HAV1L"," protein_coding","chr7",202.344174214247,1.85811241594476,0.298796983913513,2.22230268870838e-11,7.7560753408706e-10
"ENSG00000146859.6","TMEM140"," protein_coding","chr7",796.549689885671,-1.08099009934697,0.244608845807999,3.7877090586445e-07,4.97738706985762e-06
"ENSG00000146918.20","NCAPG2"," protein_coding","chr7",1198.07529207315,1.15144172390888,0.205298434570648,8.17551537370257e-10,2.05070230293383e-08
"ENSG00000146938.16","NLGN4X"," protein_coding","chrX",125.179458090019,-2.44468744705096,0.424618620398313,3.2914807420749e-10,9.05380355307348e-09
"ENSG00000147036.12","LANCL3"," protein_coding","chrX",148.025211725198,-1.94637206900958,0.387599121190419,2.13110821251128e-08,3.88421302758401e-07
"ENSG00000147256.12","ARHGAP36"," protein_coding","chrX",8.42352756778163,-4.46930323839256,0.827145750993651,5.91820327201572e-10,1.54539856639651e-08
"ENSG00000147262.4","GPR119"," protein_coding","chrX",4.7894127002942,-4.44386786553633,0.937623985120801,8.20345489502252e-09,1.64106543662875e-07
"ENSG00000147509.14","RGS20"," protein_coding","chr8",3.98801109502414,1.22556889846823,1.17279868737453,0.00402593457420171,0.0153745221509355
"ENSG00000147536.12","GINS4"," protein_coding","chr8",301.243632571423,1.63595114605505,0.460444244999121,1.34331374047931e-05,0.000115469484609315
"ENSG00000147576.17","ADHFE1"," protein_coding","chr8",25.4901238071078,-2.84957472543724,0.349328699524118,1.33547506907806e-17,1.52094209796967e-15
"ENSG00000147588.7","PMP2"," protein_coding","chr8",25.6459803377188,-5.59047943037235,0.587980990634131,5.12763160847092e-22,1.32089418053769e-19
"ENSG00000147614.4","ATP6V0D2"," protein_coding","chr8",104.269614767779,-2.63442696760256,0.52431026621885,1.82266958564224e-08,3.35185322440656e-07
"ENSG00000147689.16","FAM83A"," protein_coding","chr8",54.1113913792388,1.82120482404041,0.877768128556705,0.00082504539167802,0.00407166235716667
"ENSG00000147697.9","GSDMC"," protein_coding","chr8",7.36382041311174,1.62510684495645,0.902830067051264,0.00135377970233756,0.00616110229647679
"ENSG00000147724.12","FAM135B"," protein_coding","chr8",60.8361973804154,-5.48885547537597,0.437426544377732,1.23921396496233e-37,2.01112034373737e-34
"ENSG00000147799.11","ARHGAP39"," protein_coding","chr8",866.073981036811,1.16774635868716,0.282503323230327,1.50017101650856e-06,1.67038739681611e-05
"ENSG00000147883.12","CDKN2B"," protein_coding","chr9",3379.65686790341,-4.19654684810842,0.429499524133856,6.34126028580687e-24,2.21316802534107e-21
"ENSG00000147889.18","CDKN2A"," protein_coding","chr9",101.447356312918,1.49671379936419,0.570439682847431,0.00024874755120424,0.0014492636899995
"ENSG00000148123.15","PLPPR1"," protein_coding","chr9",89.3195435398035,2.93725360109744,0.784830226479721,6.09366184914232e-06,5.74798245566584e-05
"ENSG00000148180.21","GSN"," protein_coding","chr9",27967.2325232152,-1.17708957137027,0.268255039700164,4.26597214071655e-07,5.50501623911803e-06
"ENSG00000148346.12","LCN2"," protein_coding","chr9",12458.6315148794,2.20039823564568,0.625924388862509,1.48560383006366e-05,0.000125954346489503
"ENSG00000148680.16","HTR7"," protein_coding","chr10",33.7402298481472,-2.6186730880872,0.418816244639412,1.02673798011786e-11,3.85270073510583e-10
"ENSG00000148702.15","HABP2"," protein_coding","chr10",32.5909405930233,4.72874772048838,1.16289414613003,1.54443682897372e-06,1.71323754596135e-05
"ENSG00000148734.8","NPFFR1"," protein_coding","chr10",89.4339929589757,3.30307020952154,0.504337928371516,2.46599623068565e-12,1.05595390046959e-10
"ENSG00000148798.11","INA"," protein_coding","chr10",49.9610720200277,-3.95824403201037,0.592655739205774,1.49404768755476e-12,6.69803865230005e-11
"ENSG00000148840.11","PPRC1"," protein_coding","chr10",2119.28212250941,1.17915825984329,0.199882551440723,1.76042242928743e-10,5.07458181259428e-09
"ENSG00000148842.18","CNNM2"," protein_coding","chr10",1319.87883579924,-1.73192004663535,0.2516226290943,2.35953682975352e-13,1.22341607699904e-11
"ENSG00000148843.15","PDCD11"," protein_coding","chr10",2408.86395916665,1.0660962795503,0.221852354637506,6.65066236397469e-08,1.07236561852901e-06
"ENSG00000148848.14","ADAM12"," protein_coding","chr10",215.308370404912,1.76477988238539,0.766192999559518,0.000523408584206959,0.00275166761033195
"ENSG00000148935.11","GAS2"," protein_coding","chr11",76.6419259369046,1.11134557594678,0.369341621205411,8.52104620334922e-05,0.000576801079600227
"ENSG00000148948.8","LRRC4C"," protein_coding","chr11",22.3179254056774,-2.53630443020077,0.481468308416694,5.08115896956174e-09,1.07093673918205e-07
"ENSG00000149150.9","SLC43A1"," protein_coding","chr11",1296.9479460548,1.25834902221701,0.354558388575393,1.44231794248615e-05,0.000122808908124909
"ENSG00000149218.5","ENDOD1"," protein_coding","chr11",4169.31649758598,-1.5832114309273,0.223141993156172,6.04527749501256e-14,3.47903576122549e-12
"ENSG00000149243.16","KLHL35"," protein_coding","chr11",199.113883372598,4.15735772890482,0.529147790675697,1.76072930660046e-16,1.67104537525256e-14
"ENSG00000149294.17","NCAM1"," protein_coding","chr11",537.170977207996,-2.65650577397756,0.400628127428321,1.41997471539351e-12,6.39244650655237e-11
"ENSG00000149295.14","DRD2"," protein_coding","chr11",97.7825672399465,2.96369296224717,0.811386940103389,8.09975595214567e-06,7.40360120233016e-05
"ENSG00000149451.18","ADAM33"," protein_coding","chr20",350.238397204696,-1.84957234454643,0.619999729948449,8.4134931972264e-05,0.000570353304502035
"ENSG00000149554.13","CHEK1"," protein_coding","chr11",808.484260889559,1.14917127089605,0.22999391885969,2.16830367947803e-08,3.94721260956242e-07
"ENSG00000149557.14","FEZ1"," protein_coding","chr11",312.432368700349,-1.69621041086467,0.373132024442511,2.09554536084862e-07,2.93430592417708e-06
"ENSG00000149596.7","JPH2"," protein_coding","chr20",665.75230501809,-3.27282497796798,0.606865312636272,2.71526399114206e-09,6.06552227284853e-08
"ENSG00000149599.15","DUSP15"," protein_coding","chr20",58.9988692572751,1.48074778850965,0.60754112846417,0.000397096031838452,0.00216402669600612
"ENSG00000149609.6","C20orf144"," protein_coding","chr20",7.2292302701652,1.54084158064292,0.462912853310648,3.28297318251136e-05,0.000251140097944741
"ENSG00000149654.11","CDH22"," protein_coding","chr20",10.5717242471646,-3.71307803997134,0.502020564313474,2.0455433337106e-14,1.30955119379839e-12
"ENSG00000149968.12","MMP3"," protein_coding","chr11",728.702844133239,4.15062960503932,0.908588864133897,1.74601186300347e-07,2.50428868976432e-06
"ENSG00000150045.12","KLRF1"," protein_coding","chr12",14.3021040276605,-2.27232280007919,0.376336200055678,6.21203267295662e-11,1.99436356576485e-09
"ENSG00000150048.10","CLEC1A"," protein_coding","chr12",59.6396958697448,-1.44659811343657,0.332135516648761,4.98855656102585e-07,6.28565872895098e-06
"ENSG00000150201.15","FXYD4"," protein_coding","chr10",14.6270268685487,3.12488063745749,0.557437632816621,1.07679623152961e-09,2.6417726442168e-08
"ENSG00000150510.17","FAM124A"," protein_coding","chr13",108.581126526515,-2.07626066418142,0.508123893709415,1.55992364806801e-06,1.72864464899254e-05
"ENSG00000150556.17","LYPD6B"," protein_coding","chr2",122.897330338417,1.00375831869881,0.591498627664303,0.00176216017115451,0.00768882440210967
"ENSG00000150593.18","PDCD4"," protein_coding","chr10",8840.6266934182,-1.7661090273027,0.242778188128769,1.519411642727e-14,9.96304305043092e-13
"ENSG00000150625.16","GPM6A"," protein_coding","chr4",209.209545031153,-6.34283547890843,0.650338993595118,5.88787143214373e-24,2.10009374664309e-21
"ENSG00000150627.16","WDR17"," protein_coding","chr4",24.4651320307365,-3.66023302288695,0.310893558137756,1.20306979390186e-22,3.54993085186059e-20
"ENSG00000150681.10","RGS18"," protein_coding","chr1",62.0158940811493,-1.48137616798821,0.40316278923801,7.73205811592036e-06,7.10150374438435e-05
"ENSG00000150907.10","FOXO1"," protein_coding","chr13",975.21364966719,-1.05578140547756,0.279200464504845,5.62527350182729e-06,5.34969608327894e-05
"ENSG00000150995.20","ITPR1"," protein_coding","chr3",738.957832381994,-1.30199995417177,0.387445404168711,2.35550195866466e-05,0.000187896000428453
"ENSG00000151012.13","SLC7A11"," protein_coding","chr4",653.50835691642,2.74062192780689,0.406162256072666,6.88070402617204e-13,3.27469048799842e-11
"ENSG00000151079.7","KCNA6"," protein_coding","chr12",31.2188841134005,-1.61894745991283,0.653729381366717,0.000378942591873683,0.00207729447067439
"ENSG00000151090.20","THRB"," protein_coding","chr3",746.446423998328,-3.55617446094522,0.379990677018709,3.59781728335529e-22,9.48915903502567e-20
"ENSG00000151224.13","MAT1A"," protein_coding","chr10",160.107727852416,4.11492161860168,0.742439093473722,1.19179117745125e-09,2.88035428426751e-08
"ENSG00000151229.13","SLC2A13"," protein_coding","chr12",1149.76901513586,-1.59831763822571,0.307081807167355,7.91597323656941e-09,1.58995457495402e-07
"ENSG00000151320.11","AKAP6"," protein_coding","chr14",224.160560359465,-1.57036894198424,0.433244779881466,1.01967787597708e-05,9.07007522566838e-05
"ENSG00000151364.17","KCTD14"," protein_coding","chr11",225.535764020998,2.05514402020655,0.262583708214268,2.2340078313796e-16,2.101780469302e-14
"ENSG00000151388.11","ADAMTS12"," protein_coding","chr5",284.943914920633,2.29001331574777,0.492497105008373,1.29788767314439e-07,1.93508672921087e-06
"ENSG00000151650.8","VENTX"," protein_coding","chr10",53.4096630143888,2.0951645880631,0.827742891927722,0.000291061943038541,0.00165277966185181
"ENSG00000151702.17","FLI1"," protein_coding","chr11",528.420584507881,-1.63079633412483,0.326257057321463,2.27491920880873e-08,4.11361156988934e-07
"ENSG00000151789.12","ZNF385D"," protein_coding","chr3",55.4894535940464,-2.77028465057139,0.510473994065539,1.90215084435682e-09,4.38494404162882e-08
"ENSG00000151790.9","TDO2"," protein_coding","chr4",186.46996312055,2.23640984216568,0.74452419889014,7.90241362016975e-05,0.000538971509315969
"ENSG00000151846.8","PABPC3"," protein_coding","chr13",71.4812991212002,1.19795669092205,0.764868501376986,0.00205445531356133,0.00874193898368819
"ENSG00000151882.11","CCL28"," protein_coding","chr5",2713.51804552918,-1.6939438194759,0.504945576387417,2.57248785489061e-05,0.000202763017955413
"ENSG00000151892.15","GFRA1"," protein_coding","chr10",444.864930151884,-2.70170972001055,0.530156144589409,1.36124084555574e-08,2.5807917853416e-07
"ENSG00000151967.18","SCHIP1"," protein_coding","chr3",11.0555263608618,-1.30226007471419,0.479298919270784,0.00023834566205669,0.00139844965636949
"ENSG00000152056.17","AP1S3"," protein_coding","chr2",345.569002353911,1.54727312887445,0.270158798573382,4.38569002918235e-10,1.18526833444797e-08
"ENSG00000152137.8","HSPB8"," protein_coding","chr12",1201.01695328225,-3.98092573947068,0.589837263532829,6.04586262909743e-13,2.91152239191757e-11
"ENSG00000152284.5","TCF7L1"," protein_coding","chr2",347.493579028547,-1.53877657379529,0.292592585091369,5.94516368602422e-09,1.23539131191405e-07
"ENSG00000152413.15","HOMER1"," protein_coding","chr5",211.373323948033,2.34126832595006,0.247714105270368,1.59852604234195e-22,4.434611819003e-20
"ENSG00000152455.16","SUV39H2"," protein_coding","chr10",365.614508867762,1.03780911723782,0.20509625520176,1.72945700202286e-08,3.19855928043636e-07
"ENSG00000152578.13","GRIA4"," protein_coding","chr11",60.3510542388964,-4.12157285936958,0.617733222685274,1.13619034001176e-12,5.17955983934011e-11
"ENSG00000152580.8","IGSF10"," protein_coding","chr3",177.10597240941,-2.73184840546145,0.520597146189808,6.05263089649397e-09,1.25531178043707e-07
"ENSG00000152583.12","SPARCL1"," protein_coding","chr4",5929.55486548128,-2.46125839923387,0.429881273779919,4.19215812456222e-10,1.13923532861546e-08
"ENSG00000152642.11","GPD1L"," protein_coding","chr3",3871.48128694787,-1.46654914400701,0.184389636029166,8.14454362205609e-17,8.18438380447977e-15
"ENSG00000152669.9","CCNO"," protein_coding","chr5",283.940771344069,3.18811658021257,0.403577167225819,1.25670038516761e-16,1.22125691921468e-14
"ENSG00000152749.8","GPR180"," protein_coding","chr13",687.195004135978,1.01380097727943,0.170566384393085,1.20942248324563e-10,3.61801243881905e-09
"ENSG00000152760.10","TCTEX1D1"," protein_coding","chr1",14.6919624803363,-1.24166898918799,0.433068965113331,0.000142027083667167,0.000898093723294155
"ENSG00000152763.17","DNAI4"," protein_coding","chr1",306.646529309785,-1.68229712063711,0.357562792113313,1.01124795639922e-07,1.56524016064883e-06
"ENSG00000152779.14","SLC16A12"," protein_coding","chr10",16.5147015011603,-2.80444586291672,0.455330224813315,2.18730024256362e-11,7.65036543891486e-10
"ENSG00000152932.8","RAB3C"," protein_coding","chr5",70.1628223885803,-2.93682075364635,0.443934125176292,1.54069669955889e-12,6.87867035409661e-11
"ENSG00000152954.12","NRSN1"," protein_coding","chr6",11.0419448707287,-4.32342696055052,0.749622401801474,1.05190897853945e-09,2.58854144241346e-08
"ENSG00000153044.10","CENPH"," protein_coding","chr5",433.399892309898,1.06272988069722,0.241761474574143,4.44523157417636e-07,5.7006450586573e-06
"ENSG00000153094.24","BCL2L11"," protein_coding","chr2",1223.03182305143,-1.22632033401654,0.248722961869654,3.28664999745547e-08,5.7108182878699e-07
"ENSG00000153162.9","BMP6"," protein_coding","chr6",200.622139331885,-1.78549348128422,0.317587576979986,7.48457499833885e-10,1.89940840731886e-08
"ENSG00000153237.18","CCDC148"," protein_coding","chr2",17.7134750333367,2.35783592105392,0.522593710409056,2.38287480632301e-07,3.29963099247578e-06
"ENSG00000153291.16","SLC25A27"," protein_coding","chr6",232.641890770349,1.23781896559249,0.672959062737846,0.00137182157601885,0.00622492460108986
"ENSG00000153303.17","FRMD1"," protein_coding","chr6",1208.27235875338,-1.38807805913658,0.681868922740932,0.000910679991812647,0.00442100675654426
"ENSG00000153395.10","LPCAT1"," protein_coding","chr5",2650.56988998838,1.49669998899934,0.423777329790405,1.48194691008229e-05,0.00012572146578006
"ENSG00000153446.16","C16orf89"," protein_coding","chr16",225.67665740672,-4.08787450755953,0.418113561570257,8.40348343949362e-24,2.87116068925352e-21
"ENSG00000153551.14","CMTM7"," protein_coding","chr3",575.968389207002,1.08466886603919,0.28917491161608,6.48114322332222e-06,6.07289107224575e-05
"ENSG00000153823.19","PID1"," protein_coding","chr2",1625.94646570746,-1.45895278224255,0.510629369648553,0.000126073031701062,0.000809671243164438
"ENSG00000153898.13","MCOLN2"," protein_coding","chr1",693.582041672072,-1.81708061577681,0.875362843270305,0.000798825092276352,0.00395790945582443
"ENSG00000153902.14","LGI4"," protein_coding","chr19",433.342503756871,-2.15260568506032,0.565313849053204,4.89684966387786e-06,4.72760102290742e-05
"ENSG00000153944.12","MSI2"," protein_coding","chr17",3357.73109294606,1.1667337158059,0.244918159593953,1.03224026277601e-07,1.59014971282314e-06
"ENSG00000153956.16","CACNA2D1"," protein_coding","chr7",303.509733852862,-2.29704126122018,0.530212666605837,5.36570802789183e-07,6.71655037290061e-06
"ENSG00000153993.13","SEMA3D"," protein_coding","chr7",129.595847510182,-3.00084873133496,0.564341337531154,1.38672877751568e-09,3.29988582555747e-08
"ENSG00000154025.16","SLC5A10"," protein_coding","chr17",10.8291876488568,-1.00469263426366,0.608524735180644,0.00193326045048354,0.00830572702869554
"ENSG00000154080.14","CHST9"," protein_coding","chr18",13.0509338091218,-3.76468388923372,0.602525318968512,2.92478525182487e-11,9.95101464399702e-10
"ENSG00000154118.13","JPH3"," protein_coding","chr16",19.0573849849871,-3.05974475434234,0.534064844852319,7.41046690519003e-10,1.88207304232127e-08
"ENSG00000154165.5","GPR15"," protein_coding","chr3",431.550506375005,-3.90621272805068,0.686102907429372,4.55178002499446e-10,1.22505535697571e-08
"ENSG00000154175.18","ABI3BP"," protein_coding","chr3",1328.56147252745,-2.95623904620321,0.391647399809442,1.90400324861581e-15,1.47494361440506e-13
"ENSG00000154188.10","ANGPT1"," protein_coding","chr8",155.674858731426,-1.7291691119232,0.375967796741301,1.61104029770504e-07,2.33964858983938e-06
"ENSG00000154258.17","ABCA9"," protein_coding","chr17",148.331364025561,-2.7789203001124,0.520223536764854,4.00525162576961e-09,8.66105644698402e-08
"ENSG00000154262.13","ABCA6"," protein_coding","chr17",175.876076131094,-3.19678043813411,0.39622124564738,3.08406935193669e-17,3.37046205471922e-15
"ENSG00000154263.17","ABCA10"," protein_coding","chr17",121.010443517762,-1.41993403557587,0.427063133448259,3.09568854436568e-05,0.000238329835799386
"ENSG00000154277.13","UCHL1"," protein_coding","chr4",365.119649269526,-2.90882566468584,0.44604279402565,2.92385191263221e-12,1.23893453498977e-10
"ENSG00000154553.16","PDLIM3"," protein_coding","chr4",1009.88709838908,-2.04420604466537,0.466699056081597,4.39971869733793e-07,5.64897426733365e-06
"ENSG00000154678.18","PDE1C"," protein_coding","chr7",147.086008889961,-1.2495498139942,0.34846269563769,1.17757076083758e-05,0.000102967650202764
"ENSG00000154856.13","APCDD1"," protein_coding","chr18",3675.41663994469,2.57565638553229,0.678646939677052,5.07328582841888e-06,4.87618334080012e-05
"ENSG00000154864.13","PIEZO2"," protein_coding","chr18",137.745943369674,-1.4285338615642,0.467520686647016,7.07211202561412e-05,0.000489647210169332
"ENSG00000154917.11","RAB6B"," protein_coding","chr3",268.953927145197,-1.7296380911553,0.412343642555902,1.03139906139525e-06,1.20464738160371e-05
"ENSG00000154920.15","EME1"," protein_coding","chr17",98.7912213502742,1.64237560779507,0.266916633555963,3.25263247832663e-11,1.09176778677896e-09
"ENSG00000154975.14","CA10"," protein_coding","chr17",11.5698970943148,-3.99729879391917,0.560304302680913,1.774116970497e-13,9.40919748829931e-12
"ENSG00000155100.11","OTUD6B"," protein_coding","chr8",501.266517511898,1.19226559415362,0.267288457617337,3.26851135226359e-07,4.35760344651896e-06
"ENSG00000155265.11","GOLGA7B"," protein_coding","chr10",339.284167999542,2.84591356715565,0.337964609069696,1.7931847613451e-18,2.40509053651815e-16
"ENSG00000155324.10","GRAMD2B"," protein_coding","chr5",1302.05898581561,-1.52663867375846,0.241973659717092,1.19418899829835e-11,4.4247701491744e-10
"ENSG00000155367.15","PPM1J"," protein_coding","chr1",32.4235038857082,1.11720961491463,0.393064910513725,0.000131995215258205,0.000843200294597679
"ENSG00000155438.12","NIFK"," protein_coding","chr2",1051.33362743781,1.02068539190229,0.142807056316497,3.96797840463508e-14,2.39605004432361e-12
"ENSG00000155545.20","MIER3"," protein_coding","chr5",2998.40428937329,-1.87620768369808,0.358437203857678,6.60150535168178e-09,1.35700861751037e-07
"ENSG00000155660.11","PDIA4"," protein_coding","chr7",14802.6016473251,1.00158952516646,0.290498439247009,2.51535955159972e-05,0.000198888039770581
"ENSG00000155666.12","KDM8"," protein_coding","chr16",171.147760086763,-1.09217991197927,0.121283010039729,0.00466793135113755,0.0173572821394458
"ENSG00000155719.18","OTOA"," protein_coding","chr16",10.245187311532,-2.35446077852408,0.513033552253494,2.1087113902734e-07,2.95019630627129e-06
"ENSG00000155744.9","FAM126B"," protein_coding","chr2",1034.5627019412,-1.07661732411541,0.211817762311176,1.54704927518145e-08,2.89085350453883e-07
"ENSG00000155761.14","SPAG17"," protein_coding","chr1",11.6586376150949,3.2425150212443,1.01007331278983,3.97541854849755e-05,0.00029628963317367
"ENSG00000155816.20","FMN2"," protein_coding","chr1",115.841478616327,-5.52320576558357,0.703249290096113,3.99287143335983e-16,3.54100057333315e-14
"ENSG00000155846.17","PPARGC1B"," protein_coding","chr5",1294.62224525696,-1.28946016316788,0.248846924130902,7.68495027674689e-09,1.55386145426844e-07
"ENSG00000155850.8","SLC26A2"," protein_coding","chr5",40139.3633401345,-5.18340067201243,0.547666486233908,1.28442685100111e-22,3.68937404688442e-20
"ENSG00000155886.11","SLC24A2"," protein_coding","chr9",15.2526263895171,1.42530570095392,1.04011969957213,0.00256203353477891,0.010530389321496
"ENSG00000155918.8","RAET1L"," protein_coding","chr6",23.2721013377401,4.46352837638105,0.725915810775226,3.89327116633928e-11,1.2907844281618e-09
"ENSG00000155970.12","MICU3"," protein_coding","chr8",46.7970115351683,-1.79523948739064,0.359070629626197,2.30657902696575e-08,4.16158655126483e-07
"ENSG00000155980.13","KIF5A"," protein_coding","chr12",142.785507251012,-3.74268437041139,0.440944029876313,1.04534727117208e-18,1.45621809990143e-16
"ENSG00000156006.5","NAT2"," protein_coding","chr8",462.079691842673,-1.41102587624057,0.455053922770947,6.11220773104659e-05,0.000432222306174968
"ENSG00000156096.14","UGT2B4"," protein_coding","chr4",4.5485099153803,2.058342783411,1.25195065943258,0.00196294748592677,0.0084121137441525
"ENSG00000156298.13","TSPAN7"," protein_coding","chrX",1677.80696270273,-2.67962014699237,0.312293540765965,4.23165248055678e-19,6.27173407369462e-17
"ENSG00000156299.13","TIAM1"," protein_coding","chr21",225.004643809088,-1.90489718005628,0.337701702583983,6.71826313065636e-10,1.7265351123899e-08
"ENSG00000156381.9","ANKRD9"," protein_coding","chr14",2838.42582474147,-1.17657966447272,0.291874845988735,2.08621764858769e-06,2.22818204797168e-05
"ENSG00000156395.13","SORCS3"," protein_coding","chr10",8.63745441878762,-4.47928465827622,0.865880124826482,1.1952470065489e-08,2.30102771877604e-07
"ENSG00000156427.8","FGF18"," protein_coding","chr5",62.2358399227954,1.83003806463929,0.673134136175101,0.000189593689937859,0.00115067913014267
"ENSG00000156469.9","MTERF3"," protein_coding","chr8",674.363809089216,1.37141730187395,0.275446801108123,2.86708222167192e-08,5.06309873509397e-07
"ENSG00000156475.18","PPP2R2B"," protein_coding","chr5",57.8404930582907,-1.9881786370527,0.478084811947583,1.14044592458744e-06,1.31591161821042e-05
"ENSG00000156486.8","KCNS2"," protein_coding","chr8",14.5631355237949,-2.9040803742211,0.688993699386012,8.51469293320705e-07,1.0175622357365e-05
"ENSG00000156687.11","UNC5D"," protein_coding","chr8",28.9611549111291,-2.80514218183873,0.531136642211395,6.09609229153779e-09,1.2635182860711e-07
"ENSG00000156697.13","UTP14A"," protein_coding","chrX",1183.49411595996,1.37179184372737,0.183114635163059,3.16159449843851e-15,2.35905825816821e-13
"ENSG00000156802.13","ATAD2"," protein_coding","chr8",1568.32552734381,1.57755627150988,0.284919049340652,1.52297649169071e-09,3.58468244867999e-08
"ENSG00000156804.7","FBXO32"," protein_coding","chr8",3161.06091915706,-1.42946547897658,0.411449031581865,1.72020564769365e-05,0.000142799066273249
"ENSG00000156959.9","LHFPL4"," protein_coding","chr3",30.7267500988234,-4.70766621592429,0.452590926155347,2.42856769268121e-26,1.19434015407646e-23
"ENSG00000157005.4","SST"," protein_coding","chr3",477.905848076041,-8.69064114231304,0.606626738927539,9.97763203549384e-49,5.39756634346765e-45
"ENSG00000157021.9","CIBAR1P1"," unprocessed_pseudogene","chr15",8.18784862100073,1.7047032354606,0.552539361747136,7.40124390781235e-05,0.000509825073768619
"ENSG00000157152.17","SYN2"," protein_coding","chr3",59.7239388386248,-2.47046834144668,0.478287426158028,9.23320328610186e-09,1.82072486184869e-07
"ENSG00000157168.20","NRG1"," protein_coding","chr8",212.439724538714,-1.33970326286737,0.516028968046238,0.00025999298455059,0.00150451993092228
"ENSG00000157184.7","CPT2"," protein_coding","chr1",1211.86447051928,-1.0829085778761,0.203511452455208,4.35862297275351e-09,9.35662595566359e-08
"ENSG00000157193.18","LRP8"," protein_coding","chr1",425.051686620646,2.65336816649053,0.353677575150434,2.89797668894384e-15,2.1723447429501e-13
"ENSG00000157224.16","CLDN12"," protein_coding","chr7",3466.13470292126,1.19828701099337,0.166091623301868,2.48281423526332e-14,1.56297460257399e-12
"ENSG00000157514.16","TSC22D3"," protein_coding","chrX",3256.94014830081,-1.69380533063458,0.426358845603384,2.55513273651449e-06,2.66612987179792e-05
"ENSG00000157554.19","ERG"," protein_coding","chr21",295.562903323583,-1.24975663902018,0.315065231862604,2.6694831864238e-06,2.7708753534603e-05
"ENSG00000157653.12","C9orf43"," protein_coding","chr9",18.8409320331424,1.30604826460849,0.444985355707361,0.000106737738579386,0.000701030659411114
"ENSG00000157766.19","ACAN"," protein_coding","chr15",251.98950481275,1.55057075083592,1.02405346138817,0.00208187870988079,0.00884587238713321
"ENSG00000157823.17","AP3S2"," protein_coding","chr15",1315.05153740501,-1.16741824866389,0.209284914666819,1.0823633380949e-09,2.65342516826921e-08
"ENSG00000157851.17","DPYSL5"," protein_coding","chr2",17.8746315835061,-4.07007635990223,0.751389538336875,4.76892568457147e-09,1.01501501553981e-07
"ENSG00000158006.14","PAFAH2"," protein_coding","chr1",2050.97311390954,-1.03957682425578,0.174775498305883,1.19764375849344e-10,3.58608128350368e-09
"ENSG00000158008.10","EXTL1"," protein_coding","chr1",11.1476192332681,-2.86280543720635,0.501054821148876,8.47342291435882e-10,2.11683511004983e-08
"ENSG00000158023.10","CFAP251"," protein_coding","chr12",65.4342204631411,1.92355075051343,0.477549515477911,2.09458177502046e-06,2.23564403990838e-05
"ENSG00000158042.9","MRPL17"," protein_coding","chr11",1686.63194437985,1.07870073163838,0.195577512247085,1.51082662156357e-09,3.55866549221411e-08
"ENSG00000158050.5","DUSP2"," protein_coding","chr2",320.531110670416,1.16624718462376,0.399826861180921,0.000115407481949948,0.000749329075641413
"ENSG00000158055.16","GRHL3"," protein_coding","chr1",45.6682793794131,2.07434550156188,0.292785831594215,5.47855484791779e-14,3.18679091852537e-12
"ENSG00000158062.20","UBXN11"," protein_coding","chr1",580.471739133401,1.05517538668802,0.277169518182394,5.43391486404201e-06,5.18899701844882e-05
"ENSG00000158089.15","GALNT14"," protein_coding","chr2",14.7271249420244,-3.68139700502757,0.518457681462755,0.0123020874299652,0.0385181041310243
"ENSG00000158106.14","RHPN1"," protein_coding","chr8",748.970574157469,3.32105089253418,0.371941739280358,1.99013955851618e-20,3.77754092341042e-18
"ENSG00000158113.13","LRRC43"," protein_coding","chr12",18.7671353431159,2.10404859301748,0.718056417520176,0.000106055883828318,0.000696975476270405
"ENSG00000158125.10","XDH"," protein_coding","chr2",2639.13931450575,-2.90177704618609,0.277961852221069,5.49113274232511e-27,3.0519145103656e-24
"ENSG00000158158.12","CNNM4"," protein_coding","chr2",6342.6854441084,-1.5007763004991,0.289465558489829,8.80229768839038e-09,1.74423063717811e-07
"ENSG00000158201.10","ABHD3"," protein_coding","chr18",3360.76066365912,-1.34365657250652,0.429472379246574,5.55389608945582e-05,0.000397066870642196
"ENSG00000158270.12","COLEC12"," protein_coding","chr18",533.829084288283,-2.83971876624909,0.400064643815902,5.27021980284772e-14,3.08217647496993e-12
"ENSG00000158352.16","SHROOM4"," protein_coding","chrX",724.080433009126,2.02302217309298,0.284009681326153,4.61041277778278e-14,2.74577574204172e-12
"ENSG00000158373.8","H2BC5"," protein_coding","chr6",528.064945778756,-1.38325608499721,0.355649825979129,3.65846621228368e-06,3.65662385214113e-05
"ENSG00000158406.5","H4C8"," protein_coding","chr6",88.9669892972712,-1.83600969630723,0.312797065693037,1.64221389254161e-10,4.78482751562978e-09
"ENSG00000158458.21","NRG2"," protein_coding","chr5",21.1328064873387,-3.66635729792925,0.503027242992985,1.54508607742851e-14,1.00703622291515e-12
"ENSG00000158467.16","AHCYL2"," protein_coding","chr7",11300.3366933485,-2.62139895835448,0.39812260640573,1.89506652384235e-12,8.33469772776083e-11
"ENSG00000158473.8","CD1D"," protein_coding","chr1",251.758525212532,-2.10348415716208,0.369926265570845,5.18786957673165e-10,1.37684276959572e-08
"ENSG00000158517.15","NCF1"," protein_coding","chr7",139.516440333247,-1.51361850982343,0.542041526201852,0.000150253397195164,0.000942583062651843
"ENSG00000158555.15","GDPD5"," protein_coding","chr11",766.397892032948,2.04903022009387,0.416808901174883,3.71631950428484e-08,6.37212353249219e-07
"ENSG00000158786.5","PLA2G2F"," protein_coding","chr1",27.5988787565889,3.63835063786467,0.984601035540333,0.0157463709186157,0.0469881164429748
"ENSG00000158806.14","NPM2"," protein_coding","chr8",95.9141134950162,2.25193360976419,0.324134411918677,1.74289984806967e-13,9.27394151945005e-12
"ENSG00000158815.11","FGF17"," protein_coding","chr8",7.34880126722665,1.91403065930689,0.540416806866769,1.79715247542765e-05,0.00014829406236426
"ENSG00000158828.8","PINK1"," protein_coding","chr1",1040.17953970547,-1.42817573983551,0.192627598964356,5.78965023298316e-15,4.07636588421188e-13
"ENSG00000158887.19","MPZ"," protein_coding","chr1",163.945986553639,-3.11813457850261,0.318918129306016,7.34943885067279e-24,2.53774559803338e-21
"ENSG00000159176.14","CSRP1"," protein_coding","chr1",16636.5937051413,-1.64836946602295,0.388175074548122,8.02940142314459e-07,9.69201604285709e-06
"ENSG00000159216.19","RUNX1"," protein_coding","chr21",2250.7978692494,1.26902844243872,0.261669228542003,5.80314337844175e-08,9.49387236781565e-07
"ENSG00000159217.10","IGF2BP1"," protein_coding","chr17",44.863399683516,2.43529537663663,1.06047412514474,0.000489678301062578,0.00259705527710607
"ENSG00000159259.8","CHAF1B"," protein_coding","chr21",442.645002039714,1.22145966364839,0.251589474483478,4.57510841518154e-08,7.65458087319394e-07
"ENSG00000159263.16","SIM2"," protein_coding","chr21",175.067410334444,7.97906109978539,0.594025961147487,1.80732954574876e-42,4.51248479968565e-39
"ENSG00000159307.19","SCUBE1"," protein_coding","chr22",325.681184810849,-1.78213316045027,0.316524199944022,7.51055990287919e-10,1.90451369787229e-08
"ENSG00000159337.7","PLA2G4D"," protein_coding","chr15",56.4690683590462,2.02839708629614,0.627564766526271,4.04966443446854e-05,0.000300924927229808
"ENSG00000159423.17","ALDH4A1"," protein_coding","chr1",903.584804321296,1.1157674019352,0.360331736364436,6.97616969462016e-05,0.000483623485578772
"ENSG00000159708.18","LRRC36"," protein_coding","chr16",101.902355046329,3.03199556525291,0.558579893353233,2.37902309489409e-09,5.37357909631679e-08
"ENSG00000159714.12","ZDHHC1"," protein_coding","chr16",710.353540750893,1.12085728854639,0.203664590881798,1.59437085324531e-09,3.73377266627968e-08
"ENSG00000159720.12","ATP6V0D1"," protein_coding","chr16",6730.37538708886,-1.02422330617412,0.189698606890615,3.0866455611241e-09,6.82003687018149e-08
"ENSG00000159733.14","ZFYVE28"," protein_coding","chr4",824.404774817058,-1.34708052115979,0.298271310177459,2.46421117428618e-07,3.40209979987158e-06
"ENSG00000159871.15","LYPD5"," protein_coding","chr19",202.272092864345,1.11738511871363,0.878929935832526,0.00289089237441279,0.0116518793851596
"ENSG00000160161.9","CILP2"," protein_coding","chr19",34.1644142153695,1.67442563318352,0.90053854772777,0.00124843547912559,0.00575837981831155
"ENSG00000160183.17","TMPRSS3"," protein_coding","chr21",364.304977722142,2.40905299687096,0.47312357113382,1.44084552764226e-08,2.71112835572247e-07
"ENSG00000160193.12","WDR4"," protein_coding","chr21",605.517181442244,1.4419285232353,0.264669540488007,2.2298986926618e-09,5.06494414040704e-08
"ENSG00000160214.13","RRP1"," protein_coding","chr21",1308.78260989564,1.07849597041814,0.229231877460463,1.02276604418924e-07,1.57912309602331e-06
"ENSG00000160325.15","CACFD1"," protein_coding","chr9",2804.16957132739,-1.00434395377091,0.180162991475894,1.04925803191891e-09,2.58397702579847e-08
"ENSG00000160345.13","C9orf116"," protein_coding","chr9",57.4176170341849,1.79929141394127,0.378792356619679,7.936800067698e-08,1.25848879627426e-06
"ENSG00000160401.15","CFAP157"," protein_coding","chr9",77.9304626077523,2.02156590147402,0.297231098187734,4.69510103701957e-13,2.30512926680623e-11
"ENSG00000160445.11","ZER1"," protein_coding","chr9",3686.80516736574,-1.16313597862495,0.155722602289451,3.64555081414128e-15,2.70153626313694e-13
"ENSG00000160460.16","SPTBN4"," protein_coding","chr19",40.2977382241918,-1.41016876852075,0.459864922846845,7.31312658899424e-05,0.000504933977506009
"ENSG00000160471.13","COX6B2"," protein_coding","chr19",111.484545318454,-1.27432077578011,0.549068997083094,0.000520076567458956,0.00273725396896105
"ENSG00000160539.6","PLPP7"," protein_coding","chr9",77.7576292306882,-1.30997399646516,0.447912318216433,0.00010324856605547,0.000680770429117452
"ENSG00000160606.11","TLCD1"," protein_coding","chr17",377.791886980492,1.20717425430064,0.262692505141641,1.8677616393444e-07,2.65547801601182e-06
"ENSG00000160685.13","ZBTB7B"," protein_coding","chr1",6293.63627130627,-1.7073880213923,0.232189196752775,8.54772156522976e-15,5.87800734246245e-13
"ENSG00000160712.13","IL6R"," protein_coding","chr1",1890.76169263414,-2.80285762095566,0.30560804308198,2.0882712570519e-21,4.77331749728102e-19
"ENSG00000160796.18","NBEAL2"," protein_coding","chr3",5490.71208241034,1.54128608679882,0.258375643070586,1.17733652773356e-10,3.5350591135223e-09
"ENSG00000160801.14","PTH1R"," protein_coding","chr3",50.7082981183098,-2.79892045858992,0.305408785299223,3.2384159191797e-21,7.24913820032653e-19
"ENSG00000160813.7","PPP1R35"," protein_coding","chr7",330.960545992396,1.12561766429623,0.302230384871185,7.12526150201974e-06,6.60776393807305e-05
"ENSG00000160862.13","AZGP1"," protein_coding","chr7",1188.99681477947,2.01552356186507,0.524538659012577,4.52475739210518e-06,4.41697971226917e-05
"ENSG00000160867.15","FGFR4"," protein_coding","chr5",3612.68791952761,1.11746445374275,0.231327226935989,6.10951207795025e-08,9.93997709404056e-07
"ENSG00000160868.15","CYP3A4"," protein_coding","chr7",174.226683731546,-7.50130556023096,0.699095785980643,2.67196734967165e-06,2.77097509719103e-05
"ENSG00000160932.11","LY6E"," protein_coding","chr8",4508.82415066632,1.81521206654532,0.638758704993939,0.000141194021288871,0.000893522234937451
"ENSG00000160949.17","TONSL"," protein_coding","chr8",1224.26675586607,1.19809065879076,0.235831599509359,1.5606988796095e-08,2.9130054188824e-07
"ENSG00000160957.14","RECQL4"," protein_coding","chr8",1052.02651412643,2.11142503388274,0.350383961074962,7.59540594926299e-11,2.39118997382326e-09
"ENSG00000161091.13","MFSD12"," protein_coding","chr19",1695.1925203504,1.56342727186828,0.252207889530599,2.53695660646937e-11,8.73218849764399e-10
"ENSG00000161133.16","USP41"," protein_coding","chr22",4.98646231666351,1.84774946884487,0.670352730193794,0.000189095637062882,0.0011480674163649
"ENSG00000161179.14","YDJC"," protein_coding","chr22",1371.64293891782,1.3324402049146,0.236246508819831,6.89298107676225e-10,1.76584356582122e-08
"ENSG00000161243.9","FBXO27"," protein_coding","chr19",31.2882427049588,-2.32116142740397,0.497982614004825,1.24175314484352e-07,1.86682832678699e-06
"ENSG00000161249.21","DMKN"," protein_coding","chr19",591.810073793222,2.07361029253721,0.513957581724285,2.05693920080653e-06,2.19980667478677e-05
"ENSG00000161533.12","ACOX1"," protein_coding","chr17",7871.88716575008,-1.41115110489631,0.338593001057733,9.14391200950039e-07,1.08397770637094e-05
"ENSG00000161640.15","SIGLEC11"," protein_coding","chr19",20.4060888815354,-2.39815675772566,0.483297513081856,2.30240843095457e-08,4.15637223870542e-07
"ENSG00000161647.19","MPP3"," protein_coding","chr17",108.419345315195,1.0239058234848,0.399198358296257,0.000299764697055207,0.00169508058136201
"ENSG00000161649.13","CD300LG"," protein_coding","chr17",17.6373230838695,-6.93402658073935,0.736397974591508,4.58066478142142e-14,2.7330738506503e-12
"ENSG00000161692.18","DBF4B"," protein_coding","chr17",346.339418817411,1.20157114279223,0.230041719384459,7.09999216899701e-09,1.44846980403083e-07
"ENSG00000161714.12","PLCD3"," protein_coding","chr17",7845.27746660447,-1.04065818474249,0.49544599378668,0.000835605939698283,0.0041156445509449
"ENSG00000161860.8","SYCE2"," protein_coding","chr19",26.1348615554692,1.04687428566794,0.454511300997499,0.000556975288164806,0.00290507856391664
"ENSG00000161888.11","SPC24"," protein_coding","chr19",458.239138343939,1.06786857447502,0.298990791706784,1.27471008023101e-05,0.000110390981281052
"ENSG00000161970.15","RPL26"," protein_coding","chr17",2087.61045389077,1.1405876156948,0.306106436706007,7.33721365764492e-06,6.78265126440353e-05
"ENSG00000161996.19","WDR90"," protein_coding","chr16",1189.85309763391,1.23840066466145,0.221526343269465,1.01225325887195e-09,2.50043502865036e-08
"ENSG00000162004.18","CCDC78"," protein_coding","chr16",78.8923307016657,3.50068539915489,0.512957468207324,3.96193806327259e-13,1.96330665126262e-11
"ENSG00000162006.9","MSLNL"," protein_coding","chr16",3.03526688261807,6.29864412859977,1.00994020817348,2.13654653829609e-06,2.27669164609371e-05
"ENSG00000162009.8","SSTR5"," protein_coding","chr16",27.5374544082965,2.77541939433593,0.757279360519194,8.18706942406643e-06,7.46868744705869e-05
"ENSG00000162062.15","TEDC2"," protein_coding","chr16",235.323985616471,1.64465061975518,0.305286793706354,3.14938575204413e-09,6.93505853051889e-08
"ENSG00000162063.13","CCNF"," protein_coding","chr16",849.434669077428,1.41778014596549,0.332252206044178,8.39965797362291e-07,1.00603726386661e-05
"ENSG00000162073.14","PAQR4"," protein_coding","chr16",514.179085415584,1.84616166998659,0.339810499382168,2.28500570204426e-09,5.17201639309293e-08
"ENSG00000162104.10","ADCY9"," protein_coding","chr16",1922.28154935672,-1.33507166608906,0.25768158043114,9.02198081178922e-09,1.78015473063255e-07
"ENSG00000162366.8","PDZK1IP1"," protein_coding","chr1",4432.89868110762,1.42494904896492,0.368624320192406,4.29344722559095e-06,4.20890093772972e-05
"ENSG00000162373.13","BEND5"," protein_coding","chr1",62.9583420654125,-1.6726188628128,0.423653891765299,3.15908559026297e-06,3.21401666258741e-05
"ENSG00000162374.18","ELAVL4"," protein_coding","chr1",55.717619014282,-3.87920433604141,0.419431240134474,1.29799089533066e-21,3.00929917718875e-19
"ENSG00000162391.12","FAM151A"," protein_coding","chr1",109.475070798084,-3.57494287659993,0.353402467676508,7.61333117652971e-09,1.54156895400999e-07
"ENSG00000162398.11","LEXM"," protein_coding","chr1",26.4514401336406,-2.77848380002216,0.330403535997328,2.68183644026655e-18,3.49586534852095e-16
"ENSG00000162407.9","PLPP3"," protein_coding","chr1",1663.80279044072,-1.57645672675028,0.206794142780203,1.10502815522543e-15,8.96710288158016e-14
"ENSG00000162444.12","RBP7"," protein_coding","chr1",72.6961498807217,-1.1867361818665,0.783063697676786,0.00214516589205908,0.00905412565464215
"ENSG00000162458.13","FBLIM1"," protein_coding","chr1",5780.87330974819,-1.17484699916459,0.221652511487995,4.69812351187328e-09,1.0012586536335e-07
"ENSG00000162460.7","TMEM82"," protein_coding","chr1",435.472028356818,-4.32237065079288,0.523682488939181,6.26325088233082e-18,7.55734561853881e-16
"ENSG00000162461.8","SLC25A34"," protein_coding","chr1",433.099919620496,-4.69624808342147,0.415121179473391,6.25570933045069e-31,5.64021704021579e-28
"ENSG00000162520.15","SYNC"," protein_coding","chr1",116.85967685993,-2.52449904956616,0.31004135746748,1.65070345561312e-17,1.86036572091286e-15
"ENSG00000162545.6","CAMK2N1"," protein_coding","chr1",8266.33121604926,-1.16108214015049,0.352568785584188,3.30332548670785e-05,0.000252399573087485
"ENSG00000162591.16","MEGF6"," protein_coding","chr1",820.182942423953,1.7758317022093,0.359573350648019,3.30181977653036e-08,5.73410734652876e-07
"ENSG00000162614.19","NEXN"," protein_coding","chr1",568.07468030908,-1.77629274212334,0.573286623406297,5.88113392452221e-05,0.000417884949479295
"ENSG00000162616.9","DNAJB4"," protein_coding","chr1",513.663353879266,-1.08997545457046,0.237497654324758,1.74764642714424e-07,2.50552595990493e-06
"ENSG00000162639.16","HENMT1"," protein_coding","chr1",634.277294637685,1.2433257496728,0.321993689888591,4.24153407496387e-06,4.16555863858327e-05
"ENSG00000162641.20","AKNAD1"," protein_coding","chr1",10.0446365710738,1.38175767628926,0.730582948718579,0.00133125658256121,0.00607991081423551
"ENSG00000162687.19","KCNT2"," protein_coding","chr1",29.287637893594,-2.34298381151559,0.413389243051885,6.70972486437018e-10,1.72570720798516e-08
"ENSG00000162706.13","CADM3"," protein_coding","chr1",284.013801309113,-5.61787832832095,0.465912362532346,7.63261486887052e-35,9.52843897745382e-32
"ENSG00000162723.10","SLAMF9"," protein_coding","chr1",4.04352429582782,2.42588936132159,0.706068660370726,2.62409880779017e-05,0.000206279968765448
"ENSG00000162733.19","DDR2"," protein_coding","chr1",1724.35619938726,-2.4384755989354,0.495431413136661,3.27882658818404e-08,5.700276025671e-07
"ENSG00000162761.14","LMX1A"," protein_coding","chr1",18.3408499427404,-2.78621008092387,0.569653836543669,3.79541634139246e-08,6.48376966362719e-07
"ENSG00000162782.16","TDRD5"," protein_coding","chr1",82.1310771443122,1.41130847063696,0.513379629311561,0.000178352236697507,0.00109266834630571
"ENSG00000162804.14","SNED1"," protein_coding","chr2",420.914895755591,-1.12648478971864,0.420347158290058,0.000213154861913044,0.00127367093298483
"ENSG00000162814.11","SPATA17"," protein_coding","chr1",35.9098449862938,1.63908447370385,0.311251029837603,5.9162153069059e-09,1.23016346208553e-07
"ENSG00000162817.7","C1orf115"," protein_coding","chr1",4232.51634772046,-2.49207780875335,0.399011830707972,1.76809737908975e-11,6.31341086144059e-10
"ENSG00000162849.16","KIF26B"," protein_coding","chr1",240.895670461166,2.89128952664826,0.518747937155038,1.04860100769996e-09,2.58397702579847e-08
"ENSG00000162894.12","FCMR"," protein_coding","chr1",374.382738092759,-1.51327684278551,0.441227999011329,2.00790295088007e-05,0.000163708902234778
"ENSG00000162897.16","FCAMR"," protein_coding","chr1",82.1747962236192,-1.71356920233443,0.312062561847037,0.00816341835548504,0.0275421990579797
"ENSG00000162949.16","CAPN13"," protein_coding","chr2",889.079283789907,-1.37191284119703,0.411837966424689,2.89575273934132e-05,0.000224803497760202
"ENSG00000163013.12","FBXO41"," protein_coding","chr2",677.95539675678,2.0906693811582,0.23959673317793,1.17249645788517e-19,1.95163538615573e-17
"ENSG00000163017.14","ACTG2"," protein_coding","chr2",18524.4621841864,-4.26099775108285,0.779925251896476,1.69328447476532e-09,3.95400197711746e-08
"ENSG00000163032.12","VSNL1"," protein_coding","chr2",685.220883956132,2.68108919975298,0.480190663269378,9.82946608924346e-10,2.42989192935769e-08
"ENSG00000163106.11","HPGDS"," protein_coding","chr4",96.0988413607152,-3.16214217507315,0.471803492609038,7.57610910193365e-13,3.58462608207817e-11
"ENSG00000163132.8","MSX1"," protein_coding","chr4",103.582034219209,3.36890092453595,0.42447195535844,1.66961790318508e-10,4.8516076903833e-09
"ENSG00000163191.6","S100A11"," protein_coding","chr1",10292.6076608433,1.79024852891591,0.262431655737462,4.46369768031897e-13,2.19519241375444e-11
"ENSG00000163239.12","TDRD10"," protein_coding","chr1",22.5487609695924,-2.0715124606141,0.36933603837201,1.17480516030795e-09,2.84991224912371e-08
"ENSG00000163249.13","CCNYL1"," protein_coding","chr2",1198.75558454815,-1.26972234750306,0.221891518059426,4.44602102648742e-10,1.2005736312623e-08
"ENSG00000163288.14","GABRB1"," protein_coding","chr4",9.98833436808768,1.49479125851759,1.83763204456403,0.00365079760769867,0.0141438993495683
"ENSG00000163293.12","NIPAL1"," protein_coding","chr4",2013.50285301481,-1.12103363827281,0.249577308452323,2.76791775341777e-07,3.76692136018592e-06
"ENSG00000163295.5","ALPI"," protein_coding","chr2",724.357289027898,-5.48037319064723,0.741490383954793,3.48100489194024e-08,6.00672284862287e-07
"ENSG00000163347.6","CLDN1"," protein_coding","chr3",2808.16525576891,5.12049213791337,0.47887833604524,5.3891100241491e-28,3.56979047273126e-25
"ENSG00000163393.13","SLC22A15"," protein_coding","chr1",165.672555164566,1.24987861294325,0.318159132265108,3.22446153942472e-06,3.27675556188627e-05
"ENSG00000163412.13","EIF4E3"," protein_coding","chr3",1660.59491491116,-1.36114943693241,0.366153958621197,5.9379659043669e-06,5.61417120081389e-05
"ENSG00000163449.11","TMEM169"," protein_coding","chr2",20.9790981896807,-1.55217439438668,0.327873695529136,9.46312979831126e-08,1.47175020121508e-06
"ENSG00000163467.12","TSACC"," protein_coding","chr1",13.5369486584395,1.88527759314447,0.378096515948752,2.89966497334527e-08,5.11507204917613e-07
"ENSG00000163492.15","CCDC141"," protein_coding","chr2",15.7480599645894,-1.34266603498096,0.572286793247611,0.000485384133847794,0.00257849397977606
"ENSG00000163507.14","CIP2A"," protein_coding","chr3",372.157623694475,1.0460294343166,0.267433346840477,3.4257722585253e-06,3.45536718356787e-05
"ENSG00000163520.14","FBLN2"," protein_coding","chr3",2717.09256806772,-1.60060515431712,0.583038438856645,0.000170136663759376,0.00104827179808311
"ENSG00000163534.15","FCRL1"," protein_coding","chr1",59.0626313602994,-1.48202332966688,1.19834209490597,0.00267210221635563,0.0108986043903583
"ENSG00000163541.12","SUCLG1"," protein_coding","chr2",7121.4959016179,-1.00555312024373,0.216471481355597,1.36586681603056e-07,2.02342789204563e-06
"ENSG00000163577.8","EIF5A2"," protein_coding","chr3",288.781477080138,1.31331070900177,0.293835874307368,3.10317205415228e-07,4.1620974600692e-06
"ENSG00000163584.18","RPL22L1"," protein_coding","chr3",2132.59513376211,2.43749822556263,0.411815963927685,1.36589909317022e-10,4.04141775443201e-09
"ENSG00000163597.15","SNHG16"," lncRNA","chr17",800.369011061733,1.53674019107873,0.183793177996109,2.88115507432072e-18,3.6963055890238e-16
"ENSG00000163606.11","CD200R1"," protein_coding","chr3",76.6579865690291,-2.10329502116333,0.429862970224343,3.36296661868697e-08,5.82471560882293e-07
"ENSG00000163618.18","CADPS"," protein_coding","chr3",1011.298912716,2.91461277223011,0.442266636393644,2.06408663412832e-12,8.98071366897280e-11
"ENSG00000163637.13","PRICKLE2"," protein_coding","chr3",283.76225572554,-1.78491619536246,0.386180740413679,1.46042977145788e-07,2.1488046020843e-06
"ENSG00000163661.4","PTX3"," protein_coding","chr3",49.8895370396337,-2.61151078478464,0.359690998321824,1.32412051613991e-14,8.8251136987411e-13
"ENSG00000163687.14","DNASE1L3"," protein_coding","chr3",655.227455698449,-2.84569460996205,0.531744495577786,3.33264291713897e-09,7.30391112792011e-08
"ENSG00000163689.20","CFAP20DC"," protein_coding","chr3",109.4454975949,1.63241354770405,0.572542158891058,0.00013113568114935,0.000838204399122806
"ENSG00000163710.9","PCOLCE2"," protein_coding","chr3",173.028307853514,-3.82569147850436,0.632725411897972,6.86156433056291e-11,2.18131885447023e-09
"ENSG00000163734.4","CXCL3"," protein_coding","chr4",1018.87918841137,2.95078795450812,0.561217774613103,5.89348602845173e-09,1.22700942598772e-07
"ENSG00000163735.7","CXCL5"," protein_coding","chr4",97.6384312262403,2.50082455501795,1.23622831037171,0.000816459767709631,0.0040341986817353
"ENSG00000163739.5","CXCL1"," protein_coding","chr4",1762.87138185354,2.77288436617667,0.568051793018207,4.28690237456753e-08,7.22827414408897e-07
"ENSG00000163749.17","CCDC158"," protein_coding","chr4",21.7041158783382,-2.18774266336541,0.416747533504231,7.27260099428171e-09,1.47903560822303e-07
"ENSG00000163792.6","TCF23"," protein_coding","chr2",7.3737876622272,-3.25683127983979,0.641035274397291,1.26514439819897e-08,2.41695449539389e-07
"ENSG00000163794.6","UCN"," protein_coding","chr2",24.2598748238715,2.10731744150124,0.370821529407323,6.14686563615328e-10,1.59611971854611e-08
"ENSG00000163803.13","PLB1"," protein_coding","chr2",187.524530702336,-2.7522410179,0.30266733663123,2.31907554334157e-05,0.000185400379275322
"ENSG00000163811.12","WDR43"," protein_coding","chr2",2177.3785676878,1.1772409196621,0.109513906160184,2.86167121021544e-28,2.11100282139029e-25
"ENSG00000163815.6","CLEC3B"," protein_coding","chr3",409.901824993741,-4.13382718377797,0.339531518711358,1.45865556103391e-35,1.89380168800155e-32
"ENSG00000163888.4","CAMK2N2"," protein_coding","chr3",39.9714447795577,1.91419528969823,0.673974911649921,0.000131368685042042,0.000839528406988499
"ENSG00000163938.17","GNL3"," protein_coding","chr3",3478.60673389721,1.15490803757163,0.13277825162717,1.57832407802517e-19,2.56506205975436e-17
"ENSG00000163958.14","ZDHHC19"," protein_coding","chr3",5.3839000849127,-1.06988092140458,0.574733935576483,0.00144189967081207,0.00648485236458613
"ENSG00000163993.7","S100P"," protein_coding","chr4",6004.71450029612,2.07465159696192,0.560113727459261,7.6291596717417e-06,7.02688038097026e-05
"ENSG00000164035.10","EMCN"," protein_coding","chr4",267.220086858246,-1.43243698171727,0.273800048122666,6.78896666535894e-09,1.39466000015329e-07
"ENSG00000164038.16","SLC9B2"," protein_coding","chr4",290.281941479676,1.23482002788845,0.34829862466799,1.40126050888527e-05,0.000119721278224264
"ENSG00000164045.12","CDC25A"," protein_coding","chr3",555.438188866537,1.06753920907124,0.243736409160911,4.2672440870112e-07,5.50501623911803e-06
"ENSG00000164070.12","HSPA4L"," protein_coding","chr4",474.373437285915,1.67273812182157,0.474352178647308,1.47608907602224e-05,0.000125322781139236
"ENSG00000164076.17","CAMKV"," protein_coding","chr3",29.0265473319284,3.82192508836966,1.15107051401819,2.6062964825291e-05,0.000205128931207395
"ENSG00000164106.8","SCRG1"," protein_coding","chr4",35.9331852050752,-4.83300484589161,0.767741040863819,2.01126336439463e-11,7.09582459581751e-10
"ENSG00000164107.9","HAND2"," protein_coding","chr4",290.901381781985,-4.52673046258349,0.748915961814396,5.77585089718766e-11,1.86911832922151e-09
"ENSG00000164109.14","MAD2L1"," protein_coding","chr4",1392.97355905871,1.29293277960377,0.238547836752012,2.48432643267947e-09,5.5880989155863e-08
"ENSG00000164161.10","HHIP"," protein_coding","chr4",315.809679203604,-3.03368414876977,0.388093601611061,2.13090167242488e-16,2.01060483963857e-14
"ENSG00000164163.11","ABCE1"," protein_coding","chr4",2461.63528893127,1.21978783636611,0.145807229824185,2.90255663830056e-18,3.70910170732125e-16
"ENSG00000164171.11","ITGA2"," protein_coding","chr5",2678.9784481751,1.14590213371003,0.274160824829168,1.23624126727419e-06,1.41288447370372e-05
"ENSG00000164176.13","EDIL3"," protein_coding","chr5",2254.81438647652,-2.19180963034511,0.420515627437963,7.38953470138503e-09,1.50187549992207e-07
"ENSG00000164197.12","RNF180"," protein_coding","chr5",72.1144132181392,-1.6932325798309,0.37563587614848,2.56360396481292e-07,3.51688324133127e-06
"ENSG00000164199.18","ADGRV1"," protein_coding","chr5",78.3159297389569,-1.77263094136861,0.568173577171625,5.79024712356352e-05,0.000412058410735858
"ENSG00000164220.7","F2RL2"," protein_coding","chr5",231.073881403207,2.03382899758543,0.474044518560101,6.87435220509869e-07,8.4103929088991e-06
"ENSG00000164237.9","CMBL"," protein_coding","chr5",7921.27441062422,-1.37583069179905,0.520250945159232,0.000227769384771131,0.00134907640344916
"ENSG00000164270.18","HTR4"," protein_coding","chr5",139.891259218191,-3.29181136927341,0.684480902900033,6.15614513573135e-08,9.99580584370026e-07
"ENSG00000164283.13","ESM1"," protein_coding","chr5",89.4217380648532,5.21706753181381,0.513007925016633,1.09902716389445e-25,4.7562964914248e-23
"ENSG00000164303.11","ENPP6"," protein_coding","chr4",61.0149861012758,-4.00380065100745,0.381870392219015,6.50983459341252e-27,3.52160352054973e-24
"ENSG00000164326.5","CARTPT"," protein_coding","chr5",21.8950395903577,-5.3817056033775,1.10552185652294,6.36044218633745e-08,1.0296620074022e-06
"ENSG00000164379.7","FOXQ1"," protein_coding","chr6",1564.15420119845,6.57378800121257,0.276244919418653,3.49310722159307e-126,1.13379274198468e-121
"ENSG00000164398.15","ACSL6"," protein_coding","chr5",273.616639383547,3.53490774720309,0.635501689444632,1.07567711369565e-09,2.64102327960161e-08
"ENSG00000164418.21","GRIK2"," protein_coding","chr6",33.9389810323954,-3.26409109196465,0.506494034837288,5.13545409787691e-12,2.05026530269236e-10
"ENSG00000164440.15","TXLNB"," protein_coding","chr6",45.0243019345547,-1.12174363526959,0.461608148071831,1.70975778446818e-07,2.45772002516687e-06
"ENSG00000164442.10","CITED2"," protein_coding","chr6",2207.33634514561,-1.71357891934215,0.26581722922338,4.99795595080468e-12,2.00276116359529e-10
"ENSG00000164532.11","TBX20"," protein_coding","chr7",8.27274196042467,1.68222616901756,1.13837150028726,0.00219241349109847,0.00922855104319466
"ENSG00000164542.13","KIAA0895"," protein_coding","chr7",216.817997773901,1.79150335702375,0.280892182451832,7.84344818396592e-12,3.02714198757629e-10
"ENSG00000164611.13","PTTG1"," protein_coding","chr5",1182.40870285085,1.06469426198769,0.260679253148525,1.71491037842019e-06,1.88112744382435e-05
"ENSG00000164620.9","RELL2"," protein_coding","chr5",71.2695605200426,1.45887885899949,0.460593825295768,4.98866104846744e-05,0.000361594373182573
"ENSG00000164626.9","KCNK5"," protein_coding","chr6",2591.0170216242,-1.31804561477501,0.448804261716647,0.000100392414251281,0.000664736226390876
"ENSG00000164627.18","KIF6"," protein_coding","chr6",17.280779892546,-2.31268540808951,0.59578928255176,3.46298501269384e-06,3.48531992378347e-05
"ENSG00000164690.8","SHH"," protein_coding","chr7",848.482778948012,2.6430966438946,0.307921858610053,4.11186343785096e-19,6.12214970026451e-17
"ENSG00000164756.12","SLC30A8"," protein_coding","chr8",8.59727614656217,-5.28434612571121,0.922759711768329,3.32892958927541e-12,1.39599995618477e-10
"ENSG00000164761.9","TNFRSF11B"," protein_coding","chr8",808.901245231021,2.6001463992623,0.516776935568155,2.00090307182756e-08,3.66301815597174e-07
"ENSG00000164764.11","SBSPON"," protein_coding","chr8",385.713676028063,2.00370095717915,0.692926037903236,0.000114028661663906,0.000741711883825063
"ENSG00000164778.4","EN2"," protein_coding","chr7",11.1528183531819,6.62520114927411,1.11051802950621,1.23422269411135e-05,0.000107228051941826
"ENSG00000164849.10","GPR146"," protein_coding","chr7",28.8990225793453,-1.29645474438763,0.319715309841582,1.90406227265379e-06,2.05938198086627e-05
"ENSG00000164850.15","GPER1"," protein_coding","chr7",242.483058978251,-2.62020288656893,0.375553180710981,1.41958204540986e-13,7.64125937477831e-12
"ENSG00000164929.17","BAALC"," protein_coding","chr8",40.6177807413444,-3.21692707179545,0.297268800772969,4.99610190211359e-28,3.39917800036095e-25
"ENSG00000164932.13","CTHRC1"," protein_coding","chr8",354.862816611533,2.66454142746432,0.425764282348103,1.67504247204522e-11,6.03090053125502e-10
"ENSG00000164934.14","DCAF13"," protein_coding","chr8",2142.11312645498,1.36725348488003,0.274974355261856,2.9481242050468e-08,5.18204961478594e-07
"ENSG00000164935.6","DCSTAMP"," protein_coding","chr8",4.13669307614521,3.60388507447285,1.07493143448624,2.88008521096914e-05,0.000223801306625895
"ENSG00000164951.16","PDP1"," protein_coding","chr8",1344.61443255774,1.19464047795092,0.361015859027951,3.51263194962164e-05,0.000266261111211628
"ENSG00000164953.16","TMEM67"," protein_coding","chr8",286.806885651095,1.51293328295581,0.306122969648998,3.13587105778004e-08,5.46932309475682e-07
"ENSG00000164976.9","MYORG"," protein_coding","chr9",5347.56651950495,-1.33589593441032,0.272899359861339,3.93252897541614e-08,6.67234843094914e-07
"ENSG00000165023.7","DIRAS2"," protein_coding","chr9",18.5711194773856,-2.64931154583707,0.615496382646121,8.12811925123836e-07,9.77844679972923e-06
"ENSG00000165072.10","MAMDC2"," protein_coding","chr9",469.085574925517,-5.22693547681593,0.548797656371875,7.0968659731099e-23,2.15280444631029e-20
"ENSG00000165124.18","SVEP1"," protein_coding","chr9",987.326726300889,-1.84027744865552,0.612929430727433,7.94304798385525e-05,0.000541174331360146
"ENSG00000165188.13","RNF183"," protein_coding","chr9",149.309481945145,3.52571811676731,0.495545540680844,4.93065074867437e-14,2.90452018149678e-12
"ENSG00000165269.13","AQP7"," protein_coding","chr9",361.362864040958,-2.12662015976362,0.542180796111161,3.15975327201813e-06,3.21401666258741e-05
"ENSG00000165271.17","NOL6"," protein_coding","chr9",2382.56074785457,1.14482489286126,0.172779564818894,1.55920518861045e-12,6.94220603730013e-11
"ENSG00000165300.7","SLITRK5"," protein_coding","chr13",21.5098082906401,-3.26675223116181,0.575072178711141,5.99202631048329e-10,1.56069735296292e-08
"ENSG00000165304.8","MELK"," protein_coding","chr9",795.243476094754,1.16310881009677,0.259847973527599,3.33743299844356e-07,4.44507182041367e-06
"ENSG00000165376.11","CLDN2"," protein_coding","chrX",4445.75717513238,3.60222234471938,1.06119968820168,2.00909528916187e-05,0.000163723863659593
"ENSG00000165406.16","MARCHF8"," protein_coding","chr10",2526.6559047077,-1.18114323891204,0.216094669581649,1.90499394891517e-09,4.38838137642927e-08
"ENSG00000165424.7","ZCCHC24"," protein_coding","chr10",1105.0484171869,-1.1321375319994,0.544910819579363,0.000882859438117603,0.00430720752178283
"ENSG00000165457.14","FOLR2"," protein_coding","chr11",867.438579538313,-3.38983253952135,0.497607350206383,3.81621741967664e-13,1.89979731607154e-11
"ENSG00000165462.5","PHOX2A"," protein_coding","chr11",14.4489713691069,-4.70527438504608,0.593562321869677,3.53697506233977e-16,3.17135736390675e-14
"ENSG00000165478.7","HEPACAM"," protein_coding","chr11",5.56419369214283,-5.17318709481183,1.10830858702912,1.33144194985284e-09,3.17530806820891e-08
"ENSG00000165480.16","SKA3"," protein_coding","chr13",614.411526075539,1.79410454224274,0.291294033727036,3.49761834009895e-11,1.16916267850599e-09
"ENSG00000165490.13","DDIAS"," protein_coding","chr11",240.170263602059,1.76881809497973,0.318536175583368,1.19403551092799e-09,2.88363129566227e-08
"ENSG00000165495.16","PKNOX2"," protein_coding","chr11",71.8466331016063,-2.70410096352409,0.338846614033986,9.11829716308597e-17,9.07857942697682e-15
"ENSG00000165496.5","RPL10L"," protein_coding","chr14",30.3508824655895,-1.89144663218415,0.528315645113122,1.27865456463997e-05,0.000110673519624225
"ENSG00000165548.11","TMEM63C"," protein_coding","chr14",490.333577822641,-1.49234712282905,0.860242373412054,0.00149875442330961,0.00670709652168527
"ENSG00000165568.18","AKR1E2"," protein_coding","chr10",82.5741054835698,1.41738048258927,0.307588312213675,1.64217078918485e-07,2.38166128129409e-06
"ENSG00000165621.8","OXGR1"," protein_coding","chr13",193.110826482181,1.38999434009263,0.665391602498283,0.000855107630603797,0.00419768352603419
"ENSG00000165689.17","ENTR1"," protein_coding","chr9",1586.93204500377,1.10006107955499,0.226755263432101,5.28223005355113e-08,8.70307731361232e-07
"ENSG00000165702.14","GFI1B"," protein_coding","chr9",34.9452049245435,-2.81186187945832,0.387709705511142,1.45025533955882e-14,9.54815168588236e-13
"ENSG00000165724.6","ZMYND19"," protein_coding","chr9",753.110440804978,1.22641751093512,0.174998121149393,1.06669492904675e-13,5.84844324442556e-12
"ENSG00000165732.13","DDX21"," protein_coding","chr10",5213.73122746619,1.24837738113563,0.142248696835978,8.61820080000282e-20,1.45692479982548e-17
"ENSG00000165752.17","STK32C"," protein_coding","chr10",468.195139400306,1.15553912944223,0.468478696258946,0.000377963375543941,0.00207298669202522
"ENSG00000165795.23","NDRG2"," protein_coding","chr14",5104.8844725964,-1.26378255233988,0.191084424389918,1.64118719652236e-12,7.26734707022137e-11
"ENSG00000165816.13","VWA2"," protein_coding","chr10",1585.52835419014,4.26783577311932,0.499909315616594,6.56710417608621e-19,9.37523865110368e-17
"ENSG00000165891.16","E2F7"," protein_coding","chr12",226.217191373705,1.63456001159456,0.32197751787636,1.60495328331165e-08,2.98359528463513e-07
"ENSG00000165895.19","ARHGAP42"," protein_coding","chr11",917.50983655902,-1.1776319984942,0.25613882803326,1.80446622899017e-07,2.58014823174286e-06
"ENSG00000165905.18","LARGE2"," protein_coding","chr11",780.427568933827,3.89194064382333,0.521839528822329,3.97457032531458e-15,2.90555413556443e-13
"ENSG00000165935.9","SMCO2"," protein_coding","chr12",7.39601824347357,2.61403280998062,0.561605718756519,1.48043816991777e-07,2.17725700585369e-06
"ENSG00000165959.12","CLMN"," protein_coding","chr14",3993.97331066915,-1.04306069154771,0.332881916247581,5.04269361103946e-05,0.000365021742254948
"ENSG00000166012.17","TAF1D"," protein_coding","chr11",1899.25662544025,1.26860063052223,0.163741104366585,4.37185769734712e-16,3.85602600925252e-14
"ENSG00000166025.18","AMOTL1"," protein_coding","chr11",885.259355394772,-1.70787191783508,0.494601224419463,1.84095798881592e-05,0.000151352113477678
"ENSG00000166035.11","LIPC"," protein_coding","chr15",69.9897681808591,-3.26368746876513,0.429965620838602,1.31778424644555e-15,1.0457858452599e-13
"ENSG00000166086.13","JAM3"," protein_coding","chr11",356.393560646055,-1.84162755470697,0.377662956872667,4.23144492756838e-08,7.14962204367592e-07
"ENSG00000166111.10","SVOP"," protein_coding","chr12",21.5139971790346,-2.97435160407976,0.38062084532404,5.56664565038518e-16,4.79263088913003e-14
"ENSG00000166123.14","GPT2"," protein_coding","chr16",2230.31170603231,1.81780157167395,0.265134827795727,3.58610022202067e-13,1.79903618247831e-11
"ENSG00000166126.11","AMN"," protein_coding","chr14",4674.97872112895,-1.46923911743629,0.44058265085951,2.55716273372937e-05,0.000201702036479679
"ENSG00000166143.10","PPP1R14D"," protein_coding","chr15",2348.88745546709,-1.59014682372007,0.304992822554309,7.42071091512882e-09,1.50726805308668e-07
"ENSG00000166183.16","ASPG"," protein_coding","chr14",307.727068532892,-3.28253920484614,0.662864279372685,2.74072692277693e-08,4.86123533627482e-07
"ENSG00000166197.17","NOLC1"," protein_coding","chr10",5101.97636138832,1.10428088465307,0.175200920131673,1.318359170354e-11,4.84612706130806e-10
"ENSG00000166250.12","CLMP"," protein_coding","chr11",758.319039552755,-1.7814099960697,0.489318266166466,9.34474669118369e-06,8.4123484445444e-05
"ENSG00000166257.9","SCN3B"," protein_coding","chr11",51.0365812239906,-2.84814411382795,0.429333863455862,1.48008835262309e-12,6.64646703104853e-11
"ENSG00000166265.13","CYYR1"," protein_coding","chr21",325.731864352551,-1.42130004821241,0.319411323309075,3.25612996051681e-07,4.34391558809925e-06
"ENSG00000166292.12","TMEM100"," protein_coding","chr17",237.738447210504,-4.30719478673298,0.306802103661407,2.81442685072793e-46,1.30500952458467e-42
"ENSG00000166311.10","SMPD1"," protein_coding","chr11",2051.85434919685,-1.96556658332737,0.213017615615929,1.00214745802493e-21,2.41894953188569e-19
"ENSG00000166313.19","APBB1"," protein_coding","chr11",453.118922116645,-1.83736843624565,0.352454081745349,7.46535587360802e-09,1.51349482164628e-07
"ENSG00000166347.19","CYB5A"," protein_coding","chr18",2458.53657517879,-1.0653709153461,0.224942522798434,0.0022351284407036,0.00938522625205141
"ENSG00000166396.13","SERPINB7"," protein_coding","chr18",4.43843050312956,6.14224804199269,1.44210956663292,0.00759932883661696,0.025974394770321
"ENSG00000166405.15","RIC3"," protein_coding","chr11",43.817271096859,-2.91608363394037,0.691575596822617,9.59897244857393e-07,1.12926222448645e-05
"ENSG00000166415.15","WDR72"," protein_coding","chr15",436.20730014465,3.12156328092229,0.711551631923637,4.2282853331362e-07,5.46344288785569e-06
"ENSG00000166473.17","PKD1L2"," polymorphic_pseudogene","chr16",30.4255651418541,-3.50560550371661,0.518202861114454,6.68700265897519e-13,3.19186371036789e-11
"ENSG00000166482.12","MFAP4"," protein_coding","chr17",4454.92794345275,-2.06342964097857,0.502527420447462,1.4410551131308e-06,1.61455874566791e-05
"ENSG00000166501.14","PRKCB"," protein_coding","chr16",589.771145355716,-2.06543292999393,0.508524346558396,1.72291691261745e-06,1.88735866182036e-05
"ENSG00000166508.18","MCM7"," protein_coding","chr7",6905.24672352225,1.05804591769492,0.238369377922469,4.2750515436138e-07,5.51289721901536e-06
"ENSG00000166532.16","RIMKLB"," protein_coding","chr12",255.770163266919,-1.66181822308488,0.412031579180467,2.04485578529592e-06,2.18832604942746e-05
"ENSG00000166573.6","GALR1"," protein_coding","chr18",10.6816656540032,-5.79061661545811,0.87260657765679,2.54859009691458e-15,1.92825495024833e-13
"ENSG00000166670.10","MMP10"," protein_coding","chr11",69.8536102172956,3.16990688954972,0.882885246374179,1.03955185709607e-05,9.22158354130202e-05
"ENSG00000166682.13","TMPRSS5"," protein_coding","chr11",90.73450814523,3.83426947452193,0.643742349752398,1.02435219529969e-10,3.11314827294357e-09
"ENSG00000166710.21","B2M"," protein_coding","chr15",139829.094144838,-1.14965178148943,0.296480505722763,3.82840695385799e-06,3.80240002779445e-05
"ENSG00000166770.11","ZNF667-AS1"," lncRNA","chr19",77.6859152782341,-2.21241119424033,0.387122283472184,4.81473492662273e-10,1.2872872013865e-08
"ENSG00000166793.13","YPEL4"," protein_coding","chr11",29.361571293048,-1.63373834533238,0.387731643493349,9.96610100117665e-07,1.16737533849221e-05
"ENSG00000166816.15","LDHD"," protein_coding","chr16",1863.94561875977,-2.81110225249007,0.45710401797417,3.20554150437014e-11,1.07707521893215e-09
"ENSG00000166831.9","RBPMS2"," protein_coding","chr15",351.653328175351,-3.97086567552985,0.56756203666048,1.11363260320476e-13,6.09549528411805e-12
"ENSG00000166840.13","GLYATL1"," protein_coding","chr11",36.4832812890221,1.77873019380045,0.731987436464733,0.000389983103971982,0.00212991276943002
"ENSG00000166851.15","PLK1"," protein_coding","chr16",1539.24944943402,1.0906060874291,0.312503037910841,2.01542128617333e-05,0.000164115765445595
"ENSG00000166866.13","MYO1A"," protein_coding","chr12",8495.44920173728,-2.57223191677454,0.4141153931724,2.17003800382717e-11,7.60638159052076e-10
"ENSG00000166897.16","ELFN2"," protein_coding","chr22",21.1404506509485,1.28461802719288,0.442126047729907,0.000121580651182807,0.000785326323600311
"ENSG00000166920.13","C15orf48"," protein_coding","chr15",4180.86578593347,-1.88817295712253,0.42237804129022,2.82797403354449e-07,3.84060172304548e-06
"ENSG00000166924.9","NYAP1"," protein_coding","chr7",30.4619677835628,-1.20214167020172,0.434333794693491,0.000187082173454213,0.00113713730074473
"ENSG00000166959.8","MS4A8"," protein_coding","chr11",488.074270439435,-2.99353455323634,0.524297341548073,7.61540742617449e-05,0.000521698805907074
"ENSG00000166963.13","MAP1A"," protein_coding","chr15",696.194581829172,-1.35861149500149,0.633041567699723,0.000738042149605485,0.00369681668084797
"ENSG00000167074.15","TEF"," protein_coding","chr22",1534.29338242191,-1.50557220937201,0.218699803087011,2.45188597925239e-13,1.26725024067793e-11
"ENSG00000167107.13","ACSF2"," protein_coding","chr17",2874.86031741691,-1.13849385599952,0.374809586006556,7.54759886838193e-05,0.000518189081424297
"ENSG00000167117.10","ANKRD40CL"," protein_coding","chr17",996.648162297089,-1.65261564353214,0.424933019880352,3.43339704308197e-06,3.45950500892637e-05
"ENSG00000167261.14","DPEP2"," protein_coding","chr16",94.9662595235797,-2.1787329763652,0.343109091999152,8.21609188715442e-12,3.14478668010918e-10
"ENSG00000167280.17","ENGASE"," protein_coding","chr17",2596.65127773084,1.07038544775288,0.367557089485704,0.000126043915013969,0.000809644447560538
"ENSG00000167281.19","RBFOX3"," protein_coding","chr17",85.3773759930459,-5.69222698424719,0.78130035984578,1.36118546533309e-08,2.5807917853416e-07
"ENSG00000167291.16","TBC1D16"," protein_coding","chr17",2687.7826296973,1.05988657449448,0.243659715853443,6.15482999179487e-07,7.62785306886896e-06
"ENSG00000167315.18","ACAA2"," protein_coding","chr18",6717.56543611013,-1.7739726905651,0.300386720247795,1.32769030044543e-10,3.94635272636059e-09
"ENSG00000167323.11","STIM1"," protein_coding","chr11",2980.30127543379,-1.01839608396521,0.162364439875247,1.53542195940121e-11,5.5808203760632e-10
"ENSG00000167393.18","PPP2R3B"," protein_coding","chrX",542.674640192627,1.48108563707717,0.223426249889851,1.53610614562084e-12,6.86762166316269e-11
"ENSG00000167414.4","GNG8"," protein_coding","chr19",10.0793691151912,-3.53840103797918,0.575985989489576,5.17712455776854e-11,1.69053429472889e-09
"ENSG00000167419.11","LPO"," protein_coding","chr17",5.51020319730379,2.69739540861908,1.29576961300376,0.000890586386223558,0.00434033827688352
"ENSG00000167476.10","JSRP1"," protein_coding","chr19",286.48896783535,2.76315298704519,0.557411162847589,2.88721514031436e-08,5.09587977293766e-07
"ENSG00000167513.9","CDT1"," protein_coding","chr16",1391.83437066648,1.18014669287935,0.284684185067365,1.35802733429319e-06,1.53371089827726e-05
"ENSG00000167523.14","SPATA33"," protein_coding","chr16",331.90454860047,1.056862536605,0.222241207687995,8.06999752348101e-08,1.27711350374035e-06
"ENSG00000167550.11","RHEBL1"," protein_coding","chr12",52.8051099399346,1.37534444309044,0.318881162785047,6.06495990590598e-07,7.52221890049279e-06
"ENSG00000167555.14","ZNF528"," protein_coding","chr19",243.181557713239,-2.87386585780042,0.372019646291051,4.95254607648243e-16,4.32122958468996e-14
"ENSG00000167601.12","AXL"," protein_coding","chr19",1471.18263879801,-1.05538259648174,0.406453815231029,0.000264933126866911,0.00152657543615235
"ENSG00000167618.10","LAIR2"," protein_coding","chr19",11.9955534471223,1.16395865474382,0.887942041824176,0.00282570323734081,0.011424598365422
"ENSG00000167619.13","TMEM145"," protein_coding","chr19",28.1188254564651,1.68645287637611,0.743258161554714,0.000579169253243136,0.00300346311260037
"ENSG00000167646.14","DNAAF3"," protein_coding","chr19",19.7361998455385,1.66095981686166,0.612977102360151,0.000198806195187624,0.00119807862669883
"ENSG00000167654.18","ATCAY"," protein_coding","chr19",25.5008086293659,-5.43104797078507,0.642117578625881,5.61917352998717e-18,6.83097881783984e-16
"ENSG00000167656.5","LY6D"," protein_coding","chr8",16.0493757944988,4.62882359114416,1.15367821136373,2.0125354590751e-06,2.15800713348727e-05
"ENSG00000167664.8","TMIGD2"," protein_coding","chr19",51.5524935677225,-1.55372424524035,0.407299981216233,4.87781234158941e-06,4.71342759700236e-05
"ENSG00000167695.15","TLCD3A"," protein_coding","chr17",1347.79512837005,1.67049655042972,0.307736830507201,2.43401546009445e-09,5.49015106349865e-08
"ENSG00000167701.14","GPT"," protein_coding","chr8",1321.26499907472,-3.74522946156934,0.390650908242494,4.18953757594343e-23,1.32023311300944e-20
"ENSG00000167702.13","KIFC2"," protein_coding","chr8",738.617434301295,1.48391093427055,0.417326886315207,1.38383698063764e-05,0.000118450898516711
"ENSG00000167705.12","RILP"," protein_coding","chr17",831.283727991127,-1.47542835738388,0.274630023138548,3.1332950422496e-09,6.90431028386541e-08
"ENSG00000167723.15","TRPV3"," protein_coding","chr17",326.996279621464,-3.40764433535383,0.682371736141222,2.25253061520217e-08,4.07994635648616e-07
"ENSG00000167741.11","GGT6"," protein_coding","chr17",5815.96006617893,-1.36773155857521,0.409992566345703,2.81445263417786e-05,0.000219693689321842
"ENSG00000167747.15","C19orf48"," transcribed_unitary_pseudogene","chr19",3104.09267961831,1.76558188077274,0.187183165474341,2.01001262398129e-22,5.39181733464336e-20
"ENSG00000167751.13","KLK2"," protein_coding","chr19",6.99844519027339,1.21115802479377,0.869701434649302,0.00283027007055692,0.0114387879404976
"ENSG00000167755.15","KLK6"," protein_coding","chr19",245.047031776076,8.5718773689122,0.816487215740426,2.93960225788329e-27,1.70381446582814e-24
"ENSG00000167757.14","KLK11"," protein_coding","chr19",639.682963973766,3.91889510848728,0.712539892057223,1.53027078336682e-09,3.59924123815363e-08
"ENSG00000167767.14","KRT80"," protein_coding","chr12",875.232149099406,6.64264885868364,0.415234386250018,9.34177229848528e-59,7.58038113160588e-55
"ENSG00000167771.6","RCOR2"," protein_coding","chr11",250.680233652492,1.98734290752156,0.484592110673546,1.5654912777277e-06,1.73422238540907e-05
"ENSG00000167779.9","IGFBP6"," protein_coding","chr12",795.074284624436,-2.21339819298964,0.406916461802304,2.12527506973447e-09,4.8510673849115e-08
"ENSG00000167880.8","EVPL"," protein_coding","chr17",3637.13757832834,1.31271771308377,0.350931781089677,6.93506099865629e-06,6.44426595746882e-05
"ENSG00000167914.12","GSDMA"," protein_coding","chr17",104.167401085235,1.70765591977578,0.520759741068815,3.50954108942523e-05,0.000266151132431225
"ENSG00000167916.5","KRT24"," protein_coding","chr17",66.9961094366816,-9.86188045792228,1.48278281970053,7.16859892726923e-22,1.78983372293311e-19
"ENSG00000167968.13","DNASE1L2"," protein_coding","chr16",30.5730749033518,2.25897776588804,0.398789761298946,6.47276209976878e-10,1.66872845301267e-08
"ENSG00000168005.9","SPINDOC"," protein_coding","chr11",635.681612719883,1.22612420192491,0.297476995898821,1.45277784919269e-06,1.62502432614304e-05
"ENSG00000168016.15","TRANK1"," protein_coding","chr3",3521.70127584215,-1.61345931191087,0.378918557181793,7.57212952779337e-07,9.17417619309881e-06
"ENSG00000168060.16","NAALADL1"," protein_coding","chr11",627.018917846277,-4.82334930185317,0.543097100061272,1.0188540555765e-07,1.57401070613528e-06
"ENSG00000168065.16","SLC22A11"," protein_coding","chr11",44.2645530590799,3.52445604309384,0.759372454431833,1.32608066774668e-07,1.97440028962027e-06
"ENSG00000168077.14","SCARA3"," protein_coding","chr8",533.10255924557,-1.94490354466686,0.274300888707921,5.84526956006367e-14,3.36990691617312e-12
"ENSG00000168079.17","SCARA5"," protein_coding","chr8",2087.18656204832,-4.89415575569447,0.388426597752198,7.91228661973343e-38,1.3516684163332e-34
"ENSG00000168229.4","PTGDR"," protein_coding","chr14",298.445752597113,-2.29255830365371,0.678877132723108,2.28037796338535e-05,0.000182847104583897
"ENSG00000168243.11","GNG4"," protein_coding","chr1",1009.53404780269,1.80256200726342,1.15907109508648,0.0019060364150174,0.00820154544197912
"ENSG00000168268.11","NT5DC2"," protein_coding","chr3",1800.78723645006,1.71928839585062,0.370645511716352,1.41409462369996e-07,2.09200926600061e-06
"ENSG00000168280.18","KIF5C"," protein_coding","chr2",164.878937335199,-2.37951549208222,0.443603151640257,3.41989833437499e-09,7.47023389504881e-08
"ENSG00000168309.18","FAM107A"," protein_coding","chr3",645.69530000853,-3.41763366791006,0.4133218179622,5.85716033755464e-18,7.09372053120703e-16
"ENSG00000168314.17","MOBP"," protein_coding","chr3",16.5844118509569,-3.66380838254511,0.610241545402196,5.32915265235245e-11,1.73320277344745e-09
"ENSG00000168356.13","SCN11A"," protein_coding","chr3",44.0993196926101,-3.14757383643747,0.489947379553787,7.27338500462041e-12,2.82391782870777e-10
"ENSG00000168447.11","SCNN1B"," protein_coding","chr16",3157.86873660651,-5.40238734935896,0.717141989722633,1.92164882007853e-15,1.48506850957402e-13
"ENSG00000168477.19","TNXB"," protein_coding","chr6",2013.5327856853,-4.20638737498413,0.444582562982968,1.3653122456388e-22,3.85350477121254e-20
"ENSG00000168505.7","GBX2"," protein_coding","chr2",4.03471290086474,4.80883811157984,1.38187419675037,5.21422887510145e-06,4.99095962335721e-05
"ENSG00000168546.11","GFRA2"," protein_coding","chr8",185.002354130962,-3.43367188715501,0.418664406126309,7.24430075735711e-18,8.64468801405504e-16
"ENSG00000168646.13","AXIN2"," protein_coding","chr17",5868.74748226781,3.10154611319847,0.356945881040356,1.79177675821686e-19,2.87908366426746e-17
"ENSG00000168672.4","LRATD2"," protein_coding","chr8",2452.31269123415,1.17085797863168,0.258472589035695,3.03014426190396e-07,4.07425113723607e-06
"ENSG00000168676.11","KCTD19"," protein_coding","chr16",6.12144254114547,1.1947395863697,0.62765832585348,0.00143591672694702,0.00646331786482408
"ENSG00000168778.12","TCTN2"," protein_coding","chr12",406.262550524363,1.04465475085204,0.226893909399426,1.68246237266253e-07,2.42816201386752e-06
"ENSG00000168785.8","TSPAN5"," protein_coding","chr4",714.829608594282,1.39575636902678,0.385570606857696,1.06698183070355e-05,9.42883099944886e-05
"ENSG00000168875.3","SOX14"," protein_coding","chr3",28.8726886826495,6.6319974990694,1.24306784015443,3.92383009798997e-09,8.50198112954329e-08
"ENSG00000168903.9","BTNL3"," protein_coding","chr5",2337.12293190501,-3.40778219417608,0.455498237237464,3.19302906325281e-15,2.37160955000137e-13
"ENSG00000168913.7","ENHO"," protein_coding","chr9",41.8586000229668,-2.40472160312333,0.430149399042604,7.80298739288362e-10,1.97096781944137e-08
"ENSG00000168993.15","CPLX1"," protein_coding","chr4",188.956284891213,1.56055007545136,0.445139407223355,1.61544222017629e-05,0.000135628617647392
"ENSG00000169026.13","SLC49A3"," protein_coding","chr4",190.420181416163,-2.01090316516025,0.297172347476321,5.32059223439202e-13,2.58140183473686e-11
"ENSG00000169035.12","KLK7"," protein_coding","chr19",131.809167670385,7.96953213928019,0.864198532620887,2.31517837000795e-21,5.21847635650819e-19
"ENSG00000169181.13","GSG1L"," protein_coding","chr16",8.63358151648868,-4.75728261736045,0.785729840095185,3.72903262354882e-11,1.24140452200151e-09
"ENSG00000169213.7","RAB3B"," protein_coding","chr1",324.458040938121,-1.96202407956438,0.309335011544319,1.04257012734052e-11,3.90759136180353e-10
"ENSG00000169218.14","RSPO1"," protein_coding","chr1",27.0422135363424,-1.52381316077869,0.573930969636257,0.00023897322271788,0.00140137179096241
"ENSG00000169220.18","RGS14"," protein_coding","chr5",927.209277162041,1.23705993902346,0.393203613858731,5.71556724872515e-05,0.000407526743712362
"ENSG00000169245.6","CXCL10"," protein_coding","chr4",650.041761661616,1.39059451295655,1.18953426953736,0.00300260205566166,0.0120319083361316
"ENSG00000169247.14","SH3TC2"," protein_coding","chr5",361.250753734956,3.14047703162512,0.348311555001705,8.74951348796633e-21,1.80886438721281e-18
"ENSG00000169248.13","CXCL11"," protein_coding","chr4",310.305049355896,2.13599757250952,0.969151000567817,0.000616370065381877,0.003169540491471
"ENSG00000169252.6","ADRB2"," protein_coding","chr5",74.8004857397482,-1.45468417037059,0.358429607971422,1.91724193976435e-06,2.07133939344505e-05
"ENSG00000169253.3","AL669983.1"," processed_pseudogene","chr9",12.2101539979653,2.65700239407049,0.914574729191771,0.000106203769269133,0.000697806061323386
"ENSG00000169282.18","KCNAB1"," protein_coding","chr3",100.620470263008,-1.70478732684193,0.361810564641411,9.88166983611968e-08,1.53390358460436e-06
"ENSG00000169330.9","MINAR1"," protein_coding","chr15",51.2809645255574,1.1063215198408,0.434843746539774,0.000321777077067721,0.00180042068047993
"ENSG00000169372.13","CRADD"," protein_coding","chr12",491.071819287596,-1.01186061508501,0.242368835879898,1.13482532504812e-06,1.31082421353779e-05
"ENSG00000169397.3","RNASE3"," protein_coding","chr14",3.16937348176667,-3.29704770308129,0.850443617034678,2.06289686532006e-06,2.20545146424765e-05
"ENSG00000169418.10","NPR1"," protein_coding","chr1",320.754297034335,-2.32773673975485,0.396644813666976,1.83043284261958e-10,5.25306712694485e-09
"ENSG00000169427.8","KCNK9"," protein_coding","chr8",26.8199515717877,2.67941827217217,0.987741081597861,0.000170489624656671,0.00105024715071289
"ENSG00000169429.11","CXCL8"," protein_coding","chr4",1260.000823817,3.98994763305592,0.72027904238175,1.22860106258705e-09,2.95392098440373e-08
"ENSG00000169432.18","SCN9A"," protein_coding","chr2",369.65036900129,-4.14943829874149,0.405499632527002,5.93010216704451e-26,2.7497036591133e-23
"ENSG00000169508.7","GPR183"," protein_coding","chr13",325.86812100641,-1.41971668177792,0.349408538354239,1.76357112985466e-06,1.92345402328033e-05
"ENSG00000169548.3","ZNF280A"," protein_coding","chr22",2.36066056372034,4.64858352192099,1.75491628140594,0.000174291940624661,0.00107062221968116
"ENSG00000169554.22","ZEB2"," protein_coding","chr2",1355.86946900864,-1.81215290369563,0.361706290881683,2.09078731232908e-08,3.81680396982999e-07
"ENSG00000169607.13","CKAP2L"," protein_coding","chr2",403.199897552497,1.32699026591035,0.321643238857349,1.50066228637494e-06,1.67038739681611e-05
"ENSG00000169618.7","PROKR1"," protein_coding","chr2",5.3265179062702,-3.80827082398889,0.77042810186736,5.84621568543413e-08,9.54989777140519e-07
"ENSG00000169621.10","APLF"," protein_coding","chr2",128.598275978849,1.04010668199428,0.271136025626944,4.65691399619341e-06,4.53136105218105e-05
"ENSG00000169679.15","BUB1"," protein_coding","chr2",1142.14208842451,1.17351279681325,0.265897096467462,4.07020430165843e-07,5.2886585757898e-06
"ENSG00000169684.13","CHRNA5"," protein_coding","chr15",100.548390338326,1.44752448064066,0.313200384350716,1.55312977332064e-07,2.26611819098787e-06
"ENSG00000169710.9","FASN"," protein_coding","chr17",9826.33942396721,1.20028190822451,0.385137318021371,7.34853114349858e-05,0.00050707716951113
"ENSG00000169715.15","MT1E"," protein_coding","chr16",5128.02522817084,-2.53952411988878,0.633325224584708,2.07490810600888e-06,2.2168323668478e-05
"ENSG00000169760.17","NLGN1"," protein_coding","chr3",35.5980383595688,-5.07578838509648,0.579926191188596,1.83185222410138e-19,2.92897829999421e-17
"ENSG00000169764.16","UGP2"," protein_coding","chr2",8964.11112502751,-1.99435063403154,0.249618185198188,6.09048907343804e-17,6.35643390178945e-15
"ENSG00000169851.15","PCDH7"," protein_coding","chr4",489.769029775574,-1.60085814422181,0.505961975402423,4.92247828602435e-05,0.000357275939641722
"ENSG00000169860.7","P2RY1"," protein_coding","chr3",977.710779512495,-2.51808565446497,0.283547391737366,3.13907522932795e-20,5.78909680645038e-18
"ENSG00000169908.12","TM4SF1"," protein_coding","chr3",3982.57634984801,1.2353823173582,0.307528157996495,2.38256477955364e-06,2.51082102645299e-05
"ENSG00000169918.10","OTUD7A"," protein_coding","chr15",170.304445723653,-1.09826155212002,0.407600970907812,0.0002097889519951,0.00125646029389183
"ENSG00000169933.16","FRMPD4"," protein_coding","chrX",18.4103849749736,-4.9945718819637,0.938784282143243,4.54974380239067e-09,9.73471221740254e-08
"ENSG00000169989.3","TIGD4"," protein_coding","chr4",25.7096699359831,1.4515347503129,0.406123536444453,1.27848760072843e-05,0.000110673519624225
"ENSG00000170091.11","NSG2"," protein_coding","chr5",102.750323769693,-4.87097564680121,0.584717855741592,7.320381169557e-18,8.70347736269161e-16
"ENSG00000170122.5","FOXD4"," protein_coding","chr9",9.34814812591499,1.31148952304202,0.535454973997679,0.000417200461838273,0.00226030589056028
"ENSG00000170153.11","RNF150"," protein_coding","chr4",406.934140785796,-3.1785401839299,0.603723384192137,5.39194365586918e-09,1.13202915383054e-07
"ENSG00000170191.5","NANP"," protein_coding","chr20",366.106276559571,1.01207229521482,0.292250331691969,2.03157429236878e-05,0.000165306689349977
"ENSG00000170214.5","ADRA1B"," protein_coding","chr5",28.3918187586087,-3.07911510407076,0.568807584122302,3.3607501873426e-09,7.36054180706924e-08
"ENSG00000170231.16","FABP6"," protein_coding","chr5",214.394862226725,-3.86302593076307,0.781342713770945,1.39287468810277e-08,2.6300131836207e-07
"ENSG00000170293.9","CMTM8"," protein_coding","chr3",521.471787699122,1.25098037755598,0.199464211817246,1.55921959240473e-11,5.63576275392791e-10
"ENSG00000170312.16","CDK1"," protein_coding","chr10",1695.56154823009,1.34289231897173,0.259633819532705,9.87800551395759e-09,1.93728279741411e-07
"ENSG00000170324.21","FRMPD2"," protein_coding","chr10",4.50035008925366,2.10392814476201,1.76716635652068,0.00309711593030188,0.0123451048588651
"ENSG00000170367.5","CST5"," protein_coding","chr20",3.32120015798338,3.71440521072325,1.51532767038518,0.000292491167661652,0.00166031450156732
"ENSG00000170369.4","CST2"," protein_coding","chr20",17.1930436450164,5.53581065439099,1.09128943939449,1.36689581381659e-08,2.58848916714462e-07
"ENSG00000170373.8","CST1"," protein_coding","chr20",406.421842858456,7.48062394878502,0.850404662654491,4.49332927407017e-20,7.92633052053095e-18
"ENSG00000170381.14","SEMA3E"," protein_coding","chr7",119.032690662789,-2.43882821145685,1.00752925465862,1.14376999173225e-06,1.31787314134346e-05
"ENSG00000170382.12","LRRN2"," protein_coding","chr1",923.69733220349,-4.33495210292389,0.448442107285118,2.03580377470706e-23,6.81217720818988e-21
"ENSG00000170448.12","NFXL1"," protein_coding","chr4",473.150181814241,1.14420570450219,0.103227662166481,7.40565674945606e-30,6.00932016934612e-27
"ENSG00000170454.6","KRT75"," protein_coding","chr12",19.9765597268251,6.79851553963083,1.08850065502458,1.69295377479295e-13,9.05270076148758e-12
"ENSG00000170456.16","DENND5B"," protein_coding","chr12",672.483612874753,-1.5081359004076,0.49798731633608,7.54824627817255e-05,0.000518189081424297
"ENSG00000170458.14","CD14"," protein_coding","chr5",3244.91748541269,-1.35568170678279,0.383744403144299,1.41129606844172e-05,0.000120420209751528
"ENSG00000170476.16","MZB1"," protein_coding","chr5",1201.50345771221,-1.53257288840601,0.588239870256987,0.000241358178594918,0.00141356978723094
"ENSG00000170482.17","SLC23A1"," protein_coding","chr5",255.89629384077,-4.5327654420774,0.419628333380092,3.30658270090326e-10,9.08764278627588e-09
"ENSG00000170515.14","PA2G4"," protein_coding","chr12",4276.0107740138,1.06378041088378,0.122592519721978,1.90110172188378e-19,2.99543493635454e-17
"ENSG00000170523.3","KRT83"," protein_coding","chr12",7.80087512734647,4.20880875022369,1.03240747121897,2.22760864959332e-06,2.36132336866427e-05
"ENSG00000170561.13","IRX2"," protein_coding","chr5",16.778688570561,2.69152888073409,0.621012883287235,0.000124652824147471,0.000801501855423659
"ENSG00000170577.8","SIX2"," protein_coding","chr2",24.4437149235087,2.97077537535781,0.809379767600307,7.64768288007923e-06,7.03994585710753e-05
"ENSG00000170703.15","TTLL6"," protein_coding","chr17",275.969875270721,-2.34229055511534,0.351355011765558,1.10262076811551e-12,5.03359562468259e-11
"ENSG00000170743.17","SYT9"," protein_coding","chr11",5.09727496410877,-4.21929845940162,0.803703360337203,1.88219652865642e-09,4.35130590649074e-08
"ENSG00000170779.11","CDCA4"," protein_coding","chr14",659.804469829872,1.26803845185599,0.284314143085063,3.38905719629501e-07,4.50458716123438e-06
"ENSG00000170835.16","CEL"," protein_coding","chr9",1523.09771813938,6.37464980251611,0.951095840452922,8.30856955847131e-13,3.89147980849728e-11
"ENSG00000170891.11","CYTL1"," protein_coding","chr4",35.5236099724105,-2.51694362130971,0.489829041551204,9.46029808722838e-09,1.86324244730133e-07
"ENSG00000170954.11","ZNF415"," protein_coding","chr19",146.511426675715,-3.14970139750004,0.345569451396329,3.35240995593898e-21,7.45291248971696e-19
"ENSG00000170959.14","DCDC1"," protein_coding","chr11",3.39847661352332,1.55709636167019,1.51821744084073,0.0038923791697971,0.0149336693963681
"ENSG00000170965.10","PLAC1"," protein_coding","chrX",11.4029658998114,2.38736460342823,0.919906951018241,0.000260110743953319,0.00150493307080871
"ENSG00000170989.10","S1PR1"," protein_coding","chr1",629.032940087863,-1.49240547361781,0.325046240867422,1.71973903250861e-07,2.47097341820118e-06
"ENSG00000171004.18","HS6ST2"," protein_coding","chrX",390.9372105734,3.47714059814634,0.664384531646814,6.55626534965652e-09,1.34856312242808e-07
"ENSG00000171017.11","LRRC8E"," protein_coding","chr19",20.4260325144159,2.5195513440654,0.366099712048249,2.64132523184893e-13,1.35224186711912e-11
"ENSG00000171056.8","SOX7"," protein_coding","chr8",84.3265885814877,-1.16347219389454,0.31928942076936,9.42834924690961e-06,8.47484860713858e-05
"ENSG00000171060.11","C8orf74"," protein_coding","chr8",6.52455075289514,6.26012997939039,1.83091078815199,6.93240414132696e-06,6.44364185621966e-05
"ENSG00000171084.15","FAM86JP"," transcribed_unprocessed_pseudogene","chr3",86.1591690612878,1.12134380117372,0.241645606603281,1.41598811319648e-07,2.09385613567797e-06
"ENSG00000171097.14","KYAT1"," protein_coding","chr9",4.18980588483533,1.31790143856099,0.77553386377307,0.00183822073474953,0.00795426857865622
"ENSG00000171100.15","MTM1"," protein_coding","chrX",1522.88755321765,-1.33819965585431,0.202768082305136,1.74786728582668e-12,7.70818972328295e-11
"ENSG00000171102.14","OBP2B"," protein_coding","chr9",4.47439432530906,5.88809657260107,1.55811914786576,0.00122045709764976,0.00565101233602223
"ENSG00000171115.4","GIMAP8"," protein_coding","chr7",491.571939514762,-1.50260317050662,0.377861185931615,2.53037314147429e-06,2.64341330627526e-05
"ENSG00000171126.8","KCNG3"," protein_coding","chr2",22.4809017191682,-2.82810802567843,0.522144480440237,1.82191904833793e-09,4.22097419492881e-08
"ENSG00000171159.5","C9orf16"," protein_coding","chr9",2016.30589443519,1.08453601129435,0.28537298201753,5.39993864710601e-06,5.16083298512367e-05
"ENSG00000171163.16","ZNF692"," protein_coding","chr1",698.606303728739,1.35852441882275,0.266697779428881,1.48142181831125e-08,2.78263827423302e-07
"ENSG00000171174.15","RBKS"," protein_coding","chr2",319.363264132536,-1.64597400053693,0.358470030312486,1.70034742151389e-07,2.4485304617346e-06
"ENSG00000171189.17","GRIK1"," protein_coding","chr21",16.6287227486729,-2.37191731083298,0.314364387473948,4.24439609638478e-15,3.08198229298562e-13
"ENSG00000171224.9","FAM241B"," protein_coding","chr10",245.355152637964,1.5419607439576,0.278378979586112,1.32599040747986e-09,3.16463210632216e-08
"ENSG00000171241.9","SHCBP1"," protein_coding","chr16",399.280398666255,1.01715609670347,0.355759514221911,0.00013333156783959,0.000850231046942517
"ENSG00000171246.6","NPTX1"," protein_coding","chr17",414.788330003154,-6.66986275023697,0.883852694931018,1.51698607316968e-15,1.1893317382353e-13
"ENSG00000171303.7","KCNK3"," protein_coding","chr2",104.063753826691,-2.29957869071487,0.722028212176687,4.60608788156616e-05,0.00033649426166976
"ENSG00000171316.12","CHD7"," protein_coding","chr8",2333.60710706358,1.27241926464408,0.217561683801021,2.30060554903944e-10,6.52166418434253e-09
"ENSG00000171388.12","APLN"," protein_coding","chrX",216.959534739625,3.65508316606529,0.560752446218568,3.16796845587446e-12,1.33887916849965e-10
"ENSG00000171428.15","NAT1"," protein_coding","chr8",658.825133568791,-1.29284876508327,0.220387150066707,1.87708121830516e-10,5.36795613953735e-09
"ENSG00000171431.4","KRT20"," protein_coding","chr17",38566.1377739648,-2.16011014123682,0.443778858160408,4.34773359546561e-08,7.31564214834747e-07
"ENSG00000171433.12","GLOD5"," protein_coding","chrX",127.255020450647,-1.58386869742074,0.310370860892646,1.43169830535556e-08,2.69704373739007e-07
"ENSG00000171451.14","DSEL"," protein_coding","chr18",90.4622092535579,-2.19453589627005,0.346028100237119,9.24237130244498e-12,3.50454308101354e-10
"ENSG00000171453.20","POLR1C"," protein_coding","chr6",892.045371005133,1.1578428321589,0.160719880156174,2.63508842837549e-14,1.64480192708099e-12
"ENSG00000171503.12","ETFDH"," protein_coding","chr4",1682.1091411465,-1.96339776935803,0.222178866147321,4.37584830558243e-20,7.80391671992278e-18
"ENSG00000171560.16","FGA"," protein_coding","chr4",23.3717953787078,4.64048418516786,1.2124747299576,3.95906224764285e-06,3.91897659146055e-05
"ENSG00000171564.12","FGB"," protein_coding","chr4",14.1047759932031,4.08041072574905,1.2561552680726,3.41946170837602e-05,0.000260170858252389
"ENSG00000171617.14","ENC1"," protein_coding","chr5",5413.43181520066,2.2532813636961,0.247285390574067,3.86600882016609e-21,8.42167209966114e-19
"ENSG00000171658.8","NMRAL2P"," transcribed_unprocessed_pseudogene","chr3",97.6224431214312,-2.72939367661689,0.41651836476317,2.3606629811685e-12,1.01621218889611e-10
"ENSG00000171659.15","GPR34"," protein_coding","chrX",339.728987631963,-1.84662018656527,0.464241039430301,2.44790258736812e-06,2.57141866393213e-05
"ENSG00000171714.12","ANO5"," protein_coding","chr11",290.99720429896,-2.64374114446804,0.679423492684704,3.3752409779725e-06,3.41116169562268e-05
"ENSG00000171747.9","LGALS4"," protein_coding","chr19",110305.432919677,-1.47350120065897,0.323222693815424,1.98346724295807e-07,2.79788699573807e-06
"ENSG00000171757.17","LRRC34"," protein_coding","chr3",62.0173747983052,1.14372397380838,0.40821324760008,0.00015507237740887,0.00096813603114774
"ENSG00000171759.10","PAH"," protein_coding","chr12",42.7495127965748,6.05446164009102,1.04359748756883,2.888126399456e-06,2.97030439396524e-05
"ENSG00000171793.16","CTPS1"," protein_coding","chr1",1225.1592305625,1.25095551364185,0.238495752588082,6.31451445246867e-09,1.3029657348902e-07
"ENSG00000171817.17","ZNF540"," protein_coding","chr19",45.4592940394939,-1.21691238248245,0.334198051889819,1.06668317322483e-05,9.42875883347806e-05
"ENSG00000171819.5","ANGPTL7"," protein_coding","chr1",66.4092675682852,-4.42555288336736,0.640574882972154,2.40748657129439e-13,1.24628706748123e-11
"ENSG00000171848.16","RRM2"," protein_coding","chr2",3730.68453507522,1.57673369541463,0.356334791208542,4.13478149141269e-07,5.36183530356664e-06
"ENSG00000171877.21","FRMD5"," protein_coding","chr15",177.945326061735,1.00658768417662,0.564388364684748,0.00153900858350668,0.00686641107951338
"ENSG00000171951.5","SCG2"," protein_coding","chr2",361.691960049935,-2.95282564138526,0.482416236330995,4.02340214812505e-11,1.32580291293241e-09
"ENSG00000171992.13","SYNPO"," protein_coding","chr5",5024.05879621925,-1.9132694649052,0.302509939589787,1.08386905002559e-11,4.04835691895635e-10
"ENSG00000172005.11","MAL"," protein_coding","chr2",105.512746837375,-3.52325594859634,0.422723334833018,3.26298171777391e-18,4.10503335641495e-16
"ENSG00000172031.7","EPHX4"," protein_coding","chr1",231.542727091049,4.94627615189416,0.387111518465307,8.3202621302342e-39,1.58858275425377e-35
"ENSG00000172137.19","CALB2"," protein_coding","chr16",271.410283812307,-3.98446541282342,0.54568474899378,1.15985743987595e-14,7.79433805041278e-13
"ENSG00000172159.16","FRMD3"," protein_coding","chr9",764.376584706896,-1.24975508647005,0.460241383700493,0.00019137111153214,0.00115971599333577
"ENSG00000172164.15","SNTB1"," protein_coding","chr8",1526.51820409762,2.26081624780561,0.330448548328195,3.77934984369266e-13,1.89014078931551e-11
"ENSG00000172167.8","MTBP"," protein_coding","chr8",207.255880304876,1.57691337956505,0.314357694719769,2.2440672232819e-08,4.06688631676627e-07
"ENSG00000172216.6","CEBPB"," protein_coding","chr20",1552.25280790459,1.12995440692133,0.318585232447679,1.56533576828935e-05,0.000132070882160478
"ENSG00000172244.9","C5orf34"," protein_coding","chr5",87.8171330432129,1.47872815466222,0.232508379813653,8.89485127575468e-12,3.38066841578976e-10
"ENSG00000172260.15","NEGR1"," protein_coding","chr1",485.89669623595,-2.91385070130967,0.38405828096317,1.39419399897799e-15,1.10372558094702e-13
"ENSG00000172340.15","SUCLG2"," protein_coding","chr3",8336.93683116191,-1.34969314159242,0.206220862127593,2.5948749478894e-12,1.10385912265523e-10
"ENSG00000172348.15","RCAN2"," protein_coding","chr6",782.066592367094,-1.71414787564535,0.345221103548142,2.74079138128748e-08,4.86123533627482e-07
"ENSG00000172403.11","SYNPO2"," protein_coding","chr4",6233.06049877641,-3.65814521581137,0.658996971455871,1.08969409988095e-09,2.6693804599197e-08
"ENSG00000172460.17","PRSS30P"," lncRNA","chr16",30.1986869337474,1.35270971228832,0.493657181478184,0.000182731610834894,0.00111675816691376
"ENSG00000172554.12","SNTG2"," protein_coding","chr2",7.59625484120568,-2.91252708528404,0.546026440786409,4.66000792153729e-09,9.944414011654e-08
"ENSG00000172578.12","KLHL6"," protein_coding","chr3",484.732717219997,-1.7275499556149,0.56696788100696,6.9848716983324e-05,0.000484019994843025
"ENSG00000172673.11","THEMIS"," protein_coding","chr6",78.7049179179989,-1.43973668758261,0.467277622730774,6.30400227046835e-05,0.000443658511914271
"ENSG00000172724.12","CCL19"," protein_coding","chr9",337.495003610631,-1.91634019697573,0.693368021391755,0.000156329589659881,0.000974859908007764
"ENSG00000172731.14","LRRC20"," protein_coding","chr10",581.22259754264,1.00139826064857,0.279973612082676,1.33528696324408e-05,0.000114901230787318
"ENSG00000172794.20","RAB37"," protein_coding","chr17",370.715488390899,-1.91097485724153,0.379772591188315,1.94916740352559e-08,3.57233628366084e-07
"ENSG00000172803.18","SNX32"," protein_coding","chr11",54.1175259055771,-1.52584249617809,0.340669584563727,2.9474464872125e-07,3.97458321902548e-06
"ENSG00000172828.13","CES3"," protein_coding","chr16",4608.6796922233,-1.63073934633339,0.353266431161829,1.50793170665434e-07,2.21158720116064e-06
"ENSG00000172831.14","CES2"," protein_coding","chr16",18704.186299638,-2.32926423369748,0.445051164035483,6.54542105949828e-09,1.34718628249331e-07
"ENSG00000172893.16","DHCR7"," protein_coding","chr11",2820.50186940974,1.00124749917411,0.354261417951566,0.000151320259217651,0.000947627430771082
"ENSG00000172901.20","LVRN"," protein_coding","chr5",66.4420824149045,-4.50842063110421,0.63870562096869,6.40762039421249e-14,3.65515892364409e-12
"ENSG00000172915.18","NBEA"," protein_coding","chr13",244.495419778723,-1.56910411471366,0.400505736002117,3.21699522743173e-06,3.27019201666079e-05
"ENSG00000172927.8","MYEOV"," protein_coding","chr11",549.089243004928,2.51556362489233,0.672430282268777,6.42644968110675e-06,6.03034702946988e-05
"ENSG00000172965.17","MIR4435-2HG"," lncRNA","chr2",200.886392424485,1.28348981403193,0.302188862479623,8.26708248786652e-07,9.93090167991012e-06
"ENSG00000172987.13","HPSE2"," protein_coding","chr10",154.576911249175,-2.31868685650767,0.578104279497203,2.1960311120184e-06,2.33624312795455e-05
"ENSG00000172995.16","ARPP21"," protein_coding","chr3",7.83651566729199,-4.96734709673482,0.872094742181995,1.75596032504925e-10,5.06763642767851e-09
"ENSG00000173040.13","EVC2"," protein_coding","chr4",70.9019845458014,-1.16662537814631,0.39997127434638,0.000109687366520883,0.000717354935026158
"ENSG00000173068.18","BNC2"," protein_coding","chr9",305.934630530495,-2.0075742857755,0.523952010642688,4.43123067957803e-06,4.33219534330553e-05
"ENSG00000173114.13","LRRN3"," protein_coding","chr7",38.3804966132753,-2.16691050955081,0.359235352298685,6.51693032056387e-11,2.07990682738311e-09
"ENSG00000173145.11","NOC3L"," protein_coding","chr10",647.085406093614,1.11546511846328,0.193049186109672,3.32857564022048e-10,9.14034755755299e-09
"ENSG00000173175.15","ADCY5"," protein_coding","chr3",619.199832402481,-2.91704428934568,0.504033651962985,2.93541184759689e-10,8.15732857442636e-09
"ENSG00000173198.6","CYSLTR1"," protein_coding","chrX",128.014084976496,-1.92356447843536,0.311538823870477,2.42521187892068e-11,8.3920604654592e-10
"ENSG00000173237.4","C11orf86"," protein_coding","chr11",959.996168732202,-5.35504822379963,0.706985099492285,1.43957573889611e-15,1.13412012944393e-13
"ENSG00000173258.13","ZNF483"," protein_coding","chr9",144.968446854689,-1.44387084587559,0.439194477149237,3.40264010304943e-05,0.000259073170219982
"ENSG00000173267.14","SNCG"," protein_coding","chr10",169.568325177263,-3.12705191695442,0.374555347451325,2.73721880186364e-18,3.53962740521475e-16
"ENSG00000173269.14","MMRN2"," protein_coding","chr10",723.017011191278,-1.00205798956046,0.383533926216045,0.000256987424349718,0.0014884542861426
"ENSG00000173272.16","MZT2A"," protein_coding","chr2",1608.03586377411,1.05119143524261,0.180536771857412,2.53494748022004e-10,7.12992420389793e-09
"ENSG00000173320.12","STOX2"," protein_coding","chr4",114.432213204785,-3.06728085415726,0.414369958494289,5.95311807267814e-15,4.15540443877392e-13
"ENSG00000173372.17","C1QA"," protein_coding","chr1",5598.77138509587,-1.48764173053788,0.54700002547967,0.000184279540163954,0.00112325733608293
"ENSG00000173391.9","OLR1"," protein_coding","chr12",48.6644447447417,2.28499247202815,0.586825410711669,3.48686160374481e-06,3.50608903142345e-05
"ENSG00000173482.17","PTPRM"," protein_coding","chr18",847.614637218694,-1.09342034409722,0.257291361034968,8.54190264409958e-07,1.01968766466416e-05
"ENSG00000173557.15","FAM166C"," protein_coding","chr2",178.626312125094,3.63944929842831,0.442651497562614,9.0759056745868e-18,1.06348644904599e-15
"ENSG00000173597.9","SULT1B1"," protein_coding","chr4",9246.41333846843,-2.46310905078709,0.469023115598193,5.7348743251238e-09,1.20014539551817e-07
"ENSG00000173612.10","GPRC6A"," protein_coding","chr6",6.34488343824612,3.44002660766039,1.11159389997179,7.48958375207683e-05,0.0005151745670849
"ENSG00000173621.9","LRFN4"," protein_coding","chr11",1012.44308776346,1.37292160789964,0.449052340069622,7.66637655695083e-05,0.000524968882458882
"ENSG00000173727.12","AP000769.1"," transcribed_unprocessed_pseudogene","chr11",89.6275512529662,-1.07726726605691,0.518778973667051,0.000891504417538342,0.00434265940469089
"ENSG00000173894.11","CBX2"," protein_coding","chr17",389.658588767802,3.35339036612198,0.562626899826489,1.07193715716887e-10,3.24258492519916e-09
"ENSG00000173898.14","SPTBN2"," protein_coding","chr11",1238.00570798553,3.00006509040785,0.302224714728615,1.62049568687188e-24,6.33711433789006e-22
"ENSG00000173918.15","C1QTNF1"," protein_coding","chr17",1808.86396279282,1.09712230767534,0.403981181188936,0.000204266432027362,0.00122733799532472
"ENSG00000173930.9","SLCO4C1"," protein_coding","chr5",112.899288004941,-5.12805222076769,0.518090855044628,2.69232464287152e-24,1.00445371561292e-21
"ENSG00000174015.10","CBY2"," protein_coding","chr13",13.5948388046126,6.83387185073422,1.2325127597671,4.63460845263042e-12,1.88037651444348e-10
"ENSG00000174099.12","MSRB3"," protein_coding","chr12",1351.47077112734,-2.3949034576637,0.508024314245494,9.17593037673467e-08,1.43051079811745e-06
"ENSG00000174137.13","FAM53A"," protein_coding","chr4",60.8231171445433,1.53849843373284,0.367372273974611,1.09251484039607e-06,1.26736407039227e-05
"ENSG00000174145.8","NWD2"," protein_coding","chr4",58.427359099428,-3.18098598613082,0.717366155264911,3.38033452917823e-07,4.49667615360931e-06
"ENSG00000174171.6","AC020659.1"," lncRNA","chr15",55.9190223397675,4.19098115474108,0.827991647774796,1.59323977606178e-08,2.96521655111315e-07
"ENSG00000174177.13","CTU2"," protein_coding","chr16",540.021170121676,1.14311271871879,0.258925659873064,4.00754057275843e-07,5.21558748639106e-06
"ENSG00000174276.7","ZNHIT2"," protein_coding","chr11",381.282732845314,1.03338248761436,0.274141511959104,5.83678770059079e-06,5.52494765779457e-05
"ENSG00000174371.17","EXO1"," protein_coding","chr1",394.638262585736,1.40097229030032,0.31250528758492,2.90258310450842e-07,3.92877574671119e-06
"ENSG00000174460.4","ZCCHC12"," protein_coding","chrX",17.2268167075844,-1.67707079452154,0.606758980287062,0.000195546084591626,0.0011812832335148
"ENSG00000174586.11","ZNF497"," protein_coding","chr19",40.2646875996854,1.05309537894979,0.241364020693551,5.21652591672508e-07,6.54748639617412e-06
"ENSG00000174600.14","CMKLR1"," protein_coding","chr12",636.431872662243,-1.34390269233697,0.53699646843656,0.000330628955786078,0.00184454359692412
"ENSG00000174640.15","SLCO2A1"," protein_coding","chr3",2240.74674593097,-2.1705059133828,0.277533918566878,2.32174849462662e-16,2.15929262574758e-14
"ENSG00000174672.16","BRSK2"," protein_coding","chr11",119.783146456012,1.81688783082612,0.818594699814493,0.0006242682773853,0.00320355727231179
"ENSG00000174788.10","PCP2"," protein_coding","chr19",9.22733188575845,1.17417732006893,0.694061128677462,0.00175746758235095,0.00767440909295669
"ENSG00000174791.11","RIN1"," protein_coding","chr11",825.09609339134,1.24976081382195,0.270158211604592,1.69530851685118e-07,2.44420682782322e-06
"ENSG00000174844.14","DNAH12"," protein_coding","chr3",10.1312160222145,1.63191078807074,0.649962824311981,0.000354176805090904,0.00195974611995237
"ENSG00000174938.14","SEZ6L2"," protein_coding","chr16",2280.17616016966,1.39889215210902,0.341642296535995,1.74162062232487e-06,1.90463349593736e-05
"ENSG00000174939.11","ASPHD1"," protein_coding","chr16",206.250289273635,2.40063217789678,0.29217672611644,9.50001484333172e-18,1.10520244367334e-15
"ENSG00000174944.9","P2RY14"," protein_coding","chr3",294.910600831799,-2.65585411860989,0.357892582862694,4.63181629990118e-15,3.33346992155638e-13
"ENSG00000174951.11","FUT1"," protein_coding","chr19",182.808448982461,2.3640471996852,0.336119448432801,8.86319233305201e-14,4.90924055880891e-12
"ENSG00000175063.17","UBE2C"," protein_coding","chr20",1962.04004570868,1.72766933519323,0.310042380961823,1.18272348159836e-09,2.86697824986704e-08
"ENSG00000175065.12","DSG4"," protein_coding","chr18",34.4675323053474,2.17922598172226,0.384291561961149,5.82716391380567e-10,1.525307147696e-08
"ENSG00000175130.7","MARCKSL1"," protein_coding","chr1",12751.4605528769,1.04211850136235,0.241431103786884,8.12672525517989e-07,9.77844679972923e-06
"ENSG00000175161.14","CADM2"," protein_coding","chr3",61.4285253362392,-6.81379221726588,0.60866435690755,1.78973123371229e-30,1.52871306273246e-27
"ENSG00000175287.19","PHYHD1"," protein_coding","chr9",96.7485228859463,-2.06748706953506,0.368957553698305,8.22860425821616e-10,2.06242499624077e-08
"ENSG00000175315.3","CST6"," protein_coding","chr11",8.31513869385423,1.47292460744837,1.04106791775403,0.00238992068148215,0.00992096757635857
"ENSG00000175329.13","ISX"," protein_coding","chr22",3158.01316971416,-2.80669898603008,0.467398864273426,7.77245090318083e-11,2.44218984913304e-09
"ENSG00000175356.14","SCUBE2"," protein_coding","chr11",518.649217410481,-2.41578297242816,0.425557746721105,5.73679493183481e-10,1.50286432524208e-08
"ENSG00000175426.11","PCSK1"," protein_coding","chr5",1376.84192337442,4.17610210535519,0.90560490221302,0.00013224437408831,0.000844459550296746
"ENSG00000175538.11","KCNE3"," protein_coding","chr11",1889.5278469122,1.0641178720814,0.310405276409726,2.19552979750213e-05,0.000176917840534568
"ENSG00000175592.9","FOSL1"," protein_coding","chr11",243.936218209788,2.90336700585485,0.553719666496338,6.45234801122348e-09,1.32887253647393e-07
"ENSG00000175600.16","SUGCT"," protein_coding","chr7",237.445485322579,-2.83660009758616,0.435891307673625,3.26326684403732e-12,1.3737887837064e-10
"ENSG00000175602.4","CCDC85B"," protein_coding","chr11",953.815427097349,1.81813237663157,0.412934368990288,4.30952450889998e-07,5.54853417333898e-06
"ENSG00000175711.8","B3GNTL1"," protein_coding","chr17",208.117552987957,1.52942960863837,0.215142308871849,5.44399345545277e-14,3.17237234429239e-12
"ENSG00000175768.13","TOMM5"," protein_coding","chr9",118.906390611731,1.29070710400304,0.556286580898557,0.000526652230972181,0.00276608093491478
"ENSG00000175792.12","RUVBL1"," protein_coding","chr3",1821.61877479106,1.23315013040939,0.178991189610266,2.57784435413782e-13,1.32391886149692e-11
"ENSG00000175832.13","ETV4"," protein_coding","chr17",2458.32830623915,5.17075104980757,0.418699589797418,2.43853227680526e-36,3.59772184729751e-33
"ENSG00000175877.4","TMEM270"," protein_coding","chr7",6.05289867302424,1.23306299499479,0.555767465406434,0.000667111105576045,0.0033891207176064
"ENSG00000175894.18","TSPEAR"," protein_coding","chr21",31.9784649472331,2.28882025488272,0.897351163908802,0.000273574566863712,0.00156774069407881
"ENSG00000175899.15","A2M"," protein_coding","chr12",17639.3221175522,-1.31865027162393,0.418312480564796,4.3776245200775e-05,0.000321832246144225
"ENSG00000175920.18","DOK7"," protein_coding","chr4",110.636863283584,2.07856540926815,0.346939097998097,8.93053326328486e-11,2.75539209752567e-09
"ENSG00000176014.13","TUBB6"," protein_coding","chr18",1132.17042219816,-1.02213938306222,0.428892592781443,0.000449461026879399,0.00241133983643827
"ENSG00000176022.7","B3GALT6"," protein_coding","chr1",893.665774527576,1.149509023107,0.206922483733713,1.12287836028015e-09,2.74239170940354e-08
"ENSG00000176029.14","C11orf16"," protein_coding","chr11",2.34389044198623,1.20305043479269,0.97770086614379,0.00367625649022612,0.0142204663520152
"ENSG00000176043.5","AC007160.1"," processed_pseudogene","chr14",4.21942386467856,2.90124966322515,1.65947921098242,0.00157953162555308,0.00701538553669974
"ENSG00000176049.16","JAKMIP2"," protein_coding","chr5",31.1597180245144,-1.26587153290768,0.487930396177208,0.000283760923673859,0.00161722408265936
"ENSG00000176124.15","DLEU1"," lncRNA","chr13",215.842755250367,1.14129795297535,0.20083030598977,5.64992765264404e-10,1.48731023316724e-08
"ENSG00000176148.16","TCP11L1"," protein_coding","chr11",470.046804420513,-1.04908615348604,0.208878341877347,2.14509581331267e-08,3.90715599935481e-07
"ENSG00000176170.14","SPHK1"," protein_coding","chr17",291.180691753721,1.28067665139888,0.424388957148898,8.20362247506692e-05,0.000557406695197241
"ENSG00000176194.18","CIDEA"," protein_coding","chr18",19.7688591451576,-6.27335377565573,1.26270590131759,1.97040124447279e-09,4.5166160729589e-08
"ENSG00000176236.6","RPP38-DT"," lncRNA","chr10",5.75599000829836,1.45303997383877,0.479941129789836,9.33219368891368e-05,0.000624158958901216
"ENSG00000176244.7","ACBD7"," protein_coding","chr10",83.9046807687707,1.17007459994386,0.352090909439178,3.0865545254234e-05,0.000237739408605108
"ENSG00000176293.20","ZNF135"," protein_coding","chr19",64.6699341615367,-2.20882353847121,0.354626754733828,2.16398044928362e-11,7.59334891057815e-10
"ENSG00000176343.5","RPL37AP8"," processed_pseudogene","chr11",15.0098482385059,3.59654292725441,1.01904338087582,1.33191281356885e-05,0.000114641278448204
"ENSG00000176402.6","GJC3"," protein_coding","chr7",11.2157654044707,1.5476566960535,0.618151576226962,0.000339079582555839,0.00188520813473748
"ENSG00000176435.7","CLEC14A"," protein_coding","chr14",461.687889114178,-1.03362828505365,0.322737340175058,4.44328154805287e-05,0.000326299582038598
"ENSG00000176438.12","SYNE3"," protein_coding","chr14",496.234800791738,-2.21370565108378,0.324775584718021,3.98663910063361e-13,1.96953321047741e-11
"ENSG00000176472.10","ZNF575"," protein_coding","chr19",277.065756718264,-1.57719075865219,0.404975173118622,3.53935526618927e-06,3.55336817908974e-05
"ENSG00000176490.5","DIRAS1"," protein_coding","chr19",66.3738660358724,-2.72217929854916,0.41975723687129,3.86187910105262e-12,1.58916246725309e-10
"ENSG00000176533.13","GNG7"," protein_coding","chr19",406.04173456956,-1.62566789665563,0.446963064686319,9.42258966878194e-06,8.47432572649832e-05
"ENSG00000176563.10","CNTD1"," protein_coding","chr17",138.491982378517,1.76472003068543,0.572069734392406,6.43018595450954e-05,0.000450682305574327
"ENSG00000176593.8","AC008969.1"," lncRNA","chr19",62.5796997449743,-1.66068773331746,0.538984561083505,6.41897210193737e-05,0.000450090724745481
"ENSG00000176619.13","LMNB2"," protein_coding","chr19",6055.06261731697,1.14392389767561,0.29036379372634,3.48046296230124e-06,3.50073959809029e-05
"ENSG00000176641.11","RNF152"," protein_coding","chr18",1214.85390438484,-3.17237950302672,0.408795605634266,3.61703089069849e-16,3.23420354408517e-14
"ENSG00000176788.9","BASP1"," protein_coding","chr5",634.865983323358,-1.00889952303447,0.436810106259769,0.000537942091064543,0.00281803169654179
"ENSG00000176826.15","FKBP9P1"," transcribed_unprocessed_pseudogene","chr7",96.0764091820805,1.53086974991798,0.690137042815932,0.000649390630890452,0.00331116268433547
"ENSG00000176842.15","IRX5"," protein_coding","chr16",46.5803413082582,4.87959319580656,0.752052962317527,3.4508264584696e-12,1.44153056871308e-10
"ENSG00000176845.13","METRNL"," protein_coding","chr17",2016.79496163746,-1.21071734967692,0.259991640741845,1.34736750222147e-07,2.00150363327709e-06
"ENSG00000176890.16","TYMS"," protein_coding","chr18",356.76422562945,1.03672323257878,0.222632479677041,1.28194837593385e-07,1.91484033069769e-06
"ENSG00000176919.13","C8G"," protein_coding","chr9",138.88044776469,-1.9300058244572,0.545151359098849,1.35870399122264e-05,0.000116607123604189
"ENSG00000177098.9","SCN4B"," protein_coding","chr11",227.689912610701,-2.0589020446892,0.36277956530809,4.97587176571322e-11,1.62809320334193e-09
"ENSG00000177133.11","PRDM16-DT"," lncRNA","chr1",28.9200819587769,-1.38678535983919,0.482187103096971,0.000115732823521337,0.000751140968977313
"ENSG00000177192.14","PUS1"," protein_coding","chr12",1196.48534014277,1.485462988384,0.184811008553546,4.27505067873036e-17,4.59468857384867e-15
"ENSG00000177238.14","TRIM72"," protein_coding","chr16",246.097867229188,6.12032040815804,0.978214724216958,1.52867616121644e-11,5.56253036331425e-10
"ENSG00000177272.9","KCNA3"," protein_coding","chr1",62.3538128099013,-2.01775682293499,0.576710891101109,1.43413500580676e-05,0.000122144198421611
"ENSG00000177363.5","LRRN4CL"," protein_coding","chr11",232.895550232207,-1.58945666090602,0.456421748530063,1.66706871395124e-05,0.000139242707970739
"ENSG00000177410.13","ZFAS1"," lncRNA","chr20",839.786832810586,1.91310008027956,0.233470825991026,1.07885057215037e-17,1.24616839398066e-15
"ENSG00000177426.22","TGIF1"," protein_coding","chr18",3590.84705017213,1.36667194440843,0.246169060052093,1.3087586672365e-09,3.12580491693615e-08
"ENSG00000177453.7","NIM1K"," protein_coding","chr5",17.7961639859112,-1.12299068358852,0.302621044164387,7.2736770218409e-06,6.72809942362246e-05
"ENSG00000177455.15","CD19"," protein_coding","chr16",141.47208414967,-1.66313418671466,0.796009817257032,0.000790855612746025,0.00392501398753983
"ENSG00000177508.12","IRX3"," protein_coding","chr16",61.8086971726596,4.02596359568606,0.802875918498776,2.11143392013298e-08,3.85232839683398e-07
"ENSG00000177599.13","ZNF491"," protein_coding","chr19",48.354507281288,-1.07641600207176,0.332327570473584,4.05352591865038e-05,0.000301074014342229
"ENSG00000177602.5","HASPIN"," protein_coding","chr17",157.132205085785,1.1016292920811,0.2764786710177,2.46339031245061e-06,2.58592246964819e-05
"ENSG00000177674.16","AGTRAP"," protein_coding","chr1",1407.35107246912,1.1627113485247,0.383196647036208,8.63053030098973e-05,0.000583117719628486
"ENSG00000177732.8","SOX12"," protein_coding","chr20",891.21972537314,1.45345973235407,0.376987466487196,4.30750270202589e-06,4.22013047698027e-05
"ENSG00000177788.6","AL162595.1"," lncRNA","chr1",412.53785717994,1.03999791663394,0.281661188011243,8.16722618616525e-06,7.45477580288391e-05
"ENSG00000178031.17","ADAMTSL1"," protein_coding","chr9",395.596291243617,-2.67238856565388,0.302370734423689,4.36939899767762e-20,7.80391671992278e-18
"ENSG00000178075.20","GRAMD1C"," protein_coding","chr3",529.44549988228,-1.13696982197973,0.467927943782224,0.000396212432662925,0.00215993670463104
"ENSG00000178105.11","DDX10"," protein_coding","chr11",1088.51730679213,1.1178249838071,0.139573399309831,5.60803788005117e-17,5.87652773539388e-15
"ENSG00000178146.9","GK4P"," processed_pseudogene","chrX",24.9265663845067,-1.57410662727886,0.613919282135904,0.000303111566098228,0.00171221636136726
"ENSG00000178217.14","SH2D4B"," protein_coding","chr10",1.71741012598638,1.50846531153657,0.989774143789724,0.00324691346194208,0.012825644048645
"ENSG00000178226.11","PRSS36"," protein_coding","chr16",184.880134038882,-2.15016178085362,0.243948507141066,4.83004568311603e-20,8.42868939691292e-18
"ENSG00000178301.4","AQP11"," protein_coding","chr11",188.352544581498,-2.07925989640726,0.231349826792713,3.8059593780891e-06,3.78662856752275e-05
"ENSG00000178403.4","NEUROG2"," protein_coding","chr4",3.85141845070914,4.03562247492658,1.55012514527446,0.000252790985374759,0.00146807833302808
"ENSG00000178404.10","CEP295NL"," protein_coding","chr17",3.02898540758531,-2.81720353897213,0.713901801158721,5.08053997204087e-06,4.88026535698439e-05
"ENSG00000178460.18","MCMDC2"," protein_coding","chr8",83.003053976907,1.12141627092162,0.591986365066514,0.00126536671535094,0.00582671664315447
"ENSG00000178462.12","TUBAL3"," protein_coding","chr10",946.487730821302,-3.08809340539411,0.550498499624924,8.02791743769925e-10,2.02259445064695e-08
"ENSG00000178473.7","UCN3"," protein_coding","chr10",119.45762891449,-3.09722619388823,0.709453422363098,4.70208003154125e-07,5.98275631767016e-06
"ENSG00000178537.10","SLC25A20"," protein_coding","chr3",1627.08870906864,-1.63293259111211,0.30671986140559,4.11041507124356e-09,8.87663688505811e-08
"ENSG00000178538.10","CA8"," protein_coding","chr8",699.883494608867,1.39945841576716,0.676427725310135,0.000916300659526998,0.00444284227070261
"ENSG00000178562.18","CD28"," protein_coding","chr2",111.867128385253,-1.08777191021717,0.484465205607615,0.000610336952542806,0.00314399568411909
"ENSG00000178719.17","GRINA"," protein_coding","chr8",6381.36233925642,1.19854021856352,0.340904908375298,1.71159278771056e-05,0.000142193188388814
"ENSG00000178752.16","ERFE"," protein_coding","chr2",117.25604210054,3.5888884745124,0.758304040828132,8.42424782627198e-08,1.32477827492798e-06
"ENSG00000178773.15","CPNE7"," protein_coding","chr16",476.335978634096,4.88072828118119,0.539920995900431,7.38945036304752e-21,1.55744662262206e-18
"ENSG00000178776.5","C5orf46"," protein_coding","chr5",2.92314366243695,4.55614763753086,1.06151651190879,1.10745533436205e-08,2.14345767696622e-07
"ENSG00000178896.9","EXOSC4"," protein_coding","chr8",922.594043996801,1.60398946548459,0.347949001722755,1.66043885604174e-07,2.40171677314629e-06
"ENSG00000178934.5","LGALS7B"," protein_coding","chr19",2.56813064346377,1.02696495394516,1.14164494706463,0.00446914657784587,0.0167292768566164
"ENSG00000178965.14","ERICH3"," protein_coding","chr1",5.92958531981345,-4.12989534532123,0.785177048175773,3.88272578688544e-09,8.42416534697377e-08
"ENSG00000178977.3","LINC00324"," lncRNA","chr17",171.983749675561,-1.2086730756989,0.311337691235466,3.78035226622777e-06,3.76388570114174e-05
"ENSG00000179031.8","NSA2P3"," processed_pseudogene","chrX",11.6515622601997,2.16167001371519,0.490973593616852,4.13000579888811e-07,5.35778290249042e-06
"ENSG00000179041.4","RRS1"," protein_coding","chr8",1231.43681587419,1.85843335154263,0.306779336024988,6.0249423975001e-11,1.94391232940416e-09
"ENSG00000179058.7","C9orf50"," protein_coding","chr9",10.1912049503607,2.0666922699189,0.559459352967641,9.4960237505506e-06,8.52383680573482e-05
"ENSG00000179066.8","AC020907.1"," lncRNA","chr19",2.7189670680903,2.34006530773367,1.05864350804318,0.000862759237670168,0.00422438366816991
"ENSG00000179144.5","GIMAP7"," protein_coding","chr7",395.941791498726,-1.81572842495718,0.353010263851442,1.03146508973199e-08,2.01197679582457e-07
"ENSG00000179148.10","ALOXE3"," protein_coding","chr17",6.18337249270637,2.19580862347443,0.660507166949459,3.55133679032563e-05,0.000268630364810975
"ENSG00000179163.12","FUCA1"," protein_coding","chr1",7368.51412922694,-1.75687991081361,0.217726150977109,2.93583310422082e-17,3.21929969245944e-15
"ENSG00000179241.13","LDLRAD3"," protein_coding","chr11",325.771722307941,1.37275737314702,0.527964881504378,0.000267041035434471,0.00153681168938512
"ENSG00000179277.9","MEIS3P1"," processed_pseudogene","chr17",123.544013366494,-1.59868033098859,0.471051567456856,2.3285947461484e-05,0.000186115558410453
"ENSG00000179292.5","TMEM151A"," protein_coding","chr11",25.8431277048288,1.30076825062627,1.10662323054087,0.00301314257578687,0.012068186293792
"ENSG00000179314.14","WSCD1"," protein_coding","chr17",983.425131221264,-3.69776266891281,0.570639554853183,3.65109412548153e-12,1.51737788892291e-10
"ENSG00000179431.7","FJX1"," protein_coding","chr11",108.106594615707,2.69042615234116,0.467137022355568,3.5493578180102e-10,9.73015676156884e-09
"ENSG00000179520.11","SLC17A8"," protein_coding","chr12",102.920039640322,-7.53719209924218,0.887617288945214,5.03085703410697e-18,6.18718031839814e-16
"ENSG00000179528.16","LBX2"," protein_coding","chr2",37.6962700851915,1.2467261447181,0.413261991267912,8.28856647466611e-05,0.000562707154642779
"ENSG00000179542.16","SLITRK4"," protein_coding","chrX",15.5221626110002,-2.84681456739086,0.377257729944535,1.19262213819296e-15,9.58171518848199e-14
"ENSG00000179588.9","ZFPM1"," protein_coding","chr16",634.618779375814,1.58301155784044,0.274474995111747,3.53366264208955e-10,9.69531885350317e-09
"ENSG00000179598.6","PLD6"," protein_coding","chr17",113.00086112232,1.13420161350814,0.362433315543935,5.87064854151907e-05,0.000417322624530499
"ENSG00000179639.10","FCER1A"," protein_coding","chr1",99.0600544949241,-2.68541273778322,0.563791332095334,7.00868482683786e-08,1.12395203611415e-06
"ENSG00000179674.4","ARL14"," protein_coding","chr3",953.300735774335,-1.84323201253315,0.448920873630222,1.47274314995817e-06,1.64325531664979e-05
"ENSG00000179698.14","WDR97"," protein_coding","chr8",56.2303615292344,1.91981365210051,0.475109326917275,1.99238376759202e-06,2.13993356480813e-05
"ENSG00000179772.8","FOXS1"," protein_coding","chr20",52.092257265137,1.168421538265,0.546009980227819,0.000790614175492203,0.00392441579876524
"ENSG00000179796.12","LRRC3B"," protein_coding","chr3",8.48236945402464,-4.50419070450569,0.653429919661943,2.80471596225343e-13,1.42912826849014e-11
"ENSG00000179846.10","NKPD1"," protein_coding","chr19",20.88375161976,3.18991388114333,0.450560722165439,6.9315906134861e-14,3.91960920091519e-12
"ENSG00000179862.7","CITED4"," protein_coding","chr1",287.456661143723,1.64789741668155,0.53989885452049,7.34885392008244e-05,0.00050707716951113
"ENSG00000179909.15","ZNF154"," protein_coding","chr19",79.8623475744887,-1.1008584202237,0.349583793834903,5.38807067065111e-05,0.000386824780720929
"ENSG00000179918.19","SEPHS2"," protein_coding","chr16",7028.39232708961,-1.01746905414347,0.305787568833711,2.95526360745821e-05,0.000228876034767069
"ENSG00000179934.7","CCR8"," protein_coding","chr3",10.7195691052972,1.77845577262129,0.521217388634776,2.08376335601937e-05,0.000169002476286048
"ENSG00000179954.16","SSC5D"," protein_coding","chr19",747.789608220823,-1.66864278029568,0.620484596670114,0.000197337060141248,0.00119055135651759
"ENSG00000179981.11","TSHZ1"," protein_coding","chr18",1936.02121107348,-1.01090456721064,0.251891737274255,2.29958423263491e-06,2.42889375277787e-05
"ENSG00000180066.10","LINC02870"," lncRNA","chr10",14.5271209315896,2.87143189448633,0.380352228176322,0.0165649172893662,0.0489631258881929
"ENSG00000180071.20","ANKRD18A"," protein_coding","chr9",62.2328656150137,1.302573050758,0.325227221097347,2.52695691603037e-06,2.64154484961397e-05
"ENSG00000180155.20","LYNX1"," protein_coding","chr8",241.390085296144,-2.65187706884791,0.47204404284712,7.90382715291618e-10,1.99488663864194e-08
"ENSG00000180210.15","F2"," protein_coding","chr11",6.8508791589271,2.27223751146762,0.967806110720465,0.000515154688133221,0.00271266886233421
"ENSG00000180287.17","PLD5"," protein_coding","chr1",5.79774906987389,-4.13027213081603,0.803316708343038,9.57115296825975e-09,1.88165041213673e-07
"ENSG00000180305.5","WFDC10A"," protein_coding","chr20",2.50198841768444,6.8871845064351,2.63286380055793,8.76782006291327e-07,1.04358600514132e-05
"ENSG00000180332.6","KCTD4"," protein_coding","chr13",18.2396783220526,-4.05257271565344,0.583819407692205,3.22062331993823e-13,1.62573859593398e-11
"ENSG00000180340.7","FZD2"," protein_coding","chr17",261.947180710716,1.19963138511549,0.439894872398341,0.000191912679899835,0.00116236271024237
"ENSG00000180353.11","HCLS1"," protein_coding","chr3",1359.1653960634,-1.05699216528621,0.434282969911641,0.000398471396341415,0.00217079298127721
"ENSG00000180438.15","TPRXL"," transcribed_processed_pseudogene","chr3",22.5434480036845,3.5987980856924,0.798692245721604,2.20014043882813e-07,3.06621547288464e-06
"ENSG00000180447.7","GAS1"," protein_coding","chr9",245.447476413515,-1.28301012662231,1.04025893903211,0.00277648923860138,0.0112635030254373
"ENSG00000180537.13","RNF182"," protein_coding","chr6",28.1296171513076,3.40254206882612,0.781356897465538,4.6401107918387e-07,5.91782774387035e-06
"ENSG00000180573.9","H2AC6"," protein_coding","chr6",1610.93069675934,-1.5373850197605,0.303230650937001,1.58871653631003e-08,2.95849462625077e-07
"ENSG00000180596.7","H2BC4"," protein_coding","chr6",41.5378780832313,-1.30691018917157,0.439592109887123,8.71896117834232e-05,0.000588724863587757
"ENSG00000180616.9","SSTR2"," protein_coding","chr17",155.612765210881,-3.39979136843721,0.383294140738098,2.89125293435997e-20,5.36253072819748e-18
"ENSG00000180660.8","MAB21L1"," protein_coding","chr13",22.1118984872101,-3.38409527470654,0.453791950236312,4.12787126686501e-15,3.00409070806961e-13
"ENSG00000180730.5","SHISA2"," protein_coding","chr13",67.1320266685987,2.05955846717944,0.414318952554214,2.70008566695089e-08,4.79952796154939e-07
"ENSG00000180758.12","GPR157"," protein_coding","chr1",787.932207422089,1.06363692671786,0.334277223741425,5.08978204060398e-05,0.000368101928417834
"ENSG00000180817.12","PPA1"," protein_coding","chr10",9087.43200393498,1.07502981887533,0.151159205954473,5.250687985807e-14,3.07629658200945e-12
"ENSG00000180869.4","LINC01555"," lncRNA","chr1",20.8978699456211,2.57473721044762,0.574334923664314,3.07186415180899e-07,4.12180928645788e-06
"ENSG00000180900.20","SCRIB"," protein_coding","chr8",6018.68732537508,1.10076044995926,0.220822149347352,2.72348774693587e-08,4.83582961105276e-07
"ENSG00000180914.10","OXTR"," protein_coding","chr3",50.143213606752,2.34758639660661,0.39007208595111,7.94704907833181e-11,2.48263059657838e-09
"ENSG00000180921.7","FAM83H"," protein_coding","chr8",7289.24775694992,1.36484521119679,0.265617736693412,1.33354375251753e-08,2.53420158777599e-07
"ENSG00000181026.15","AEN"," protein_coding","chr15",1374.14409280714,1.34339092490667,0.199737049253355,7.72715204429836e-13,3.65077002989572e-11
"ENSG00000181035.14","SLC25A42"," protein_coding","chr19",488.211982902931,-1.0995369405549,0.274043591113318,2.25227833245173e-06,2.38513703473795e-05
"ENSG00000181085.15","MAPK15"," protein_coding","chr8",190.186778628043,4.38151658377932,0.531894890510369,8.04669406515213e-18,9.53210204258058e-16
"ENSG00000181092.10","ADIPOQ"," protein_coding","chr3",64.8115003747582,-7.97996148251462,1.09554779362135,5.85462562648658e-10,1.5312605848872e-08
"ENSG00000181195.11","PENK"," protein_coding","chr8",42.1110834636794,-3.62152536791724,1.12438737831529,3.34181514931637e-05,0.000255100273086808
"ENSG00000181218.5","H2AW"," protein_coding","chr1",349.248869339643,1.20052306964283,0.355169179803198,2.65735529066114e-05,0.000208540710890424
"ENSG00000181234.9","TMEM132C"," protein_coding","chr12",61.0570268407272,-4.07530037416575,0.575320387352503,7.93697087009011e-14,4.45088587703842e-12
"ENSG00000181333.12","HEPHL1"," protein_coding","chr11",31.4191237258263,1.13068314123121,1.00060894964969,0.00327834315583819,0.0129309104571875
"ENSG00000181350.12","LRRC75A"," protein_coding","chr17",1637.47960134887,-1.01256940500594,0.361638748541182,0.000154072010962904,0.00096300198956941
"ENSG00000181374.8","CCL13"," protein_coding","chr17",310.279091960637,-3.09316865925107,0.734723737945609,8.3376315808562e-07,1.00008442664978e-05
"ENSG00000181418.8","DDN"," protein_coding","chr12",67.5033475944981,4.61390143950846,0.722143743927575,7.3063026459478e-12,2.83330909536647e-10
"ENSG00000181444.13","ZNF467"," protein_coding","chr7",136.647907751277,-1.24636230071803,0.343764303167267,9.84614370712921e-06,8.80160100374552e-05
"ENSG00000181541.6","MAB21L2"," protein_coding","chr4",401.195519995316,-2.89042421115835,0.684608376338211,8.41217330134821e-07,1.00679321908245e-05
"ENSG00000181544.15","FANCB"," protein_coding","chrX",55.20816773176,1.33720992979493,0.40609954004558,3.29498741262824e-05,0.000251881067920601
"ENSG00000181577.16","C6orf223"," lncRNA","chr6",645.42519815297,3.73600357487929,0.71235891481626,6.19551503307473e-09,1.28085367479962e-07
"ENSG00000181585.7","TMIE"," protein_coding","chr3",16.1575959267914,-1.08132739685617,0.514472305591725,0.000783163384020961,0.00389398240173903
"ENSG00000181588.16","MEX3D"," protein_coding","chr19",1118.42020237002,1.332511450165,0.285976500239892,1.29386443559995e-07,1.92997480931541e-06
"ENSG00000181610.13","MRPS23"," protein_coding","chr17",1713.6246365148,1.03284234258408,0.27192666452868,5.64120248312865e-06,5.36327329224926e-05
"ENSG00000181649.8","PHLDA2"," protein_coding","chr11",978.594422965129,1.1638427185228,0.306452981074546,5.58588960735456e-06,5.31847476900892e-05
"ENSG00000181652.19","ATG9B"," protein_coding","chr7",87.2075381542748,3.11122015201891,0.515387352883366,6.57807519576693e-11,2.09735918177017e-09
"ENSG00000181751.10","MACIR"," protein_coding","chr5",1775.4704971947,-1.54952620962124,0.271193217329289,4.93458222594609e-10,1.31499728973529e-08
"ENSG00000181773.7","GPR3"," protein_coding","chr1",36.748247747641,2.49533444268645,0.445109460464177,9.24304819709302e-10,2.29366099679851e-08
"ENSG00000181781.9","ODF3L2"," protein_coding","chr19",16.2608294454362,2.2396812852521,0.618440010662203,1.02655280085749e-05,9.11873311719549e-05
"ENSG00000181804.15","SLC9A9"," protein_coding","chr3",288.940890390625,-2.17322365178879,0.359815011294545,6.17726082539346e-11,1.98516368188734e-09
"ENSG00000182048.11","TRPC2"," transcribed_unprocessed_pseudogene","chr11",4.16235213108729,-1.22085201281204,0.607048924442167,0.00111098942897173,0.00522010638181303
"ENSG00000182050.13","MGAT4C"," protein_coding","chr12",12.6686973149876,-4.88163588505278,0.634143733082879,1.14968522377055e-15,9.25967319929144e-14
"ENSG00000182057.5","OGFRP1"," lncRNA","chr22",281.531822518865,1.00430374394674,0.184100785607149,2.07824844921908e-09,4.75375533225883e-08
"ENSG00000182118.8","FAM89A"," protein_coding","chr1",228.264434922751,1.43700220157033,0.260413268347785,1.49177009160314e-09,3.51888616520745e-08
"ENSG00000182175.14","RGMA"," protein_coding","chr15",820.92421111632,-1.78361898191778,0.696036596335787,0.000270591600510329,0.00155393881269715
"ENSG00000182199.11","SHMT2"," protein_coding","chr12",4099.5041781659,1.03769699367755,0.164965025234513,1.41606815605014e-11,5.18766819515525e-10
"ENSG00000182240.16","BACE2"," protein_coding","chr21",7114.07805192274,1.79463480309756,0.351298180602365,1.52230607059844e-08,2.85118352218605e-07
"ENSG00000182271.13","TMIGD1"," protein_coding","chr17",3053.32725972843,-8.77902980997392,0.849728958965812,1.19762745456271e-26,6.17025268574545e-24
"ENSG00000182272.12","B4GALNT4"," protein_coding","chr11",375.184120391138,2.91273389109017,0.803127871387485,9.54227627867679e-06,8.55588959815722e-05
"ENSG00000182324.7","KCNJ14"," protein_coding","chr19",52.3415206925589,1.8527306646635,0.300319286356128,2.90760477052503e-11,9.90294183018902e-10
"ENSG00000182352.8","C17orf77"," lncRNA","chr17",88.73017216116,4.44624543172299,0.796598358434625,9.52268185355308e-10,2.35944433284447e-08
"ENSG00000182379.10","NXPH4"," protein_coding","chr12",16.5427742898183,3.61724656656243,0.367973753667377,0.00124497212340945,0.0057448543050361
"ENSG00000182459.5","TEX19"," protein_coding","chr17",4.26996943578887,3.27279470213045,0.881182569526426,1.02037199043515e-05,9.07376275768335e-05
"ENSG00000182472.9","CAPN12"," protein_coding","chr19",162.455507762092,2.10984449148491,0.426554062437655,3.05361760710643e-08,5.34309004266634e-07
"ENSG00000182481.10","KPNA2"," protein_coding","chr17",4227.24754861809,1.51641228604889,0.239401931781812,1.29150829364985e-11,4.76275234971384e-10
"ENSG00000182487.12","NCF1B"," transcribed_unprocessed_pseudogene","chr7",60.6402072644761,-2.18068727604025,0.484480347590497,2.38483456416643e-07,3.30093647265305e-06
"ENSG00000182489.9","XKRX"," protein_coding","chrX",147.150803639172,2.08301309153399,0.338338126362456,3.17293866098959e-11,1.06833239687137e-09
"ENSG00000182492.16","BGN"," protein_coding","chrX",4539.18887601788,1.00024648194845,0.976912364363567,0.00355242317915509,0.0138370996698687
"ENSG00000182578.14","CSF1R"," protein_coding","chr5",2506.8818962996,-1.4576636665594,0.510504361656824,0.000125740929216177,0.000807858091943523
"ENSG00000182580.3","EPHB3"," protein_coding","chr3",6778.8019004057,1.95165472246991,0.360644705311634,2.49435707390143e-09,5.60677575517261e-08
"ENSG00000182584.6","ACTL10"," protein_coding","chr20",11.3426660550247,1.32028786421033,0.368634833635227,1.19499940304776e-05,0.000104266910279904
"ENSG00000182636.8","NDN"," protein_coding","chr15",688.393815438334,-2.0428107920514,0.346751366900958,1.53845926354237e-10,4.51086818211909e-09
"ENSG00000182674.6","KCNB2"," protein_coding","chr8",5.9958038415555,-2.86953010139261,0.584303109233058,1.08273851836758e-07,1.65771352967806e-06
"ENSG00000182747.5","SLC35D3"," protein_coding","chr6",54.05692471072,5.47499511031638,0.634593157239266,3.81436800344417e-07,5.00285746283665e-06
"ENSG00000182798.10","MAGEB17"," protein_coding","chrX",8.11526187518067,5.59677876679098,0.926468682242722,0.000621795632643645,0.0031928876197354
"ENSG00000182841.12","RRP7BP"," transcribed_unprocessed_pseudogene","chr22",192.865254371718,1.35772272952811,0.187841714566542,2.28623619490719e-14,1.45218501789232e-12
"ENSG00000182890.5","GLUD2"," protein_coding","chrX",51.6192706100011,-1.06202230779586,0.239437275079351,3.85133992987711e-07,5.03862956926698e-06
"ENSG00000182912.6","TSPEAR-AS2"," lncRNA","chr21",18.8087785668293,1.71335165841163,1.16225299124512,0.00214399729964554,0.00905175134650037
"ENSG00000182938.7","OTOP3"," protein_coding","chr17",80.9234141572299,-12.5901875011561,3.32053768806028,5.41294608043082e-22,1.38341262896554e-19
"ENSG00000182985.18","CADM1"," protein_coding","chr11",338.925617826427,-1.21783412058361,0.43408714547618,0.000149777307689036,0.000940323375816388
"ENSG00000183010.17","PYCR1"," protein_coding","chr17",2920.58276036254,1.8560121976514,0.358249817022423,9.89677502470733e-09,1.93979181009632e-07
"ENSG00000183018.9","SPNS2"," protein_coding","chr17",1879.36818813223,1.59643934367935,0.362487223359214,4.29775195963695e-07,5.53996954352248e-06
"ENSG00000183034.13","OTOP2"," protein_coding","chr17",1719.74717463685,-10.2843296752377,0.846741560531521,2.65282397312476e-36,3.74371132694275e-33
"ENSG00000183049.13","CAMK1D"," protein_coding","chr10",2206.84322655721,-1.43473314103951,0.364481800805763,2.99693119911087e-06,3.06762512963547e-05
"ENSG00000183091.19","NEB"," protein_coding","chr2",137.029307304147,2.29937981262981,0.746871339428067,6.32565222315181e-05,0.000444700064671998
"ENSG00000183134.5","PTGDR2"," protein_coding","chr11",287.430102513538,-1.79516320382705,0.439812507041108,1.6167188095999e-06,1.78487956197257e-05
"ENSG00000183145.9","RIPPLY3"," protein_coding","chr21",18.8810388612015,2.83401158856793,0.65702846189737,5.69071141446729e-07,7.09600887786321e-06
"ENSG00000183150.8","GPR19"," protein_coding","chr12",23.7687370046694,1.1526372720588,0.423055485089913,0.000186043506229967,0.00113188380978674
"ENSG00000183171.5","BX322650.1"," processed_pseudogene","chrX",8.40794709690338,3.53564176921994,0.73792005464427,8.13463663388894e-08,1.28578093108419e-06
"ENSG00000183199.6","HSP90AB3P"," processed_pseudogene","chr4",57.2378740747866,1.27363933618412,0.622560021365715,0.000937368868038794,0.00452620034495733
"ENSG00000183230.17","CTNNA3"," protein_coding","chr10",45.4797852441711,-4.84778569824446,0.61814883181938,2.43737123724845e-16,2.260348446246e-14
"ENSG00000183239.5","AL109615.1"," processed_pseudogene","chr6",3.69646460001464,2.04420542147887,0.988447432408659,0.000914593251805745,0.00443801282211255
"ENSG00000183248.12","PRR36"," protein_coding","chr19",289.473043101129,4.75986253820134,0.447834576209747,1.10080422006723e-27,6.87113526441197e-25
"ENSG00000183379.9","SYNDIG1L"," protein_coding","chr14",9.39393810561594,-2.59265431514488,0.396762409979981,4.70071382590176e-12,1.9024410144778e-10
"ENSG00000183454.18","GRIN2A"," protein_coding","chr16",26.4812141074336,-4.26865599145259,0.570143862076271,5.59488098350072e-15,3.96503595987918e-13
"ENSG00000183476.12","SH2D7"," protein_coding","chr15",140.800292971944,-4.29541720368166,0.630608006650338,4.79585613163497e-13,2.3478717695416e-11
"ENSG00000183479.12","TREX2"," protein_coding","chrX",19.0187787319702,1.08524273472656,0.389937485045371,0.000162984167115043,0.00101091918521308
"ENSG00000183578.8","TNFAIP8L3"," protein_coding","chr15",225.12845826147,-1.30876830361529,0.496286377451884,0.000238176197027916,0.00139770800996784
"ENSG00000183579.16","ZNRF3"," protein_coding","chr22",1721.82490173714,1.85121287910474,0.232032327429833,7.48279243674025e-17,7.61368266180925e-15
"ENSG00000183580.10","FBXL7"," protein_coding","chr5",284.950040386701,-1.54292037172348,0.370287954216927,1.1464470321643e-06,1.3200204955654e-05
"ENSG00000183638.6","RP1L1"," protein_coding","chr8",7.62489560633608,2.10784067953914,0.672716051602689,6.18881793331017e-05,0.000436498592958239
"ENSG00000183734.4","ASCL2"," protein_coding","chr11",2483.27427153582,3.48621495061159,0.592465462458107,1.74092426697958e-10,5.03626736698958e-09
"ENSG00000183742.13","MACC1"," protein_coding","chr7",1691.55103623998,1.63347490529773,0.305779588199436,8.98223156507083e-16,7.45640082197107e-14
"ENSG00000183779.7","ZNF703"," protein_coding","chr8",8989.13278569936,1.31333605200303,0.174105445803156,1.4300923072618e-15,1.12939017297089e-13
"ENSG00000183798.5","EMILIN3"," protein_coding","chr20",32.3682982184775,-2.49397463774322,0.392307925247174,9.87798355686722e-12,3.71087488760181e-10
"ENSG00000183801.8","OLFML1"," protein_coding","chr11",344.191204834052,-1.54938823530697,0.368942678858926,9.85813391253769e-07,1.15639794193404e-05
"ENSG00000183856.11","IQGAP3"," protein_coding","chr1",1721.78375302651,1.64490541894012,0.264781340599224,2.81089629219443e-11,9.58362099286207e-10
"ENSG00000183914.14","DNAH2"," protein_coding","chr17",120.187936325267,2.58141876201654,0.356157330984668,1.9873305735727e-14,1.27732229221827e-12
"ENSG00000183960.9","KCNH8"," protein_coding","chr3",138.055202212388,2.1832364957057,0.455001543777069,6.42465804297676e-08,1.03902117966587e-06
"ENSG00000183971.10","NPW"," protein_coding","chr16",86.2132781352901,2.44995738258922,0.926509577112764,0.000209769321368361,0.00125646029389183
"ENSG00000184012.13","TMPRSS2"," protein_coding","chr21",12491.9226671352,-1.41867198334894,0.273747564927451,8.91713961665305e-09,1.76268281167676e-07
"ENSG00000184113.9","CLDN5"," protein_coding","chr22",815.224410653395,-2.42804732080941,0.412634812115301,1.61768696601978e-10,4.73034986874506e-09
"ENSG00000184160.8","ADRA2C"," protein_coding","chr4",144.511659056178,1.68609525176582,0.694503056540768,0.000401022101371028,0.00218285684492719
"ENSG00000184162.15","NR2C2AP"," protein_coding","chr19",680.476580775914,1.29533313161896,0.27323632016307,8.72130516570982e-08,1.36553846149836e-06
"ENSG00000184220.12","CMSS1"," protein_coding","chr3",730.777676315102,1.55881719873517,0.165937139122579,2.70254360451174e-22,7.19009510780672e-20
"ENSG00000184226.15","PCDH9"," protein_coding","chr13",52.927165905575,-3.04153707532361,0.536824603711127,7.52875783013642e-10,1.90614993487183e-08
"ENSG00000184292.7","TACSTD2"," protein_coding","chr1",580.664211517918,4.08452956291439,0.662660268500927,2.7066072491039e-11,9.27677487765729e-10
"ENSG00000184347.15","SLIT3"," protein_coding","chr5",1266.86386537989,-3.26241451639467,0.387671610415196,1.71535306517797e-18,2.31024604935878e-16
"ENSG00000184368.16","MAP7D2"," protein_coding","chrX",362.819397412303,2.21498356542205,0.917334731602426,0.000388384169725526,0.00212189418969048
"ENSG00000184428.13","TOP1MT"," protein_coding","chr8",2258.2126367538,2.04070716285478,0.327386927166287,2.25500351876011e-11,7.85331590256605e-10
"ENSG00000184434.8","LRRC19"," protein_coding","chr9",3302.65050603293,-3.35445632705815,0.398058814564703,1.54318124978222e-18,2.10456205905174e-16
"ENSG00000184451.5","CCR10"," protein_coding","chr17",31.2955470474392,-1.46291663529235,0.380449561037975,3.64009203336778e-06,3.64098943664257e-05
"ENSG00000184489.12","PTP4A3"," protein_coding","chr8",1838.96931001191,2.49297777477358,0.602426949118467,1.31925530811543e-06,1.49512530694172e-05
"ENSG00000184524.6","CEND1"," protein_coding","chr11",24.8999523811096,-2.10061534812722,0.478261130437569,4.3622929914996e-07,5.60757647200373e-06
"ENSG00000184544.12","DHRS7C"," protein_coding","chr17",8.10740768857799,-4.01179435680162,0.79093276786768,1.51089994325346e-08,2.83309014200582e-07
"ENSG00000184564.11","SLITRK6"," protein_coding","chr13",1511.07632365281,1.87012406916583,0.985277039643029,0.00114782557986043,0.00535982199267873
"ENSG00000184575.12","XPOT"," protein_coding","chr12",3236.17652129328,1.32111306713703,0.15660751547926,1.5680862654973e-18,2.12957924709252e-16
"ENSG00000184601.11","C14orf180"," protein_coding","chr14",10.4537195950615,-6.98659419391228,1.48942897098114,7.08455122064184e-11,2.23904930398825e-09
"ENSG00000184613.11","NELL2"," protein_coding","chr12",124.732081614849,-2.05266351715755,0.433706049538951,3.39353546458577e-05,0.000258501230015313
"ENSG00000184669.9","OR7E14P"," transcribed_unprocessed_pseudogene","chr11",213.971829926385,-1.05070308008169,0.294362122750866,1.25604122557114e-05,0.000108890454325823
"ENSG00000184809.13","B3GALT5-AS1"," lncRNA","chr21",628.897373194008,-4.82835147504607,0.847498643464964,4.16409275683138e-10,1.13292642666583e-08
"ENSG00000184916.9","JAG2"," protein_coding","chr14",1078.58705204916,1.44341749505489,0.488976701906951,0.000100560724017434,0.000665477339270702
"ENSG00000184937.16","WT1"," protein_coding","chr11",19.603469658596,2.8515912854151,1.58910174160206,0.00112281944156996,0.00526349991832436
"ENSG00000184949.16","FAM227A"," protein_coding","chr22",85.5408270626776,2.77855981797965,0.41810638837246,1.39798259480017e-12,6.31094840918273e-11
"ENSG00000184956.16","MUC6"," protein_coding","chr11",24.3791200788201,1.10679996152563,0.825422418155237,0.00270295691828553,0.0110050897709121
"ENSG00000184967.7","NOC4L"," protein_coding","chr12",1073.27287567583,1.01293326494308,0.190537324915637,4.51219303115465e-09,9.66073624044971e-08
"ENSG00000185008.17","ROBO2"," protein_coding","chr3",246.780869501601,2.59394797238521,0.506801720271196,1.26355625999441e-08,2.41534211348049e-07
"ENSG00000185010.15","F8"," protein_coding","chrX",252.203868519704,-1.06862151235465,0.363275819788786,0.000101229628699463,0.000669187635097182
"ENSG00000185046.18","ANKS1B"," protein_coding","chr12",30.7210959405735,-3.08145697124001,0.604239975311781,1.7171501332078e-08,3.17942150733935e-07
"ENSG00000185070.11","FLRT2"," protein_coding","chr14",320.917413569714,-1.18611005407879,0.596716297143455,0.0010266637086648,0.00487684042965637
"ENSG00000185090.14","MANEAL"," protein_coding","chr1",548.98992926857,2.00950951119067,0.323194272464204,2.16007284537889e-11,7.58784030468702e-10
"ENSG00000185105.5","MYADML2"," protein_coding","chr17",63.9325677532647,3.69184468314427,0.946742026869859,2.9267546894439e-06,3.00432016793074e-05
"ENSG00000185133.14","INPP5J"," protein_coding","chr22",1257.44631522196,-1.33864145458563,0.522599522723034,0.000284631191684302,0.00162079986310335
"ENSG00000185149.6","NPY2R"," protein_coding","chr4",25.5140205560845,-4.7029164511663,0.691422448526771,1.24356751786614e-13,6.78381756216792e-12
"ENSG00000185156.6","MFSD6L"," protein_coding","chr17",199.657869126801,-1.25638582517098,0.551457236618201,0.000567691842737965,0.00295243419829977
"ENSG00000185176.13","AQP12B"," protein_coding","chr2",13.1160099941579,-2.95223142909494,0.487094432435725,8.17970548688089e-11,2.5455117995511e-09
"ENSG00000185238.13","PRMT3"," protein_coding","chr11",737.286496512943,1.10823314014059,0.211030614953739,6.33314077125921e-09,1.30597892727784e-07
"ENSG00000185252.19","ZNF74"," protein_coding","chr22",640.858346708005,1.39024898830893,0.201654643368508,2.47247899912322e-13,1.2758620564951e-11
"ENSG00000185269.12","NOTUM"," protein_coding","chr17",1910.23733121999,9.15141485629547,0.855111827189666,3.42434883181443e-28,2.4699447640674e-25
"ENSG00000185272.14","RBM11"," protein_coding","chr21",45.4194560612479,1.43971948751443,0.576943873531871,0.00034506999531355,0.00191359677223427
"ENSG00000185274.12","GALNT17"," protein_coding","chr7",98.8659431088878,-2.125768291115,0.534368448365006,2.45079282281181e-06,2.57353068401248e-05
"ENSG00000185275.6","CD24P4"," processed_pseudogene","chrY",20.1180586520655,-1.37158126904931,0.630918694191496,0.000710754994682344,0.00358113716507289
"ENSG00000185290.4","NUPR2"," protein_coding","chr7",7.10788123809981,-3.59523923570973,0.640322926224804,8.97700785276139e-10,2.23447638715436e-08
"ENSG00000185332.8","TMEM105"," lncRNA","chr17",52.5494328365509,1.60253790979065,0.438223157956314,9.17390281624145e-06,8.27359093107988e-05
"ENSG00000185339.9","TCN2"," protein_coding","chr22",2615.77733818569,-1.90041813756831,0.381947075484103,2.56757024657905e-08,4.58962372198351e-07
"ENSG00000185345.23","PRKN"," protein_coding","chr6",131.299269436775,-1.45397640138604,0.297663682014682,4.29815011094593e-08,7.24347644346225e-07
"ENSG00000185432.12","METTL7A"," protein_coding","chr12",5751.11704474401,-2.49958705544789,0.299293936984833,2.98650994991792e-18,3.80141725311513e-16
"ENSG00000185479.6","KRT6B"," protein_coding","chr12",61.1909777319494,3.47153510592355,0.843631976679253,1.30216792486064e-06,1.47885817022837e-05
"ENSG00000185480.12","PARPBP"," protein_coding","chr12",308.36095831997,1.12886454506161,0.266176296012004,8.62916411604726e-07,1.02934733141735e-05
"ENSG00000185518.12","SV2B"," protein_coding","chr15",73.9504986402528,-3.21044476443318,0.521139447748969,2.80500333845863e-11,9.57532206932632e-10
"ENSG00000185519.9","FAM131C"," protein_coding","chr1",20.3986016277759,2.58180224391218,0.699261852254498,7.6542766120591e-06,7.04202126627592e-05
"ENSG00000185527.12","PDE6G"," protein_coding","chr17",24.365372081359,-1.32888746819562,0.503374910994666,0.000203679618738024,0.00122494590791158
"ENSG00000185561.10","TLCD2"," protein_coding","chr17",1247.80541358404,-1.42116807358133,0.308085538188158,1.55342688241666e-07,2.26611819098787e-06
"ENSG00000185630.19","PBX1"," protein_coding","chr1",2711.80594615632,-1.2748751993409,0.296157520302627,6.38655255890004e-07,7.87593932206601e-06
"ENSG00000185760.17","KCNQ5"," protein_coding","chr6",21.4838702464,-2.40829853245105,0.403586678115173,1.03960596150181e-10,3.1536009624697e-09
"ENSG00000185774.16","KCNIP4"," protein_coding","chr4",27.7156150218229,-3.08491514885306,0.548115073456941,1.18952258445452e-09,2.87915913842094e-08
"ENSG00000185803.12","SLC52A2"," protein_coding","chr8",3484.91034291477,1.17269708079156,0.288608446316991,2.20055338155819e-06,2.33896604354164e-05
"ENSG00000185811.19","IKZF1"," protein_coding","chr7",622.482693726125,-1.40812140815761,0.482200233409357,0.000105174422482768,0.00069188313841623
"ENSG00000185818.8","NAT8L"," protein_coding","chr4",37.5563063136219,-1.91097975304104,0.606063385166735,5.21460915668395e-05,0.000376040399928122
"ENSG00000185838.14","GNB1L"," protein_coding","chr22",298.189075533612,1.66181212116017,0.238211435879748,1.32036798085137e-13,7.16809104455713e-12
"ENSG00000185842.15","DNAH14"," protein_coding","chr1",166.436849722193,1.41187321763671,0.253983913251124,1.15881013966787e-09,2.81859100439437e-08
"ENSG00000185862.7","EVI2B"," protein_coding","chr17",472.861126943774,-1.47928286021394,0.371573431698478,2.48234213802463e-06,2.59993098147801e-05
"ENSG00000185869.15","ZNF829"," protein_coding","chr19",56.440346986281,-1.9643215455075,0.392433878495649,2.21613969121506e-08,4.02526368760259e-07
"ENSG00000185885.16","IFITM1"," protein_coding","chr11",4303.58108229751,1.83179167710712,0.429723028673281,8.37406491071842e-07,1.00371269893685e-05
"ENSG00000185900.11","POMK"," protein_coding","chr8",1403.94316020263,1.04907773778825,0.220527722631984,8.51725713848881e-08,1.33810809390644e-06
"ENSG00000185942.13","NKAIN3"," protein_coding","chr8",41.984093002933,-1.35304118305703,0.462419675273574,0.000106891625353401,0.00070189932747738
"ENSG00000185985.11","SLITRK2"," protein_coding","chrX",13.9238628808748,-3.69768360492193,0.546286428679335,5.75116230988619e-13,2.77784562878402e-11
"ENSG00000185988.15","PLK5"," protein_coding","chr19",6.0853795375744,1.34565818377482,0.978086549503162,0.00275226959795819,0.0111792224515739
"ENSG00000186007.10","LEMD1"," protein_coding","chr1",63.6192569606277,5.23131014716557,0.872794330479064,8.17327256332203e-11,2.5455117995511e-09
"ENSG00000186010.19","NDUFA13"," protein_coding","chr19",96.9903740149641,1.53678754011473,0.493760961865255,5.86039524379498e-05,0.00041677631205762
"ENSG00000186038.9","HTR3E"," protein_coding","chr3",33.3353813440283,-4.05309957548913,0.843474520838411,8.65600952495408e-08,1.35662364635905e-06
"ENSG00000186094.17","AGBL4"," protein_coding","chr1",14.4354398728404,1.13007999183931,1.62481374331622,0.00399883975842651,0.0152861077469094
"ENSG00000186160.5","CYP4Z1"," protein_coding","chr1",2.15015258478373,2.08269703272481,1.04340809167365,0.0016021243972582,0.00710115440204924
"ENSG00000186185.14","KIF18B"," protein_coding","chr17",644.720979258015,1.6098651530062,0.236929397023062,5.6059144062986e-13,2.71172533233443e-11
"ENSG00000186193.9","SAPCD2"," protein_coding","chr9",1346.50965943976,1.98503419256886,0.305836843646728,3.79417047652908e-12,1.57080593529567e-10
"ENSG00000186198.4","SLC51B"," protein_coding","chr15",1622.12087343739,-5.06798443802588,0.494881899952293,5.86115802693222e-26,2.7497036591133e-23
"ENSG00000186204.15","CYP4F12"," protein_coding","chr19",1769.0616869871,-1.6723532153235,0.397805438200575,9.91808884133205e-07,1.16217085780489e-05
"ENSG00000186231.17","KLHL32"," protein_coding","chr6",189.115893346421,1.9401970578485,0.712995761248048,0.000183483050486528,0.00111960894653249
"ENSG00000186265.10","BTLA"," protein_coding","chr3",48.3281684867523,-1.78011815848503,0.43449827084443,1.45390062330377e-06,1.62502432614304e-05
"ENSG00000186281.12","GPAT2"," protein_coding","chr2",50.1880930035271,-1.48583557069974,0.439248133396454,2.35859774898093e-05,0.000188096721711113
"ENSG00000186377.8","CYP4X1"," protein_coding","chr1",203.570408639508,2.22875182656841,0.502365168069963,3.56258170949307e-07,4.70440509059097e-06
"ENSG00000186416.17","NKRF"," protein_coding","chrX",462.028932658048,1.35256989753856,0.156989527570228,3.29310424984573e-19,5.0657619782698e-17
"ENSG00000186417.14","GLDN"," protein_coding","chr15",240.503932651397,-3.1155497476791,0.551810099619935,6.43068104227375e-10,1.66433140611549e-08
"ENSG00000186439.14","TRDN"," protein_coding","chr6",3.35667421469302,-3.99283354034645,0.787021028091153,0.00270512525326921,0.011012536745342
"ENSG00000186451.2","SPATA12"," protein_coding","chr3",33.4496811805404,3.58837594975845,0.37916981457798,1.38615366109821e-22,3.8786013389591e-20
"ENSG00000186462.9","NAP1L2"," protein_coding","chrX",85.3680729574604,-4.0671959258498,0.369791011670516,3.22932581385567e-29,2.55652334795432e-26
"ENSG00000186469.8","GNG2"," protein_coding","chr14",632.148234574924,-2.04901182931959,0.294504772549531,1.46944026865824e-13,7.89653845034921e-12
"ENSG00000186474.15","KLK12"," protein_coding","chr19",199.014225692546,2.95229032627991,0.851741330478519,1.67011417191381e-05,0.000139457471563217
"ENSG00000186526.13","CYP4F8"," protein_coding","chr19",6.14866627093683,2.10100571091159,1.23326343536575,0.00152228143469726,0.00680006879070539
"ENSG00000186648.15","CARMIL3"," protein_coding","chr14",126.247370341389,1.63640747983198,0.445402919352824,8.68037338467488e-06,7.87224250683926e-05
"ENSG00000186675.7","MAGEE2"," protein_coding","chrX",4.87555164636916,-3.86019253976957,0.673843069080526,2.96904937514796e-10,8.24374718721577e-09
"ENSG00000186684.14","CYP27C1"," protein_coding","chr2",24.309859540255,-2.01656053893413,0.387456524983924,7.12118064700481e-09,1.45096849617377e-07
"ENSG00000186710.11","CFAP73"," protein_coding","chr12",13.7577632333715,1.50725255203015,0.62913533886391,0.000438442045735112,0.00235846070939182
"ENSG00000186715.11","MST1L"," transcribed_unprocessed_pseudogene","chr1",65.5553121124082,-1.9702768992357,0.456098448118774,6.31946976770321e-07,7.80507419026297e-06
"ENSG00000186792.17","HYAL3"," protein_coding","chr3",138.651234388076,1.25290957091085,0.361186212950851,1.87553549048764e-05,0.000153921949305304
"ENSG00000186832.9","KRT16"," protein_coding","chr17",41.2365149045242,2.0590149421139,1.77679969868159,0.00248295822318234,0.0102548714920556
"ENSG00000186871.7","ERCC6L"," protein_coding","chrX",226.286298203878,1.26608353189332,0.443813912915256,0.000135238568470222,0.000860869475467044
"ENSG00000186907.8","RTN4RL2"," protein_coding","chr11",40.3525702866402,1.80681912668697,0.573632673876116,5.20773107598133e-05,0.000375711347553239
"ENSG00000186912.6","P2RY4"," protein_coding","chrX",36.2278567205676,-4.47475027937255,0.681926568878163,4.69174476905451e-12,1.90118166933797e-10
"ENSG00000186973.11","FAM183A"," protein_coding","chr1",21.4430548226682,1.61841846233263,0.992077387116581,0.00180288435905237,0.00782327164152031
"ENSG00000187013.4","LINC02875"," lncRNA","chr17",12.3236612220492,1.98593453500055,0.59458373423734,3.08217534260029e-05,0.00023756780765062
"ENSG00000187024.15","PTRH1"," protein_coding","chr9",2.22725344742891,1.80490195697914,0.939906988521174,0.00163806483154127,0.00723378344247166
"ENSG00000187091.14","PLCD1"," protein_coding","chr3",2224.11076352248,-1.96173955080123,0.350847665316867,9.27622154440095e-10,2.30013444528775e-08
"ENSG00000187097.13","ENTPD5"," protein_coding","chr14",7302.60115452785,-2.97738513111573,0.284920985475127,6.7586864326663e-27,3.59628597100791e-24
"ENSG00000187109.15","NAP1L1"," protein_coding","chr12",9968.89886174077,1.08846714304867,0.175635353371281,1.87983617077176e-11,6.68299259922343e-10
"ENSG00000187140.6","FOXD3"," protein_coding","chr1",15.5053458685553,-4.2530209162314,0.706926958291476,7.99798132508157e-11,2.49613921009132e-09
"ENSG00000187151.7","ANGPTL5"," protein_coding","chr11",6.31392628513582,-3.66577574111314,0.75615981669496,6.13809144662388e-08,9.97647331870395e-07
"ENSG00000187239.17","FNBP1"," protein_coding","chr9",2358.75317800613,-1.89831631423914,0.28344759000011,8.53995874546765e-13,3.98267687811579e-11
"ENSG00000187244.12","BCAM"," protein_coding","chr19",1248.27546099849,-1.06955735460294,0.277508447339374,4.55855465586041e-06,4.44729687465937e-05
"ENSG00000187258.14","NPSR1"," protein_coding","chr7",62.3020095864423,4.26527246386185,1.06963591071353,2.04465153388707e-06,2.18832604942746e-05
"ENSG00000187260.16","WDR86"," protein_coding","chr7",47.7717323635182,-1.44042995124523,0.394443571902532,9.45952717413343e-06,8.4957756784179e-05
"ENSG00000187416.12","LHFPL3"," protein_coding","chr7",37.2208481318048,-1.22093789699868,0.713600423173436,0.00171977464765285,0.00754636278403626
"ENSG00000187486.5","KCNJ11"," protein_coding","chr11",169.414899973331,1.49515159545907,0.298130964069213,2.3442799001115e-08,4.21788453424717e-07
"ENSG00000187535.14","IFT140"," protein_coding","chr16",1285.13425323289,1.0561586454778,0.337429520433195,6.0520353241082e-05,0.000428620908902256
"ENSG00000187556.7","NANOS3"," protein_coding","chr19",34.1204724773305,3.0425475531298,0.751382529520414,1.81132336468418e-06,1.96891941630673e-05
"ENSG00000187583.11","PLEKHN1"," protein_coding","chr1",106.306828832494,3.18708799339059,0.353721664786255,9.26810224013828e-21,1.86847243795285e-18
"ENSG00000187658.7","C5orf52"," protein_coding","chr5",65.3412979656092,-1.65911588390687,0.427404926985044,3.667303105757e-06,3.6625638217434e-05
"ENSG00000187699.10","C2orf88"," protein_coding","chr2",2672.21705469932,-3.36042172204196,0.445094639590112,1.88832819209406e-15,1.46981670165441e-13
"ENSG00000187714.7","SLC18A3"," protein_coding","chr10",8.82992592819587,-6.55218253658009,1.49136819546826,4.13156567529514e-10,1.12501978765713e-08
"ENSG00000187720.14","THSD4"," protein_coding","chr15",1316.52004708557,-1.04915007141055,0.387423453775026,0.000198195016384826,0.00119528313671845
"ENSG00000187730.9","GABRD"," protein_coding","chr1",27.163004663788,2.43998319219774,0.36969947142989,1.91365518523006e-12,8.38237786804281e-11
"ENSG00000187736.13","NHEJ1"," protein_coding","chr2",545.049350984119,-1.16528215115403,0.290996942716456,2.32303367286391e-06,2.45206591719729e-05
"ENSG00000187783.12","TMEM72"," protein_coding","chr10",576.082563994416,-5.45987929483554,0.613116219470748,1.84616086590355e-20,3.52486408149985e-18
"ENSG00000187801.15","ZFP69B"," protein_coding","chr1",72.5845551634804,1.08800512698243,0.325816114482421,2.93960256305224e-05,0.000227880630502865
"ENSG00000187837.4","H1-2"," protein_coding","chr6",1289.62928777987,-2.28486703512822,0.373730545816034,3.91644499715849e-11,1.29714256854868e-09
"ENSG00000187840.5","EIF4EBP1"," protein_coding","chr8",1923.822276311,1.26994799118168,0.325982504297586,4.02795618363854e-06,3.97384200025957e-05
"ENSG00000187867.10","PALM3"," protein_coding","chr19",61.7679840943545,2.90854056911278,0.462502714118776,0.000168197018147227,0.00103789711312218
"ENSG00000187961.14","KLHL17"," protein_coding","chr1",221.934258672491,1.3086355046544,0.237977568908343,1.65777584951159e-09,3.87387246389108e-08
"ENSG00000188013.6","MEIS3P2"," processed_pseudogene","chr17",12.8593540759684,-1.54990526961205,0.301262512419335,1.35758406961535e-08,2.57686922406871e-07
"ENSG00000188015.10","S100A3"," protein_coding","chr1",35.3294549195166,1.11812625210076,0.760776998470933,0.00231997353229969,0.00967370175002519
"ENSG00000188060.7","RAB42"," protein_coding","chr1",123.134101437167,-1.40646125585476,0.432854406813641,3.65760966329432e-05,0.000275843264219658
"ENSG00000188064.10","WNT7B"," protein_coding","chr22",9.05932410295939,3.92274921641446,0.647966960041226,6.91494675569355e-11,2.19613837374072e-09
"ENSG00000188158.16","NHS"," protein_coding","chrX",400.589327794175,1.05639851101138,0.377516128678391,0.000160725428461528,0.00099862671458734
"ENSG00000188290.11","HES4"," protein_coding","chr1",181.058137079847,1.43739128221111,0.302475893459897,7.83284003776613e-08,1.24321917821913e-06
"ENSG00000188322.8","SBK1"," protein_coding","chr16",208.516326192799,1.5344941868864,0.55267342972045,0.000166933837548924,0.00103167145833263
"ENSG00000188343.13","CIBAR1"," protein_coding","chr8",573.695196634035,1.62796656052868,0.35673173699031,2.12872307418104e-07,2.97434754807439e-06
"ENSG00000188368.10","PRR19"," protein_coding","chr19",34.2995905127497,1.52783518697948,0.379775412839333,2.00965532740892e-06,2.15563095231456e-05
"ENSG00000188372.15","ZP3"," protein_coding","chr7",317.942687883632,1.42715211849477,0.357614259128146,2.55540391618809e-06,2.66612987179792e-05
"ENSG00000188373.5","C10orf99"," protein_coding","chr10",6290.01473185754,-1.90572104983656,0.549585376170845,1.74109298945077e-05,0.000144164276152023
"ENSG00000188483.8","IER5L"," protein_coding","chr9",270.828589459446,1.50344868583163,0.378583078294317,2.7808039742323e-06,2.86993117315205e-05
"ENSG00000188486.3","H2AX"," protein_coding","chr11",2773.28375337185,1.09832189710734,0.311589446277036,1.73321726285334e-05,0.000143585415818514
"ENSG00000188488.14","SERPINA5"," protein_coding","chr14",66.4679690330874,-1.85898160340435,0.484371280827492,4.56422596131232e-06,4.45145497140268e-05
"ENSG00000188730.5","VWC2"," protein_coding","chr7",26.6725725519396,-2.56875174920703,0.562993032798987,1.98989631315674e-07,2.80573651313821e-06
"ENSG00000188761.13","BCL2L15"," protein_coding","chr1",3546.36386457151,-1.02251210760416,0.336882676709366,8.51708479358145e-05,0.000576653187797386
"ENSG00000188763.5","FZD9"," protein_coding","chr7",68.7456985911916,2.21932375535618,0.825118759837726,0.000196237686955243,0.00118479963601065
"ENSG00000188783.6","PRELP"," protein_coding","chr1",1875.01511735157,-2.67628346039556,0.662121742711315,1.85668950326661e-06,2.0128399431205e-05
"ENSG00000188828.12","GLRA4"," protein_coding","chrX",107.742514686982,-2.48055055912309,0.464023631715485,3.58713113195491e-09,7.81941586843469e-08
"ENSG00000188848.16","BEND4"," protein_coding","chr4",26.1134276050345,-2.38562054928519,0.540809661763268,3.29613158060177e-07,4.39186530554895e-06
"ENSG00000188878.19","FBF1"," protein_coding","chr17",117.326866976106,1.16090126590265,0.20764159397144,9.65387214404743e-10,2.39012495844006e-08
"ENSG00000188883.5","KLRG2"," protein_coding","chr7",61.9866652166074,3.91594071995208,1.13582171801695,1.57876221928544e-05,0.000132987506251302
"ENSG00000188906.16","LRRK2"," protein_coding","chr12",205.737456426349,-1.84383503767544,0.362135604874883,1.3872073207609e-08,2.62236314602547e-07
"ENSG00000188916.9","INSYN2A"," protein_coding","chr10",9.39331936174455,-1.73547771667115,0.404696324529408,8.31222956818569e-07,9.97406089922999e-06
"ENSG00000188921.14","HACD4"," protein_coding","chr9",338.428283684906,-1.43846859579414,0.331305030658978,5.30500421766271e-07,6.64825586474503e-06
"ENSG00000188993.3","LRRC66"," protein_coding","chr4",677.988371259788,-1.25751990920163,0.42650041336094,9.87263390648715e-05,0.000654906910559493
"ENSG00000189007.16","ADAT2"," protein_coding","chr6",481.205066909129,1.23363023774346,0.289518997988008,8.43724421618388e-07,1.00904964174243e-05
"ENSG00000189046.11","ALKBH2"," protein_coding","chr12",535.574338206666,1.40492928305696,0.161593810430718,1.60848264755389e-19,2.59741939175643e-17
"ENSG00000189056.14","RELN"," protein_coding","chr7",193.179280837407,-2.29721550594352,0.630772758948212,9.18910646724009e-06,8.28500049204664e-05
"ENSG00000189057.11","FAM111B"," protein_coding","chr11",666.508218372636,1.16386396464178,0.296250328869951,3.58364359519015e-06,3.59116714457184e-05
"ENSG00000189077.11","TMEM120A"," protein_coding","chr7",2680.80825694572,-1.46025925763941,0.333502260660978,4.95929906125623e-07,6.25851201128518e-06
"ENSG00000189129.14","PLAC9"," protein_coding","chr10",214.684556065253,-2.85669758564105,0.211276207241801,6.71608130124356e-43,1.98173242614331e-39
"ENSG00000189221.10","MAOA"," protein_coding","chrX",13489.2106985537,-2.03468436444614,0.446819135188001,1.96033253641659e-07,2.76765869799955e-06
"ENSG00000189280.3","GJB5"," protein_coding","chr1",95.6259171313534,3.57889370738742,0.772999252102943,1.36371799463705e-07,2.02116706255385e-06
"ENSG00000189292.16","ALKAL2"," protein_coding","chr2",66.9885486011353,-1.68698478855798,0.554984863783548,7.38257815381444e-05,0.000509079502265793
"ENSG00000189343.7","RPS2P46"," processed_pseudogene","chr17",410.0945866486,1.26743751529772,0.467028750744305,0.000198584512338184,0.00119714205595719
"ENSG00000189366.9","ALG1L"," protein_coding","chr3",44.8850321274577,1.76953458631034,0.632755690359455,0.000156846202641361,0.000977518057859696
"ENSG00000189376.12","C8orf76"," protein_coding","chr8",147.665843842798,1.03165739771336,0.291448398397843,1.39963584999017e-05,0.000119650220157061
"ENSG00000189377.9","CXCL17"," protein_coding","chr19",12.0584297746351,1.86229378555054,1.50068197327878,0.00254272220998383,0.0104655944067531
"ENSG00000189431.8","RASSF10"," protein_coding","chr11",190.621166872668,1.32642925677806,1.03043963021749,0.0027339001892018,0.0111152136253462
"ENSG00000189433.7","GJB4"," protein_coding","chr1",45.626486486607,3.62506024341583,0.577030770940201,1.31143099124166e-11,4.82612552309769e-10
"ENSG00000196109.9","ZNF676"," protein_coding","chr19",6.0040431007373,-3.70694143973154,0.65392458578023,1.20041447710937e-09,2.89688127122795e-08
"ENSG00000196118.12","CCDC189"," protein_coding","chr16",12.1391958619984,1.16138447815026,0.332118468229595,1.57200634047759e-05,0.000132461531150627
"ENSG00000196155.13","PLEKHG4"," protein_coding","chr16",1360.28881468611,2.18036552578843,0.251192192446401,1.86431532465787e-19,2.96627190234045e-17
"ENSG00000196187.12","TMEM63A"," protein_coding","chr1",6467.55887439066,1.21110603200889,0.25992757069728,1.35754729305371e-07,2.01386968523786e-06
"ENSG00000196196.3","HRCT1"," protein_coding","chr9",666.062194043956,-2.13128099550676,0.680406874997211,5.15916689228257e-05,0.000372621804605491
"ENSG00000196218.13","RYR1"," protein_coding","chr19",60.684828112167,-2.13416736745018,0.431815029322857,2.6856328637264e-08,4.77645323237433e-07
"ENSG00000196236.13","XPNPEP3"," protein_coding","chr22",748.472545611471,1.2155410468146,0.166528462432724,1.31426955233904e-14,8.77748171395485e-13
"ENSG00000196260.5","SFTA2"," protein_coding","chr6",23.2864253379823,5.47238167531919,0.715772045555148,2.21814774022292e-15,1.70204821163489e-13
"ENSG00000196263.8","ZNF471"," protein_coding","chr19",108.07996008236,-2.27024534239724,0.474405302886578,6.30062915307859e-08,1.02099760883986e-06
"ENSG00000196305.18","IARS1"," protein_coding","chr9",5354.87388452994,1.14845919248223,0.177429342324914,4.4286837240404e-12,1.80133103151508e-10
"ENSG00000196335.13","STK31"," protein_coding","chr7",43.7797473208262,4.29113985907284,0.465830572938264,1.31699529318268e-08,2.50568776237535e-07
"ENSG00000196352.16","CD55"," protein_coding","chr1",5669.60679014092,1.46365093096754,0.530704423614518,0.000184970175758157,0.00112598686510845
"ENSG00000196353.11","CPNE4"," protein_coding","chr3",16.9987293238748,-2.22474971049854,0.573921679218089,3.38457934136963e-06,3.41913091385544e-05
"ENSG00000196361.10","ELAVL3"," protein_coding","chr19",12.050226119775,-3.97349840247772,0.663188390231567,3.05620016482163e-10,8.44958645228113e-09
"ENSG00000196366.3","C9orf163"," lncRNA","chr9",16.8716041495362,1.23679464981653,0.423913597310528,0.000114058949768909,0.000741760246764023
"ENSG00000196376.11","SLC35F1"," protein_coding","chr6",53.8462814025574,-2.30311842159768,0.540246364935442,7.31324501684347e-07,8.89371700100058e-06
"ENSG00000196411.10","EPHB4"," protein_coding","chr7",5326.1037729892,1.44445407881215,0.191334798274151,2.45250967157892e-15,1.86788240078238e-13
"ENSG00000196420.7","S100A5"," protein_coding","chr1",14.829563067338,1.67961727350753,0.609684879846737,0.000180237304729103,0.00110234453305016
"ENSG00000196421.8","C20orf204"," protein_coding","chr20",23.5721028321728,3.92566382098295,0.354803541428418,0.00325329715561071,0.0128414835311702
"ENSG00000196460.14","RFX8"," protein_coding","chr2",3.46315723950379,1.95950859480285,0.631838160622769,8.72690414887882e-05,0.000589138633245235
"ENSG00000196497.17","IPO4"," protein_coding","chr14",32.6232636146367,3.69471378868066,0.76293033102595,4.91280991408738e-08,8.15235093003314e-07
"ENSG00000196502.12","SULT1A1"," protein_coding","chr16",1615.11215361845,-2.35930297593717,0.393389614350198,8.32768135613327e-11,2.58907932430434e-09
"ENSG00000196510.12","ANAPC7"," protein_coding","chr12",1482.86002918281,1.01006371737016,0.171297461110011,1.62363446376449e-10,4.7434678150196e-09
"ENSG00000196584.3","XRCC2"," protein_coding","chr7",212.75573518193,1.74825357122384,0.239875793021154,1.44314647018727e-14,9.52066018888994e-13
"ENSG00000196611.5","MMP1"," protein_coding","chr11",1564.49460316796,4.10056868063244,0.696641700558585,1.64732226467843e-10,4.79540682214642e-09
"ENSG00000196660.11","SLC30A10"," protein_coding","chr1",925.427866187904,-6.7019129474062,0.8728669341288,5.41608034060306e-16,4.68787028520784e-14
"ENSG00000196711.9","ALKAL1"," protein_coding","chr8",50.2552460122511,3.61140475422834,0.820006052174004,3.72125941414749e-07,4.89402909499186e-06
"ENSG00000196739.15","COL27A1"," protein_coding","chr9",607.815591899208,1.42618788481516,0.476984033491963,9.2877397830994e-05,0.000621954730513391
"ENSG00000196747.4","H2AC13"," protein_coding","chr6",19.2325987540193,-2.31826831447614,0.469564425168531,2.75872209091918e-08,4.89036600912369e-07
"ENSG00000196754.13","S100A2"," protein_coding","chr1",113.766974326503,3.20991154160991,0.325380802599929,2.27107758390015e-24,8.57146932770128e-22
"ENSG00000196756.13","SNHG17"," lncRNA","chr20",1212.99099057579,1.94728503322319,0.25671421039482,1.46991389940493e-15,1.15521707861707e-13
"ENSG00000196793.14","ZNF239"," protein_coding","chr10",180.269866990148,1.73325885490504,0.322977095772028,3.37400850644726e-09,7.37962049206638e-08
"ENSG00000196917.6","HCAR1"," protein_coding","chr12",73.9286572067971,3.80344657917087,0.789680369017999,5.64717379550634e-08,9.25737207346185e-07
"ENSG00000196924.19","FLNA"," protein_coding","chrX",42624.7550697133,-1.57252207007984,0.570010279236535,0.000163482278374418,0.00101356255039271
"ENSG00000196950.14","SLC39A10"," protein_coding","chr2",1086.31704952289,1.91183750806869,0.198516038790148,2.81135540604894e-23,9.21727007773096e-21
"ENSG00000197083.11","ZNF300P1"," transcribed_unprocessed_pseudogene","chr5",22.3398065188106,-2.11638366356727,0.404559743939567,6.89856982919871e-09,1.41538419416012e-07
"ENSG00000197085.11","NPSR1-AS1"," lncRNA","chr7",8.92038699469631,5.05841391059112,1.0041893076961,2.84620294897968e-08,5.03444443149768e-07
"ENSG00000197106.7","SLC6A17"," protein_coding","chr1",11.6429978251004,-1.32230861001878,0.689849372737068,0.00133598002007345,0.0060963362141915
"ENSG00000197119.13","SLC25A29"," protein_coding","chr14",839.339597032186,1.49928772902981,0.292426290717051,1.30557852126861e-08,2.48542332218983e-07
"ENSG00000197128.12","ZNF772"," protein_coding","chr19",117.547857637111,-1.24307783578304,0.487695342180402,0.000297604132609352,0.00168521195677501
"ENSG00000197140.15","ADAM32"," protein_coding","chr8",125.732603568788,1.30319246582062,0.607317865144176,0.000768733754869092,0.00383339379559702
"ENSG00000197165.11","SULT1A2"," protein_coding","chr16",92.2369361663813,-3.7928279562212,0.665299486241773,5.68112830424634e-10,1.49189370954068e-08
"ENSG00000197168.13","NEK5"," protein_coding","chr13",91.5222361628073,2.24792127462745,0.385787271516181,2.41096865250236e-10,6.79888970659615e-09
"ENSG00000197191.6","CYSRT1"," protein_coding","chr9",22.2386117584099,1.7911824152872,0.374476748783291,7.5822859535912e-08,1.20699282727642e-06
"ENSG00000197245.6","FAM110D"," protein_coding","chr1",75.9525222424139,-1.3192527949968,0.469035151692025,0.000139114036895573,0.000882297460021772
"ENSG00000197253.13","TPSB2"," protein_coding","chr16",614.69477734191,-2.02869957050799,0.443215985576633,1.78699497043132e-07,2.55741987435008e-06
"ENSG00000197256.11","KANK2"," protein_coding","chr19",4236.00838571476,-1.53592189064356,0.385375293801158,2.41450562255871e-06,2.54118104724419e-05
"ENSG00000197273.4","GUCA2A"," protein_coding","chr1",13655.832966613,-6.56804002009131,0.567232041912104,2.41198904506653e-32,2.44651063827404e-29
"ENSG00000197275.14","RAD54B"," protein_coding","chr8",72.9607841943449,2.00247172368069,0.296670659690698,6.4133559430132e-13,3.07935957393968e-11
"ENSG00000197361.8","FBXL22"," protein_coding","chr15",106.927809563338,-2.11929730138416,0.510281342885005,1.21230327073497e-06,1.38796964943617e-05
"ENSG00000197446.9","CYP2F1"," protein_coding","chr19",8.70694745540024,1.38712245433496,0.729201701511869,0.00136413495815789,0.00619606667672667
"ENSG00000197465.14","GYPE"," protein_coding","chr4",5.51726738521251,-2.23799848003306,0.46557863520531,1.11541424445958e-07,1.70132121929836e-06
"ENSG00000197467.16","COL13A1"," protein_coding","chr10",125.067164639833,-1.15082892691304,0.395355199920724,0.000112273631153196,0.000732497993963906
"ENSG00000197472.15","ZNF695"," protein_coding","chr1",33.2564042306961,2.40806288547209,0.55427921058368,5.34253411530175e-07,6.69270445057755e-06
"ENSG00000197498.13","RPF2"," protein_coding","chr6",1083.22840352608,1.00320624894591,0.11008037392769,3.67225746267204e-21,8.05365761644657e-19
"ENSG00000197506.8","SLC28A3"," protein_coding","chr9",288.573292490019,2.45693401148263,0.532353311078013,1.53484848992153e-07,2.24507040495146e-06
"ENSG00000197535.15","MYO5A"," protein_coding","chr15",624.037132977254,-1.49993945689038,0.320297602022016,1.10524512109734e-07,1.68978078853403e-06
"ENSG00000197540.8","GZMM"," protein_coding","chr19",74.289497800909,-1.31382770951693,0.509569532558781,0.000265442197404465,0.00152916910535084
"ENSG00000197561.7","ELANE"," protein_coding","chr19",18.8838239118969,-3.44361599469224,0.498470971244816,3.21987549608691e-13,1.62573859593398e-11
"ENSG00000197587.11","DMBX1"," protein_coding","chr1",21.1969040766093,5.81279986290525,0.969463317650453,1.17868597767958e-10,3.53584006132382e-09
"ENSG00000197594.13","ENPP1"," protein_coding","chr6",611.544515480631,-1.15681028475102,0.5296576254655,0.000702068943663872,0.00354342307159726
"ENSG00000197614.11","MFAP5"," protein_coding","chr12",800.768486428457,-3.95018975033335,0.497187153481014,7.88068011721798e-17,7.94382345480314e-15
"ENSG00000197629.6","MPEG1"," protein_coding","chr11",2407.53622569419,-2.0195084592379,0.427941203398791,9.08099881791713e-08,1.41775401458372e-06
"ENSG00000197696.10","NMB"," protein_coding","chr15",178.838988710493,1.74452699070765,0.38620067754079,2.44660801664845e-07,3.37923417039895e-06
"ENSG00000197748.13","CFAP43"," protein_coding","chr10",25.65510056693,1.33673329911569,0.275256696209106,5.83074608904927e-08,9.53422451175624e-07
"ENSG00000197763.19","TXNRD3"," protein_coding","chr3",260.753501621946,1.29698947633128,0.201021077543408,4.80869246694553e-12,1.9388886967965e-10
"ENSG00000197766.8","CFD"," protein_coding","chr19",2883.20413714818,-2.89715237843946,0.303601939036297,6.36615589776588e-23,1.94936498235552e-20
"ENSG00000197859.11","ADAMTSL2"," protein_coding","chr9",302.110600916503,1.38370588815126,0.550893343768066,0.000336822853767554,0.0018752309069618
"ENSG00000197872.11","CYRIA"," protein_coding","chr2",314.025615824207,-1.52037831489669,0.359367021407313,8.61916264995022e-07,1.02853228416207e-05
"ENSG00000197905.10","TEAD4"," protein_coding","chr12",630.497339831016,1.8226839593162,0.314158499660735,2.76552775676979e-10,7.73279384879023e-09
"ENSG00000197930.13","ERO1A"," protein_coding","chr14",4908.25888549933,1.29748589362405,0.345858150352835,6.76748624492264e-06,6.31022891518814e-05
"ENSG00000197937.13","ZNF347"," protein_coding","chr19",236.100978630609,-1.36163562599206,0.458395640283155,9.12147610894262e-05,0.000612083670754723
"ENSG00000197943.10","PLCG2"," protein_coding","chr16",976.231010442156,-2.04047740703573,0.422181491310199,5.20003397911967e-08,8.57235258807325e-07
"ENSG00000197953.6","AADACL2"," protein_coding","chr3",6.25013096312341,-6.22718172680017,1.35070827912293,3.95173411752202e-12,1.62155987340745e-10
"ENSG00000197961.12","ZNF121"," protein_coding","chr19",1392.6195789235,1.82641289476649,0.171722675811559,9.69487942304415e-28,6.17012541790523e-25
"ENSG00000197989.14","SNHG12"," lncRNA","chr1",392.617752911432,1.06870727963685,0.294523980448777,1.03916063388772e-05,9.22063309314584e-05
"ENSG00000197992.7","CLEC9A"," protein_coding","chr12",27.2686688796688,-3.09806794167049,0.529565702397942,9.76860521397837e-11,2.98840139524326e-09
"ENSG00000198046.12","ZNF667"," protein_coding","chr19",33.5858755389837,-1.62229132411808,0.361625696496857,2.9147595016819e-07,3.93868709015783e-06
"ENSG00000198049.7","AVPR1B"," protein_coding","chr1",16.02705444462,-4.8907042891321,0.599562091686901,7.26047847522711e-17,7.43408865454011e-15
"ENSG00000198064.13","NPIPB13"," protein_coding","chr16",15.8883057192064,2.42767591829652,0.673809260303171,1.00721777187742e-05,8.97153524687085e-05
"ENSG00000198074.10","AKR1B10"," protein_coding","chr7",3287.22702632753,-3.84142744642045,0.577671733258867,1.21422836208968e-12,5.51208729744154e-11
"ENSG00000198088.10","NUP62CL"," protein_coding","chrX",166.524592828018,1.60854351823647,0.245601338498431,2.55635720355154e-12,1.0889008151296e-10
"ENSG00000198203.10","SULT1C2"," protein_coding","chr2",448.739495955058,2.69443260969206,0.666251194706891,1.93680919740123e-06,2.0892307387587e-05
"ENSG00000198208.12","RPS6KL1"," protein_coding","chr14",282.370149299341,1.24141398492199,0.308220013633597,2.21213548607647e-06,2.34798867256606e-05
"ENSG00000198298.13","ZNF485"," protein_coding","chr10",147.901865446898,1.30197686143533,0.204114632405924,8.07129590046731e-12,3.09666811273485e-10
"ENSG00000198346.11","ZNF813"," protein_coding","chr19",182.031872810882,-1.13882921768099,0.592996569304178,0.00116456046599998,0.00542937426104961
"ENSG00000198523.6","PLN"," protein_coding","chr6",1051.23775629924,-3.60382409463525,0.697269740897364,8.99401177829269e-09,1.77571553710355e-07
"ENSG00000198535.5","C2CD4A"," protein_coding","chr15",1250.38656291053,4.85986499629527,0.62687690180499,4.03771629150575e-16,3.57101349835678e-14
"ENSG00000198546.15","ZNF511"," protein_coding","chr10",522.325969617636,1.21682983019762,0.209632527596072,2.76789825058369e-10,7.73279384879023e-09
"ENSG00000198569.10","SLC34A3"," protein_coding","chr9",9.92058848101518,-3.27455107999387,0.575431001851136,0.00122659182344729,0.00567375194605275
"ENSG00000198597.9","ZNF536"," protein_coding","chr19",63.6357166813585,-2.91782252219884,0.488296624143104,9.47506841093424e-11,2.90407715280551e-09
"ENSG00000198610.11","AKR1C4"," protein_coding","chr10",7.10523468907949,5.12009774754974,0.633103612341974,1.31836788805358e-07,1.96471923372099e-06
"ENSG00000198624.13","CCDC69"," protein_coding","chr5",2195.18129006864,-2.54371495029997,0.402883055460901,1.14438613104835e-11,4.25968865155588e-10
"ENSG00000198650.11","TAT"," protein_coding","chr16",49.1554930858499,-3.02701511070217,0.819184424060003,7.20654828840404e-06,6.67551781806559e-05
"ENSG00000198673.10","TAFA2"," protein_coding","chr12",48.0559506492689,-1.82583291023395,0.309659811738812,1.6689572521569e-10,4.8516076903833e-09
"ENSG00000198695.2","MT-ND6"," protein_coding","chrM",40674.9155537339,-1.08084264896713,0.436362858963599,0.000385180999637683,0.00210687645538253
"ENSG00000198720.13","ANKRD13B"," protein_coding","chr17",493.513198994569,2.59387450993015,0.394301501860101,2.11674527978937e-12,9.17293969177615e-11
"ENSG00000198723.11","TEX45"," protein_coding","chr19",115.015758237745,3.04298148281665,0.357619177070479,8.84371975635952e-19,1.24804111239964e-16
"ENSG00000198759.12","EGFL6"," protein_coding","chrX",67.1935948664838,2.70430022094131,0.691046563307829,3.24247849470178e-06,3.29197269255647e-05
"ENSG00000198768.11","APCDD1L"," protein_coding","chr20",30.8861572114488,-2.77464159942461,0.613676681531421,1.93438114235981e-07,2.73816585777212e-06
"ENSG00000198771.11","RCSD1"," protein_coding","chr1",839.910936718866,-1.87943850942354,0.356778150323639,5.51802476179461e-09,1.15775079326651e-07
"ENSG00000198780.12","FAM169A"," protein_coding","chr5",135.820080696149,1.45828512289743,0.411498022074019,1.39982692441498e-05,0.000119650220157061
"ENSG00000198785.7","GRIN3A"," protein_coding","chr9",71.9322391892702,-1.22438431334818,0.37807884797657,3.94532108312995e-05,0.00029438444072697
"ENSG00000198807.13","PAX9"," protein_coding","chr14",92.1247446434159,3.72767253832207,0.437428534559058,6.58560112284071e-19,9.37523865110368e-17
"ENSG00000198842.10","STYXL2"," protein_coding","chr1",1614.18284094905,7.8865233492753,0.932669100802556,1.19055985025918e-18,1.64439113275372e-16
"ENSG00000198865.10","CCDC152"," protein_coding","chr5",92.7318542869106,-2.82256393218411,0.410895835645104,3.24412540956125e-13,1.63252438051999e-11
"ENSG00000198894.8","CIPC"," protein_coding","chr14",1582.85966811015,-1.30600685361718,0.167173819013586,2.51299864167009e-16,2.30414999749513e-14
"ENSG00000198901.14","PRC1"," protein_coding","chr15",18.5067197948845,1.5147616540257,0.449389516755928,2.51441597406697e-05,0.000198888039770581
"ENSG00000198930.13","CSAG1"," protein_coding","chrX",17.7229555274421,7.09154701048489,2.36655154648518,0.000972663565539464,0.00466639964102975
"ENSG00000198944.6","SOWAHA"," protein_coding","chr5",960.638169593397,-1.84307140667125,0.318256269507451,9.47444729059028e-05,0.000631980292145457
"ENSG00000198947.16","DMD"," protein_coding","chrX",900.579243533737,-1.63758226475441,0.733521392443048,0.000592894913297787,0.0030658249316265
"ENSG00000198961.10","PJA2"," protein_coding","chr5",4422.57751412646,-1.195046613454,0.221174215978208,2.8764337775934e-09,6.38599778065162e-08
"ENSG00000199753.1","SNORD104"," snoRNA","chr17",36.0459490743133,1.89433551827691,0.340524947467236,1.24487721480126e-09,2.98421156853909e-08
"ENSG00000200087.1","SNORA73B"," snoRNA","chr1",16.1704393551378,1.3131607799392,0.39049422130107,3.11807345474876e-05,0.000239768841966916
"ENSG00000200534.1","SNORA33"," snoRNA","chr6",21.0675147722451,1.41841980379567,0.412082677134935,2.15821528793907e-05,0.000174257094069468
"ENSG00000200913.1","SNORD46"," snoRNA","chr1",5.9026429547522,1.11409946965879,0.758643237930655,0.00265028286361035,0.0108368457025781
"ENSG00000203497.2","PDCD4-AS1"," lncRNA","chr10",99.6640456267058,-1.49672496631588,0.178575852910424,2.70355568730818e-18,3.51008041994595e-16
"ENSG00000203499.12","IQANK1"," protein_coding","chr8",1293.33061294294,3.40034010956665,0.367136170458229,1.00609460473402e-21,2.41894953188569e-19
"ENSG00000203635.2","AC144450.1"," lncRNA","chr2",7.69417850047445,4.11042561639863,0.942868948847814,7.76674630400018e-07,9.39243858178979e-06
"ENSG00000203688.6","LINC02487"," lncRNA","chr6",94.9924832753119,1.37782835238023,0.392832376014176,1.60573258988574e-05,0.000134953051275275
"ENSG00000203739.4","PRDX6-AS1"," lncRNA","chr1",72.7664676823734,-1.85595073358833,0.34056594004465,2.06421158789167e-09,4.72497741324315e-08
"ENSG00000203805.11","PLPP4"," protein_coding","chr10",25.895573674833,1.76381211566437,0.620239564472981,0.000130780985588585,0.000836596221961823
"ENSG00000203808.12","BVES-AS1"," lncRNA","chr6",11.2710016346721,-4.27984288582421,0.812854931772014,1.20813700222678e-08,2.32033791824124e-07
"ENSG00000203907.9","OOEP"," protein_coding","chr6",24.1964814575967,2.60739982336067,0.795690745137669,3.38165096239911e-05,0.000257822689900168
"ENSG00000203914.4","HSP90B3P"," processed_pseudogene","chr1",7.27409106241926,1.60589052328749,1.02986568130589,0.00201059214662306,0.0085824883769374
"ENSG00000203985.11","LDLRAD1"," protein_coding","chr1",23.6629920208441,2.54008237466425,0.681834740761915,6.7563275200573e-06,6.30254744909166e-05
"ENSG00000203999.9","LINC01270"," lncRNA","chr20",14.5332877818165,1.22098465826531,0.584806586314691,0.000847374495588999,0.00416350005719463
"ENSG00000204060.7","FOXO6"," protein_coding","chr1",56.3479790687381,1.74775885998747,0.383550610965578,2.18342629444197e-07,3.04553720090234e-06
"ENSG00000204065.3","TCEAL5"," protein_coding","chrX",13.8523788014294,-4.19181986329194,0.575061589303361,2.57215417443196e-14,1.61150258180768e-12
"ENSG00000204099.12","NEU4"," protein_coding","chr2",1262.77319822891,-2.10847715611092,0.448607928119014,1.00317432766708e-07,1.55348436676613e-06
"ENSG00000204131.9","NHSL2"," protein_coding","chrX",252.366719344884,-1.58163627062918,0.492109430328458,4.18527440023733e-05,0.000309584404017555
"ENSG00000204136.11","GGTA1"," protein_coding","chr9",288.536402001702,-2.66715747005245,0.454006340975985,1.60763047873213e-10,4.70518215317291e-09
"ENSG00000204161.14","TMEM273"," protein_coding","chr10",332.945711498502,-1.61027007383521,0.382368492669721,9.21858196487276e-07,1.0908375261241e-05
"ENSG00000204175.5","GPRIN2"," protein_coding","chr10",669.045632272572,-1.64363945426571,0.315660566309196,7.82477292770938e-09,1.5765144611272e-07
"ENSG00000204314.12","PRRT1"," protein_coding","chr6",76.7535399746422,-1.1657610856215,0.348506739635539,2.90341715117264e-05,0.000225344605195509
"ENSG00000204316.13","MRPL38"," protein_coding","chr17",59.0408039585023,1.17892568106922,0.387437092424472,7.52003693823266e-05,0.000516801522212906
"ENSG00000204323.5","SMIM5"," protein_coding","chr17",121.166690528443,-1.30962190293889,0.493563845312784,0.000230847289294978,0.00136357451657921
"ENSG00000204334.7","ERICH2"," protein_coding","chr2",30.4068488026202,2.70865282998906,0.641433587133455,8.77816760728479e-07,1.04443461949139e-05
"ENSG00000204335.4","SP5"," protein_coding","chr2",672.005631532827,4.17674693132276,0.623475837063881,7.90671664981482e-13,3.73017745668153e-11
"ENSG00000204345.1","CD300LD"," protein_coding","chr17",3.10480147114192,3.87955535204273,1.2916543833852,6.3904639416499e-05,0.000448479305120156
"ENSG00000204366.4","ZBTB12"," protein_coding","chr6",217.666926628632,1.38900663104443,0.26714023837103,8.20583277974141e-09,1.64106543662875e-07
"ENSG00000204370.13","SDHD"," protein_coding","chr11",3499.79726702305,-1.01818233010159,0.203963215046981,2.37093441576502e-08,4.25875978234096e-07
"ENSG00000204394.13","VARS1"," protein_coding","chr6",4256.77022483712,1.00023402085324,0.179916111810942,1.16015699731064e-09,2.81859100439437e-08
"ENSG00000204410.16","MSH5"," protein_coding","chr6",84.3465483990566,1.57860641261546,0.509737348458584,6.37809915901233e-05,0.000447805196848848
"ENSG00000204421.3","LY6G6C"," protein_coding","chr6",31.7773018576524,3.18837185492777,0.583361419259223,1.89078530319081e-09,4.36494376749412e-08
"ENSG00000204424.10","LY6G6F"," protein_coding","chr6",4.14441192678758,5.48885784868888,1.72098634900032,1.01359089227367e-05,9.02334974805784e-05
"ENSG00000204538.4","PSORS1C2"," protein_coding","chr6",7.07589587200228,1.63870746100214,0.943838288326163,0.00167363872889644,0.00737282381413146
"ENSG00000204581.3","ACOXL-AS1"," lncRNA","chr2",11.9038213548533,-1.0042617181624,0.365654919513663,0.000185996435652092,0.00113180958162647
"ENSG00000204618.8","RNF39"," protein_coding","chr6",154.401120603196,1.18932397702433,0.313244605979527,5.40124149684673e-06,5.16083298512367e-05
"ENSG00000204687.4","MAS1L"," protein_coding","chr6",6.34537296901741,-3.59996398823971,0.741720643754242,1.11106606255773e-07,1.69628326709778e-06
"ENSG00000204706.14","MAMDC2-AS1"," lncRNA","chr9",12.914800847016,-1.23491185382664,0.388726840640372,6.26215102615632e-05,0.000441183444838608
"ENSG00000204710.2","SPDYC"," protein_coding","chr11",8.14823148919156,1.74478470959282,0.60585351176733,0.000132728747093759,0.000846886116211761
"ENSG00000204764.14","RANBP17"," protein_coding","chr5",181.773693181615,1.27943779992069,0.36815467884952,1.78942782841308e-05,0.000147714263618087
"ENSG00000204791.10","SMPD5"," transcribed_unitary_pseudogene","chr8",9.39451193094982,1.40674593117674,0.722601204483692,0.00114324464806587,0.00534458228243151
"ENSG00000204839.9","MROH6"," protein_coding","chr8",668.397998064574,1.22962492725165,0.432673152344405,0.000141501535466456,0.00089529373063747
"ENSG00000204851.7","PNMA8B"," protein_coding","chr19",35.0036694310441,-1.3294406670288,0.476495922776502,0.000162538573324454,0.00100873365448664
"ENSG00000204852.16","TCTN1"," protein_coding","chr12",653.532234343518,1.03754992070998,0.238309605231538,5.36537918568115e-07,6.71655037290061e-06
"ENSG00000204860.5","FAM201A"," lncRNA","chr9",158.686372713596,1.38199644046108,0.211372047610228,2.81011944798642e-12,1.19229878487246e-10
"ENSG00000204866.8","IGFL2"," protein_coding","chr19",28.2578584599948,1.73127016470832,0.619648314627787,0.000150096142279412,0.000941960670167277
"ENSG00000204869.8","IGFL4"," protein_coding","chr19",64.0490954287347,5.9403815856884,0.748630568615464,9.29031606919145e-17,9.16550392017678e-15
"ENSG00000204876.4","AC021218.1"," lncRNA","chr7",590.233490215563,1.98166623418899,0.448891566832874,4.07323244791874e-07,5.29047534191863e-06
"ENSG00000204899.6","MZT1"," protein_coding","chr13",877.856836830116,1.05333607455433,0.215114542839144,4.01797364572226e-08,6.81020305967901e-07
"ENSG00000204930.10","FAM221B"," protein_coding","chr9",8.3512220648577,1.47318058069908,0.762132421002254,0.00124338199881192,0.00573987643622037
"ENSG00000204946.10","ZNF783"," protein_coding","chr7",715.75584781465,1.0313933168167,0.195799280142747,5.89008436497548e-09,1.22700942598772e-07
"ENSG00000204950.4","LRRC10B"," protein_coding","chr11",116.44748786628,1.92950468376446,0.578587444733547,2.83296770781163e-05,0.000220774227755462
"ENSG00000204983.14","PRSS1"," protein_coding","chr7",9.92323764296601,3.96852286344761,0.875879537251587,0.00936240845589546,0.0308074871919561
"ENSG00000205002.4","AARD"," protein_coding","chr8",16.8852489200237,-2.43956293743287,0.508197694526981,6.29731306784087e-08,1.02096996781208e-06
"ENSG00000205037.2","AC134312.1"," lncRNA","chr16",7.16396930473067,-3.7563897874594,0.675931642437635,2.51889143179768e-09,5.65800540437986e-08
"ENSG00000205038.12","PKHD1L1"," protein_coding","chr8",126.533246664368,-3.25268691207029,0.362086271583556,9.04852383217925e-21,1.84715085877279e-18
"ENSG00000205089.8","CCNI2"," protein_coding","chr5",383.942086526973,1.24614493522172,0.330833680879242,6.1081166200365e-06,5.7582703820257e-05
"ENSG00000205293.5","LINC01602"," lncRNA","chr8",3.8306399832266,5.27542682926825,1.82090293225899,5.34961312068513e-05,0.000384579717987149
"ENSG00000205336.14","ADGRG1"," protein_coding","chr16",7949.19838334044,1.28735367594724,0.194792132738325,2.32192602517753e-12,1.00219514528208e-10
"ENSG00000205363.6","INSYN1"," protein_coding","chr15",58.0175419212358,-1.56830657821263,0.51894008021689,7.57927706313989e-05,0.000519662388921408
"ENSG00000205414.1","AC007608.1"," lncRNA","chr16",28.0732568143866,3.34612964814486,1.00075877179774,2.54432935871669e-05,0.000200885045792328
"ENSG00000205502.4","C2CD4B"," protein_coding","chr15",245.829232996764,2.69579005500175,0.539111986015864,2.29193756710913e-08,4.14207736933341e-07
"ENSG00000205517.13","RGL3"," protein_coding","chr19",407.603154306293,1.59425152043515,0.879142556809079,0.00138916600918579,0.00629127254446106
"ENSG00000205622.11","AP001042.1"," lncRNA","chr21",101.033804545723,1.07981096728148,0.500241464087524,0.000775437428665947,0.0038608909433409
"ENSG00000205667.3","ARSH"," protein_coding","chrX",6.76304299063424,1.2509682682098,0.704177994568686,0.00158231699780234,0.00702679506289071
"ENSG00000205683.11","DPF3"," protein_coding","chr14",176.913674578205,-3.17135001685358,0.227972691317914,2.34936645906683e-45,8.47285961426568e-42
"ENSG00000205702.11","CYP2D7"," polymorphic_pseudogene","chr22",56.5211778318349,1.85320072873734,0.565574793040148,3.49878310467944e-05,0.000265397293787533
"ENSG00000205704.7","LINC00634"," protein_coding","chr22",5.38929916601053,1.22454314911783,0.723180552770686,0.00178007398590377,0.00774914718809877
"ENSG00000205726.15","ITSN1"," protein_coding","chr21",1399.11676570213,-1.05576743250307,0.170721863751564,2.71719840564495e-11,9.30325167198561e-10
"ENSG00000205795.4","CYS1"," protein_coding","chr2",178.110657925402,-2.27930877128849,0.383108826676717,1.14372928773769e-10,3.443707348923e-09
"ENSG00000205869.2","KRTAP5-1"," protein_coding","chr11",44.7050902876687,1.18033823394651,0.439490987661621,0.000219924079939346,0.00130881844273401
"ENSG00000205922.5","ONECUT3"," protein_coding","chr19",94.6043263233289,5.47995343991113,1.51832768933527,7.59014787210838e-06,6.99293271736855e-05
"ENSG00000206069.6","TMEM211"," protein_coding","chr22",97.9953614810278,4.69339032462293,0.763855879778962,3.12521134400903e-11,1.05793221838235e-09
"ENSG00000206075.14","SERPINB5"," protein_coding","chr18",1556.61947791371,1.99537812568489,0.768964959551728,0.000263185033996138,0.0015187943494638
"ENSG00000206195.11","DUXAP8"," lncRNA","chr22",37.7374186973904,3.78594145431286,0.877650368565786,5.39120346695088e-07,6.74586284233969e-06
"ENSG00000206538.9","VGLL3"," protein_coding","chr3",202.906029888231,-1.51049083891375,0.52141981583785,0.000113289473846126,0.000738235242340403
"ENSG00000206579.9","XKR4"," protein_coding","chr8",48.3419069059199,-5.34823532302211,0.463253029112602,3.26437329992869e-32,3.21075844148744e-29
"ENSG00000206828.1","RNVU1-30"," snRNA","chr1",4.32852615634774,1.15886314240919,1.0114977872302,0.00336148001104711,0.0132149899844975
"ENSG00000207181.1","SNORA14B"," snoRNA","chr1",2.55826195038748,1.18037438917811,0.703254108659428,0.00228670527857152,0.00957112138218528
"ENSG00000207296.1","RNU6-140P"," snRNA","chr19",9.10524145699029,-2.64423243153669,0.4408024539305,2.19199564588507e-10,6.23010461244639e-09
"ENSG00000207445.1","SNORD15B"," snoRNA","chr11",3.23537745961745,1.05226470251721,0.85788637881994,0.00380606376702367,0.0146492609688194
"ENSG00000207751.3","AP000553.1"," lncRNA","chr22",2.39845985242613,1.68587538859586,0.72879234808464,0.000830963061002181,0.00409588443948501
"ENSG00000210140.1","MT-TC"," Mt_tRNA","chrM",260.021320422865,3.67770985305606,1.04020064077005,1.2134787914714e-05,0.000105708788549594
"ENSG00000210144.1","MT-TY"," Mt_tRNA","chrM",191.16601361167,2.46081218344357,0.912600388396675,0.000184783418959781,0.00112548324499842
"ENSG00000211445.12","GPX3"," protein_coding","chr5",4035.49363504164,-3.28308918074565,0.409733327696554,4.87643293547998e-17,5.17252484378462e-15
"ENSG00000211599.2","IGKV5-2"," IG_V_gene","chr2",121.093525648142,-2.70421469607067,0.562142288961542,5.57152966521801e-08,9.15185778712785e-07
"ENSG00000211648.2","IGLV1-47"," IG_V_gene","chr22",1503.30062252863,-1.70683467833229,0.773841144995016,0.000619007516125777,0.00318108707384586
"ENSG00000211651.3","IGLV1-44"," IG_V_gene","chr22",1821.87705496965,-2.0048889114508,0.578912726026821,1.72965066874178e-05,0.000143399748163527
"ENSG00000211666.2","IGLV2-14"," IG_V_gene","chr22",4839.12452300287,-1.69706284799892,0.63950962016324,0.000214860263856691,0.00128244473046349
"ENSG00000211676.2","IGLJ2"," IG_J_gene","chr22",91.9370981547697,2.44144349436465,1.48391315262186,0.00145039136862076,0.00651582049033809
"ENSG00000211679.2","IGLC3"," IG_C_gene","chr22",5059.4541140145,-1.87058463428835,0.563342865090556,2.90749749586154e-05,0.000225607348124968
"ENSG00000211891.6","IGHE"," IG_C_gene","chr14",23.9564733984429,-1.40305028854349,0.914139086323174,0.00206286261330815,0.00877541214977141
"ENSG00000211895.5","IGHA1"," IG_C_gene","chr14",132312.3093023,-2.9484469810542,0.567853944467521,7.87043102848555e-09,1.58276611104451e-07
"ENSG00000211899.10","IGHM"," IG_C_gene","chr14",24536.3847762496,-2.59686779623547,0.621050295609971,9.98289965769696e-07,1.16892120162167e-05
"ENSG00000211933.2","IGHV6-1"," IG_V_gene","chr14",855.090083075316,-2.35654822222698,0.644726021452916,8.34789046302315e-06,7.60319118398442e-05
"ENSG00000211935.3","IGHV1-3"," IG_V_gene","chr14",954.40908225872,-1.66037934260975,0.894724528208628,0.00119838168602001,0.00556228696765875
"ENSG00000211937.3","IGHV2-5"," IG_V_gene","chr14",1559.42570672616,-1.91703352011656,0.637631263555119,7.77211900924208e-05,0.000531201176672941
"ENSG00000211938.2","IGHV3-7"," IG_V_gene","chr14",2268.61213297858,-2.26391033215096,0.616030811424749,7.84141116996183e-06,7.19379660131772e-05
"ENSG00000211947.2","IGHV3-21"," IG_V_gene","chr14",2265.21565730097,-1.51522824263972,0.719648931701723,0.000780361292330227,0.00388302419537859
"ENSG00000211949.3","IGHV3-23"," IG_V_gene","chr14",4095.80628510172,-1.31098409743921,0.669653344404492,0.00106055973817297,0.00502241727190229
"ENSG00000211964.3","IGHV3-48"," IG_V_gene","chr14",1362.16352566617,-1.27848344818338,0.788004890597299,0.00181400641433691,0.00786626856333298
"ENSG00000211974.3","IGHV2-70D"," IG_V_gene","chr14",124.508772748643,-2.99318957410732,0.767747596267163,3.0092018940383e-06,3.07727394696582e-05
"ENSG00000212232.1","SNORD17"," snoRNA","chr20",15.0495147912147,1.0963338310467,0.357740666705443,6.93893929166377e-05,0.000481659733808432
"ENSG00000212916.4","MAP10"," protein_coding","chr1",62.0936132433554,-3.55675559609596,0.402346579629705,2.62411807936408e-20,4.8950358977011e-18
"ENSG00000212993.5","POU5F1B"," protein_coding","chr8",149.75110899805,4.80974179627227,0.673529128312083,3.80238811553098e-14,2.30792527946894e-12
"ENSG00000213071.11","LPAL2"," transcribed_unprocessed_pseudogene","chr6",37.9631033071408,1.54583674757845,0.351809933885579,4.54142650532101e-07,5.80794410991762e-06
"ENSG00000213085.10","CFAP45"," protein_coding","chr1",20.1086511235463,1.65230659487285,0.317166447488508,8.86600585903409e-09,1.75378786493192e-07
"ENSG00000213088.12","ACKR1"," protein_coding","chr1",678.56999779383,-2.67800720332733,0.500319976652975,3.30430065010847e-09,7.25158826918328e-08
"ENSG00000213123.11","TCTEX1D2"," protein_coding","chr3",18.9578266061656,1.10474330037806,0.411126057228175,0.000210857215684739,0.00126180005654411
"ENSG00000213169.3","AC069218.1"," processed_pseudogene","chr3",19.9790464125619,1.67595884324238,0.644353729970041,0.000256341434521347,0.00148524282072365
"ENSG00000213177.3","PRDX2P4"," processed_pseudogene","chr6",2.82438437026585,2.48636022686164,1.16198030161176,0.000855466631877147,0.00419849520520067
"ENSG00000213185.7","FAM24B"," protein_coding","chr10",57.2137906800291,1.04185862599184,0.293638941096909,1.42688911489822e-05,0.00012155896821881
"ENSG00000213225.7","NOC2LP1"," transcribed_processed_pseudogene","chr2",50.647047806343,-2.61380667478211,0.50768897817067,8.24153431704147e-09,1.64719039939983e-07
"ENSG00000213246.7","SUPT4H1"," protein_coding","chr17",10.4493320521786,2.77150900781454,0.722379579165411,4.816643295843e-06,4.66961195031279e-05
"ENSG00000213269.2","RPS6P26"," processed_pseudogene","chrX",4.44699920717442,3.24515672433174,0.824433990721637,0.00988751470980643,0.0322088470946304
"ENSG00000213293.4","AC012618.1"," processed_pseudogene","chr19",47.4126948663316,4.60699164738123,0.869013688616788,4.43828899820698e-09,9.52134727718454e-08
"ENSG00000213315.5","AL122020.1"," processed_pseudogene","chr14",63.7036797328604,1.99146544655519,0.661690857498009,7.91144717280546e-05,0.000539360958485444
"ENSG00000213316.10","LTC4S"," protein_coding","chr5",59.6270115885879,-1.28072383973478,0.317558522773357,1.8390677357109e-06,1.99506886917461e-05
"ENSG00000213361.2","AC004884.1"," processed_pseudogene","chr7",5.99975251582139,3.05494592839474,1.02498553697038,8.48728852734628e-05,0.00057487564904133
"ENSG00000213376.4","GAPDHP71"," processed_pseudogene","chr5",9.377649976976,1.65292348799264,0.640369038492206,0.000320178989031201,0.00179302443512331
"ENSG00000213420.8","GPC2"," protein_coding","chr7",54.2326610238164,1.26294539219179,0.422574310074318,9.28386802250379e-05,0.000621823747986851
"ENSG00000213468.7","FIRRE"," lncRNA","chrX",187.879543018447,6.31061408846843,0.756307337994606,2.83953958780798e-18,3.65737206115363e-16
"ENSG00000213613.2","RPL11P3"," processed_pseudogene","chr10",17.2966813620874,1.89566805867535,1.10351841400318,0.00147566860294872,0.00661747050490601
"ENSG00000213713.3","PIGCP1"," processed_pseudogene","chr11",86.5030812991826,-1.30851221228489,0.213543752505814,3.97229413741507e-11,1.31296052049102e-09
"ENSG00000213760.11","ATP6V1G2"," protein_coding","chr6",22.4056800802998,-2.25346820667627,0.438800132050988,1.09269997673854e-08,2.11995551972382e-07
"ENSG00000213763.4","ACTBP2"," processed_pseudogene","chr5",77.1025960371456,1.02580661606429,1.0174791840943,0.00350170041005613,0.0136657679343034
"ENSG00000213816.3","CNN2P4"," processed_pseudogene","chr9",6.65739202451946,5.42121901791991,1.64526640533465,1.83666240095227e-05,0.000151152099924211
"ENSG00000213820.3","RPL13P2"," processed_pseudogene","chr20",18.7526538482514,3.01157878252564,0.952101988973353,4.72090945328376e-05,0.000344004574503808
"ENSG00000213867.4","AL049830.1"," processed_pseudogene","chr14",3.92969562300205,1.90451448858291,1.46353394363903,0.00258847631720361,0.0106229313824497
"ENSG00000213886.4","UBD"," protein_coding","chr6",1.38206227838941,5.67077775779121,1.59664858091727,0.0110436631935539,0.0352706110337867
"ENSG00000213889.10","PPM1N"," protein_coding","chr19",85.8041335079053,1.83467683215951,0.38334654876799,6.65417393408604e-08,1.07239909410409e-06
"ENSG00000213901.11","SLC23A3"," protein_coding","chr2",129.963693266614,-2.21746703739711,0.825154154591354,0.000190709781941716,0.00115658783674593
"ENSG00000213923.13","CSNK1E"," protein_coding","chr22",2391.56183577281,1.24617112985086,0.156875426238391,9.23590854367e-17,9.13960730214758e-15
"ENSG00000213981.8","AC007277.1"," lncRNA","chr2",60.9079485874338,6.62959385316378,1.20490058178913,1.19060482880319e-09,2.87963126179538e-08
"ENSG00000213996.13","TM6SF2"," protein_coding","chr19",53.4327934590818,-5.16225811753604,0.541652761881583,2.13130303842724e-08,3.88421302758401e-07
"ENSG00000214039.9","LINC02418"," lncRNA","chr12",326.865367405311,8.20598228255883,0.982156252087832,2.29789975227493e-18,3.04429510854447e-16
"ENSG00000214049.8","UCA1"," lncRNA","chr19",284.819164606135,3.65354502984789,0.654889584415545,8.38356900984621e-10,2.0980253116545e-08
"ENSG00000214050.8","FBXO16"," protein_coding","chr8",64.6776435015205,1.28048297196409,0.362152034210282,1.46483677311494e-05,0.000124465109899907
"ENSG00000214078.13","CPNE1"," protein_coding","chr20",4551.52583416486,1.17379804563928,0.312912210221249,7.35806056913022e-06,6.79646926445158e-05
"ENSG00000214145.7","LINC00887"," lncRNA","chr3",3.19972090342841,1.72467026562613,0.984470622269904,0.00185182444800663,0.00800246544180525
"ENSG00000214184.3","GCC2-AS1"," lncRNA","chr2",7.41128584406415,1.29070495252445,0.354000925812398,1.23367513198923e-05,0.000107209176530406
"ENSG00000214185.3","XPOTP1"," processed_pseudogene","chr20",4.28073909603763,1.27824233176223,1.05590328247773,0.00332001122036714,0.0130698513269468
"ENSG00000214259.3","AC018695.1"," processed_pseudogene","chr16",10.3328006881903,2.53257346286323,1.25573734555396,0.000855811524075231,0.00419859891904986
"ENSG00000214297.3","ALDOAP2"," processed_pseudogene","chr10",6.28988653592595,1.72898007089009,1.55536087402408,0.0030700170165217,0.0122536414562545
"ENSG00000214353.8","VAC14-AS1"," lncRNA","chr16",13.0723565285421,2.15121270432659,0.523981153136922,1.53148521876053e-06,1.69945118736852e-05
"ENSG00000214381.6","LINC00488"," lncRNA","chr3",2.60089378923625,-5.12720794962518,0.96863866710884,0.000610106932795103,0.00314330965470849
"ENSG00000214429.3","CYCSP6"," processed_pseudogene","chr2",14.9987722065821,3.55042339999739,0.86489979824023,1.64728448744119e-06,1.81307425884592e-05
"ENSG00000214491.8","SEC14L6"," protein_coding","chr22",11.4205693628681,-2.07762761955328,0.441596069599427,1.27475891939866e-07,1.90497813102401e-06
"ENSG00000214541.3","RPS4XP3"," processed_pseudogene","chr20",11.0456238390926,1.64926582098013,0.63829241090503,0.000249535404630501,0.00145333216642684
"ENSG00000214562.15","NUTM2D"," protein_coding","chr10",32.0096639455473,-1.07079940965828,0.420146837198666,0.000335552050159088,0.00186847631567399
"ENSG00000214575.9","CPEB1"," protein_coding","chr15",35.4236541369511,-3.22654191276874,0.542400146482632,1.53009523338016e-10,4.49040064060155e-09
"ENSG00000214612.3","RPS19P1"," processed_pseudogene","chr20",34.8476943556154,2.89879232043567,0.857064935618994,2.23702655243173e-05,0.000179859816296332
"ENSG00000214691.9","LINC01913"," lncRNA","chr2",3.74581946186882,3.95527469022767,1.37754099597621,6.31056312243651e-05,0.000444023971012453
"ENSG00000214706.10","IFRD2"," protein_coding","chr3",2425.87414809175,1.21059108372859,0.250987928708033,6.1197591720458e-08,9.95166048127568e-07
"ENSG00000214748.2","AL355309.1"," processed_pseudogene","chrX",15.3826730627742,4.31901496799832,1.24645437037897,1.68981505603879e-05,0.00014078033133703
"ENSG00000214787.10","MS4A4E"," protein_coding","chr11",22.1811445384243,-2.33489728777583,0.515159675215649,2.52097781062947e-07,3.46866883329424e-06
"ENSG00000214842.5","RAD51AP2"," protein_coding","chr2",8.51577544626423,1.37811880189149,0.553712446829917,0.000398182214256004,0.00216958172071872
"ENSG00000214900.11","LINC01588"," lncRNA","chr14",203.276166120786,-1.1658514162293,0.273012830605888,6.86819615894226e-07,8.4060298237914e-06
"ENSG00000214944.9","ARHGEF28"," protein_coding","chr5",995.664219662057,1.24823721827051,0.283251156712653,4.24158717892678e-07,5.47627035217205e-06
"ENSG00000215012.9","RTL10"," protein_coding","chr22",1095.39611215967,1.00022798796653,0.218197273452618,1.89906428044967e-07,2.69287149038162e-06
"ENSG00000215030.5","RPL13P12"," processed_pseudogene","chr17",1091.86794352174,1.87003080258226,0.56607678519125,3.23898594861406e-05,0.000248126046542637
"ENSG00000215148.11","PRSS41"," protein_coding","chr16",4.58192367428164,1.82220117803781,1.55518792810971,0.00285905083902208,0.0115407377357267
"ENSG00000215156.5","AC138409.1"," processed_pseudogene","chr5",5.5904458763664,1.46657053322416,0.828617470434013,0.00161793055844137,0.00715482089297086
"ENSG00000215182.8","MUC5AC"," protein_coding","chr11",264.122301297533,2.90906395395795,0.809531722329623,4.78418404841513e-05,0.000348172748527934
"ENSG00000215193.13","PEX26"," protein_coding","chr22",5738.89100046898,-1.53927159431803,0.251513745523079,4.01843744829877e-11,1.32551262903335e-09
"ENSG00000215218.4","UBE2QL1"," protein_coding","chr5",67.6452632912644,-2.45025915692419,0.495659577947188,3.12309600952165e-08,5.4499704450029e-07
"ENSG00000215252.11","GOLGA8B"," protein_coding","chr15",329.541132049669,1.5307816558888,0.529096398709718,0.000117775154119225,0.000763023144191976
"ENSG00000215349.2","MRPL3P1"," processed_pseudogene","chr13",3.4716996212677,1.63676267560051,1.06928659928895,0.00229118174091132,0.00958334159763278
"ENSG00000215417.13","MIR17HG"," lncRNA","chr13",74.275873110905,2.06377562089401,0.417174653048079,3.05233369082577e-08,5.34309004266634e-07
"ENSG00000215440.12","NPEPL1"," protein_coding","chr20",306.733411950046,1.70939973625211,0.304478837472073,8.10246191689851e-10,2.03552406268337e-08
"ENSG00000215644.10","GCGR"," protein_coding","chr17",6.72096552139184,-2.12384210282193,0.478154925655769,4.93086863563755e-07,6.22747603795811e-06
"ENSG00000215861.6","AC245297.1"," transcribed_unprocessed_pseudogene","chr1",27.9064107677223,-2.37747173152287,0.411728462855499,3.91033080407765e-10,1.06746440066234e-08
"ENSG00000215866.8","LINC01356"," lncRNA","chr1",8.55837837685357,1.98818380349347,0.57802431561983,2.25881530894863e-05,0.000181252477868615
"ENSG00000217275.2","AL031777.1"," processed_pseudogene","chr6",6.2246149483507,-1.11804762465135,0.593103536682204,0.00142301548048214,0.00641191141247702
"ENSG00000217442.4","SYCE3"," protein_coding","chr22",6.5765620442529,1.68131773165545,0.66074813091253,0.000302805033615985,0.00171082293456551
"ENSG00000218052.5","ADAMTS7P4"," transcribed_unprocessed_pseudogene","chr15",11.586725483894,-1.13706835444615,0.496137696891514,0.000652661363323405,0.00332560165317913
"ENSG00000218358.2","RAET1K"," transcribed_unprocessed_pseudogene","chr6",4.70656187123642,2.64617801408153,0.86224391280519,8.92943792704371e-05,0.000601310573103703
"ENSG00000218502.3","H2AZP3"," processed_pseudogene","chr13",10.1221076195888,1.58683139197307,0.695507461312824,0.000557175125747701,0.00290565395750625
"ENSG00000218891.5","ZNF579"," protein_coding","chr19",426.87778120674,1.1377899146396,0.160290651004834,5.78284602307333e-14,3.33985082236502e-12
"ENSG00000219222.1","RPL12P47"," processed_pseudogene","chr6",11.1818897982105,4.76350855930484,1.40122660730159,2.33186817268282e-05,0.000186285447080825
"ENSG00000219481.10","NBPF1"," protein_coding","chr1",1046.06296271837,-1.50639671432724,0.22522780075913,9.8547320847498e-13,4.53709069513204e-11
"ENSG00000219700.1","PTCHD3P3"," processed_pseudogene","chr6",2.15530794643556,2.49734704660274,0.805338675477058,0.000113345672636014,0.000738305005502656
"ENSG00000220205.9","VAMP2"," protein_coding","chr17",1967.46275417793,-1.16019423684178,0.246785329998033,1.07776420474405e-07,1.65087638308554e-06
"ENSG00000220472.1","AL139095.2"," processed_pseudogene","chr6",44.2452208066282,1.35077879431053,0.67845925727108,0.00102378601006705,0.00486459468815053
"ENSG00000221241.1","SNORD88A"," snoRNA","chr19",1.33122871980048,3.16828804393137,1.14445307008792,6.27631965753749e-05,0.000441901916365188
"ENSG00000221829.10","FANCG"," protein_coding","chr9",32.1786953442262,1.58986148245623,0.400409513535358,2.56820993444467e-06,2.67605001772729e-05
"ENSG00000221923.9","ZNF880"," protein_coding","chr19",158.548227891608,-1.06168877113818,0.527684590955425,0.00101607707587381,0.00483362593121974
"ENSG00000221926.13","TRIM16"," protein_coding","chr17",688.574684758037,1.18328659122979,0.310141902769921,5.12751352488634e-06,4.91956352322675e-05
"ENSG00000221944.9","TIGD1"," protein_coding","chr2",139.114242829476,1.16310990327413,0.253684729351588,1.88523526590985e-07,2.67559974905561e-06
"ENSG00000221955.11","SLC12A8"," protein_coding","chr3",844.143042690858,1.00611716988575,0.250833298744808,2.47865870010987e-06,2.5973581820264e-05
"ENSG00000222019.7","URAHP"," transcribed_unprocessed_pseudogene","chr16",12.4896366330881,1.65515362593518,0.488059417704516,2.7003947666035e-05,0.000211458174510052
"ENSG00000222033.1","LINC01124"," lncRNA","chr2",137.555655745723,2.76092974065756,0.564141631332266,3.84421187504502e-08,6.55333135715396e-07
"ENSG00000222898.1","RN7SKP97"," misc_RNA","chr8",3.5027678375052,1.7117725958003,0.685485528957983,0.000413098942945372,0.00223920599367416
"ENSG00000223361.5","FTH1P10"," transcribed_processed_pseudogene","chr5",5.10365040031854,-1.07586430734987,0.504745730927751,0.000930448293976701,0.00449746697332774
"ENSG00000223392.1","CLDN10-AS1"," lncRNA","chr13",6.11015569407029,4.92928252088593,1.38581506662193,8.82846631291648e-06,7.99091911836706e-05
"ENSG00000223394.2","TRBV29OR9-2"," TR_V_pseudogene","chr9",4.02165662996934,-1.37401923432914,0.800848238494491,0.00218316670614868,0.00919364228977771
"ENSG00000223462.2","AL353801.1"," lncRNA","chr10",6.6531574641191,-3.8866821650766,0.781128393707867,4.74042502572154e-08,7.88241370311832e-07
"ENSG00000223485.4","LINC01615"," lncRNA","chr6",6.51192753006129,2.10468003339758,0.999479994220491,0.000748934105806512,0.003745593714371
"ENSG00000223572.10","CKMT1A"," protein_coding","chr15",793.197424700446,-1.25987090561146,0.370771402124676,2.29650596081334e-05,0.000183843735680332
"ENSG00000223573.7","TINCR"," protein_coding","chr19",183.979876342266,-3.15994206465867,0.486073871055037,3.85377003725871e-12,1.58916246725309e-10
"ENSG00000223705.9","NSUN5P1"," transcribed_unprocessed_pseudogene","chr7",419.656183300908,1.16509473924427,0.435064511882968,0.000232500141355537,0.00137059382276027
"ENSG00000223749.11","MIR503HG"," lncRNA","chrX",23.630773498238,1.0906332883357,1.00288601636451,0.00340059624653567,0.0133417808497588
"ENSG00000223803.1","RPS20P14"," processed_pseudogene","chr3",59.3037317274592,1.2430260556411,0.411896583468319,7.94213821430576e-05,0.000541174331360146
"ENSG00000223806.8","LINC00114"," lncRNA","chr21",38.7656632601048,1.31013970071366,0.563042802399717,0.000525214992258553,0.0027607171204418
"ENSG00000223812.8","AC073365.1"," lncRNA","chr3",3.79301432250928,9.95121138717355,3.26618769251629,0.000383215214802533,0.00209720233220913
"ENSG00000223823.1","LINC01342"," lncRNA","chr1",39.1975799896912,1.54233676824815,0.783257487595422,0.00107932699799609,0.00509493829275118
"ENSG00000224020.1","MIR181A2HG"," lncRNA","chr9",9.24259054125241,1.29836798933862,0.580175924327108,0.000715182380977522,0.00360009145809064
"ENSG00000224051.7","CPTP"," protein_coding","chr1",2133.93605265136,-1.00873899184191,0.168440563903139,9.1274848763761e-11,2.80815074992811e-09
"ENSG00000224057.1","EGFR-AS1"," lncRNA","chr7",7.17488174669316,-2.79880705477324,0.544617025608955,0.0125529059298258,0.039124469048424
"ENSG00000224066.1","AL049795.1"," lncRNA","chr1",3.63591515815082,1.77901944141725,0.649512407018688,0.000237517478340263,0.00139478620582403
"ENSG00000224099.2","AC104823.1"," lncRNA","chr2",388.729394901853,9.91276359120641,1.18593832304799,1.25359348219907e-18,1.72411598496684e-16
"ENSG00000224126.2","UBE2SP2"," processed_pseudogene","chr17",4.83627318647756,1.74672684051172,0.673406896040728,0.000271554168971988,0.00155863929557786
"ENSG00000224167.2","LINC01357"," lncRNA","chr1",4.41659788603279,2.94983285345757,1.00861508015801,0.000138318267946022,0.000878406249460374
"ENSG00000224173.2","LINC02831"," lncRNA","chr2",2.61925847177716,6.70225815787093,2.87928340551587,0.000164164603375008,0.0010168806672416
"ENSG00000224189.8","HAGLR"," lncRNA","chr2",1189.54470299092,-2.0925082388465,0.575919266051251,9.3459019320436e-06,8.4123484445444e-05
"ENSG00000224269.1","AP000697.1"," lncRNA","chr21",2.86841589304982,7.18383458606457,2.65106665035464,1.87285849847962e-07,2.66152544411785e-06
"ENSG00000224271.7","AL117329.1"," lncRNA","chr22",4.02550562529761,3.36477971377715,1.75153961379994,0.0138251383755806,0.0422737957036829
"ENSG00000224307.2","AL161785.1"," lncRNA","chr9",13.4932704607035,-1.99086370868601,0.504047070268178,2.77451593525137e-06,2.86526370430763e-05
"ENSG00000224321.1","RPL12P14"," processed_pseudogene","chr1",70.5917413654616,-3.70510803278158,0.421584313084289,8.96799545171105e-20,1.50820309000848e-17
"ENSG00000224322.2","AC004009.1"," lncRNA","chr7",3.23376211075246,2.72280198435631,1.33671835218594,0.00115281886599802,0.00538081604149607
"ENSG00000224356.5","AL356966.1"," lncRNA","chr13",5.63570107846882,1.16355685159423,0.532566910425913,0.000794498415636466,0.00394128527811836
"ENSG00000224367.6","OACYLP"," transcribed_unitary_pseudogene","chr18",7.45060194427463,2.52705890060064,0.667839686545698,6.46461147232746e-06,6.06265123284614e-05
"ENSG00000224476.3","RPL36P16"," processed_pseudogene","chr19",2.8857550965532,2.31139974495005,0.681410642807449,3.89352244086244e-05,0.000291188828077219
"ENSG00000224550.1","NDUFA4P1"," processed_pseudogene","chr1",14.6033954749612,1.93425808469949,0.775454850706659,0.000325278791216685,0.00181782007667203
"ENSG00000224585.1","AC103563.1"," unprocessed_pseudogene","chr2",14.7095270825576,-4.42856934783096,0.691528586111287,1.41011027161692e-11,5.17167900521378e-10
"ENSG00000224607.4","IGKV1D-27"," IG_V_pseudogene","chr2",28.9674704071278,-2.66348389614827,0.672507797882737,2.04085788024976e-06,2.18548878512526e-05
"ENSG00000224628.2","AL121723.1"," processed_pseudogene","chr20",4.56177349194113,1.59630889453477,1.26797137155485,0.00295369396231905,0.0118578848025914
"ENSG00000224635.2","AL391095.1"," lncRNA","chr20",18.0424476992641,2.20453046786037,0.462839031803534,8.60195309715291e-08,1.34945477828608e-06
"ENSG00000224650.2","IGHV3-74"," IG_V_gene","chr14",1805.78014048418,-2.05847590782659,0.650090760760261,4.65715033392514e-05,0.000339613088156689
"ENSG00000224652.2","LINC00885"," lncRNA","chr3",2.66249240099957,2.5471521551042,1.28892698979945,0.00148164297536381,0.00664059205942535
"ENSG00000224721.1","AC007182.1"," lncRNA","chr14",108.010989600669,-6.94198280547429,0.665800775212055,5.5475678141466e-27,3.0519145103656e-24
"ENSG00000224728.1","IMPDH1P8"," processed_pseudogene","chr3",9.54106253274488,2.26328937561925,0.502202471981725,3.2210569973325e-07,4.30066096336563e-06
"ENSG00000224739.2","AC016735.1"," lncRNA","chr2",46.8896940623185,1.41799974642259,0.380606561417449,7.27151420002128e-06,6.72809942362246e-05
"ENSG00000224805.2","LINC00853"," lncRNA","chr1",20.0847077764054,1.09467187888382,0.398160083895093,0.000177393454551806,0.00108720482398839
"ENSG00000224812.3","TMEM72-AS1"," lncRNA","chr10",19.7521540539184,-1.23263899778394,0.401478781741456,7.59982323655296e-05,0.000520741107477382
"ENSG00000224817.2","AC010789.1"," lncRNA","chr10",14.2871209852617,5.071740876372,1.1485517577897,4.1682626116207e-07,5.39232633909864e-06
"ENSG00000224885.1","EIPR1-IT1"," lncRNA","chr2",1.70707080684462,1.75709671981559,1.16446318767937,0.00336176512114103,0.0132149899844975
"ENSG00000224903.2","RNF32-AS1"," lncRNA","chr7",22.5179162113867,2.00067620459395,0.339026289340257,1.86257577900507e-10,5.3311714845632e-09
"ENSG00000224940.9","PRRT4"," protein_coding","chr7",16.0166696711292,-3.23553081292934,0.701016398053688,2.00431449888824e-07,2.82361284743553e-06
"ENSG00000224945.1","AL353150.1"," lncRNA","chr9",24.8955323733315,2.12516335241613,0.50299247146507,9.41008235021801e-07,1.10945315264575e-05
"ENSG00000224968.2","LINC01645"," lncRNA","chr1",27.3871807685811,-4.31523309150472,0.621445745465671,3.88700221499255e-13,1.93207224952876e-11
"ENSG00000225093.1","RPL3P7"," processed_pseudogene","chr6",54.5637167565591,1.21101324982156,0.71593933709079,0.00171415140600308,0.00752677574892422
"ENSG00000225111.1","AC083900.1"," lncRNA","chr2",13.2178043112182,-2.84458613496059,0.530057648354615,2.60427170569597e-09,5.82961731196412e-08
"ENSG00000225138.8","SLC9A3-AS1"," lncRNA","chr5",526.934297475378,1.53095941188364,0.596132315842613,0.000295470504880467,0.00167488327757775
"ENSG00000225173.1","AL662890.1"," lncRNA","chr6",3.69446855810474,2.34372346356535,0.681292545881397,2.9712633033717e-05,0.000230060267893222
"ENSG00000225194.3","LINC00092"," lncRNA","chr9",27.2188249178134,-2.4708770626829,0.286885634748461,3.390341496458e-19,5.18368309867172e-17
"ENSG00000225210.10","DUXAP9"," transcribed_processed_pseudogene","chr14",4.1458180599968,2.7851483403229,1.00990614474188,0.000175048043505352,0.00107465659090159
"ENSG00000225267.1","RPL8P2"," processed_pseudogene","chr21",1.97117801021711,1.7533915803579,1.20372965429894,0.0028497654004499,0.0115075498093808
"ENSG00000225279.2","AL121987.1"," lncRNA","chr1",9.27896965278552,-1.08173549920235,0.66649514828772,0.00204586212028383,0.00870651536648389
"ENSG00000225328.2","LINC01594"," lncRNA","chr2",35.4762466320994,5.1855675468483,0.806045034128928,5.82649778926556e-12,2.2978914367434e-10
"ENSG00000225356.3","AC093840.1"," processed_pseudogene","chr4",30.6863514446252,1.67009324306604,0.833867056388171,0.00095539662877706,0.00460092934374567
"ENSG00000225366.4","TDGF1P3"," transcribed_processed_pseudogene","chrX",2.33408873737986,1.57366110776296,1.28634672564608,0.00356935906877979,0.0138864025715515
"ENSG00000225383.8","SFTA1P"," lncRNA","chr10",22.6700990439715,-4.86327371660011,0.543818906754779,4.41482581753412e-20,7.83040526696844e-18
"ENSG00000225398.3","PGM5P4"," unprocessed_pseudogene","chr2",6.9969828309541,-4.7406058785836,0.923245887774737,6.14095591571008e-09,1.27038334679489e-07
"ENSG00000225405.3","RPS15AP17"," processed_pseudogene","chr4",13.22664227791,2.69994245187736,0.825969218728126,3.41935600182123e-05,0.000260170858252389
"ENSG00000225465.9","RFPL1S"," lncRNA","chr22",6.42577470578064,-2.08965799827496,0.432390382186667,7.62048092366507e-08,1.21247828343294e-06
"ENSG00000225475.1","AC099789.1"," processed_pseudogene","chr1",2.38786349450762,2.26618463263294,1.18207136613123,0.00152460712329834,0.00680870913704148
"ENSG00000225489.7","AL354707.1"," lncRNA","chr9",163.590473960312,1.17588367843999,0.362219831617943,3.99769204242699e-05,0.000297808741014998
"ENSG00000225506.2","CYP4A22-AS1"," lncRNA","chr1",8.69026034800018,2.28629364327276,0.407272689215638,1.22338261662058e-09,2.9457383509103e-08
"ENSG00000225518.3","LINC01703"," lncRNA","chr1",22.4619190787374,1.18325475110915,0.399820183609372,9.96989817965888e-05,0.000660279443206219
"ENSG00000225523.2","IGKV6D-21"," IG_V_gene","chr2",67.4778461247936,-2.84920962379908,0.639668797560431,3.01976373041065e-07,4.06366049592326e-06
"ENSG00000225536.2","STIP1P3"," processed_pseudogene","chrX",5.73344583438271,2.74136682227875,0.975354022076006,0.000157570734372757,0.000981468220355199
"ENSG00000225556.1","C2CD4D"," protein_coding","chr1",58.792148307673,1.14938686159062,0.330469287066144,1.73464328113091e-05,0.000143666883436966
"ENSG00000225616.2","AL138785.1"," processed_pseudogene","chr1",55.02298754355,4.03929644936921,0.922355142913078,4.1608953211154e-07,5.38494179955197e-06
"ENSG00000225680.1","AL163953.1"," lncRNA","chr14",22.5550748180808,3.22316121107148,0.60693894730317,5.09205522744729e-09,1.07253684991878e-07
"ENSG00000225698.3","IGHV3-72"," IG_V_gene","chr14",682.805008701077,-2.77549612829036,0.661002477493605,9.21217916954248e-07,1.09047743065284e-05
"ENSG00000225731.1","PDE9A-AS1"," lncRNA","chr21",45.8934435038504,-5.42995202810876,0.868916435607491,2.24164847854342e-11,7.81519079662324e-10
"ENSG00000225742.6","LINC02036"," lncRNA","chr3",2.19911790301256,2.6818993804827,1.23354482810599,0.000681299735328317,0.00345201792214901
"ENSG00000225762.1","LINC01389"," lncRNA","chr1",42.3182998716692,-1.3122947675243,0.507002557269632,0.000261992842709845,0.00151433443237204
"ENSG00000225914.3","TSBP1-AS1"," lncRNA","chr6",12.092125882787,-2.34632446852364,0.373649224132519,1.70786793926222e-11,6.13886794823622e-10
"ENSG00000225969.2","ABHD11-AS1"," transcribed_unitary_pseudogene","chr7",468.309402963955,-1.92485934406704,0.349164603757244,1.46789044023064e-09,3.46784009531634e-08
"ENSG00000226132.1","RPS3AP46"," processed_pseudogene","chr14",3.55701705384562,2.89326051146508,1.08229244352577,0.000295607477486496,0.00167536712139981
"ENSG00000226174.7","TEX22"," protein_coding","chr14",15.5556490463747,1.10205935438351,0.632965097011744,0.00173629407088211,0.00760484601940221
"ENSG00000226235.1","LEMD1-AS1"," lncRNA","chr1",2.48693984772937,1.51546351695357,1.48883574714125,0.00437805765542013,0.0164553081005579
"ENSG00000226237.2","GAS1RR"," lncRNA","chr9",19.7300956802239,-2.73015514527603,0.718033972696511,4.77147798155197e-06,4.63135862216549e-05
"ENSG00000226287.8","TMEM191A"," transcribed_unprocessed_pseudogene","chr22",166.907827870381,1.28962019639969,0.385691818078614,2.81140853130388e-05,0.000219515752006402
"ENSG00000226306.6","NPY6R"," transcribed_processed_pseudogene","chr5",128.396472193034,-3.01336228290392,1.24652477896442,0.000329445538304877,0.00183889321507512
"ENSG00000226320.6","LINC01811"," lncRNA","chr3",26.6442171755282,5.53860628072663,0.805779564333942,2.96563460902535e-13,1.50875498651638e-11
"ENSG00000226329.2","AC005682.1"," unprocessed_pseudogene","chr7",12.6390207510593,-2.05094242291906,0.441475654677683,1.17299272491779e-07,1.77579281088534e-06
"ENSG00000226380.9","AC016831.1"," lncRNA","chr7",22.9050444791916,1.60318284816641,0.489238235617739,3.54472082089251e-05,0.000268317510271756
"ENSG00000226396.1","AL031727.1"," processed_pseudogene","chr1",51.3253867395009,1.10346139793809,0.487220390282053,0.000598164163131645,0.00308962641739767
"ENSG00000226419.8","SLC16A1-AS1"," lncRNA","chr1",105.701231145758,1.71132094498073,0.417467846746945,1.55929353319815e-06,1.72853652665798e-05
"ENSG00000226450.2","CYP2D8P"," unprocessed_pseudogene","chr22",16.9784067951108,1.2287268280858,0.451421844623649,0.000196808015322663,0.00118802204971973
"ENSG00000226468.2","AC018641.1"," processed_pseudogene","chr7",6.36196373933789,3.02352120715854,1.13184504002742,0.000229167335966312,0.00135537780444507
"ENSG00000226476.6","LINC01748"," lncRNA","chr1",166.833154618967,4.59932494241841,0.659399575545949,1.39699069857346e-13,7.54467954979988e-12
"ENSG00000226496.3","LINC00323"," lncRNA","chr21",10.4052562033211,1.1054177875404,0.58810808511042,0.00135490087046125,0.00616378902874587
"ENSG00000226519.2","LINC00390"," lncRNA","chr13",63.0618049266438,-2.97968119722616,0.644054409664644,1.33898743932775e-07,1.99087743040313e-06
"ENSG00000226530.2","AL158055.1"," lncRNA","chrX",6.19565349825183,-2.91082399728475,0.626287638285082,1.65702962637505e-07,2.39873409896926e-06
"ENSG00000226532.1","AL022718.1"," processed_pseudogene","chrX",52.7902441521198,5.89029752291688,1.23252143579771,6.5451518999072e-08,1.05640248815111e-06
"ENSG00000226539.1","MLXP1"," processed_pseudogene","chr2",5.33461076417213,3.84077242133707,1.19747185900864,3.516679318364e-05,0.000266505667325377
"ENSG00000226562.4","CYP4F26P"," lncRNA","chr9",3.13956544975191,2.35044359752528,1.41254597096008,0.00208655808966936,0.00886343442932706
"ENSG00000226564.1","FTH1P20"," processed_pseudogene","chr2",101.876517807689,-1.85182363401482,0.433209134163111,7.71955108426488e-07,9.3423262152524e-06
"ENSG00000226629.1","LINC00974"," lncRNA","chr17",30.8098729232774,-4.27783389932876,0.99080802712245,1.41871543994803e-06,1.59282828605442e-05
"ENSG00000226644.5","AL121899.1"," lncRNA","chr20",2.03999503114569,1.54938673484056,1.13944289815665,0.00366336990946055,0.0141817613000314
"ENSG00000226666.1","HSPA9P1"," processed_pseudogene","chr2",8.76921247699201,1.28019809580751,0.689285816840766,0.00129540940136205,0.0059337282457535
"ENSG00000226747.6","FSIP2-AS2"," lncRNA","chr2",6.6101781609333,1.32662818222485,0.92985228069941,0.00269181725714006,0.0109666128445151
"ENSG00000226791.7","LINC02611"," lncRNA","chr2",21.6788175573706,-1.34322732508788,0.413546186539196,3.67744358118455e-05,0.000277029647003954
"ENSG00000226883.1","AL035416.1"," lncRNA","chr1",2.93667791615515,2.35925970126255,0.994599488709008,0.000620367008516038,0.00318655995607114
"ENSG00000226887.8","ERVMER34-1"," protein_coding","chr4",102.012000801658,2.63294908740204,0.719293072192665,8.42923600511096e-06,7.67235396112988e-05
"ENSG00000227051.7","C14orf132"," protein_coding","chr14",494.756210168956,-1.63570494071091,0.516871512495665,4.91195695434046e-05,0.00035664199727956
"ENSG00000227066.2","Z98257.1"," lncRNA","chr1",4.73097545791755,2.90309026103585,1.04885130810848,0.000187122386857579,0.00113716877600137
"ENSG00000227088.2","AC012494.1"," lncRNA","chr2",3.06897668450053,4.31476314004005,1.52158726545396,0.000108525122603158,0.000710756341697601
"ENSG00000227110.7","LMCD1-AS1"," lncRNA","chr3",15.5530420477941,1.06458178768509,0.362837631428501,0.000113707396971143,0.000740215541694616
"ENSG00000227115.8","LINC01630"," lncRNA","chr18",3.03806940270484,3.11953444238549,1.53361373930786,0.000935906963343683,0.00452048634169781
"ENSG00000227121.2","LINC02672"," lncRNA","chr10",5.55990554233503,4.85351456425585,0.774091633377668,5.09257746615677e-05,0.000368222052565196
"ENSG00000227191.8","TRGC2"," TR_C_gene","chr7",49.1680326418071,-1.40887735852494,0.540867169419258,0.00025338197849812,0.00147124727336171
"ENSG00000227210.2","AC079145.1"," lncRNA","chr2",10.6009003818348,3.04606037195036,0.671125481495376,2.81543124872545e-07,3.82676999460346e-06
"ENSG00000227243.3","SLAMF6P1"," unprocessed_pseudogene","chr1",44.2268313834692,-3.60733138950608,0.381176886065562,4.15879816360099e-22,1.07989016635329e-19
"ENSG00000227304.3","AC067942.1"," transcribed_processed_pseudogene","chr4",9.02353847292251,1.47666407616656,1.17695233579653,0.00280460032231281,0.0113590862567543
"ENSG00000227372.12","TP73-AS1"," transcribed_unitary_pseudogene","chr1",242.328006729271,-1.85658146087978,0.360514986206732,1.0494370157467e-08,2.04334892964045e-07
"ENSG00000227376.1","FTH1P16"," processed_pseudogene","chr11",39.2094927696704,-1.1543394526345,0.409563637196665,0.000142294372121255,0.000899433443098674
"ENSG00000227467.3","LINC01537"," lncRNA","chr11",10.7969894118967,-2.96677840641686,0.51385222134115,6.64371210545224e-10,1.71144132951404e-08
"ENSG00000227542.1","AC092614.1"," lncRNA","chr2",13.4440618374312,1.45790240752767,0.417903798976385,1.90195622100238e-05,0.000155932546151289
"ENSG00000227579.6","AL136114.1"," lncRNA","chr1",2.53318203123238,4.58080975463415,1.84650286945868,0.000276450907496969,0.00158226830462645
"ENSG00000227619.3","AL391056.1"," lncRNA","chr9",77.1356867933578,3.37070251453417,0.636299248017445,4.5757435582247e-09,9.77745124508607e-08
"ENSG00000227630.4","LINC01132"," lncRNA","chr1",22.4262902740287,1.35281334326797,0.348880871119721,4.1683456770802e-06,4.09740048415109e-05
"ENSG00000227742.2","CALR4P"," transcribed_unitary_pseudogene","chr1",15.946557488655,-2.71580415316323,0.631950497135459,6.31039970613314e-07,7.80277918711122e-06
"ENSG00000227857.2","AL358075.2"," lncRNA","chr1",2.22255054804256,1.4870232463556,0.87125749274816,0.00231358149440374,0.00965469634165038
"ENSG00000227908.3","FLJ31104"," lncRNA","chr5",14.5706534828199,-1.73253851801967,0.419099160567138,1.30737559895829e-06,1.48425313714544e-05
"ENSG00000227992.1","AC108463.1"," processed_pseudogene","chr2",4.14815665472076,1.83028953010745,0.64327766103359,0.000155222976277598,0.000968703588544182
"ENSG00000228007.1","AC011933.1"," processed_pseudogene","chr17",4.07391096836659,1.75307829763865,1.21163110019501,0.00248299448690817,0.0102548714920556
"ENSG00000228013.1","IL6R-AS1"," lncRNA","chr1",7.6093514506558,-2.17276026987206,0.458190284088431,1.10668927135627e-07,1.69119210780047e-06
"ENSG00000228109.1","MELTF-AS1"," lncRNA","chr3",44.0346359643574,1.70934719428889,0.329150361642437,8.67333333039688e-09,1.71972543211987e-07
"ENSG00000228127.3","LINC01649"," lncRNA","chr1",2.12183754204511,2.07796640781031,0.892454538075944,0.000806475992253405,0.00399300385154085
"ENSG00000228146.8","CASP16P"," transcribed_unitary_pseudogene","chr16",28.0030913637694,-2.86402247838151,0.413924912910641,6.45227918292963e-05,0.00045203556598215
"ENSG00000228168.1","HNRNPA1P21"," processed_pseudogene","chr3",19.3314665414604,1.89024311102891,0.567746584631588,2.95323199757083e-05,0.000228815834214313
"ENSG00000228222.1","AC073050.1"," lncRNA","chr2",7.42893573804051,-3.00555977276588,0.660020248081446,3.68922570341685e-07,4.85386655376992e-06
"ENSG00000228252.9","COL6A4P2"," transcribed_unitary_pseudogene","chr3",18.5300045730288,1.23657943094376,1.20870110098114,0.00350158375556444,0.0136657679343034
"ENSG00000228278.5","ORM2"," protein_coding","chr9",5.28571654245979,2.15983044388784,0.667219456238104,4.22280937534048e-05,0.000311877227883332
"ENSG00000228307.2","OR2S1P"," transcribed_unprocessed_pseudogene","chr9",37.198111421598,-2.686495127795,0.42747045625793,1.81713596961756e-11,6.4671709760797e-10
"ENSG00000228399.1","AL109741.2"," processed_pseudogene","chr1",10.4869809805951,2.29416735157521,0.820767073532752,0.000145989377551241,0.00091845688776584
"ENSG00000228437.5","LINC02474"," lncRNA","chr1",14.6413811619947,5.99444742061963,1.48396976956837,4.57182295427786e-07,5.839914578904e-06
"ENSG00000228444.2","AL137244.1"," lncRNA","chr13",8.33597959164567,1.17294908175392,0.95032864093308,0.00316938997935643,0.0125729723722746
"ENSG00000228446.2","ANKRD49P1"," processed_pseudogene","chr2",3.61682650348949,1.3773010116551,0.661801566158804,0.00114615075747987,0.00535433556145719
"ENSG00000228462.1","RPS19P7"," processed_pseudogene","chr10",9.66178957669601,2.57603930161952,1.003459196167,0.000261714901296155,0.00151340500022637
"ENSG00000228495.2","LINC01013"," lncRNA","chr6",12.0918596065804,-3.9607488572002,0.538186629279262,3.87898904283199e-14,2.34895944687016e-12
"ENSG00000228526.7","MIR34AHG"," lncRNA","chr1",198.103034249578,2.06139922577713,0.399240006192297,9.95850324111584e-09,1.94953617732291e-07
"ENSG00000228566.2","AC013287.1"," lncRNA","chr10",5.35417037447802,2.62988660278626,0.89220725798051,0.000113317346632137,0.000738268654553573
"ENSG00000228594.4","FNDC10"," protein_coding","chr1",329.195997353112,1.28821400906296,0.454790784239116,0.000143230858204012,0.000904296283910876
"ENSG00000228705.2","LINC00659"," lncRNA","chr20",27.2409823913172,4.34152673795125,0.67128468149999,4.27927351451123e-12,1.74493291123122e-10
"ENSG00000228742.11","LINC02577"," lncRNA","chr7",27.9600596099534,6.71150954946617,0.910159306907285,3.9569727352096e-15,2.89921943655605e-13
"ENSG00000228847.1","ATP5MC2P4"," processed_pseudogene","chrX",6.94517885308251,1.51812019256948,1.10147700626377,0.0025105482812659,0.0103502319463138
"ENSG00000228874.1","AC090954.1"," processed_pseudogene","chr3",3.65265940121004,1.49288290834737,1.11974900750992,0.00312455878735441,0.0124278142726223
"ENSG00000228887.3","EEF1DP1"," processed_pseudogene","chr19",43.2138667502874,1.51708177931019,0.49186902454268,6.35131209429615e-05,0.000446310647232441
"ENSG00000228903.7","RASA4CP"," transcribed_unprocessed_pseudogene","chr7",181.391448084869,-1.19544402384336,0.299950045076535,2.55916472151127e-06,2.66833821171901e-05
"ENSG00000228981.3","AC097658.1"," processed_pseudogene","chr4",25.4779461349706,1.43234947711019,0.530211248602613,0.000203750835681259,0.00122514720721421
"ENSG00000229056.2","HECW2-AS1"," lncRNA","chr2",18.748741122886,-1.96939148591819,0.463191782991198,7.01144665922092e-07,8.57165859378503e-06
"ENSG00000229155.1","LINC02038"," lncRNA","chr3",107.998066723592,-2.2426730393991,0.348339533000558,5.28276299513662e-12,2.10132256490373e-10
"ENSG00000229274.2","LINC02829"," lncRNA","chr6",10.0997184332634,-4.21919907509009,0.700173049145714,9.83094581036752e-11,3.00181410266142e-09
"ENSG00000229358.3","DPY19L1P1"," unprocessed_pseudogene","chr7",74.4880039567867,1.14843113589059,0.248124819513879,1.55561788689997e-07,2.26829494038631e-06
"ENSG00000229404.6","LINC00858"," lncRNA","chr10",41.6124937486418,6.43670957507345,0.960562079845948,9.57867100353857e-13,4.42253916689694e-11
"ENSG00000229782.1","AC118754.1"," lncRNA","chr17",2.66492804563843,2.22676984457413,0.853045524062822,0.00035869989646003,0.00198207035057876
"ENSG00000229835.2","KHSRPP1"," processed_pseudogene","chr9",5.26066060918556,2.59259652218156,0.97698928386058,0.0002487951187462,0.00144928068274662
"ENSG00000229891.2","LINC01315"," lncRNA","chr22",122.969500984567,1.49306789435467,0.473947351557917,5.3586000958084e-05,0.000385082962499813
"ENSG00000229950.1","TFAP2A-AS1"," lncRNA","chr6",14.8399713713002,3.7471751478193,0.656831127768139,4.53564487122651e-10,1.22172581933834e-08
"ENSG00000229960.1","AL590483.1"," lncRNA","chr1",4.94486066439438,3.62708682467645,0.787535229600533,2.6704446710954e-07,3.6495702372385e-06
"ENSG00000229970.3","AC007128.1"," lncRNA","chr7",23.1526431750871,5.03586527088714,0.65087565474183,1.03768222872058e-15,8.48390170776132e-14
"ENSG00000230061.2","TRPM2-AS"," lncRNA","chr21",121.500039639725,3.83232047116699,0.643043051630742,1.09133035676429e-10,3.28898799627254e-09
"ENSG00000230082.1","PRRT3-AS1"," lncRNA","chr3",54.0824305715385,1.30534588185007,0.531407006054154,0.000380085414171311,0.00208216242585189
"ENSG00000230107.1","AL022316.1"," lncRNA","chr22",9.93519648689932,3.36480525756912,0.772206795680479,0.000234463222080845,0.00137941041549756
"ENSG00000230191.1","IFITM3P4"," processed_pseudogene","chr7",8.20495939387244,1.84019453730055,1.94349009015376,0.003190786461314,0.0126470322336463
"ENSG00000230204.1","FTH1P5"," processed_pseudogene","chr6",17.5433384798731,-2.17657114655545,0.454325942139952,1.02714224721613e-07,1.58379967031549e-06
"ENSG00000230215.1","LINC01840"," lncRNA","chr3",4.42862304175884,1.20410382824861,1.38766644033604,0.00411187825680283,0.0156243671809069
"ENSG00000230234.1","AL162582.1"," lncRNA","chr6",15.5268581737652,4.99109702087319,1.24605580777906,1.93197105673202e-06,2.08539795674786e-05
"ENSG00000230316.7","FEZF1-AS1"," lncRNA","chr7",125.987730650965,8.94695798700374,0.973625426647332,6.57054553695734e-22,1.65323075223691e-19
"ENSG00000230356.1","NCAPD2P1"," processed_pseudogene","chr7",5.87119961825665,3.12984396244161,0.987462261648038,5.29274016148491e-05,0.000380912993706158
"ENSG00000230417.12","LINC00595"," lncRNA","chr10",14.2662313966012,-3.30724570578186,0.642518740959995,1.20360337895268e-08,2.31436957784633e-07
"ENSG00000230426.4","LINC01036"," lncRNA","chr1",12.0933949727041,2.95323920526725,0.835573933475269,1.24475157986936e-05,0.000108027130426203
"ENSG00000230453.9","ANKRD18B"," protein_coding","chr9",6.86235592516864,3.41693870620769,0.952046544756392,1.23275782448306e-05,0.000107158150688461
"ENSG00000230454.1","U73166.1"," lncRNA","chr3",25.4086316572082,1.17468441768492,0.531459522275076,0.000718991870004456,0.00361590302395486
"ENSG00000230461.9","PROX1-AS1"," lncRNA","chr1",41.2186188464194,1.94257474495594,0.386138354366032,2.02784676631259e-08,3.70607265433412e-07
"ENSG00000230490.3","AL139383.1"," lncRNA","chr13",27.6233397833743,-1.32927322554503,0.329268241991618,1.78181259413461e-06,1.94139218463985e-05
"ENSG00000230524.8","COL6A4P1"," transcribed_unprocessed_pseudogene","chr3",5.57726524591128,1.76333462162318,0.554835195452405,6.40534118322048e-05,0.000449329077425914
"ENSG00000230561.4","CCDC192"," protein_coding","chr5",22.323014458402,1.26571729880732,0.628259332070118,0.000997703192714705,0.00476507507785961
"ENSG00000230779.1","AL161636.2"," processed_pseudogene","chr1",3.99768106090291,2.18750013299863,0.876176592727653,0.000361931191769431,0.00199719765906111
"ENSG00000230798.5","FOXD3-AS1"," lncRNA","chr1",9.7654558532407,-2.46571811271994,0.563193115799801,5.94324289476824e-07,7.38254029385332e-06
"ENSG00000230834.1","AC068580.2"," lncRNA","chr11",2.02802888529532,6.48447336100653,2.5688547362433,1.73088149415139e-06,1.89480443632937e-05
"ENSG00000230910.4","AL391807.1"," lncRNA","chr6",7.41367518404942,-4.27085098070087,0.734472450332084,3.28007496231006e-10,9.03008253830872e-09
"ENSG00000230916.2","MTCO1P53"," processed_pseudogene","chrX",9.02848893054838,-3.72388066045307,0.495295942861003,0.00936816338012681,0.0308232992389413
"ENSG00000231172.2","AC007099.1"," lncRNA","chr2",10.1529581456301,5.90070439862604,1.0601788931544,5.90000148560697e-11,1.90737297222015e-09
"ENSG00000231185.7","SPRY4-AS1"," lncRNA","chr5",7.33019387286453,3.02883035178783,0.581139970064389,1.21520093751385e-08,2.33252466172825e-07
"ENSG00000231205.11","ZNF826P"," transcribed_unprocessed_pseudogene","chr19",39.7697549653747,-1.34983050323734,0.352740003306263,5.04768568567276e-06,4.85589158226338e-05
"ENSG00000231221.1","LINC01593"," lncRNA","chr2",7.1235862612153,6.54378023523911,1.67614268003239,2.56820878321753e-07,3.52022469111802e-06
"ENSG00000231246.2","LINC02884"," lncRNA","chr1",111.120504878754,-1.87574312183506,0.414321461504272,2.36045995924157e-07,3.27417988705397e-06
"ENSG00000231252.3","AC099792.1"," lncRNA","chr1",28.1268393527885,3.68305398916306,0.663546908125993,1.26271558379414e-09,3.02473966190332e-08
"ENSG00000231346.5","LINC01160"," lncRNA","chr1",4.51768148249281,-2.55822698476152,0.540698616376528,0.0024539873972765,0.010147983557243
"ENSG00000231369.1","Z97353.1"," processed_pseudogene","chr22",23.3407164732292,1.8294193779406,0.801409891208603,0.000540965907552707,0.00283204377860416
"ENSG00000231412.2","AC005392.2"," lncRNA","chr19",141.260188241925,-3.66864368391973,0.855423892969234,5.87480624606875e-07,7.3087183263664e-06
"ENSG00000231424.3","BX284613.2"," lncRNA","chr1",19.5827149058305,-2.02403447680557,0.481538100406427,1.00100077776108e-06,1.17167267380343e-05
"ENSG00000231439.4","WASIR2"," lncRNA","chr16",4.26711222395782,2.55921672261266,0.809165784473365,6.06154513759156e-05,0.000429200768053985
"ENSG00000231503.4","PTMAP4"," processed_pseudogene","chr12",53.9420870902081,1.7081011345877,0.548071536133372,5.8507364147506e-05,0.000416193254822395
"ENSG00000231566.2","LINC02595"," lncRNA","chrX",11.796552544771,2.78690152854943,0.444283041992637,1.76290231960893e-11,6.30179333588839e-10
"ENSG00000231672.8","DIRC3"," lncRNA","chr2",9.53295840188113,-2.51876087779152,0.540629060405907,1.70195901570029e-07,2.44867844554964e-06
"ENSG00000231684.3","EIF1P3"," processed_pseudogene","chr1",12.3018517102788,2.4132218474822,0.862132268387224,0.00014234319735256,0.000899566880776752
"ENSG00000231703.2","AL354993.1"," lncRNA","chr20",19.2514214362237,1.39484744321918,0.693155144383578,0.00100197952519802,0.00478057495647177
"ENSG00000231707.4","PABPC1P1"," processed_pseudogene","chr4",8.64003809287518,1.65084806380448,0.723326783909911,0.000572429363453191,0.0029737375606536
"ENSG00000231749.3","ABCA9-AS1"," lncRNA","chr17",6.09699582157757,3.529623074065,1.48278031006164,0.000402962142143789,0.00219200405753951
"ENSG00000231758.3","ARHGAP15-AS1"," lncRNA","chr2",8.74082503522822,-4.22071257194696,0.753065475972576,1.10041622298987e-09,2.6936131045102e-08
"ENSG00000231764.10","DLX6-AS1"," lncRNA","chr7",26.6747921341713,3.9643894924785,0.955422316013548,1.06713009490356e-06,1.24146625879497e-05
"ENSG00000231881.2","AL109615.2"," lncRNA","chr6",14.400239633988,1.71040490670223,0.570762251298137,9.53395357288332e-05,0.000635557743003998
"ENSG00000231890.8","DARS-AS1"," lncRNA","chr2",31.554982655136,1.0659137249652,0.488494563992692,0.000718838671076206,0.00361569279184744
"ENSG00000231982.1","AC112907.2"," unprocessed_pseudogene","chr3",5.56940958755904,1.39876700706005,0.732325570025268,0.00133082481047494,0.00607879421592959
"ENSG00000232021.7","LEF1-AS1"," lncRNA","chr4",7.51665639411709,2.29464747764655,0.459107494861529,3.42328332853929e-08,5.91655645781301e-07
"ENSG00000232023.3","LINC01807"," lncRNA","chr2",14.4322209220791,4.2398755082432,1.10732555555231,4.85434086511425e-06,4.69773988669882e-05
"ENSG00000232070.9","TMEM253"," protein_coding","chr14",73.767673280958,-4.09680819090102,0.332219666512528,7.56771151131585e-23,2.27437759476194e-20
"ENSG00000232175.1","AL122003.1"," processed_pseudogene","chr1",7.30516302901046,-4.70953512586114,0.845485057341891,1.76630388078745e-10,5.08701786713391e-09
"ENSG00000232203.3","SLC25A6P2"," processed_pseudogene","chr9",15.3301028970335,3.54977492881722,1.21654183892244,9.66434055092701e-05,0.00064266577668918
"ENSG00000232237.3","ASCL5"," protein_coding","chr1",36.8295657872734,3.43596022690323,0.618859546275283,1.2406567753027e-09,2.97849390627035e-08
"ENSG00000232284.7","GNG12-AS1"," lncRNA","chr1",54.5729449725762,-1.37073046873477,0.352852570271426,3.82808672469045e-06,3.80240002779445e-05
"ENSG00000232442.1","MHENCR"," lncRNA","chr20",152.747139088883,1.04354605346702,0.372673737355266,0.00015713921804791,0.000979156217968723
"ENSG00000232445.2","EMSLR"," lncRNA","chr7",111.182001024645,3.07209474157986,0.631117184357906,4.35985820922253e-08,7.32855874252391e-07
"ENSG00000232555.2","AC104088.1"," lncRNA","chr2",5.70478017473484,1.66704981447885,0.986488841191336,0.00181890614149531,0.00788050262203517
"ENSG00000232560.7","LINC01549"," lncRNA","chr21",6.48063161475535,4.94291054647032,1.38056474860669,5.69833915335223e-06,5.4112548929054e-05
"ENSG00000232679.2","LINC01705"," lncRNA","chr1",4.98701450437193,4.73826326180293,1.70598602842847,8.34327366587989e-05,0.000565947704591702
"ENSG00000232721.2","AC239800.2"," lncRNA","chr1",15.4846620676109,2.03355548398192,1.33912441612742,0.00190955322023551,0.00821366000826983
"ENSG00000232803.1","SLCO4A1-AS1"," lncRNA","chr20",108.836210875507,2.84162842727142,0.39080308100024,1.65889269499372e-14,1.07688678188212e-12
"ENSG00000232850.3","PTGES2-AS1"," lncRNA","chr9",18.2975529771107,2.49826169497402,0.383976136201654,4.19382615554845e-12,1.71439810273037e-10
"ENSG00000232855.7","AF165147.1"," lncRNA","chr21",25.6759059646698,-2.85001400822977,0.418128485517353,4.97457887305078e-13,2.42804332423281e-11
"ENSG00000232888.4","RPS11P5"," processed_pseudogene","chr12",106.084397891608,1.04443045910214,0.803235410888917,0.0028205307527483,0.0114107923685285
"ENSG00000232956.9","SNHG15"," lncRNA","chr7",649.789248070888,1.50443106414777,0.226760815511371,1.41935107902904e-12,6.39244650655237e-11
"ENSG00000233017.3","AL121832.1"," lncRNA","chr20",12.9362298351969,1.52705937444128,0.788225990207847,0.00117717790545647,0.00548032708768018
"ENSG00000233093.6","LINC00892"," lncRNA","chrX",14.3189259689635,-2.08343102490473,0.419210668777799,2.3086309501146e-08,4.16297463215665e-07
"ENSG00000233155.1","HMGA1P8"," processed_pseudogene","chr2",5.31336829944438,1.97913436203553,0.587767950479901,2.84192516800868e-05,0.00022119309957789
"ENSG00000233221.7","AC133785.1"," lncRNA","chr2",9.05274522337344,5.59697652185738,1.27517580461821,1.48911579885491e-07,2.18815037419635e-06
"ENSG00000233237.8","LINC00472"," lncRNA","chr6",36.3928092625488,-1.87232924669423,0.449614652759108,1.17284631108672e-06,1.34707167605282e-05
"ENSG00000233287.1","AC009362.1"," processed_pseudogene","chr7",11.0836941002756,3.54011184854068,0.94040652397016,6.61891053113039e-06,6.19125642707292e-05
"ENSG00000233384.3","CNIH3-AS2"," lncRNA","chr1",3.45764852652014,2.98847452522737,0.879074775143515,3.62389111848561e-05,0.000273544785869316
"ENSG00000233532.6","LINC00460"," lncRNA","chr13",26.4439097218934,8.74326631765658,1.47266446073334,2.52935638159502e-17,2.80197438340653e-15
"ENSG00000233542.2","AL391845.2"," lncRNA","chr1",4.90810341390715,3.22193108593453,0.771204037767246,1.63615177333522e-06,1.8020432391895e-05
"ENSG00000233578.1","EIF4EP1"," processed_pseudogene","chr20",13.4173348177041,1.06119372776295,1.40282999364786,0.00406339900935759,0.0154800240664001
"ENSG00000233670.7","PIRT"," protein_coding","chr17",93.9874427040676,-3.39997017413042,0.821973076340125,1.28796155328913e-06,1.46477421501957e-05
"ENSG00000233672.9","RNASEH2B-AS1"," lncRNA","chr13",17.5957063271766,1.14192532139654,0.498638979674965,0.000603881714344624,0.00311469770923213
"ENSG00000233680.4","HNRNPA1P27"," processed_pseudogene","chrX",13.6770730390529,1.96032686627397,0.509487931356702,4.57029245530725e-06,4.45473130673762e-05
"ENSG00000233695.2","GAS6-AS1"," lncRNA","chr13",398.334257164959,3.32584431305734,0.607912047010199,1.84427669014674e-09,4.26972416610433e-08
"ENSG00000233760.2","AC004947.1"," lncRNA","chr7",15.0089422924277,-2.68527904076252,0.534030045166816,2.86188063560059e-08,5.0566642172196e-07
"ENSG00000233839.1","AL357055.1"," processed_pseudogene","chr1",6.85577724209486,4.21356891791088,1.51281509534863,0.000171587901023276,0.00105641124647449
"ENSG00000233845.1","AC093732.1"," lncRNA","chr2",5.34802834934434,2.56269864995354,1.14735235314646,0.000657196461799437,0.00334713365088438
"ENSG00000233854.2","POU6F2-AS2"," lncRNA","chr7",34.9203208879596,4.18837785562646,1.05550737138611,2.37818871200691e-06,2.50702335869829e-05
"ENSG00000233966.1","UBE2SP1"," processed_pseudogene","chr17",20.9633406338364,1.87923064156354,0.423659448440055,3.17632029159309e-07,4.2496704049682e-06
"ENSG00000233999.3","IGKV3OR2-268"," IG_V_gene","chr2",52.1414159286717,-3.38091384475167,0.564433098546616,8.50671844793042e-11,2.63213600937012e-09
"ENSG00000234062.8","AL390879.1"," transcribed_unprocessed_pseudogene","chrX",76.4772248719619,1.41421164845103,0.327639776650253,6.3158869441023e-07,7.80507419026297e-06
"ENSG00000234065.2","MTND4P26"," processed_pseudogene","chr2",3.59355352927648,2.37604863381901,0.864970101580573,0.000215924287202438,0.00128784831202072
"ENSG00000234123.1","RHBDF1P1"," processed_pseudogene","chr3",3.76049875495904,3.30413764730499,1.27419181285289,0.000298364767517132,0.00168804664878352
"ENSG00000234155.1","LINC02535"," lncRNA","chr6",458.221375735224,-1.69891476116769,0.508234531160351,2.68214498879928e-05,0.000210231977895308
"ENSG00000234156.3","AL359636.2"," lncRNA","chr9",6.25685641278255,2.25032024219962,0.852862532465178,0.000238480842837375,0.00139873711543468
"ENSG00000234175.1","AL355355.2"," processed_pseudogene","chr10",12.5281672312105,-1.6423310122115,0.298603468252834,2.24246887127644e-09,5.08637698280158e-08
"ENSG00000234323.8","LINC01505"," lncRNA","chr9",5.88722301125455,-2.90836303374562,0.625858093808657,2.20639713966175e-07,3.07229679790395e-06
"ENSG00000234350.5","AC007405.1"," lncRNA","chr2",30.6521829357817,2.61990040419785,0.675260710249691,3.8104239345592e-06,3.78801654113086e-05
"ENSG00000234380.2","LINC01426"," lncRNA","chr21",16.1245857405013,1.04801279196527,0.62453353087852,0.00188386391361796,0.00812577473863281
"ENSG00000234420.7","ZNF37BP"," transcribed_processed_pseudogene","chr10",465.024507459582,1.02501920986282,0.301923229008085,2.62083198734502e-05,0.000206073073268519
"ENSG00000234432.4","AC092171.3"," lncRNA","chr7",76.599095007135,1.45781411138538,0.281247305055432,8.86673820430487e-09,1.75378786493192e-07
"ENSG00000234456.8","MAGI2-AS3"," lncRNA","chr7",273.079887268235,-1.70655086557635,0.373251341457153,1.86192606575071e-07,2.651794481884e-06
"ENSG00000234494.7","SP2-AS1"," lncRNA","chr17",64.1766676128674,1.1029294788913,0.303785395999075,1.01922872799942e-05,9.06856525586765e-05
"ENSG00000234546.4","LNCTAM34A"," lncRNA","chr1",23.121768192222,2.00407666657528,0.411630479862681,5.12791767960148e-08,8.4832799207189e-07
"ENSG00000234602.9","MCIDAS"," protein_coding","chr5",32.07817370323,4.0435333995533,0.477710186291296,1.01687639660658e-18,1.42266267590761e-16
"ENSG00000234618.1","RPSAP9"," processed_pseudogene","chr9",44.421446061903,-1.44429029494638,0.406295140050681,1.32954806818362e-05,0.000114468093361019
"ENSG00000234638.1","AC053503.3"," lncRNA","chr2",8.58024925592011,-4.24869220282268,0.856238023563656,5.20024716430964e-08,8.57235258807325e-07
"ENSG00000234753.5","FOXP4-AS1"," lncRNA","chr6",56.7389324306508,2.04638062248918,0.384973147420726,4.50301275874292e-09,9.64744476061238e-08
"ENSG00000234772.2","LINC00412"," lncRNA","chr13",4.13280669134889,1.34679938874295,0.549951552921313,0.000496989306456796,0.00263110078437036
"ENSG00000234800.2","PCMTD1P3"," processed_pseudogene","chr7",1.8192209835987,2.37529270598343,1.02979395091435,0.000892084108396056,0.00434437599254602
"ENSG00000234817.2","ECI2-DT"," lncRNA","chr6",11.6332614664899,-1.97059318529592,0.393559779400896,2.18941603965332e-08,3.97895105347522e-07
"ENSG00000234929.2","AC018685.2"," lncRNA","chr2",8.24737882401566,6.72729895278793,1.75368742499863,6.06058810560509e-07,7.51967005855237e-06
"ENSG00000234985.2","AC074085.2"," processed_pseudogene","chr7",27.6450022925777,3.75453079378254,0.845132560060241,3.13122175260781e-07,4.19451901139679e-06
"ENSG00000234997.2","AC016745.1"," lncRNA","chr2",4.16410021707827,2.09689773382254,0.84777313526759,0.000378544294853139,0.00207547140580121
"ENSG00000235049.1","LINC00940"," lncRNA","chr12",49.5818103669413,-3.00290443312017,0.653748458816971,1.88636318407512e-07,2.6760304295765e-06
"ENSG00000235140.2","AC026391.1"," lncRNA","chr10",7.07924910869832,-4.78523458413294,0.870711665630081,5.91671150792937e-10,1.54539856639651e-08
"ENSG00000235142.10","LINC02532"," lncRNA","chr6",28.5112119015644,-1.71534888958048,0.547535690330183,6.07655763313307e-05,0.000430169918552308
"ENSG00000235173.7","HGH1"," protein_coding","chr8",1696.22631235583,1.44936676557931,0.330240758385752,4.91618489802879e-07,6.21618735567661e-06
"ENSG00000235269.2","LINC02331"," lncRNA","chr14",4.45844101697535,2.36144568756634,0.780489072932968,8.91793079443511e-05,0.000600784968297582
"ENSG00000235277.1","AF127577.3"," lncRNA","chr21",4.23779544731991,5.79071526120644,1.50183882232341,7.18391790959357e-08,1.14972384637354e-06
"ENSG00000235280.2","MCF2L-AS1"," lncRNA","chr13",118.32280813405,1.03000521632324,0.4024738589784,0.000298682441995461,0.00168954944271326
"ENSG00000235297.3","FAUP1"," processed_pseudogene","chr18",42.6737950878496,1.14109416569399,1.02507016237127,0.00320809640733016,0.0127009487704121
"ENSG00000235350.1","AL606490.8"," unprocessed_pseudogene","chrX",2.11877563765724,1.90128156518082,1.04240464908798,0.0019568070869694,0.00839133893894209
"ENSG00000235363.1","SNRPGP10"," processed_pseudogene","chr1",16.1700084859678,1.31018512907525,0.502673484625899,0.00024719133034182,0.00144123157898954
"ENSG00000235399.1","AL135902.1"," lncRNA","chr6",1.68027554480172,1.76351749054309,0.954985928619048,0.00193733303394934,0.0083221222360942
"ENSG00000235408.6","SNORA71B"," snoRNA","chr20",14.769154498109,1.58479756162166,0.478698316638404,3.38921625765881e-05,0.000258232819932136
"ENSG00000235501.6","AC105942.1"," lncRNA","chr1",222.581234254428,-1.02937334982433,0.346358816277416,9.55236234778229e-05,0.000636654162390796
"ENSG00000235523.1","AL135924.2"," lncRNA","chr9",17.3649494272382,-3.7488771867154,0.930963372387184,2.97798585243818e-06,3.05111946964768e-05
"ENSG00000235532.1","LINC00402"," lncRNA","chr13",11.6669013111317,-2.84119486582399,0.595024710612534,6.85518406971702e-08,1.1015126957172e-06
"ENSG00000235545.1","AC103923.1"," lncRNA","chr1",12.8315369675407,-1.15147192625364,0.636661905528824,0.00160840565170584,0.00712413081919599
"ENSG00000235559.1","NOP56P1"," processed_pseudogene","chr6",11.239537704746,3.43217111790514,1.19952747024175,0.000103356937034446,0.000681169433962246
"ENSG00000235669.1","CHN2-AS1"," lncRNA","chr7",4.76436545149703,2.18925447562383,0.878724806859536,0.00039247930731647,0.00214210414610358
"ENSG00000235736.1","AL031275.1"," lncRNA","chr1",6.11484247491306,1.96156617912181,1.06706630685858,0.00140312956124336,0.00634565686203663
"ENSG00000235790.7","PEF1-AS1"," lncRNA","chr1",14.394160776908,1.37986076005069,0.729522406228644,0.0012893728411448,0.00591031163169178
"ENSG00000235863.4","B3GALT4"," protein_coding","chr6",817.735696496141,-1.4041173157755,0.242469836829156,2.98030838018682e-10,8.2608752693513e-09
"ENSG00000235888.3","AF064858.1"," lncRNA","chr21",192.490597096642,2.05641167107995,0.601974076038817,2.13319275158441e-05,0.000172494196140824
"ENSG00000235890.2","TSPEAR-AS1"," lncRNA","chr21",17.2419023231321,1.25820237344344,1.21298144567841,0.00340348551762472,0.0133515026505999
"ENSG00000235904.3","RBMS3-AS3"," lncRNA","chr3",10.10004227392,-3.04409602484646,0.556965776154357,2.55289141052992e-09,5.72249650573066e-08
"ENSG00000235934.2","AC007405.2"," lncRNA","chr2",2.69783625385091,4.91091629221796,1.61550191042466,1.84179249448818e-05,0.000151382377275506
"ENSG00000235939.1","AL138760.1"," lncRNA","chr10",1.48331433469644,3.26269535715351,1.12612714789396,3.07576050508736e-05,0.000237133098513362
"ENSG00000235947.1","EGOT"," lncRNA","chr3",3.08879662482542,2.18256707727394,0.809824868676412,0.000274212178043776,0.00157083990027266
"ENSG00000236081.1","ELFN1-AS1"," lncRNA","chr7",212.182508618821,4.76847617995208,0.663966126493287,2.69486314827972e-14,1.67888422393211e-12
"ENSG00000236095.1","AL807757.2"," lncRNA","chr9",2.33117502064972,1.992316681448,0.762077313641697,0.000383908663375871,0.00210062498244336
"ENSG00000236120.7","AC110995.1"," lncRNA","chrX",36.6917342613799,-3.65001165502852,0.442392657154917,4.6896297477255e-18,5.83203074144346e-16
"ENSG00000236144.8","TMEM147-AS1"," lncRNA","chr19",199.005032597391,1.44851122870809,0.367239960036236,3.01517191801094e-06,3.08240787763146e-05
"ENSG00000236212.2","AC009262.1"," lncRNA","chr7",7.84734880001652,2.05788066096753,1.33347369480132,0.00190650055128521,0.00820161628808685
"ENSG00000236255.2","AC009404.1"," lncRNA","chr2",125.204837724544,1.56944632499328,0.373229181940481,1.00675985860625e-06,1.17756437804114e-05
"ENSG00000236256.9","DIAPH2-AS1"," lncRNA","chrX",3.72544959573304,1.66063411967799,0.848426871129149,0.0012053264693471,0.00558972518103562
"ENSG00000236257.1","EI24P2"," processed_pseudogene","chr1",10.7570426814158,4.19398091735563,1.23099223327187,2.19839159227922e-05,0.000177030248846744
"ENSG00000236268.6","LINC01361"," lncRNA","chr1",1.90446055838383,2.29561201064671,1.39426593395361,0.00174428947761121,0.00763226582155629
"ENSG00000236305.1","SLC12A9-AS1"," lncRNA","chr7",26.2074435406964,1.98966895078282,0.36662454802833,2.53415499423725e-09,5.68835427406311e-08
"ENSG00000236311.6","TLX1NB"," lncRNA","chr10",8.13206558490683,1.76196412864929,0.717761962878114,0.000392778772023715,0.00214301788239128
"ENSG00000236345.1","SCAT8"," lncRNA","chr6",8.07922248230774,3.33682983214554,0.734645844580997,2.56534721646553e-07,3.51778791516849e-06
"ENSG00000236347.1","AL513123.1"," lncRNA","chr6",5.14687426834193,4.59877154480702,0.965754400086119,7.39044426117156e-08,1.178921836385e-06
"ENSG00000236349.1","SUCLG2P2"," processed_pseudogene","chr12",32.034391024116,-1.40288051348045,0.317746772815275,4.06008472131774e-07,5.27762234219188e-06
"ENSG00000236393.2","AC091806.1"," lncRNA","chrX",5.71549267053243,1.57069316954575,0.499412203042396,6.44274502507632e-05,0.000451465064818496
"ENSG00000236409.2","NRADDP"," transcribed_unitary_pseudogene","chr3",12.2708130516264,1.72251749694235,0.626349704579515,0.000183337483194186,0.00111919654495333
"ENSG00000236444.5","UBE2L5"," protein_coding","chr13",5.66300106469132,-1.00581955772423,0.520843436312943,0.00142136242329569,0.00640758076879606
"ENSG00000236452.1","AC123023.1"," lncRNA","chr3",13.2434126249336,5.11698589364889,0.86152482568709,1.69057010081489e-10,4.90371084291777e-09
"ENSG00000236466.2","AL035670.1"," lncRNA","chr6",4.06778069828646,-1.29766352860848,0.661402663082634,0.0013358560550801,0.0060963362141915
"ENSG00000236473.1","KRT43P"," unprocessed_pseudogene","chr17",5.31238529562675,4.71720849071373,1.81838834003074,0.000140287587681548,0.000888652326496426
"ENSG00000236481.1","LINC02195"," lncRNA","chr16",3.00571826322695,2.14983258637134,1.36044079363772,0.00214173523316081,0.00904455402002777
"ENSG00000236498.1","AC107081.1"," lncRNA","chr2",3.58045408487407,1.63911322256535,0.5254061507853,8.33395949966184e-05,0.000565434066555234
"ENSG00000236499.2","LINC00896"," lncRNA","chr22",38.7081041806062,2.13442061727868,0.620464160879898,2.00421402005689e-05,0.000163491671101668
"ENSG00000236501.6","AC074286.1"," lncRNA","chr2",2.16728107430007,1.51426244278657,0.93713412160405,0.00254125693860028,0.010460890008001
"ENSG00000236603.2","RANP1"," processed_pseudogene","chr6",14.1008105824517,1.43556007439232,0.515389877161046,0.000165596547582012,0.00102477268663812
"ENSG00000236663.1","FRGCA"," lncRNA","chr21",4.10127068202272,1.76434563262231,1.24437064132814,0.00273411379582118,0.0111152136253462
"ENSG00000236699.9","ARHGEF38"," protein_coding","chr4",422.358522324484,1.07467568509441,0.229196617057205,1.13657387527658e-07,1.72872140785975e-06
"ENSG00000236751.2","LINC01186"," lncRNA","chrX",17.3189504401523,2.14802603207132,0.502429331714973,7.51237542007399e-07,9.10517854312029e-06
"ENSG00000236809.2","SNX25P1"," unprocessed_pseudogene","chr1",25.3484808718699,1.78442748727032,0.304778841225163,1.85886617559335e-10,5.32524963172187e-09
"ENSG00000236915.2","CLCA4-AS1"," lncRNA","chr1",12.2139695559741,-1.32777391645898,0.977697620384101,0.00275273317984294,0.0111797064003181
"ENSG00000236993.2","GAPDHP21"," processed_pseudogene","chr10",4.41754017376783,1.6404116359638,1.07472223578137,0.0022396017677634,0.00940036133170367
"ENSG00000237061.1","AC100823.1"," lncRNA","chr8",5.41240951370347,3.3716126381489,1.18038150838227,0.000134086051031817,0.00085453859108398
"ENSG00000237077.1","RPL38P2"," transcribed_processed_pseudogene","chr2",6.14880046373498,5.50715534099609,1.55219856825985,8.64170332854408e-06,7.84155456074598e-05
"ENSG00000237111.1","IGHJ3P"," IG_J_pseudogene","chr14",52.6334143265351,-2.72091639060542,0.739468644786308,7.34815087721695e-06,6.78924796961878e-05
"ENSG00000237223.6","SULT1C2P1"," transcribed_unprocessed_pseudogene","chr2",6.50063966713971,3.16042233302135,0.957005412131425,3.93637113967233e-05,0.000293851735169007
"ENSG00000237361.3","TUSC8"," lncRNA","chr13",227.589247938823,1.31652760208215,0.509589315380987,0.000283803942782294,0.00161722408265936
"ENSG00000237412.7","PRSS56"," protein_coding","chr2",6.02269188468023,6.07596577206782,1.86621216332416,1.53508042080694e-05,0.000129754271610812
"ENSG00000237438.7","CECR7"," transcribed_unprocessed_pseudogene","chr22",23.7848756661068,-1.32901249404463,0.911906973643083,0.00236068233824061,0.00981717198393512
"ENSG00000237513.2","AC007384.1"," lncRNA","chr7",39.2173850295199,-2.31895767860911,0.461564765922643,2.03935684447459e-08,3.72501094304763e-07
"ENSG00000237686.7","AL109615.3"," lncRNA","chr6",19.54659812198,3.05840887611214,0.563291224038603,2.23712792658494e-09,5.07781106581076e-08
"ENSG00000237730.1","RPS5P8"," processed_pseudogene","chrX",8.27210279894412,1.69829271153165,1.62586435559836,0.00313285144970087,0.0124529535736159
"ENSG00000237978.6","KCNMB2-AS1"," lncRNA","chr3",19.584760671493,3.08958287356718,0.994745957408545,5.20101080467924e-05,0.000375393392702421
"ENSG00000237988.5","OR2I1P"," protein_coding","chr6",800.743066721698,2.16671768081766,0.790966424139935,0.000172760353575203,0.00106201809779241
"ENSG00000238062.6","SPATA3-AS1"," lncRNA","chr2",23.7181361154092,2.034125913272,0.437472380902775,1.14652198007515e-07,1.74221958938573e-06
"ENSG00000238078.1","LINC01352"," lncRNA","chr1",5.87235613658139,-2.16366351255369,0.472011293539345,2.90648623374758e-07,3.93241893184573e-06
"ENSG00000238133.6","MAP3K20-AS1"," lncRNA","chr2",9.30376043550055,4.30317033276248,0.323400733180197,0.00305376252492708,0.0122067763588772
"ENSG00000238178.7","AC078993.1"," lncRNA","chrX",10.6566906791793,4.54278113444937,0.83587650560214,0.00501888201382949,0.0184112649643849
"ENSG00000238213.1","TARDBPP2"," processed_pseudogene","chr13",4.95401410848963,1.64564620107593,1.96470059083636,0.00394950728532408,0.015124245807816
"ENSG00000238279.1","BX470102.1"," lncRNA","chr1",47.1897639110064,1.94141241859948,0.401454291563524,5.16700468084468e-08,8.53489251556522e-07
"ENSG00000239205.1","LINC02023"," lncRNA","chr3",57.3850086782761,-4.77574178123063,0.845937088319449,4.93393554929043e-10,1.31499728973529e-08
"ENSG00000239223.3","RPL34P31"," processed_pseudogene","chr17",14.1099237068916,2.84308461659429,1.40053582227152,0.000798624915371803,0.00395752175620427
"ENSG00000239253.1","RPS4XP23"," processed_pseudogene","chr19",2.37988465377587,1.77644033139328,1.26517521111993,0.00330478788069682,0.013022557366961
"ENSG00000239443.1","PABPC1P10"," processed_pseudogene","chr3",2.45416457158666,2.10742191732295,1.00517335585554,0.00106236004841027,0.00502874178960194
"ENSG00000239467.6","AC007405.3"," lncRNA","chr2",77.3333228032413,2.04322477613233,0.457843607250487,3.20288634970595e-07,4.28168390192569e-06
"ENSG00000239559.2","RPL37P2"," processed_pseudogene","chr11",37.2594451911024,2.21563787085308,0.64955223461808,2.09744992886309e-05,0.000169942660486866
"ENSG00000239571.1","IGKV2D-30"," IG_V_gene","chr2",42.4557638384672,-3.99926469437598,0.482438240732901,5.08678803149658e-18,6.2070287942224e-16
"ENSG00000239605.11","STPG4"," protein_coding","chr2",15.5749398706695,3.3179962540612,0.713731744651679,1.22624542604201e-07,1.84468258367787e-06
"ENSG00000239672.8","NME1"," protein_coding","chr17",872.786035089762,2.29457946878718,0.331520613586959,2.07224109787792e-13,1.086604225443e-11
"ENSG00000239857.7","GET4"," protein_coding","chr7",53.1661141205963,1.05866579381376,0.377193317248537,0.000150237667926029,0.000942583062651843
"ENSG00000239900.13","ADSL"," protein_coding","chr22",207.957553777581,1.06832967379816,0.236785927370033,2.51775227831211e-07,3.46569989183437e-06
"ENSG00000239951.1","IGKV3-20"," IG_V_gene","chr2",6573.88437990123,-1.90496574504557,0.56445913703279,2.36460670443819e-05,0.000188529610446217
"ENSG00000239961.3","LILRA4"," protein_coding","chr19",21.4856281722584,-2.42111655290564,0.629417094920344,3.43246116447428e-06,3.45950500892637e-05
"ENSG00000239975.2","IGKV1D-33"," IG_V_gene","chr2",57.12224923418,-3.57256792043839,0.749289804056741,7.78453370839759e-08,1.23615653183547e-06
"ENSG00000240052.1","AC108114.1"," processed_pseudogene","chr5",5.24244665751622,5.04763418118494,1.5618884440005,1.90678563485353e-05,0.000156289010444636
"ENSG00000240184.7","PCDHGC3"," protein_coding","chr5",416.337212537453,-1.68965395102663,0.446812231653926,5.42676784524431e-06,5.1836971960253e-05
"ENSG00000240204.3","SMKR1"," protein_coding","chr7",40.7902461955514,4.00482029205548,0.566873608919953,6.38419662888183e-14,3.65283785328721e-12
"ENSG00000240225.10","ZNF542P"," transcribed_unprocessed_pseudogene","chr19",177.489970854165,-2.15209546960461,0.337094846273596,6.93442231148415e-12,2.70851359068776e-10
"ENSG00000240253.6","FAR2P3"," transcribed_unprocessed_pseudogene","chr2",2.9758033821315,-2.64399194888665,0.716447219857146,1.09001893550764e-05,9.59323064227409e-05
"ENSG00000240342.3","RPS2P5"," processed_pseudogene","chr12",2982.5035284866,1.02159178142971,0.351465556206326,0.000121772595148217,0.000785940523627131
"ENSG00000240382.3","IGKV1-17"," IG_V_gene","chr2",971.774038545339,-1.88458985953957,0.696043968626257,0.000183030928370497,0.00111774560170265
"ENSG00000240463.1","RPS19P3"," processed_pseudogene","chr14",27.5569288566092,1.43449469449861,0.760893561116624,0.00121679234391098,0.00563726033380856
"ENSG00000240498.9","CDKN2B-AS1"," lncRNA","chr9",1417.54328336686,-5.86639225348419,0.613760891484155,3.94217209876253e-23,1.25446099981994e-20
"ENSG00000240505.9","TNFRSF13B"," protein_coding","chr17",77.552874596829,-2.93039622689042,0.567487055611149,8.40922447348278e-09,1.67760668691029e-07
"ENSG00000240541.3","TM4SF1-AS1"," lncRNA","chr3",13.6684733574542,1.70630414396097,0.482519404566479,1.32091340657744e-05,0.000113840121298539
"ENSG00000240583.13","AQP1"," protein_coding","chr7",3497.21731852418,-1.95981833938763,0.444978738058304,3.94441607442379e-07,5.14063157842956e-06
"ENSG00000240616.1","RPS6P25"," processed_pseudogene","chr19",27.5414747571028,1.08541879671532,0.602741994019218,0.00144869767518997,0.00651091514003268
"ENSG00000240652.1","AP001024.1"," processed_pseudogene","chr11",34.6057932001147,3.15946205458647,0.875802850039345,9.96978991853781e-06,8.89009453779946e-05
"ENSG00000240654.6","C1QTNF9"," protein_coding","chr13",10.6165341477118,-2.88716927367704,0.495911548842113,3.06337311407177e-10,8.46220974779077e-09
"ENSG00000240668.1","KRT8P36"," processed_pseudogene","chr3",215.851476663404,3.25703741855144,1.01547257423768,3.82070858081404e-05,0.000286403138836171
"ENSG00000240875.6","LINC00886"," lncRNA","chr3",72.8058522700494,-1.49301510296899,0.50805922166157,0.000101473094039695,0.000670387479409813
"ENSG00000240950.1","AC021074.1"," processed_pseudogene","chr3",53.8042086069415,2.86838629314659,0.810810741331064,1.3145173802155e-05,0.000113354423823153
"ENSG00000240972.2","MIF"," protein_coding","chr22",8.58326306816322,6.89575467633385,1.69526501987343,1.28506285388622e-07,1.91860948074696e-06
"ENSG00000241158.7","ADAMTS9-AS1"," lncRNA","chr3",51.3145917280626,-4.21497959272016,0.69409798795907,8.09797098203388e-11,2.52491779188142e-09
"ENSG00000241163.8","LINC00877"," lncRNA","chr3",11.7736228400173,-2.26968098448211,0.368125929157406,4.4902060042998e-05,0.000329214155156004
"ENSG00000241186.10","TDGF1"," protein_coding","chr3",509.346610309542,2.52491025661559,0.399071604726819,1.06857172021059e-11,4.00042686212174e-10
"ENSG00000241269.1","AC093620.1"," lncRNA","chr7",23.0289823720749,1.71016637310914,0.383815528979379,3.4411418743027e-07,4.56074246452091e-06
"ENSG00000241294.1","IGKV2-24"," IG_V_gene","chr2",807.510243109331,-2.33825683620798,0.67998425493708,1.82695185234825e-05,0.000150505591937867
"ENSG00000241322.11","CDRT1"," protein_coding","chr17",11.6066339775432,1.75097088200306,0.448038928474474,3.56189756458504e-06,3.57298113724497e-05
"ENSG00000241343.10","RPL36A"," protein_coding","chrX",103.147317637159,1.4851717881767,0.449259484570927,3.20694955828254e-05,0.000245962119004571
"ENSG00000241361.8","SLC25A24P1"," transcribed_unprocessed_pseudogene","chr1",9.20620193506975,3.56082557482765,1.50338527735578,0.000379539525337996,0.00207952294284616
"ENSG00000241547.1","ACTG1P20"," processed_pseudogene","chr1",30.8173016830809,1.84263642281966,0.656074102788976,0.000142751505429686,0.000901620619427274
"ENSG00000241598.5","KRTAP5-4"," protein_coding","chr11",2.81795898634828,4.1036458624411,1.3067346521144,1.16287311077534e-05,0.00010187458955343
"ENSG00000241635.8","UGT1A1"," protein_coding","chr2",203.104562058114,-2.7338175959892,0.756776114029043,9.52633711382809e-06,8.54395827688953e-05
"ENSG00000241684.6","ADAMTS9-AS2"," lncRNA","chr3",36.1329250433204,-3.11279102963608,0.523105120238844,1.73868094489459e-10,5.03426459494991e-09
"ENSG00000241755.1","IGKV1-9"," IG_V_gene","chr2",1726.47408046691,-1.93049950379546,0.657919483841647,9.62022760842862e-05,0.000640257018073357
"ENSG00000241935.9","HOGA1"," protein_coding","chr10",17.1061042994883,2.41563384042883,0.961014275335589,0.000289928714823364,0.00164663276040888
"ENSG00000242078.1","AC084864.1"," lncRNA","chr7",1.87706781164442,1.84742704458438,0.826610348086537,0.00100422090758541,0.0047891569524548
"ENSG00000242082.2","SLC5A4-AS1"," lncRNA","chr22",10.5945461046303,1.44092273645506,1.15464451194489,0.00293531157568622,0.0117957587128418
"ENSG00000242125.3","SNHG3"," lncRNA","chr1",866.803209924722,1.21435154034346,0.273358842890061,3.85138947604639e-07,5.03862956926698e-06
"ENSG00000242136.1","AC093904.2"," lncRNA","chr2",7.14656902687681,2.88213728656548,0.774485105165365,8.06493129303211e-06,7.37800281593113e-05
"ENSG00000242242.6","NECTIN3-AS1"," lncRNA","chr3",8.17384425081967,-1.02242407084633,0.415213059803721,0.000391862723715696,0.00213945841654568
"ENSG00000242327.1","AC023906.1"," processed_pseudogene","chr15",14.1229737622853,3.45198858045142,1.25866301316545,0.00015149006000257,0.00094850778695282
"ENSG00000242366.3","UGT1A8"," protein_coding","chr2",252.80767776229,-3.9425840849089,0.700380933341898,6.66094759610491e-10,1.71452051605371e-08
"ENSG00000242578.1","AC073288.2"," lncRNA","chr3",2.85169392179904,1.19917026597261,1.1459610540257,0.00430182391665499,0.0162132606463989
"ENSG00000242616.4","GNG10"," protein_coding","chr9",13.369755357805,2.1007339446053,0.979357643641376,0.000697436738163476,0.00352387945941938
"ENSG00000242732.4","RTL5"," protein_coding","chrX",161.0149740301,-1.73510398019157,0.424338214193859,1.62785655714273e-06,1.79412455455819e-05
"ENSG00000243181.2","AC087343.1"," processed_pseudogene","chr8",25.8370245224662,1.20637994432099,0.566685755540338,0.000813619841836738,0.00402322864508483
"ENSG00000243224.1","AC006252.1"," lncRNA","chr3",9.72066916136087,1.38586247856251,0.416520862971232,3.23787751376085e-05,0.000248099689191807
"ENSG00000243238.1","IGKV2-30"," IG_V_gene","chr2",791.931607067188,-1.64571169292087,0.812900946135431,0.000893304027852259,0.0043490118698108
"ENSG00000243244.7","STON1"," protein_coding","chr2",279.133131090554,-1.60471082462668,0.482357869596164,2.88903557253643e-05,0.000224335685677961
"ENSG00000243297.2","RPL31P61"," processed_pseudogene","chr19",7.50055287545954,2.95945767215732,1.14609135389413,0.00025117918058465,0.00146080878756792
"ENSG00000243449.6","C4orf48"," protein_coding","chr4",359.526221346638,1.26789547393469,0.416302260054222,7.54980641461427e-05,0.000518189081424297
"ENSG00000243479.3","MNX1-AS1"," lncRNA","chr7",125.20620706383,1.57382286445344,0.389071252190205,1.94377720213041e-06,2.09605051251657e-05
"ENSG00000243678.12","NME2"," protein_coding","chr17",167.079200392323,3.52802977549265,0.611378556931769,3.26898951850087e-10,9.00720388722422e-09
"ENSG00000243694.3","LINC02027"," lncRNA","chr3",3.63859558021619,3.85405695925304,1.61985208348863,0.000435684688211467,0.00234440543931827
"ENSG00000243753.5","HLA-L"," transcribed_unprocessed_pseudogene","chr6",879.109060227038,1.31381752267433,0.920787509227706,0.00241035013591932,0.00999682401120232
"ENSG00000243832.1","LINC02000"," lncRNA","chr3",12.5964243142687,-3.58371334562188,0.660808725471834,3.66962772097436e-09,7.97781490739356e-08
"ENSG00000243944.5","AC117386.2"," lncRNA","chr3",7.26735265151993,6.5757165013022,1.68038841483775,2.53573893132572e-07,3.48454759665411e-06
"ENSG00000243955.6","GSTA1"," protein_coding","chr6",160.56533612652,-6.34532564905159,0.533763156842674,1.05169042422608e-06,1.22658166688933e-05
"ENSG00000243989.9","ACY1"," protein_coding","chr3",33.818701459538,1.38481713593213,0.659708249133437,0.000828059190141396,0.00408281105781702
"ENSG00000244116.3","IGKV2-28"," IG_V_gene","chr2",65.460857810822,-2.63056585863411,0.645108076745214,1.52905501405776e-06,1.69733473482513e-05
"ENSG00000244124.1","ATP1B3-AS1"," lncRNA","chr3",15.5489981192934,-1.077779616772,0.404910117440239,0.000228470554621871,0.00135224238911683
"ENSG00000244151.1","AC010973.2"," lncRNA","chr7",9.98906627564216,1.21396399270038,0.60290670976618,0.00108041529622299,0.00509798853452581
"ENSG00000244300.3","GATA2-AS1"," lncRNA","chr3",210.970969818235,3.0654619183506,0.527820805218254,2.69833974142465e-10,7.55674817318044e-09
"ENSG00000244306.11","DUXAP10"," transcribed_processed_pseudogene","chr14",8.03752275795648,4.9538250487101,0.872053597553369,3.38004598564323e-05,0.00025777615742953
"ENSG00000244310.2","AC093904.3"," lncRNA","chr2",7.1987521679874,1.96233777282686,1.07149574584542,0.00137813955195974,0.00625005638920069
"ENSG00000244342.5","LINC00698"," lncRNA","chr3",2.26874190907325,2.72957753377614,0.927433340559177,0.000150492619427022,0.000943718980170456
"ENSG00000244355.7","LY6G6D"," protein_coding","chr6",13.7176450214816,5.71510113837452,1.28328578730355,1.56602658947294e-07,2.27937627987053e-06
"ENSG00000244405.8","ETV5"," protein_coding","chr3",532.755820021168,1.13121907850967,0.43672986546148,0.000292202158083594,0.00165896408030038
"ENSG00000244476.3","ERVFRD-1"," protein_coding","chr6",9.90884999293552,-2.13602868846623,0.484310334984365,4.84958196037122e-07,6.14873950272379e-06
"ENSG00000244485.1","RPL18P13"," processed_pseudogene","chr16",7.8742901613937,3.58509173191392,0.848161555799222,9.74605696851045e-07,1.14366419770033e-05
"ENSG00000244512.3","RN7SL28P"," misc_RNA","chr4",3.34433985082708,3.22796187954914,0.900598587409081,2.09175197731349e-05,0.000169565648550553
"ENSG00000245025.3","AC107959.1"," lncRNA","chr8",57.012386854801,-1.38787621563748,0.375609632070916,7.83591251218566e-06,7.19078451570603e-05
"ENSG00000245080.7","MIR3150BHG"," lncRNA","chr8",32.7185947909422,-3.59950617065252,0.707578246436592,1.19503902180834e-08,2.30102771877604e-07
"ENSG00000245105.4","A2M-AS1"," lncRNA","chr12",30.7589024724078,-1.3801185451744,0.430859850894219,3.97171901636578e-05,0.000296081892129537
"ENSG00000245149.4","RNF139-AS1"," lncRNA","chr8",70.1766960386202,1.09595034382299,0.434345585680141,0.000337950688016029,0.00187989776034692
"ENSG00000245468.4","LINC02447"," lncRNA","chr4",18.8277396834036,-1.91713226854143,0.415546148665354,1.78149872737121e-07,2.55067868076819e-06
"ENSG00000245522.2","LINC02709"," lncRNA","chr11",38.5387109770143,1.04737953471633,0.366908847255788,0.000140679684817952,0.000890614630353246
"ENSG00000245614.4","DDX11-AS1"," lncRNA","chr12",24.6134222503367,1.47271094180985,0.385308765734874,5.1793841955107e-06,4.96199681870975e-05
"ENSG00000245648.2","KLRK1-AS1"," lncRNA","chr12",78.6702424271813,1.2520729966961,0.420631533992057,9.30568614210115e-05,0.000622899486080262
"ENSG00000245694.10","CRNDE"," lncRNA","chr16",211.575767149488,4.62458071062261,0.55998660118085,6.43561991643858e-18,7.73656856473198e-16
"ENSG00000245812.3","LINC02202"," lncRNA","chr5",10.4241155917221,-2.13393610551421,0.511615864862268,1.31752831367996e-06,1.49368962645562e-05
"ENSG00000245870.4","LINC00682"," lncRNA","chr4",12.7887182313878,-5.37075805297708,0.699016763705777,1.29389296304403e-16,1.24991600578819e-14
"ENSG00000245910.8","SNHG6"," lncRNA","chr8",1591.58694114927,1.54701536889867,0.233561011374642,1.61389161724522e-12,7.15624236510182e-11
"ENSG00000245970.2","AP003352.1"," lncRNA","chr8",44.0526246895694,1.41278807611393,0.415032877851697,2.25027556256107e-05,0.000180701247426045
"ENSG00000246228.6","CASC8"," lncRNA","chr8",49.5590617495881,3.90061476847189,0.508623371408974,9.11733071574195e-16,7.54924286662123e-14
"ENSG00000246334.2","PRR7-AS1"," lncRNA","chr5",18.1031592706812,1.61059476624992,0.496673696772544,4.1672085535435e-05,0.000308388634817407
"ENSG00000246339.6","EXTL3-AS1"," lncRNA","chr8",17.6625361480407,2.16886845867006,0.574672082345976,6.30336151540421e-06,5.93199501498955e-05
"ENSG00000246430.7","LINC00968"," lncRNA","chr8",5.187305065782,-1.31428485864351,0.727756142048611,0.00171808292502101,0.00754097844223556
"ENSG00000246528.3","AC079089.1"," lncRNA","chr8",14.0878625822088,2.48192520069909,0.466023624611049,4.56024039348983e-09,9.75074326033551e-08
"ENSG00000246898.1","LINC00920"," lncRNA","chr16",162.355978162047,1.78027888758268,0.534090028077532,2.87304363129256e-05,0.000223307591437964
"ENSG00000247381.3","PLUT"," lncRNA","chr13",14.569179707203,5.78006682943538,0.946721877290752,4.90002600356667e-11,1.60489449065355e-09
"ENSG00000247809.9","NR2F2-AS1"," lncRNA","chr15",21.4891483075932,-1.41356180313862,0.383987021662527,9.17014707458638e-06,8.27250232759658e-05
"ENSG00000248098.12","BCKDHA"," protein_coding","chr19",18.4476421041459,1.49162921148973,0.655791689343676,0.000565410716833803,0.00294131047355663
"ENSG00000248174.6","LINC02268"," lncRNA","chr4",9.44909218434171,-5.05149755270308,0.939508924299874,7.20811838616581e-10,1.84076401713745e-08
"ENSG00000248211.1","TRPC7-AS1"," lncRNA","chr5",19.3449911423549,-2.63178417784644,0.323999058000701,2.05669493427138e-17,2.3019380750545e-15
"ENSG00000248309.7","MEF2C-AS1"," lncRNA","chr5",18.7743035744468,-2.46416243335958,0.455055806837644,3.90877731427017e-09,8.47502298373956e-08
"ENSG00000248323.7","LUCAT1"," lncRNA","chr5",34.0989060217497,3.16038836562889,0.646541564740698,3.78918653242462e-08,6.47653588569975e-07
"ENSG00000248329.6","APELA"," protein_coding","chr4",6.61797962615255,2.98929076468596,0.776294038083733,5.96051881123238e-06,5.63221308806348e-05
"ENSG00000248334.6","WHAMMP2"," transcribed_unprocessed_pseudogene","chr15",16.9377267454858,-1.42201787345867,0.477599333818966,0.000101189392406243,0.000669057913775074
"ENSG00000248405.10","PRR5-ARHGAP8"," protein_coding","chr22",10.3572672037627,1.69185646941856,0.426937166295173,3.33984761647072e-06,3.38341991059321e-05
"ENSG00000248441.7","LINC01197"," lncRNA","chr15",30.6276162544165,-1.66401144607646,0.439473296979208,5.56500482851744e-06,5.30014456349821e-05
"ENSG00000248538.8","AC022784.1"," lncRNA","chr8",15.082274478182,1.8847251107391,0.30050883675882,1.75407570469731e-11,6.27715426935671e-10
"ENSG00000248626.1","GAPDHP40"," processed_pseudogene","chr5",21.5649044090624,1.62117626959511,0.676073058346584,0.000424035346964068,0.00229119736978247
"ENSG00000248641.1","HMGA1P2"," processed_pseudogene","chr4",15.1198712185305,1.90949682997805,0.590817474780764,3.9898863068303e-05,0.000297299655066799
"ENSG00000248673.2","LINC01331"," lncRNA","chr5",2.98725344112424,1.7882056785382,1.2780658732347,0.00304612974334469,0.0121852698064434
"ENSG00000248693.1","LINC02100"," lncRNA","chr5",2.18096593358128,1.30934073994778,0.878245451944391,0.00320342373008239,0.0126847294657819
"ENSG00000248740.6","LINC02428"," lncRNA","chr4",7.20894815328147,6.45832016223711,1.74679831387844,1.06936334918282e-06,1.24361861654518e-05
"ENSG00000248795.1","AC098859.1"," processed_pseudogene","chr4",6.0284685831005,2.00904958571151,0.890277100241692,0.000578639240364868,0.00300215352681632
"ENSG00000248994.2","AC124852.1"," lncRNA","chr5",7.39662342923163,-3.05698990328562,0.605362438190459,3.00150800247709e-08,5.26326022390067e-07
"ENSG00000249007.1","AL691482.3"," lncRNA","chr1",88.0198354146897,1.07549005645166,0.604983226780051,0.00155210116556304,0.00691816803513389
"ENSG00000249115.9","HAUS5"," protein_coding","chr19",649.563286436829,1.09030798439978,0.176930182070914,3.14883985819527e-11,1.06245421804614e-09
"ENSG00000249119.1","MTND6P4"," processed_pseudogene","chr5",14.2916958566135,-1.17818919102383,0.501116673528112,0.000549948403334404,0.00287443241150211
"ENSG00000249162.1","ADAM20P3"," processed_pseudogene","chr4",4.83856650019298,7.96179608389359,2.87422577335641,1.26888480724489e-06,1.44510396749314e-05
"ENSG00000249167.2","SEMA6A-AS2"," lncRNA","chr5",18.6680620231206,-2.78599628604717,0.368092532439223,3.00906262174824e-15,2.250418308219e-13
"ENSG00000249231.8","CASC16"," lncRNA","chr16",10.6877620596492,-2.06286442305062,0.471822827827108,4.84104543732223e-07,6.14031468560395e-06
"ENSG00000249244.1","AC110373.1"," unprocessed_pseudogene","chr4",12.5192653494977,1.19702116314779,0.682074293968625,0.00163276836495223,0.00721333817743561
"ENSG00000249249.2","AC010226.1"," lncRNA","chr5",27.4621145374526,-1.88690419822866,0.378959769726957,2.80938503763837e-08,4.97474192862336e-07
"ENSG00000249279.6","LINC02057"," lncRNA","chr5",33.4884861479816,-1.7908650289561,0.602280633266518,9.31488581219899e-05,0.000623386729262587
"ENSG00000249306.6","LINC01411"," lncRNA","chr5",41.9434596374811,7.89046240558477,0.879354230751082,2.32559947132087e-13,1.20774892224212e-11
"ENSG00000249346.7","LINC01016"," lncRNA","chr6",9.55174969711134,-2.42631804891334,0.393079129880881,6.15126863982259e-11,1.97876984649516e-09
"ENSG00000249352.4","LINC02198"," lncRNA","chr5",3.47063841991986,1.68480412989036,1.68307068390384,0.00368351438323991,0.014244276669588
"ENSG00000249395.4","CASC9"," lncRNA","chr8",381.51647843924,2.12306686810872,0.537607122530878,2.92203442893735e-06,3.00076635675041e-05
"ENSG00000249464.6","LINC01091"," lncRNA","chr4",73.4893948058874,1.00327487249641,0.396795079909351,0.000328273625290268,0.00183329410352228
"ENSG00000249550.7","LINC01234"," lncRNA","chr12",78.0503799492526,6.75817849548826,1.0304320191656,2.55484455756286e-12,1.0889008151296e-10
"ENSG00000249631.6","AC005699.1"," lncRNA","chr4",14.5155564569876,-1.4205509993117,0.675633415698207,0.000861594705019338,0.00421995487181495
"ENSG00000249650.1","AC106772.1"," lncRNA","chr5",3.49938846504122,2.98857715478234,0.842351839942765,2.10684400477284e-05,0.00017058392044488
"ENSG00000249679.2","AC106897.1"," lncRNA","chr4",15.0038428868454,-1.01882310874877,0.968255646734732,0.00346348013735569,0.0135426621248393
"ENSG00000249690.1","AC110813.1"," lncRNA","chr4",16.7349889837522,-5.04859696761977,1.05045134215074,4.71023732118067e-08,7.84427311292367e-07
"ENSG00000249740.3","OSMR-AS1"," lncRNA","chr5",4.15448715145701,-1.36463000417326,0.649751309896536,0.00110817515792235,0.00520914544183111
"ENSG00000249797.2","LINC02147"," lncRNA","chr5",2.54924751106082,-3.03740718627968,0.790296620664219,3.36802678592525e-06,3.40771238832798e-05
"ENSG00000249859.12","PVT1"," lncRNA","chr8",403.80531694136,2.97267381074954,0.302114373099132,3.61530343301608e-24,1.3132773819742e-21
"ENSG00000249898.8","MCPH1-AS1"," lncRNA","chr8",73.1320104815087,-1.3230956956389,0.371305574062043,1.33901242990497e-05,0.000115160745760083
"ENSG00000249937.8","LINC02223"," lncRNA","chr5",2.04291269889763,5.39413718017612,1.38251480822457,0.00262875744082028,0.0107639078843676
"ENSG00000249942.1","AC239584.1"," lncRNA","chr4",5.10348450958195,5.82159031717608,1.81153082600224,1.51445811947292e-05,0.000128144634102847
"ENSG00000249948.6","GBA3"," polymorphic_pseudogene","chr4",274.031333394305,-6.44581776480654,0.585541283783908,5.89730741139548e-15,4.13422902719384e-13
"ENSG00000249992.2","TMEM158"," protein_coding","chr3",322.108073091242,1.70785983190952,0.447650419560025,5.07662546639467e-06,4.87794876815389e-05
"ENSG00000250073.3","AP000866.2"," lncRNA","chr11",83.6762503185808,-2.4888919614795,0.3597392497166,1.87537650085329e-13,9.89771877474731e-12
"ENSG00000250081.1","AC025176.1"," lncRNA","chr5",5.75828481425592,2.60354378391476,0.676961513878428,5.44727234674782e-06,5.20022252443355e-05
"ENSG00000250137.1","AC093607.1"," lncRNA","chr4",10.8466504647893,-3.50079435368887,0.751072327841775,2.57226240342007e-07,3.52131982666422e-06
"ENSG00000250237.1","AC010273.3"," lncRNA","chr5",3.07894901165615,2.01766924598483,0.961898659004045,0.00116286474800447,0.00542302643544957
"ENSG00000250282.1","AC002401.2"," lncRNA","chr17",9.14529706680232,-1.07965533452452,0.414959856026563,0.000335221895929727,0.00186695818429772
"ENSG00000250302.3","LINC01618"," lncRNA","chr4",8.92596068901561,2.03164070354998,0.783809388226459,0.000253958637843427,0.00147357098998017
"ENSG00000250320.6","EDIL3-DT"," lncRNA","chr5",50.0377648808762,-2.60623553152717,0.483278020051139,2.78823880039272e-09,6.20717798238319e-08
"ENSG00000250329.1","KDELC1P1"," processed_pseudogene","chr5",4.05348695041171,3.10737401845048,0.682557934189819,5.47869195538486e-07,6.8500532930617e-06
"ENSG00000250337.7","PURPL"," lncRNA","chr5",35.1907965566695,3.46699985138786,1.32031547228687,0.000195818544660033,0.00118248899024657
"ENSG00000250412.1","KLHL2P1"," unprocessed_pseudogene","chr4",5.26529691972904,2.39586196205386,0.554043299846182,9.22583923303665e-07,1.09129843231014e-05
"ENSG00000250413.1","SLC2A9-AS1"," lncRNA","chr4",7.57651086717107,-3.12089117683951,0.632884068810361,6.15004531478828e-08,9.9908994408107e-07
"ENSG00000250486.5","FAM218A"," lncRNA","chr4",11.5897685107368,-2.97448352608995,0.425142130996145,8.65690618457708e-14,4.81140172840758e-12
"ENSG00000250510.8","GPR162"," protein_coding","chr12",97.0835112418261,-1.57854764991073,0.351240951150391,2.76537329516215e-07,3.76503718181095e-06
"ENSG00000250526.1","CCT6P2"," processed_pseudogene","chr5",4.88031737089384,1.80607285084435,1.12603363649004,0.00197786863484432,0.00846599764602096
"ENSG00000250538.6","AC104407.1"," lncRNA","chr4",4.70387152802861,-4.38691569959741,0.89977289486457,2.33829176540644e-09,5.2852558580475e-08
"ENSG00000250565.7","ATP6V1E2"," protein_coding","chr2",169.992255007997,1.70776148120481,0.271589686241318,1.43781820167459e-11,5.25548459346327e-10
"ENSG00000250568.1","AC098591.3"," processed_pseudogene","chr4",15.0288842030453,3.19788470489495,0.884186589462033,1.01803966438339e-05,9.06046926968905e-05
"ENSG00000250603.1","AC068658.1"," lncRNA","chr5",5.17549112034845,1.63441653182048,1.62033534962822,0.00357323071739321,0.013894803237708
"ENSG00000250641.1","LY6G6F-LY6G6D"," protein_coding","chr6",9.06258840609502,6.0641384985511,1.34065372178356,1.20223957980965e-08,2.31311750334686e-07
"ENSG00000250722.6","SELENOP"," protein_coding","chr5",9114.4930805436,-3.40766830290334,0.499145392574898,3.59442377657326e-13,1.80042911944467e-11
"ENSG00000250742.4","LINC02381"," lncRNA","chr12",83.6124534147986,-1.86745620144906,0.310012868296586,7.3077068470301e-11,2.3050879382012e-09
"ENSG00000250961.2","AC025470.2"," lncRNA","chr5",7.41659307945734,-5.0717036055186,0.934426897719312,4.50953575597452e-11,1.47998495012559e-09
"ENSG00000251026.2","LINC02163"," lncRNA","chr5",23.3246230848688,7.25163721390695,1.06210702151637,5.65149958726411e-15,3.99643515475858e-13
"ENSG00000251087.3","ALG1L3P"," unprocessed_pseudogene","chr4",16.5033927331951,1.98821546638466,0.84689211971015,0.000482850075580049,0.00256671270114268
"ENSG00000251095.7","AC093866.1"," lncRNA","chr4",205.014744224607,7.52486341382587,1.32598422129632,4.89756864552993e-10,1.30835623947828e-08
"ENSG00000251138.7","LINC02882"," lncRNA","chr12",7.54912768215478,5.81669899684841,1.40558110168158,2.30105176112091e-07,3.19998020833172e-06
"ENSG00000251141.6","MRPS30-DT"," lncRNA","chr5",33.5136739945632,-1.96446318181825,0.442116444958761,3.81671202367602e-07,5.00334567304024e-06
"ENSG00000251194.2","AL133330.1"," lncRNA","chr11",6.7012679642629,1.58878169622259,0.543748216975397,0.000132059657875509,0.000843445961299342
"ENSG00000251254.1","GTF2F2P1"," processed_pseudogene","chr4",2.47265767869055,2.39501562469294,1.13261199506202,0.0010769852446946,0.00508758362280562
"ENSG00000251307.1","AC026704.1"," lncRNA","chr5",8.47826202299904,1.96086350981927,0.632932866123585,6.32359053668299e-05,0.000444651433361474
"ENSG00000251314.2","AC104123.1"," lncRNA","chr5",16.5569512729038,3.61831003615124,1.30855558865499,0.000139767856413117,0.000885705795286402
"ENSG00000251350.2","LINC02475"," lncRNA","chr4",13.6687168484813,4.45565082906224,1.44728309198609,6.01305325020205e-05,0.000426139044530695
"ENSG00000251396.7","LINC01301"," lncRNA","chr8",64.4011062818944,2.68918708406879,0.595442090176174,0.0012435396851162,0.00573987643622037
"ENSG00000251432.7","LINC02615"," lncRNA","chr4",55.936134746821,1.04622911829105,0.465412186864468,0.000647736838741196,0.00330476126313894
"ENSG00000251493.5","FOXD1"," protein_coding","chr5",12.0712600370678,1.39306441104045,0.679497848137097,0.00034733736342918,0.00192518376744951
"ENSG00000251537.4","AC005324.2"," protein_coding","chr17",1.87699888328659,2.4399703415288,1.31683632007657,0.00141457749622335,0.00638675147759318
"ENSG00000251985.1","RNU6-1161P"," snRNA","chr22",1.38840401392431,3.15399322367461,1.1376271169956,5.3699144988668e-05,0.000385717447141026
"ENSG00000252743.1","RNU6-850P"," snRNA","chr6",8.11660000885488,1.2283912877697,0.55788660595981,0.000740911473997646,0.00371004390975248
"ENSG00000253102.1","AC004707.1"," lncRNA","chr17",12.6296052846389,-3.15511352992339,0.374361492929067,5.03239757242316e-18,6.18718031839814e-16
"ENSG00000253161.5","LINC01605"," lncRNA","chr8",66.0485899209836,2.7982726992776,0.478993402824128,2.13628759916675e-10,6.08242306085564e-09
"ENSG00000253173.3","H2AZP2"," processed_pseudogene","chr8",2.85704843561803,2.26282350679974,1.53552531187295,0.00253671410632935,0.0104474897174519
"ENSG00000253177.2","AC104211.1"," lncRNA","chr8",7.92373129037489,-2.60486568166189,0.483069300488807,4.65556650727805e-09,9.94147221665994e-08
"ENSG00000253307.1","AC011676.1"," lncRNA","chr8",5.74950297417182,2.16788392688118,0.621475592148139,2.07831938412782e-05,0.000168729591220662
"ENSG00000253308.2","AC004080.1"," lncRNA","chr7",6.35610601266215,4.18967563827826,1.19934767884742,1.56921670341557e-05,0.000132295157816786
"ENSG00000253313.6","C1orf210"," protein_coding","chr1",1953.0321337726,-1.54115766662861,0.220013709584531,1.15955086684651e-13,6.33614512392324e-12
"ENSG00000253339.2","AC111149.2"," lncRNA","chr8",2.9355605278214,7.23550677167942,2.62488609221161,3.3534239642533e-08,5.81128857617372e-07
"ENSG00000253368.4","TRNP1"," protein_coding","chr1",288.536981976922,1.30232628871336,0.587624561240623,0.000668218627853757,0.00339421599732038
"ENSG00000253405.1","EVX1-AS"," lncRNA","chr7",5.50345826818074,2.17974356924332,1.28606518966406,0.00169169232605646,0.00743922903659944
"ENSG00000253414.3","AC124067.2"," lncRNA","chr8",84.493643386074,3.40117022792821,0.410393533554239,4.8458699191981e-18,6.00332999379129e-16
"ENSG00000253428.1","LINC01942"," lncRNA","chr5",2.65881407248619,2.11917141963435,1.00344816060227,0.00107632393432565,0.00508695880058996
"ENSG00000253438.4","PCAT1"," lncRNA","chr8",88.8277431854873,3.38812574655141,0.480120382631108,7.42289852890368e-14,4.1756055537462e-12
"ENSG00000253485.2","PCDHGA5"," protein_coding","chr5",21.7733592164392,-1.8972743091715,0.358308029058733,5.19621432597447e-09,1.09305719113726e-07
"ENSG00000253506.3","NACA2"," protein_coding","chr17",17.8720306116463,1.68159059159164,0.864078210862861,0.00108060142699912,0.00509798853452581
"ENSG00000253522.6","MIR3142HG"," lncRNA","chr5",95.3853966651603,1.55754445757868,0.539960385646337,0.000119464270677896,0.000772886445617533
"ENSG00000253537.3","PCDHGA7"," protein_coding","chr5",25.1900109694565,-2.51059214124622,0.387655895807986,3.68519666267955e-12,1.52763873917309e-10
"ENSG00000253549.6","CA3-AS1"," lncRNA","chr8",100.334281118196,-3.36055795582154,0.437622023286988,7.79852404446489e-16,6.55762936360729e-14
"ENSG00000253616.5","AC107959.3"," lncRNA","chr8",14.9180715689317,3.53040741715841,0.458147769163173,1.24986477662691e-15,9.94316444111674e-14
"ENSG00000253641.6","LINCR-0001"," lncRNA","chr8",48.0131538451676,3.2336707062027,0.924254351146262,1.47836937955251e-05,0.000125483559941202
"ENSG00000253649.5","PRSS51"," protein_coding","chr8",40.3793425516035,2.99708944003431,0.824524933916692,9.3339527800688e-06,8.40724172458981e-05
"ENSG00000253716.6","MINCR"," lncRNA","chr8",175.236270779768,1.10509267863336,0.425397240993069,0.000273064386510626,0.00156536980878875
"ENSG00000253729.8","PRKDC"," protein_coding","chr8",8464.00765244172,1.20273387346352,0.366965975137808,3.69830575402845e-05,0.000278485931148994
"ENSG00000253746.1","AC091182.2"," lncRNA","chr8",16.6657432884799,3.57332223364218,0.672596447073014,4.7885554266777e-09,1.01785810110743e-07
"ENSG00000253785.1","AC008429.2"," processed_pseudogene","chr5",20.9472419481401,1.44673752394362,0.623797784749786,0.000501194494831203,0.0026494740901028
"ENSG00000253844.1","AC064807.2"," lncRNA","chr8",12.6973144734,2.97519371402836,0.804033147965291,7.93999482189943e-06,7.2785690452072e-05
"ENSG00000253930.1","TNFRSF10A-AS1"," lncRNA","chr8",54.4582943872649,1.13530288524126,0.351169626273425,4.2382934948695e-05,0.00031265120512835
"ENSG00000253958.2","CLDN23"," protein_coding","chr8",2487.54236399435,-3.09011464065322,0.361720097515054,5.6726257825826e-19,8.2565958587922e-17
"ENSG00000253966.1","AC008514.2"," processed_pseudogene","chr5",2.84818850342829,1.11967433822493,0.781325067678155,0.00286587214118955,0.011563493477704
"ENSG00000254109.6","RBPMS-AS1"," lncRNA","chr8",18.2392152361386,1.17042496196017,0.52290713886143,0.000646978121455974,0.00330317324740163
"ENSG00000254111.3","AC124067.3"," lncRNA","chr8",34.8907943877335,1.01440881361418,0.845696672975449,0.00317661266904085,0.0125954671404505
"ENSG00000254166.3","CASC19"," lncRNA","chr8",703.807137448136,4.4883507925455,0.421940509029947,9.2535464542928e-28,6.00703221626872e-25
"ENSG00000254290.1","AC124067.4"," lncRNA","chr8",764.537688202021,1.46535581422528,0.453176924361642,4.23351111459019e-05,0.000312369410678264
"ENSG00000254389.3","RHPN1-AS1"," lncRNA","chr8",54.6886809849718,2.37535434464276,0.556387276352444,7.26436010344001e-07,8.84752721341298e-06
"ENSG00000254413.8","CHKB-CPT1B"," protein_coding","chr22",4.9785625336012,2.26060637633111,0.745435923330979,0.000100586352408099,0.000665477339270702
"ENSG00000254535.4","PABPC4L"," protein_coding","chr4",15.3906514930586,-1.05684869973338,0.45033159305617,0.000487722042459992,0.00258879510288903
"ENSG00000254548.1","AC105219.1"," lncRNA","chr8",3.33248729715028,5.41304562671228,1.62369861136492,6.75730640299432e-06,6.30254744909166e-05
"ENSG00000254560.6","BBOX1-AS1"," lncRNA","chr11",52.0766375726755,4.52191053711009,0.614588754182678,5.84086379235218e-15,4.10352287818543e-13
"ENSG00000254605.1","AP003555.1"," lncRNA","chr11",16.0978196357434,1.75737508561625,0.89973271551775,0.00109470192406817,0.00515551872481207
"ENSG00000254645.2","AC087379.1"," lncRNA","chr11",380.062959330235,-5.58015275627371,0.653007698686091,6.01777806204027e-19,8.68111290389791e-17
"ENSG00000254703.2","SENCR"," lncRNA","chr11",14.1572038209221,-1.6096950251644,0.405663591817034,2.19802776986786e-06,2.3376010928693e-05
"ENSG00000254726.3","MEX3A"," protein_coding","chr1",455.10589005393,2.81270187915194,0.470763371755729,9.95216760573193e-11,3.03597233220721e-09
"ENSG00000254783.1","AP003084.1"," processed_pseudogene","chr11",20.320521420566,-1.08710435305927,0.239684843417232,2.51099737514915e-07,3.45933585749537e-06
"ENSG00000254812.1","AC067930.2"," lncRNA","chr8",4.44602525391668,1.10452616240581,1.07268061431092,0.00411509758961018,0.0156329397897433
"ENSG00000254827.6","SLC22A18AS"," protein_coding","chr11",464.24238323317,-2.56467880439587,0.347402619808545,6.69280583871875e-15,4.65171503025981e-13
"ENSG00000254854.1","AP003390.1"," lncRNA","chr11",27.7395513031026,1.08797190314033,0.340430814544312,4.90676197574701e-05,0.000356454073878238
"ENSG00000254893.6","AC113404.3"," translated_processed_pseudogene","chr5",20.3623087288038,-1.11779307156219,0.276817417379794,2.27608967490874e-06,2.40642731818202e-05
"ENSG00000254911.3","SCARNA9"," lncRNA","chr11",4.42773198456764,1.52879489909626,1.73266801187663,0.00358129055021213,0.0139228085613589
"ENSG00000254973.2","AC105219.3"," lncRNA","chr8",20.468138599424,3.10898757780044,0.470058297107286,2.04902702096136e-12,8.92715691897503e-11
"ENSG00000255026.1","AC136475.3"," lncRNA","chr11",196.694307759829,3.54247654376048,0.719971421631799,3.36611100857716e-08,5.82705232620786e-07
"ENSG00000255150.2","EID3"," protein_coding","chr12",28.4864377142993,-1.41531251092132,0.337174303682569,1.03533790643704e-06,1.20881286932135e-05
"ENSG00000255277.3","ABCC6P2"," transcribed_unprocessed_pseudogene","chr16",50.5140493419556,-1.54619887916493,0.482739852746586,4.47645812476516e-05,0.000328280338485376
"ENSG00000255398.3","HCAR3"," protein_coding","chr12",8.2421543390352,2.10060265413416,1.80016567638182,0.00261653953399003,0.0107204797013694
"ENSG00000255408.4","PCDHA3"," protein_coding","chr5",7.69674359026626,-2.46472929650031,0.44153890819201,2.13806768432298e-09,4.87341298439294e-08
"ENSG00000255433.5","LINC02735"," lncRNA","chr11",2.43717869418851,3.63022187614262,1.53741111561877,0.000264638613781846,0.00152623314252508
"ENSG00000255443.1","CD44-AS1"," lncRNA","chr11",11.7651577824649,2.01339340809048,0.514543325007665,3.78526600231694e-06,3.76762232147204e-05
"ENSG00000255507.6","UVRAG-DT"," lncRNA","chr11",2.98703175643765,2.09474549425261,0.758540389595823,0.000224075358592,0.00133010936159092
"ENSG00000255521.2","AL356215.1"," lncRNA","chr11",8.28706264108869,1.57390474129258,0.490625726584492,4.73097723149651e-05,0.000344609647620991
"ENSG00000255552.7","LY6G6E"," protein_coding","chr6",2.71711850660001,3.25576718449226,1.10540862420662,7.91098426490332e-05,0.000539360958485444
"ENSG00000255566.1","AC135279.2"," processed_pseudogene","chr12",4.81723584801968,1.22460387309149,0.673500354369631,0.00166766478445152,0.00734949946690122
"ENSG00000255587.9","RAB44"," protein_coding","chr6",19.9596776927039,-1.40543099871341,0.418940338804122,2.68667556885609e-05,0.000210536252085782
"ENSG00000255624.3","C10orf88B"," transcribed_processed_pseudogene","chr10",33.5961972437792,1.71832433976118,0.366726814311575,1.05900286974094e-07,1.62751492168805e-06
"ENSG00000255650.6","FAM222A-AS1"," lncRNA","chr12",24.4622168733316,3.70898000984551,0.520516886082483,4.76817362378977e-14,2.82418575695198e-12
"ENSG00000255717.7","SNHG1"," lncRNA","chr11",1150.19574407252,1.31200452750846,0.237619141912693,1.46799318841723e-09,3.46784009531634e-08
"ENSG00000255737.2","AGAP2-AS1"," lncRNA","chr12",44.0602533171221,2.34176049605604,0.513115575733134,1.83316929098307e-07,2.61542896029576e-06
"ENSG00000255774.2","LINC02747"," lncRNA","chr11",764.030068851767,-1.93039698571595,0.332024616136656,2.48177211665191e-10,6.98641451537622e-09
"ENSG00000255874.2","PRECSIT"," lncRNA","chr13",90.3818008111335,1.71265762837627,0.478306023602617,1.19107367589315e-05,0.000104008257659779
"ENSG00000255986.6","MT1JP"," transcribed_unprocessed_pseudogene","chr16",7.47660388697324,-4.13800563029651,0.748206698228195,8.70554123236619e-10,2.16856836009318e-08
"ENSG00000256008.3","AC125616.1"," lncRNA","chr12",3.80691592720154,2.48076652381228,0.818584651137504,8.92883536930526e-05,0.000601310573103703
"ENSG00000256029.6","AL590560.2"," protein_coding","chr1",5.5044373873937,1.11938374623819,0.734192573144078,0.00253628164210037,0.0104470342054941
"ENSG00000256061.7","DNAAF4"," protein_coding","chr15",8.56457424765779,1.87734002621959,0.408703257954616,1.94767103183228e-07,2.7533757121608e-06
"ENSG00000256084.1","AC092112.1"," lncRNA","chr12",5.10232981780723,5.19977493067435,1.05809362659502,0.00208142798485642,0.00884511515219556
"ENSG00000256139.2","AC007637.1"," lncRNA","chr12",30.3882465954003,-1.46926167885035,0.339638664823682,7.03245210147397e-07,8.59086677868431e-06
"ENSG00000256193.6","LINC00507"," lncRNA","chr12",13.3474373553285,-5.26277387001237,0.928549874939071,2.9234494270375e-10,8.13104725816481e-09
"ENSG00000256377.6","AC009509.1"," lncRNA","chr12",9.46463421684757,1.5774474012523,0.87445514673446,0.00138276834231191,0.00626667060245182
"ENSG00000256518.3","FOLR1P1"," unprocessed_pseudogene","chr11",20.521334017277,-7.95236076284188,1.43809260048928,3.38611334214453e-16,3.05295741275909e-14
"ENSG00000256540.1","AC007406.3"," lncRNA","chr12",7.53965692529913,1.56037544102446,0.56215382030366,0.00017077886319388,0.00105162973658641
"ENSG00000256663.1","AC112777.1"," processed_pseudogene","chr12",27.0985590335963,1.35805728670345,0.391004251386687,1.83427829972805e-05,0.000151032483644275
"ENSG00000256694.1","AC026369.2"," lncRNA","chr12",6.05520064426571,2.44427883196138,0.62530133584484,3.07454626257278e-06,3.13422181503101e-05
"ENSG00000256817.1","TPT1P12"," processed_pseudogene","chr12",8.07691685878271,2.39661753385641,1.49524513264666,0.00167612028279166,0.0073827537167664
"ENSG00000256843.1","AC023157.1"," processed_pseudogene","chr12",13.1830846937843,-5.49841646462128,1.08846436371644,6.28797762739339e-09,1.29914180668323e-07
"ENSG00000256916.1","AP000851.1"," lncRNA","chr11",3.69031498315736,7.37863124190201,2.87027281400217,1.5395155655598e-05,0.000130061416519886
"ENSG00000256940.2","PPP1R14B-AS1"," lncRNA","chr11",11.1395252238053,1.4007264729887,0.398823937300865,1.40006018903358e-05,0.000119650220157061
"ENSG00000257138.1","TAS2R38"," protein_coding","chr7",14.4421569401319,2.73061141987858,0.764294315822575,1.38497992850469e-05,0.000118517475664132
"ENSG00000257239.1","AC090630.1"," lncRNA","chr12",2.70686862297061,4.86123044357468,1.6927744062181,5.08918756364335e-05,0.000368101928417834
"ENSG00000257279.1","AC127164.1"," lncRNA","chr12",3.68048638765364,1.3860408512496,0.726938471457493,0.0014798343553199,0.00663431816367035
"ENSG00000257335.8","MGAM"," protein_coding","chr7",68.6195904372356,-8.50680520933388,0.54171811111007,7.81188743693952e-07,9.4435099600813e-06
"ENSG00000257446.4","ZNF878"," protein_coding","chr19",11.0114429967048,1.17424767011988,0.386154751089734,7.69464499452308e-05,0.000526460344081429
"ENSG00000257472.1","AL355112.1"," lncRNA","chr14",2.41299756420544,3.21060990243985,1.02389205380368,6.2725184406292e-05,0.000441730100989244
"ENSG00000257588.1","AC025154.2"," lncRNA","chr12",7.51542961584221,5.0960692092753,0.968859669979046,3.12155117711196e-09,6.89246993923129e-08
"ENSG00000257654.1","AC125603.1"," lncRNA","chr12",3.4251393434594,2.38233566064212,0.97056709513177,0.000533338684993936,0.00279843308075221
"ENSG00000257671.1","KRT7-AS"," lncRNA","chr12",4.43145323388883,3.04977392969562,0.629324614325603,1.10768765541258e-07,1.69192121973561e-06
"ENSG00000257727.6","CNPY2"," protein_coding","chr12",147.301757355982,1.70503776877693,0.315049519800077,2.47848471329084e-09,5.57882502246839e-08
"ENSG00000257831.1","AL136418.1"," lncRNA","chr14",7.42812509461391,1.39708144616901,1.43613854261825,0.00342914914044461,0.0134424302899216
"ENSG00000257883.1","AC125603.2"," lncRNA","chr12",15.7627971759404,2.4902078390839,0.666710395592614,7.52885703427719e-06,6.94237618234571e-05
"ENSG00000257906.3","LINC02156"," lncRNA","chr12",8.30026427092276,2.51449376957798,0.688516279540878,8.45125676951359e-06,7.69024088098885e-05
"ENSG00000257913.2","DDN-AS1"," lncRNA","chr12",13.0609718500611,2.31482301028819,0.487681487534025,8.26352257120674e-08,1.30329162107011e-06
"ENSG00000257956.1","NOP56P3"," processed_pseudogene","chr12",6.13726051920054,1.30794771808655,0.62692051920922,0.000949614994722469,0.00457648158852293
"ENSG00000258077.2","AC078923.1"," lncRNA","chr12",4.3602680658417,5.0403011264709,1.28365047413632,4.58528151947869e-07,5.85480202829423e-06
"ENSG00000258088.1","AC078820.1"," lncRNA","chr12",1.9803774615701,2.43545190581388,1.35675732901628,0.00142023306878908,0.00640426853942152
"ENSG00000258210.1","AC144548.1"," lncRNA","chr12",3.55939650247834,1.65928998936387,0.650026990480863,0.000361991306557907,0.00199719765906111
"ENSG00000258227.7","CLEC5A"," protein_coding","chr7",34.2545776990506,3.02239395223913,0.664530213764348,2.05416742683531e-07,2.88133821694989e-06
"ENSG00000258274.1","AC012085.2"," lncRNA","chr12",5.58009119644855,-6.39374414515132,0.635125873551229,6.33785980687965e-06,5.95755150917172e-05
"ENSG00000258404.1","LINC02320"," lncRNA","chr14",14.5201113425324,3.2296348051999,0.622935970130931,1.03111964071768e-08,2.01197679582457e-07
"ENSG00000258405.11","ZNF578"," protein_coding","chr19",14.3916300133482,-1.83198622577354,0.39550964133197,1.53434995155826e-07,2.24507040495146e-06
"ENSG00000258429.2","PDF"," protein_coding","chr16",65.705012797709,1.91798626502519,0.529969934473374,1.00387592932154e-05,8.94667899887934e-05
"ENSG00000258537.5","FRMD6-AS2"," lncRNA","chr14",3.50330089614324,-3.67637217627953,0.779321329594258,4.9352352605707e-08,8.18119847229846e-07
"ENSG00000258551.6","CRAT37"," lncRNA","chr15",9.98071151630829,2.9370663410294,0.985214437229477,9.41017535020306e-05,0.000628468048388665
"ENSG00000258561.2","AL359232.1"," lncRNA","chr14",23.4931979463328,1.36232340743523,0.378989576178282,1.15364814374179e-05,0.000101121013906484
"ENSG00000258630.3","LINC02292"," lncRNA","chr14",13.1227320372471,-2.21727430622532,0.472487801577196,1.81115785762257e-07,2.58857603446559e-06
"ENSG00000258732.1","AC025884.1"," unprocessed_pseudogene","chr15",4.03434556938975,-2.31514066473115,0.990766546824013,0.000539139734317852,0.00282339423951095
"ENSG00000258791.9","LINC00520"," lncRNA","chr14",12.2853828350591,-1.18711316475524,0.729511323211638,0.00207176988901867,0.00880983978223085
"ENSG00000258815.1","LINC02820"," lncRNA","chr12",8.28747407955575,2.25429961328137,2.15155069429986,0.00278549057828177,0.0112943726658176
"ENSG00000258819.2","LINC02289"," lncRNA","chr14",12.3883376299867,-2.68172131903094,0.481212267430372,1.18824655815344e-09,2.87821692421972e-08
"ENSG00000258844.2","AL162511.1"," lncRNA","chr14",2.63848091834831,2.41106897003865,1.07242620800715,0.000884740143745354,0.00431505166911147
"ENSG00000258884.2","LINC02321"," lncRNA","chr14",8.86144982209888,2.527922750354,0.707800243804409,1.18393734624332e-05,0.000103440749352263
"ENSG00000258919.1","AL049836.1"," lncRNA","chr14",37.0691681595214,3.47021344548398,0.529411680844,2.28458495503406e-12,9.87390925039886e-11
"ENSG00000258947.7","TUBB3"," protein_coding","chr16",10.8091856599828,2.52743868001569,0.575893879222011,4.37887887199663e-07,5.62444204302599e-06
"ENSG00000258987.2","AL132642.1"," lncRNA","chr14",14.4767543327468,-3.11278790798693,0.508103748565165,5.73982766445604e-11,1.8611720912379e-09
"ENSG00000259020.3","AL049872.1"," processed_pseudogene","chr14",25.1053020035238,1.02720566971418,0.44554367720839,0.000549430705351293,0.00287265171299811
"ENSG00000259045.1","MTCO1P2"," unprocessed_pseudogene","chr14",9.73682849000013,2.48336042799944,0.469488396042596,2.16992858036432e-05,0.000175072189563672
"ENSG00000259051.1","HNRNPUP1"," processed_pseudogene","chr14",15.6702223601138,2.39855152691295,0.813536261806768,9.51208319067684e-05,0.000634360378473369
"ENSG00000259078.2","PTBP1P"," processed_pseudogene","chr14",11.4155061926163,2.50719796964561,0.541637539677351,1.70768708197998e-07,2.45583107252575e-06
"ENSG00000259120.3","SMIM6"," protein_coding","chr17",256.199462458651,-1.88844934629492,0.329537194813135,4.27623910629733e-10,1.15955028330993e-08
"ENSG00000259134.7","LINC00924"," lncRNA","chr15",11.6351639176607,-1.18164355130678,0.683850962899319,0.00170988725108049,0.00751211699994189
"ENSG00000259225.7","LINC02345"," lncRNA","chr15",4.89801371527043,1.97645498855293,0.792865882223605,0.000355461428291336,0.00196618388539199
"ENSG00000259275.4","AC087477.2"," lncRNA","chr15",29.3989240141532,-1.02181310876923,0.218322909638223,1.36237993661737e-07,2.02010634914237e-06
"ENSG00000259305.6","ZHX1-C8orf76"," protein_coding","chr8",5.10297935337867,1.99171892801992,0.758449963394033,0.00024858712801592,0.00144858904867877
"ENSG00000259306.2","AC020891.2"," lncRNA","chr15",4.2648490809596,1.83705197344172,0.877985183660155,0.00097246290996515,0.00466639964102975
"ENSG00000259330.3","INAFM2"," protein_coding","chr15",835.53039786228,-1.10783323178175,0.282899387240336,3.28811061859324e-06,3.33412978626365e-05
"ENSG00000259342.1","AC025580.1"," lncRNA","chr15",371.621466223961,-1.61762531693852,0.478625161697238,2.39514603993079e-05,0.000190589973434846
"ENSG00000259363.6","AC090825.1"," lncRNA","chr15",25.4190615486883,-2.2793615628404,0.386568482010283,1.35080335971526e-10,4.00405255247835e-09
"ENSG00000259439.2","LINC01833"," lncRNA","chr2",53.2676385293138,5.15487540021741,0.876498946721204,1.89339417803314e-10,5.40984051325703e-09
"ENSG00000259471.1","LINC01169"," lncRNA","chr15",9.98153713422706,6.25750677771329,1.5772575561256,1.26137021181834e-06,1.43805951300315e-05
"ENSG00000259485.2","LINC02253"," lncRNA","chr15",70.589042529995,5.8312796648378,0.809010723091938,3.04092286915438e-14,1.88004332356215e-12
"ENSG00000259649.4","AC027808.2"," lncRNA","chr15",2.168639853577,1.93077010875235,0.939543837939332,0.00142186400629586,0.00640814337885498
"ENSG00000259664.3","LINC02254"," lncRNA","chr15",6.17991682358776,2.87988567615569,0.813261044882922,1.69248936146126e-05,0.000140928905202229
"ENSG00000259723.1","AL354993.2"," lncRNA","chr20",12.8534243136484,1.43690043157196,0.638384361386008,0.000661764287705418,0.00336564482142627
"ENSG00000259803.7","SLC22A31"," protein_coding","chr16",88.841774718682,3.26673757098954,0.94683797765451,1.72223865196e-05,0.000142931276311219
"ENSG00000259834.1","AL365361.1"," lncRNA","chr1",108.938153973694,-1.9899264375699,0.500029750227278,2.35755619545379e-06,2.48688849502889e-05
"ENSG00000259863.1","SH3RF3-AS1"," lncRNA","chr2",38.9031892165583,1.04732203391723,0.402656333035668,0.000272554850002346,0.00156327713754659
"ENSG00000259933.6","AC009065.2"," lncRNA","chr16",73.0564824778345,1.34978518369276,0.336215998139686,2.15540359146485e-06,2.2952785358191e-05
"ENSG00000259994.1","AL353796.1"," lncRNA","chr10",63.8115791376402,1.31512703973718,0.235676327606194,1.03062509030807e-09,2.54388054610034e-08
"ENSG00000260015.1","AC010547.2"," lncRNA","chr16",1.59027665299308,5.6115939571192,1.25996889048278,0.00386557874885979,0.0148431272956928
"ENSG00000260025.1","CRIM1-DT"," lncRNA","chr2",37.8071631840481,-1.13843499371238,0.214340015813796,5.11228852776724e-09,1.07610026611069e-07
"ENSG00000260057.6","LINC01571"," lncRNA","chr16",6.80242506957873,-3.114840666567,0.578993905309441,7.77068881708717e-09,1.56659017158395e-07
"ENSG00000260145.1","AC023825.2"," lncRNA","chr16",2.21289362092868,1.23442354004296,1.63001312137074,0.00486097549040095,0.0179414990297287
"ENSG00000260220.7","CCDC187"," protein_coding","chr9",22.995759398696,1.62739667971095,0.627360963825725,0.000274147038090491,0.00157074396510877
"ENSG00000260230.5","FRRS1L"," protein_coding","chr9",48.0718160268999,-5.28195494789826,0.736565849018365,6.86144654225193e-14,3.88671608845398e-12
"ENSG00000260328.1","AC104024.2"," lncRNA","chr17",5.22080684491501,3.99469506334582,0.818105905938426,7.95394701313363e-08,1.25997663324691e-06
"ENSG00000260428.3","SCX"," protein_coding","chr8",77.0381903539639,1.19633060492229,0.416731541012407,0.000129384459489718,0.000828152393239453
"ENSG00000260442.5","ATP2A1-AS1"," lncRNA","chr16",6.74344640084071,1.41905837014982,0.705980064834995,0.00100699066594805,0.00480095520495621
"ENSG00000260476.1","AC104794.4"," lncRNA","chr2",3.91431043649822,5.7668868371051,1.53841140410454,3.52925920890333e-07,4.6660975724067e-06
"ENSG00000260493.1","AC011773.4"," lncRNA","chr8",2.7583462781922,1.55837313004509,0.791263981303996,0.00149692436944054,0.00669983055478503
"ENSG00000260573.4","AC007493.1"," lncRNA","chr16",214.054822741791,9.04468793792029,1.04857219431622,3.57640332170842e-19,5.3992046053959e-17
"ENSG00000260577.2","AC126773.4"," lncRNA","chr16",8.00131329084769,2.15841743415493,0.562878720803398,4.93302633844128e-06,4.75828139355504e-05
"ENSG00000260604.2","AL590004.3"," lncRNA","chr6",15.4328106179812,4.8667869022354,0.843987251526592,4.70585015122792e-10,1.26129218999633e-08
"ENSG00000260615.1","RPL23AP97"," processed_pseudogene","chr13",9.76845237148843,-1.1833946029229,0.736434200235226,0.00199252536269848,0.00851637980280051
"ENSG00000260641.1","AC114811.2"," lncRNA","chr4",20.5134220321322,1.60986886585964,0.776688670540511,0.000887604267029901,0.00432710413025781
"ENSG00000260643.2","AC092718.3"," protein_coding","chr16",18.6908781794353,1.58497690057993,0.355497502813394,3.65116727046031e-07,4.80574157601788e-06
"ENSG00000260698.1","AL591848.2"," lncRNA","chr1",12.8089449232923,-1.14438032509263,0.444376075058653,0.00030811368095802,0.00173524478524167
"ENSG00000260725.1","AC005307.1"," lncRNA","chr19",3.7017720923597,1.51717575841678,1.45653859835015,0.00364054966506719,0.0141109339656975
"ENSG00000260740.2","AC026471.3"," lncRNA","chr16",2.95640024901467,1.43821109237418,0.849855438327772,0.0019641116110062,0.00841428150966322
"ENSG00000260877.2","AP005233.2"," lncRNA","chr11",14.4071874478797,2.57720024888998,0.650545506219365,2.84860436065518e-06,2.93430658007445e-05
"ENSG00000260920.2","AL031985.3"," lncRNA","chr1",88.033237372436,1.35752619830497,0.308017669226711,4.14277966120808e-07,5.37006159119376e-06
"ENSG00000260924.2","LINC01311"," lncRNA","chr22",31.930305019997,1.50449405374212,0.422237520547544,1.32297571140732e-05,0.000113962700745379
"ENSG00000260947.1","AL356489.2"," lncRNA","chr9",19.0109976027493,-3.59914621270603,0.564851310597888,9.56528320020295e-12,3.60592290490345e-10
"ENSG00000261040.7","WFDC21P"," transcribed_unitary_pseudogene","chr17",30.8767165039277,1.16449270241569,0.754025317937677,0.00211610979355417,0.00896275598922578
"ENSG00000261061.1","AC092718.4"," lncRNA","chr16",142.453213027965,1.35161106337197,0.212723646721666,9.20889970944481e-12,3.49593528384982e-10
"ENSG00000261083.3","LINC02516"," lncRNA","chr4",2.21683057265253,1.76469153588103,0.849222177105052,0.00130510829280024,0.00597478208289285
"ENSG00000261104.1","AC093904.4"," lncRNA","chr2",29.5437723312614,2.77250375170836,0.820917139034556,2.33723356055291e-05,0.000186665200379141
"ENSG00000261123.1","AC009065.5"," lncRNA","chr16",126.062211513794,1.04727443522857,0.314777172394193,3.01954033151297e-05,0.000233297405570693
"ENSG00000261141.1","AC092718.5"," lncRNA","chr16",5.64050768734571,1.61405236523779,0.407645859627817,3.94184745616743e-06,3.90789507429085e-05
"ENSG00000261222.3","AC064805.1"," lncRNA","chr17",14.8242683645294,2.26897944595389,0.868059940769874,0.000239616384505466,0.00140463583317291
"ENSG00000261236.8","BOP1"," protein_coding","chr8",3650.1021859783,2.1460238182045,0.308392374707435,1.71735912347753e-13,9.16809908385421e-12
"ENSG00000261373.1","VPS9D1-AS1"," lncRNA","chr16",243.748081374505,2.85897083083015,0.458837608950992,1.98378338810191e-11,7.0141221362758e-10
"ENSG00000261469.1","AC020978.4"," lncRNA","chr16",42.963475338654,-3.13768052702525,0.289315439673553,9.48514747452439e-29,7.15974224949099e-26
"ENSG00000261587.2","TMEM249"," protein_coding","chr8",3.44453799915259,2.20128404709749,1.16440484420993,0.00136292057971775,0.00619228389928312
"ENSG00000261650.1","AC055717.2"," lncRNA","chr12",3.3118585212228,6.37655166016942,1.55483717880686,0.000310565897255219,0.00174793617012483
"ENSG00000261659.2","Z92544.1"," lncRNA","chr16",60.2290049569812,1.1724424975574,0.393509304130043,9.32157627680644e-05,0.000623705880834021
"ENSG00000261670.1","AC012213.2"," lncRNA","chr8",3.62074733549377,2.47175607976437,0.849601466538972,0.000149897296941847,0.000940894694283208
"ENSG00000261729.2","AL133383.1"," lncRNA","chr1",11.6193992796244,-2.49005301705714,0.609294666483104,1.25808969342485e-06,1.43482344586029e-05
"ENSG00000261742.6","LINC00922"," lncRNA","chr16",3.46879558637754,2.45668058346607,0.716537437563085,2.94050933517561e-05,0.000227896494749594
"ENSG00000261744.1","AC116552.1"," lncRNA","chr16",5.26866187762087,1.4233606232259,0.543793466677176,0.000306620772691318,0.0017293305021746
"ENSG00000261762.1","AC027228.2"," lncRNA","chr15",58.3665691140692,1.52607494340683,0.348480663060523,4.67429370819771e-07,5.95674225287324e-06
"ENSG00000261787.2","TCF24"," protein_coding","chr8",7.77900148230747,5.10848490565706,1.10323719853661,1.17398705434794e-07,1.77646954825293e-06
"ENSG00000261795.1","AC093627.7"," lncRNA","chr7",8.77607269316943,-3.32803741957839,0.529147718943968,2.36879425019676e-11,8.20558418067091e-10
"ENSG00000261798.1","AL033527.2"," lncRNA","chr1",10.4954488097248,1.79363888645081,0.442561295758278,2.10636540403014e-06,2.24600552838404e-05
"ENSG00000261863.1","LINC01996"," lncRNA","chr17",4.2576270655591,3.43064604235103,0.743576816912214,3.46535000165375e-07,4.58907916579671e-06
"ENSG00000261873.2","SMIM36"," protein_coding","chr17",2.08060384753887,4.71330719604925,1.45958137942634,3.89273810287679e-06,3.86156764496256e-05
"ENSG00000261888.1","AC144831.1"," lncRNA","chr17",82.2107660707341,-2.3450890990118,0.494318689701962,8.58778895542975e-08,1.3482695390353e-06
"ENSG00000261934.2","PCDHGA9"," protein_coding","chr5",34.3805644221631,-1.18302222087404,0.451105996845714,0.000251644355735338,0.00146291085564006
"ENSG00000262001.1","DLGAP1-AS2"," lncRNA","chr18",377.751186750095,2.72930876197262,0.375293496746103,1.56171775197919e-14,1.01583636861204e-12
"ENSG00000262097.2","LINC02185"," lncRNA","chr16",19.7682660427799,-2.390701282244,0.337122398116723,7.93968489372496e-14,4.45088587703842e-12
"ENSG00000262188.2","LINC01978"," lncRNA","chr17",40.0167758057636,2.25549746690499,0.391896444029312,3.67878904926187e-10,1.00679709073307e-08
"ENSG00000262209.3","PCDHGB3"," protein_coding","chr5",13.201243995055,-1.97928554989965,0.45913902726677,7.30256697433524e-07,8.88739103310735e-06
"ENSG00000262294.1","AC129507.2"," lncRNA","chr17",39.0042222140112,-1.27365908908942,0.479927528521959,0.000224763093936829,0.0013337039310789
"ENSG00000262406.3","MMP12"," protein_coding","chr11",1277.38545925742,1.82591738659681,0.588307044397204,6.41396101474575e-05,0.000449836531150859
"ENSG00000262543.2","SMIM28"," protein_coding","chr6",8.62602182650573,-5.42910022331117,0.928544931284096,4.21862458507462e-12,1.72236624883462e-10
"ENSG00000262585.1","LINC01979"," lncRNA","chr17",21.9762713508705,2.16017916056303,0.380766041717788,6.45689251231735e-10,1.66728573719011e-08
"ENSG00000262712.1","AC012676.1"," lncRNA","chr16",18.6230705513756,1.43643709804452,0.317679478264393,2.67817725440679e-07,3.65859753045183e-06
"ENSG00000262768.2","AC100791.2"," lncRNA","chr17",8.72489890406556,4.51839669846439,0.872171305244859,1.5441866695441e-08,2.88858407902421e-07
"ENSG00000262772.2","LINC01977"," lncRNA","chr17",25.1223723705075,3.50990594743898,0.467114347108805,2.78032109555091e-15,2.0889736601711e-13
"ENSG00000262979.1","AC124319.1"," lncRNA","chr17",16.1432197901283,2.30033056627945,0.789994268225741,0.000100577889699194,0.000665477339270702
"ENSG00000263006.6","ROCK1P1"," transcribed_unprocessed_pseudogene","chr18",33.983763835783,1.06096905045926,0.457214646934038,0.000554580507064012,0.00289444831938956
"ENSG00000263041.2","AL513324.1"," lncRNA","chr10",2.22976201597449,3.57267863414371,1.51519236979564,0.000292609164172882,0.00166040354033626
"ENSG00000263155.6","MYZAP"," protein_coding","chr15",208.352836714132,-1.15560368566529,0.396202645170781,0.000109216334322435,0.00071441833523531
"ENSG00000263235.1","AC006111.2"," lncRNA","chr16",8.78225119188852,1.00035222800095,0.621747270141354,0.00200180755800333,0.00855154905470808
"ENSG00000263264.2","AC119396.1"," protein_coding","chr19",25.6857495293673,-1.72966757404005,0.581239873499897,0.000101449943283661,0.000670370981087349
"ENSG00000263325.1","AC003965.2"," lncRNA","chr16",6.24206665363836,2.19996235833445,0.540084616757803,2.13086747675335e-06,2.27138576553236e-05
"ENSG00000263400.8","TMEM220-AS1"," lncRNA","chr17",66.6244890573555,-2.59164803398401,0.367666321009729,1.02993515713592e-13,5.6660398864945e-12
"ENSG00000263429.3","TMEM238L"," protein_coding","chr17",97.9413396490206,-1.52977105646744,0.384725935720484,2.55691803176428e-06,2.66685236102201e-05
"ENSG00000263432.2","RN7SL689P"," misc_RNA","chr5",15.0879322267717,-1.07303296487884,0.340383461562548,6.47876371443943e-05,0.000453597309411723
"ENSG00000263508.6","AC015908.2"," lncRNA","chr17",13.9896084881983,-2.93700661131318,0.522095969675231,1.74280144484361e-09,4.05504296033934e-08
"ENSG00000263731.1","AC145207.5"," lncRNA","chr17",105.665950899068,1.03752768845898,0.1735524258071,1.01749307793351e-10,3.09520059264911e-09
"ENSG00000263745.7","AP005230.1"," lncRNA","chr18",22.0937753100309,6.54733626131941,1.21915076142955,1.46427388834879e-09,3.46409634606597e-08
"ENSG00000263823.1","AC009831.1"," lncRNA","chr18",18.4483038836216,-1.14595312798203,0.309304035709371,8.95423262947557e-06,8.09346930346751e-05
"ENSG00000263934.5","SNORD3A"," snoRNA","chr17",31.1456334077062,2.31276598566927,0.517588593750281,3.11448189874325e-07,4.1755412420243e-06
"ENSG00000264057.1","AC103810.1"," transcribed_unprocessed_pseudogene","chr17",8.65794027270972,1.30608192904234,0.792787709388217,0.00202759685325051,0.00863666581710803
"ENSG00000264112.1","AC015813.1"," lncRNA","chr17",526.113264457792,1.47246807199989,0.44441749972443,3.15945055107833e-05,0.000242663147153101
"ENSG00000264175.1","MIR3189"," miRNA","chr19",15.6805749048539,2.81196325034318,0.694066609344246,1.81120426086902e-06,1.96891941630673e-05
"ENSG00000264500.1","MIR3124"," miRNA","chr1",5.75981268603796,-2.29680842351086,0.508282867216487,4.77279356920192e-07,6.06085030004522e-06
"ENSG00000264548.1","AC132872.2"," lncRNA","chr17",5.92184714150787,1.07509756720959,0.514210736777181,0.00101843417045007,0.00484200033755212
"ENSG00000265018.6","AGAP12P"," transcribed_unprocessed_pseudogene","chr10",25.4195702416343,1.43194534964234,1.09058942428982,0.00268522055302744,0.0109424844582755
"ENSG00000265148.6","TSPOAP1-AS1"," lncRNA","chr17",223.718085600407,2.18518274856597,0.508091011920993,6.49212068003264e-07,7.99094626592717e-06
"ENSG00000265298.1","AC132812.1"," unprocessed_pseudogene","chr17",175.877323775113,1.0898464552632,0.484471441568756,0.000633404305933361,0.00324633459055503
"ENSG00000265519.1","AC015922.2"," lncRNA","chr17",83.8680828387852,-1.39009159518688,0.44668008228593,5.9478041965577e-05,0.000422067836930192
"ENSG00000265554.2","AP005271.1"," lncRNA","chr18",9.79434663032518,3.22940362306941,0.929676485001335,1.90004944397879e-05,0.00015581557567626
"ENSG00000265574.1","WDR45BP1"," processed_pseudogene","chr17",5.07513058348307,1.95419281221705,1.18244182246078,0.00173900845512509,0.00761531792180925
"ENSG00000265688.2","MAFG-DT"," lncRNA","chr17",188.57182554369,3.4036271236381,0.463332681227089,8.8429265600225e-15,6.06815455148436e-13
"ENSG00000265787.2","CYP4F35P"," transcribed_unprocessed_pseudogene","chr18",24.1948255683347,1.32717948981507,0.877019593952787,0.00223154506162973,0.00937503101350994
"ENSG00000265817.4","FSBP"," protein_coding","chr8",90.2243623263038,1.1074216916349,0.274160769157174,2.1462078520884e-06,2.2862361162811e-05
"ENSG00000265912.1","AC037487.1"," lncRNA","chr17",4.20441616832772,1.2144073300764,1.00835224048426,0.00348458879679376,0.0136088055789113
"ENSG00000265972.6","TXNIP"," protein_coding","chr1",31544.2212952672,-1.08289491670806,0.270157522323263,2.26889834466767e-06,2.40038795538537e-05
"ENSG00000265982.1","AC103810.3"," unprocessed_pseudogene","chr17",21.4574468594064,1.59138223542046,0.432452461163652,8.50310921378207e-06,7.73092209694506e-05
"ENSG00000266200.6","PNLIPRP2"," polymorphic_pseudogene","chr10",710.181489730561,-6.03586084404704,1.00315173428178,6.1207165089343e-11,1.97089500443442e-09
"ENSG00000266256.3","LINC00683"," lncRNA","chr18",8.9077772546287,-2.30412329865085,0.461732656048475,5.14816863523046e-08,8.50810883718485e-07
"ENSG00000266289.1","AC012213.3"," lncRNA","chr8",2.69546163474465,2.0633659441215,0.952531556010614,0.000871670306865151,0.00426158680828876
"ENSG00000266401.2","AP002478.1"," lncRNA","chr18",2.93832687588447,2.80391653127954,1.55462778581604,0.000976671668959549,0.00467977694583541
"ENSG00000266402.3","SNHG25"," lncRNA","chr17",47.6251021942498,3.87783629467844,0.62503606824541,2.44499496735927e-11,8.43354374607304e-10
"ENSG00000266490.1","AC127024.5"," lncRNA","chr17",8.54105186797202,1.67683407018987,0.389654128947005,7.36204875360778e-07,8.93966997548078e-06
"ENSG00000266733.7","TBC1D29P"," transcribed_unprocessed_pseudogene","chr17",2.55029017553993,1.57622268363849,0.9321801405475,0.0023205201129366,0.00967370175002519
"ENSG00000266865.6","AC138207.8"," transcribed_unprocessed_pseudogene","chr17",66.6673303766521,-1.30974179115302,0.26235214793456,2.68367077788466e-08,4.7760849297862e-07
"ENSG00000266903.2","AC243964.3"," lncRNA","chr19",89.6999203466805,-1.06700676894517,0.441464056253283,0.000435678629906804,0.00234440543931827
"ENSG00000267041.6","ZNF850"," protein_coding","chr19",140.783984477775,1.19496590491881,0.212266805431682,7.70174291337416e-10,1.94690943522039e-08
"ENSG00000267073.1","AC005256.1"," lncRNA","chr19",8.27662906097064,6.01844983025459,1.36439458375896,4.71802518259191e-08,7.85321340392658e-07
"ENSG00000267123.7","SCAT1"," lncRNA","chr17",14.5667724754487,2.00199149538838,0.815245778503227,0.000372514207810738,0.00204725129649863
"ENSG00000267213.4","AC007773.1"," lncRNA","chr19",22.5891640475293,1.81939830449207,0.664107042505164,0.000178657996956288,0.00109433501891059
"ENSG00000267272.5","LINC01140"," lncRNA","chr1",15.9760834556051,-1.73894042007604,0.422315717890933,1.1187818614856e-06,1.29413477049535e-05
"ENSG00000267313.7","KC6"," lncRNA","chr18",2.91741046603214,1.57426199090542,0.78158064613392,0.00273614497744416,0.0111206854092014
"ENSG00000267342.1","AC087289.2"," lncRNA","chr17",9.52032333110127,1.09708189827281,0.398709103084902,0.000189127995418791,0.0011480674163649
"ENSG00000267405.1","AC005180.1"," lncRNA","chr17",7.89868858607063,-3.15137397401809,0.617974642362408,0.000243130425710856,0.00142215306500684
"ENSG00000267414.1","SETBP1-DT"," lncRNA","chr18",23.6599363175575,-1.62694807362133,0.307156191648817,4.26160775650682e-09,9.17871695824143e-08
"ENSG00000267432.6","DNAH17-AS1"," lncRNA","chr17",8.02963607360615,3.81298358972501,1.08439602300105,1.70127736939748e-05,0.0001415173266425
"ENSG00000267500.1","ZNF887P"," transcribed_unprocessed_pseudogene","chr19",9.19198067725179,1.14079663659435,0.387605580815023,0.000104021618490574,0.000685162207672142
"ENSG00000267505.1","AC005180.2"," lncRNA","chr17",10.5354639370713,-3.32792234878334,0.747640065938209,0.000783012207586547,0.00389382721523581
"ENSG00000267530.3","LINC01836"," lncRNA","chr19",18.8938040625314,2.01075648727024,0.531186924595003,4.86729781235517e-06,4.70747176380883e-05
"ENSG00000267533.1","AP002414.4"," processed_pseudogene","chr18",12.9832606460482,2.56197640383273,0.790527814978674,3.70781728753054e-05,0.000278971565875443
"ENSG00000267787.7","AC027097.2"," lncRNA","chr18",25.0356425146246,-1.39016154673088,0.267799478394975,9.96833650022925e-09,1.95028490732032e-07
"ENSG00000267892.1","AC022144.1"," lncRNA","chr19",22.0163231514073,2.01190898898584,0.550491606648844,8.81827351977467e-06,7.98391971840576e-05
"ENSG00000268027.5","AC243960.1"," lncRNA","chr19",36.9479803735626,-1.56668249876248,0.548442223499414,0.000119794869304575,0.000774870838558769
"ENSG00000268104.3","SLC6A14"," protein_coding","chrX",379.087897250665,1.5009609460894,1.46886933803333,0.00317136883127764,0.0125792850452902
"ENSG00000268204.1","AC008763.1"," lncRNA","chr19",8.71919424835207,1.93592106197017,0.527971331288126,9.4842221785812e-06,8.51559843630397e-05
"ENSG00000268324.2","LRRC2-AS1"," lncRNA","chr3",4.25046674297303,2.20731662384969,0.821161289744483,0.000255123646059371,0.00147871487567769
"ENSG00000268388.6","FENDRR"," lncRNA","chr16",901.584097479855,-1.53834137928033,0.389682743556363,2.8126639038727e-06,2.9000459019028e-05
"ENSG00000268401.2","AC007785.3"," lncRNA","chr19",5.85491629093245,1.41587432545206,0.536193326283476,0.000268816443147301,0.00154511140635295
"ENSG00000268505.1","AC135012.3"," lncRNA","chr16",16.3738670190097,-1.29030689079009,0.659409055740299,0.00112435273166327,0.00526764448099398
"ENSG00000268510.1","IFNL3P1"," unprocessed_pseudogene","chr19",4.03720742520037,2.37094577013393,0.882029469948785,0.000230847054026016,0.00136357451657921
"ENSG00000268555.2","AC123912.4"," lncRNA","chr19",32.8574450124828,-5.09336414916413,0.680332158102261,7.57817487681564e-16,6.3888935104333e-14
"ENSG00000268601.1","AC115522.1"," lncRNA","chr19",9.88726357722691,1.28459628916833,0.897440778110903,0.00250137561993872,0.0103202809040258
"ENSG00000268621.6","IGFL2-AS1"," lncRNA","chr19",6.21060923916596,6.80170868750648,1.23756800849104,0.000961798979380032,0.00462662090504342
"ENSG00000268628.2","AL121761.1"," lncRNA","chr20",53.1686783189757,2.56668895584534,0.841314462775185,6.81429506286423e-05,0.000474326376046423
"ENSG00000268756.1","AC104534.1"," lncRNA","chr19",27.1682400756272,1.23398472364716,0.34030975339352,0.00114313977413275,0.00534458228243151
"ENSG00000268812.3","AC004264.1"," lncRNA","chr22",13.8393607058117,1.46752791817437,0.330762246669503,4.15244741617021e-07,5.37847667791291e-06
"ENSG00000268833.1","AC243967.2"," lncRNA","chr19",4.59327468954827,1.94667106407901,0.901500911665023,0.000832403055468551,0.00410173650742344
"ENSG00000268903.1","AL627309.6"," processed_pseudogene","chr1",59.0398014041156,1.39656946385533,0.664686889837945,0.000838213529596389,0.00412535780798174
"ENSG00000268941.2","LINC01711"," lncRNA","chr20",1.8207595196854,2.41723382683526,0.920524052228153,0.000412552521025952,0.00223773892504351
"ENSG00000269053.1","AC010319.3"," lncRNA","chr19",3.30476494370423,1.36201457716446,0.861745352523634,0.00240837125360258,0.00999244716214147
"ENSG00000269186.3","LINC01082"," lncRNA","chr16",18.1406298479851,-1.10990671743601,0.718009642590418,0.00197730506322238,0.00846470162781218
"ENSG00000269243.1","AC008894.2"," lncRNA","chr19",11.4283044431114,-1.31601370867193,0.483667492692551,0.000231482593278527,0.00136633586154231
"ENSG00000269399.2","AC008764.6"," lncRNA","chr19",34.2320480814803,1.06060983107901,0.305504185176642,1.97272098494315e-05,0.00016112293091407
"ENSG00000269404.7","SPIB"," protein_coding","chr19",1048.11976450754,-4.5044256112052,0.583418107608691,5.02297033273624e-16,4.37092683806844e-14
"ENSG00000269473.1","AC012313.8"," lncRNA","chr19",18.6697098223316,1.70454129283246,0.312559070166697,2.60896820179029e-09,5.83610543719568e-08
"ENSG00000269516.6","CYP4F23P"," transcribed_unprocessed_pseudogene","chr19",12.0177008597558,3.83844765805268,0.863214813410757,3.89596214614377e-07,5.08669104342456e-06
"ENSG00000269667.2","AC092723.1"," lncRNA","chr16",21.2646933146331,-3.3850619538929,0.570075350756114,1.27558280651341e-10,3.80891138305541e-09
"ENSG00000269821.1","KCNQ1OT1"," lncRNA","chr11",177.918437479871,1.16213461012741,0.441900615355795,0.000250024760681171,0.00145565985330753
"ENSG00000269834.6","ZNF528-AS1"," lncRNA","chr19",58.5041495301676,-1.71604944433883,0.448855545086943,4.83630323847942e-06,4.6872717382671e-05
"ENSG00000269947.1","AC135178.6"," lncRNA","chr17",13.6004406966444,1.30319931213176,0.355659543917435,1.04363441155184e-05,9.25274125379671e-05
"ENSG00000269978.1","AL359881.1"," lncRNA","chr1",4.55962081228173,2.91943075150602,0.959750939489483,8.94740172697068e-05,0.000602270355151419
"ENSG00000270000.1","AC005479.2"," lncRNA","chr14",2.91373322439111,1.25049464785771,0.892354339739119,0.00312280795496651,0.0124261493934416
"ENSG00000270035.1","AL359881.2"," lncRNA","chr1",2.06576740511669,1.70499167235739,0.971054259931049,0.00225078905543917,0.00944243390997088
"ENSG00000270265.1","AC104819.3"," lncRNA","chr4",17.1140688315636,-1.84449682230274,0.4175284896187,5.04361601397945e-07,6.35010428943929e-06
"ENSG00000270372.1","AL162413.1"," lncRNA","chr9",7.90361565602642,5.92371807373189,1.39799305426996,1.45682270634552e-07,2.1444694513634e-06
"ENSG00000270403.1","AP001554.1"," lncRNA","chr11",33.7542465524405,-4.13468743472367,0.658185536318737,9.53043491061187e-12,3.59696344568186e-10
"ENSG00000270472.2","IGHV3OR16-9"," IG_V_gene","chr16",24.6838092353697,-2.74557023997849,0.475077877938523,2.76834877450682e-10,7.73279384879023e-09
"ENSG00000270714.1","MICOS10P2"," processed_pseudogene","chr17",3.20014536588097,1.27241921496356,1.48815320814432,0.00401539360102489,0.0153403537549512
"ENSG00000270720.1","AC104785.1"," lncRNA","chr4",7.89086615541644,1.0037886332687,0.479843833203615,0.000981423690106211,0.00469977133866441
"ENSG00000270781.1","AC091133.6"," processed_pseudogene","chr17",14.0913422309558,2.01886622224263,0.706209807986431,0.000124693142758922,0.000801602302964766
"ENSG00000270804.1","AC010326.4"," transcribed_processed_pseudogene","chr19",60.517905828729,1.28779333988824,0.323311177931268,2.47674577835925e-06,2.59658315484446e-05
"ENSG00000270823.1","AC007938.2"," lncRNA","chr7",1.96369359641036,1.39873964199113,1.48070027030708,0.00516481594830617,0.0188719403169861
"ENSG00000270933.1","AC010719.1"," lncRNA","chr7",73.7416364119786,2.20802154745756,0.473233907283303,1.22315167864914e-07,1.84313171706564e-06
"ENSG00000270964.1","AC016355.1"," lncRNA","chr15",75.0821329378592,-1.01599210166134,0.350601710635799,0.000119883462602498,0.000775289386162958
"ENSG00000270975.1","MAGOH3P"," unprocessed_pseudogene","chr14",3.42937618447716,2.9079225703278,1.41419409431089,0.000867473220256154,0.00424426375988457
"ENSG00000271032.1","AC020907.4"," lncRNA","chr19",19.7647560547089,1.28811928699047,0.628346451181084,0.00096185576218094,0.00462662090504342
"ENSG00000271156.1","AC090578.2"," lncRNA","chr8",4.11640432073831,2.04712759141646,0.854338875173778,0.000512807798315004,0.00270250292542757
"ENSG00000271178.1","IGHV3OR16-13"," IG_V_gene","chr16",58.5943899953636,-3.74399981803981,0.591980448915497,8.39211792603105e-12,3.20137250960592e-10
"ENSG00000271303.2","SRXN1"," protein_coding","chr20",11.9694316901578,3.80212943840133,0.996663257155497,5.27844803253993e-06,5.04945081757091e-05
"ENSG00000271474.1","AC106881.1"," lncRNA","chr4",15.111499972547,-2.3578951982723,0.324629391235315,1.94849826153533e-14,1.25484834470067e-12
"ENSG00000271590.1","AC108463.3"," lncRNA","chr2",2.15429627367865,1.21900359709284,1.43395103999709,0.0047475518129719,0.0176009179606444
"ENSG00000271614.1","ATP2B1-AS1"," lncRNA","chr12",49.872489159584,-1.20300029004156,0.202278963786972,1.41119478996553e-10,4.16405095388193e-09
"ENSG00000271615.1","ACTG1P22"," transcribed_processed_pseudogene","chr2",17.4917602760651,-4.56837176353921,0.842504406990006,3.12625115739228e-09,6.89815500113111e-08
"ENSG00000271797.1","AC008494.3"," lncRNA","chr5",14.6111645777482,-1.80947937405145,0.382453735419554,6.92146644996462e-08,1.11161285518531e-06
"ENSG00000271811.1","Z97200.1"," lncRNA","chr1",3.15387952982345,1.83275963670445,1.10761781011579,0.00195808514293576,0.00839571037905007
"ENSG00000271833.1","AL445222.1"," lncRNA","chr9",9.10551766855114,1.01723034872684,0.664041341655377,0.0023202759103178,0.00967370175002519
"ENSG00000271952.2","LINC01954"," lncRNA","chr2",18.409599853492,-5.37161709134773,0.951187508676672,1.11420436639207e-09,2.72325642502665e-08
"ENSG00000272006.1","AC037487.3"," processed_pseudogene","chr17",2.41115497441485,2.35283821867164,0.845911627828437,0.000267144762126724,0.00153688536513568
"ENSG00000272077.1","AC124045.1"," lncRNA","chr3",46.6868199686499,1.07598434745029,0.183980126272962,2.25794061253888e-10,6.40631437078557e-09
"ENSG00000272079.2","AC004233.2"," lncRNA","chr16",155.979555703331,-1.28951436011541,0.272012656356512,8.36492818945941e-08,1.3167256991924e-06
"ENSG00000272138.2","LINC01607"," lncRNA","chr8",10.444107441857,1.14882802726126,0.33619362736719,2.48260185703662e-05,0.00019672922625902
"ENSG00000272143.1","FGF14-AS2"," lncRNA","chr13",30.4518478843575,-2.74672292374205,0.388020822066644,6.48814729762426e-14,3.69460149098751e-12
"ENSG00000272202.1","AC097358.2"," lncRNA","chr3",2.3175633509674,1.11471775639361,1.20014001186278,0.00459260236414985,0.0171163953996527
"ENSG00000272217.1","AL645940.1"," lncRNA","chr6",4.82067775817905,1.47183389108538,0.740071649554498,0.00118956518886114,0.00552927207504723
"ENSG00000272221.1","AL645933.2"," lncRNA","chr6",102.513393542241,-1.01491177059658,0.504940118867866,0.00101674151245618,0.00483536937894545
"ENSG00000272235.1","AL590438.1"," lncRNA","chr1",67.2404181064005,2.01943919782372,0.456247299733172,3.81479826869206e-07,5.00285746283665e-06
"ENSG00000272325.2","NUDT3"," protein_coding","chr6",47.7809989920058,1.41819209423204,0.520017275191941,0.000183508521644982,0.00111960894653249
"ENSG00000272328.1","AC007128.2"," lncRNA","chr7",3.68454745328816,4.48698920913131,0.946828098973564,1.01712807509779e-08,1.98639849949001e-07
"ENSG00000272347.1","AC116351.2"," lncRNA","chr5",11.5893318813232,1.41891736184584,0.829796013015063,0.00169767533672043,0.00746351700924717
"ENSG00000272462.3","U91328.1"," lncRNA","chr6",137.607136153249,-1.60206473714142,0.284468167213015,7.52458121788117e-10,1.90614993487183e-08
"ENSG00000272463.1","AL357054.4"," lncRNA","chr6",78.7052792551192,-1.88289500095268,0.331390672761561,5.30502500077071e-10,1.40422744546647e-08
"ENSG00000272502.1","AC104958.2"," lncRNA","chr8",56.9496129517099,3.04685874325933,0.427885169867029,4.86197931424278e-14,2.87450135850077e-12
"ENSG00000272540.1","AL662797.1"," lncRNA","chr6",3.89884306490718,1.18550667415897,0.826171145209145,0.00282349696558963,0.0114185228643295
"ENSG00000272556.2","GTF2IP13"," transcribed_unprocessed_pseudogene","chr7",197.355669083637,1.15925337959437,0.332166944642424,1.75221520802358e-05,0.000144974257512183
"ENSG00000272568.6","AC005162.2"," lncRNA","chr7",13.6927241132031,-1.13979991143578,0.389157898947182,0.000122169326388786,0.000788187635843215
"ENSG00000272620.2","AFAP1-AS1"," lncRNA","chr4",16.6353015552843,6.25172330274475,0.395604143002524,0.00411298624432501,0.0156267479244178
"ENSG00000272686.1","WASL-DT"," lncRNA","chr7",340.059985424093,-1.40005604551248,0.268755507554927,7.90746148033729e-09,1.58922838841355e-07
"ENSG00000272702.1","AC010913.1"," lncRNA","chr2",6.54264577198873,1.57989637900787,0.643278182783533,0.000357881533718566,0.00197822187013577
"ENSG00000272800.3","AC021851.1"," lncRNA","chr2",18.3179548905213,1.46440711096546,0.263069905431242,1.04066514494406e-09,2.56671043120017e-08
"ENSG00000272945.1","AL356299.2"," lncRNA","chr20",9.25855582186242,2.27455265578011,0.505026314809072,2.65980446720422e-07,3.63655995773019e-06
"ENSG00000273008.1","AC010864.1"," lncRNA","chr10",12.1784010155069,1.14562389519432,0.33427661166632,2.12775693913742e-05,0.000172097519886674
"ENSG00000273045.7","C2orf15"," protein_coding","chr2",143.250919956584,1.20202832699286,0.182575166820589,2.10989946157787e-12,9.15549688822121e-11
"ENSG00000273064.1","AC017083.1"," lncRNA","chr2",4.48379977516547,1.07641768898453,0.878271206158228,0.00338796658861678,0.0132986599991926
"ENSG00000273069.1","AC211433.2"," lncRNA","chr7",2.07458175205091,1.84134071472492,0.887378969309907,0.00138372057650511,0.00627011063412017
"ENSG00000273079.6","GRIN2B"," protein_coding","chr12",126.715767170089,2.68674089727409,0.603315652625104,3.21275864682122e-07,4.29311322184122e-06
"ENSG00000273113.1","AC133528.1"," lncRNA","chr2",4.81047478506958,1.6024176195051,0.55895148558384,0.000152338219094015,0.000953266611789773
"ENSG00000273132.1","AL355312.3"," lncRNA","chr6",7.79608076173089,3.81480031447819,0.82611617125009,1.43352533718746e-07,2.11689560484216e-06
"ENSG00000273142.1","LINC02604"," lncRNA","chr7",254.161258775588,1.21580799778497,0.382745775701643,5.20756229657569e-05,0.000375711347553239
"ENSG00000273243.1","Z82243.1"," lncRNA","chr22",6.31159803871713,1.02276211068281,0.68304123545454,0.00265452106973509,0.010851441420839
"ENSG00000273374.1","AC069222.1"," lncRNA","chr3",9.12246802902977,2.02885743084429,0.672213143602533,8.39174651150436e-05,0.000569116816277494
"ENSG00000273445.1","AC133644.1"," lncRNA","chr2",13.0198325503955,-2.77154036578658,0.643059114932809,6.20659607485222e-07,7.67790151632414e-06
"ENSG00000273472.1","AC096733.2"," lncRNA","chr4",18.0350493345824,-1.81599012105826,0.377569446119831,7.18710236087225e-08,1.14972384637354e-06
"ENSG00000273568.1","AC131009.3"," lncRNA","chr12",24.1948464206937,1.26378818187144,0.310480796827978,1.87901549005744e-06,2.03500449703985e-05
"ENSG00000273604.2","EPOP"," protein_coding","chr17",379.676647348185,3.8728529275607,0.418145177349042,8.19953633073249e-22,2.00105676859335e-19
"ENSG00000273619.1","AL121832.2"," lncRNA","chr20",54.8157521266722,1.22578344377506,0.291368860553618,1.01262027347035e-06,1.1839923932385e-05
"ENSG00000273723.1","SUGT1-DT"," lncRNA","chr13",30.9302933708661,1.19740164406134,0.428744924316729,0.000162792709911987,0.0010101177171331
"ENSG00000273812.3","BX640514.2"," lncRNA","chr20",10.1669709701502,2.45827226007288,0.732869512820096,2.93665643128992e-05,0.000227706627918796
"ENSG00000273821.1","AL096828.3"," lncRNA","chr20",7.74854653030275,2.20297448733096,0.520863761507782,9.54064067175053e-07,1.12402945525836e-05
"ENSG00000274026.2","FAM27E3"," lncRNA","chr9",8.05115796595347,1.13964015286061,0.66772947898993,0.0017548071389922,0.00766588561472527
"ENSG00000274080.1","AC005089.1"," lncRNA","chr7",13.0681690961173,2.65544173742785,0.662961001755339,2.64878643073892e-06,2.75117791900556e-05
"ENSG00000274238.1","AC097478.1"," lncRNA","chr4",6.60638358084344,5.37981844566692,1.71076529923956,3.58785538424315e-05,0.000271203097488971
"ENSG00000274270.1","AL137060.3"," lncRNA","chr13",11.1037212103731,1.42320268207686,0.480409636921696,9.60870152353639e-05,0.000639621070654111
"ENSG00000274356.1","AL355987.5"," unprocessed_pseudogene","chr9",4.05123878434249,1.91108773170417,0.762294806949198,0.000421795964125886,0.00228063524964152
"ENSG00000274373.1","AC148476.1"," lncRNA","chr12",14.1070623199075,1.61133499388165,0.616837448534017,0.00026482409662775,0.00152648917214412
"ENSG00000274427.1","AC145423.1"," lncRNA","chr12",2.93780929658748,1.67635077780693,0.591779242293202,0.000205231566234352,0.00123245257665765
"ENSG00000274443.4","C8orf89"," protein_coding","chr8",4.84029344698501,1.19224933862496,1.77328763605089,0.0044682058886917,0.0167276847445392
"ENSG00000274520.1","AC012354.2"," misc_RNA","chr2",4.90016317447956,3.75298072023212,1.35717577750818,0.000195229436886607,0.00118004364337021
"ENSG00000274750.2","H3C6"," protein_coding","chr6",237.404814061748,-1.51783615189946,0.359857575721129,9.20922893968463e-07,1.09047743065284e-05
"ENSG00000274825.1","AL023803.2"," lncRNA","chr20",12.6819292317427,1.23733034905015,0.522492115123454,0.000488197059458556,0.00259089276584464
"ENSG00000274895.1","AC011700.1"," lncRNA","chr1",10.4160843746653,1.74129021758085,0.612946499407427,0.000139881668791648,0.000886253992902463
"ENSG00000274943.1","AC079684.1"," lncRNA","chr12",9.06383023828762,1.13424367617598,0.46229857870174,0.000421693150807492,0.00228045922840879
"ENSG00000274964.1","AC026356.1"," lncRNA","chr12",19.345090646629,1.20465571331795,0.383437516577301,5.72166285139661e-05,0.000407624523333255
"ENSG00000274979.1","AC020656.2"," lncRNA","chr12",72.1268136183345,3.39187879356303,0.45542164550887,4.85439917071337e-15,3.47823594443741e-13
"ENSG00000275004.4","ZNF280B"," protein_coding","chr22",85.2398443711227,1.27290138101177,0.343857602017755,7.81071192043256e-06,7.17171393248656e-05
"ENSG00000275025.1","AC002401.3"," lncRNA","chr17",12.1596696465479,-1.55375075914366,0.308998354737189,3.23317761874606e-08,5.63298331450668e-07
"ENSG00000275092.1","AL031710.2"," lncRNA","chr16",4.08050916383111,1.28993145722961,0.701302637709606,0.00148889597703459,0.00666849532531925
"ENSG00000275191.1","AC007497.1"," lncRNA","chr16",2.18203791581583,1.86575307186724,0.771180468647024,0.000692248287518338,0.00350159197175402
"ENSG00000275216.2","AL161431.1"," lncRNA","chr13",69.5157236424659,3.6398161787528,0.862486463967755,8.4213522968051e-07,1.00752028326465e-05
"ENSG00000275485.1","AL512652.1"," lncRNA","chr13",3.96324972370671,1.88494493637982,0.625595218889577,9.82054191218467e-05,0.000651984351371835
"ENSG00000275491.1","LINC01730"," lncRNA","chr20",5.4312055573362,2.71267782207494,0.628607200452639,7.44645598815463e-07,9.03540442854292e-06
"ENSG00000275632.1","AL035461.2"," lncRNA","chr20",13.8610707091236,1.06169929152515,0.449836498855904,0.000488660052070982,0.00259250211999345
"ENSG00000275807.1","AC145285.6"," lncRNA","chr16",24.7607480729244,1.11475512535008,0.404311807626037,0.000169963245629494,0.001047402131506
"ENSG00000275896.6","PRSS2"," protein_coding","chr7",426.34563245433,4.01391957926535,1.11948137208721,1.20259636326179e-09,2.89999054671258e-08
"ENSG00000276023.5","DUSP14"," protein_coding","chr17",391.424999208444,1.8292471274703,0.277289292829727,1.89819516972146e-12,8.33716086858175e-11
"ENSG00000276043.5","UHRF1"," protein_coding","chr19",721.153551004847,1.75943588619622,0.388428458692967,2.33764758292523e-07,3.24551380871787e-06
"ENSG00000276122.1","AC026336.3"," lncRNA","chr12",9.91035277905537,5.47147112733054,1.6492429436519,2.15769588338966e-05,0.000174257094069468
"ENSG00000276141.4","WHAMMP3"," transcribed_unprocessed_pseudogene","chr15",16.812661740458,-1.46400557326843,0.489296330882117,9.35567968425668e-05,0.000625214435230808
"ENSG00000276231.5","PIK3R6"," protein_coding","chr17",79.078690716619,-1.12325604035845,0.359916546485934,5.75394732637814e-05,0.000409654797805619
"ENSG00000276272.1","AC024884.2"," lncRNA","chr12",1.97626968966928,1.80049482156626,0.852808699722343,0.00132439479969599,0.0060545361138778
"ENSG00000276337.1","AC105429.1"," lncRNA","chr16",19.0155092527509,1.4668460230205,0.557471350487276,0.000248139143856541,0.00144649790432752
"ENSG00000276445.1","AC005393.1"," lncRNA","chr19",7.67556474812345,1.22142113626726,0.521316077734469,0.000589654550188596,0.00305101345289677
"ENSG00000276547.1","PCDHGB5"," protein_coding","chr5",51.5520410294698,-2.25569728441748,0.344637544080171,2.53443334093074e-12,1.08382921449183e-10
"ENSG00000276573.1","AL442067.1"," lncRNA","chr13",2.39764117471572,3.47291553723836,1.21784327087231,9.85324032981156e-05,0.000653887701134786
"ENSG00000276644.5","DACH1"," protein_coding","chr13",1328.61093912174,2.25355582128956,0.295521480777631,1.09490972895884e-15,8.92929145290101e-14
"ENSG00000276712.1","MIR7111"," miRNA","chr6",2.42827771271188,1.76396045266537,0.837657826367639,0.00107453091308625,0.00507968604383246
"ENSG00000276855.1","AC015922.3"," lncRNA","chr17",110.661533460905,-1.12093545805263,0.418839418466627,0.000218365735007157,0.00130097559230218
"ENSG00000276975.3","HYDIN2"," transcribed_unprocessed_pseudogene","chr1",9.43089218680464,-2.94828963705964,0.521714042331915,1.37492016627987e-09,3.27418626244402e-08
"ENSG00000277173.1","AC004241.4"," lncRNA","chr12",3.46384731563755,1.22054197956204,1.31041319892101,0.00424505083075748,0.0160365293138648
"ENSG00000277223.1","AC090116.1"," lncRNA","chr12",7.36184127272519,2.73531873634264,0.905116769936597,6.94969267418061e-05,0.000482096868601313
"ENSG00000277224.2","H2BC7"," protein_coding","chr6",7.25409853663507,-1.06246210205464,0.596084186571603,0.0016322029030021,0.00721182164792297
"ENSG00000277247.1","AC083809.1"," lncRNA","chr12",4.15472820546321,2.79492030499987,0.889174530556416,6.50796577001759e-05,0.000455543569038669
"ENSG00000277287.1","AL109976.1"," lncRNA","chr20",11.3609639055724,1.80107825848428,0.517860588026177,1.69935116262718e-05,0.000141393335135999
"ENSG00000277342.1","AC048344.4"," lncRNA","chr12",3.75263323763961,1.66286247249484,0.552063975386162,0.000107644309881149,0.000705984847468645
"ENSG00000277363.5","SRCIN1"," protein_coding","chr17",487.455985986079,2.52143284090169,0.40935457507691,3.26483204620553e-11,1.09473056359235e-09
"ENSG00000277494.2","GPIHBP1"," protein_coding","chr8",56.1118916303391,-3.5463284014297,0.507433419621451,1.54379782224745e-13,8.26874417731151e-12
"ENSG00000277559.1","AC018553.1"," lncRNA","chr16",18.2852383625789,4.39048769256202,1.17604512057735,5.81291340635889e-06,5.50877498813421e-05
"ENSG00000277586.4","NEFL"," protein_coding","chr8",104.959456778693,-4.66345138724167,0.532543925863852,1.367880315774e-19,2.25373905022297e-17
"ENSG00000277840.1","AC026368.1"," lncRNA","chr12",8.16873359412176,2.33385870622938,0.623595811002729,8.05170083825271e-06,7.37005374529065e-05
"ENSG00000278192.1","AL118505.1"," lncRNA","chr20",172.411805229906,1.18302037255116,0.337252547523016,1.60456148322569e-05,0.000134889553541931
"ENSG00000278291.1","AL161772.1"," lncRNA","chr13",76.7242075813736,1.49326126423403,0.552000250204742,0.000195413764729713,0.00118070364400541
"ENSG00000278318.5","ZNF229"," protein_coding","chr19",38.8191673972568,-3.35653908398824,0.419042605140344,5.00889749921227e-17,5.29572622245706e-15
"ENSG00000278396.1","AL122023.1"," lncRNA","chr14",13.6095349987563,-1.00966230589687,0.359853649481678,0.00016625563628326,0.00102806733520329
"ENSG00000278535.5","DHRS11"," protein_coding","chr17",4784.95697298838,-2.96288224442633,0.368229332216866,3.82908317806677e-17,4.15666828741442e-15
"ENSG00000278709.2","NKILA"," lncRNA","chr20",72.3529804234159,2.07085065662861,0.450614494888084,1.68084423578351e-07,2.42690579204009e-06
"ENSG00000278716.1","AC133540.1"," lncRNA","chr16",6.45597812242181,2.40149121911082,1.03245032742307,0.00053756030348469,0.00281694096391767
"ENSG00000278828.1","H3C10"," protein_coding","chr6",120.89053659156,-1.56261764535998,0.331439526155843,9.04224566998759e-08,1.41238310854888e-06
"ENSG00000278842.1","AC008147.4"," processed_pseudogene","chr12",1.5664190051304,2.46887181542989,0.975827162673143,0.000402854469425918,0.00219200405753951
"ENSG00000278876.1","AC145207.9"," TEC","chr17",10.5268237679631,1.55212777147303,0.420767470511022,8.61462850435424e-06,7.82135977606517e-05
"ENSG00000278909.1","AC007608.4"," TEC","chr16",13.2899228313712,5.98341534075751,1.40797956176084,2.12406144926295e-07,2.96911225323759e-06
"ENSG00000278962.1","AC092645.1"," TEC","chr2",14.9028931585916,-1.08467541632637,0.464198712210071,0.000554188864305782,0.00289286943673803
"ENSG00000279031.1","AC004232.2"," TEC","chr16",8.55791952101113,1.41458227076472,0.458226358641777,7.39537813841247e-05,0.000509637332519304
"ENSG00000279118.1","AC093535.2"," TEC","chr5",43.4062544715121,-1.37904412649109,0.304368348520838,2.50277043913161e-07,3.4494659411182e-06
"ENSG00000279199.1","AC068669.1"," TEC","chr17",5.98283465623696,1.13260343587102,0.526982503266532,0.000915906216899988,0.00444172777351559
"ENSG00000279225.1","AC138305.3"," TEC","chr16",6.08044902481465,1.95424353173236,0.791220329530819,0.000379204377255128,0.00207803742646411
"ENSG00000279347.1","AC021945.1"," TEC","chr8",9.04606827873234,1.28092712632833,0.538089899787653,0.000511886602704429,0.00269852450066272
"ENSG00000279459.1","AP001271.2"," TEC","chr11",4.01091841842985,1.46257097600086,0.521225946181815,0.000197164715472436,0.00118995394845748
"ENSG00000279536.1","AC093458.2"," TEC","chr7",9.85630145007554,1.30409175525694,0.598231421710077,0.000808926267619299,0.00400367929161134
"ENSG00000279591.1","AC002044.2"," TEC","chr16",2.8477904559027,1.69402374960021,0.72829461844849,0.000669032268838652,0.00339675416580087
"ENSG00000279631.1","AL158211.5"," TEC","chr10",13.2657080257851,-1.27197106492231,0.467593406235568,0.000248469521413895,0.0014481637145003
"ENSG00000279668.3","AC024610.2"," lncRNA","chr17",7.46448610475881,-3.35337328617409,0.695277103303231,1.12141411910047e-07,1.70886664214851e-06
"ENSG00000279692.1","AC110285.6"," TEC","chr17",51.0331061088266,2.73228997068441,0.654364207063618,1.08992464556637e-06,1.26481137453676e-05
"ENSG00000279756.1","AC012317.2"," TEC","chr16",155.095447404011,-4.54587411236176,0.525858389692408,2.18988509581366e-19,3.43378214685603e-17
"ENSG00000279766.1","AC067931.1"," TEC","chr8",5.12420337924629,1.01058464744389,0.66842102695089,0.00235482218285962,0.00979656734315015
"ENSG00000279774.1","AL590483.3"," TEC","chr1",4.64295833957229,3.56572419485065,0.707316105018356,4.58603447737252e-08,7.66495916923569e-07
"ENSG00000279786.1","AC105235.1"," TEC","chr8",5.26779044570043,1.98601166014191,1.26244345598352,0.00182963130157015,0.00792238164172412
"ENSG00000279806.1","AC018629.1"," TEC","chr17",121.958829734449,2.70457327355347,0.476761800002715,5.93308585142561e-10,1.54803939361393e-08
"ENSG00000279835.1","AL121785.1"," TEC","chr20",26.8404637469735,-5.20758354112746,0.575791147322306,1.25310049303343e-20,2.48006925627311e-18
"ENSG00000280032.1","AP002800.1"," TEC","chr11",32.8583858576098,-2.72516184559662,0.460889497729956,1.58198845281432e-10,4.6343123828021e-09
"ENSG00000280040.1","AC095031.1"," TEC","chr1",22.2870388711449,-1.84025236129229,0.356209559629819,1.01090190453481e-08,1.97542769520715e-07
"ENSG00000280055.2","TMEM75"," lncRNA","chr8",2.70901437206513,2.94587799677033,1.21103398523491,0.000596739883761501,0.00308325105812333
"ENSG00000280061.1","AC011504.1"," TEC","chr19",5.14350183712264,-3.98566997584589,0.807177135858074,3.75224919597993e-08,6.42016364802933e-07
"ENSG00000280106.1","AC008555.6"," TEC","chr19",78.6933930251195,1.16664307875779,0.266520249757382,4.8659471765778e-07,6.16467265641539e-06
"ENSG00000280109.3","PLAC4"," lncRNA","chr21",31.1931450217297,3.81513351872328,0.592494408205788,5.08595004050723e-12,2.03300204944315e-10
"ENSG00000280113.2","AL357140.3"," TEC","chr1",1.5106827821443,2.8800835550927,0.986021574609235,6.54100582453623e-05,0.000457363134538555
"ENSG00000280135.1","AL096816.1"," TEC","chr6",24.8074397960521,-1.42995727875694,0.470353144181248,7.33485238041258e-05,0.000506326326166379
"ENSG00000280186.1","AL359258.3"," TEC","chr1",11.5119444745439,-1.84601291312799,0.437611917081352,1.28567247253333e-06,1.46319625222605e-05
"ENSG00000280206.1","AC026401.3"," lncRNA","chr16",230.859177859694,1.17892765784785,0.213563582200932,1.4614952275004e-09,3.46004464582114e-08
"ENSG00000280303.2","ERICD"," lncRNA","chr8",21.9789561897742,1.15040002950519,0.359941342031797,5.08871316337469e-05,0.000368101928417834
"ENSG00000280409.1","LINC01101"," TEC","chr2",3.11850750457328,5.29505995088507,1.54354841706605,2.01865843169612e-06,2.16385783936567e-05
"ENSG00000280623.1","PCAT14"," lncRNA","chr22",4.56680280916512,6.11043839014436,0.708079587956614,0.00948856630607889,0.0311562858030054
"ENSG00000280734.3","LINC01232"," lncRNA","chr13",191.408945742961,1.49079894101257,0.510901762464539,0.000108664893370739,0.000711172339719432
"ENSG00000280997.1","CCAT2"," lncRNA","chr8",3.18395419138136,4.34267978911719,1.39799557547975,2.21860404680295e-05,0.000178467038788427
"ENSG00000281091.3","AL117327.1"," lncRNA","chrX",8.02455780951221,1.25028744521871,0.75980896774444,0.00200713977571992,0.008569816211565
"ENSG00000281398.4","SNHG4"," lncRNA","chr5",468.903698200833,1.66482637103543,0.419214840599378,2.67781371833153e-06,2.77599737047604e-05
"ENSG00000281406.2","BLACAT1"," protein_coding","chr1",245.592773326646,4.71221532768138,0.526080928612497,1.57080864675464e-20,3.03483970573584e-18
"ENSG00000281591.1","DBET"," lncRNA","chr4",5.25166635747681,5.98838826475734,1.70209819694764,2.57046455565189e-06,2.67668073619984e-05
"ENSG00000281706.3","LINC01012"," lncRNA","chr6",66.0941732831849,1.16679747746368,0.235935983980428,3.38529725354897e-08,5.85402121767142e-07
"ENSG00000281721.1","LINC01080"," lncRNA","chr13",5.97137766261437,-3.73319528028566,0.742409327497905,4.3621835881928e-08,7.32855874252391e-07
"ENSG00000281756.1","C2-AS1"," lncRNA","chr6",4.41798241766556,2.46161332293866,0.872633842970895,0.00016792242955912,0.00103679403055544
"ENSG00000282024.1","AL009031.1"," lncRNA","chr6",1.84648925007076,2.15266831584168,0.833717038439063,0.000501063799173304,0.00264921465932026
"ENSG00000282608.2","ADORA3"," protein_coding","chr1",151.836014673216,-3.00008816420377,0.362640749693737,4.23309318397962e-18,5.30493199095022e-16
"ENSG00000282885.2","AL627171.2"," lncRNA","chr14",23.4141007818867,-1.3873789105696,0.265391300507892,5.99443720865377e-09,1.24403735881384e-07
"ENSG00000282890.1","AC009975.1"," lncRNA","chr2",7.71840464787803,2.49305214641801,1.45005090097487,0.00140033820426575,0.00633656453841595
"ENSG00000283098.2","AL132857.1"," lncRNA","chr14",11.0827897557347,4.39676871440692,0.966346309915795,2.37186105276053e-07,3.28718471607606e-06
"ENSG00000283162.1","AL390726.5"," transcribed_unprocessed_pseudogene","chr9",3.51523412761903,1.8946116068199,1.23335043341758,0.00243116149318228,0.0100728414278415
"ENSG00000283267.1","FAM237B"," protein_coding","chr7",8.50960468799362,1.86658333961443,0.786216761063476,0.000424104825544075,0.00229119736978247
"ENSG00000283294.1","AP005212.4"," lncRNA","chr18",7.74872739777151,1.1499447217203,1.24260035260784,0.00404857230201407,0.0154344091823788
"ENSG00000283422.1","LINC02452"," lncRNA","chr12",14.5107400082033,-3.20093698783243,0.632811737175494,2.56785898056629e-08,4.58962372198351e-07
"ENSG00000283486.2","FAM95C"," protein_coding","chr9",52.6615373181437,1.1028042628046,0.46356495698644,0.000486479127008302,0.00258346523305554
"ENSG00000283525.1","AC005622.1"," transcribed_unprocessed_pseudogene","chr19",48.1926769561638,-3.28696313135511,0.694104700410109,9.32740160663267e-08,1.45342679475796e-06
"ENSG00000283646.2","LINC02009"," lncRNA","chr3",44.5192229671842,2.39747567221847,0.484122577649413,2.9143391755883e-08,5.13258930880332e-07
"ENSG00000283656.1","MIR4483"," miRNA","chr10",2.06897221250246,1.9501465559531,1.21807564080666,0.00259019138175499,0.0106272825014541
"ENSG00000283689.1","AC018553.2"," lncRNA","chr16",5.18326894160026,8.02863437212125,2.94036546594295,3.97152999688633e-06,3.92892168969633e-05
"ENSG00000283877.1","AC104304.2"," protein_coding","chr3",2.41126021064357,2.2319114084639,0.688013117475134,7.84771463303105e-05,0.000535803789564413
"ENSG00000284194.3","SCO2"," protein_coding","chr22",23.3040223583428,1.14403463100378,0.685479034464419,0.00174808111301801,0.00764370426597585
"ENSG00000284237.1","LINC02767"," lncRNA","chr1",34.8685489499583,-1.16505858212492,0.51630487987642,0.000638656310000343,0.00326912261630518
"ENSG00000284308.1","C2orf81"," protein_coding","chr2",16.0633490254433,1.388805987778,0.421064997271813,3.3399334862122e-05,0.000255016610433958
"ENSG00000284625.1","AP000867.4"," unprocessed_pseudogene","chr11",2.92807600049447,2.12273222923119,0.960583999687584,0.000846523309476136,0.00416057746501763
"ENSG00000284700.1","AL049637.1"," lncRNA","chr1",2.34438158428291,4.57614752961738,1.80625371347557,0.000277041933574836,0.00158537148800635
"ENSG00000284727.1","AC116562.3"," transcribed_unprocessed_pseudogene","chr4",13.4941729377535,1.14103676960731,0.465496591032532,0.000413729386479214,0.00224224886063488
"ENSG00000284738.1","AL358472.5"," lncRNA","chr1",7.34182796794264,1.04971487244579,0.642394890864069,0.0019537088826274,0.00838248287010182
"ENSG00000284753.2","EEF1AKMT4"," protein_coding","chr3",242.833705772112,1.71866315398502,0.317457909179958,2.63781127859362e-09,5.89656187882862e-08
"ENSG00000284830.1","AL049557.1"," lncRNA","chr1",3.52571608389924,1.30710534968252,0.671409118371238,0.00138148134406624,0.00626171225606788
"ENSG00000284948.1","AC107959.4"," lncRNA","chr8",6.41977697370031,2.48688864342052,0.530442866730438,1.6738003563643e-07,2.41888744287054e-06
"ENSG00000285043.2","AC093512.2"," protein_coding","chr16",25.8566404687844,1.13029599328788,0.407556238173547,0.000169033069009061,0.00104236739523395
"ENSG00000285103.2","AL451123.1"," lncRNA","chr9",69.1201902221218,-1.08770438562337,0.318459446432203,2.27168525616902e-05,0.000182195107597564
"ENSG00000285106.2","AC016831.6"," lncRNA","chr7",23.1614050916958,1.20695066857334,0.329494266124735,9.33504811615678e-06,8.40724172458981e-05
"ENSG00000285278.1","TFAP2A-AS2"," lncRNA","chr6",12.6341583029826,2.9925872255364,0.419105927642864,5.61407526130056e-14,3.25395812198739e-12
"ENSG00000285280.2","AL390957.1"," lncRNA","chr1",25.2232573541356,1.40043331606851,0.771152262621428,0.00142603044845113,0.00642238050448549
"ENSG00000285517.1","AC010198.2"," lncRNA","chr12",14.5761856273679,2.24027693924232,0.661761808620844,2.48684800765525e-05,0.000196969528141713
"ENSG00000285601.1","AC084262.2"," lncRNA","chr8",4.92409947171814,4.44073923204094,1.07885415109339,1.50196027794141e-06,1.67125905729936e-05
"ENSG00000285684.1","AL137781.1"," lncRNA","chr13",3.99088811968164,1.79088709252444,1.11400125227553,0.00202122105032663,0.00861746917791958
"ENSG00000285706.1","AL807776.1"," lncRNA","chr9",11.2748245287405,-1.70930699792115,0.387423576165851,5.19137321017947e-07,6.52095942941197e-06
"ENSG00000285756.2","BX890604.1"," lncRNA","chrX",265.836997859373,1.04328229343685,0.326933294037838,4.83607392241712e-05,0.000351633708274675
"ENSG00000285812.1","AL390719.3"," lncRNA","chr1",3.535753283728,1.1734071953897,0.61264892167093,0.00155904648149797,0.00694054734555768
"ENSG00000285897.1","AC004687.2"," protein_coding","chr17",22.6297726412454,2.71218359029548,0.535063849174422,1.72884166304736e-08,3.19855928043636e-07
"ENSG00000285928.1","AC103591.4"," lncRNA","chr1",17.6244626502669,-1.17938034420359,0.349520339600282,2.63941971041283e-05,0.000207333700291819
"ENSG00000286010.1","AC108925.1"," lncRNA","chr8",8.04118313885969,1.69602965999076,1.07331764416268,0.00206600262685358,0.00878646662243364
"ENSG00000286035.1","AC073840.1"," lncRNA","chr4",25.265206964246,-2.85120121675452,0.468028495353367,6.43075826891246e-11,2.05442472335001e-09
"ENSG00000286039.1","AC093849.2"," lncRNA","chr4",31.6939857840045,-3.28734958664933,0.59761423474845,1.54408917078249e-09,3.62648670805051e-08
"ENSG00000286042.1","LCAL1"," lncRNA","chr6",7.07097110331868,4.46127646171711,1.26759625947554,4.56555967705944e-06,4.45145497140268e-05
"ENSG00000286069.2","AC076968.2"," lncRNA","chr12",1.8765585593702,-3.77937033631411,0.747090530286635,0.0130961987358432,0.0404205841096796
"ENSG00000286180.1","AC073140.2"," lncRNA","chr7",2.74100210195549,3.27770773603886,0.836848632363074,6.39232590566384e-06,6.00353339832283e-05
"ENSG00000286223.1","AC064836.3"," lncRNA","chr2",27.2948449304618,2.34196423152231,0.500164248505718,1.1503199836253e-07,1.74553931877092e-06
"ENSG00000286266.1","AC104370.1"," lncRNA","chr8",2.36435586578954,3.35137672671435,1.33161662584854,0.000309608857034396,0.00174285193923386
"ENSG00000286280.1","AC108063.2"," lncRNA","chr4",2.25978080847048,3.83728762540299,1.22824792017278,1.25045287926243e-05,0.000108463921846873
"ENSG00000286362.1","AP005717.2"," lncRNA","chr8",2.01631404510456,2.11064848913208,0.881759206003354,0.000633874138491616,0.00324720435403423
"ENSG00000286431.1","BX842570.1"," lncRNA","chrX",78.1826767661381,1.50675919307455,0.557255938341307,0.00020130281572186,0.00121222389474956
"ENSG00000286449.1","AC016590.4"," lncRNA","chr19",15.4012935496179,-4.19351844593261,0.820862224663484,1.43487823181092e-08,2.70146622088857e-07
"ENSG00000286486.1","AL590483.4"," lncRNA","chr1",14.5785907553585,4.58774964062239,0.751569405742263,7.08267735560243e-11,2.23904930398825e-09
"ENSG00000286519.1","AC009236.1"," lncRNA","chr2",5.40393680814158,3.93174917551548,1.54164228446931,0.00019374810504459,0.00117214249287391
"ENSG00000286540.1","AL096854.1"," lncRNA","chr6",6.66908109546195,4.52262476209116,1.62217255929548,0.000179522825202532,0.00109862437849041
"ENSG00000286557.1","AC104088.2"," lncRNA","chr2",9.52007127082086,1.22442897236396,0.588274055656905,0.00096759645850847,0.0046493332124749
"ENSG00000286583.1","AC105101.2"," lncRNA","chr18",10.448545555381,-3.22350374018897,0.533025018850723,1.51441545893861e-10,4.44840696526964e-09
"ENSG00000286646.1","AL121933.2"," lncRNA","chr6",22.8403122742891,-1.82807580643027,0.365713990408903,2.336162300853e-08,4.20561042490775e-07
"ENSG00000286708.1","AP003783.1"," lncRNA","chr11",4.31890404647749,1.73644547717251,0.886459054263703,0.00132006610413858,0.00603814904285935
"ENSG00000286733.1","LINC02348"," lncRNA","chr15",19.4124106814095,3.55713323615635,0.855282857917599,1.15998510257073e-06,1.33466134205037e-05
"ENSG00000286805.1","AL138716.1"," lncRNA","chr6",2.84835576220678,1.97185137363077,1.20873764577147,0.0021272027519672,0.00899708541220509
"ENSG00000286848.1","AC009570.2"," lncRNA","chr4",24.6704533725186,-3.66108031959856,0.710311992400227,5.86297639936463e-09,1.22255775750496e-07
"ENSG00000286874.1","AC072054.1"," lncRNA","chr7",2.41300895288533,1.09663642066908,1.55818346720832,0.00487711344977139,0.0179887895855318
"ENSG00000286966.1","AL137800.1"," lncRNA","chr1",6.31964201433603,3.98988254015601,1.42657190750427,0.000134761754279493,0.000858339289718167
"ENSG00000286984.1","AC090578.3"," lncRNA","chr8",8.23430069899801,1.85532971458487,1.03081768600599,0.00148638397060447,0.00665816325115649
"ENSG00000287051.1","AC121757.2"," lncRNA","chr12",5.71130718398778,1.78286286579447,0.808717374616712,0.000719908042495283,0.00361994968912655
"ENSG00000287059.1","AC090004.2"," lncRNA","chr3",36.3332858562655,-3.22012855819329,0.454924198609628,5.63850341122773e-14,3.26229133193636e-12
"ENSG00000287090.1","AC116345.4"," lncRNA","chr5",52.5173804245855,-2.70852109194921,0.522839463027527,8.62861740456586e-09,1.71400038994736e-07
"ENSG00000287108.1","AC023302.2"," lncRNA","chr15",3.55540005528971,1.62080726127718,1.36333908791169,0.00310222070251578,0.0123578644529034
"ENSG00000287114.1","AC104024.3"," lncRNA","chr17",2.66885703242335,1.96092793984572,0.937683510855799,0.00111375352758254,0.0052300653932688
"ENSG00000287156.1","AL138479.2"," lncRNA","chr14",28.5643435853172,1.89554572047362,0.538274559419264,1.5534813933766e-05,0.000131172994449057
"ENSG00000287281.1","AC012101.2"," lncRNA","chr18",17.7644427911503,-4.95776847075008,0.923323171831997,3.3042709523621e-09,7.25158826918328e-08
"ENSG00000287315.1","AL670729.3"," lncRNA","chr1",21.1316888126889,1.14016752893892,0.659643746307708,0.00175366860030386,0.00766194311867853
"ENSG00000287331.1","AC106045.1"," lncRNA","chr4",30.1644881612993,2.24807459246917,0.743373472438598,7.5098477052059e-05,0.000516319925472512
"ENSG00000287335.1","AL139351.3"," lncRNA","chr20",3.85843400725002,2.20383242456705,0.892928607367366,0.000435011090397404,0.00234155720930662
"ENSG00000287338.1","AL929091.1"," lncRNA","chr1",24.688090270445,3.46163114976761,0.956884072068008,1.00356854877966e-05,8.94639603303767e-05
"ENSG00000287367.1","AC016583.2"," lncRNA","chr5",24.1478298993706,-3.03079563464395,0.610032849887958,2.02300048457129e-08,3.69929857623746e-07
"ENSG00000287401.1","AC034139.1"," lncRNA","chr4",28.5266092733667,-2.51566090707152,0.415681879607023,6.40285898404577e-11,2.04752706309515e-09
"ENSG00000287406.1","AC098656.1"," lncRNA","chr1",22.605703940017,-1.37259419582963,0.770037306817414,0.00150341790136826,0.00672518443255388
"ENSG00000287407.1","AL596442.3"," lncRNA","chr6",3.04492411491718,4.13607796395688,0.874311680297416,0.0108255467067317,0.0347003352762292
"ENSG00000287445.1","AC092803.3"," lncRNA","chr1",19.3532260273012,1.36805314391208,0.653295769520082,0.000861491538649765,0.00421995487181495
"ENSG00000287446.1","AC007731.5"," lncRNA","chr22",3.99610481457983,2.97349489473016,0.927701491870878,6.180851262886e-05,0.000436031450316787
"ENSG00000287481.1","AL161663.1"," lncRNA","chr14",2.20225668551142,1.82163330686791,1.33060012432091,0.00352922155760938,0.0137566318382233
"ENSG00000287527.1","AC005753.3"," lncRNA","chr5",25.6420985216548,-1.55342773310986,0.392172294384769,3.54050929928645e-06,3.55342766964254e-05
"ENSG00000287535.1","AC009630.4"," lncRNA","chr8",3.09187377923741,1.2747624866916,0.74618892264534,0.00202334319480321,0.008624251269458
"ENSG00000287539.1","AC022966.2"," lncRNA","chr17",2.8930240557926,1.5318309324913,0.61926708986048,0.000525980609188942,0.00276429381688061
"ENSG00000287545.1","AP001994.2"," lncRNA","chr11",5.68248128056932,1.51935400752171,0.630519326163613,0.000487304820654113,0.0025870035768386
"ENSG00000287566.1","AL732437.3"," lncRNA","chr10",14.907417286335,2.47839327348755,0.979182232546631,0.000283982035000879,0.00161767091822719
"ENSG00000287569.1","AL078587.2"," lncRNA","chr20",10.4235946492965,1.2666815036397,0.35930958080433,1.72725062444539e-05,0.000143237355054288
"ENSG00000287626.1","AL021978.1"," lncRNA","chr6",7.43448282525789,2.58720179974689,0.905290170971285,0.00684443711181627,0.0238288898182272
"ENSG00000287707.1","AC115284.4"," lncRNA","chr3",10.0588138827657,1.30295489267111,0.632324552679435,0.000946437987499652,0.00456252550100456
"ENSG00000287712.1","AC005865.2"," lncRNA","chr12",6.59048059820775,1.84961694845042,0.746769138319045,0.000366887318648,0.00202146131194649
"ENSG00000287743.1","AL031289.2"," lncRNA","chr1",14.1171866303722,-1.35850361320364,0.634768102503889,0.000858129259892867,0.00420742590900343
"ENSG00000287750.1","AL353572.4"," lncRNA","chr9",53.6272864502612,-2.84792512116052,0.411532076262451,2.22437019992686e-13,1.16261848549478e-11
"ENSG00000287781.1","AC018714.2"," lncRNA","chr8",4.10094402376617,3.57245748293498,0.795881657707425,5.14660290312908e-07,6.47246380030013e-06
"ENSG00000287828.1","AL354743.2"," lncRNA","chr1",258.813362588842,2.61452824692605,0.276000912714897,1.27707221838193e-22,3.68937404688442e-20
"ENSG00000287831.1","AL135926.2"," lncRNA","chr1",3.64391740350514,1.83932989987293,0.687524000616057,0.000270685634157646,0.00155420384105587
"ENSG00000287860.1","AC079804.3"," lncRNA","chr7",13.468887529595,1.10187196017427,0.554617487078106,0.00111198860245628,0.00522253307170104
"ENSG00000287862.1","AC114971.1"," lncRNA","chr5",2.36904120411943,4.51255305051495,1.54190363777728,0.0162599869450714,0.0482154811130209
"ENSG00000287929.1","AL354953.1"," lncRNA","chr1",20.3009851920883,1.49631379815657,0.424360438795828,1.42424572556668e-05,0.000121365628145034
"ENSG00000288045.1","AL352979.4"," lncRNA","chr14",2.60741598478514,-3.54464786097525,0.885598330228247,6.69268397484985e-07,8.20049590244154e-06
"ENSG00000288050.1","AC010727.1"," lncRNA","chr3",2.25813331393552,2.33415275366044,1.36998221777781,0.00217642353482639,0.00916881978716646
"ENSG00000288530.1","AC078860.3"," lncRNA","chr12",6.79794280065935,2.8369172658132,0.923543822963087,7.48374945464047e-05,0.000514961924525589
"ENSG00000288531.1","AL669831.7"," lncRNA","chr1",13.3876212639011,1.52323759095365,0.832633220572016,0.00142076128252716,0.00640576048177058
"ENSG00000288571.1","AL442063.1"," lncRNA","chr9",2.89470585476893,4.38469498967618,1.28345931917713,6.78952192099087e-06,6.32714046831817e-05
"ENSG00000288675.1","AP006621.6"," protein_coding","chr11",10.2458449005818,1.65986037032643,0.451512198658251,8.27339942931438e-06,7.54108392801702e-05
