"EnsemblID","GeneSymbol","Class","Chromosome","baseMean","log2FoldChange","lfcSE","pvalue","padj"
"ENSG00000000003.15","TSPAN6"," protein_coding","chrX",3631.08503479419,-1.32296660178727,0.394672144463879,2.68025673046691e-05,0.000797599294948045
"ENSG00000000460.17","C1orf112"," protein_coding","chr1",391.570418395221,1.35298109891598,0.38073476676997,1.4402675428472e-05,0.000514238823215986
"ENSG00000001626.16","CFTR"," protein_coding","chr7",290.008489580952,-3.00752025052153,0.833470232182493,9.56982900353857e-06,0.000381451126454284
"ENSG00000002079.14","MYH16"," transcribed_unitary_pseudogene","chr7",47.7765207177162,3.13424815961034,0.892004760136927,1.42949565747011e-05,0.000511473546242806
"ENSG00000002822.15","MAD1L1"," protein_coding","chr7",21.6326437261082,1.00096763467439,0.551430832994921,0.00142818152107077,0.0144687823452116
"ENSG00000004399.13","PLXND1"," protein_coding","chr3",2522.16831932156,1.14594307850792,0.40108379621926,0.000145514490085941,0.00281683123869802
"ENSG00000004838.14","ZMYND10"," protein_coding","chr3",38.9991120424246,-6.61717943349527,0.697583461695645,0.00041627167342018,0.00603439070428024
"ENSG00000004948.16","CALCR"," protein_coding","chr7",5.84743080173393,2.84242390331795,0.898554320904949,6.43400943413013e-05,0.00152753730616862
"ENSG00000005073.6","HOXA11"," protein_coding","chr7",22.2932139923226,5.02209362861943,1.12416160612436,3.51917593484225e-07,2.80915217077053e-05
"ENSG00000005844.19","ITGAL"," protein_coding","chr16",897.097194156515,1.50280308647518,0.714822851527678,0.000839815201822735,0.0099228048690889
"ENSG00000006118.15","TMEM132A"," protein_coding","chr11",4012.83086290036,1.08579158929864,0.368713518358616,0.000108570603033506,0.00224173005818268
"ENSG00000006377.11","DLX6"," protein_coding","chr7",107.438385682125,3.76577057766554,0.858257645055563,4.14909817140714e-07,3.17051564540214e-05
"ENSG00000006638.13","TBXA2R"," protein_coding","chr19",57.3458853931671,1.22585218328206,0.544561164502368,0.000610793399992012,0.00792117653633582
"ENSG00000006747.15","SCIN"," protein_coding","chr7",1075.74358654334,-1.51558977692648,1.01405973399177,0.00203721203772943,0.0185224901953558
"ENSG00000007255.10","TRAPPC6A"," protein_coding","chr19",756.859080320286,-1.09775633750608,0.434938043567608,0.000320003471240931,0.00494475880117567
"ENSG00000007372.24","PAX6"," protein_coding","chr11",47.3895687448292,2.69546574499062,1.07806168622521,0.000304881442727567,0.00478345054852383
"ENSG00000008300.17","CELSR3"," protein_coding","chr3",394.571186629832,2.75094636744165,0.531418049642126,9.12344962812821e-09,1.53299156652079e-06
"ENSG00000008394.13","MGST1"," protein_coding","chr12",4253.63172392568,-1.59547171763977,1.04119517453217,0.00190587975868386,0.0177150125613852
"ENSG00000008517.18","IL32"," protein_coding","chr16",2860.56550641953,1.34389909688461,0.451108826786381,9.63230625967884e-05,0.00206010780784538
"ENSG00000009790.15","TRAF3IP3"," protein_coding","chr1",242.848284231903,1.19121574849513,0.507979648595273,0.000521014757266263,0.00708659293950754
"ENSG00000010292.13","NCAPD2"," protein_coding","chr12",5290.25252064121,1.01314091375286,0.264507016798641,5.28686103164002e-06,0.000239626385328268
"ENSG00000011083.9","SLC6A7"," protein_coding","chr5",4.35568361484392,2.78328091336052,0.652851537180869,1.43034914544747e-06,8.63119217470115e-05
"ENSG00000011332.19","DPF1"," protein_coding","chr19",86.7393240394104,2.18776126943008,0.470145034823741,1.28856886952039e-07,1.27237808534817e-05
"ENSG00000011590.14","ZBTB32"," protein_coding","chr19",45.4816760539659,1.87463814417595,0.591999508563878,5.06111899160824e-05,0.00128376823929759
"ENSG00000012223.13","LTF"," protein_coding","chr3",81468.0408323569,-6.10390082204818,1.20497015137965,1.19503300218809e-08,1.90285542908619e-06
"ENSG00000019102.12","VSIG2"," protein_coding","chr11",790.106189189542,-3.24968331021873,0.849313003541983,4.08574875972096e-06,0.000196925320173365
"ENSG00000019549.13","SNAI2"," protein_coding","chr8",2773.06410514685,1.51012798576347,0.349076770912592,6.54515980622173e-07,4.56226515877017e-05
"ENSG00000020181.18","ADGRA2"," protein_coding","chr8",994.091742934378,1.67146066927587,0.571509120823667,0.000110510937404985,0.00227246054043123
"ENSG00000020633.19","RUNX3"," protein_coding","chr1",1603.07700363191,1.39661508654239,0.343244519813758,1.83771222131863e-06,0.000105854662233343
"ENSG00000024526.17","DEPDC1"," protein_coding","chr1",508.649635046989,1.19298143708345,0.409880050149094,0.000115651179444261,0.00236377642502574
"ENSG00000025039.15","RRAGD"," protein_coding","chr6",2551.06041042646,-1.8806457616983,0.415755057693083,2.31222238767046e-07,1.97532638978151e-05
"ENSG00000025423.11","HSD17B6"," protein_coding","chr12",75.6571304690232,2.64440706197664,0.418400934245896,1.31073735513089e-11,6.42958954541865e-09
"ENSG00000026036.22","RTEL1-TNFRSF6B"," protein_coding","chr20",25.5235447893558,1.4694079259433,0.522340792853804,0.000165008085364218,0.00308254969298646
"ENSG00000026751.17","SLAMF7"," protein_coding","chr1",1315.62784773972,1.32578677226341,0.824000651768101,0.00204974827935206,0.0185911532210815
"ENSG00000027869.12","SH2D2A"," protein_coding","chr1",387.401250327463,2.15087700891393,0.296876937644127,1.94224907135526e-14,3.10892742142776e-11
"ENSG00000028277.21","POU2F2"," protein_coding","chr19",349.472042574255,1.77723575555363,0.528008280331146,2.6330210896671e-05,0.000788169984252416
"ENSG00000029559.7","IBSP"," protein_coding","chr4",16.7153236943942,3.96243313888347,0.984180266448754,1.78148228914126e-06,0.000103436430653725
"ENSG00000034053.14","APBA2"," protein_coding","chr15",281.804490952658,2.59216052232312,0.501342366262563,9.66971833183083e-09,1.60702264276487e-06
"ENSG00000034152.19","MAP2K3"," protein_coding","chr17",5365.68871689772,-1.0418796506519,0.21146195321269,3.33946710205708e-08,4.30352597351111e-06
"ENSG00000035499.13","DEPDC1B"," protein_coding","chr5",370.784970689444,1.01940106624987,0.546223247392306,0.00134370620697716,0.0138388543422947
"ENSG00000035720.8","STAP1"," protein_coding","chr4",35.1459069968903,1.53880251639542,0.691184298985352,0.00065932374716554,0.00838294862982674
"ENSG00000037965.6","HOXC8"," protein_coding","chr12",31.5799911318291,4.20605262820403,0.678235427984352,2.70394282795203e-11,1.22738825711202e-08
"ENSG00000038295.8","TLL1"," protein_coding","chr4",225.90783331101,1.92648924953513,0.808266618834321,0.000431175306407903,0.00618553518574695
"ENSG00000038382.20","TRIO"," protein_coding","chr5",3835.54615474096,1.09184179144613,0.47258943459432,0.000584391305640026,0.00770064678441512
"ENSG00000038427.16","VCAN"," protein_coding","chr5",3677.92888913453,2.12766043343975,0.672317567422376,5.18848871254305e-05,0.0013084370415802
"ENSG00000041982.16","TNC"," protein_coding","chr9",47817.1558058193,2.15281067458028,0.823475855560992,0.000280247550496576,0.00448631242988288
"ENSG00000042062.13","RIPOR3"," protein_coding","chr20",217.712760262537,1.75894144077992,0.59273531938026,9.02085965585936e-05,0.00195965289081179
"ENSG00000043355.12","ZIC2"," protein_coding","chr13",107.81836494172,4.96045461664433,0.792167471063894,6.75537715640696e-07,4.67998372341241e-05
"ENSG00000043462.13","LCP2"," protein_coding","chr5",896.362209826626,1.2488210113713,0.577612125619585,0.00076583460828049,0.00935019186737637
"ENSG00000044524.11","EPHA3"," protein_coding","chr3",161.458212694823,1.23237284270559,0.663773220456826,0.00132747214476763,0.0137205116920261
"ENSG00000049192.15","ADAMTS6"," protein_coding","chr5",45.2541961630847,4.1507911778561,0.495464619727031,2.26979814603802e-07,1.95556291828483e-05
"ENSG00000049249.9","TNFRSF9"," protein_coding","chr1",170.427360866564,2.30460179959554,0.502410936142403,1.81979927990308e-07,1.6670348042076e-05
"ENSG00000049323.16","LTBP1"," protein_coding","chr2",6475.42561857024,1.89373741138541,0.553030782532682,2.14135764420534e-05,0.000681835403737025
"ENSG00000049768.16","FOXP3"," protein_coding","chrX",275.11970441302,2.07741198566291,0.520799379444087,2.44708317399359e-06,0.000132425517029657
"ENSG00000051128.19","HOMER3"," protein_coding","chr19",760.687073347735,1.48606194397474,0.364343720923411,1.73084652167584e-06,0.000101036919891991
"ENSG00000051341.14","POLQ"," protein_coding","chr3",411.608044144004,1.00163884533428,0.419691431340545,0.000465635089979451,0.0065323424173723
"ENSG00000053747.17","LAMA3"," protein_coding","chr18",15774.1445608275,2.39534972243894,0.569859579323366,1.14257151637411e-06,7.25449426461081e-05
"ENSG00000053918.18","KCNQ1"," protein_coding","chr11",534.200987534074,-1.7816842495009,0.784266328830428,0.000535324977746565,0.00723271370422314
"ENSG00000054277.14","OPN3"," protein_coding","chr1",126.059727981059,1.04954952612927,0.569862053050065,0.00140705871358588,0.0143025545458158
"ENSG00000054356.14","PTPRN"," protein_coding","chr2",36.4036859721726,2.75802180678212,1.00200795620899,0.000160113839109089,0.00302268292292038
"ENSG00000055332.18","EIF2AK2"," protein_coding","chr2",4069.32406097954,1.485765212981,0.281556498525721,6.12624112487377e-09,1.1343165062427e-06
"ENSG00000056558.11","TRAF1"," protein_coding","chr9",625.526060153115,1.4805590716653,0.368852067171616,2.26759172743233e-06,0.000125389576738908
"ENSG00000057294.15","PKP2"," protein_coding","chr12",2200.73648746094,-1.15898272896679,0.66286954650766,0.001524572459203,0.0151525562750787
"ENSG00000058085.15","LAMC2"," protein_coding","chr1",41425.5740247396,2.9729353590934,0.688635531252937,6.30763411503337e-07,4.46125758931419e-05
"ENSG00000058335.16","RASGRF1"," protein_coding","chr15",34.0905491547145,2.3042219528015,0.584699709253483,3.23636048861178e-06,0.000166262553277281
"ENSG00000058673.17","ZC3H11A"," protein_coding","chr1",2.38496145528081,1.58679642398915,1.01803667132425,0.00297325583687062,0.0242558019760585
"ENSG00000059378.13","PARP12"," protein_coding","chr7",2849.41888559233,1.4524703605553,0.324706104797678,3.28454945130891e-07,2.65672878890048e-05
"ENSG00000060718.22","COL11A1"," protein_coding","chr1",311.539938380049,2.52586683884488,0.776423332969063,3.59259647108107e-05,0.000996912741560114
"ENSG00000060762.19","MPC1"," protein_coding","chr6",1442.9687691473,-1.15778419683249,0.254933022193316,2.16910497955817e-07,1.89022893247286e-05
"ENSG00000062096.15","ARSF"," protein_coding","chrX",195.210298783861,-4.32988611532997,0.834637711305741,7.294778580489e-09,1.30503588804948e-06
"ENSG00000062582.14","MRPS24"," protein_coding","chr7",14.4856863883273,1.23630601679739,0.837972506555791,0.00246850572732577,0.021244109817155
"ENSG00000065308.5","TRAM2"," protein_coding","chr6",1625.46753366742,1.86805086599332,0.23006929191495,2.13068757919056e-17,1.28970949757796e-13
"ENSG00000065717.15","TLE2"," protein_coding","chr19",1347.22018799578,-2.31801435743915,0.483678763437161,6.39106297213596e-08,7.25266411087951e-06
"ENSG00000066279.18","ASPM"," protein_coding","chr1",1471.40976068894,1.27696431064614,0.553602788966851,0.000557121140583326,0.00741858319512192
"ENSG00000066294.15","CD84"," protein_coding","chr1",422.532997049524,2.06151166503363,0.625176321587601,3.20050518230478e-05,0.000917407767289684
"ENSG00000066735.14","KIF26A"," protein_coding","chr14",259.542957606904,1.16097164158477,0.529367738437544,0.00070497844663934,0.0087968233100459
"ENSG00000067715.14","SYT1"," protein_coding","chr12",114.179603998388,1.65401616673936,0.947074746112478,0.00151272664644141,0.0150561621423957
"ENSG00000067798.16","NAV3"," protein_coding","chr12",299.670902862559,1.62518130588246,0.620752542367413,0.00025399463446811,0.00417102527974007
"ENSG00000068079.8","IFI35"," protein_coding","chr17",2192.87844957366,1.1323363318002,0.566906325858979,0.00109971863172362,0.012017873786062
"ENSG00000069122.19","ADGRF5"," protein_coding","chr6",639.327983556688,1.07546567095548,0.444989754498087,0.000442007354222068,0.00629376587264955
"ENSG00000069493.15","CLEC2D"," protein_coding","chr12",248.388227984339,1.65277440541224,0.448063523711321,8.33505796194572e-06,0.000345359833510429
"ENSG00000069702.11","TGFBR3"," protein_coding","chr1",1519.06717994728,-1.48132997939473,0.599377843600361,0.000350650668397008,0.00529247582032666
"ENSG00000070081.17","NUCB2"," protein_coding","chr11",5654.09957862141,-1.57418050342686,0.362006008670724,5.86916581822769e-07,4.20626684989048e-05
"ENSG00000070193.5","FGF10"," protein_coding","chr5",147.577135845173,-1.9455785309278,0.918466940416206,0.000718788411835455,0.00891174560503535
"ENSG00000070729.14","CNGB1"," protein_coding","chr16",643.96054540043,4.16573742599051,0.917042008837609,1.95937539519484e-07,1.74241180976785e-05
"ENSG00000070915.10","SLC12A3"," protein_coding","chr16",11.9160611760587,1.68635807604027,0.61367903700874,0.000167240085018161,0.00311087015636533
"ENSG00000071246.11","VASH1"," protein_coding","chr14",537.276987101577,1.17760628136369,0.449168938532914,0.0002606734488205,0.00424858606590454
"ENSG00000071539.14","TRIP13"," protein_coding","chr5",1081.63127600618,1.10060811948017,0.526308379014946,0.0009003060784432,0.0104627469482969
"ENSG00000072201.14","LNX1"," protein_coding","chr4",968.416714100999,-1.39022952381346,0.456696713956308,7.2925718773156e-05,0.00166884114751542
"ENSG00000072422.17","RHOBTB1"," protein_coding","chr10",370.573637613682,1.29488274826941,0.407729621136573,5.21420781842925e-05,0.00131383349115069
"ENSG00000072571.20","HMMR"," protein_coding","chr5",494.392549039958,1.4370339571163,0.43664606502134,3.40983670155225e-05,0.000956673095980707
"ENSG00000072778.20","ACADVL"," protein_coding","chr17",15095.0021827605,-1.1372253673832,0.210701457574868,2.8111028326608e-09,6.0634092517527e-07
"ENSG00000073111.14","MCM2"," protein_coding","chr3",2008.90700504312,1.4166104563517,0.42208752276826,2.75819847558287e-05,0.000819190334354509
"ENSG00000073350.14","LLGL2"," protein_coding","chr17",4402.76901342651,-1.00728976804569,0.337461258691541,8.92800445029463e-05,0.00194225607544214
"ENSG00000073756.12","PTGS2"," protein_coding","chr1",2646.88298916882,2.32035264439767,0.780259999590917,9.00609094569884e-05,0.00195784305883873
"ENSG00000073792.16","IGF2BP2"," protein_coding","chr3",2045.39063830957,1.20225348649019,0.683471292110887,0.00169202067651397,0.0161925829949996
"ENSG00000073861.3","TBX21"," protein_coding","chr17",57.8972315480801,1.10915841379974,0.907939403192191,0.00298677197416304,0.0243081717902
"ENSG00000074219.14","TEAD2"," protein_coding","chr19",965.774053683459,1.2335916257268,0.302946810137992,1.88308229097674e-06,0.000107806894612404
"ENSG00000074590.13","NUAK1"," protein_coding","chr12",1198.84586306595,1.69402180376776,0.626742943140139,0.000200770758396918,0.00352950351163321
"ENSG00000074657.14","ZNF532"," protein_coding","chr18",2224.85612257315,1.08550525012143,0.199867333808179,2.69953684904149e-09,5.90187934711402e-07
"ENSG00000074964.17","ARHGEF10L"," protein_coding","chr1",3113.72528615324,-1.26165804926963,0.269629789580643,1.13756037135844e-07,1.16880485047717e-05
"ENSG00000075218.19","GTSE1"," protein_coding","chr22",509.76696664347,1.32140576399391,0.378967941383342,1.81640550817465e-05,0.000610412604642163
"ENSG00000075340.23","ADD2"," protein_coding","chr2",118.532637563414,1.4937934032548,0.852062069726837,0.00150987315899086,0.0150507284117958
"ENSG00000076382.17","SPAG5"," protein_coding","chr17",910.774501837333,1.09466986662584,0.334575173376122,3.67242707044075e-05,0.00101369365346266
"ENSG00000076641.4","PAG1"," protein_coding","chr8",807.419250209772,1.99336757720083,0.392196962630906,1.6106206949781e-08,2.42655103404961e-06
"ENSG00000076662.10","ICAM3"," protein_coding","chr19",67.5121460846614,1.27657026789034,0.863594757927594,0.00229839822917641,0.0201521873447664
"ENSG00000077152.11","UBE2T"," protein_coding","chr1",561.236029460724,1.02135645858351,0.416680946995135,0.000398463288797146,0.00584867953773533
"ENSG00000077935.17","SMC1B"," protein_coding","chr22",12.7684427653787,4.62888305684164,0.616841249373626,0.00199987608969393,0.018275910912218
"ENSG00000078081.8","LAMP3"," protein_coding","chr3",3024.75162229285,1.92780931317539,0.567522581105131,2.36526558814106e-05,0.000732229945147183
"ENSG00000078098.14","FAP"," protein_coding","chr2",527.966371814662,3.98301295478195,0.650434398031598,4.4088518080703e-11,1.83680013751838e-08
"ENSG00000078589.13","P2RY10"," protein_coding","chrX",192.241066239371,1.71983289153842,0.630417279614735,0.000185383457391117,0.00333022273457534
"ENSG00000078804.13","TP53INP2"," protein_coding","chr20",5903.98568313445,-1.09457576045669,0.516416732838669,0.000799779458787133,0.0096217138766191
"ENSG00000079263.19","SP140"," protein_coding","chr2",181.779192078992,1.23372589565658,0.839435718639003,0.00232105676725641,0.0202903993856192
"ENSG00000079385.23","CEACAM1"," protein_coding","chr19",4241.20996172287,-2.30152290345021,0.515438697824628,2.95251263488729e-07,2.41402114730657e-05
"ENSG00000080224.17","EPHA6"," protein_coding","chr3",15.8441453311444,-1.67327265179072,1.04859361881121,0.00196659399564455,0.018096830011963
"ENSG00000080573.7","COL5A3"," protein_coding","chr19",2898.6449129431,1.8698330379737,0.564234923454096,3.10179065216049e-05,0.000894168332740823
"ENSG00000080839.12","RBL1"," protein_coding","chr20",789.524543433698,1.12303523881773,0.26719975173848,1.09513557704144e-06,7.07141365277309e-05
"ENSG00000080986.13","NDC80"," protein_coding","chr18",630.52123875641,1.04469236853694,0.410083252829489,0.000316893217359285,0.00492220297218996
"ENSG00000081237.20","PTPRC"," protein_coding","chr1",1939.21684636385,1.25917635234609,0.690363014647502,0.0015071454647356,0.015028463940657
"ENSG00000081985.13","IL12RB2"," protein_coding","chr1",1176.51942510659,3.37437357710423,0.394599472788479,5.59149781129001e-19,4.78468013821285e-15
"ENSG00000082126.18","MPP4"," protein_coding","chr2",5.84134029304472,2.00284898741373,1.32927375802625,0.00209427601222815,0.0188664740402532
"ENSG00000082512.15","TRAF5"," protein_coding","chr1",405.311587400113,1.13893699683791,0.393900741640331,0.000128566131434462,0.00255728041551099
"ENSG00000082684.16","SEMA5B"," protein_coding","chr3",93.5846633716439,2.16541241912944,0.746305490792012,0.000107835368635932,0.0022340579470876
"ENSG00000083444.17","PLOD1"," protein_coding","chr1",6095.82125630611,1.05921018071953,0.46267522617635,0.00063735676360383,0.00819565900735
"ENSG00000083454.22","P2RX5"," protein_coding","chr17",44.2177037302508,1.57035188898985,0.668364262707283,0.000478216161245508,0.00666543909805666
"ENSG00000083782.8","EPYC"," protein_coding","chr12",6.57302489826563,4.76325262826723,1.20578822300595,9.46965569749062e-07,6.18027121733438e-05
"ENSG00000084710.14","EFR3B"," protein_coding","chr2",240.3003650076,1.50866125551471,0.722259332557285,0.000852147518125961,0.0100373208631932
"ENSG00000084731.15","KIF3C"," protein_coding","chr2",843.660827664774,2.14454075466167,0.430151486294924,2.53490073636656e-08,3.41514908627657e-06
"ENSG00000085514.16","PILRA"," protein_coding","chr7",164.636444508607,1.62506448738785,0.499422212998375,3.7413643005046e-05,0.0010288075268648
"ENSG00000085840.13","ORC1"," protein_coding","chr1",552.724559187532,1.19977854039942,0.392634639654645,7.34808433763815e-05,0.00167524204618133
"ENSG00000085871.9","MGST2"," protein_coding","chr4",3092.95556699749,-1.40382785039175,0.262908318558041,3.86035609657395e-09,7.93277094358808e-07
"ENSG00000085999.13","RAD54L"," protein_coding","chr1",244.311203194614,1.20486823701026,0.367371602788373,3.74048106892772e-05,0.0010288075268648
"ENSG00000086300.16","SNX10"," protein_coding","chr7",390.03950959703,2.56584361016767,0.376284166983577,4.00560763302921e-13,3.69159227100961e-10
"ENSG00000086544.3","ITPKC"," protein_coding","chr19",8650.67677469492,-1.58658497539627,0.416924075449669,4.93630952534785e-06,0.000227122513758554
"ENSG00000086717.18","PPEF1"," protein_coding","chrX",23.778101182144,2.758698475945,0.716241401506511,4.04773828381702e-06,0.000195713615939153
"ENSG00000086991.13","NOX4"," protein_coding","chr11",146.611127406778,2.20897018710729,0.565177608200539,3.15615316346819e-06,0.000163802194813239
"ENSG00000087116.16","ADAMTS2"," protein_coding","chr5",2505.03046719416,3.78867054820193,0.588046595973024,5.06916899337237e-12,3.08874489468513e-09
"ENSG00000087245.13","MMP2"," protein_coding","chr16",11167.7936484693,1.14258904917521,1.16494724536159,0.00399271282051599,0.0298574809467305
"ENSG00000087258.16","GNAO1"," protein_coding","chr16",308.678360103173,1.22255068339025,0.515874775346232,0.00047452241966078,0.00662610208867921
"ENSG00000087303.18","NID2"," protein_coding","chr14",453.095827160849,2.32086343347878,0.746593981763595,5.97171684607865e-05,0.00146230132399187
"ENSG00000087494.16","PTHLH"," protein_coding","chr12",3738.72747881782,2.45296210734742,0.829931046287294,9.27045863812126e-05,0.00199817475946975
"ENSG00000087586.18","AURKA"," protein_coding","chr20",1024.87154544637,1.85547588295087,0.367830040811829,1.96689399502503e-08,2.86084748583628e-06
"ENSG00000088305.18","DNMT3B"," protein_coding","chr20",429.519569728766,2.98525207215481,0.467404027651374,7.43692144969017e-12,4.34959792402744e-09
"ENSG00000088325.16","TPX2"," protein_coding","chr20",3605.54912446311,1.51931154120314,0.405071202805435,6.93923382436354e-06,0.000300203297724564
"ENSG00000088827.12","SIGLEC1"," protein_coding","chr20",541.972860756274,1.85139718085813,0.734447229194481,0.000318476506718937,0.00493671049890063
"ENSG00000089012.14","SIRPG"," protein_coding","chr20",157.257045155698,2.33515296251378,0.626315005731515,6.75776764049318e-06,0.000294025732833075
"ENSG00000089116.4","LHX5"," protein_coding","chr12",29.2518477781888,3.45468245137655,1.19843608113064,0.00010770493159547,0.00223287667662782
"ENSG00000089199.10","CHGB"," protein_coding","chr20",938.877193852826,3.22132978935257,0.982952325771042,3.08625770091944e-05,0.000891380393713798
"ENSG00000089220.5","PEBP1"," protein_coding","chr12",13237.3084358644,-1.01187857805944,0.201578373155992,2.09660046722832e-08,2.96576325627045e-06
"ENSG00000089327.15","FXYD5"," protein_coding","chr19",4492.36043455839,1.43916731609624,0.402856052525373,1.35856346699782e-05,0.000491880841926247
"ENSG00000089505.18","CMTM1"," protein_coding","chr16",21.0897063606899,1.51417399816019,0.417353968648757,1.22389880946706e-05,0.000453379226459459
"ENSG00000089685.15","BIRC5"," protein_coding","chr17",2110.01761846404,1.05542118185343,0.39473446899216,0.00023836194877515,0.00399811803713052
"ENSG00000089692.9","LAG3"," protein_coding","chr12",458.210286337724,2.46704271567735,0.663497329560829,7.0421328906441e-06,0.000303360322384078
"ENSG00000090530.10","P3H2"," protein_coding","chr3",4408.03896630365,2.13489474032413,0.587672834321727,1.05086119056216e-05,0.000405581743509735
"ENSG00000090889.12","KIF4A"," protein_coding","chrX",999.995285151879,1.50007279481701,0.370454723953164,2.09920097739823e-06,0.000118227776528912
"ENSG00000091136.15","LAMB1"," protein_coding","chr7",8948.02704045861,1.84229117771099,0.407096194768051,2.29253054914701e-07,1.96956868901717e-05
"ENSG00000091137.14","SLC26A4"," protein_coding","chr7",85.7232001080801,-2.04500676692807,0.839889861917289,0.000360657743003828,0.00541663404344465
"ENSG00000091262.16","ABCC6"," protein_coding","chr16",98.2030091794024,-2.5238927739911,0.614685923927236,1.44851717672505e-06,8.72351542489879e-05
"ENSG00000091409.15","ITGA6"," protein_coding","chr2",24752.4194030215,1.00802671962604,0.545694227353246,0.0017620442382666,0.0167120318384014
"ENSG00000091656.19","ZFHX4"," protein_coding","chr8",279.898619298087,1.26619481499863,0.98551160617526,0.00278841932535177,0.0232213025580294
"ENSG00000091879.14","ANGPT2"," protein_coding","chr8",357.077395186357,1.70689430450155,0.363976732602505,1.09204086596137e-07,1.13352351046017e-05
"ENSG00000092054.13","MYH7"," protein_coding","chr14",15141.357383102,-2.87885357735898,1.43771310126064,0.000712786660040477,0.00887077836677795
"ENSG00000092068.20","SLC7A8"," protein_coding","chr14",6378.03395996577,1.1589847327829,0.708666352002585,0.00197396468961495,0.0181317390834369
"ENSG00000092853.14","CLSPN"," protein_coding","chr1",474.258759213794,1.36551684100518,0.398731624324829,2.15620947112484e-05,0.000683417730743621
"ENSG00000094755.17","GABRP"," protein_coding","chr5",5869.59164372348,-3.14250240268576,1.17506437720476,0.00016426803583548,0.00307061080139179
"ENSG00000094804.12","CDC6"," protein_coding","chr17",1064.20495153489,1.29728692515431,0.343352823556875,6.15621339487089e-06,0.000271346257939432
"ENSG00000095370.20","SH2D3C"," protein_coding","chr9",472.681080471484,1.17403210352896,0.304836325882062,4.36917457551798e-06,0.000207949462230404
"ENSG00000095637.22","SORBS1"," protein_coding","chr10",1268.751366574,-1.29110164915293,0.596561669897426,0.000715474554920102,0.00887427717731855
"ENSG00000095752.7","IL11"," protein_coding","chr19",320.590086818807,4.67267587217924,0.7096845128578,1.93979693932999e-12,1.37197777478705e-09
"ENSG00000095970.17","TREM2"," protein_coding","chr6",289.936232994815,1.16822747733523,0.679413360287759,0.00170350250957752,0.0162766640979519
"ENSG00000096264.14","NCR2"," protein_coding","chr6",3.89749683245557,1.26439467595091,1.06250621706209,0.00403029120057355,0.030020388509195
"ENSG00000096996.16","IL12RB1"," protein_coding","chr19",234.263682670435,1.93296803796586,0.597739223325368,3.96052117366124e-05,0.00107449893358215
"ENSG00000099849.15","RASSF7"," protein_coding","chr11",1571.517647617,-1.01873038253129,0.358504322896184,0.000134691263068322,0.00265788536300812
"ENSG00000099864.18","PALM"," protein_coding","chr19",862.461216799735,-1.57214645608591,0.540340776025194,0.000107696771445669,0.00223287667662782
"ENSG00000099953.10","MMP11"," protein_coding","chr22",1424.91073827353,3.69734282923218,0.638244781827867,2.91683523447379e-10,9.14533092639706e-08
"ENSG00000099960.13","SLC7A4"," protein_coding","chr22",129.214116063562,-2.97719252286437,0.617414325459,5.35618076157589e-08,6.38813825497285e-06
"ENSG00000100012.12","SEC14L3"," protein_coding","chr22",3.37970857459943,-4.76443214224279,1.01312798037898,0.00445420042230253,0.0320724181454839
"ENSG00000100055.21","CYTH4"," protein_coding","chr22",634.312122048679,1.23445944663107,0.556375092784249,0.000697515382821126,0.00873704091340153
"ENSG00000100097.12","LGALS1"," protein_coding","chr22",12749.7987455617,1.05689709576125,1.04883415465693,0.00410962504853384,0.0305027896877923
"ENSG00000100116.17","GCAT"," protein_coding","chr22",889.70239057631,-1.1882206283931,0.462974347564163,0.000283854134269416,0.00452930523900092
"ENSG00000100218.12","RSPH14"," protein_coding","chr22",15.4603541856573,-3.27713929810244,0.463488569322475,0.003054754233764,0.0247223166238625
"ENSG00000100253.13","MIOX"," protein_coding","chr22",11.0227370535721,3.27155009589534,1.04853778938974,4.75987532967012e-05,0.00122472156007832
"ENSG00000100298.16","APOBEC3H"," protein_coding","chr22",30.8705754285914,1.02357267691566,0.923684864354551,0.0034389379259106,0.0268605322919425
"ENSG00000100314.4","CABP7"," protein_coding","chr22",8.10406215020648,1.76703943037036,0.764311658491318,0.000519213983536268,0.00706842205966362
"ENSG00000100351.17","GRAP2"," protein_coding","chr22",178.133391770898,1.12989916732889,0.557911436886528,0.00101270565711875,0.0113650985793183
"ENSG00000100368.14","CSF2RB"," protein_coding","chr22",1175.2217717231,1.04131236495051,0.601539115343081,0.00167921838919477,0.0161170364674039
"ENSG00000100385.14","IL2RB"," protein_coding","chr22",1166.39441095236,1.28319297814659,0.645799264752856,0.00106123720794844,0.0117493291610251
"ENSG00000100453.13","GZMB"," protein_coding","chr14",619.239416840361,1.53688420142285,0.789432773285924,0.00111766347089957,0.0121528420237642
"ENSG00000100526.20","CDKN3"," protein_coding","chr14",469.038254829511,1.07634962202458,0.31140480978347,1.9449496179455e-05,0.00064001595094992
"ENSG00000100604.13","CHGA"," protein_coding","chr14",46.7837696275163,-3.94554822016477,1.14806327856762,1.59530670976742e-05,0.000553149832444517
"ENSG00000100721.11","TCL1A"," protein_coding","chr14",42.9624904691836,3.10372623594927,1.1110483351384,0.000139355081101875,0.00272728834076662
"ENSG00000100985.7","MMP9"," protein_coding","chr20",2351.49760551744,3.91467314341985,0.647360572323307,6.06020269860938e-11,2.27541907003466e-08
"ENSG00000101000.6","PROCR"," protein_coding","chr20",701.201506500388,1.22196307138881,0.527762280248227,0.000564852129443531,0.00750168026758346
"ENSG00000101003.10","GINS1"," protein_coding","chr20",927.805223739488,1.1510502081237,0.349599868258288,3.47913188403212e-05,0.000971633039385388
"ENSG00000101057.16","MYBL2"," protein_coding","chr20",2601.03704717657,1.43870300552952,0.397147747656685,1.06494278118624e-05,0.000408940717224965
"ENSG00000101082.14","SLA2"," protein_coding","chr20",193.973988034324,1.36032391488189,0.642227528587635,0.000814785108026085,0.00975152509064286
"ENSG00000101115.13","SALL4"," protein_coding","chr20",47.7974278800719,1.69699887785064,0.912228798399411,0.00125312056587108,0.0131963835768134
"ENSG00000101160.14","CTSZ"," protein_coding","chr20",9604.99733943447,1.2251834838432,0.67022188091904,0.0015126239680558,0.0150561621423957
"ENSG00000101162.4","TUBB1"," protein_coding","chr20",9.90600669659835,1.16105424487653,0.463029514634951,0.0004248623853961,0.00611516314578873
"ENSG00000101194.18","SLC17A9"," protein_coding","chr20",143.780576886542,2.86498466181381,0.567724783349659,0.00583448875813009,0.0388280758426718
"ENSG00000101307.16","SIRPB1"," protein_coding","chr20",68.593816498493,1.83623407489931,0.866300025781665,0.000773360592066082,0.00942115931727342
"ENSG00000101412.13","E2F1"," protein_coding","chr20",585.002323433928,1.33388131822346,0.252896575463585,5.67329450021454e-09,1.07168885487593e-06
"ENSG00000101441.4","CST4"," protein_coding","chr20",33.1590812146724,-4.98317845822187,1.32347583464249,3.76091231744863e-06,0.000185068301609071
"ENSG00000101445.10","PPP1R16B"," protein_coding","chr20",650.650373668258,1.34445819468432,0.505593476548645,0.000237553655620552,0.00399811803713052
"ENSG00000101825.8","MXRA5"," protein_coding","chrX",6525.83085266236,1.44357832718847,0.484006618509984,9.67506413491854e-05,0.00206779849286913
"ENSG00000101916.12","TLR8"," protein_coding","chrX",135.306672105587,2.08395777013678,0.718603510619872,0.000110821042666831,0.00227575987213122
"ENSG00000101986.12","ABCD1"," protein_coding","chrX",823.468540218987,1.11733577716648,0.520099950936631,0.000787064777158445,0.00953665381184055
"ENSG00000102195.10","GPR50"," protein_coding","chrX",9.81064850242959,3.77308163452625,1.62725321349701,0.000744460794988139,0.00915539270439719
"ENSG00000102271.14","KLHL4"," protein_coding","chrX",41.5655876637304,1.53401805432937,0.996527700164132,0.00202429415134591,0.0184491633278043
"ENSG00000102287.19","GABRE"," protein_coding","chrX",919.429855217304,1.13619027485643,0.604259764370038,0.00135226963495148,0.0138988091949237
"ENSG00000102362.15","SYTL4"," protein_coding","chrX",296.264776479473,-1.70199739088807,0.518118052958918,3.30798405227835e-05,0.000934997388308007
"ENSG00000102384.13","CENPI"," protein_coding","chrX",244.222782988803,1.46684701292854,0.368531308591327,2.6727575072899e-06,0.000142608024682821
"ENSG00000102385.12","DRP2"," protein_coding","chrX",30.7187180342678,1.27114172274802,0.573192606689953,0.00063434633886527,0.00817127285214292
"ENSG00000102524.11","TNFSF13B"," protein_coding","chr13",354.562675983665,1.50968625437929,0.564471770493676,0.000219462863954024,0.00376878830120482
"ENSG00000102794.10","ACOD1"," protein_coding","chr13",6.92661855156659,4.5883437548179,1.24772076052732,1.05046614016137e-05,0.000405581743509735
"ENSG00000102931.8","ARL2BP"," protein_coding","chr16",34.5312101860542,1.63716685743593,0.885306666160865,0.00128794330748392,0.0134383049591713
"ENSG00000102934.10","PLLP"," protein_coding","chr16",783.753887404172,-1.42614975633283,0.534342603315808,0.000214188836999055,0.00369490930212834
"ENSG00000103034.14","NDRG4"," protein_coding","chr16",1892.08263520849,1.39006764457539,1.24462542835981,0.00312009098258281,0.0250438973484537
"ENSG00000103089.9","FA2H"," protein_coding","chr16",1893.31959103265,-6.09236021928636,0.959412918616149,7.71708769185116e-12,4.42146787370281e-09
"ENSG00000103187.8","COTL1"," protein_coding","chr16",5867.5429084106,1.26773269976753,0.356036007955408,1.47919850193631e-05,0.000523712037711165
"ENSG00000103313.13","MEFV"," protein_coding","chr16",82.0318505623863,1.98427259428644,0.479038290952981,1.33598026009717e-06,8.14895724819922e-05
"ENSG00000103316.12","CRYM"," protein_coding","chr16",529.507226920995,-3.9937482051822,0.639894758963032,1.71101454902099e-11,8.1307946061524e-09
"ENSG00000103522.16","IL21R"," protein_coding","chr16",206.104844665082,2.31988312102396,0.550358656393212,9.21691217378219e-07,6.04124892114736e-05
"ENSG00000103546.18","SLC6A2"," protein_coding","chr16",248.619856045488,2.97527950314905,0.850013665443156,1.46622256273737e-05,0.000520329367567462
"ENSG00000103569.10","AQP9"," protein_coding","chr15",79.8964301728097,1.7014085392979,0.563755313463199,7.94879804040365e-05,0.00178542684492464
"ENSG00000103855.18","CD276"," protein_coding","chr15",4734.72559586404,1.63382637408865,0.369642512855666,4.23854241942317e-07,3.23074663162699e-05
"ENSG00000104081.14","BMF"," protein_coding","chr15",615.282593383854,1.17301274015772,0.656132003966033,0.0015437250501983,0.0152829784998961
"ENSG00000104147.9","OIP5"," protein_coding","chr15",49.9673987308147,1.16930336883466,0.470306120230322,0.000370327547763174,0.00553453155288521
"ENSG00000104321.11","TRPA1"," protein_coding","chr8",26.2332976765354,2.77758092341777,0.569488720250689,3.42140085743578e-08,4.39050904123183e-06
"ENSG00000104327.7","CALB1"," protein_coding","chr8",234.917633607633,2.86903693992898,1.57733146366886,0.00105413629714245,0.0117005281770048
"ENSG00000104415.14","CCN4"," protein_coding","chr8",504.635317375145,3.33640587873565,0.441997891736116,1.89630780578027e-15,4.11945780694253e-12
"ENSG00000104635.15","SLC39A14"," protein_coding","chr8",3500.25663831759,1.25820603334008,0.538945738932342,0.000530036791822361,0.00717720790280208
"ENSG00000104738.18","MCM4"," protein_coding","chr8",6396.11799865515,1.27389563107755,0.257083463074431,0.00165694102426244,0.0159476032068901
"ENSG00000104814.13","MAP4K1"," protein_coding","chr19",273.561294744487,1.08727430448936,0.688419039285687,0.00205661519248714,0.018635297134599
"ENSG00000104894.12","CD37"," protein_coding","chr19",537.811839746219,1.07722915186757,0.732177251672141,0.00236575312663901,0.0205687964095117
"ENSG00000104899.8","AMH"," protein_coding","chr19",35.9361674207971,1.81102785341119,1.03256525286003,0.00137090522633916,0.0140257184761975
"ENSG00000104951.16","IL4I1"," protein_coding","chr19",612.94750172001,2.19372047332581,0.70340115222661,5.89832221441473e-05,0.00145251557495543
"ENSG00000104967.8","NOVA2"," protein_coding","chr19",106.567960496111,1.16745600792423,0.419274762667585,0.000158250252240793,0.0029960401522636
"ENSG00000104972.15","LILRB1"," protein_coding","chr19",207.904089925992,1.52650860457114,0.572360749737329,0.000226675817454538,0.00385846685034639
"ENSG00000105011.9","ASF1B"," protein_coding","chr19",1213.25516995715,1.10517573260221,0.398319575898497,0.000169514707325112,0.00313973860772145
"ENSG00000105219.10","CCNP"," protein_coding","chr19",41.90817563874,3.09125374061256,0.879592318125058,1.53807641071144e-05,0.000539533078188776
"ENSG00000105255.11","FSD1"," protein_coding","chr19",32.0849383884657,2.17991354913412,0.597889702673161,8.42574937637002e-06,0.000348168907314594
"ENSG00000105329.11","TGFB1"," protein_coding","chr19",4637.23668292983,1.17369398070044,0.422459965934372,0.000183485890095704,0.0033039410156783
"ENSG00000105369.10","CD79A"," protein_coding","chr19",724.98503816176,2.48671946786492,1.00047994160781,0.000321759614780814,0.00496482758210497
"ENSG00000105374.10","NKG7"," protein_coding","chr19",547.392368994864,1.54254463539934,0.729631049605122,0.000821924915921739,0.00978747160059822
"ENSG00000105376.5","ICAM5"," protein_coding","chr19",74.2471437967757,1.58418528005765,0.754097239872704,0.000835347657451892,0.00989476239443665
"ENSG00000105388.16","CEACAM5"," protein_coding","chr19",26057.5373765574,-2.52600768956198,0.98837799634397,0.000244467725385043,0.00405735117495995
"ENSG00000105464.3","GRIN2D"," protein_coding","chr19",329.746514536123,3.96743258855023,0.494210426084648,4.77852511337408e-17,1.81661605341307e-13
"ENSG00000105492.16","SIGLEC6"," protein_coding","chr19",40.457395261833,1.48905042988536,0.6385928285002,0.000493316873087187,0.00682896953172536
"ENSG00000105639.20","JAK3"," protein_coding","chr19",810.65473215552,1.10131808834863,0.503161086683443,0.00072050029850095,0.00892569269992236
"ENSG00000105825.14","TFPI2"," protein_coding","chr7",354.387420398856,1.65100765017399,1.36315569972994,0.00273561020116871,0.0229259060479868
"ENSG00000105851.11","PIK3CG"," protein_coding","chr7",336.234387581826,1.4007739275163,0.621422940808034,0.000626204014379236,0.00808693957083469
"ENSG00000105889.16","STEAP1B"," protein_coding","chr7",78.522580546731,1.655637964398,0.982243677131154,0.00159988920422043,0.0156274547261185
"ENSG00000105928.16","GSDME"," protein_coding","chr7",1019.38168491923,1.56018203403987,0.64347140200573,0.000417692877023721,0.00604915265628291
"ENSG00000105967.16","TFEC"," protein_coding","chr7",141.019011579273,2.08637139013607,0.624906778481521,2.82332297685101e-05,0.000832032186966762
"ENSG00000105989.10","WNT2"," protein_coding","chr7",107.099702819216,2.87790133658616,0.665431474031299,5.77094607277518e-07,4.17885197407885e-05
"ENSG00000106031.9","HOXA13"," protein_coding","chr7",21.675664083359,6.62044365356394,1.42455855327569,6.29294047086183e-08,7.168059870424e-06
"ENSG00000106351.13","AGFG2"," protein_coding","chr7",2348.23101305747,-1.41021851635044,0.413998130568946,2.20677016428218e-05,0.000695487057060248
"ENSG00000106366.9","SERPINE1"," protein_coding","chr7",13417.5510222064,2.95759407791838,0.757990392094197,3.47247957466394e-06,0.000175429437382483
"ENSG00000106397.12","PLOD3"," protein_coding","chr7",3184.79578190437,1.75486836529077,0.396344818010948,3.93672353291797e-07,3.05147170634293e-05
"ENSG00000106560.11","GIMAP2"," protein_coding","chr7",257.140995602258,1.15540279445576,0.456902026047492,0.000331276959818706,0.00506287747686749
"ENSG00000106588.12","PSMA2"," protein_coding","chr7",14.4297510609232,1.62621394350377,0.532448613830207,6.01164680517422e-05,0.00146500171703336
"ENSG00000106624.11","AEBP1"," protein_coding","chr7",8528.39130610968,1.76165868073112,0.561432782529902,6.39586860411498e-05,0.00152085654305668
"ENSG00000106686.16","SPATA6L"," protein_coding","chr9",68.7665937388085,-1.51560140449855,0.511195856912617,9.59150886542332e-05,0.00205571923272811
"ENSG00000106688.12","SLC1A1"," protein_coding","chr9",570.090543645068,-1.49055510931726,0.770541614438286,0.00108465087283078,0.0119174447237725
"ENSG00000106819.13","ASPN"," protein_coding","chr9",1029.45547344887,2.82245845258315,0.706463046407207,2.36488881681783e-06,0.000129358567600505
"ENSG00000106976.21","DNM1"," protein_coding","chr9",529.931524824494,1.29423747970108,0.487621391959798,0.000238681372512836,0.00399811803713052
"ENSG00000107105.15","ELAVL2"," protein_coding","chr9",125.706503127874,1.38845700343752,0.979222923143983,0.00236738360215838,0.0205770898806639
"ENSG00000107159.13","CA9"," protein_coding","chr9",378.666986303395,4.58868027974049,0.645566261864764,5.49353042070501e-14,7.59430639476826e-11
"ENSG00000107201.10","DDX58"," protein_coding","chr9",2661.45549274878,2.21351287618053,0.420346304639218,6.0754234798177e-09,1.13356965823126e-06
"ENSG00000107281.10","NPDC1"," protein_coding","chr9",994.504990073796,-1.55883650082542,0.488730520225035,4.51448351819214e-05,0.00118157476109103
"ENSG00000107537.14","PHYH"," protein_coding","chr10",782.711703205555,-1.04683989856097,0.464670867265178,0.000607689167955953,0.00790151802695357
"ENSG00000107742.13","SPOCK2"," protein_coding","chr10",2029.77450721296,1.72803883421474,0.615844006905568,0.000160366579494751,0.00302557616760166
"ENSG00000108001.15","EBF3"," protein_coding","chr10",143.15531219814,1.09515828582598,0.711967090791241,0.00215161532205495,0.0191953877353058
"ENSG00000108244.17","KRT23"," protein_coding","chr17",3044.31257667068,-2.44870925576761,0.789412768536804,5.47023264633809e-05,0.00136031222790744
"ENSG00000108309.14","RUNDC3A"," protein_coding","chr17",165.837772067356,1.28174750833739,1.17254133971212,0.0031820459092618,0.0253689593317634
"ENSG00000108379.10","WNT3"," protein_coding","chr17",194.171982197023,1.01672181828724,0.384716031263548,0.000246722262381459,0.00407138587401373
"ENSG00000108602.18","ALDH3A1"," protein_coding","chr17",20737.0058493566,-2.52791562359731,0.871209419729812,9.77376636049253e-05,0.00208191181526263
"ENSG00000108797.12","CNTNAP1"," protein_coding","chr17",328.454414013554,1.28356637400416,0.35975565242225,1.29286751897245e-05,0.000472028569681983
"ENSG00000108821.14","COL1A1"," protein_coding","chr17",99411.5053634154,4.17578739698509,0.616982886858381,6.72765922283382e-13,5.84595142697271e-10
"ENSG00000109072.14","VTN"," protein_coding","chr17",5.86589281352777,2.1006373014348,0.702385242590491,0.000120549835274966,0.00242961043089301
"ENSG00000109674.4","NEIL3"," protein_coding","chr4",160.331475134619,1.57877208947764,0.371017892883415,8.07087556652193e-07,5.39471513416772e-05
"ENSG00000109705.8","NKX3-2"," protein_coding","chr4",21.807918813096,1.51849143620209,1.30339876137301,0.0026046492347321,0.0221458972873189
"ENSG00000109794.13","FAM149A"," protein_coding","chr4",208.973031433948,-2.58245277974849,0.466331307929545,1.25685264048242e-09,3.07338968768313e-07
"ENSG00000109861.17","CTSC"," protein_coding","chr11",13265.4325037395,1.11328814092114,0.454152683300255,0.000433749572539882,0.00619979705257449
"ENSG00000109906.14","ZBTB16"," protein_coding","chr11",657.589655216417,-2.88612307020744,0.695049791540617,1.11631450836821e-06,7.14746803010577e-05
"ENSG00000109943.9","CRTAM"," protein_coding","chr11",77.6231617823545,2.18628659002852,0.705958268570655,6.18249479549889e-05,0.00149110399853694
"ENSG00000110031.13","LPXN"," protein_coding","chr11",787.398619235537,1.64301281555303,0.449651994795665,9.670782181192e-06,0.000384467318270055
"ENSG00000110203.9","FOLR3"," protein_coding","chr11",24.1133958290504,5.00791271896301,0.839638309660902,3.7909506166095e-05,0.00104150118430844
"ENSG00000110427.17","KIAA1549L"," protein_coding","chr11",853.385146090352,1.97400329382882,0.863667334509772,0.000547650526786905,0.00734243768101027
"ENSG00000110446.11","SLC15A3"," protein_coding","chr11",1642.53086989009,2.31200589877563,0.457537692964257,1.77162564303806e-08,2.60292032278824e-06
"ENSG00000111012.10","CYP27B1"," protein_coding","chr12",432.677857624465,2.7163618243797,0.628653620799688,5.85442781999647e-07,4.20626684989048e-05
"ENSG00000111181.12","SLC6A12"," protein_coding","chr12",23.721493699982,1.14127372231015,0.736037501563239,0.00213296528168235,0.0190827342824516
"ENSG00000111206.13","FOXM1"," protein_coding","chr12",1929.91053028367,1.51518424330278,0.39416996369154,4.78557510891765e-06,0.000221191027032694
"ENSG00000111247.15","RAD51AP1"," protein_coding","chr12",410.639196053692,1.32514414510792,0.385622099686132,2.19109633427671e-05,0.000691263618406198
"ENSG00000111252.11","SH2B3"," protein_coding","chr12",1022.32460049562,1.0030747184154,0.310491002011619,4.82648560764121e-05,0.00123871651295521
"ENSG00000111331.13","OAS3"," protein_coding","chr12",10683.3679831131,2.01225227115652,0.574957825490452,1.68564840949855e-05,0.000576326583662372
"ENSG00000111335.13","OAS2"," protein_coding","chr12",8888.11389562943,2.2344486455082,0.552547549057351,2.25026231418586e-06,0.000124657974064361
"ENSG00000111404.7","RERGL"," protein_coding","chr12",16.8564892720185,-1.73220091591754,0.868138045945165,0.000960353943799344,0.0109472430632569
"ENSG00000111537.5","IFNG"," protein_coding","chr12",40.7975420969719,3.14408734728061,0.986111619951108,4.20483341839494e-05,0.00111980384197588
"ENSG00000111665.12","CDCA3"," protein_coding","chr12",537.078255933894,1.25887601482668,0.370301862732811,2.51298073904322e-05,0.000765804441047308
"ENSG00000111799.21","COL12A1"," protein_coding","chr6",9075.34396378046,3.70985214066029,0.488308624479462,1.34376029128334e-15,3.14367551836925e-12
"ENSG00000112195.9","TREML2"," protein_coding","chr6",20.4705895872396,2.12755115353451,0.584607936275744,1.09597494297571e-05,0.000417003859058407
"ENSG00000112208.11","BAG2"," protein_coding","chr6",306.64767506272,1.24466383390525,0.458378270872939,0.00020735525469268,0.00360978555292987
"ENSG00000112238.12","PRDM13"," protein_coding","chr6",22.7250034454526,2.65292954327854,1.26457219926567,0.000713359484333863,0.00887077836677795
"ENSG00000112530.11","PACRG"," protein_coding","chr6",40.2103135117477,-3.83227088425251,0.558210346020874,3.60315631521292e-06,0.000180541698986014
"ENSG00000112655.16","PTK7"," protein_coding","chr6",7283.05413703901,1.29635737782987,0.29108864172135,3.65401311440564e-07,2.87156332941651e-05
"ENSG00000112699.11","GMDS"," protein_coding","chr6",2453.78013197894,-1.9482986635055,0.283625450930295,2.80685677992857e-13,2.84549784159892e-10
"ENSG00000112761.21","CCN6"," protein_coding","chr6",120.753222978827,2.16425602135761,1.10922622777607,0.000981114750210467,0.0111296691153118
"ENSG00000112769.20","LAMA4"," protein_coding","chr6",2250.68676212618,1.28140581129152,0.633496418187777,0.0010553704352447,0.0117099529540668
"ENSG00000112837.17","TBX18"," protein_coding","chr6",198.375327799541,2.55445439472044,0.636436156166986,2.22732564537808e-06,0.000123676240307453
"ENSG00000112984.12","KIF20A"," protein_coding","chr5",1301.07674613152,1.38070969483661,0.468032194614657,0.000106074586083439,0.00221571174328941
"ENSG00000113088.6","GZMK"," protein_coding","chr5",43.3891460601438,1.24440062648322,0.858047525529687,0.00239329954326377,0.0207667386617064
"ENSG00000113140.11","SPARC"," protein_coding","chr5",32491.5991861937,2.22139543575039,0.517832541530167,7.77520215055016e-07,5.24317567637876e-05
"ENSG00000113263.13","ITK"," protein_coding","chr5",260.78003201499,1.17385864849114,0.7647743977502,0.00216083617772133,0.0192325170245943
"ENSG00000113273.17","ARSB"," protein_coding","chr5",517.633765930072,1.00663423399262,0.279793014480372,1.26998266725468e-05,0.000466511849471864
"ENSG00000113302.5","IL12B"," protein_coding","chr5",8.41285259075538,1.22221634723824,0.990276326803731,0.00286061057557751,0.023654091744165
"ENSG00000113361.13","CDH6"," protein_coding","chr5",184.458156882585,1.57600531751911,0.51294209626468,6.760342393151e-05,0.00158034045505689
"ENSG00000113721.14","PDGFRB"," protein_coding","chr5",4156.73018796093,2.40538700070736,0.552186657430821,5.57596297031097e-07,4.07648465904008e-05
"ENSG00000113722.17","CDX1"," protein_coding","chr5",11.5415220044202,2.5260409132745,0.715973444005667,1.70854646710633e-05,0.000581724499732695
"ENSG00000113739.10","STC2"," protein_coding","chr5",310.153324859101,3.25925113218818,0.385396911043548,4.92104256267168e-08,5.93903442295769e-06
"ENSG00000114115.10","RBP1"," protein_coding","chr3",2993.5340121435,1.01732176469238,0.847832932736569,0.00329516625792778,0.0260436308218185
"ENSG00000114251.15","WNT5A"," protein_coding","chr3",3538.6462632149,1.10812324041163,0.475421503274563,0.000572417165469826,0.0075658075851516
"ENSG00000114270.17","COL7A1"," protein_coding","chr3",12695.4958238196,1.20519822841778,0.493153889757213,0.000433483263906845,0.00619979705257449
"ENSG00000114346.14","ECT2"," protein_coding","chr3",2924.23041107935,1.34658783542299,0.587164237269273,0.000574030312250067,0.00758383313920995
"ENSG00000114638.8","UPK1B"," protein_coding","chr3",1280.79509148117,-4.49142557499659,1.21139910612566,0.000271518733457586,0.00439005807583497
"ENSG00000114771.14","AADAC"," protein_coding","chr3",409.249394516512,-3.06436547749265,1.08903738835222,0.000116870515436724,0.00238025534577539
"ENSG00000114779.19","ABHD14B"," protein_coding","chr3",2492.66321689274,-1.22539681197398,0.240737265220657,1.46869199633314e-08,2.2789453920653e-06
"ENSG00000114805.18","PLCH1"," protein_coding","chr3",166.259040583436,-1.72461630004422,0.961153303070918,0.00132770413670577,0.0137205116920261
"ENSG00000114948.13","ADAM23"," protein_coding","chr2",948.713196298208,1.51859331151585,0.702224386492832,0.000733557913505157,0.00906529736831871
"ENSG00000115085.14","ZAP70"," protein_coding","chr2",276.580938072083,1.34496795258561,0.62591054813317,0.000770302253850531,0.00939719311927645
"ENSG00000115163.15","CENPA"," protein_coding","chr2",382.40732529803,1.99223748829264,0.396374733432117,2.06300865157767e-08,2.93188234207625e-06
"ENSG00000115165.10","CYTIP"," protein_coding","chr2",513.35975116945,1.02944336267573,0.6865508066297,0.00231242196727289,0.0202482849720671
"ENSG00000115232.14","ITGA4"," protein_coding","chr2",527.321297904581,1.85409239433392,0.516327756426807,1.21999445055135e-05,0.000452484039324612
"ENSG00000115255.12","REEP6"," protein_coding","chr19",687.987693875198,-2.11790624125397,0.353785854395977,5.7136431628279e-05,0.00141160868814854
"ENSG00000115267.8","IFIH1"," protein_coding","chr2",2777.98223651599,1.78093098333947,0.367399123935712,5.25591322569209e-08,6.29323184775487e-06
"ENSG00000115318.12","LOXL3"," protein_coding","chr2",153.120179792573,2.08759869589232,0.343013817900165,4.9223585622e-11,1.99604921269585e-08
"ENSG00000115355.17","CCDC88A"," protein_coding","chr2",1053.14133867114,1.15497460798763,0.374456025099874,7.32360644136186e-05,0.00167091404877073
"ENSG00000115414.21","FN1"," protein_coding","chr2",35265.3954852257,5.59735964038523,0.680777561144001,2.71680895865571e-09,5.90187934711402e-07
"ENSG00000115415.20","STAT1"," protein_coding","chr2",21121.314117123,1.57659367018528,0.460386384731769,2.27723993761971e-05,0.000711672366133332
"ENSG00000115523.17","GNLY"," protein_coding","chr2",606.959787269562,2.59300375290467,0.529547457832544,3.94503675508705e-08,4.99918345135261e-06
"ENSG00000115844.11","DLX2"," protein_coding","chr2",103.260904856211,3.51552740448789,0.760661023783318,1.37137090017147e-07,1.32404772021952e-05
"ENSG00000115935.18","WIPF1"," protein_coding","chr2",2026.24128799378,1.56083217788271,0.389500164642714,2.47247478803772e-06,0.000133561946231956
"ENSG00000115956.10","PLEK"," protein_coding","chr2",1069.51711659468,1.17661597468965,0.699183820792055,0.00177532056417718,0.0167835947523533
"ENSG00000116132.12","PRRX1"," protein_coding","chr1",2853.39149256689,1.29599571851347,0.573915719051391,0.000686944973684149,0.00863308160522976
"ENSG00000116544.12","DLGAP3"," protein_coding","chr1",33.7265224035039,2.72981133525289,0.677278657162491,0.00298645138208644,0.0243081717902
"ENSG00000116819.8","TFAP2E"," protein_coding","chr1",77.4542673914833,1.55266433710906,0.590017260172965,0.000241234736464271,0.00402892478862595
"ENSG00000116824.5","CD2"," protein_coding","chr1",741.991031818019,1.15329399989222,0.682588722743944,0.00183090763648939,0.0171650412911689
"ENSG00000116852.15","KIF21B"," protein_coding","chr1",317.209365733762,1.64550961483505,0.466251809715843,1.50542154919457e-05,0.000531141363986711
"ENSG00000116962.15","NID1"," protein_coding","chr1",3454.65273439486,2.78772256666954,0.608550506244579,1.79428470926115e-07,1.65362366250786e-05
"ENSG00000116985.12","BMP8B"," protein_coding","chr1",235.353796178619,1.48512985092879,0.559009829883719,0.000228565578608871,0.00387478536356277
"ENSG00000116996.9","ZP4"," protein_coding","chr1",15.0153000762926,6.03576775589725,1.2849723559432,2.42376227605973e-08,3.32044513972093e-06
"ENSG00000117009.12","KMO"," protein_coding","chr1",41.7158078388206,2.34049120645024,0.52931415846521,3.99889822554489e-07,3.06343807892939e-05
"ENSG00000117013.17","KCNQ4"," protein_coding","chr1",85.9993331091465,-1.04866837327898,0.517143783202278,0.000977136306793896,0.011092813176007
"ENSG00000117020.18","AKT3"," protein_coding","chr1",715.79086353664,1.31122160983656,0.523984283008921,0.000347226530936226,0.0052616843474656
"ENSG00000117122.14","MFAP2"," protein_coding","chr1",784.222607393167,2.74026329572879,0.454919427475382,7.5533759128982e-11,2.70259790163497e-08
"ENSG00000117152.14","RGS4"," protein_coding","chr1",381.659652955118,3.70247901320746,0.599311523625233,2.79680083307074e-11,1.25086917259089e-08
"ENSG00000117215.15","PLA2G2D"," protein_coding","chr1",60.7472782000918,4.72152985009267,0.978294027908788,0.00131458198514555,0.0136451815406934
"ENSG00000117228.10","GBP1"," protein_coding","chr1",7362.99862829432,1.03299982180008,0.702042205248081,0.0025008620966287,0.021489939377245
"ENSG00000117281.16","CD160"," protein_coding","chr1",17.5254191696562,1.12259016808296,0.463901682042814,0.000457121132291997,0.00645124129763179
"ENSG00000117385.16","P3H1"," protein_coding","chr1",1358.52893901711,1.51309020485798,0.334350255637001,2.64138431898726e-07,2.18294623079781e-05
"ENSG00000117407.17","ARTN"," protein_coding","chr1",189.408112040285,1.05423989672758,0.984443986163611,0.00342130720428736,0.0267692863401058
"ENSG00000117560.8","FASLG"," protein_coding","chr1",73.7276796800191,1.73009309317451,0.672879502356354,0.000281739601074093,0.00450056194964948
"ENSG00000117586.11","TNFSF4"," protein_coding","chr1",122.255531542719,2.55510329210952,0.503468186251759,1.6071879161596e-08,2.42655103404961e-06
"ENSG00000117600.12","PLPPR4"," protein_coding","chr1",179.261958366952,1.62900807081843,0.562754481066429,0.00011677552813602,0.00238025534577539
"ENSG00000117650.13","NEK2"," protein_coding","chr1",580.150172222632,1.08144578443311,0.443169456140419,0.00041946248705159,0.00605529434896754
"ENSG00000117707.16","PROX1"," protein_coding","chr1",145.368030833018,1.44678348185579,0.420148982147468,2.07245400757003e-05,0.000669958267733639
"ENSG00000117724.13","CENPF"," protein_coding","chr1",3366.14199574133,1.58089818422388,0.4697092483335,2.65180645570401e-05,0.000791456229021847
"ENSG00000118113.12","MMP8"," protein_coding","chr11",13.2344579224644,3.0819942502178,1.33053569395661,0.000384534815312158,0.00568816018389526
"ENSG00000118193.12","KIF14"," protein_coding","chr1",492.269454450085,1.66378019587233,0.504214991814987,3.36646154677723e-05,0.000947124838317632
"ENSG00000118473.22","SGIP1"," protein_coding","chr1",118.521480142867,2.1371522913037,0.623554787859562,2.0557326882353e-05,0.000667136855408092
"ENSG00000118946.12","PCDH17"," protein_coding","chr13",271.542897332963,2.03050611685836,0.554449914191783,8.87441174560055e-06,0.000361361066320793
"ENSG00000119147.10","ECRG4"," protein_coding","chr2",158.327307807122,-3.22088047566014,0.834576784543345,3.66074147285519e-06,0.000182939179537138
"ENSG00000119514.7","GALNT12"," protein_coding","chr9",723.920201803432,-1.08099816285276,0.837828052700644,0.0027509925504226,0.0230104335632571
"ENSG00000119547.6","ONECUT2"," protein_coding","chr18",75.9707073519141,4.15853300191587,0.729729011063174,5.62946607426804e-10,1.58526807145105e-07
"ENSG00000119608.14","PROX2"," protein_coding","chr14",8.10802745729227,2.76871874082609,0.491106878024657,1.07672821444078e-09,2.72887793214897e-07
"ENSG00000119681.12","LTBP2"," protein_coding","chr14",6524.58378922551,1.19195344634452,0.58087735644649,0.0010778240134758,0.0118767614934202
"ENSG00000119698.12","PPP4R4"," protein_coding","chr14",157.834865524695,1.28370608839956,1.2101978900872,0.00328888799960837,0.0260075274914429
"ENSG00000119699.8","TGFB3"," protein_coding","chr14",1272.5433046893,1.55969387066897,0.512463056882206,7.82209406596397e-05,0.00176282273605988
"ENSG00000119915.5","ELOVL3"," protein_coding","chr10",14.0898595146971,-5.92272248208607,0.50429554235451,0.00457932683447053,0.0327234649945376
"ENSG00000119917.14","IFIT3"," protein_coding","chr10",4194.83805339466,3.07279120300304,0.536719151417223,4.54335176381727e-10,1.35721256179015e-07
"ENSG00000119922.10","IFIT2"," protein_coding","chr10",1486.35906652986,3.20212639390709,0.602048703228566,4.34340924272738e-09,8.74808644364687e-07
"ENSG00000119986.7","AVPI1"," protein_coding","chr10",1764.27119857574,-1.13336758838117,0.4070319049274,0.000158879988304125,0.00300311813815621
"ENSG00000120162.10","MOB3B"," protein_coding","chr9",1401.37015092287,1.33287392755925,0.297634486895704,3.05563856785278e-07,2.49145136096801e-05
"ENSG00000120217.14","CD274"," protein_coding","chr9",1151.19055914634,1.63935607183259,0.82176596831276,0.00102420608472392,0.0114561160922062
"ENSG00000120280.6","CXorf21"," protein_coding","chrX",87.0335036622223,1.26423460924974,0.55653727451032,0.000598092761978155,0.00781684364849231
"ENSG00000120334.15","CENPL"," protein_coding","chr1",365.343273798198,1.19494449771531,0.277287280120775,6.42581959490174e-07,4.51335915334288e-05
"ENSG00000120436.4","GPR31"," protein_coding","chr6",5.71936104840769,1.81488633646414,1.06134815788848,0.00191313310727828,0.0177715690872493
"ENSG00000120498.14","TEX11"," protein_coding","chrX",7.39698837393988,1.75509101141262,0.746108962307798,0.000493761686230852,0.00683201736275655
"ENSG00000120708.17","TGFBI"," protein_coding","chr5",33026.8222254274,4.23736630012935,0.67611261367152,1.69543641203972e-11,8.1307946061524e-09
"ENSG00000120756.13","PLS1"," protein_coding","chr3",1145.44187310072,-1.91473603476453,0.557816082721891,1.94785885045095e-05,0.00064001595094992
"ENSG00000120885.22","CLU"," protein_coding","chr8",23736.0946607025,-2.67460980918932,0.601132098869637,3.08421254358105e-07,2.50133749567814e-05
"ENSG00000120949.15","TNFRSF8"," protein_coding","chr1",70.9045507206624,1.60006056331373,0.539432398115329,9.25265774601238e-05,0.00199575234063457
"ENSG00000121068.14","TBX2"," protein_coding","chr17",318.182548884236,1.34321886218728,0.417489796535999,4.37353308740364e-05,0.00115462032801395
"ENSG00000121413.13","ZSCAN18"," protein_coding","chr19",452.709919307458,-1.53211861374454,0.517826456423784,9.37301620481011e-05,0.00201602312515495
"ENSG00000121454.6","LHX4"," protein_coding","chr1",20.7719563881806,1.53787733642623,0.358066909713205,6.85367768394306e-07,4.73729316822182e-05
"ENSG00000121594.12","CD80"," protein_coding","chr3",47.9994797791606,2.31679373095017,0.595960368141507,3.76099549221818e-06,0.000185068301609071
"ENSG00000121621.7","KIF18A"," protein_coding","chr11",407.105534294336,1.46388742658274,0.389274853406583,6.5412471063654e-06,0.000285421733494822
"ENSG00000121716.20","PILRB"," protein_coding","chr7",101.819498928424,2.01988072368914,0.645461583593835,5.40134014268449e-05,0.00135098168805709
"ENSG00000121858.11","TNFSF10"," protein_coding","chr3",12908.4459873175,1.17675463454209,0.481056019399892,0.000433800286978546,0.00619979705257449
"ENSG00000121895.8","TMEM156"," protein_coding","chr4",47.2860589023295,1.14968867828244,0.78870709336976,0.00236438205612887,0.0205627542101937
"ENSG00000121904.17","CSMD2"," protein_coding","chr1",78.3414884463926,3.22069849092698,0.548968105983745,1.73316063261925e-10,5.8567349244277e-08
"ENSG00000121931.16","LRIF1"," protein_coding","chr1",745.022660993169,1.01507898753948,0.299697819522282,2.53601795782427e-05,0.000769836402139351
"ENSG00000121933.19","TMIGD3"," protein_coding","chr1",33.5739294846285,1.2052128618651,0.573885865347711,0.000866075892741864,0.0101698710911036
"ENSG00000122122.10","SASH3"," protein_coding","chrX",613.792655456701,1.35395591918301,0.566121780858348,0.000448458580448605,0.0063614602645445
"ENSG00000122133.17","PAEP"," protein_coding","chr9",42.0399452844887,5.05169076841397,1.16900213784961,5.12025437031289e-07,3.78886365363324e-05
"ENSG00000122188.13","LAX1"," protein_coding","chr1",157.774557885952,2.60384093458627,0.743620977142323,1.56382702180045e-05,0.000544172439519648
"ENSG00000122223.13","CD244"," protein_coding","chr1",81.4492137928568,1.14213682866522,0.603821407709976,0.00127001484775384,0.0133234224427221
"ENSG00000122359.18","ANXA11"," protein_coding","chr10",15829.6802692351,-1.07239598482709,0.317768596130036,2.50253827567974e-05,0.000764394996932569
"ENSG00000122641.11","INHBA"," protein_coding","chr7",5282.94890073511,5.02197305587219,0.816640195048465,3.23579199445357e-11,1.41061797046695e-08
"ENSG00000122687.19","MRM2"," protein_coding","chr7",4.02563756041454,1.90315727088467,0.520929363135073,1.44060591648315e-05,0.000514238823215986
"ENSG00000122733.12","PHF24"," protein_coding","chr9",117.687706363005,1.3694257254643,0.918042271949371,0.00219892915287776,0.0194720184738033
"ENSG00000122861.16","PLAU"," protein_coding","chr10",4959.25823547588,2.06121399500946,0.556958931583831,7.97286920525942e-06,0.000333958888053549
"ENSG00000122986.14","HVCN1"," protein_coding","chr12",128.13349438415,1.16937101048811,0.599527266824393,0.00115371936524697,0.0124249529232493
"ENSG00000123329.20","ARHGAP9"," protein_coding","chr12",336.471224689212,1.22991108189381,0.495283438530011,0.000371263655654302,0.00553934935080745
"ENSG00000123338.13","NCKAP1L"," protein_coding","chr12",1070.8474394809,1.27363521202696,0.621230302466266,0.000993489055951398,0.0112323355608364
"ENSG00000123388.4","HOXC11"," protein_coding","chr12",78.5178237147227,4.39693492868913,0.955729691736621,1.55057819447141e-07,1.46908830618253e-05
"ENSG00000123407.4","HOXC12"," protein_coding","chr12",1.97963892577294,5.25119695232527,1.39768275651668,0.00213499061283833,0.0190827342824516
"ENSG00000123473.16","STIL"," protein_coding","chr1",706.266015378093,1.13493349450043,0.367376120059838,6.69713984904219e-05,0.00156797624502633
"ENSG00000123485.12","HJURP"," protein_coding","chr2",714.481664402129,2.00111264947319,0.376544177877161,4.70230797320444e-09,9.34714329340305e-07
"ENSG00000123500.10","COL10A1"," protein_coding","chr6",388.334720492561,5.26453187442313,0.748918896783813,9.66843314926932e-14,1.17618422947491e-10
"ENSG00000123643.13","SLC36A1"," protein_coding","chr5",1033.28702589277,1.05321035120809,0.269801796565041,3.60335419999705e-06,0.000180541698986014
"ENSG00000124091.9","GCNT7"," protein_coding","chr20",4.6003568517549,1.32254957846174,0.535382405131554,0.000480840569225216,0.00669332796987322
"ENSG00000124107.5","SLPI"," protein_coding","chr20",69454.4604148649,-2.08749031266066,0.743749912299471,0.000134835444958749,0.00265788536300812
"ENSG00000124126.14","PREX1"," protein_coding","chr20",1380.08271130583,1.10648887773608,0.482823630088863,0.000605111048580911,0.00787472927706086
"ENSG00000124181.14","PLCG1"," protein_coding","chr20",2712.25905462741,1.0281264277894,0.199030113439112,1.11844323950237e-08,1.80931990654179e-06
"ENSG00000124191.18","TOX2"," protein_coding","chr20",352.935366592897,2.58733913474062,0.56691637985109,1.90548362899966e-07,1.70445510614019e-05
"ENSG00000124203.6","ZNF831"," protein_coding","chr20",96.6684473694799,1.29957862143989,0.753247960456206,0.00165429552303856,0.0159400797516409
"ENSG00000124225.16","PMEPA1"," protein_coding","chr20",6189.90514467008,2.5205400301716,0.633632945767035,2.81683087511797e-06,0.000148564407466609
"ENSG00000124249.7","KCNK15"," protein_coding","chr20",39.732753791393,-1.43621956962237,0.595570523999736,0.000405172505415418,0.00591859337521571
"ENSG00000124256.15","ZBP1"," protein_coding","chr20",249.739848460838,3.26000425759426,0.618391440039736,5.64528004856266e-09,1.07168885487593e-06
"ENSG00000124507.11","PACSIN1"," protein_coding","chr6",49.7798090249086,1.18889782105899,0.803382781876473,0.00231291033416503,0.0202482849720671
"ENSG00000124657.1","OR2B6"," protein_coding","chr6",3.26780673891974,2.2480812071956,0.946661554379381,0.000426349196750232,0.00613076034078714
"ENSG00000124664.11","SPDEF"," protein_coding","chr6",900.934054742674,-4.75312647510754,1.444173850245,2.14551830262169e-05,0.000681835403737025
"ENSG00000124678.20","TCP11"," protein_coding","chr6",22.0921439472222,-3.40456266232729,0.855201887509123,2.29434261619582e-06,0.000126409134033267
"ENSG00000124731.13","TREM1"," protein_coding","chr6",254.564685492898,2.24846973709359,0.600262385740217,6.44692965356081e-06,0.000282115786408266
"ENSG00000124749.17","COL21A1"," protein_coding","chr6",227.2132742155,-1.36299645178045,0.552110584644995,0.00036184410796872,0.00542908971665155
"ENSG00000124839.13","RAB17"," protein_coding","chr2",315.851102713384,-1.49205120546395,0.804070239144538,0.00121759212387942,0.0129114684943194
"ENSG00000124939.6","SCGB2A1"," protein_coding","chr11",58.7525298489788,-4.47130586709077,1.093764500436,1.49652914018519e-06,8.9771086273081e-05
"ENSG00000125245.13","GPR18"," protein_coding","chr13",33.955213275468,1.9351757933919,0.695458576966214,0.000164213045248576,0.00307061080139179
"ENSG00000125246.15","CLYBL"," protein_coding","chr13",211.247777084717,-1.59293703159527,0.310068379480369,1.13667857667521e-08,1.82704566072548e-06
"ENSG00000125648.15","SLC25A23"," protein_coding","chr19",4193.08226542897,-1.4315200134799,0.364106144678867,3.0685891181554e-06,0.000160077188422744
"ENSG00000125675.18","GRIA3"," protein_coding","chrX",51.4188165749298,2.56338662992399,0.818125242742308,5.11462568606866e-05,0.00129302669152457
"ENSG00000125726.11","CD70"," protein_coding","chr19",87.0437464556326,3.03885599084654,0.713359299129951,7.66200232973074e-07,5.17832170786891e-05
"ENSG00000125864.14","BFSP1"," protein_coding","chr20",150.46960424894,1.08055463168776,0.36283834538272,9.28030205218895e-05,0.0019988797897537
"ENSG00000125869.10","LAMP5"," protein_coding","chr20",152.18822199859,2.88084052360559,0.667836457086459,5.8963895364157e-07,4.20955152514109e-05
"ENSG00000125872.8","LRRN4"," protein_coding","chr20",25.4115009357968,3.1729516185073,1.18052354777973,0.000191057216877589,0.00341801360994007
"ENSG00000125910.6","S1PR4"," protein_coding","chr19",204.972366047695,1.34154127755323,0.695485767532167,0.00115066772020729,0.0124095337911601
"ENSG00000126091.21","ST3GAL3"," protein_coding","chr1",32.4325968826273,1.21215672255395,0.348959417012907,1.62999510580971e-05,0.000562052620782209
"ENSG00000126353.3","CCR7"," protein_coding","chr17",347.56367151333,1.84587341306989,0.541867837546961,2.27745299894131e-05,0.000711672366133332
"ENSG00000126550.10","HTN1"," protein_coding","chr4",15.8738603625497,-11.7758124840404,1.09036937023279,3.28090190363097e-05,0.000929935410951804
"ENSG00000126709.15","IFI6"," protein_coding","chr1",11593.4423414348,2.62223548367258,0.762582681516918,2.14345405133223e-05,0.000681835403737025
"ENSG00000126787.13","DLGAP5"," protein_coding","chr14",1041.27046088812,1.3132724168328,0.433750015545456,8.07623911036168e-05,0.00180207558458596
"ENSG00000126882.13","FAM78A"," protein_coding","chr9",359.128751648463,1.4814277337241,0.426086805006243,1.84167670299924e-05,0.000614828908543535
"ENSG00000127184.13","COX7C"," protein_coding","chr5",8973.58393351031,-1.0804948976253,0.169773973402939,9.08980818297801e-12,5.02633338670746e-09
"ENSG00000127241.18","MASP1"," protein_coding","chr3",764.145018153476,1.76223877660355,0.97847674682566,0.00136957963723029,0.0140257184761975
"ENSG00000127318.11","IL22"," protein_coding","chr12",30.5208117460973,-5.10814399155593,1.25204310419603,1.3537602852904e-06,8.23438231130737e-05
"ENSG00000127324.9","TSPAN8"," protein_coding","chr12",381.227580588658,-4.46310947339627,0.931432258883405,5.51608744874906e-08,6.55315498354708e-06
"ENSG00000127364.4","TAS2R4"," protein_coding","chr7",10.4247654666862,1.34045428756425,0.639506781019724,0.000912490862704187,0.0105600432687087
"ENSG00000127418.15","FGFRL1"," protein_coding","chr4",814.815402265588,-1.08288140488991,0.399526564871931,0.000196710425720945,0.00347217305713934
"ENSG00000127564.17","PKMYT1"," protein_coding","chr16",1027.08204972541,1.2656481062166,0.4547509229418,0.000165351434167902,0.00308517372229963
"ENSG00000127928.13","GNGT1"," protein_coding","chr7",39.5227322194464,3.99684573947404,0.804462368602058,3.04919353205355e-08,3.96303943975832e-06
"ENSG00000127946.17","HIP1"," protein_coding","chr7",1485.94488899951,1.18974594559746,0.25291843160686,1.16017790055167e-07,1.18802998281071e-05
"ENSG00000128016.7","ZFP36"," protein_coding","chr19",28997.3612926822,-1.57124028553747,0.403656504053773,3.53889668665851e-06,0.000178488333219478
"ENSG00000128045.7","RASL11B"," protein_coding","chr4",4.56226935304614,2.04376597414836,0.860014551635002,0.000498949097215953,0.00688499949801669
"ENSG00000128311.14","TST"," protein_coding","chr22",2903.24736505246,-1.40228004646732,0.36595919814345,4.55714773001032e-06,0.000214156848150904
"ENSG00000128322.7","IGLL1"," protein_coding","chr22",5.3570102822293,2.59832740192807,1.65570816271344,0.00226527771023479,0.0199288085048802
"ENSG00000128340.15","RAC2"," protein_coding","chr22",2231.87365235419,1.9782253309055,0.394657014204444,2.19154406558542e-08,3.08571433641895e-06
"ENSG00000128595.17","CALU"," protein_coding","chr7",8615.67574430355,1.10921034508744,0.456431229360753,0.000441275228979803,0.00629081510271076
"ENSG00000128606.13","LRRC17"," protein_coding","chr7",197.630091765327,1.54400373165205,0.93792824584477,0.0017571442506316,0.0166895777933975
"ENSG00000128652.11","HOXD3"," protein_coding","chr2",17.136158048338,1.26825251543266,0.512903521739766,0.000367096198707243,0.005491676000208
"ENSG00000128656.15","CHN1"," protein_coding","chr2",360.253950474423,2.09510466905451,0.411551012760535,1.48468818976836e-08,2.29207217844798e-06
"ENSG00000128709.13","HOXD9"," protein_coding","chr2",213.78555329988,2.42912449817715,0.463172833763624,5.79156586403213e-09,1.08727711495561e-06
"ENSG00000128710.6","HOXD10"," protein_coding","chr2",283.702438041632,5.18989804364041,0.572485940198412,4.70902790027155e-21,1.43215665530959e-16
"ENSG00000128713.14","HOXD11"," protein_coding","chr2",60.0727132111891,7.96868430774837,0.949574573722794,4.20080263115059e-20,6.38795052105915e-16
"ENSG00000128714.6","HOXD13"," protein_coding","chr2",151.052582953121,4.95857452879852,1.16283471152938,6.91564092903913e-07,4.75849293155808e-05
"ENSG00000128815.19","WDFY4"," protein_coding","chr10",486.426706741088,1.50754218579473,0.663903684522848,0.000580702698699854,0.00765867787318242
"ENSG00000129007.14","CALML4"," protein_coding","chr15",3.68259238936055,1.99824505750843,0.704274121834153,0.00017859182184621,0.00324723119335674
"ENSG00000129048.7","ACKR4"," protein_coding","chr3",151.429668445067,2.30000906445924,0.705684140432443,3.55611003324777e-05,0.000988592088127647
"ENSG00000129195.16","PIMREG"," protein_coding","chr17",279.619199816003,1.28569518899998,0.349995065825705,9.13438627336849e-06,0.000369177032771112
"ENSG00000129595.14","EPB41L4A"," protein_coding","chr5",435.385964658324,-1.11193624300108,0.457510577673131,0.000404045109890939,0.00590496104138064
"ENSG00000130005.13","GAMT"," protein_coding","chr19",1169.58476809204,-1.65071195525255,0.488359085047677,2.39452065335804e-05,0.000737837453197346
"ENSG00000130224.15","LRCH2"," protein_coding","chrX",63.9804066899383,1.44194909107971,0.571848369127768,0.000317439782527946,0.00492566127858286
"ENSG00000130303.13","BST2"," protein_coding","chr19",6900.60827330678,2.6862446825575,0.544106008431225,3.50555375081437e-08,4.47959690014779e-06
"ENSG00000130309.11","COLGALT1"," protein_coding","chr19",6041.33067669286,1.19359383740202,0.271754406532929,5.53308663329564e-07,4.0548858741788e-05
"ENSG00000130427.3","EPO"," protein_coding","chr7",20.608903001977,1.55693403838189,0.89483717766859,0.00145090304037339,0.0145990016625228
"ENSG00000130429.15","ARPC1B"," protein_coding","chr7",39.3503834491338,1.45730275154346,0.34925514971747,1.17003500648471e-06,7.38262959589613e-05
"ENSG00000130475.14","FCHO1"," protein_coding","chr19",170.978910161733,1.39828461777557,0.4405428356553,5.03484356177628e-05,0.0012792372367945
"ENSG00000130487.9","KLHDC7B"," protein_coding","chr22",847.650383592608,2.29592378671578,0.939202786340333,0.000363461221543551,0.00544529366049459
"ENSG00000130508.11","PXDN"," protein_coding","chr2",4585.71685663563,2.46396657394701,0.637899413984762,4.06311078133499e-06,0.000196145060623399
"ENSG00000130589.16","HELZ2"," protein_coding","chr20",5655.37154665829,1.13492607716431,0.57923929015991,0.00123213276325958,0.0130167749279648
"ENSG00000130635.16","COL5A1"," protein_coding","chr9",13276.3476623492,3.9997196543133,0.541004977804965,6.81653551481143e-15,1.29569559132475e-11
"ENSG00000130675.15","MNX1"," protein_coding","chr7",13.4630376617398,2.35579984782991,0.934018088046611,0.000320210923462903,0.00494475880117567
"ENSG00000130684.14","ZNF337"," protein_coding","chr20",50.3217549807049,1.04885854496814,0.441309997436797,0.000498792210916432,0.00688499949801669
"ENSG00000130829.18","DUSP9"," protein_coding","chrX",122.675015509241,1.43023057867173,0.449247528072657,4.9312805170372e-05,0.00125607231461183
"ENSG00000131050.11","BPIFA2"," protein_coding","chr20",10.5420925036419,-6.1840334330545,1.45761710148053,0.000268268672635218,0.00434675287205908
"ENSG00000131378.14","RFTN1"," protein_coding","chr3",1344.57133959993,1.00729825663665,0.45889943958991,0.000729608753370413,0.0090238271721246
"ENSG00000131470.15","PSMC3IP"," protein_coding","chr17",135.012798955403,1.01272959079924,0.322959106244737,6.04419376281819e-05,0.00146824276413506
"ENSG00000131650.14","KREMEN2"," protein_coding","chr16",326.573692853785,1.94507940827698,0.522871427668355,7.08386657605435e-06,0.000304726498129478
"ENSG00000131747.15","TOP2A"," protein_coding","chr17",5172.46409656646,1.04762230438935,0.46907915759358,0.000697020115545559,0.00873704091340153
"ENSG00000131778.19","CHD1L"," protein_coding","chr1",6.71450994698665,1.41584515613898,0.584298885548724,0.000491829092869981,0.00681457776831651
"ENSG00000131944.10","FAAP24"," protein_coding","chr19",201.821473260782,1.03331352314474,0.297841800778813,1.90656612400463e-05,0.000630950985085448
"ENSG00000132031.13","MATN3"," protein_coding","chr2",47.6465502718783,3.9939709629732,0.627799157193872,0.00253112683082946,0.0216720608969641
"ENSG00000132185.18","FCRLA"," protein_coding","chr1",89.5109937844056,2.62717256811064,0.647975160134426,1.87723243591367e-06,0.000107721264289514
"ENSG00000132530.17","XAF1"," protein_coding","chr17",569.213415408491,2.73041800675014,0.476499584804101,4.31113525226984e-10,1.33790363701309e-07
"ENSG00000132704.16","FCRL2"," protein_coding","chr1",24.2991741298403,1.99093717696704,1.30939290505506,0.00201833577422769,0.0184058908250634
"ENSG00000132718.9","SYT11"," protein_coding","chr1",511.357904330097,1.42965309618501,0.398779521689687,1.23806300733465e-05,0.000457511667582853
"ENSG00000132854.19","KANK4"," protein_coding","chr1",513.14005809432,2.11342562698817,1.32770779309737,0.0017160783708902,0.0163762445854671
"ENSG00000133063.16","CHIT1"," protein_coding","chr1",330.284424803595,5.23434822174842,0.962484969530652,1.98527979659673e-09,4.60903163770202e-07
"ENSG00000133106.15","EPSTI1"," protein_coding","chr13",2044.60896049771,2.72997253315406,0.561525700846073,4.63621100323975e-08,5.63937136860703e-06
"ENSG00000133107.15","TRPC4"," protein_coding","chr13",19.624065064227,1.79332240838218,0.529062968235776,2.24324624346854e-05,0.000705520661867721
"ENSG00000133110.15","POSTN"," protein_coding","chr13",5619.05698533049,2.77754464149673,0.71566334314918,4.00107525157161e-06,0.00019376544844912
"ENSG00000133112.17","TPT1"," protein_coding","chr13",68961.005412961,-1.33153758148238,0.20098333519367,8.01394809515491e-13,6.77022787272073e-10
"ENSG00000133216.17","EPHB2"," protein_coding","chr1",1213.56027424826,1.79222100548008,0.830154335599914,0.000734942773620415,0.00907503636789187
"ENSG00000133315.12","MACROD1"," protein_coding","chr11",963.356013914005,-1.00802501290216,0.447468943265874,0.000610294694847546,0.00792117653633582
"ENSG00000133466.14","C1QTNF6"," protein_coding","chr22",934.492791259936,3.01356403367151,0.373204530549512,2.96845641108924e-17,1.28970949757796e-13
"ENSG00000133636.11","NTS"," protein_coding","chr12",219.384016127118,3.74212579495315,0.819154249006567,0.00466291382890534,0.0331184489207142
"ENSG00000133816.17","MICAL2"," protein_coding","chr11",2295.23292467849,1.11667786706423,0.617000211709962,0.00156761468925052,0.0154240910851427
"ENSG00000134013.16","LOXL2"," protein_coding","chr8",2156.15998177768,3.46482149240879,0.582695650038929,1.21039811886929e-10,4.18316340786042e-08
"ENSG00000134028.14","ADAMDEC1"," protein_coding","chr8",320.155743372304,3.18512833954188,0.823897186582194,3.76672076730394e-06,0.000185068301609071
"ENSG00000134222.16","PSRC1"," protein_coding","chr1",344.586194471054,1.11467947607896,0.303033169087483,9.05485360539892e-06,0.000367670577704937
"ENSG00000134242.16","PTPN22"," protein_coding","chr1",193.353625279272,1.02433929496071,0.659381602850783,0.00215032032303712,0.0191894636104835
"ENSG00000134243.12","SORT1"," protein_coding","chr1",6243.01890172481,-1.00125067836871,0.296980710998311,2.56637945168533e-05,0.000775857835627297
"ENSG00000134321.12","RSAD2"," protein_coding","chr2",2195.89275774716,4.198196315761,0.60601804427759,1.89156462998326e-13,2.05457696756004e-10
"ENSG00000134324.12","LPIN1"," protein_coding","chr2",2029.4396716694,-1.10586671647523,0.34722420759293,4.73392787135401e-05,0.00122218122539465
"ENSG00000134326.11","CMPK2"," protein_coding","chr2",1100.19564677167,2.94040163649037,0.530792786667549,1.27230236201842e-09,3.07338968768313e-07
"ENSG00000134438.10","RAX"," protein_coding","chr18",1.55447950460156,4.93631471131989,1.05697462926643,0.00178509586946844,0.0168498201980583
"ENSG00000134460.18","IL2RA"," protein_coding","chr10",234.520976364948,2.354572615056,0.551139855549228,7.44079062528404e-07,5.08532056824187e-05
"ENSG00000134463.15","ECHDC3"," protein_coding","chr10",1126.83964862446,-1.69610031805998,0.409159601186906,1.25113091288084e-06,7.80006751363019e-05
"ENSG00000134539.17","KLRD1"," protein_coding","chr12",154.884224086832,1.45390667322272,0.667690800647488,0.000728004130601158,0.00900764427338203
"ENSG00000134545.14","KLRC1"," protein_coding","chr12",37.5234176775992,1.81189234255467,0.547530706829075,3.11109847852599e-05,0.000896002254047451
"ENSG00000134594.5","RAB33A"," protein_coding","chrX",37.5924972565596,1.00347689308396,0.46183561712433,0.00071513938074071,0.00887373887656761
"ENSG00000134668.12","SPOCD1"," protein_coding","chr1",196.131758828628,2.84432452496677,0.755122981978195,5.63244634095688e-06,0.000252282165784273
"ENSG00000134690.11","CDCA8"," protein_coding","chr1",1018.68705841119,1.258147579451,0.387185033652621,4.2400828376424e-05,0.00112623265800191
"ENSG00000134824.14","FADS2"," protein_coding","chr11",1091.61109395106,-3.24734825928753,0.486815371916356,7.61108050138698e-05,0.00173001338780779
"ENSG00000134871.19","COL4A2"," protein_coding","chr13",15782.0889116695,2.11338900330221,0.634089713094614,3.2570501209335e-05,0.000927496866366577
"ENSG00000134901.13","POGLUT2"," protein_coding","chr13",250.173069927308,1.55022264177844,0.388462765053935,2.43835225902263e-06,0.000132188248223984
"ENSG00000134954.14","ETS1"," protein_coding","chr11",3956.90959504771,1.25220092198208,0.404984839424467,7.09791250077435e-05,0.0016423365641751
"ENSG00000134986.14","NREP"," protein_coding","chr5",103.530375155345,2.01663699053353,0.393645354298048,1.14141543266972e-08,1.82704566072548e-06
"ENSG00000135047.16","CTSL"," protein_coding","chr9",4579.02487050149,1.27187026988751,0.582721295152205,0.000752458635344496,0.009227630837392
"ENSG00000135074.16","ADAM19"," protein_coding","chr5",1745.29617475042,1.73951355177093,0.70552148641197,0.000375283340005829,0.00559210789789186
"ENSG00000135077.9","HAVCR2"," protein_coding","chr5",466.32132613278,1.03665153806635,0.640207001203456,0.00196632829235223,0.018096830011963
"ENSG00000135114.12","OASL"," protein_coding","chr12",2074.12483304102,2.96375097138134,0.746111122336937,2.58590763727172e-06,0.000138459874951311
"ENSG00000135248.15","FAM71F1"," protein_coding","chr7",2.77261810677118,1.6763502274732,0.98154609935445,0.00218096614063021,0.0193719986083489
"ENSG00000135314.12","KHDC1"," protein_coding","chr6",62.4232700897059,1.11487079281277,0.387986235638696,0.000124871636493165,0.00250344171434846
"ENSG00000135318.12","NT5E"," protein_coding","chr6",1641.95080829097,1.82161819002794,0.568302695086597,4.63691312914569e-05,0.00120223733160024
"ENSG00000135373.13","EHF"," protein_coding","chr11",22641.7371530635,-1.13153299084337,0.393404589039618,0.000121958400598989,0.00244988166275894
"ENSG00000135426.16","TESPA1"," protein_coding","chr12",107.077912876748,1.78026613337306,0.544550511758172,3.61563746339658e-05,0.00100056762669955
"ENSG00000135451.13","TROAP"," protein_coding","chr12",567.424479750295,1.16399316597527,0.419296440834724,0.000170490584092866,0.00315205479271509
"ENSG00000135454.14","B4GALNT1"," protein_coding","chr12",265.749009675721,2.48287932830431,0.543493014797918,1.85270985855317e-07,1.67697812286242e-05
"ENSG00000135480.16","KRT7"," protein_coding","chr12",5717.09046664002,-3.48971541800104,0.944781897809075,6.47619267802159e-06,0.000282989149305561
"ENSG00000135622.13","SEMA4F"," protein_coding","chr2",506.387563174236,1.44962974107436,0.503027831397106,0.000126899822443344,0.00253408030201538
"ENSG00000135636.14","DYSF"," protein_coding","chr2",1365.6413417071,1.26872165234908,0.567691396581751,0.000674528211069365,0.00851928010101852
"ENSG00000135862.6","LAMC1"," protein_coding","chr1",9490.98582015321,1.16816487474968,0.328926353286648,1.42795207945377e-05,0.000511473546242806
"ENSG00000135899.19","SP110"," protein_coding","chr2",1919.17316397287,1.06225280928704,0.342947821865082,7.2829442537871e-05,0.00166884114751542
"ENSG00000135917.16","SLC19A3"," protein_coding","chr2",140.016502737938,-1.67999843077189,0.825753507342076,0.000878539771242074,0.0102765500241482
"ENSG00000135951.16","TSGA10"," protein_coding","chr2",211.380223901273,-1.31944119144935,0.547236186083932,0.000418790598894226,0.00605355441262838
"ENSG00000135976.20","ANKRD36"," protein_coding","chr2",70.0809577262876,1.09989720397822,0.515407333504567,0.000828741751735475,0.0098510346612733
"ENSG00000136040.9","PLXNC1"," protein_coding","chr12",676.531354480476,1.46365576262039,0.474906014786189,6.98279599464177e-05,0.00162236649797586
"ENSG00000136108.15","CKAP2"," protein_coding","chr13",2041.84225339062,1.07900125614156,0.30479895953186,1.64624844459012e-05,0.00056637278218687
"ENSG00000136114.17","THSD1"," protein_coding","chr13",652.893148343058,1.73027229520071,0.536812063313112,4.2555958671147e-05,0.00112933580727761
"ENSG00000136122.18","BORA"," protein_coding","chr13",229.83382653116,1.18128904430827,0.401988893307017,0.000109891143142906,0.00226277544780311
"ENSG00000136167.15","LCP1"," protein_coding","chr13",6582.66887122296,1.83559343186295,0.403959386494463,2.34877814825826e-07,2.00093528915906e-05
"ENSG00000136205.17","TNS3"," protein_coding","chr7",2808.54473897761,1.02572241238717,0.461622194604881,0.00072040322557461,0.00892569269992236
"ENSG00000136286.16","MYO1G"," protein_coding","chr7",629.562773725552,1.42706415028206,0.464736563245968,7.2226644922479e-05,0.00165908531119891
"ENSG00000136295.15","TTYH3"," protein_coding","chr7",4309.57033163393,1.75913099772211,0.336399271587702,8.46121939041169e-09,1.48314902338198e-06
"ENSG00000136378.15","ADAMTS7"," protein_coding","chr15",296.388513053979,2.3163429014283,0.426401114899979,2.35109408176932e-09,5.29657957843337e-07
"ENSG00000136457.10","CHAD"," protein_coding","chr17",84.8998650229682,-3.25032262334721,0.889175496625278,8.1284964559314e-06,0.000338183259527007
"ENSG00000136490.9","LIMD2"," protein_coding","chr17",760.619596401091,1.92555187827987,0.399728032313427,6.27660354307814e-08,7.168059870424e-06
"ENSG00000136514.3","RTP4"," protein_coding","chr3",648.824031532994,1.90091460270529,0.610027956791838,5.92575339822194e-05,0.00145809011407867
"ENSG00000136531.18","SCN2A"," protein_coding","chr2",99.941110314364,1.80472841792744,1.51282136504605,0.00265067023175352,0.0224179181752836
"ENSG00000136573.14","BLK"," protein_coding","chr8",41.8818639244696,1.90863712493627,0.932832812980115,0.000886016128772232,0.0103361751148254
"ENSG00000136634.7","IL10"," protein_coding","chr1",26.5904581135178,1.10665454944497,0.646621920482362,0.00177345705617791,0.0167835947523533
"ENSG00000136982.6","DSCC1"," protein_coding","chr8",328.619752185996,1.29235581998917,0.308555253340869,1.16246039280045e-06,7.35008480795013e-05
"ENSG00000137135.18","ARHGEF39"," protein_coding","chr9",213.302180256517,1.72813578303396,0.467144142383066,7.911406925022e-06,0.000332793387013408
"ENSG00000137265.15","IRF4"," protein_coding","chr6",440.627357984439,2.02630697029479,0.592393166541163,2.13296408487337e-05,0.000681388909385829
"ENSG00000137273.6","FOXF2"," protein_coding","chr6",310.182909228173,2.92984519605247,0.481614986238766,4.69008298281324e-11,1.92756072643647e-08
"ENSG00000137474.22","MYO7A"," protein_coding","chr11",282.079850996987,1.88497807725905,0.506914938387174,7.12096236709629e-06,0.000305889588235169
"ENSG00000137496.18","IL18BP"," protein_coding","chr11",615.711320493733,1.56780397303173,0.487284761497915,4.469679038098e-05,0.00117287617416458
"ENSG00000137501.17","SYTL2"," protein_coding","chr11",1226.61864687536,-2.03808459403489,0.822868873628822,0.000322466101857963,0.0049670581737545
"ENSG00000137558.9","PI15"," protein_coding","chr8",525.335149353952,1.20630271645965,3.03548157757457,0.00397973760466975,0.0297725809081714
"ENSG00000137573.14","SULF1"," protein_coding","chr8",2948.26273978291,2.26682593230179,0.397974322024757,5.53016783688899e-10,1.57185976096547e-07
"ENSG00000137628.17","DDX60"," protein_coding","chr4",2816.70583222762,1.98415781172187,0.491828349742529,2.2887857894001e-06,0.000126331837047233
"ENSG00000137745.12","MMP13"," protein_coding","chr11",4618.7612707974,5.43713556609883,1.2380659038124,3.58311249584534e-07,2.84525327248419e-05
"ENSG00000137807.16","KIF23"," protein_coding","chr15",1158.22906004858,1.27819462270784,0.413791790306243,6.69271971237145e-05,0.00156797624502633
"ENSG00000137809.17","ITGA11"," protein_coding","chr15",314.160089264712,2.49520401014371,0.498820914586057,2.34272647181966e-08,3.23860637215688e-06
"ENSG00000137959.16","IFI44L"," protein_coding","chr1",1824.5607745856,3.41741275107999,0.570764761338854,9.13485145706587e-11,3.19331307314649e-08
"ENSG00000137965.11","IFI44"," protein_coding","chr1",1833.74503765943,2.36979648685077,0.490894487231248,5.91126777553377e-08,6.88809911330684e-06
"ENSG00000138031.14","ADCY3"," protein_coding","chr2",1879.31937851827,1.02598956399995,0.33160597822996,7.11482519785299e-05,0.0016423365641751
"ENSG00000138080.14","EMILIN1"," protein_coding","chr2",1598.17919219545,1.05553723978959,1.01210018351467,0.00351880829008417,0.027253027005558
"ENSG00000138092.11","CENPO"," protein_coding","chr2",462.373264953307,1.47062913757536,0.237337596146276,2.59417429830207e-11,1.19540337779183e-08
"ENSG00000138172.11","CALHM2"," protein_coding","chr10",640.437755392608,1.03063344250815,0.443989460549634,0.000563999308300128,0.00749690164481285
"ENSG00000138180.16","CEP55"," protein_coding","chr10",1361.58182690474,1.25076886339304,0.504224780717423,0.000388838782213133,0.00573787185029016
"ENSG00000138316.11","ADAMTS14"," protein_coding","chr10",250.100900306502,1.84110742587078,0.613692103589268,8.33435970034232e-05,0.00184745059214204
"ENSG00000138336.9","TET1"," protein_coding","chr10",87.2624981234006,1.16304869727902,0.627449741810435,0.00135785954582413,0.013932720096879
"ENSG00000138346.15","DNA2"," protein_coding","chr10",274.158923675933,1.16446354742859,0.411121649662134,0.00014590680948403,0.00282101957840929
"ENSG00000138378.19","STAT4"," protein_coding","chr2",123.32653631574,1.66918752991366,0.364107995791831,1.85155910201189e-07,1.67697812286242e-05
"ENSG00000138646.9","HERC5"," protein_coding","chr4",550.633698655551,1.94356010739121,0.468952923673386,1.33256419143706e-06,8.14895724819922e-05
"ENSG00000138675.16","FGF5"," protein_coding","chr4",9.68911044924843,7.18571304904094,1.08601091251273,0.000272664980254578,0.00440157114887605
"ENSG00000138684.9","IL21"," protein_coding","chr4",9.07941121898811,2.28663922468188,1.32257433628111,0.00148741629371229,0.0148658533488899
"ENSG00000138741.11","TRPC3"," protein_coding","chr4",7.63099836030185,1.25260404606358,0.661405034602452,0.00121330945200827,0.0128812722921032
"ENSG00000138755.6","CXCL9"," protein_coding","chr4",4409.39741096903,2.75671032918757,0.848529407413121,3.87043521799812e-05,0.00105680323120734
"ENSG00000138771.16","SHROOM3"," protein_coding","chr4",2468.11263265253,-1.97160411506637,0.44043795439782,2.90817850191285e-07,2.3904441291534e-05
"ENSG00000138792.10","ENPEP"," protein_coding","chr4",224.962044133208,1.44210272183017,0.53381512264375,0.000208977388260729,0.00362350587752198
"ENSG00000138795.10","LEF1"," protein_coding","chr4",762.308207700525,1.33155620838171,0.549074340801235,0.000432829771075693,0.00619979705257449
"ENSG00000138829.12","FBN2"," protein_coding","chr5",901.207518235179,2.98195837582576,0.82420939203265,9.99383673256144e-06,0.000393198650125991
"ENSG00000138944.8","SHISAL1"," protein_coding","chr22",388.070273393015,1.79760327232632,0.61660686703043,0.00011032119280428,0.00227009366492324
"ENSG00000139187.10","KLRG1"," protein_coding","chr12",39.1957471909644,1.20732058741287,0.583309784669714,0.000925382497339655,0.0106928791381425
"ENSG00000139193.4","CD27"," protein_coding","chr12",149.032650212015,2.50714128518147,0.693907989887963,1.03694563120979e-05,0.00040225290155591
"ENSG00000139219.19","COL2A1"," protein_coding","chr12",27.5188200274631,5.01546096861549,0.768350885388493,0.000155506604817178,0.00295958846827586
"ENSG00000139329.5","LUM"," protein_coding","chr12",8349.66324728856,2.0621488419429,0.632351541839222,4.11420320646342e-05,0.00110339737317612
"ENSG00000139618.16","BRCA2"," protein_coding","chr13",463.490341678651,1.35494655067298,0.299981886452525,2.61804095691991e-07,2.18135868252147e-05
"ENSG00000139800.8","ZIC5"," protein_coding","chr13",65.3332419573031,5.36540605019071,0.953120392999813,9.38801505796658e-10,2.46135949963739e-07
"ENSG00000139880.19","CDH24"," protein_coding","chr14",451.408860174335,1.26510270632334,0.275616392000687,1.90407487006787e-07,1.70445510614019e-05
"ENSG00000139908.15","TSSK4"," protein_coding","chr14",35.6126327698573,1.37578849283171,0.293599764112935,1.26775374915707e-07,1.26000636513444e-05
"ENSG00000140022.13","STON2"," protein_coding","chr14",2533.13341778935,1.06736880097769,0.452386108140255,0.000496803785596561,0.00686162285710636
"ENSG00000140057.9","AK7"," protein_coding","chr14",88.6772387358504,-3.47541711797136,0.403999103800934,0.000817974063783995,0.00977103110835139
"ENSG00000140093.10","SERPINA10"," protein_coding","chr14",5.30550070468379,3.03764230274932,1.35931515484188,0.00081873248706801,0.00977122886242894
"ENSG00000140105.18","WARS1"," protein_coding","chr14",21216.4847949403,1.72700473701334,0.706646927867316,0.000411194302247089,0.00597498916112792
"ENSG00000140297.13","GCNT3"," protein_coding","chr15",2347.63677748764,-4.41460792208923,0.611655847008469,2.19017275610687e-14,3.17189162054659e-11
"ENSG00000140323.6","DISP2"," protein_coding","chr15",80.0131165851269,1.39447497658834,0.701857799174347,0.00102972891558189,0.0114967494528605
"ENSG00000140368.13","PSTPIP1"," protein_coding","chr15",248.776316064187,1.44206731798113,0.496207251415432,0.000115499378954348,0.00236377642502574
"ENSG00000140451.13","PIF1"," protein_coding","chr15",152.211605379998,1.63680826468344,0.425770087216858,4.43162375956011e-06,0.000210592145936721
"ENSG00000140557.12","ST8SIA2"," protein_coding","chr15",70.1657501961326,2.27497119016417,0.663981885776896,1.9759023823373e-05,0.000647555163297676
"ENSG00000140678.17","ITGAX"," protein_coding","chr16",465.449196608018,1.13395277232759,0.555135459347922,0.000973403918479947,0.011071104477461
"ENSG00000140807.7","NKD1"," protein_coding","chr16",333.098691622227,1.64778515692239,0.547021391827666,8.22332192490802e-05,0.00182818632823266
"ENSG00000140835.10","CHST4"," protein_coding","chr16",81.2345104057302,-4.37318487128178,1.08765422545549,1.83774246733979e-06,0.000105854662233343
"ENSG00000140853.16","NLRC5"," protein_coding","chr16",2947.94907016227,1.08921560831295,0.398733475590533,0.000192372009732786,0.00342524123161333
"ENSG00000140937.14","CDH11"," protein_coding","chr16",1459.15520213577,1.92927288932859,0.705052751275974,0.000183814033614961,0.00330634514207071
"ENSG00000140968.11","IRF8"," protein_coding","chr16",745.482445343901,1.89774597953327,0.567530564131947,2.80738376763959e-05,0.000829239409650024
"ENSG00000141028.6","CDRT15P1"," unprocessed_pseudogene","chr17",14.1268583946907,1.00793939567584,0.597541356593115,0.00184071688372921,0.017226076958484
"ENSG00000141391.14","PRELID3A"," protein_coding","chr18",75.1334282441677,1.29207324607238,0.333408018158088,3.72011775634589e-06,0.000184567604117043
"ENSG00000141696.13","P3H4"," protein_coding","chr17",928.95605424519,1.27450640695079,0.488808161614288,0.000267936850409451,0.00434600716346807
"ENSG00000141756.19","FKBP10"," protein_coding","chr17",3175.23495046298,2.04999580678412,0.751524474553937,0.000198236974571377,0.00349303656294282
"ENSG00000141854.9","MISP3"," protein_coding","chr19",248.392955832511,-2.07263074589864,0.393082822591614,5.35101299585433e-09,1.03656279135616e-06
"ENSG00000142156.15","COL6A1"," protein_coding","chr21",18084.8824216398,2.11536550221519,0.6168249200348,2.29913605571846e-05,0.00071569728620845
"ENSG00000142173.16","COL6A2"," protein_coding","chr21",21753.6181666636,1.5474640339777,0.725915549306069,0.000839037964879223,0.00991747439792919
"ENSG00000142185.16","TRPM2"," protein_coding","chr21",350.480740246475,1.61105292245482,0.461222352860511,1.66911625689009e-05,0.000572943935900658
"ENSG00000142552.8","RCN3"," protein_coding","chr19",1535.4156636566,2.06441813715457,0.842121163819609,0.000380142061162566,0.00564514673151226
"ENSG00000142657.21","PGD"," protein_coding","chr1",20827.8152261997,-1.2523890012668,0.344565454132835,9.74164127905062e-06,0.000386274493115732
"ENSG00000142765.18","SYTL1"," protein_coding","chr1",4716.88091400414,-1.31363103634082,0.331556974887133,3.14404584289495e-06,0.000163452762769169
"ENSG00000142798.20","HSPG2"," protein_coding","chr1",12314.4522237529,1.22323725001966,0.481098420017207,0.000339587849873278,0.00516911175084885
"ENSG00000142945.13","KIF2C"," protein_coding","chr1",1236.59227010282,1.60976658856189,0.373316519353326,6.3641391706493e-07,4.48038343974438e-05
"ENSG00000143147.14","GPR161"," protein_coding","chr1",1019.96999088248,1.11660793066643,0.540182520420113,0.000949874131986319,0.0108562653048102
"ENSG00000143153.13","ATP1B1"," protein_coding","chr1",14342.5856845367,-1.61909135457296,0.35639803319306,2.15752707642686e-07,1.88554226940718e-05
"ENSG00000143184.5","XCL1"," protein_coding","chr1",39.6198676187506,1.63373822070431,0.644705153699174,0.000313237279272309,0.00488040129310038
"ENSG00000143226.15","FCGR2A"," protein_coding","chr1",837.111915514789,1.21247942138825,0.42012483212794,0.000127707105352331,0.00254852768706065
"ENSG00000143228.13","NUF2"," protein_coding","chr1",504.975667448089,1.11448509944295,0.548107386905972,0.00102901566545499,0.0114930053005812
"ENSG00000143248.13","RGS5"," protein_coding","chr1",2225.82799852832,1.46258615019423,0.605245080605151,0.000439709048940614,0.00627245370798822
"ENSG00000143297.19","FCRL5"," protein_coding","chr1",198.77220925957,2.36481754535603,0.984136033628623,1.25158088536203e-06,7.80006751363019e-05
"ENSG00000143355.16","LHX9"," protein_coding","chr1",19.0976611271273,2.88408660436257,0.918580236429609,5.07845765467651e-05,0.00128709277209731
"ENSG00000143387.14","CTSK"," protein_coding","chr1",3103.33422729188,1.37357094161208,0.710502213599096,0.00120288569821225,0.0128003368578478
"ENSG00000143412.10","ANXA9"," protein_coding","chr1",868.941018631413,-2.35736751845284,0.56656418400903,1.13036809721471e-06,7.22224473541829e-05
"ENSG00000143416.21","SELENBP1"," protein_coding","chr1",2458.63027933655,-2.20166083647311,0.623759096902943,1.34626855850538e-05,0.000488602910598004
"ENSG00000143476.18","DTL"," protein_coding","chr1",950.03416029092,1.73475690542795,0.362369922506974,7.1609965117022e-08,8.00688922464702e-06
"ENSG00000143494.15","VASH2"," protein_coding","chr1",131.903972480977,1.22132642784052,0.896947404706358,0.00261662034531587,0.0222102357136734
"ENSG00000143520.6","FLG2"," protein_coding","chr1",141.780332252575,-3.07063339989313,1.05306974608384,8.86960716909526e-05,0.00193647572446552
"ENSG00000143603.19","KCNN3"," protein_coding","chr1",287.389371310223,1.26640666088172,0.537495972876384,0.000488906233059899,0.00678644694936135
"ENSG00000143702.16","CEP170"," protein_coding","chr1",751.213525662221,1.00007828735857,0.433169632968784,0.0005892017259964,0.0077439032379985
"ENSG00000143819.12","EPHX1"," protein_coding","chr1",6220.5472319042,-1.33863141268531,0.263218608446026,1.20279662848174e-08,1.90524238864663e-06
"ENSG00000143851.15","PTPN7"," protein_coding","chr1",484.494465720349,1.52843006109528,0.550853276633276,0.000170808112688022,0.00315409054716503
"ENSG00000143867.7","OSR1"," protein_coding","chr2",312.572290802485,-1.54676322181588,0.87213036730508,0.00140178284288081,0.0142595036521828
"ENSG00000144366.16","GULP1"," protein_coding","chr2",614.336225961098,-1.05205590921319,0.662602744312169,0.00198320944020077,0.018160583691407
"ENSG00000144395.18","CCDC150"," protein_coding","chr2",67.5352257785231,1.21483705914649,0.533457692416527,0.000585538234267821,0.00770574397178158
"ENSG00000144451.19","SPAG16"," protein_coding","chr2",690.77558673525,-1.03837909561378,0.489583774097196,0.000806616702613486,0.00967717308740984
"ENSG00000144460.12","NYAP2"," protein_coding","chr2",13.6283847121689,-1.84346780817164,0.729323277794828,0.00031903276694612,0.00494129468798599
"ENSG00000144488.15","ESPNL"," protein_coding","chr2",52.7666706608028,1.85354673171362,0.713461600356462,0.00025518110932445,0.00418373211745795
"ENSG00000144655.15","CSRNP1"," protein_coding","chr3",3423.42694680515,-1.46183412290608,0.416372473963681,1.51737909700794e-05,0.00053350347372604
"ENSG00000144713.13","RPL32"," protein_coding","chr3",40477.8680419414,-1.00999779308953,0.341597561880906,9.68487859486144e-05,0.0020684425049545
"ENSG00000144810.16","COL8A1"," protein_coding","chr3",1109.32069012021,2.41194141662341,0.578573161613308,1.13932368960209e-06,7.24900656315235e-05
"ENSG00000145107.16","TM4SF19"," protein_coding","chr3",58.1039914495622,1.9549475681626,1.03243612170486,0.00109535600470572,0.0119917430421581
"ENSG00000145335.17","SNCA"," protein_coding","chr4",413.592290846584,-1.35934213352113,0.572306161054222,0.000447894973773288,0.0063614602645445
"ENSG00000145649.8","GZMA"," protein_coding","chr5",447.890947257229,1.55806861984505,0.55886604387971,0.000163222708158804,0.00306293895511099
"ENSG00000145681.11","HAPLN1"," protein_coding","chr5",56.3741419707654,3.02365315913272,0.822854965013171,7.69064718487321e-06,0.000325759962163717
"ENSG00000145864.14","GABRB2"," protein_coding","chr5",13.7586728633614,-2.03730141353646,0.746548354904763,6.69705476312817e-05,0.00156797624502633
"ENSG00000145911.6","N4BP3"," protein_coding","chr5",1272.08734896,-1.47382478476888,0.409437072050598,1.09998755956831e-05,0.000417651955669799
"ENSG00000146006.8","LRRTM2"," protein_coding","chr5",17.8924397495484,1.86925067039523,0.575187142233147,3.67837044414119e-05,0.00101423644893623
"ENSG00000146070.17","PLA2G7"," protein_coding","chr6",327.134057220766,2.20726770733098,0.725698210363125,7.16710205425002e-05,0.00165131117254474
"ENSG00000146090.16","RASGEF1C"," protein_coding","chr5",12.5651053301505,-1.45367060417744,0.714874191889085,0.000946965665191824,0.010843398635346
"ENSG00000146094.15","DOK3"," protein_coding","chr5",273.311661957423,1.29578405671937,0.46972974316332,0.000178960497282484,0.00324723119335674
"ENSG00000146112.12","PPP1R18"," protein_coding","chr6",4381.01571234549,1.00199259885894,0.285450712072576,1.70399838180802e-05,0.000580983215088871
"ENSG00000146216.13","TTBK1"," protein_coding","chr6",24.4890558329632,2.15678610126799,0.602604814415171,1.31428769891631e-05,0.000479005914408662
"ENSG00000146263.11","MMS22L"," protein_coding","chr6",747.474076643168,1.13530219674515,0.263615493455905,7.4807961022805e-07,5.10119847216719e-05
"ENSG00000146410.12","MTFR2"," protein_coding","chr6",200.653117849805,1.2447275465423,0.358596265230518,1.87418023254025e-05,0.000623626295538805
"ENSG00000146535.14","GNA12"," protein_coding","chr7",3082.60037315598,1.41684779901958,0.318286336580294,3.745027700651e-07,2.92795700411051e-05
"ENSG00000146670.10","CDCA5"," protein_coding","chr11",1682.51257175292,1.64251412165575,0.325749796164286,1.91314555845854e-08,2.79733153218267e-06
"ENSG00000146839.19","ZAN"," protein_coding","chr7",25.0607689112731,4.18375821569281,0.867916829406125,6.16978223639571e-08,7.10763587710237e-06
"ENSG00000147059.8","SPIN2A"," protein_coding","chrX",5.15151563342197,2.12874389649768,0.892824855249153,0.000460760214255276,0.00648754647969709
"ENSG00000147065.17","MSN"," protein_coding","chrX",34225.5781817894,1.04624974333434,0.489056060015167,0.00103281087587245,0.011522721974679
"ENSG00000147119.4","CHST7"," protein_coding","chrX",197.343300061897,1.17600047681714,0.426142633647192,0.000179055230041734,0.00324723119335674
"ENSG00000147138.3","GPR174"," protein_coding","chrX",119.941839741685,2.47667018583909,0.735533616377138,2.47122562101669e-05,0.000758399443107775
"ENSG00000147381.11","MAGEA4"," protein_coding","chrX",264.296094477102,9.11274706683374,1.95711384528978,4.76402768876174e-05,0.00122475379626636
"ENSG00000147434.9","CHRNA6"," protein_coding","chr8",8.69108449689952,2.46013298243209,0.937641688969615,0.00024481764100152,0.00405735117495995
"ENSG00000147485.13","PXDNL"," protein_coding","chr8",30.752845512781,1.55178747230202,0.587833226766414,0.000246580820925923,0.00407138587401373
"ENSG00000147536.12","GINS4"," protein_coding","chr8",281.660178102712,1.0481680296884,0.413239405864953,0.000328195385291364,0.00502841624829534
"ENSG00000147889.18","CDKN2A"," protein_coding","chr9",1071.16084968377,2.32879274820729,0.62022908030659,6.27004379184549e-06,0.000275963591666276
"ENSG00000147896.3","IFNK"," protein_coding","chr9",20.9619041453194,3.81472936583692,1.91231774580541,0.000707339170193811,0.00881689808952935
"ENSG00000148346.12","LCN2"," protein_coding","chr9",38114.6522302253,-2.36388228575694,0.714185896637794,2.80867274549607e-05,0.000829239409650024
"ENSG00000148408.13","CACNA1B"," protein_coding","chr9",74.0184636764085,2.41481850547469,1.19705861086664,0.000837073153453271,0.00990178590418562
"ENSG00000148680.16","HTR7"," protein_coding","chr10",230.040353330492,2.53276859576086,0.688295971922127,8.11068439869947e-06,0.000338103428979043
"ENSG00000148704.13","VAX1"," protein_coding","chr10",12.9607389152245,4.91928711505017,1.05084279317223,1.07130416754422e-07,1.11964170610043e-05
"ENSG00000148773.14","MKI67"," protein_coding","chr10",6379.22485060666,1.16343541096936,0.462387956079863,0.000363410612346551,0.00544529366049459
"ENSG00000148848.14","ADAM12"," protein_coding","chr10",1468.38772203013,4.20096358438737,0.694574579194225,6.16879267429031e-11,2.28794501955111e-08
"ENSG00000149257.16","SERPINH1"," protein_coding","chr11",10446.6300764543,2.193301920518,0.377203275065904,2.5277605653906e-10,8.09229285002362e-08
"ENSG00000149260.18","CAPN5"," protein_coding","chr11",2612.90794803783,-2.16611138018279,0.604955704739058,1.16955179415011e-05,0.00043913060142577
"ENSG00000149305.7","HTR3B"," protein_coding","chr11",53.4361581851355,-3.68269655676437,0.979376594703418,5.15863076757899e-06,0.000235216548027556
"ENSG00000149380.12","P4HA3"," protein_coding","chr11",155.199452307244,3.77900575651533,0.683932180362539,1.27329464586879e-09,3.07338968768313e-07
"ENSG00000149534.9","MS4A2"," protein_coding","chr11",85.8629130271895,1.38591813388815,0.750959954886872,0.00132950092994479,0.0137328634422107
"ENSG00000149554.13","CHEK1"," protein_coding","chr11",868.103300708069,1.14014704661016,0.346851014265419,3.53424649913391e-05,0.000984313541924538
"ENSG00000149557.14","FEZ1"," protein_coding","chr11",992.106427231835,1.74090474340567,0.565023976936321,6.81081169869078e-05,0.00158969467530532
"ENSG00000149609.6","C20orf144"," protein_coding","chr20",6.33370830648783,1.13080582422617,0.523165254805585,0.000943718143602294,0.0108184319266402
"ENSG00000149654.11","CDH22"," protein_coding","chr20",121.088019975128,-2.05791769901098,0.865988729838087,0.000410510396066793,0.00596836707453065
"ENSG00000149781.13","FERMT3"," protein_coding","chr11",861.791318255727,1.10892624060005,0.559545919607937,0.00110737000254939,0.0120797861863468
"ENSG00000149948.14","HMGA2"," protein_coding","chr12",429.17486670688,4.32074019147274,0.700018069250382,3.26802835487759e-05,0.000928858617545349
"ENSG00000149968.12","MMP3"," protein_coding","chr11",6323.29371577361,5.3594296706123,0.849861146782526,1.19055361182968e-11,6.12527810755212e-09
"ENSG00000150276.8","PPIAP26"," processed_pseudogene","chr13",12.3640161729772,4.02238557352641,1.01212531251956,1.71078497457505e-06,0.000100389156038916
"ENSG00000150630.4","VEGFC"," protein_coding","chr4",883.434191865497,2.05543458722839,0.665829851612054,6.45835681166668e-05,0.00153212172943228
"ENSG00000150636.17","CCDC102B"," protein_coding","chr18",85.4357865259281,1.20280126736932,0.422121265265791,0.000137772962567749,0.0027050284768063
"ENSG00000151006.7","PRSS53"," protein_coding","chr16",12.1460404551137,1.68891097456819,0.592576773164869,0.000134353207641984,0.00265502540871713
"ENSG00000151025.11","GPR158"," protein_coding","chr10",94.3793667730558,4.57024553983648,0.812227186743257,5.72292590039894e-10,1.59680133402599e-07
"ENSG00000151365.2","THRSP"," protein_coding","chr11",48.6114161934118,-9.72192495248547,1.17404858977006,2.27238371167996e-05,0.000711672366133332
"ENSG00000151388.11","ADAMTS12"," protein_coding","chr5",681.840226697675,3.8930450014032,0.690625996111744,7.02875102943605e-10,1.92581445998413e-07
"ENSG00000151490.15","PTPRO"," protein_coding","chr12",86.8793344838454,1.16080728278848,0.579960430118353,0.00103353141017722,0.011522721974679
"ENSG00000151498.12","ACAD8"," protein_coding","chr11",889.373521176647,-1.15180789547591,0.227430056971806,0.00365179437204094,0.0279260805222231
"ENSG00000151651.16","ADAM8"," protein_coding","chr10",1104.64578310668,1.24605206850978,0.475148089604778,0.000258672575379536,0.00422503170516532
"ENSG00000151692.15","RNF144A"," protein_coding","chr2",820.43594951403,1.06142333916007,0.270450790222473,3.73407443122129e-06,0.00018465757020607
"ENSG00000151702.17","FLI1"," protein_coding","chr11",620.239081319187,1.24354234919658,0.356323715121557,1.83938983640062e-05,0.000614740253785188
"ENSG00000151729.11","SLC25A4"," protein_coding","chr4",2096.32080421716,-1.40274082509593,0.511029927712548,0.000173535971685617,0.00318897251170676
"ENSG00000151790.9","TDO2"," protein_coding","chr4",184.597189050236,4.27561767236769,0.62700721503694,3.83787887809002e-13,3.64754407247974e-10
"ENSG00000151917.18","BEND6"," protein_coding","chr6",100.197247713068,2.04228041649186,0.43753977607778,1.25588697870947e-07,1.25230461257348e-05
"ENSG00000152192.8","POU4F1"," protein_coding","chr13",22.1321815270487,3.31802185363165,0.986553902103666,2.6397992961633e-05,0.00078872197997661
"ENSG00000152207.7","CYSLTR2"," protein_coding","chr13",58.6516809778242,1.98127243178431,0.47803439898481,1.32217568622241e-06,8.12350083739031e-05
"ENSG00000152234.16","ATP5F1A"," protein_coding","chr18",27004.9942883344,-1.0111531195748,0.169921352686854,6.82056626205917e-11,2.49920339431332e-08
"ENSG00000152377.14","SPOCK1"," protein_coding","chr5",1054.02161506609,2.28231315788459,0.666760063964967,2.10991875521243e-05,0.000677602524839235
"ENSG00000152402.11","GUCY1A2"," protein_coding","chr11",193.085632764498,2.30988115636982,0.481018867785887,6.46629200152141e-08,7.31075608335579e-06
"ENSG00000152495.11","CAMK4"," protein_coding","chr5",169.105503877543,1.90102275521846,0.452643626987457,1.02976002955705e-06,6.66342378274861e-05
"ENSG00000152611.12","CAPSL"," protein_coding","chr5",16.2448723071422,-6.46779479839752,1.24875607855316,0.00750176854591946,0.0463562455093706
"ENSG00000152642.11","GPD1L"," protein_coding","chr3",2160.85047227726,-1.76211048009294,0.287298033771395,3.65978316990871e-11,1.56101314568141e-08
"ENSG00000152689.18","RASGRP3"," protein_coding","chr2",278.499965392838,1.17458641702039,0.338237911670672,1.9045058505956e-05,0.000630950985085448
"ENSG00000152931.9","PART1"," lncRNA","chr5",287.500145329077,-1.51421250972059,0.755494728626138,0.000956952639240268,0.0109207507006432
"ENSG00000153233.13","PTPRR"," protein_coding","chr12",16.7331081192031,1.69221589544028,0.737235303390751,0.000542723209178708,0.0073114112711111
"ENSG00000153317.15","ASAP1"," protein_coding","chr8",2115.7802845525,1.00479514181797,0.255362476775973,3.19146091506221e-06,0.000164791003072644
"ENSG00000153395.10","LPCAT1"," protein_coding","chr5",3108.29270483334,1.39665708711988,0.399601370746898,1.71831864611164e-05,0.00058390195513065
"ENSG00000153404.14","PLEKHG4B"," protein_coding","chr5",287.228234821968,1.7704579374388,0.772245490754486,0.000543686274761331,0.0073114112711111
"ENSG00000153495.11","TEX29"," protein_coding","chr13",46.0926090650876,1.99659629483311,1.01493452505882,0.00093395270413821,0.010763282906766
"ENSG00000153563.16","CD8A"," protein_coding","chr2",884.000152185896,1.54900860150157,0.800059048684117,0.00112468354825787,0.012198645061757
"ENSG00000153707.17","PTPRD"," protein_coding","chr9",403.597758791543,1.86719474409711,0.765934896590412,0.000380729704661268,0.00565111396186586
"ENSG00000153822.14","KCNJ16"," protein_coding","chr17",183.720546687763,-6.58338041475964,1.27202885458918,8.5085965579064e-09,1.48314902338198e-06
"ENSG00000153898.13","MCOLN2"," protein_coding","chr1",144.007955494373,1.16327167879395,0.457529071332223,0.00031185115659971,0.00486625409218418
"ENSG00000154016.14","GRAP"," protein_coding","chr17",18.1239767518837,1.70629956863621,0.413167721985299,1.21425436388085e-06,7.61425112756875e-05
"ENSG00000154451.14","GBP5"," protein_coding","chr1",2892.94888293315,4.11486329310015,0.704787568793523,2.2270296385264e-10,7.2053885528195e-08
"ENSG00000154485.5","MMP21"," protein_coding","chr10",5.78941585963973,1.33463683821488,0.815060632774645,0.00224023607004239,0.0197599476792921
"ENSG00000154864.13","PIEZO2"," protein_coding","chr18",184.218184984546,2.69812863788739,0.559148041839841,5.62823634119881e-08,6.63455627305735e-06
"ENSG00000154898.15","CCDC144CP"," transcribed_processed_pseudogene","chr17",3.7815636999232,2.0758712941935,0.96062898371037,0.00103304213505163,0.011522721974679
"ENSG00000154920.15","EME1"," protein_coding","chr17",90.7255043571528,1.58768953015736,0.293741905462421,2.56271080936442e-09,5.73086204744119e-07
"ENSG00000155011.9","DKK2"," protein_coding","chr4",71.9561340691102,1.09728197251577,0.659437553764612,0.00183962150862572,0.0172254953638651
"ENSG00000155307.19","SAMSN1"," protein_coding","chr21",356.664433747762,1.18243474678893,0.579521814761849,0.000981669350964246,0.0111306688004857
"ENSG00000155465.20","SLC7A7"," protein_coding","chr14",473.934398086434,1.42525440766749,0.529493105093783,0.000214388626633772,0.00369625924139053
"ENSG00000155886.11","SLC24A2"," protein_coding","chr9",49.2674173801863,4.32748291720613,0.673394080062185,5.07800101056313e-12,3.08874489468513e-09
"ENSG00000156049.7","GNA14"," protein_coding","chr9",194.133987929268,-1.86113422474582,0.697275557547917,0.000205879630533387,0.00359253715137388
"ENSG00000156076.10","WIF1"," protein_coding","chr12",405.933833587737,-5.48029062605721,0.857231186177407,6.75794933178368e-12,4.02999045152033e-09
"ENSG00000156103.16","MMP16"," protein_coding","chr8",152.557844171979,1.90514205102812,0.830666521314363,0.000525697528643713,0.00713115028485336
"ENSG00000156150.9","ALX3"," protein_coding","chr1",6.22202319396157,4.4176479841166,1.71487221130559,0.000307636718909052,0.00481531422140042
"ENSG00000156234.7","CXCL13"," protein_coding","chr4",1122.22321029174,4.20505883059782,0.740402193344381,5.48596809595813e-10,1.57185976096547e-07
"ENSG00000156414.19","TDRD9"," protein_coding","chr14",30.6789580694743,3.56452263359908,0.663263229272617,0.000284866033607145,0.00454068693925267
"ENSG00000156453.14","PCDH1"," protein_coding","chr5",5472.94667612352,-1.21947816312801,0.514190635528839,0.000448438791391696,0.0063614602645445
"ENSG00000156509.14","FBXO43"," protein_coding","chr8",28.810796162307,1.75088936659326,0.681940999588969,0.000285200719996944,0.00454126151689374
"ENSG00000156675.16","RAB11FIP1"," protein_coding","chr8",5192.64133486857,-1.24737425883159,0.580515771487129,0.000701157819453675,0.00876822070848875
"ENSG00000156738.18","MS4A1"," protein_coding","chr11",156.269427386857,2.62561739392786,1.02530695186104,0.000258223092527376,0.00422068324980034
"ENSG00000156802.13","ATAD2"," protein_coding","chr8",2050.00509513854,1.20271682049795,0.342497632606621,1.64961361597046e-05,0.000566889253135702
"ENSG00000156970.13","BUB1B"," protein_coding","chr15",701.439516680931,1.16344220518118,0.508267092201749,0.000594826523006982,0.00778754156014263
"ENSG00000157064.11","NMNAT2"," protein_coding","chr1",102.658617390043,1.25373954432132,0.495518875506657,0.000320296413978104,0.00494475880117567
"ENSG00000157150.5","TIMP4"," protein_coding","chr3",199.993105042533,-3.79058411736329,0.805883152660591,8.6383503924005e-08,9.28332687222885e-06
"ENSG00000157227.13","MMP14"," protein_coding","chr14",21797.5338402921,1.33570423891051,0.346669826509603,5.81074459424989e-06,0.000259123424259416
"ENSG00000157330.10","C1orf158"," protein_coding","chr1",12.3839294146715,-8.62046376924089,1.5033591806374,4.21975537544001e-06,0.000202103023989381
"ENSG00000157350.13","ST3GAL2"," protein_coding","chr16",798.604676464645,1.34220402238563,0.340786658119295,3.19986635757419e-06,0.000164944975479498
"ENSG00000157423.18","HYDIN"," protein_coding","chr16",11.7523931294747,-7.34231203448996,0.923389151566253,0.00262707100599579,0.0222799615925581
"ENSG00000157456.8","CCNB2"," protein_coding","chr15",1271.3397612975,1.19489090380728,0.358617274131995,3.27887572986787e-05,0.000929935410951804
"ENSG00000157510.14","AFAP1L1"," protein_coding","chr5",709.291290575137,1.17781080027563,0.357558567531787,3.66675159531107e-05,0.00101369365346266
"ENSG00000157601.14","MX1"," protein_coding","chr21",9008.61099416973,1.48306130500249,0.527364201778392,0.000158308749157833,0.0029960401522636
"ENSG00000157657.14","ZNF618"," protein_coding","chr9",858.711317125941,1.38116982789747,0.427660270693131,4.20290890833053e-05,0.00111980384197588
"ENSG00000157765.13","SLC34A2"," protein_coding","chr4",3144.62652045335,-4.34578038219193,1.41288030398014,4.40952845940367e-05,0.00116311352155979
"ENSG00000157766.19","ACAN"," protein_coding","chr15",54.1011227605884,3.07453803008701,0.507868545255042,5.22252457426337e-11,2.06276155684509e-08
"ENSG00000157833.13","GAREM2"," protein_coding","chr2",249.682435845947,1.08988283839395,0.574179884013867,0.00126172227294916,0.0132594193114038
"ENSG00000157999.6","ANKRD61"," protein_coding","chr7",10.769769110197,1.28143219562107,0.572703478023392,0.000736528512808644,0.00908070378712539
"ENSG00000158079.16","PTPDC1"," protein_coding","chr9",342.118588901076,1.25560541434555,0.298482640144723,1.0132182123441e-06,6.58440288291048e-05
"ENSG00000158402.20","CDC25C"," protein_coding","chr5",180.263327229157,1.46154473852231,0.377696990543333,4.16131981831164e-06,0.000199933996262736
"ENSG00000158423.17","RIBC1"," protein_coding","chrX",50.7402343808271,-2.5032064887931,0.27649176226047,0.000938471365466112,0.0107908240597054
"ENSG00000158486.13","DNAH3"," protein_coding","chr16",89.1415882022671,-3.54166974244837,0.425192091844942,0.00479720941586478,0.0338430828032232
"ENSG00000158714.11","SLAMF8"," protein_coding","chr1",171.335369980557,1.92054548071245,0.56684638925641,2.40644592375551e-05,0.000740012536695413
"ENSG00000158869.11","FCER1G"," protein_coding","chr1",822.182590307723,1.10581895409745,0.507880001843402,0.000736105238614331,0.00908070378712539
"ENSG00000159212.13","CLIC6"," protein_coding","chr21",1078.91148606407,-2.01163649520804,0.725134497014204,0.000150958461709662,0.00288098779068522
"ENSG00000159217.10","IGF2BP1"," protein_coding","chr17",448.069039808599,5.33531539943363,1.30313059078795,1.26025600211351e-06,7.82207465148536e-05
"ENSG00000159387.8","IRX6"," protein_coding","chr16",58.9595938124243,-1.73422088827407,0.66835673581769,0.00500504163130746,0.0348325700533075
"ENSG00000159433.12","STARD9"," protein_coding","chr15",263.739998613005,1.03606219623033,0.42593767321921,0.000416274346416991,0.00603439070428024
"ENSG00000159753.14","CARMIL2"," protein_coding","chr16",134.845462756538,1.75217136135221,0.512125541983051,2.09310324040384e-05,0.000674338441211886
"ENSG00000159921.19","GNE"," protein_coding","chr9",2304.99292392592,-1.0741742401115,0.905685220838883,0.00299603008065592,0.0243762072881189
"ENSG00000160117.16","ANKLE1"," protein_coding","chr19",24.0957985177741,2.78816490657379,0.505519644306408,0.000187004580330334,0.00335538070890056
"ENSG00000160180.15","TFF3"," protein_coding","chr21",2363.0001648381,-4.38459221898098,0.966483325088029,1.83306767835198e-07,1.67414676581738e-05
"ENSG00000160185.15","UBASH3A"," protein_coding","chr21",95.3085865607056,1.12686389912457,0.700166370908932,0.00197914691383931,0.0181543508912781
"ENSG00000160188.10","RSPH1"," protein_coding","chr21",48.9670774519277,-6.47495907075076,0.584568524736772,4.54999820598804e-08,5.60239252788317e-06
"ENSG00000160233.8","LRRC3"," protein_coding","chr21",368.400275730898,1.4145590334252,0.310637347093843,2.22224086558964e-07,1.93100032700508e-05
"ENSG00000160293.17","VAV2"," protein_coding","chr9",2585.32691144769,1.4080355225461,0.358581520314264,3.56108503993063e-06,0.000179013684825472
"ENSG00000160326.14","SLC2A6"," protein_coding","chr9",337.324049702409,2.71526713550523,0.481622162597252,7.30814331908365e-10,1.96692533418842e-07
"ENSG00000160460.16","SPTBN4"," protein_coding","chr19",74.2238389169351,-1.47329619007951,0.434809543486791,2.36003319327247e-05,0.000731658404760403
"ENSG00000160654.11","CD3G"," protein_coding","chr11",276.666423193673,1.32255313064289,0.76909321670637,0.00164000371784322,0.0158626883352061
"ENSG00000160791.13","CCR5"," protein_coding","chr3",502.99612403909,1.64819503336804,0.624789105505474,0.000238083491213127,0.00399811803713052
"ENSG00000160799.11","CCDC12"," protein_coding","chr3",2273.40296157957,-1.30799607170364,0.228933230687533,4.64900190139397e-10,1.37271936725335e-07
"ENSG00000160808.11","MYL3"," protein_coding","chr3",936.802282802554,-3.68072411677575,1.04373378908524,1.16209153655945e-05,0.00043686884921363
"ENSG00000160838.14","LRRC71"," protein_coding","chr1",4.5125948139852,-6.79251206626036,0.739063935448907,0.0042229008636349,0.0310444969702026
"ENSG00000160856.21","FCRL3"," protein_coding","chr1",69.4828974957972,3.52702479181571,0.826073014097228,7.31103320663054e-07,5.01919758269198e-05
"ENSG00000160867.15","FGFR4"," protein_coding","chr5",139.250235757696,1.1643946261679,0.388741678012152,8.77842315939658e-05,0.00192070635645128
"ENSG00000160883.11","HK3"," protein_coding","chr5",120.451902489077,1.80484234508774,0.624181878464602,0.000116221457133229,0.00237224374214289
"ENSG00000160886.13","LY6K"," protein_coding","chr8",447.270380410319,1.25182466659662,0.787747799799162,0.00198375127619019,0.018160583691407
"ENSG00000161133.16","USP41"," protein_coding","chr22",7.88306579586548,1.94081533013405,1.44334793159736,0.00275046268553897,0.0230104335632571
"ENSG00000161405.17","IKZF3"," protein_coding","chr17",803.010399895264,2.06729113283623,0.623467940578488,3.14643316996617e-05,0.000905321400172006
"ENSG00000161638.11","ITGA5"," protein_coding","chr12",5020.64096835484,2.36862186392746,0.47616586720609,3.0798315743358e-08,3.98582628384148e-06
"ENSG00000161791.14","FMNL3"," protein_coding","chr12",1283.96089980976,2.04131333094906,0.30904557551135,1.92305791801887e-12,1.37197777478705e-09
"ENSG00000162062.15","TEDC2"," protein_coding","chr16",247.797579577755,1.15275765762655,0.332658956104359,1.8856544847888e-05,0.000626758577550619
"ENSG00000162063.13","CCNF"," protein_coding","chr16",972.051318753357,1.17251266561851,0.335062222680988,1.68692264697533e-05,0.000576326583662372
"ENSG00000162073.14","PAQR4"," protein_coding","chr16",446.570287488667,1.15616685843939,0.388164616736439,9.95203659859699e-05,0.00210920758935979
"ENSG00000162244.12","RPL29"," protein_coding","chr3",31142.649635391,-1.08763332088616,0.342548837340998,4.36388037666444e-05,0.00115307292698085
"ENSG00000162493.16","PDPN"," protein_coding","chr1",4113.58242997712,2.04617109696648,0.468492409956153,5.02842984775199e-07,3.73953631485851e-05
"ENSG00000162624.14","LHX8"," protein_coding","chr1",56.768096483253,2.21262323328729,0.70044345296881,4.5706501415785e-05,0.00119217137869491
"ENSG00000162631.19","NTNG1"," protein_coding","chr1",133.421325372764,2.93466785162881,1.11152948391503,0.000195476642046676,0.00345714634312968
"ENSG00000162639.16","HENMT1"," protein_coding","chr1",336.180128039791,1.01116173723446,0.471547886977149,0.000795760094482344,0.00959613471589672
"ENSG00000162641.20","AKNAD1"," protein_coding","chr1",16.4003469748761,1.97174253370292,0.646664168548447,7.20205370496054e-05,0.00165752948501411
"ENSG00000162676.12","GFI1"," protein_coding","chr1",169.170805339992,2.30989229588374,0.663557509784539,1.67797545605922e-05,0.000574687697580282
"ENSG00000162739.14","SLAMF6"," protein_coding","chr1",227.329248865987,1.50380963121952,0.832614710642394,0.00143475372182107,0.0145111955243579
"ENSG00000162745.10","OLFML2B"," protein_coding","chr1",1117.31396101973,2.0682135131585,0.486383964450397,8.31887281405281e-07,5.51202350531129e-05
"ENSG00000162849.16","KIF26B"," protein_coding","chr1",795.275132813797,2.13855398567134,0.53372415374503,2.31696839358008e-06,0.000126965693250362
"ENSG00000162888.4","C1orf147"," lncRNA","chr1",6.20322401137991,1.39478241586942,0.656126611661594,0.00102158105604972,0.0114351654978432
"ENSG00000162892.16","IL24"," protein_coding","chr1",294.821377505598,4.90606423194967,0.877532936779818,6.00940940641459e-08,6.94920791928847e-06
"ENSG00000162896.6","PIGR"," protein_coding","chr1",34878.19289437,-5.5059500410886,1.48610836539561,4.6183121522858e-06,0.000215755341762624
"ENSG00000163064.7","EN1"," protein_coding","chr2",139.192138180583,2.93742797103191,1.05170663807829,0.000134507772175324,0.00265635381504424
"ENSG00000163071.11","SPATA18"," protein_coding","chr4",539.069539082692,-2.6408647552321,0.472928778487452,9.61267981906147e-05,0.00205735701152088
"ENSG00000163297.17","ANTXR2"," protein_coding","chr4",1341.98046415948,1.2492719948744,0.461414591370953,0.000209365540408444,0.00362816762418347
"ENSG00000163359.16","COL6A3"," protein_coding","chr2",19689.240897556,3.30804363091529,0.637479339025001,8.99001653105881e-09,1.52744900982733e-06
"ENSG00000163364.10","LINC01116"," lncRNA","chr2",107.211460128754,2.86409179007785,0.548358500283951,6.25496792699812e-09,1.14597794917948e-06
"ENSG00000163453.11","IGFBP7"," protein_coding","chr4",4331.30614060004,1.07240449012744,0.404216916146647,0.000258267567417829,0.00422068324980034
"ENSG00000163462.18","TRIM46"," protein_coding","chr1",61.9890725111547,1.47205050163714,0.639261525992424,0.000550698363628082,0.00736516681311383
"ENSG00000163464.8","CXCR1"," protein_coding","chr2",95.1939573889863,1.61635039292606,0.880413579581361,0.00130047783373469,0.0135357400264795
"ENSG00000163507.14","CIP2A"," protein_coding","chr3",484.27870340381,1.09207822484455,0.42844939858667,0.000315348395926851,0.00490072726339708
"ENSG00000163508.13","EOMES"," protein_coding","chr3",110.389802750891,2.92383136018523,0.607082811236539,5.86410163108222e-08,6.85942011177321e-06
"ENSG00000163518.11","FCRL4"," protein_coding","chr1",3.90486294540702,4.82285975310495,1.07757156770508,0.00381570550882191,0.0288315656247952
"ENSG00000163534.15","FCRL1"," protein_coding","chr1",13.9548791675873,1.69393942141311,1.95757501867064,0.00338528744788497,0.0265685127839005
"ENSG00000163564.15","PYHIN1"," protein_coding","chr1",82.1267916134209,1.61082502580912,0.646851151317465,0.000347855233168985,0.00526641580582901
"ENSG00000163568.15","AIM2"," protein_coding","chr1",516.894947130837,3.59972254778588,0.671646864557343,3.34590467081291e-09,7.06659713565506e-07
"ENSG00000163577.8","EIF5A2"," protein_coding","chr3",363.287813984048,1.46517217326172,0.377461182776083,3.98299904878668e-06,0.000193197687513157
"ENSG00000163599.17","CTLA4"," protein_coding","chr2",198.946645866972,2.94322446344577,0.513570537230375,4.37110698169812e-10,1.34281289529682e-07
"ENSG00000163600.13","ICOS"," protein_coding","chr2",149.802145842557,2.87345933573138,0.550538482675298,7.76480498946152e-09,1.38100008271633e-06
"ENSG00000163623.9","NKX6-1"," protein_coding","chr4",14.9277262204285,1.62771698012086,1.26631115254353,0.00241821837739411,0.0209411376741706
"ENSG00000163673.7","DCLK3"," protein_coding","chr3",32.6056933951469,1.33574545068605,0.696323755960354,0.00122154881225609,0.0129310699711606
"ENSG00000163704.12","PRRT3"," protein_coding","chr3",258.043197522409,-1.61611567102267,0.596155835657777,0.000189215911067975,0.00338706504020619
"ENSG00000163751.4","CPA3"," protein_coding","chr3",749.220174420485,1.25995503989179,0.738316827932786,0.00172588975391465,0.0164459706055004
"ENSG00000163823.4","CCR1"," protein_coding","chr3",409.881843330944,1.2504947504009,0.629435143475521,0.00107942493593434,0.0118866154287298
"ENSG00000163825.4","RTP3"," protein_coding","chr3",12.9600553678371,4.38656153686363,1.40796616003033,1.13724773410506e-05,0.000429120537684083
"ENSG00000163872.16","YEATS2"," protein_coding","chr3",2309.02071594746,1.22766660794459,0.292549925265007,1.19121979035186e-06,7.50073860951785e-05
"ENSG00000163888.4","CAMK2N2"," protein_coding","chr3",59.7628513055714,1.31184516184119,0.626685933679478,0.000844839008469379,0.00996678350634647
"ENSG00000163909.8","HEYL"," protein_coding","chr1",396.669700980781,1.89911360347559,0.514484156428346,8.07574847199423e-06,0.000337373266866429
"ENSG00000163918.11","RFC4"," protein_coding","chr3",1144.36520521372,1.44003028171663,0.444968120727592,4.20430704660012e-05,0.00111980384197588
"ENSG00000163923.10","RPL39L"," protein_coding","chr3",614.223037835102,1.09459810216103,0.59474123508738,0.00139300599223569,0.0141975506842708
"ENSG00000164061.5","BSN"," protein_coding","chr3",54.6634444720094,1.1623240519697,2.06486486846194,0.00402158478624698,0.0299903571132563
"ENSG00000164076.17","CAMKV"," protein_coding","chr3",4.85602899255264,1.47706702029335,1.59084995995349,0.00369037614890611,0.028129175392652
"ENSG00000164220.7","F2RL2"," protein_coding","chr5",597.056691509226,3.71792308090498,0.566511890662676,2.24315037913578e-12,1.51602072179237e-09
"ENSG00000164294.14","GPX8"," protein_coding","chr5",800.969200697947,1.10832007398785,0.392368494123649,0.000150120054055189,0.00287687536482701
"ENSG00000164362.21","TERT"," protein_coding","chr5",16.6502970234454,1.85837393437102,0.56145229867974,3.23592896316617e-05,0.000924078005227913
"ENSG00000164400.6","CSF2"," protein_coding","chr5",78.498286923752,5.91815412497319,0.83366700708087,6.18976471512513e-14,8.18475279483046e-11
"ENSG00000164430.16","CGAS"," protein_coding","chr6",697.546542477741,1.3734429123666,0.308383221445487,3.60188447175068e-07,2.84530162180139e-05
"ENSG00000164465.19","DCBLD1"," protein_coding","chr6",1756.73974285338,2.08284479402522,0.540598237759908,4.35587725336019e-06,0.000207641528066526
"ENSG00000164483.17","SAMD3"," protein_coding","chr6",35.5997747539261,1.90623191566971,0.555993180005756,2.13515151627493e-05,0.000681388909385829
"ENSG00000164484.12","TMEM200A"," protein_coding","chr6",318.874420063485,2.69132738134318,0.658087174801173,1.57910285154168e-06,9.41671667136021e-05
"ENSG00000164485.15","IL22RA2"," protein_coding","chr6",70.1518808826013,3.05853210903064,0.843834378389675,9.69230343998803e-06,0.000384819875352945
"ENSG00000164692.18","COL1A2"," protein_coding","chr7",64446.625232487,3.38455209706476,0.626421963856372,3.13801219511349e-09,6.67387167062843e-07
"ENSG00000164694.17","FNDC1"," protein_coding","chr6",1009.25709250745,4.169420401914,0.595339682655832,1.07511694491672e-13,1.25759737099047e-10
"ENSG00000164744.13","SUN3"," protein_coding","chr7",22.272380575439,4.87645515214198,1.10740955770136,4.80442835290554e-07,3.59010023333946e-05
"ENSG00000164761.9","TNFRSF11B"," protein_coding","chr8",145.275949892029,1.66644479825823,0.451058165623027,7.97309781552275e-06,0.000333958888053549
"ENSG00000164778.4","EN2"," protein_coding","chr7",35.6375844197824,2.81868084688179,0.590826228188784,7.54402536366262e-08,8.37359282427268e-06
"ENSG00000164879.7","CA3"," protein_coding","chr8",872.205193290988,-3.02595199092369,0.799044878765789,4.75566547104274e-06,0.000220143156728802
"ENSG00000164932.13","CTHRC1"," protein_coding","chr8",1296.91563038857,4.22923241659487,0.613062782896684,2.28729485346601e-13,2.39874132339523e-10
"ENSG00000164933.12","SLC25A32"," protein_coding","chr8",3.72480573966242,1.07649427196483,1.72591726110106,0.00466826128479074,0.0331486879417093
"ENSG00000164972.13","C9orf24"," protein_coding","chr9",30.4424264583724,-6.01886074015866,0.629873708689796,3.84026301653694e-05,0.00105219746956701
"ENSG00000165029.17","ABCA1"," protein_coding","chr9",2568.63827160583,1.15812014905355,0.329601887935368,1.62230547011155e-05,0.000560802385211937
"ENSG00000165078.13","CPA6"," protein_coding","chr8",51.3804730853641,1.57950907487282,0.677917972483855,0.000500117267494164,0.00688871944984802
"ENSG00000165168.8","CYBB"," protein_coding","chrX",1516.94510034265,1.73834606447642,0.629089700440887,0.00017933596780985,0.00325038426042967
"ENSG00000165269.13","AQP7"," protein_coding","chr9",121.262739189442,-4.31941372763814,0.660471059706189,2.2051020579653e-12,1.51602072179237e-09
"ENSG00000165304.8","MELK"," protein_coding","chr9",1025.28045184131,1.25278388684412,0.470589818552243,0.000232430559341126,0.00392717255624538
"ENSG00000165309.14","ARMC3"," protein_coding","chr10",14.0239339176838,-7.41109789273856,1.10576819033051,0.00207204702087212,0.018727241024007
"ENSG00000165490.13","DDIAS"," protein_coding","chr11",494.666471247719,1.1123384985564,0.367013277428586,8.44660520703416e-05,0.00186690846047623
"ENSG00000165521.15","EML5"," protein_coding","chr14",60.0281901657463,1.87143698947552,0.826717869032192,0.000563838070427793,0.00749690164481285
"ENSG00000165556.10","CDX2"," protein_coding","chr13",29.7843983343271,4.63772272176157,1.64792700040088,0.000118106076540756,0.00239623756226418
"ENSG00000165807.8","PPP1R36"," protein_coding","chr14",53.995730999142,-1.21185743993139,1.11802493996493,0.0031987070023122,0.0254598995187964
"ENSG00000165891.16","E2F7"," protein_coding","chr12",608.695372592316,2.08381855759573,0.444371094773888,1.10231314705156e-07,1.14029420888704e-05
"ENSG00000165929.13","TC2N"," protein_coding","chr14",2922.89483013769,-1.00084535942982,0.430400180948264,0.000515880065910756,0.00704827513231977
"ENSG00000165949.12","IFI27"," protein_coding","chr14",21100.1099880697,1.688663022251,0.698590431827418,0.000441409904619234,0.00629081510271076
"ENSG00000166073.11","GPR176"," protein_coding","chr15",529.220108171666,2.39668923879961,0.553808186891182,5.72134063247808e-07,4.16275436975014e-05
"ENSG00000166147.14","FBN1"," protein_coding","chr15",5627.17019019311,1.67289691045979,0.671256059676874,0.000352738228442017,0.00530555279011229
"ENSG00000166148.4","AVPR1A"," protein_coding","chr12",168.755444858762,1.5980481082172,0.626099857075331,0.000301329594200133,0.00473609144620601
"ENSG00000166278.15","C2"," protein_coding","chr6",320.548427895519,1.21776735323228,0.752739303314855,0.00192905133351462,0.0179030327147331
"ENSG00000166341.8","DCHS1"," protein_coding","chr11",534.473538881045,1.60541400642153,0.592179938201511,0.000197477112835602,0.00348166459864879
"ENSG00000166342.19","NETO1"," protein_coding","chr18",9.23574031748523,2.99846094739589,0.75022445167116,3.10942452183496e-06,0.000161929671203025
"ENSG00000166347.19","CYB5A"," protein_coding","chr18",1966.24280957869,-1.71676009890369,0.540879066553443,4.69435453956614e-05,0.00121402554942028
"ENSG00000166349.10","RAG1"," protein_coding","chr11",102.913413454136,1.44277187396223,0.639463661220109,0.000610882624865733,0.00792117653633582
"ENSG00000166501.14","PRKCB"," protein_coding","chr16",363.63467393255,1.05581773995402,0.725426712205658,0.00241766001908947,0.0209411376741706
"ENSG00000166508.18","MCM7"," protein_coding","chr7",8937.86133920846,1.05001986501406,0.384432321288793,0.000211254071153981,0.00365107082596441
"ENSG00000166523.8","CLEC4E"," protein_coding","chr12",55.0583268317763,1.01220371915083,1.25688662122012,0.00379923501797378,0.0287431510020263
"ENSG00000166670.10","MMP10"," protein_coding","chr11",8142.08040185184,2.91332595856088,1.2727299724895,0.000522305534196358,0.00709446740027553
"ENSG00000166707.12","ZCCHC18"," protein_coding","chrX",15.0565731230385,2.18105021437001,0.725268995427442,8.86449348974266e-05,0.00193647572446552
"ENSG00000166816.15","LDHD"," protein_coding","chr16",754.606968841628,-2.2342525165637,0.559739770281889,2.29997932656914e-06,0.000126490544772057
"ENSG00000166845.15","C18orf54"," protein_coding","chr18",231.460018350257,1.64622817203913,0.317387586935002,9.0717861123017e-09,1.53277906129684e-06
"ENSG00000166851.15","PLK1"," protein_coding","chr16",1429.12106114232,1.59539831713571,0.380892920410195,1.09896272585824e-06,7.08109181812004e-05
"ENSG00000166881.10","NEMP1"," protein_coding","chr12",1065.08626370427,1.3583871839289,0.28988649108317,1.1905050147528e-07,1.19890162296943e-05
"ENSG00000166920.13","C15orf48"," protein_coding","chr15",813.736240925856,-2.09758648965392,0.661820893956166,4.63473151445107e-05,0.00120223733160024
"ENSG00000166922.8","SCG5"," protein_coding","chr15",172.423502263477,2.78917537985834,0.814021323499341,1.94868895071064e-05,0.00064001595094992
"ENSG00000166923.12","GREM1"," protein_coding","chr15",2014.05931334924,2.35710724093375,0.76052004835846,6.0171459194188e-05,0.00146516780502229
"ENSG00000166928.11","MS4A14"," protein_coding","chr11",27.8059382182638,1.30903353112178,0.475056308614916,0.000172966377191521,0.00318042710370359
"ENSG00000166979.13","EVA1C"," protein_coding","chr21",1762.3401610387,-1.71367876137245,0.284201917372014,5.64829141882618e-11,2.17444920152861e-08
"ENSG00000167100.15","SAMD14"," protein_coding","chr17",36.6900032946927,1.87137419126607,0.431594046787616,5.16522514376569e-07,3.81286389071228e-05
"ENSG00000167123.19","CERCAM"," protein_coding","chr9",2167.73477331783,1.3541559048576,0.775373212727462,0.00158736004332994,0.0155329411189811
"ENSG00000167178.16","ISLR2"," protein_coding","chr15",57.8008464249928,2.17324393440599,0.467706361250547,1.22440828692864e-07,1.22897456205811e-05
"ENSG00000167183.3","PRR15L"," protein_coding","chr17",518.267310853235,-2.75208515835218,0.878781042646302,4.86678612931424e-05,0.00124560707466377
"ENSG00000167202.11","TBC1D2B"," protein_coding","chr15",1883.55385569014,1.02995837645821,0.261076376345775,3.05704463588502e-06,0.00015974896651404
"ENSG00000167208.15","SNX20"," protein_coding","chr16",329.54789054268,1.32984446057741,0.552029332898002,0.000434092754879199,0.00620106291880746
"ENSG00000167286.10","CD3D"," protein_coding","chr11",356.135763959668,1.04663740977152,0.643624156814343,0.00193947514611726,0.0179614060958783
"ENSG00000167483.19","NIBAN3"," protein_coding","chr19",23.227547698415,1.39365080465947,0.847981415707359,0.00186211505353073,0.0174039659259466
"ENSG00000167578.18","RAB4B"," protein_coding","chr19",19.2250823436222,1.31166615680633,0.504613792790597,0.000277198829212809,0.00445735004840558
"ENSG00000167601.12","AXL"," protein_coding","chr19",1974.17240917398,1.14896661028742,0.463000888249389,0.000382469008549716,0.00567096890875283
"ENSG00000167618.10","LAIR2"," protein_coding","chr19",19.6608914286907,3.20292325417464,0.642776127257364,2.53591302321643e-08,3.41514908627657e-06
"ENSG00000167619.13","TMEM145"," protein_coding","chr19",28.5179225939264,1.74892082069742,0.942612275990934,0.00125053943288737,0.013173763689783
"ENSG00000167634.12","NLRP7"," protein_coding","chr19",28.417580819205,4.11817021866187,0.694033641586478,2.05313091368277e-10,6.71417962127247e-08
"ENSG00000167861.16","HID1"," protein_coding","chr17",874.21346878266,-1.58336681503624,0.830578338040092,0.00111806413640302,0.0121528536742048
"ENSG00000167889.13","MGAT5B"," protein_coding","chr17",35.3898345264913,3.41434506633513,0.561341645222715,0.000533154402486543,0.00720979317155324
"ENSG00000167895.15","TMC8"," protein_coding","chr17",639.560937284956,1.38849758756395,0.391095447548918,1.37913513373507e-05,0.00049696252159105
"ENSG00000167900.12","TK1"," protein_coding","chr17",3882.46880541216,1.1580603167382,0.388357858183791,0.000103814696052758,0.002181973981377
"ENSG00000167912.6","AC090152.1"," lncRNA","chr8",43.6950522577327,1.28117051182357,0.709326310233535,0.00146649998384613,0.0146906007933835
"ENSG00000167941.3","SOST"," protein_coding","chr17",10.455360731547,4.16161713055263,1.02829714592582,2.21376587108276e-06,0.000123342119368031
"ENSG00000167984.18","NLRC3"," protein_coding","chr16",240.644624201352,1.1863873994334,0.623425693125812,0.00124385799292162,0.0131170087166176
"ENSG00000168005.9","SPINDOC"," protein_coding","chr11",941.759594426328,1.02341464169128,0.310805393731324,3.86421691110928e-05,0.00105680323120734
"ENSG00000168040.5","FADD"," protein_coding","chr11",221.102884963805,1.27812850843452,0.371672960041847,2.13175605544328e-05,0.000681388909385829
"ENSG00000168062.10","BATF2"," protein_coding","chr11",844.86089075358,2.43518600465176,0.815228384512347,8.34034676950982e-05,0.00184745059214204
"ENSG00000168067.12","MAP4K2"," protein_coding","chr11",896.182261380737,1.04895218057373,0.365327564754122,0.000133824424902585,0.00264929949009973
"ENSG00000168273.8","SMIM4"," protein_coding","chr3",388.461308539425,-1.30875764974688,0.259074536757753,1.75485933414696e-08,2.60292032278824e-06
"ENSG00000168282.6","MGAT2"," protein_coding","chr14",12.5290860158981,1.15172045827725,0.520667077294054,0.00075334884174139,0.00923110327311881
"ENSG00000168309.18","FAM107A"," protein_coding","chr3",832.053859765029,-2.2151930248373,0.634452328014976,1.55390043689265e-05,0.000543204298703635
"ENSG00000168394.11","TAP1"," protein_coding","chr6",10660.1397515132,1.23303171001437,0.510854878041969,0.000486520449695602,0.00675641389798737
"ENSG00000168447.11","SCNN1B"," protein_coding","chr16",4331.00445335168,-1.82553559147073,0.694494177611222,0.000226364613661372,0.00385682184609709
"ENSG00000168487.20","BMP1"," protein_coding","chr8",2541.89671149342,1.45725777457172,0.338235101744659,6.90322106720463e-07,4.75849293155808e-05
"ENSG00000168496.4","FEN1"," protein_coding","chr11",2239.34140822389,1.04470693533314,0.274988006777011,5.93842654597532e-06,0.000263657469405471
"ENSG00000168502.17","MTCL1"," protein_coding","chr18",1223.57154942776,1.0514550018635,0.465244094898337,0.000651936013349529,0.00830698653140359
"ENSG00000168505.7","GBX2"," protein_coding","chr2",18.8771446161896,5.28504634785871,1.06590982932656,1.40850517685888e-08,2.19676245865687e-06
"ENSG00000168542.16","COL3A1"," protein_coding","chr2",71392.7439944018,3.77167181094152,0.659655993091268,4.54798019944434e-10,1.35721256179015e-07
"ENSG00000168685.15","IL7R"," protein_coding","chr5",2151.17103908448,1.98355385756564,0.693072018358279,0.00012604989440244,0.0025237362991846
"ENSG00000168779.20","SHOX2"," protein_coding","chr3",148.368460344119,4.16321486611036,0.489283753910314,6.29294070063834e-19,4.78468013821285e-15
"ENSG00000168995.13","SIGLEC7"," protein_coding","chr19",33.7328762191113,1.00566149322812,1.13399782282048,0.00382121824914884,0.0288660483386398
"ENSG00000169020.10","ATP5ME"," protein_coding","chr4",468.121872482556,-1.09081676314671,0.513599940709099,0.000793936789360466,0.00958698424042905
"ENSG00000169031.20","COL4A3"," protein_coding","chr2",45.2748187488263,1.19743414259001,0.911354944333119,0.00271302876783012,0.0228057888103973
"ENSG00000169071.15","ROR2"," protein_coding","chr9",537.121422338466,1.97623312672197,0.677000902407809,0.000106878324882603,0.00222483948983888
"ENSG00000169174.11","PCSK9"," protein_coding","chr1",993.556128217814,1.29007178372532,1.59242657261716,0.00368183574603976,0.0280922404777489
"ENSG00000169184.6","MN1"," protein_coding","chr22",1353.5650777604,1.41210321707683,0.540181452851375,0.000268213031781277,0.00434675287205908
"ENSG00000169224.13","GCSAML"," protein_coding","chr1",17.4332187361897,1.24290299236533,0.970713180932299,0.00294202110610784,0.0240655427380467
"ENSG00000169245.6","CXCL10"," protein_coding","chr4",3947.80096723988,3.39730255420339,0.765012102604041,3.43740663476964e-07,2.75836010509892e-05
"ENSG00000169248.13","CXCL11"," protein_coding","chr4",1383.73226019814,4.18051699934756,0.902995941542652,1.31619422419674e-07,1.29244292419315e-05
"ENSG00000169258.7","GPRIN1"," protein_coding","chr5",542.842907560442,1.26869027947429,0.49853933346104,0.000315349464191894,0.00490072726339708
"ENSG00000169427.8","KCNK9"," protein_coding","chr8",15.6779400629275,2.37341423047589,0.801020779643762,9.70615601849956e-05,0.0020715320911623
"ENSG00000169436.17","COL22A1"," protein_coding","chr8",1062.23197455526,4.56247888714194,0.941830589941252,4.6542012084318e-08,5.63937136860703e-06
"ENSG00000169495.5","HTRA4"," protein_coding","chr8",11.7549266090406,2.92091968471831,0.955724783246403,7.23827701160697e-05,0.00166125954992518
"ENSG00000169504.15","CLIC4"," protein_coding","chr1",6749.47668669601,1.06902482009582,0.385954781267519,0.000183223006764603,0.00330116191038618
"ENSG00000169607.13","CKAP2L"," protein_coding","chr2",661.627958237418,1.04951033473956,0.532880068629297,0.00111752501857638,0.0121528420237642
"ENSG00000169679.15","BUB1"," protein_coding","chr2",967.481503242986,1.11301051183346,0.384752667254228,0.000129475839209205,0.00257033204821773
"ENSG00000169682.18","SPNS1"," protein_coding","chr16",8.55894556085237,1.16048982607717,0.486177357791237,0.000495631890167822,0.00685166030712454
"ENSG00000169826.8","CSGALNACT2"," protein_coding","chr10",911.505897450509,1.20834699172192,0.250368512120296,5.81532834654441e-08,6.82863247117588e-06
"ENSG00000169856.9","ONECUT1"," protein_coding","chr15",3.25225345987691,3.03687762127161,1.15998215435632,0.000387623619783661,0.00572309163003893
"ENSG00000169896.18","ITGAM"," protein_coding","chr16",427.647687893644,1.44872366490951,0.689909863777121,0.000835319679958152,0.00989476239443665
"ENSG00000169908.12","TM4SF1"," protein_coding","chr3",15973.8598246251,-1.34108357246899,0.427774218232409,5.44558705139005e-05,0.0013586270631167
"ENSG00000169994.18","MYO7B"," protein_coding","chr2",69.9118166890194,2.62960495206021,0.719394539068971,8.30278707562163e-06,0.000344492037286331
"ENSG00000170122.5","FOXD4"," protein_coding","chr9",11.3428587389402,1.96090823046166,0.662689828524947,0.000109511834029195,0.00225649282407174
"ENSG00000170128.5","GPR25"," protein_coding","chr1",45.0682053671786,2.74598762831951,0.899334201984695,6.85694093707826e-05,0.00159923423864541
"ENSG00000170160.17","CCDC144A"," protein_coding","chr17",12.4819664742756,2.73543326354931,0.780800794294712,2.01563407757523e-05,0.000658447682076213
"ENSG00000170166.6","HOXD4"," protein_coding","chr2",24.8287172738786,2.84841320939207,0.757519335450728,6.40726471322691e-06,0.000280784065883818
"ENSG00000170178.7","HOXD12"," protein_coding","chr2",6.52726742577681,8.04945276802391,2.99006809842246,7.96847311436567e-06,0.000333958888053549
"ENSG00000170214.5","ADRA1B"," protein_coding","chr5",10.7479722586782,1.47194094950793,0.787021557766917,0.00128260191165841,0.0134083900963131
"ENSG00000170442.12","KRT86"," protein_coding","chr12",62.9707449111187,1.14521204108274,1.18843894275283,0.00358663621827561,0.0275607077956643
"ENSG00000170545.17","SMAGP"," protein_coding","chr12",1866.10021367485,-1.18440967052618,0.378911091555578,5.67475678012842e-05,0.001404282977657
"ENSG00000170581.14","STAT2"," protein_coding","chr12",5734.54044901148,1.12579596582121,0.307979183444338,1.13475605621486e-05,0.000428712247672827
"ENSG00000170689.10","HOXB9"," protein_coding","chr17",47.8275292130171,5.10594461265827,1.04359978581904,4.43441259576995e-08,5.49913606709283e-06
"ENSG00000170858.10","LILRP2"," transcribed_processed_pseudogene","chr19",6.87558967170206,2.03905503145778,0.896464550208794,0.00067409559777088,0.00851735330910086
"ENSG00000170955.10","CAVIN3"," protein_coding","chr11",230.448959274643,1.6835157748321,0.514865363428238,3.5605116535767e-05,0.000988911789225828
"ENSG00000170961.7","HAS2"," protein_coding","chr8",762.268128964136,1.90265438323938,1.01192616697764,0.00119090376975293,0.012704375978406
"ENSG00000170965.10","PLAC1"," protein_coding","chrX",62.7690665746691,3.81204629157026,0.942036434587554,1.67852596192686e-06,9.89321900776772e-05
"ENSG00000171049.9","FPR2"," protein_coding","chr19",36.0675878707026,1.16240791397217,1.34108821529723,0.00375300351036648,0.0284851748841467
"ENSG00000171121.16","KCNMB3"," protein_coding","chr3",28.7477204559494,1.52954822190716,0.653378938816453,0.000503782770636033,0.00691717625433574
"ENSG00000171241.9","SHCBP1"," protein_coding","chr16",671.62658025797,1.05705654934601,0.491913960339579,0.000812885657742718,0.00974085559847489
"ENSG00000171310.11","CHST11"," protein_coding","chr12",1478.06032770948,1.68298722739481,0.438123879103689,4.75222862582035e-06,0.000220143156728802
"ENSG00000171476.22","HOPX"," protein_coding","chr4",20273.8882665124,-1.80234206546787,0.935556691971386,0.00102852980827739,0.0114917990665467
"ENSG00000171488.15","LRRC8C"," protein_coding","chr1",1228.25875111914,1.40866023576083,0.399319086467,1.50960929676909e-05,0.000531385966928685
"ENSG00000171502.15","COL24A1"," protein_coding","chr1",54.5920396813314,1.91357716176777,0.650022420527358,0.00010282230152658,0.00217011426532122
"ENSG00000171509.16","RXFP1"," protein_coding","chr4",5.61694502714932,1.36256191231076,0.833919470837229,0.00205697210011669,0.018635297134599
"ENSG00000171533.11","MAP6"," protein_coding","chr11",247.744515059894,-2.92579231753639,0.882267345046153,2.6400518712925e-05,0.00078872197997661
"ENSG00000171587.15","DSCAM"," protein_coding","chr21",57.3442468819491,2.29894690288814,1.42223795480144,0.00155814906722992,0.0153834888528537
"ENSG00000171608.16","PIK3CD"," protein_coding","chr1",1492.23339916766,1.38940125190087,0.262924671690015,6.5304220575916e-09,1.18220075022341e-06
"ENSG00000171766.17","GATM"," protein_coding","chr15",1764.67754782399,-1.57451440258489,0.663933685662979,0.000432045809135048,0.00619510098690439
"ENSG00000171811.14","CFAP46"," protein_coding","chr10",50.8466397299102,-2.97811961410929,0.592920926552137,0.0038822593570726,0.0292255331254082
"ENSG00000171812.13","COL8A2"," protein_coding","chr1",1151.05474904449,1.03730340402588,0.654326251452636,0.00207400413786613,0.0187393606194066
"ENSG00000171864.5","PRND"," protein_coding","chr20",17.067515535586,2.01428303161436,0.726589131007827,0.000136464597932004,0.00268280401868521
"ENSG00000172061.9","LRRC15"," protein_coding","chr3",1193.8272627621,3.82170581836642,0.826036237908296,1.36922001758502e-07,1.32404772021952e-05
"ENSG00000172116.23","CD8B"," protein_coding","chr2",155.702643677833,1.22413404648941,1.08712657384614,0.00318227665309826,0.0253689593317634
"ENSG00000172123.13","SLFN12"," protein_coding","chr17",234.288841103315,1.08442648378832,0.286488263663332,5.78829573320763e-06,0.000258501377583031
"ENSG00000172156.4","CCL11"," protein_coding","chr17",93.2947884707906,4.72005780756718,0.791303818484363,8.57127135440085e-11,3.03114041513248e-08
"ENSG00000172167.8","MTBP"," protein_coding","chr8",291.462451247106,1.70062292341259,0.362263874897052,1.08231412396194e-07,1.12727463876899e-05
"ENSG00000172201.12","ID4"," protein_coding","chr6",1697.28574881604,-1.4072737410788,0.452946135337683,5.95992837048028e-05,0.00146230132399187
"ENSG00000172322.14","CLEC12A"," protein_coding","chr12",45.4880222061301,2.61541111058035,0.562602520602608,1.40072203113255e-07,1.34385360040486e-05
"ENSG00000172478.18","MAB21L4"," protein_coding","chr2",6250.75469371468,-1.96760988310595,1.0373499248606,0.00105002708803122,0.0116698068910958
"ENSG00000172543.8","CTSW"," protein_coding","chr11",295.26310136715,1.10160737981688,0.710476453296866,0.00212831759760254,0.0190714564218874
"ENSG00000172572.7","PDE3A"," protein_coding","chr12",178.127102394249,1.49906901727899,0.556528448351815,0.00020845733024332,0.00361655036205937
"ENSG00000172716.16","SLFN11"," protein_coding","chr17",1058.94924529831,1.15014905328069,0.454062611254498,0.000328557072253968,0.00502854043221004
"ENSG00000172738.12","TMEM217"," protein_coding","chr6",68.5254756028149,-1.70645679055203,0.365977904386976,1.1843419970516e-07,1.19675884846497e-05
"ENSG00000172752.14","COL6A5"," protein_coding","chr3",79.6597449724562,3.37152512570326,0.87310486726353,3.74492205568821e-06,0.000184893367661762
"ENSG00000172915.18","NBEA"," protein_coding","chr13",543.161829081972,-2.87386490175362,0.918247398427981,4.8014159083722e-05,0.00123332315896388
"ENSG00000172927.8","MYEOV"," protein_coding","chr11",569.016787072467,-1.69600539444,0.74066021416848,0.000519699206211265,0.00707186217382694
"ENSG00000172986.13","GXYLT2"," protein_coding","chr3",345.290977178443,1.55028547047944,0.808931820136847,0.00116177838970613,0.0124808075472033
"ENSG00000173013.6","CCDC96"," protein_coding","chr4",91.1946122639757,-2.26292405408438,0.26528858635817,0.00188884232263943,0.01758635663913
"ENSG00000173157.17","ADAMTS20"," protein_coding","chr12",7.29582673146137,3.4349729736645,1.39427912982336,2.0280922590946e-05,0.000661806543732232
"ENSG00000173193.15","PARP14"," protein_coding","chr3",5376.81334669717,1.42790288609629,0.377690922087908,6.63098618940107e-06,0.000288922898249648
"ENSG00000173200.13","PARP15"," protein_coding","chr3",79.0723008965097,2.04268611536524,0.575037726714449,1.34741547422689e-05,0.000488602910598004
"ENSG00000173432.12","SAA1"," protein_coding","chr11",5004.81899733199,-1.76158011548923,1.34916182698064,0.00229825274544655,0.0201521873447664
"ENSG00000173546.7","CSPG4"," protein_coding","chr15",6124.99494538278,2.53398718099895,0.678551112462449,7.25237008838771e-06,0.000309784173452437
"ENSG00000173702.7","MUC13"," protein_coding","chr3",316.547014712791,-6.19935200126539,1.8965752034366,0.000403742229657644,0.00590337136085477
"ENSG00000173705.9","SUSD5"," protein_coding","chr3",176.133730969403,2.98174982062456,0.842054033124152,0.00522681886746956,0.0359482682533586
"ENSG00000173706.14","HEG1"," protein_coding","chr3",2986.67883111724,1.06502220023031,0.362736929088399,0.000119533521709409,0.00242035485735569
"ENSG00000173905.9","GOLIM4"," protein_coding","chr3",2845.117816596,1.02357837359648,0.380138772514604,0.000247323305793101,0.00407909094310498
"ENSG00000174004.6","NRROS"," protein_coding","chr3",171.83512445349,1.35266887498711,0.486367137033906,0.000164019173159847,0.00307061080139179
"ENSG00000174325.6","DIRC1"," lncRNA","chr2",3.06328084242489,3.39344917327171,1.34041769366804,0.000278313781952521,0.0044667572968169
"ENSG00000174332.5","GLIS1"," protein_coding","chr1",63.5518388474979,1.31292285664065,0.715793467979326,0.00132057949478826,0.0136836177290665
"ENSG00000174370.11","C11orf45"," protein_coding","chr11",206.639229565911,1.25009840332021,0.248730316566113,2.03266187821545e-08,2.91600687274371e-06
"ENSG00000174371.17","EXO1"," protein_coding","chr1",518.640994124862,1.48651820296007,0.412153397793062,1.12505859086214e-05,0.000426107184606354
"ENSG00000174450.12","GOLGA6L2"," protein_coding","chr15",3.47000416357912,3.06203110417179,1.22028817746008,0.000226714900258738,0.00385846685034639
"ENSG00000174502.19","SLC26A9"," protein_coding","chr1",1181.15822278558,-3.72690151507192,0.833858732490198,2.62940122966782e-07,2.18135868252147e-05
"ENSG00000174600.14","CMKLR1"," protein_coding","chr12",555.880633790766,1.47831904453745,0.636547383266253,0.000516706467829558,0.00705113269822728
"ENSG00000174680.10","GRIK1-AS1"," lncRNA","chr21",2.32722692117543,1.78236780579753,1.32333185454635,0.00414778293040752,0.0307075273277712
"ENSG00000174792.11","ODAPH"," protein_coding","chr4",16.3794251389747,4.75914896941939,1.1111974883057,0.0009896100397948,0.0112093147636049
"ENSG00000174837.15","ADGRE1"," protein_coding","chr19",92.4976481657758,2.93434044887986,0.835676454315773,1.36485074567527e-05,0.000492983440952757
"ENSG00000174945.13","AMZ1"," protein_coding","chr7",57.6925815984286,4.13115454063121,0.669050017996501,3.24674507390546e-11,1.41061797046695e-08
"ENSG00000175040.6","CHST2"," protein_coding","chr3",1143.74557180444,1.9605540864994,0.568610842097564,1.93747519126586e-05,0.000638692870242423
"ENSG00000175063.17","UBE2C"," protein_coding","chr20",1643.59580037226,1.2753527740865,0.440905100459475,0.000128422246046659,0.00255609016296928
"ENSG00000175093.5","SPSB4"," protein_coding","chr3",25.9544558974622,2.93924908391888,0.782997135211738,0.00160826224771157,0.015666905746205
"ENSG00000175352.11","NRIP3"," protein_coding","chr11",302.113124609513,2.62902868268533,0.582153180140953,2.43959329105771e-07,2.07249583131112e-05
"ENSG00000175455.16","CCDC14"," protein_coding","chr3",932.433854530042,1.02028354368526,0.368465028226135,0.000181942836739161,0.00328822070971728
"ENSG00000175643.10","RMI2"," protein_coding","chr16",646.233328335876,1.1325862035834,0.356397657399196,5.3709743678687e-05,0.00134766434723524
"ENSG00000175806.15","MSRA"," protein_coding","chr8",529.57641840094,-1.05504742455517,0.254656551058514,1.29798457373607e-06,8.02349691890956e-05
"ENSG00000175879.9","HOXD8"," protein_coding","chr2",94.873253096273,2.25087444627963,0.357503140303052,1.15208831054794e-11,6.04111410149904e-09
"ENSG00000176083.18","ZNF683"," protein_coding","chr1",157.003153464335,1.17862019500838,1.24665250973655,0.00355616836055771,0.0274293046790874
"ENSG00000176136.6","MC5R"," protein_coding","chr18",32.7696978335724,-4.47172007501071,1.10996552473443,1.81600376479524e-06,0.000105048959103884
"ENSG00000176148.16","TCP11L1"," protein_coding","chr11",524.233428128544,1.07641330166941,0.275004472269865,3.40299170501412e-06,0.000172779944448405
"ENSG00000176153.12","GPX2"," protein_coding","chr14",5355.48602219298,-1.41649305699406,0.690379359215191,0.000877444894857601,0.01027164418295
"ENSG00000176177.10","ENTHD1"," protein_coding","chr22",7.55004351170729,1.80839750034358,1.0176942752384,0.00151238539698232,0.0150561621423957
"ENSG00000176225.15","RTTN"," protein_coding","chr18",501.655682149258,1.62248048227051,0.226026252544431,0.000357938445624845,0.00537844957845278
"ENSG00000176387.7","HSD11B2"," protein_coding","chr16",865.554011282905,-3.67495247833263,0.606100541953182,5.11961274443625e-05,0.00129321247837657
"ENSG00000176510.5","OR10AC1"," polymorphic_pseudogene","chr7",2.69180395272737,4.49938153924642,1.60858639856425,4.6178320545835e-05,0.00120036005364143
"ENSG00000176678.6","FOXL1"," protein_coding","chr16",90.810506090672,1.98035362478162,0.791244116327675,0.000319916823682363,0.00494475880117567
"ENSG00000176826.15","FKBP9P1"," transcribed_unprocessed_pseudogene","chr7",73.1075619062917,1.35730010165048,0.580858665428868,0.000513755311423652,0.00702240012868653
"ENSG00000176920.13","FUT2"," protein_coding","chr19",3080.46823111892,-1.20981087130754,0.604563152519832,0.000994305488932036,0.011237388641728
"ENSG00000177234.7","LINC01561"," lncRNA","chr10",8.9512292559148,5.88792417375513,1.42673346843212,4.40127329164299e-07,3.33805298301093e-05
"ENSG00000177272.9","KCNA3"," protein_coding","chr1",56.5825610770717,2.06852336708965,0.872029388356014,0.000448058714559127,0.0063614602645445
"ENSG00000177294.7","FBXO39"," protein_coding","chr17",45.0330116846819,1.78873085732898,0.637624791832497,0.000148244519911059,0.00285532652568401
"ENSG00000177359.20","AC024940.1"," transcribed_unprocessed_pseudogene","chr12",43.2737495992678,1.98731316808888,0.80016856726464,0.000328159871187339,0.00502841624829534
"ENSG00000177409.12","SAMD9L"," protein_coding","chr7",2282.95544780631,1.58546246868739,0.564063492334984,0.000156645768321084,0.0029756825433786
"ENSG00000177455.15","CD19"," protein_coding","chr16",64.0879376518031,1.88401117047095,1.03736956218525,0.0012981363848802,0.0135206239292334
"ENSG00000177459.11","ERICH5"," protein_coding","chr8",26.2818070373942,-3.59240769333199,0.69502886477642,0.000740727713954546,0.00911316827042864
"ENSG00000177602.5","HASPIN"," protein_coding","chr17",181.094517163081,1.29984226246952,0.451847953477529,0.000126731520306011,0.00253238221226459
"ENSG00000177807.10","KCNJ10"," protein_coding","chr1",10.6947590536221,4.08977045766086,0.719801948847222,0.0013738055613797,0.0140442179960473
"ENSG00000177822.8","TENM3-AS1"," lncRNA","chr4",91.5909749032868,2.98496174801188,0.983921653357827,6.57661970832057e-05,0.00155170016847731
"ENSG00000177839.7","PCDHB9"," protein_coding","chr5",107.51577248533,1.75078581265913,0.482656278300749,1.04119250040048e-05,0.000403385828212481
"ENSG00000178015.5","GPR150"," protein_coding","chr5",9.49571819770563,1.50515469290506,0.527116624856008,0.000136567161704926,0.00268308597476221
"ENSG00000178033.6","CALHM5"," protein_coding","chr6",274.72452867072,2.22545694653613,0.554111681120322,2.12374775181155e-06,0.000119389168901746
"ENSG00000178150.10","ZNF114"," protein_coding","chr19",73.0564516988614,3.49523744114763,0.432717413903185,2.73463102908442e-17,1.28970949757796e-13
"ENSG00000178175.12","ZNF366"," protein_coding","chr5",100.932978383318,1.77681874724936,0.56584259153889,5.4638417255387e-05,0.00135983484778076
"ENSG00000178199.14","ZC3H12D"," protein_coding","chr6",94.0724841428791,2.25041106287835,0.481461076951448,1.18437754120455e-07,1.19675884846497e-05
"ENSG00000178217.14","SH2D4B"," protein_coding","chr10",7.36020484277482,1.94213115089357,0.622001270959695,7.11380905934487e-05,0.0016423365641751
"ENSG00000178295.15","GEN1"," protein_coding","chr2",973.628805524096,1.11705393015012,0.34287668807018,4.0514941249564e-05,0.00109422081117402
"ENSG00000178467.18","P4HTM"," protein_coding","chr3",800.902915985081,-1.59120581369255,0.461023982168671,1.8702645986786e-05,0.000623005008100901
"ENSG00000178562.18","CD28"," protein_coding","chr2",136.96151196953,1.76619155039906,0.648187053399572,0.000188740045509625,0.00338053651595067
"ENSG00000178752.16","ERFE"," protein_coding","chr2",92.8151522863496,3.96481872854499,0.565526114840711,9.05818730658635e-14,1.14786104398004e-10
"ENSG00000178796.13","RIIAD1"," protein_coding","chr1",7.4222819429128,-3.88615737095547,0.77896483143666,0.000393119404546367,0.00578980167092913
"ENSG00000178821.13","TMEM52"," protein_coding","chr1",153.436665349452,-1.97489597191118,0.519743218086096,4.97715832943207e-06,0.000228311185932153
"ENSG00000178860.8","MSC"," protein_coding","chr8",366.489570484408,1.44308796334859,0.611111213305036,0.000483071624480709,0.0067177216805358
"ENSG00000178965.14","ERICH3"," protein_coding","chr1",18.2211464211883,-7.82040325928961,1.167743393031,0.00265672998724167,0.0224403821825579
"ENSG00000179046.8","TRIML2"," protein_coding","chr4",9.33892954068472,3.18359804451688,1.11334470640949,0.000140790550580741,0.00275007258497885
"ENSG00000179253.3","AL162457.1"," lncRNA","chr20",2.88237384498483,1.79446539563204,0.867309978763408,0.00121345625610349,0.0128812722921032
"ENSG00000179331.3","RAB39A"," protein_coding","chr11",19.0814654056298,2.76705402126216,0.721765217955022,5.20209352060881e-06,0.000236489193187258
"ENSG00000179348.12","GATA2"," protein_coding","chr3",193.921366807616,1.12243235336621,0.341102306643979,3.42369356201075e-05,0.000959675505082333
"ENSG00000179406.8","LINC00174"," lncRNA","chr7",446.909924883593,1.88942151144774,0.442789893994809,7.55214289773088e-07,5.13832935008254e-05
"ENSG00000179528.16","LBX2"," protein_coding","chr2",18.6507564082458,1.64909830272293,0.635446877847721,0.000240415246345547,0.0040219855024514
"ENSG00000179546.4","HTR1D"," protein_coding","chr1",6.98479796446123,4.73018784401321,0.69830646856671,0.00355081435532984,0.0273949561107677
"ENSG00000179593.16","ALOX15B"," protein_coding","chr17",1451.46610788503,-3.78927674325793,0.755693087373311,5.78783815703498e-05,0.00142761980429769
"ENSG00000179715.13","PCED1B"," protein_coding","chr12",318.234266758241,1.25741785065701,0.404103008074473,6.13323971282072e-05,0.00148157441926939
"ENSG00000179772.8","FOXS1"," protein_coding","chr20",49.1863475337484,2.33343482790747,0.592844207776315,2.50401855555344e-06,0.000135026092783771
"ENSG00000179841.8","AKAP5"," protein_coding","chr14",74.8681390209135,1.36444986333953,0.453100604288839,0.000772290197185725,0.00941389249178736
"ENSG00000179855.9","GIPC3"," protein_coding","chr19",79.5119232205964,1.36564354082359,0.452808124082865,7.98903177996147e-05,0.00179181728262513
"ENSG00000179934.7","CCR8"," protein_coding","chr3",38.0283531135541,2.36097575967409,0.610533543717109,4.32305807270225e-06,0.000206400573257604
"ENSG00000179935.10","LINC00652"," lncRNA","chr20",8.9765449766748,1.99722359799453,0.88554639372032,0.000553837126922874,0.0073908944892959
"ENSG00000180061.10","TMEM150B"," protein_coding","chr19",44.2263517899411,2.13858032460971,0.711367670114426,7.78721309510481e-05,0.0017582220628168
"ENSG00000180113.16","TDRD6"," protein_coding","chr6",42.2603782773477,2.15430522749734,0.656704649729146,3.36531018346056e-05,0.000947124838317632
"ENSG00000180251.5","SLC9A4"," protein_coding","chr2",165.217790819923,-4.09743123989858,0.94814758949756,5.31908106221215e-07,3.91693008099415e-05
"ENSG00000180263.14","FGD6"," protein_coding","chr12",1488.52355349406,1.3269838654547,0.250259742235196,5.65679703749049e-09,1.07168885487593e-06
"ENSG00000180264.11","ADGRD2"," protein_coding","chr9",27.0643303861313,1.37274290682822,0.790244582335565,0.00146493576062618,0.0146894465176142
"ENSG00000180287.17","PLD5"," protein_coding","chr1",31.4663330977653,-1.71434297204042,0.864836285404136,0.000991175382701441,0.0112228655674233
"ENSG00000180340.7","FZD2"," protein_coding","chr17",270.328532597078,2.4060190303256,0.469914115978527,1.21456256417502e-08,1.91391146446917e-06
"ENSG00000180610.10","ZBTB12BP"," processed_pseudogene","chr4",3.27920507447756,1.4497978625758,0.643242148417293,0.00079651411842251,0.00959804458176733
"ENSG00000180616.9","SSTR2"," protein_coding","chr17",68.0173592648895,1.27274498642491,0.628699296024628,0.000979084795371458,0.0111107857767284
"ENSG00000180626.10","ZNF594"," protein_coding","chr17",154.164696449601,1.0270305686362,0.299605384993724,2.16089624926046e-05,0.000683417730743621
"ENSG00000180644.8","PRF1"," protein_coding","chr10",825.830575286777,1.8834287019669,0.596930645368794,5.31250817255216e-05,0.00133528356241181
"ENSG00000180785.10","OR51E1"," protein_coding","chr11",32.010715483306,1.20502146440785,0.747309323592876,0.0019394708455013,0.0179614060958783
"ENSG00000180806.5","HOXC9"," protein_coding","chr12",52.3223741285048,4.00283463495083,0.772296719800269,7.13290990872464e-09,1.28362833759789e-06
"ENSG00000180815.14","MAP3K15"," protein_coding","chrX",7.53237671678066,1.14241248345452,0.403330191221686,0.00359371473544847,0.0275929427541516
"ENSG00000180818.5","HOXC10"," protein_coding","chr12",198.426172072338,4.93665687591011,0.990599452620741,2.20834437275001e-08,3.09504043356894e-06
"ENSG00000180998.12","GPR137C"," protein_coding","chr14",42.6496201375543,1.15413898689604,0.565792536183295,0.000960081230353888,0.0109472430632569
"ENSG00000181104.7","F2R"," protein_coding","chr5",1932.43840776458,1.49206536307812,0.473485595628192,5.42187018055365e-05,0.00135493293180919
"ENSG00000181355.21","OFCC1"," transcribed_unitary_pseudogene","chr6",4.06880753567358,3.77532708861897,0.997406233636053,4.64388286491643e-06,0.000216550233837618
"ENSG00000181378.14","CFAP65"," protein_coding","chr2",12.3146659613045,-8.47040761196773,1.32892074330377,0.000779657173586735,0.00948848084045353
"ENSG00000181381.14","DDX60L"," protein_coding","chr4",1229.87628862827,1.92528539102909,0.345367728718144,1.13311054731069e-09,2.84107606441742e-07
"ENSG00000181544.15","FANCB"," protein_coding","chrX",94.8009826079487,1.07088237938574,0.337913583720565,5.01937779298234e-05,0.00127637405366197
"ENSG00000181690.8","PLAG1"," protein_coding","chr8",214.036923275734,1.15530272693649,0.911717468518943,0.00289115418367589,0.0238147355071278
"ENSG00000181847.12","TIGIT"," protein_coding","chr3",321.555989218448,2.80354001211723,0.554650275869967,1.76554373435625e-08,2.60292032278824e-06
"ENSG00000181856.15","SLC2A4"," protein_coding","chr17",360.9302277784,-1.71340364928951,0.862298085967725,0.000948347871186994,0.0108528443056566
"ENSG00000181908.5","LINC02724"," lncRNA","chr11",6.96605800118361,1.42731946815938,0.680915817922403,0.000902339708405757,0.0104783724901658
"ENSG00000182022.18","CHST15"," protein_coding","chr10",2004.20799273041,1.28822478361675,0.398116109863464,4.43064676491518e-05,0.00116363782436412
"ENSG00000182162.11","P2RY8"," protein_coding","chrX",253.272313561149,1.27917540869954,0.723188161077958,0.0015608754588202,0.0153976339049947
"ENSG00000182183.15","SHISAL2A"," protein_coding","chr1",21.6324603099808,1.84080987353356,0.719857767760393,0.000281756812946194,0.00450056194964948
"ENSG00000182195.9","LDOC1"," protein_coding","chrX",977.065613023889,-1.61687615948768,0.53249692744534,7.32079114676931e-05,0.00167091404877073
"ENSG00000182218.9","HHIPL1"," protein_coding","chr14",152.748516881051,1.16170853570965,0.834043019760556,0.00251691657486192,0.0215868538610479
"ENSG00000182366.10","FAM87A"," lncRNA","chr8",13.4301623154278,1.06278306093186,0.680496747117783,0.00206966687097101,0.0187201964831732
"ENSG00000182393.3","IFNL1"," protein_coding","chr19",3.00575623286337,3.99530437385604,1.47958892487858,0.00724443423644959,0.0451948673709008
"ENSG00000182508.14","LHFPL1"," protein_coding","chrX",22.5503146905754,-1.61302655748019,1.02211745048981,0.00198104406541494,0.0181543508912781
"ENSG00000182545.6","RNASE10"," protein_coding","chr14",34.7409728766754,5.13205094956396,1.03094228547384,1.65934653304608e-08,2.4738091230162e-06
"ENSG00000182574.8","CSGALNACT2P1"," processed_pseudogene","chrX",6.58244239535176,1.79110776201154,0.923680385302682,0.00116598138090273,0.0125126999779092
"ENSG00000182612.10","TSPAN10"," protein_coding","chr17",333.539749894206,1.52647970126894,0.756174620942664,0.000972613125067478,0.0110662487739159
"ENSG00000182667.14","NTM"," protein_coding","chr11",273.070699618749,2.31201856039948,0.573439216119617,2.08319174464548e-06,0.000117762287230303
"ENSG00000182795.13","C1orf116"," protein_coding","chr1",11663.5472019694,-1.11378576145121,0.766313245846539,0.00229526598306066,0.0201401974445539
"ENSG00000182836.10","PLCXD3"," protein_coding","chr5",17.4095670450837,-1.38648915857953,1.06415658748822,0.00272689042605452,0.0228717370456691
"ENSG00000182853.12","VMO1"," protein_coding","chr17",229.391129757683,-1.27411903452006,0.843781790839184,0.00210638388891813,0.0189587017501235
"ENSG00000182866.17","LCK"," protein_coding","chr1",571.636242782419,1.29885603127599,0.575261602068701,0.000625822678673543,0.00808544822705967
"ENSG00000182963.11","GJC1"," protein_coding","chr17",406.872949003755,3.33618500503342,0.499888295517625,1.10112456218855e-12,8.8127635025896e-10
"ENSG00000183023.18","SLC8A1"," protein_coding","chr2",310.750157061775,1.63702105248512,0.473879815737671,1.93317410554783e-05,0.000638367253767929
"ENSG00000183150.8","GPR19"," protein_coding","chr12",31.0445379440857,2.38970270624687,0.391031059228018,5.73283925893193e-11,2.17941050477371e-08
"ENSG00000183172.9","SMDT1"," protein_coding","chr22",1953.56380141643,-1.18293153424048,0.241524600698578,3.89811317006749e-08,4.96038978415325e-06
"ENSG00000183196.10","CHST6"," protein_coding","chr16",650.282886233828,-3.46839195817514,0.827602773919369,9.13784665877719e-07,6.01535347258421e-05
"ENSG00000183287.14","CCBE1"," protein_coding","chr18",122.040783994975,2.08845103265946,0.79279405912588,0.000223575684878654,0.00381785923875042
"ENSG00000183486.13","MX2"," protein_coding","chr21",2465.14445728047,1.85427158718984,0.555311583969415,2.92590975104716e-05,0.00085480973351198
"ENSG00000183682.8","BMP8A"," protein_coding","chr1",234.904215284229,3.67694679929779,0.644569270652942,4.551858787446e-10,1.35721256179015e-07
"ENSG00000183688.4","RFLNB"," protein_coding","chr17",1062.90709885532,1.64114352259832,0.511862141643538,4.63618902266331e-05,0.00120223733160024
"ENSG00000183742.13","MACC1"," protein_coding","chr7",1934.50348934079,-2.06388453840942,0.5609296958554,7.76803577209885e-06,0.000328580350398946
"ENSG00000183770.7","FOXL2"," protein_coding","chr3",47.0288497275293,4.02095875660146,0.811725560793328,2.90580004861669e-08,3.82571847959218e-06
"ENSG00000183856.11","IQGAP3"," protein_coding","chr1",1073.14163009588,1.11178390653255,0.518642915500555,0.000816630438922017,0.00976104927400863
"ENSG00000183918.17","SH2D1A"," protein_coding","chrX",116.846307770064,1.85758940526056,0.689246636479967,0.000202300525078392,0.0035481925427965
"ENSG00000183929.7","DUSP5P1"," processed_pseudogene","chr1",7.76488718696493,3.3155421097523,0.825796759409602,3.66323481202503e-06,0.000182939179537138
"ENSG00000183971.10","NPW"," protein_coding","chr16",62.7573374373665,2.03278334088762,0.836526371955001,0.000380074864722743,0.00564514673151226
"ENSG00000184254.17","ALDH1A3"," protein_coding","chr15",1707.6701967545,-1.53075516646681,0.56593449756068,0.000191650161179623,0.0034193720866362
"ENSG00000184378.3","ACTRT3"," protein_coding","chr3",125.642596167915,1.34639454103459,0.283899494940641,8.59052584275272e-08,9.26466888140562e-06
"ENSG00000184445.12","KNTC1"," protein_coding","chr12",1047.84880220131,1.23270996820562,0.330212235823038,7.20317600495416e-06,0.000308549565969959
"ENSG00000184486.10","POU3F2"," protein_coding","chr6",2.63890253410088,1.40660363305888,1.47068614900086,0.00417425101843668,0.0308359232994206
"ENSG00000184492.6","FOXD4L1"," protein_coding","chr2",4.38095644285283,1.93935337000016,0.67645641063661,0.000158193826234475,0.0029960401522636
"ENSG00000184524.6","CEND1"," protein_coding","chr11",15.1689486121642,1.74100883603879,0.473587197430439,9.16478676033897e-06,0.000369177032771112
"ENSG00000184557.4","SOCS3"," protein_coding","chr17",10743.4621000056,-1.14157074475696,0.432840741362118,0.000236925610920822,0.00399218879512697
"ENSG00000184613.11","NELL2"," protein_coding","chr12",2056.15017674702,3.58277590265379,0.689340942725208,8.27577917252561e-09,1.46332134868617e-06
"ENSG00000184661.14","CDCA2"," protein_coding","chr8",481.708250247271,1.13891423909996,0.408628504804075,0.000173660129451208,0.00318932700301908
"ENSG00000184838.15","PRR16"," protein_coding","chr5",105.519704039311,2.0571162362569,0.569989620805686,1.06138365271387e-05,0.000408605835822621
"ENSG00000184845.4","DRD1"," protein_coding","chr5",14.693343456039,-1.56536812086735,0.685111640313742,0.000543960636704995,0.0073114112711111
"ENSG00000184905.9","TCEAL2"," protein_coding","chrX",111.403627223893,-3.78143528233979,0.783646776083877,5.06391047884301e-08,6.08730076652381e-06
"ENSG00000184979.10","USP18"," protein_coding","chr22",503.09459115382,2.2060720008327,0.412427651504479,3.81850613696579e-09,7.9001515063633e-07
"ENSG00000185015.8","CA13"," protein_coding","chr8",467.064002067301,-1.46868838961039,0.42645563006838,1.9249932664131e-05,0.000636356741428494
"ENSG00000185070.11","FLRT2"," protein_coding","chr14",1626.12011822988,2.11696470105563,0.608747973689153,1.76923699800045e-05,0.000596538856099643
"ENSG00000185155.12","MIXL1"," protein_coding","chr1",16.8979986102168,2.15200762509333,0.803209863484739,0.00023256188083679,0.00392720959571866
"ENSG00000185269.12","NOTUM"," protein_coding","chr17",53.5114444128006,1.66283796972053,0.60723321380305,0.000175353597898604,0.00321460456473192
"ENSG00000185275.6","CD24P4"," processed_pseudogene","chrY",19.0856417283244,-1.44590213400927,0.744832579986799,0.00107457804180452,0.0118538781231051
"ENSG00000185338.6","SOCS1"," protein_coding","chr16",357.536657073913,1.1774351552996,0.493191104019102,0.000455532938004321,0.00643479946285434
"ENSG00000185432.12","METTL7A"," protein_coding","chr12",4001.29022358605,-1.72698506233978,0.456484445631396,5.40151894195965e-06,0.000243733524602105
"ENSG00000185507.21","IRF7"," protein_coding","chr11",2274.63482131277,1.24600065181541,0.411175774661294,8.62911483475644e-05,0.0018972022471681
"ENSG00000185565.12","LSAMP"," protein_coding","chr3",296.154365394976,1.40410596241118,0.766323282363663,0.00139141123913963,0.0141860509607621
"ENSG00000185697.16","MYBL1"," protein_coding","chr8",135.058641559472,1.45818180714376,0.40208082278779,1.02396794213604e-05,0.000400281966891817
"ENSG00000185745.10","IFIT1"," protein_coding","chr10",2600.19358750959,3.21222395977768,0.564218050493262,5.44687107182712e-10,1.57185976096547e-07
"ENSG00000185811.19","IKZF1"," protein_coding","chr7",702.729609063765,1.21405709412591,0.66124036661832,0.0014293053764561,0.0144753461252612
"ENSG00000185862.7","EVI2B"," protein_coding","chr17",377.011151842325,1.1251537032644,0.670622764748131,0.00179554812877718,0.0169065031704335
"ENSG00000185942.13","NKAIN3"," protein_coding","chr8",42.6167691908537,-3.25523211408242,0.706741394040548,1.62947923118249e-07,1.53904819434637e-05
"ENSG00000186038.9","HTR3E"," protein_coding","chr3",3.26576973615365,3.18392186627928,1.16272745429459,0.000166521937624711,0.00310288908366145
"ENSG00000186047.10","DLEU7"," protein_coding","chr13",10.4075805917657,1.2225551863406,0.576959473963945,0.000870644313578389,0.0102038171517763
"ENSG00000186074.19","CD300LF"," protein_coding","chr17",96.6965274760271,1.32387007517635,0.732897898885591,0.00144566944081549,0.0145766738713323
"ENSG00000186185.14","KIF18B"," protein_coding","chr17",665.297612730354,1.4286533746698,0.414561877504128,2.07289885883456e-05,0.000669958267733639
"ENSG00000186191.8","BPIFB4"," protein_coding","chr20",2.68060119724663,2.32658438282345,0.785209025192174,0.000160508816649562,0.00302638229433548
"ENSG00000186265.10","BTLA"," protein_coding","chr3",45.927876055346,1.37093108008288,1.04069628067615,0.00265955723091114,0.0224493794237304
"ENSG00000186340.16","THBS2"," protein_coding","chr6",3055.9155315575,2.25379262916452,0.647270602533575,1.73618478034721e-05,0.000588657611200665
"ENSG00000186352.9","ANKRD37"," protein_coding","chr4",366.643951299722,-1.91924571147228,0.464642362594795,1.31744467874268e-06,8.11081882886665e-05
"ENSG00000186564.6","FOXD2"," protein_coding","chr1",34.0060254560783,1.54492959050697,0.575454135246942,0.000216569147682055,0.0037296248518994
"ENSG00000186810.8","CXCR3"," protein_coding","chrX",210.526377622932,1.96828449419935,0.646923482634325,7.2430544938046e-05,0.00166125954992518
"ENSG00000186818.12","LILRB4"," protein_coding","chr19",558.066515024745,2.49601143936855,0.651445214835609,4.56297101903086e-06,0.000214156848150904
"ENSG00000186827.11","TNFRSF4"," protein_coding","chr1",177.933513939064,2.56717994917567,0.398598678062313,5.00542252228176e-12,3.08874489468513e-09
"ENSG00000186891.14","TNFRSF18"," protein_coding","chr1",697.295802745443,1.68345001487997,0.608677687843555,0.000171586355693623,0.00316078487929144
"ENSG00000186952.15","TMEM232"," protein_coding","chr5",23.169454734713,-3.7997009970999,0.48556431290651,0.00603655927689547,0.0397638893844969
"ENSG00000187037.8","GPR141"," protein_coding","chr7",25.9308552766475,2.32586557994462,0.656989444046896,1.44272800749283e-05,0.000514392577864941
"ENSG00000187288.12","CIDEC"," protein_coding","chr3",249.407605303539,-5.18400794105066,1.14649099435804,1.75667797591789e-07,1.63781995888829e-05
"ENSG00000187474.5","FPR3"," protein_coding","chr19",837.006240460566,1.50636196245836,0.596403857693878,0.000334321483402349,0.00510171564210519
"ENSG00000187492.9","CDHR4"," protein_coding","chr3",13.5784454709692,-5.64285112137587,0.626505093370076,0.00567425010807616,0.0380279789636228
"ENSG00000187498.16","COL4A1"," protein_coding","chr13",13477.8642919471,2.79912203537393,0.57288498599273,4.65081913903711e-08,5.63937136860703e-06
"ENSG00000187533.14","PRR27"," protein_coding","chr4",7.65962599134872,-8.25152529313091,1.00621494694647,2.05978202488475e-05,0.000667136855408092
"ENSG00000187608.10","ISG15"," protein_coding","chr1",6617.7226796433,3.74516165702113,0.593167464357765,1.20841971016712e-11,6.12527810755212e-09
"ENSG00000187678.10","SPRY4"," protein_coding","chr5",957.799513658704,1.19108396869327,0.614554414830811,0.00121558481072897,0.0128993652647244
"ENSG00000187775.17","DNAH17"," protein_coding","chr17",983.036914993117,3.62203261584322,0.685211064314458,4.88621403555719e-09,9.64963814697407e-07
"ENSG00000187801.15","ZFP69B"," protein_coding","chr1",101.296645360493,1.00653382280367,0.508652252420123,0.00110924385621133,0.0120926462803315
"ENSG00000187862.12","TTC24"," protein_coding","chr1",13.2578697712596,2.65909704413932,0.713475131796122,8.36741258908103e-06,0.000346228733430914
"ENSG00000187889.13","FYB2"," protein_coding","chr1",29.4494761902308,-4.15487245031149,0.983429177293995,1.02587945264873e-06,6.65246733334882e-05
"ENSG00000187905.10","LRRC74B"," protein_coding","chr22",2.53629828750019,-5.1716205818506,0.813425048655692,0.000642940899856904,0.00823500305434841
"ENSG00000187912.12","CLEC17A"," protein_coding","chr19",20.9596764007502,2.09253628384534,0.817274685124706,0.000279348507615923,0.0044785588624792
"ENSG00000187951.11","AC091057.1"," lncRNA","chr15",174.826590787699,1.16243964046473,0.451985488499726,0.00029411475862261,0.00465396053797577
"ENSG00000188037.12","CLCN1"," protein_coding","chr7",52.0235839565898,-1.42721396759929,0.75638523125548,0.00116856100856905,0.0125339642900575
"ENSG00000188153.14","COL4A5"," protein_coding","chrX",2210.60056481886,1.4860508361636,0.380879312671808,3.77661053213154e-06,0.000185254929215672
"ENSG00000188277.10","C15orf62"," protein_coding","chr15",742.363190678689,-2.09323703197643,0.633580238688698,2.98082189302925e-05,0.000866689638935934
"ENSG00000188282.12","RUFY4"," protein_coding","chr2",100.367484295039,2.54423353298841,0.87867389920385,0.000106714337298107,0.00222294735633379
"ENSG00000188403.7","IGHV1OR15-9"," IG_V_gene","chr15",45.5406072556267,2.1199816330342,4.71499316585691,0.00298686870680227,0.0243081717902
"ENSG00000188404.10","SELL"," protein_coding","chr1",487.033550211101,2.4122402834138,0.664081281104494,9.8412341865252e-06,0.000388199034130728
"ENSG00000188483.8","IER5L"," protein_coding","chr9",353.20955280288,1.03444322836528,0.346240615278529,9.16653326485352e-05,0.00198280068409666
"ENSG00000188501.11","LCTL"," protein_coding","chr15",6.88527334541519,1.76773944782185,0.591285167179179,0.00011336161824721,0.00232322567099219
"ENSG00000188523.9","CFAP77"," protein_coding","chr9",8.07590009468166,-6.70859604165381,0.781043239770286,0.00039742240632905,0.00583621808000261
"ENSG00000188573.8","FBLL1"," protein_coding","chr5",14.0218958689262,-1.57477237395274,0.738263549917874,0.000698498099336292,0.00874214925724882
"ENSG00000188610.12","FAM72B"," protein_coding","chr1",51.560154301269,1.74834216787601,0.474551309870415,8.50448175947601e-06,0.000350945459634931
"ENSG00000188676.13","IDO2"," protein_coding","chr8",10.0243274891344,1.47115182817082,0.802781364797127,0.00142665139848308,0.0144580969617014
"ENSG00000188820.13","CALHM6"," protein_coding","chr6",61.5825014002873,2.41041045383474,0.801548440801662,7.89939910170357e-05,0.00177695580532626
"ENSG00000188822.8","CNR2"," protein_coding","chr1",17.3359385448459,2.37710002159747,0.764645959934884,6.64819825541202e-05,0.00156253209846867
"ENSG00000188846.14","RPL14"," protein_coding","chr3",25054.5921839349,-1.16767517318673,0.226212047438072,1.00084688872997e-08,1.64533818524025e-06
"ENSG00000188933.16","USP32P1"," transcribed_unprocessed_pseudogene","chr17",8.52296892154231,1.85383862116687,0.951776532081834,0.00127507665228105,0.0133609819029871
"ENSG00000189013.14","KIR2DL4"," protein_coding","chr19",53.5855650088045,2.4317273951759,0.754191914064597,4.12281569878725e-05,0.00110473298543803
"ENSG00000189143.9","CLDN4"," protein_coding","chr7",22977.1968861319,-2.16988889020219,0.525901384743609,1.31034533435173e-06,8.08347518329394e-05
"ENSG00000189238.6","LINC00943"," lncRNA","chr12",8.11815775563095,3.82866934900865,0.762508118365838,4.04487931536587e-08,5.08334357926538e-06
"ENSG00000189283.10","FHIT"," protein_coding","chr3",187.388225150296,-1.9821073499377,0.405067716662753,4.00130370732862e-08,5.04944604360934e-06
"ENSG00000189377.9","CXCL17"," protein_coding","chr19",6195.86352568463,-2.36154653343866,0.77466635539991,6.50019071681917e-05,0.00153964408310453
"ENSG00000189420.8","ZFP92"," protein_coding","chrX",92.4898478387439,2.45739791798443,0.569177442275156,6.11340997889895e-07,4.34409200206201e-05
"ENSG00000189423.13","USP32P3"," transcribed_unprocessed_pseudogene","chr17",16.8265540330969,2.71884763286504,0.761652493694156,1.02008295101099e-05,0.000399791015323416
"ENSG00000189430.13","NCR1"," protein_coding","chr19",14.0369029390663,1.84679273386125,0.6839118035337,0.000218626436655903,0.00375713847504531
"ENSG00000196092.14","PAX5"," protein_coding","chr9",135.976191195254,3.24361293690688,0.803379146382468,1.93952726817557e-06,0.00011046225244761
"ENSG00000196159.14","FAT4"," protein_coding","chr4",402.02587310991,1.67757342898521,0.579787038612465,0.000119412056322125,0.00242035485735569
"ENSG00000196177.13","ACADSB"," protein_coding","chr10",1055.85725149389,-1.03011285213792,0.337484331718522,7.29000785350465e-05,0.00166884114751542
"ENSG00000196209.13","SIRPB2"," protein_coding","chr20",86.8607562565466,1.47884475680238,0.460908877415672,4.42735880529943e-05,0.00116363782436412
"ENSG00000196352.16","CD55"," protein_coding","chr1",6340.28933238011,-2.017785753916,0.434143604205969,1.27944816298074e-07,1.26748719806949e-05
"ENSG00000196353.11","CPNE4"," protein_coding","chr3",15.7642189841748,-1.47257974002606,0.752860140876367,0.00112245402363826,0.0121852876301916
"ENSG00000196460.14","RFX8"," protein_coding","chr2",13.2958306701832,2.13174255542684,0.768549017452218,0.000172010877531518,0.00316509381677523
"ENSG00000196502.12","SULT1A1"," protein_coding","chr16",239.960528866143,-1.46277425492293,0.765670984335252,0.00114270074639889,0.0123544108781477
"ENSG00000196542.8","SPTSSB"," protein_coding","chr3",461.286140983092,-1.44071973161914,0.706411172140464,0.000901633774436795,0.0104741741718664
"ENSG00000196550.10","FAM72A"," protein_coding","chr1",38.1163756988224,1.5370494616929,0.506319191709697,8.01970756146e-05,0.0017938137305298
"ENSG00000196562.14","SULF2"," protein_coding","chr20",10957.0569411577,1.15122398346754,0.465578687103491,0.000394888935591449,0.00581023570302019
"ENSG00000196584.3","XRCC2"," protein_coding","chr7",224.159617633454,1.74413321674877,0.316366526133123,1.56889139515709e-09,3.75706251975689e-07
"ENSG00000196611.5","MMP1"," protein_coding","chr11",22377.675407932,6.32292292001992,0.872449238241043,1.88777739046938e-14,3.10892742142776e-11
"ENSG00000196739.15","COL27A1"," protein_coding","chr9",1973.80603329925,1.67409160687557,0.433231627458713,4.21405220928617e-06,0.000202103023989381
"ENSG00000196747.4","H2AC13"," protein_coding","chr6",20.4261848240794,2.28465518497532,0.78785012959102,0.000113714027575619,0.00232887859976923
"ENSG00000196787.3","H2AC11"," protein_coding","chr6",82.0850309371156,2.09113353883725,0.486033807697217,6.67226112614579e-07,4.63295611026192e-05
"ENSG00000196876.18","SCN8A"," protein_coding","chr12",85.8834119026426,1.24278667259944,0.697415923242539,0.00151289354904683,0.0150561621423957
"ENSG00000196932.12","TMEM26"," protein_coding","chr10",35.4972046567895,2.86232550141047,0.569633424895651,2.53780848156547e-08,3.41514908627657e-06
"ENSG00000196979.1","GPRACR"," lncRNA","chr9",7.76878719573155,3.65202034700899,1.37082240030587,0.000273065427403614,0.00440569699927114
"ENSG00000197019.5","SERTAD1"," protein_coding","chr19",2180.41430018628,-1.01583506029616,0.332985769746243,9.04311774158157e-05,0.00196168573377119
"ENSG00000197046.12","SIGLEC15"," protein_coding","chr18",14.8820632166465,1.94371763832419,0.704232775413965,0.000176411223571781,0.00322621439716692
"ENSG00000197172.10","MAGEA6"," protein_coding","chrX",238.190482968801,4.07609833742934,1.86381173922741,0.000430923686403635,0.00618484288560347
"ENSG00000197177.15","ADGRA1"," protein_coding","chr10",24.8617218394584,-3.47002348223023,0.890424157530306,0.00451320834523868,0.032365056685627
"ENSG00000197275.14","RAD54B"," protein_coding","chr8",68.115928380426,1.36929221266127,0.390614884132068,1.5590034685417e-05,0.000543738216614207
"ENSG00000197299.12","BLM"," protein_coding","chr15",352.228865209263,1.20601325934772,0.303673888151933,2.77448075014575e-06,0.000147517977367452
"ENSG00000197301.7","HMGA2-AS1"," lncRNA","chr12",6.33057956516677,2.8110669896544,0.709962031868634,3.16309062029706e-06,0.000163882580979718
"ENSG00000197467.16","COL13A1"," protein_coding","chr10",149.228958865455,2.71119110404628,0.442473718507674,3.69555606119296e-11,1.56101314568141e-08
"ENSG00000197471.12","SPN"," protein_coding","chr16",630.727500439109,1.12414492231957,0.576727672949192,0.00115187958742791,0.0124095337911601
"ENSG00000197506.8","SLC28A3"," protein_coding","chr9",812.634919241878,1.33353170983631,0.718891719078019,0.00135661809543992,0.0139293442327113
"ENSG00000197520.10","FAM177B"," protein_coding","chr1",36.5775790713726,-1.22218991106212,0.66596588696258,0.00133132936453271,0.0137393009716774
"ENSG00000197565.16","COL4A6"," protein_coding","chrX",1021.50953776386,1.75385826626916,0.660873207014733,0.00022731853435841,0.00386441508409298
"ENSG00000197629.6","MPEG1"," protein_coding","chr11",1330.63917622707,1.2347367165999,0.674770993228669,0.00141175902640219,0.0143262686920152
"ENSG00000197646.8","PDCD1LG2"," protein_coding","chr9",379.10210011437,3.2836930087566,0.591203777317403,1.13968132002408e-09,2.84107606441742e-07
"ENSG00000197748.13","CFAP43"," protein_coding","chr10",35.5198624039914,-5.37756732400521,0.592438085521379,0.00591112362038574,0.0391580783280354
"ENSG00000197757.8","HOXC6"," protein_coding","chr12",52.7521224869844,4.29314009548881,0.674797522749801,9.40567872121751e-12,5.10812333836407e-09
"ENSG00000197779.15","ZNF81"," protein_coding","chrX",400.520687390948,1.041716541876,0.222913536885859,1.16895031282077e-07,1.19299616992678e-05
"ENSG00000197847.12","SLC22A20P"," transcribed_unitary_pseudogene","chr11",164.334310825305,1.89793023332958,0.644412149178698,9.80963725755013e-05,0.00208775715824963
"ENSG00000197859.11","ADAMTSL2"," protein_coding","chr9",175.721087593619,1.43226433556504,0.420091030031808,2.26665051616341e-05,0.000710676723176061
"ENSG00000197870.12","PRB3"," protein_coding","chr12",570.342300686922,-11.3098853933242,1.16421298884119,2.02843122004997e-11,9.49087364544303e-09
"ENSG00000197892.13","KIF13B"," protein_coding","chr8",2634.94137976916,-1.05775671291496,0.47868593773982,0.000662228340128194,0.00840582241582586
"ENSG00000197927.13","NBEAP2"," transcribed_unprocessed_pseudogene","chr2",16.9910402685342,1.46940102766387,0.316477719452601,0.00243122563504335,0.021017869595956
"ENSG00000198056.15","PRIM1"," protein_coding","chr12",212.039869528855,1.11233445451494,0.297742386105357,7.45783865951591e-06,0.000316652681961121
"ENSG00000198108.4","CHSY3"," protein_coding","chr5",95.7650400078273,1.00063163835922,0.635456338106243,0.00206245771885684,0.0186738691883278
"ENSG00000198178.11","CLEC4C"," protein_coding","chr12",9.02389221891577,4.14259128914755,0.931919961655461,3.64612644963234e-07,2.87156332941651e-05
"ENSG00000198353.8","HOXC4"," protein_coding","chr12",80.7393486816033,3.08974122056,0.713848519838636,5.87795814685646e-07,4.20626684989048e-05
"ENSG00000198400.12","NTRK1"," protein_coding","chr1",36.570290608469,2.17699068626941,0.507495731224472,7.6446898595215e-07,5.17812812244159e-05
"ENSG00000198488.10","B3GNT6"," protein_coding","chr11",249.22360846742,-4.79631639757942,0.973556682085483,2.79898865797953e-08,3.71727694563893e-06
"ENSG00000198554.12","WDHD1"," protein_coding","chr14",926.536159115089,1.28046660260874,0.290236155382055,4.6753198463822e-07,3.52830030987647e-05
"ENSG00000198643.7","FAM3D"," protein_coding","chr3",2901.34134932763,-3.2595086919235,0.879329518819766,6.34461046341535e-06,0.00027843959310801
"ENSG00000198711.5","SSBP3-AS1"," lncRNA","chr1",13.601780781767,1.623194192797,0.498476689390631,4.48802798888212e-05,0.00117667582091269
"ENSG00000198821.11","CD247"," protein_coding","chr1",311.455951904403,1.38598529335353,0.508620665851527,0.000191835941353211,0.00341987484429965
"ENSG00000198826.11","ARHGAP11A"," protein_coding","chr15",809.513942787548,1.06204497582429,0.360163044001478,0.000103762304059554,0.002181973981377
"ENSG00000198846.6","TOX"," protein_coding","chr8",216.065194039172,1.41763556472276,0.63421761465181,0.000634076534990392,0.00817125832994186
"ENSG00000198848.13","CES1"," protein_coding","chr16",1751.38469020788,-4.25718059807206,0.803661872845616,4.19314624968414e-09,8.50174379277625e-07
"ENSG00000198857.3","HSD3BP5"," transcribed_unprocessed_pseudogene","chr1",9.34440703589135,1.7221813104491,1.21000882202626,0.0026067086724095,0.0221552564981194
"ENSG00000198879.12","SFMBT2"," protein_coding","chr10",357.865381319841,1.29837433625717,0.463731889257591,0.000162230351008273,0.00305316315916746
"ENSG00000198915.12","RASGEF1A"," protein_coding","chr10",246.406990328137,1.63096263454939,0.601691351520906,0.000196040014582059,0.00346414713242924
"ENSG00000198930.13","CSAG1"," protein_coding","chrX",25.1733046849183,1.99702016185624,2.61459509736589,0.00305886522522562,0.0247299317243138
"ENSG00000201772.1","SNORA5C"," snoRNA","chr7",6.6006647143779,1.15897919746324,0.829055058678782,0.00290413345502418,0.0238470488274454
"ENSG00000203446.2","SUGCT-AS1"," lncRNA","chr7",4.09896477829263,4.78560898022772,1.17581035251841,1.9904739961741e-07,1.75977574551288e-05
"ENSG00000203585.4","LINC02408"," lncRNA","chr12",6.3561177867305,3.1546609097505,0.718976972549128,5.84831404583103e-07,4.20626684989048e-05
"ENSG00000203588.3","IGBP1-AS1"," lncRNA","chrX",3.11827760654192,1.5868723534413,0.932534233750499,0.00225934661421216,0.0198938936242138
"ENSG00000203650.9","LINC01285"," lncRNA","chrX",51.6025222686937,4.61385805156386,0.725387694447966,1.04257329758925e-11,5.56276871922487e-09
"ENSG00000203667.10","COX20"," protein_coding","chr1",10.7762720893891,1.34924918605984,0.479605135598125,0.000166788195924182,0.00310436315951173
"ENSG00000203697.12","CAPN8"," protein_coding","chr1",53.344311467064,-3.09696227750961,0.816079558778992,4.57157030886473e-06,0.000214229842532362
"ENSG00000203740.4","METTL11B"," protein_coding","chr1",10.9496360030598,5.77312117893848,1.23416198126057,6.26117104374286e-08,7.168059870424e-06
"ENSG00000203747.12","FCGR3A"," protein_coding","chr1",1313.99435788986,1.76288433201025,0.644309825994324,0.000183836834092052,0.00330634514207071
"ENSG00000203756.8","TMEM244"," protein_coding","chr6",1.93564731083649,6.00996705653408,2.5754610925119,3.35197503612736e-05,0.000944797189747373
"ENSG00000203805.11","PLPP4"," protein_coding","chr10",146.992892233986,4.19841185088375,0.773744776512281,2.23980592906924e-09,5.08352371050618e-07
"ENSG00000203952.9","CCDC160"," protein_coding","chrX",82.783470665132,-3.27353435669747,1.0071618951189,3.28434845294537e-05,0.000930045526065434
"ENSG00000203985.11","LDLRAD1"," protein_coding","chr1",50.4641895095182,-5.04512060608306,0.950691493318588,4.66969477867121e-05,0.00120970551366037
"ENSG00000203999.9","LINC01270"," lncRNA","chr20",29.2654049109676,1.12577455709956,0.590708259598802,0.00128043474635796,0.0133943821205392
"ENSG00000204149.13","AGAP6"," protein_coding","chr10",4.95315126246432,1.83597967714943,0.960050451391947,0.00138863551319512,0.0141624989479555
"ENSG00000204262.14","COL5A2"," protein_coding","chr2",9454.59820336034,3.84771754310398,0.569706626746877,6.70564709265855e-13,5.84595142697271e-10
"ENSG00000204296.11","TSBP1"," protein_coding","chr6",20.5607283513982,3.15123300467928,1.27871468014978,0.00031366101218822,0.00488197152696026
"ENSG00000204410.16","MSH5"," protein_coding","chr6",22.8782483395365,1.8213921246176,0.508136341653174,1.27315567376335e-05,0.000466511849471864
"ENSG00000204446.4","LINC02872"," lncRNA","chr9",8.210577375346,1.51895968853479,1.54187055306801,0.00353164439039492,0.0273233021737677
"ENSG00000204516.10","MICB"," protein_coding","chr6",377.819532883299,1.91443252767091,0.53278051239587,1.17528898244207e-05,0.000440197830332645
"ENSG00000204531.20","POU5F1"," protein_coding","chr6",61.3937823572492,1.39415828328819,0.624746340931367,0.000649329117354494,0.00829513235912259
"ENSG00000204539.4","CDSN"," protein_coding","chr6",6.46107302188616,5.83575645534721,1.83762918534856,1.81872528145825e-05,0.000610517571578253
"ENSG00000204542.3","C6orf15"," protein_coding","chr6",111.184233729977,-2.50939282662037,0.923982746294383,0.000165330734359029,0.00308517372229963
"ENSG00000204624.8","DISP3"," protein_coding","chr1",20.485534875782,2.2662019696272,0.945692938047991,0.000403185965337609,0.00590091182089158
"ENSG00000204711.9","C9orf135"," protein_coding","chr9",6.12168307234519,-6.93200550538658,1.35354718271009,0.00731840533308343,0.0455162906738377
"ENSG00000204936.10","CD177"," protein_coding","chr19",3524.37766836869,2.38671641828964,1.75286551287592,0.00217081102809672,0.0192930671529823
"ENSG00000204991.11","SPIRE2"," protein_coding","chr16",440.829403732509,-1.38586553405763,0.517720264345448,0.00021090150067123,0.0036485479749227
"ENSG00000205041.1","AC118344.1"," lncRNA","chr19",3.90505825536625,2.64360797592184,0.85478825912695,9.08393485176721e-05,0.00196700877504016
"ENSG00000205045.11","SLFN12L"," protein_coding","chr17",21.9282803502009,2.50192365478929,0.572297777295217,5.46221268240132e-07,4.01261532149448e-05
"ENSG00000205116.3","TMEM88B"," protein_coding","chr1",5.83808070962411,4.04705733717624,1.22646187000874,2.14981406150906e-05,0.000682487422261745
"ENSG00000205238.9","SPDYE2"," protein_coding","chr7",4.04240511592117,1.7868615328975,0.929828516699721,0.00148674141809336,0.0148639930139624
"ENSG00000205268.11","PDE7A"," protein_coding","chr8",1147.18401868278,1.33516644586357,0.303391281804222,4.71192759736544e-07,3.54712509947216e-05
"ENSG00000205334.2","LINC01460"," lncRNA","chr2",5.69789407556502,3.54185208770413,1.10576158995575,4.16151686500514e-05,0.00111314170989799
"ENSG00000205364.4","MT1M"," protein_coding","chr16",136.929652847167,-3.95497394154744,0.560953385619524,0.000624946202678477,0.00807755582748003
"ENSG00000205436.7","EXOC3L4"," protein_coding","chr14",103.623019482851,1.83651882693335,0.984296975551989,0.00120794777189709,0.0128407254759546
"ENSG00000205502.4","C2CD4B"," protein_coding","chr15",82.3132197276333,-1.53461114342129,0.526176933275665,0.000108179788050619,0.00223814414556699
"ENSG00000205562.3","AL049775.1"," lncRNA","chr14",39.3813103846875,3.26893240064503,0.864531816529653,4.53879912106905e-06,0.000214156848150904
"ENSG00000205634.7","LINC00898"," lncRNA","chr22",5.95941938406338,2.87922402643676,0.911030415835814,5.78085297766785e-05,0.00142705423384588
"ENSG00000205809.9","KLRC2"," protein_coding","chr12",9.81312365089498,2.10743798147511,0.90916601818,0.000502302227153806,0.00690620146221913
"ENSG00000205837.7","LINC00487"," lncRNA","chr2",1.78478132269033,2.18156862752659,1.03552825975286,0.000929928835120041,0.010723119884405
"ENSG00000205846.4","CLEC6A"," protein_coding","chr12",7.03794920292891,3.11049048028464,1.44418308922407,0.000651983587625699,0.00830698653140359
"ENSG00000205922.5","ONECUT3"," protein_coding","chr19",7.10938633765541,2.0940206132362,1.33975631136124,0.0021885901004794,0.0194113708736891
"ENSG00000206195.11","DUXAP8"," lncRNA","chr22",116.529681495321,4.71212479816125,0.841145832253773,7.25079812631277e-10,1.96692533418842e-07
"ENSG00000206262.9","FOXL2NB"," protein_coding","chr3",12.5799050952987,2.24244088083232,0.865192381263377,0.000264512203755743,0.0043016735930247
"ENSG00000207554.1","MIR647"," miRNA","chr20",5.54065515567498,1.28264115572946,0.563927950470179,0.000714112933222694,0.00887147651228094
"ENSG00000207741.1","MIR590"," miRNA","chr7",3.77971077537195,2.13101367327599,0.745773441777723,0.000150524433508198,0.0028808990338365
"ENSG00000211592.8","IGKC"," IG_C_gene","chr2",146199.38094628,1.86299124879713,1.52625100110525,0.00340832647954787,0.0266916743326163
"ENSG00000211597.2","IGKJ1"," IG_J_gene","chr2",80.2000432058235,1.990836589446,1.42046011513564,0.00216382358707591,0.0192394001802756
"ENSG00000211598.2","IGKV4-1"," IG_V_gene","chr2",5678.07718374223,2.279501286085,1.44282410640119,0.00168770971568082,0.0161663986088192
"ENSG00000211637.2","IGLV4-69"," IG_V_gene","chr22",948.445197486075,2.40668094131519,2.17527232744683,0.00237804100140291,0.0206579151601448
"ENSG00000211639.2","IGLV4-60"," IG_V_gene","chr22",33.7163645822085,2.36315212771988,0.78308775794159,0.00211127506546352,0.0189876407323929
"ENSG00000211640.4","IGLV6-57"," IG_V_gene","chr22",1771.61378513748,2.63375031450682,1.29582822699438,0.00081466923013219,0.00975152509064286
"ENSG00000211647.1","IGLV5-48"," IG_V_gene","chr22",7.77142860497268,1.8274808959876,1.79079571476204,0.00350361276765249,0.0271963693472729
"ENSG00000211660.3","IGLV2-23"," IG_V_gene","chr22",2671.72485814726,2.1266698941228,1.75835091877927,0.00255996977094818,0.0218820575165394
"ENSG00000211662.2","IGLV3-21"," IG_V_gene","chr22",1522.44126086426,2.9664610269927,1.01361362696234,0.00107232042841788,0.0118375612302987
"ENSG00000211668.2","IGLV2-11"," IG_V_gene","chr22",1740.25476525807,2.35464937368877,1.30654264948113,0.00125763086623119,0.0132301375076752
"ENSG00000211673.2","IGLV3-1"," IG_V_gene","chr22",4258.04899059293,3.56779928113294,1.08748358147539,2.95104774957071e-05,0.000859171959152624
"ENSG00000211689.7","TRGC1"," TR_C_gene","chr7",25.4618981404636,1.25548898994113,0.572430992532511,0.000721051427492094,0.0089288831695102
"ENSG00000211706.2","TRBV6-1"," TR_V_gene","chr7",7.86870739328625,2.24154435052793,0.859156114129414,0.000276229610212742,0.00444495827269849
"ENSG00000211716.2","TRBV9"," TR_V_gene","chr7",19.6932863570258,2.16588203686116,1.10231082452166,0.00100256718236729,0.0112971751453636
"ENSG00000211721.2","TRBV6-5"," TR_V_gene","chr7",17.3870093540276,2.02255255669015,0.742000104901764,0.000199715883404142,0.00351502266317718
"ENSG00000211724.3","TRBV6-6"," TR_V_gene","chr7",7.92994867791035,1.92450032493243,0.966269659711371,0.0010860706064034,0.0119287343273914
"ENSG00000211727.3","TRBV7-6"," TR_V_gene","chr7",9.43809697702349,2.07690148267155,1.03962857816067,0.00108074541511828,0.011891718636032
"ENSG00000211728.2","TRBV5-6"," TR_V_gene","chr7",7.53374616566095,1.53518058541064,1.17310809516741,0.00290264887165484,0.0238470488274454
"ENSG00000211734.3","TRBV5-1"," TR_V_gene","chr7",20.4234283414363,1.93981551799409,0.755004238555854,0.000285033438292472,0.00454097535819223
"ENSG00000211745.3","TRBV4-2"," TR_V_gene","chr7",13.9105697657996,1.72545515984338,1.00593064683387,0.00156459876217071,0.0154115372989579
"ENSG00000211747.3","TRBV20-1"," TR_V_gene","chr7",34.9577997345988,1.53653832545773,0.80704241537033,0.0012182490887995,0.0129114684943194
"ENSG00000211751.9","TRBC1"," TR_C_gene","chr7",454.642095819971,1.46445920442564,0.676916017965004,0.000733539413121272,0.00906529736831871
"ENSG00000211776.2","TRAV2"," TR_V_gene","chr14",9.03473904084959,1.69922677141997,0.92869051029425,0.0014993453669645,0.0149604956185995
"ENSG00000211777.2","TRAV3"," TR_V_gene","chr14",10.4681071933939,1.40138804757995,1.16028437447861,0.00298288061111832,0.0242952190749709
"ENSG00000211778.2","TRAV4"," TR_V_gene","chr14",13.1913263733103,2.00090663773434,0.997304333754061,0.00101270221931387,0.0113650985793183
"ENSG00000211787.1","TRAV8-3"," TR_V_gene","chr14",8.973322812816,2.24081124811785,0.941504049813641,0.000465874813510029,0.0065323424173723
"ENSG00000211790.2","TRAV8-4"," TR_V_gene","chr14",12.9920883078602,2.53381163674245,0.739885482114931,2.33859310339296e-05,0.000726492666532075
"ENSG00000211795.3","TRAV8-6"," TR_V_gene","chr14",16.4820374201551,1.86178028756978,0.807365642491738,0.00054846099174616,0.00734493357198414
"ENSG00000211797.2","TRAV17"," TR_V_gene","chr14",11.3316780876069,1.93267206377839,1.12723142144644,0.00158928911394488,0.0155468156392427
"ENSG00000211799.3","TRAV19"," TR_V_gene","chr14",22.8024771610171,2.05228626410716,0.91416331854415,0.000633072364734607,0.0081617761037192
"ENSG00000211804.3","TRDV1"," TR_V_gene","chr14",6.9090063771421,3.26523974041368,1.04310964277481,6.5817026184057e-05,0.00155170016847731
"ENSG00000211807.3","TRAV26-1"," TR_V_gene","chr14",8.2833679310683,1.47084154734229,1.00902078584788,0.00253729293919068,0.0217126308834008
"ENSG00000211810.3","TRAV29DV5"," TR_V_gene","chr14",9.25906460921467,1.86168914412003,1.05110979155503,0.00144992091935611,0.014598366929117
"ENSG00000211821.2","TRDV2"," TR_V_gene","chr14",1.86157941297567,3.29108627936473,1.30578420421828,0.000279800486319716,0.00448344161772472
"ENSG00000211892.4","IGHG4"," IG_C_gene","chr14",4965.802190724,3.1666650626378,0.793280220480389,2.0296928720266e-07,1.78924780628826e-05
"ENSG00000211893.4","IGHG2"," IG_C_gene","chr14",35229.512781834,4.53113911635193,0.96186521303925,9.53382202097048e-08,1.01737589166237e-05
"ENSG00000211896.7","IGHG1"," IG_C_gene","chr14",128385.401804983,4.01720326296959,0.990664171671474,1.76672957981402e-06,0.000102933997530428
"ENSG00000211897.9","IGHG3"," IG_C_gene","chr14",14562.4788554079,4.15949688441291,0.917986782289885,2.24302089641964e-07,1.94350411745899e-05
"ENSG00000211899.10","IGHM"," IG_C_gene","chr14",3540.80301385234,2.95982464430788,0.867406985524098,0.000167733276750504,0.00311623222102205
"ENSG00000211933.2","IGHV6-1"," IG_V_gene","chr14",260.806486511263,3.2248856409784,1.15125907117327,0.00177368726158617,0.0167835947523533
"ENSG00000211934.3","IGHV1-2"," IG_V_gene","chr14",961.547048824269,3.23562346784333,1.35399442482346,0.00275193321825256,0.0230119727706118
"ENSG00000211941.3","IGHV3-11"," IG_V_gene","chr14",1415.29103532439,2.70544870112228,1.38636343081131,0.000939450489062906,0.0107939205605856
"ENSG00000211947.2","IGHV3-21"," IG_V_gene","chr14",3316.32610314548,3.02438611290725,1.48180982693521,0.000797463739896625,0.00960525335504002
"ENSG00000211949.3","IGHV3-23"," IG_V_gene","chr14",3598.25778482484,2.68210563289713,1.24820578571496,2.94593145194888e-06,0.000155007981398134
"ENSG00000211950.2","IGHV1-24"," IG_V_gene","chr14",625.760268722856,2.40963184333509,1.4030417646334,0.00138834014858452,0.0141624989479555
"ENSG00000211956.2","IGHV4-34"," IG_V_gene","chr14",461.620048087819,3.1300433536606,1.05407304144083,0.000651515496317228,0.00830698653140359
"ENSG00000211964.3","IGHV3-48"," IG_V_gene","chr14",1198.69832178454,3.02268151688634,1.21062884998674,0.00028907827430839,0.00459578544513385
"ENSG00000211965.4","IGHV3-49"," IG_V_gene","chr14",253.149859946055,3.26848934390787,0.978905617663707,0.00204562385316637,0.0185712114168206
"ENSG00000211968.3","IGHV1-58"," IG_V_gene","chr14",104.436877542123,2.35662982417363,1.46108450929712,4.10222466612557e-05,0.00110269443898177
"ENSG00000211973.2","IGHV1-69"," IG_V_gene","chr14",132.729970376876,2.83171466195846,1.17571743396834,0.000194379696305476,0.00345106229056536
"ENSG00000212125.2","TAS2R15P"," unprocessed_pseudogene","chr12",4.7940314891082,1.23236713395933,0.785450439991284,0.00253028769018875,0.0216709770548325
"ENSG00000212719.13","LINC02693"," lncRNA","chr17",489.217913969258,1.20586106428353,0.430320601855439,0.000156171427781021,0.00296852602069012
"ENSG00000213222.3","TOMM40P4"," processed_pseudogene","chr2",53.2452453221324,1.22670477622171,0.385900667478074,5.00702459257289e-05,0.00127429823375665
"ENSG00000213397.10","HAUS7"," protein_coding","chrX",11.6934942778276,1.08461121684109,0.540118154875373,0.00106777032618326,0.0118044707125451
"ENSG00000213420.8","GPC2"," protein_coding","chr7",44.7993807679733,1.04687097897941,0.742714021709036,0.00256926260343264,0.0219245183945558
"ENSG00000213468.7","FIRRE"," lncRNA","chrX",54.6577031067733,4.19288271803864,0.878818401044122,7.71073101695786e-08,8.4966109572007e-06
"ENSG00000213713.3","PIGCP1"," processed_pseudogene","chr11",71.566778213589,1.1235998389502,0.363926175181911,6.80441595730221e-05,0.00158942167825985
"ENSG00000213722.10","DDAH2"," protein_coding","chr6",2503.45329752509,-1.03936541925878,0.336073361557057,6.38271924326379e-05,0.00152062586109007
"ENSG00000213757.3","RPS3AP20"," processed_pseudogene","chr5",139.472410228485,-1.26390960596056,0.350174811116525,1.0671618885139e-05,0.000409276097293483
"ENSG00000213809.9","KLRK1"," protein_coding","chr12",11.418002612359,2.02245142931789,0.929374565756127,0.000748736778472804,0.00920053803785592
"ENSG00000213860.4","RPL21P75"," processed_pseudogene","chr7",31.9756891416961,-1.39451641803539,0.543834769235449,0.000272181598090019,0.0043984372703038
"ENSG00000213928.9","IRF9"," protein_coding","chr14",82.6275170498803,1.82383141682172,0.40622844792981,2.70945832496053e-07,2.23313701997356e-05
"ENSG00000213949.10","ITGA1"," protein_coding","chr5",1109.96797825478,2.03223019923106,0.45793052339567,3.68556392631838e-07,2.88889318791549e-05
"ENSG00000214429.3","CYCSP6"," processed_pseudogene","chr2",8.80928637073864,4.70771586012223,1.05923609723971,3.91093159212557e-07,3.04982467977731e-05
"ENSG00000214456.8","PLIN5"," protein_coding","chr19",201.511046437386,-3.30632347923516,0.78981522594907,9.52823301621069e-07,6.20518524030012e-05
"ENSG00000214544.7","GTF2IRD2P1"," transcribed_unprocessed_pseudogene","chr7",87.4955502074305,4.15555799106081,0.574800987944224,2.09606816993163e-14,3.17189162054659e-11
"ENSG00000214826.5","DDX12P"," unprocessed_pseudogene","chr12",92.7781569343393,1.11904278523911,0.538620324583592,0.000905451516996358,0.0105000438325791
"ENSG00000215045.8","GRID2IP"," protein_coding","chr7",38.3470736729391,-1.9333616695197,0.507455665497372,5.14512671157078e-06,0.000234953061079583
"ENSG00000215187.12","FAM166B"," protein_coding","chr9",42.2535980806292,-4.46206778478881,0.519705729342996,3.08405794878164e-07,2.50133749567814e-05
"ENSG00000215270.3","TOMM40P2"," processed_pseudogene","chr22",7.58874336696122,2.7262306634405,0.777847631716649,1.46522474537831e-05,0.000520329367567462
"ENSG00000215493.3","AC007731.1"," processed_pseudogene","chr22",10.5613120868195,2.92372568408967,0.549312121232457,5.39869016295194e-09,1.03917951851808e-06
"ENSG00000215559.8","ANKRD20A11P"," transcribed_unprocessed_pseudogene","chr21",62.0004354831846,-3.16404205644537,0.826486189809547,4.22799459984287e-06,0.000202179244913555
"ENSG00000215784.6","FAM72D"," protein_coding","chr1",19.4506607309549,1.35460649264684,0.561352581121615,0.000427175329469183,0.00613973690696893
"ENSG00000217455.8","AC073316.1"," lncRNA","chr7",4.73094286179604,2.34941235207409,1.15728081064355,0.00122452817677562,0.0129535914574876
"ENSG00000217555.13","CKLF"," protein_coding","chr16",1.90660862029398,2.14995567024552,1.18818612720942,0.00164063671451053,0.0158626883352061
"ENSG00000218336.9","TENM3"," protein_coding","chr4",765.883902278052,1.79893083687524,0.704295538771687,0.000296864503921173,0.00468528290490641
"ENSG00000218358.2","RAET1K"," transcribed_unprocessed_pseudogene","chr6",5.16304238961309,2.22680692934979,1.09056751870073,0.00123221303447903,0.0130167749279648
"ENSG00000221164.1","SNORA11F"," snoRNA","chr10",5.11134939960077,1.41174614420973,0.544695326869275,0.000332227226022347,0.00507230252259921
"ENSG00000221184.1","AL513534.1"," miRNA","chr10",4.05623943739711,1.9319847694999,0.83155273776137,0.000704580287835631,0.00879655184480502
"ENSG00000221968.9","FADS3"," protein_coding","chr11",732.579114406941,1.75053837375275,0.604872630842485,0.000117183541391318,0.00238069675640224
"ENSG00000222032.1","AC112721.2"," lncRNA","chr2",4.38831010883937,4.7613627920905,1.33816819674619,5.23741216762414e-06,0.000237739427244706
"ENSG00000222047.9","C10orf55"," lncRNA","chr10",34.5618481334463,1.3966903273,0.447169619568789,5.97073344590566e-05,0.00146230132399187
"ENSG00000223060.1","Y_RNA"," misc_RNA","chr19",1.84438830466277,1.96329625229151,0.90982021191866,0.00108397075519592,0.011917172171343
"ENSG00000223254.1","Y_RNA"," misc_RNA","chr1",7.70545280437852,-1.45214531704483,0.678656627612152,0.000802615293544814,0.00964265387715494
"ENSG00000223374.1","AC005104.1"," lncRNA","chr2",5.98482620274448,1.43552529345911,0.810296633968456,0.00182672535900691,0.017141684154112
"ENSG00000223485.4","LINC01615"," lncRNA","chr6",130.101428498512,2.56009680042861,0.840248209433065,6.42328303540228e-05,0.00152618208559133
"ENSG00000223511.7","AL683807.1"," lncRNA","chrX",5.85573086076035,2.02630396336571,0.742781110002673,0.000220983948838066,0.00378849201579037
"ENSG00000223648.4","IGHV3-64"," IG_V_gene","chr14",46.8452411160169,2.87667553092271,1.16410409484772,0.00297924797593785,0.0242811801726822
"ENSG00000223725.6","AC009226.1"," lncRNA","chr2",5.0058588607007,1.26457060234476,1.01610761966647,0.00357799709208834,0.0275139381951157
"ENSG00000223749.11","MIR503HG"," lncRNA","chrX",22.7089125212898,4.4853963197763,0.732892912972095,1.27034964437264e-05,0.000466511849471864
"ENSG00000223776.5","LGALS8-AS1"," lncRNA","chr1",3.61549969452817,1.2860654436904,0.837436757209377,0.00302465255368691,0.0245696469325
"ENSG00000223960.7","CHROMR"," lncRNA","chr2",283.845559008041,1.39556891576588,0.240297112823111,2.8806018556438e-10,9.12580669121822e-08
"ENSG00000224014.1","AL390728.3"," processed_pseudogene","chr1",2.07095102805758,2.5072078148921,1.17991144398906,0.00110602302750992,0.0120694217207245
"ENSG00000224041.3","IGKV3D-15"," IG_V_gene","chr2",143.801979819286,2.19928809734673,1.24660165463613,0.00133012089420087,0.0137328634422107
"ENSG00000224094.1","RPS24P8"," processed_pseudogene","chr3",33.5624916549378,-1.25013592301887,0.344276175314098,9.55577028136835e-06,0.000381451126454284
"ENSG00000224116.7","INHBA-AS1"," lncRNA","chr7",16.9251340942637,3.23167008859144,1.29286568722575,0.000297639576507343,0.00469507906655489
"ENSG00000224126.2","UBE2SP2"," processed_pseudogene","chr17",4.96813693422767,1.40238601186061,0.903020637963563,0.00222538578055701,0.0196574666697881
"ENSG00000224149.1","AC099786.2"," lncRNA","chr1",9.49986430469823,1.38832203906873,0.982092855196961,0.00218771408507736,0.0194113708736891
"ENSG00000224189.8","HAGLR"," lncRNA","chr2",141.357190424576,2.53969552466563,0.463713834185003,1.75897557179943e-09,4.13785013093347e-07
"ENSG00000224373.3","IGHV4-59"," IG_V_gene","chr14",2011.84611293287,2.97581652902318,1.19883921715155,0.000307893564218786,0.0048168554365154
"ENSG00000224402.2","OR6D1P"," transcribed_unitary_pseudogene","chr10",2.78073082119886,1.12301647953,2.27441129866929,0.00521474566798112,0.035879660687847
"ENSG00000224594.2","RPL29P19"," processed_pseudogene","chr8",65.5210204580963,3.71810860701982,0.912828286438264,1.38087142090771e-06,8.36582520399724e-05
"ENSG00000224614.2","TNK2-AS1"," lncRNA","chr3",7.98276445669744,1.26852775462005,0.534832879686897,0.000452217002855518,0.00640879576320823
"ENSG00000224750.6","AL391704.1"," lncRNA","chr10",2.81695167881542,2.77979585768368,1.41712957270683,0.000433100499851767,0.00619979705257449
"ENSG00000224817.2","AC010789.1"," lncRNA","chr10",28.090946351903,4.37519113763837,1.90707204010971,0.000383023245285126,0.00567096890875283
"ENSG00000224875.2","EML4-AS1"," lncRNA","chr2",5.25389262281432,1.98202823582843,0.915111518373347,0.000835053565064648,0.00989476239443665
"ENSG00000224939.1","LINC00184"," lncRNA","chr1",9.58762201093629,1.30953765148378,1.41928609534675,0.00374194440218919,0.0284296165635223
"ENSG00000224969.1","AL645608.1"," lncRNA","chr1",3.19186534538026,2.81784947056098,1.09660007718223,0.000334720255348059,0.00510523928079263
"ENSG00000224999.1","VTA1P1"," processed_pseudogene","chr6",5.25307241846847,5.98425914061982,1.5242195004774,0.0013248792613857,0.013700630049821
"ENSG00000225028.1","AC096541.1"," lncRNA","chr1",4.1565864811865,-2.16044537426778,0.98229805724652,0.00074996212854417,0.0092081543057787
"ENSG00000225075.1","AL603832.1"," lncRNA","chr1",2.66723480420889,2.23208495991723,0.799819910648091,0.000238331966929504,0.00399811803713052
"ENSG00000225096.3","AL445250.1"," lncRNA","chr6",7.69312714895113,2.76942131314136,0.822726198349778,0.00232059499363608,0.0202903993856192
"ENSG00000225101.6","OR52K3P"," transcribed_unprocessed_pseudogene","chr11",6.23057548411346,1.94344909843612,0.602452233434935,4.87434950282985e-05,0.00124560707466377
"ENSG00000225205.5","AC078883.1"," lncRNA","chr2",40.3119276499181,1.21680678525119,0.460145450925984,0.000242065890752672,0.00403426278821436
"ENSG00000225210.10","DUXAP9"," transcribed_processed_pseudogene","chr14",22.287147029998,4.63119841498202,1.05840938516589,6.50824989630974e-07,4.56072359669281e-05
"ENSG00000225313.5","AL513327.1"," lncRNA","chr1",27.3703417260742,1.38194052355438,0.386547511244111,1.280328828603e-05,0.000468575699931445
"ENSG00000225362.10","CT62"," lncRNA","chr15",16.1556404644231,3.68046667048082,1.06272312763237,1.54657487363085e-05,0.000541889189305704
"ENSG00000225470.8","JPX"," lncRNA","chrX",24.1344918863732,1.46063825100126,0.408988622918549,1.18572128119901e-05,0.000443558933888135
"ENSG00000225526.5","MKRN2OS"," protein_coding","chr3",119.26361322265,-1.94435187189474,0.447231209045403,5.1097082965616e-07,3.78886365363324e-05
"ENSG00000225614.4","ZNF469"," protein_coding","chr16",563.058664753847,1.76578891879271,0.778182659742165,0.00057622757844436,0.00760625405522063
"ENSG00000225684.4","FAM225B"," lncRNA","chr9",12.1501590106192,2.877853819928,0.813267473767941,1.44558348442933e-05,0.000514807148851865
"ENSG00000225720.6","AL031846.1"," transcribed_unprocessed_pseudogene","chr22",6.51135526287063,1.56534014533457,0.862349022017708,0.00160061557465094,0.0156274547261185
"ENSG00000225756.1","DBH-AS1"," lncRNA","chr9",27.6986141890835,1.92884313238099,0.763234936558244,0.000322557455468554,0.0049670581737545
"ENSG00000225762.1","LINC01389"," lncRNA","chr1",9.48984906981401,1.16950528549633,1.09095825730849,0.00322429644252946,0.0256032709416837
"ENSG00000225783.8","MIAT"," lncRNA","chr22",241.523123496742,2.34937925289065,0.709473923418382,3.03476003176899e-05,0.000879011017582763
"ENSG00000225857.5","LINC02816"," lncRNA","chr1",2.67749413468782,2.23603863873621,0.972059047720178,0.000693094363930979,0.00869598964118517
"ENSG00000225886.3","AL445490.1"," lncRNA","chr1",10.5991690304049,4.69136802218587,0.913524517307372,2.85834659978941e-08,3.77960413649545e-06
"ENSG00000225907.1","RPS27P16"," processed_pseudogene","chr7",6.31327730553883,3.07195707731912,0.839213607942828,1.08397411463389e-05,0.000413637449791224
"ENSG00000225963.8","AC009950.1"," lncRNA","chr2",12.3526700370316,1.69087152634561,0.499988283813753,2.82993044050894e-05,0.000832366290978708
"ENSG00000225964.6","NRIR"," lncRNA","chr2",12.3211107121997,3.24590481922151,0.790474355669402,1.10196798220962e-06,7.0854444488248e-05
"ENSG00000225969.2","ABHD11-AS1"," transcribed_unitary_pseudogene","chr7",90.023202730756,-3.18963596471032,0.845967746892084,5.35865443844386e-06,0.000242251546586183
"ENSG00000226025.9","LGALS17A"," transcribed_unprocessed_pseudogene","chr19",39.2430322777086,2.70053500302909,0.793655227391404,2.12122166177788e-05,0.000679796779764497
"ENSG00000226334.1","AL359182.1"," lncRNA","chr9",7.94699696959855,1.23099662268462,0.735630482065527,0.00198360709508804,0.018160583691407
"ENSG00000226363.3","HAGLROS"," lncRNA","chr2",32.9923892197843,3.62674425740329,0.665075843941402,2.20014407816894e-09,5.03105126686857e-07
"ENSG00000226421.1","SLC25A5P5"," processed_pseudogene","chr7",13.3178931055265,2.52011451757265,0.838591722935855,8.88785569463656e-05,0.00193647572446552
"ENSG00000226659.1","AC021028.1"," lncRNA","chr10",6.87049832975717,2.39594110399139,0.494162562034036,7.61709930824781e-08,8.42395786406329e-06
"ENSG00000226706.1","AL161452.1"," lncRNA","chr9",2.0707086288264,1.70507246246856,1.03676670057481,0.00256531541708038,0.0218969794498079
"ENSG00000226777.7","FAM30A"," lncRNA","chr14",74.0767639471801,2.52756477787616,0.93973610532234,0.000192565376571231,0.00342524123161333
"ENSG00000226806.1","LCT-AS1"," lncRNA","chr2",1.52742400911584,3.09845002629454,1.17141909902497,0.000149873372045389,0.00287665528263166
"ENSG00000226953.8","NCKAP5-AS2"," lncRNA","chr2",13.6994856759463,1.45132916554684,0.81475507469642,0.0014966656369029,0.0149386583574427
"ENSG00000226979.9","LTA"," protein_coding","chr6",36.6349888924951,1.87267867623939,0.625060719661179,8.26649149351866e-05,0.00183510077220717
"ENSG00000227191.8","TRGC2"," TR_C_gene","chr7",70.7819975796572,1.33367162707462,0.860845013733823,0.00207926555773801,0.0187701702010941
"ENSG00000227214.2","HCG15"," lncRNA","chr6",12.663910242882,1.04686449575653,0.864906407199782,0.00326209263118156,0.0258561436518439
"ENSG00000227440.1","ATP5MC1P4"," processed_pseudogene","chr3",12.6816168318061,1.08144089192755,0.647093799187998,0.0017656681740205,0.0167339564276988
"ENSG00000227507.3","LTB"," protein_coding","chr6",410.499670825683,1.73946992314532,0.535329304124528,3.90633712949724e-05,0.00106359383276096
"ENSG00000227543.5","SPAG5-AS1"," lncRNA","chr17",8.86011901577883,1.21830242179956,0.556481361213507,0.00084095363373102,0.00993239722821807
"ENSG00000227953.7","LINC01341"," lncRNA","chr1",9.72150188681755,1.83684750335813,1.04221887680686,0.00165464872837044,0.0159400797516409
"ENSG00000227959.1","AL451042.2"," lncRNA","chr1",67.1482527365522,-1.76397146689611,0.585187474282822,7.65098516922552e-05,0.00173584297504442
"ENSG00000227992.1","AC108463.1"," processed_pseudogene","chr2",8.95845293752849,1.4676620360633,0.778478880002036,0.0014311038696438,0.0144887356815836
"ENSG00000228049.7","POLR2J2"," protein_coding","chr7",3.24799283631278,1.48836274377765,1.41788722692605,0.0036484030893566,0.0279141844419125
"ENSG00000228060.3","PABPC4-AS1"," lncRNA","chr1",3.31329640436282,1.82262703019812,0.621908752043819,0.000168678656759947,0.00313073353991353
"ENSG00000228168.1","HNRNPA1P21"," processed_pseudogene","chr3",54.505939855753,2.63837145843656,0.488270601668025,2.66715513290081e-09,5.87798471426902e-07
"ENSG00000228203.7","GRASLND"," lncRNA","chr2",34.6803241989368,2.80556266370478,0.49740198065613,6.55497339803712e-10,1.81233096322275e-07
"ENSG00000228318.3","AP001610.2"," lncRNA","chr21",4.19799105758371,1.45645117937027,1.73457064641616,0.00433571357677948,0.03156209433768
"ENSG00000228393.4","LINC01004"," lncRNA","chr7",50.4046462428922,1.29765034428403,0.622880049320251,0.000819275757051057,0.00977122886242894
"ENSG00000228492.2","RAB11FIP1P1"," processed_pseudogene","chrX",19.0206275110032,2.44615302572792,0.534153121421417,2.10488782719697e-07,1.85017206614282e-05
"ENSG00000228509.6","AC006460.1"," lncRNA","chr2",145.861476920516,4.96847520577627,0.750819613634413,1.88890390311369e-12,1.37197777478705e-09
"ENSG00000228541.1","AC093159.1"," lncRNA","chr2",87.8985149284378,-2.45596541061681,1.27820604012203,0.000930115090752652,0.010723119884405
"ENSG00000228630.5","HOTAIR"," lncRNA","chr12",17.2288461026515,4.43217357605735,1.40216940120984,0.00322387926324268,0.0256032709416837
"ENSG00000228649.9","SNHG26"," lncRNA","chr7",171.804053058486,1.23749685978493,0.481601253763121,0.000290843983601112,0.00461661694846587
"ENSG00000228663.1","PSMD10P1"," processed_pseudogene","chr20",2.89864017080887,1.27734277608041,1.21281778443677,0.00483539902742067,0.0340044765765485
"ENSG00000228668.1","TRGV5P"," TR_V_pseudogene","chr7",3.36357051876638,2.05151217378887,0.916791812423219,0.000801658711274788,0.00963669817628464
"ENSG00000228742.11","LINC02577"," lncRNA","chr7",143.154513271491,5.90120994870983,0.904129193005844,1.68848103762622e-12,1.28379434493316e-09
"ENSG00000228915.3","OR7E128P"," unprocessed_pseudogene","chr11",4.41449653938224,1.89237146525202,0.861006826328482,0.000787661042903977,0.00954007777691702
"ENSG00000229056.2","HECW2-AS1"," lncRNA","chr2",17.2075890253673,1.11361135292795,0.811398803859261,0.0027676347201609,0.0230924759243493
"ENSG00000229152.2","ANKRD10-IT1"," lncRNA","chr13",68.7724583789962,1.06520778302219,0.513069858008981,0.000923225511408228,0.0106720096839447
"ENSG00000229162.1","RUNX3-AS1"," lncRNA","chr1",7.8751840535425,2.55008019949284,0.692661058284167,1.03182562576359e-05,0.00040225290155591
"ENSG00000229298.1","TUBB8P1"," processed_pseudogene","chr9",5.66237265890145,1.65144959556065,0.757194540522633,0.000835815098520625,0.00989476239443665
"ENSG00000229393.1","AL139246.4"," lncRNA","chr1",4.07751729781675,2.14266604210328,1.23342997247027,0.00151190544390103,0.0150561621423957
"ENSG00000229425.3","AJ009632.2"," lncRNA","chr21",20.8604257891673,2.16560384345102,1.01817163561111,0.000697396346403196,0.00873704091340153
"ENSG00000229453.2","SPINK8"," protein_coding","chr3",18.205774706874,-4.6061352384521,0.907758510219512,2.06065149603561e-08,2.93188234207625e-06
"ENSG00000229618.3","AC011287.1"," lncRNA","chr7",26.6748686441643,3.05420012218917,1.02661502474638,8.4618519444597e-05,0.00186892013933807
"ENSG00000229647.2","MYOSLID"," lncRNA","chr2",90.0234077407734,1.94110502889211,0.739225410055012,0.000236554673684466,0.00399020371090719
"ENSG00000229656.7","ITGB1-DT"," lncRNA","chr10",10.005775453947,2.65914709985188,0.812746154297505,3.87444712062667e-05,0.00105680323120734
"ENSG00000229720.1","AL109924.1"," lncRNA","chr6",3.52795928437202,4.62244250556991,1.89484010871942,0.000246024389569342,0.004066488999985
"ENSG00000229754.1","CXCR2P1"," transcribed_unprocessed_pseudogene","chr2",107.538597893551,3.91946543112302,1.03525009428968,4.85914236105377e-06,0.00022391075246474
"ENSG00000229816.1","DDX50P1"," processed_pseudogene","chr2",4.65479998840751,2.3879621775287,0.649892852814661,1.52794157740939e-05,0.000536596849812376
"ENSG00000229961.3","AL357143.1"," transcribed_unprocessed_pseudogene","chr1",8.87375328478764,1.90543321347469,0.700196730599277,0.000208367689512304,0.00361655036205937
"ENSG00000230006.7","ANKRD36BP2"," transcribed_unprocessed_pseudogene","chr2",65.8074737960113,1.56631488136939,1.34642529661279,0.00290511675617943,0.0238470488274454
"ENSG00000230010.2","AL049646.1"," lncRNA","chr20",2.71152392142025,1.98671808732847,0.836179210648894,0.000653568046743033,0.00831672175966355
"ENSG00000230033.1","AC006357.1"," lncRNA","chr7",3.34250231713713,3.16176059313538,1.36781263092428,0.000678768998567069,0.00855153336927103
"ENSG00000230061.2","TRPM2-AS"," lncRNA","chr21",22.5167205221061,2.38066989390927,0.929621822802372,0.000280274672566911,0.00448631242988288
"ENSG00000230138.2","LINC02812"," lncRNA","chr1",2.63025056588659,1.68159119470349,0.919037526249162,0.00169608466174427,0.0162210763577448
"ENSG00000230183.4","CNOT6LP1"," processed_pseudogene","chr15",35.0624483565052,1.2318249625643,1.69847822292841,0.00377637524304434,0.0286339816172295
"ENSG00000230224.1","PHBP9"," processed_pseudogene","chr10",8.56297205498298,1.45684916244608,0.525190612112299,0.000207834006204161,0.00361398263618476
"ENSG00000230280.2","HNRNPA1P59"," processed_pseudogene","chr1",4.85212770823867,1.43295904219266,0.610674000277469,0.000608753683419076,0.00791197682642067
"ENSG00000230479.1","AP000695.1"," lncRNA","chr21",29.696846423626,3.01036590291603,0.635077754360722,1.0015492991412e-07,1.05710802573294e-05
"ENSG00000230481.2","IGKV1OR22-5"," IG_V_pseudogene","chr22",10.1767109188634,1.7957206281483,1.76631961610985,0.00331761630081853,0.0261734538409322
"ENSG00000230499.1","AC108463.2"," lncRNA","chr2",1.84385000891397,1.35631241616904,1.57737480755816,0.00572861326695546,0.038274234465711
"ENSG00000230524.8","COL6A4P1"," transcribed_unprocessed_pseudogene","chr3",5.34734280308436,1.84490887544703,0.688612038850139,0.00022242243068106,0.00380613990564017
"ENSG00000230570.1","AL139095.3"," processed_pseudogene","chr6",14.0979008944136,2.36084437120846,0.701889777197253,2.56937312665922e-05,0.000775991508451706
"ENSG00000230699.2","AL645608.2"," lncRNA","chr1",11.0889279105901,2.48268996696671,1.69838317946607,0.00206891228607114,0.0187201964831732
"ENSG00000230773.9","AC092650.1"," lncRNA","chr2",10.0164547251369,1.26626653314805,0.550081595942886,0.000548454376440174,0.00734493357198414
"ENSG00000230825.2","AC005532.1"," lncRNA","chr7",34.1419719233707,-2.15399455477794,0.698818136989791,6.23450440542352e-05,0.00149889314215135
"ENSG00000230838.1","LINC01614"," lncRNA","chr2",15.4551964731536,5.32609094981766,1.16759817597727,1.4612820509283e-07,1.38881159421508e-05
"ENSG00000230873.9","STMND1"," protein_coding","chr6",8.36853330685935,-6.26186801077057,0.678305984884446,7.46522779620963e-06,0.000316652681961121
"ENSG00000230988.3","RPL23AP11"," processed_pseudogene","chr14",3.66893430096127,5.20545108821165,1.67042293264695,2.5005032785881e-05,0.000764394996932569
"ENSG00000231131.8","LNCAROD"," lncRNA","chr10",20.3801428795665,2.26460629689055,0.480491895865089,9.98918950643063e-08,1.05710802573294e-05
"ENSG00000231292.6","IGKV1OR2-108"," IG_V_gene","chr2",139.309516449161,2.42455491037964,1.3043313448317,0.00110977617261184,0.0120930214036703
"ENSG00000231298.7","MANCR"," lncRNA","chr10",61.2902502331305,2.39620686410892,0.87614489798708,0.000167351012225438,0.00311103076700016
"ENSG00000231345.3","BEND3P1"," transcribed_processed_pseudogene","chr10",14.8707970910989,1.59194720084174,0.889532503177475,0.0015407778507783,0.015261805945555
"ENSG00000231346.5","LINC01160"," lncRNA","chr1",67.3622109395775,3.74905525593661,0.968681891228854,3.46696409516479e-06,0.000175429437382483
"ENSG00000231407.6","GORAB-AS1"," lncRNA","chr1",16.1212095952999,1.9917604472378,0.565769875143459,1.41648892886333e-05,0.000508015068319818
"ENSG00000231453.1","LINC01305"," lncRNA","chr2",6.68529610271361,2.09089284090412,1.02184550039335,0.000841942970141425,0.00994022187535371
"ENSG00000231560.1","CLEC12A-AS1"," lncRNA","chr12",11.5322731446732,3.68262834906679,0.91956869607305,3.32475078214803e-06,0.000170188898162018
"ENSG00000231587.1","SNORD62B"," snoRNA","chr9",5.68992382965305,1.45100458399322,0.530809666142601,0.000218313550095143,0.00375541289538664
"ENSG00000231625.4","SLC47A1P2"," transcribed_unprocessed_pseudogene","chr17",7.74025478730847,2.5069601151518,1.25366597415485,0.000974283894433667,0.0110728311216036
"ENSG00000231638.1","LUARIS"," lncRNA","chr7",21.8553062228663,2.20561626181156,1.03757582969076,0.000677528941519785,0.00854648348129995
"ENSG00000231652.2","AL590428.1"," lncRNA","chr6",15.8726680695882,1.29219019156962,0.512994966053027,0.000313642840828152,0.00488197152696026
"ENSG00000231728.5","TMSB15B-AS1"," lncRNA","chrX",4.453337246666,1.24981016702107,0.891892536589231,0.0031684979565969,0.0252981757887596
"ENSG00000231752.6","EMBP1"," transcribed_unprocessed_pseudogene","chr1",33.2398978323721,1.4125873672106,0.690920045955183,0.000962157624458965,0.0109636942048222
"ENSG00000231764.10","DLX6-AS1"," lncRNA","chr7",60.110822840817,2.89441829455184,0.617991047053021,1.00451852640916e-07,1.05710802573294e-05
"ENSG00000231806.3","PCAT7"," lncRNA","chr9",29.4585246077756,2.77287539126787,0.626267767200041,3.98782758991826e-07,3.0626717296006e-05
"ENSG00000231870.4","KRT17P3"," unprocessed_pseudogene","chr17",491.098550583955,1.85846747985383,1.34004469310042,0.00224014130442795,0.0197599476792921
"ENSG00000231948.2","HS1BP3-IT1"," lncRNA","chr2",6.30533969430057,2.89884285799809,0.896181228136672,5.69226455672354e-05,0.00140747025986694
"ENSG00000232021.7","LEF1-AS1"," lncRNA","chr4",15.9002410330191,2.03613249803987,0.765276250430856,0.000200113680092192,0.00351998690147128
"ENSG00000232043.1","AL133230.1"," lncRNA","chr20",8.27278651404368,1.66795788237695,0.643301855530586,0.000294697753477045,0.00465833824142275
"ENSG00000232216.1","IGHV3-43"," IG_V_gene","chr14",111.228012084673,2.84777948494185,1.4832561800443,0.00349007760827631,0.0271120639337184
"ENSG00000232334.1","AL683842.1"," processed_pseudogene","chr10",3.11446535685492,1.81234277796742,1.06057107141851,0.00175794037561067,0.016691487805661
"ENSG00000232383.1","AC010677.1"," processed_pseudogene","chr7",19.1375920934126,3.32535689683625,1.09199474513222,6.69547549949172e-05,0.00156797624502633
"ENSG00000232545.1","AC253536.3"," lncRNA","chr22",5.80252114684178,1.26512651906804,0.636767228432713,0.00133365704315925,0.0137586538852111
"ENSG00000232656.8","IDI2-AS1"," lncRNA","chr10",17.3928197564542,1.92255446586415,0.529997026941157,9.64704908472948e-06,0.000384025790332301
"ENSG00000232712.6","KIZ-AS1"," lncRNA","chr20",1.78979831859066,2.14416362092694,1.29504652294293,0.00267245147596847,0.0225519608042811
"ENSG00000232729.8","AC211433.1"," lncRNA","chr7",3.41990405667985,1.82746306303311,1.03207551821588,0.00164956717761041,0.015914308875254
"ENSG00000232884.9","AF127936.1"," lncRNA","chr21",8.59436629555596,1.57336916256106,0.881729959697591,0.00166137393032774,0.0159751056085252
"ENSG00000232926.1","AC000078.1"," processed_pseudogene","chr22",6.36592021647903,2.5734478304866,0.843308011644217,8.88132779475606e-05,0.00193647572446552
"ENSG00000233025.1","CRYZP1"," processed_pseudogene","chr7",4.33243489803453,1.16236006033671,0.757414627962355,0.0026394804901804,0.0223609073559064
"ENSG00000233085.5","BX322234.2"," lncRNA","chr6",16.4334381559544,7.35387642965472,2.0117357942076,3.70909619829476e-06,0.0001845430943605
"ENSG00000233122.2","CTAGE7P"," processed_pseudogene","chr10",7.26122440263515,2.96694560612219,0.829263427724917,1.62452537195185e-05,0.000560802385211937
"ENSG00000233231.1","HNRNPA1P49"," processed_pseudogene","chr6",4.84467088555039,1.30370110182395,0.552798627802171,0.0006390401009631,0.00820740143183731
"ENSG00000233355.7","CHRM3-AS2"," lncRNA","chr1",15.7041335450446,1.8530425757334,0.602144636910783,7.07024108371601e-05,0.00164017728511865
"ENSG00000233473.2","RAD1P2"," processed_pseudogene","chr1",7.29315523609527,3.6018208870759,1.14070650069882,5.24595286499886e-05,0.00131964569465021
"ENSG00000233515.2","LINC01518"," lncRNA","chr10",13.004043467252,3.41532507458444,1.63477784936649,0.000568188009015222,0.00752954331946839
"ENSG00000233532.6","LINC00460"," lncRNA","chr13",36.6712104974169,4.24334776329944,0.982691394309042,4.7772246177906e-07,3.57856483499669e-05
"ENSG00000233542.2","AL391845.2"," lncRNA","chr1",3.96554273011485,1.29199698674464,1.60608418523272,0.00452679356407343,0.0324395317304819
"ENSG00000233589.1","AL138789.1"," lncRNA","chr1",5.68805241236641,2.53725597526317,0.939862857554484,0.00023873285619403,0.00399811803713052
"ENSG00000233818.1","AP000695.2"," lncRNA","chr21",13.6850165843766,1.9852221670933,0.634324851420382,6.12680980681075e-05,0.00148119766816006
"ENSG00000233834.6","AC005083.1"," lncRNA","chr7",133.496378161318,-2.60257551635321,0.486920274002017,3.77917944448756e-09,7.87234140035617e-07
"ENSG00000233892.1","PAIP1P1"," processed_pseudogene","chr6",7.95713361930926,1.79555948092125,0.536307651783416,3.23589111039423e-05,0.000924078005227913
"ENSG00000233975.1","LINC02574"," lncRNA","chr1",2.17828661077921,2.98463058641682,1.13259978416515,0.000221594943334544,0.00379682648542732
"ENSG00000234041.1","AL512326.5"," processed_pseudogene","chr1",16.1093275486216,5.67825162356612,1.07204077391911,4.84869012483067e-10,1.41791550736995e-07
"ENSG00000234147.1","AL035446.1"," lncRNA","chr6",10.8102407956981,1.9358618402476,1.07082116395935,0.00128073071405412,0.0133943821205392
"ENSG00000234353.2","AP000346.2"," transcribed_unprocessed_pseudogene","chr22",3.84121429411212,1.63519485213659,0.663035336877737,0.000506793239887741,0.00694909955126504
"ENSG00000234380.2","LINC01426"," lncRNA","chr21",37.4623774514629,1.29677307680384,1.30600514024007,0.00347949552648632,0.0270782746793829
"ENSG00000234389.1","AC007278.1"," lncRNA","chr2",3.10434001155748,1.35459768909334,1.24552047199105,0.00420218538370613,0.0309820761393102
"ENSG00000234478.1","ACBD3-AS1"," lncRNA","chr1",32.3864482745527,-1.78186826259097,0.64182245144853,0.00016257838380906,0.00305577359458188
"ENSG00000234515.1","PPP1R2P1"," transcribed_processed_pseudogene","chr6",2.31809864284083,1.79915631293608,1.22648732236271,0.00272136413643093,0.0228606720149052
"ENSG00000234618.1","RPSAP9"," processed_pseudogene","chr9",24.7521988668892,-1.14987297520923,0.417754309461486,0.000166597047535563,0.00310288908366145
"ENSG00000234750.1","AC012618.2"," processed_pseudogene","chr19",3.48586021398996,1.01238275698118,0.998339439125718,0.00464245708143833,0.033003984856892
"ENSG00000234883.6","MIR155HG"," lncRNA","chr21",27.769218341657,1.55284230285698,0.56939262495201,0.000191695308181196,0.0034193720866362
"ENSG00000234902.6","AC007879.3"," lncRNA","chr2",4.14623117552547,1.45939529821989,0.873321382939298,0.00229862025775144,0.0201521873447664
"ENSG00000235138.1","AL445931.1"," lncRNA","chr9",4.65328491611751,1.92267358981552,0.62661848655412,8.26491271546057e-05,0.00183510077220717
"ENSG00000235298.1","AL354733.3"," lncRNA","chr9",2.45867765743519,2.37497673085051,0.767694292646672,0.000110655309694334,0.00227389184711742
"ENSG00000235385.2","LINC02154"," lncRNA","chrX",9.80791562239882,4.16601057274032,0.921289262370117,0.00250884373273408,0.0215419154273409
"ENSG00000235531.11","MSC-AS1"," lncRNA","chr8",139.63680953431,2.02544257052492,0.54095343149165,6.34235015776512e-06,0.00027843959310801
"ENSG00000235890.2","TSPEAR-AS1"," lncRNA","chr21",6.63972629518891,3.47292882752272,0.838185197608289,0.00267805847870109,0.0225804803195831
"ENSG00000235897.1","TM4SF19-AS1"," lncRNA","chr3",31.2483751663963,2.39454505621349,0.660832492203739,9.30930422105403e-06,0.000374502472585868
"ENSG00000236015.1","AC011290.2"," processed_pseudogene","chr7",5.75764117134187,2.67263102418388,0.787648578761546,3.03310941382122e-05,0.000879011017582763
"ENSG00000236120.7","AC110995.1"," lncRNA","chrX",173.960647589405,4.05225469955573,0.905288188165924,2.49141610465374e-07,2.10476216641206e-05
"ENSG00000236200.6","KDM4A-AS1"," lncRNA","chr1",30.2816496068519,1.43481852765763,0.391560251074936,9.12188173919539e-06,0.000369177032771112
"ENSG00000236347.1","AL513123.1"," lncRNA","chr6",11.6570418251186,4.46750739478477,1.20171846746578,7.89182087322031e-06,0.000332429291159625
"ENSG00000236526.1","AL035448.1"," lncRNA","chr20",4.25729896382728,2.34304089645177,0.765184473958105,0.000119493970732824,0.00242035485735569
"ENSG00000236651.1","DLX2-DT"," lncRNA","chr2",5.67722576777115,5.2712934057561,1.25139436724356,1.34072031647458e-07,1.30690150592761e-05
"ENSG00000236830.7","CBR3-AS1"," lncRNA","chr21",145.590198357464,-1.34266351392522,0.446420946885415,8.09097449685282e-05,0.00180403817721983
"ENSG00000236841.8","AC007750.1"," lncRNA","chr2",7.5133670997936,4.73069365158046,1.26753829584119,8.7869389132892e-06,0.000358707614993107
"ENSG00000237015.1","AL031186.1"," lncRNA","chr22",7.73781219638723,1.94619927313451,0.576994558657402,2.63074083358229e-05,0.000788169984252416
"ENSG00000237290.2","LINC01343"," lncRNA","chr1",13.3016468038324,4.31837838442321,0.964420957943534,3.95576677413156e-07,3.05147170634293e-05
"ENSG00000237372.4","UNQ6494"," lncRNA","chr9",5.4715395244932,3.96055989860246,0.581297771819998,0.00540446721960494,0.0367134379159806
"ENSG00000237380.7","HOXD-AS2"," lncRNA","chr2",18.0374627027678,4.09634550296105,0.647310999435573,1.25688942606926e-11,6.26652100246627e-09
"ENSG00000237424.1","FOXD2-AS1"," lncRNA","chr1",72.3313673820131,1.51731647678744,0.487094513926705,5.94692201576508e-05,0.00146169541399675
"ENSG00000237445.2","AL359771.1"," lncRNA","chr1",13.2429211730138,6.46687582577796,1.33264074860736,2.58308945751905e-09,5.73427004901656e-07
"ENSG00000237513.2","AC007384.1"," lncRNA","chr7",20.0614185808735,1.64990059630763,0.599579973988942,0.00018123062227538,0.0032808136400364
"ENSG00000237515.9","SHISA9"," protein_coding","chr16",38.8414594098923,-3.8453909356116,0.736484197461546,8.59179027423476e-09,1.48467112278581e-06
"ENSG00000237548.1","TTLL11-IT1"," lncRNA","chr9",14.8407537895369,4.12380200408477,0.911071641509746,2.52780505481061e-07,2.11785496231282e-05
"ENSG00000237575.4","PYY2"," transcribed_unprocessed_pseudogene","chr17",150.891051360098,5.17377054606516,0.864822176033284,7.53624139974070e-11,2.70259790163497e-08
"ENSG00000237989.1","LINC01679"," lncRNA","chr21",192.33952109339,2.13888447871147,0.473296730822862,2.46132203632249e-07,2.08513055962885e-05
"ENSG00000238018.2","AC093110.1"," lncRNA","chr2",12.1760807534144,1.05036565211971,0.513618282717363,0.00107998814609869,0.0118876871108575
"ENSG00000238113.7","LINC01410"," lncRNA","chr9",63.4472938113269,1.5239226782666,0.289873381071734,6.15402043632808e-09,1.1343165062427e-06
"ENSG00000238125.1","SLC9A3P2"," processed_pseudogene","chr22",18.0803368800596,4.43761796037478,0.929084387632595,7.89476876520906e-08,8.61769452125141e-06
"ENSG00000239264.9","TXNDC5"," protein_coding","chr6",18.109808008398,1.22483464515644,0.547331337903781,0.000668860130076141,0.00845822999418115
"ENSG00000239494.2","RN7SL333P"," misc_RNA","chr1",2.87533785215406,1.46517117279953,1.01244763803877,0.00308471295391903,0.0248715204314792
"ENSG00000239620.3","PRR20G"," protein_coding","chr3",4.32211688943251,3.27558496399454,1.0646108416771,0.000103012393401489,0.00217111290403291
"ENSG00000239636.1","TFAP2E-AS1"," lncRNA","chr1",10.2749693841414,1.32296999004618,0.664366327135077,0.00107105466549106,0.0118278814602685
"ENSG00000239855.1","IGKV1-6"," IG_V_gene","chr2",273.302487240636,2.63516472612257,1.14794313970082,0.00231907106300636,0.0202847018231845
"ENSG00000239951.1","IGKV3-20"," IG_V_gene","chr2",6501.3014572658,2.52470799776709,1.41365274749729,0.00127534049466911,0.0133609819029871
"ENSG00000239961.3","LILRA4"," protein_coding","chr19",48.9400308003963,2.91240739802692,0.767337686824698,5.13913086012774e-06,0.000234953061079583
"ENSG00000240280.7","TCAM1P"," transcribed_unitary_pseudogene","chr17",8.9130985386888,4.6441971896097,0.964910682639034,0.00811324989163582,0.0490455712491195
"ENSG00000240403.5","KIR3DL2"," protein_coding","chr19",14.7921820838239,2.72737676197965,0.745126713666452,8.68609942273034e-06,0.00035602471933086
"ENSG00000240498.9","CDKN2B-AS1"," lncRNA","chr9",62.183313075967,1.79907327108271,0.503452001279049,1.24084049235231e-05,0.000457981576382414
"ENSG00000240505.9","TNFRSF13B"," protein_coding","chr17",29.2069089324748,1.75050281942153,1.16516632464156,0.00211716997120304,0.0190071355531722
"ENSG00000240764.4","PCDHGC5"," protein_coding","chr5",208.176861007451,4.59588589024857,0.918556309619971,1.97539858621516e-08,2.86084748583628e-06
"ENSG00000240864.3","IGKV1-16"," IG_V_gene","chr2",1130.52164142648,2.51134527156802,2.4683782356521,0.00242383680667302,0.0209778454187099
"ENSG00000240996.1","AL157400.4"," lncRNA","chr10",1.95284477555292,1.39988302608344,1.35524642039405,0.00459367974884692,0.0327875104908898
"ENSG00000241351.3","IGKV3-11"," IG_V_gene","chr2",2122.01923019617,2.06827544405321,1.32760691877478,0.00189434640514991,0.0176131938917225
"ENSG00000241360.2","PDXP"," protein_coding","chr22",4.4928981442615,1.81226449410753,0.680850618183127,0.000326090930418554,0.0050087896297068
"ENSG00000241634.1","AC069499.1"," processed_pseudogene","chr3",9.1295504114822,1.47537420789828,0.602010157671628,0.00045505995038491,0.00643279462380351
"ENSG00000241656.1","UBA52P7"," processed_pseudogene","chr12",4.48006685742979,-1.33002229457267,0.867363670688139,0.00262669218715442,0.0222799615925581
"ENSG00000241749.4","RPSAP52"," transcribed_processed_pseudogene","chr12",36.2505003700761,2.56012367041425,0.934370051539655,0.000171406565801762,0.00315938659741152
"ENSG00000241837.7","ATP5PO"," protein_coding","chr21",1166.29510426237,-1.04722017791566,0.265889560850605,3.01969671728154e-06,0.000158068909230092
"ENSG00000242041.1","RPL35AP28"," processed_pseudogene","chr12",4.2895422629881,2.38016814087456,1.13573219498279,0.00101906735342638,0.0114196372217231
"ENSG00000242207.1","HOXB-AS4"," lncRNA","chr17",8.4863666478689,5.62047044461894,1.63734704553779,1.48902297403782e-05,0.000526577391969909
"ENSG00000242258.1","LINC00996"," lncRNA","chr7",23.1854551134766,3.23103371027718,0.711954818674044,2.50991372889172e-07,2.10867420543602e-05
"ENSG00000242294.6","STAG3L5P"," transcribed_unprocessed_pseudogene","chr7",56.6351696502585,2.24312914899941,0.49023862692234,1.9846548366261e-07,1.75974657569416e-05
"ENSG00000242472.1","IGHJ5"," IG_J_gene","chr14",14.5292775402804,3.37511910766171,1.24757922656054,0.000205242763454811,0.0035873840028455
"ENSG00000242550.6","SERPINB10"," protein_coding","chr18",39.0555896844101,-1.70448967316189,1.08609408658605,0.00188710734268243,0.0175781303562024
"ENSG00000242622.2","AC092910.3"," lncRNA","chr3",33.7744178218583,1.11441086881486,0.350912254524338,5.05127049582292e-05,0.00128233964598884
"ENSG00000243069.8","ARHGEF26-AS1"," lncRNA","chr3",39.4559855752409,-1.15894774051712,0.968355761483183,0.00305564029162197,0.0247223166238625
"ENSG00000243107.1","AC000120.1"," lncRNA","chr7",3.8576835724124,2.59259460863505,0.838867985013839,0.00011115358673241,0.00228104860546071
"ENSG00000243264.2","IGKV2D-29"," IG_V_gene","chr2",364.270986294518,2.56396753692878,2.07702978160331,0.002121919016821,0.0190253310903824
"ENSG00000243290.3","IGKV1-12"," IG_V_gene","chr2",460.545558333686,1.744997927597,2.57685877053321,0.00333464338419315,0.0262669021609599
"ENSG00000243321.3","LINC01998"," lncRNA","chr3",6.24292541366369,4.13066404265836,1.26428455100631,2.36669199381738e-05,0.000732229945147183
"ENSG00000243368.2","MCCC1-AS1"," lncRNA","chr3",5.06651798085494,1.71973074150834,0.863961899555523,0.00118216905322281,0.012633225059044
"ENSG00000243433.1","AC010973.1"," lncRNA","chr7",1.81620225602138,2.09968605383569,1.05888976558564,0.00105060110044456,0.0116698068910958
"ENSG00000243466.1","IGKV1-5"," IG_V_gene","chr2",4385.21866378003,2.41451000876452,1.24505147883625,0.00101805376174263,0.0114166921297487
"ENSG00000243566.7","UPK3B"," protein_coding","chr7",1314.49184899723,-1.58218267214071,0.907400300415565,0.00144665142084428,0.014577065245853
"ENSG00000243650.3","RN7SL834P"," misc_RNA","chr2",5.89431811824937,2.5644747366446,0.747872158081425,2.95214118079273e-05,0.000859171959152624
"ENSG00000244124.1","ATP1B3-AS1"," lncRNA","chr3",9.92125070832316,2.46470298682077,0.729030656914606,2.59596213559642e-05,0.000783244012201329
"ENSG00000244128.7","LINC01322"," lncRNA","chr3",50.3320368725712,5.92261954797752,1.2580312455859,5.62050812686963e-08,6.63455627305735e-06
"ENSG00000244215.2","LINC02016"," lncRNA","chr3",3.64937326168527,4.82344835395131,1.88509533827496,0.000228997347614035,0.00387994224678865
"ENSG00000244218.3","RN7SL81P"," misc_RNA","chr7",1.83332271660848,4.24659397105212,1.40973512773317,1.18906579412161e-05,0.000444263611752096
"ENSG00000244300.3","GATA2-AS1"," lncRNA","chr3",59.4484640566639,1.35607964402826,0.658470396988671,0.000926412821703963,0.0107007190073994
"ENSG00000244306.11","DUXAP10"," transcribed_processed_pseudogene","chr14",37.5480417987095,3.84628923841598,0.83567582332391,1.31738830927523e-07,1.29244292419315e-05
"ENSG00000244349.1","AL662791.1"," lncRNA","chr6",6.18220055166132,1.55848192724044,0.547250607701501,0.000169026046859667,0.00313450558728235
"ENSG00000244437.1","IGKV3-15"," IG_V_gene","chr2",2882.9735894811,2.65088059188682,1.20908767348974,0.000596815808577136,0.00781022340200363
"ENSG00000244482.10","LILRA6"," protein_coding","chr19",71.4991547938436,1.49206851854081,0.510694194374254,0.000104710484872051,0.00219928175166691
"ENSG00000244617.2","ASPRV1"," protein_coding","chr2",1081.02880270681,2.92148119054144,0.939504372637794,5.44353326489433e-05,0.0013586270631167
"ENSG00000244649.5","LINC02086"," lncRNA","chr17",23.6422446555819,4.30416682342004,0.939062902148654,1.33321937810684e-07,1.30376851917567e-05
"ENSG00000244675.2","AC108676.1"," lncRNA","chr3",44.3470877019563,4.90173843466603,0.940185292884854,9.33748247455493e-09,1.56033436537714e-06
"ENSG00000244720.1","NT5C3AP2"," processed_pseudogene","chr3",3.49905302510814,2.14374064482624,1.07439286864182,0.00122130635515488,0.0129310699711606
"ENSG00000245148.2","ARAP1-AS2"," lncRNA","chr11",2.61997532699341,2.04686412540035,0.971752774339783,0.0012035117703667,0.0128023556725875
"ENSG00000245149.4","RNF139-AS1"," lncRNA","chr8",38.2189825012519,1.04901125898578,0.317192222030062,3.15038077980118e-05,0.000905600478791053
"ENSG00000245164.8","LINC00861"," lncRNA","chr8",28.9572279834696,1.69143184832787,0.918367422874228,0.00127744290235492,0.0133691916687269
"ENSG00000245275.8","SAP30L-AS1"," lncRNA","chr5",34.8075928047067,1.11995726067456,0.283297966026734,2.96515245710899e-06,0.000155749882000096
"ENSG00000245522.2","LINC02709"," lncRNA","chr11",29.3971395644148,1.10657897293419,0.377211737903537,0.000107055784192719,0.00222700927814854
"ENSG00000245614.4","DDX11-AS1"," lncRNA","chr12",22.8601294918873,1.27712103574467,0.572684507228492,0.000650480821958201,0.00830523645600956
"ENSG00000246130.1","AC107959.2"," lncRNA","chr8",4.06153077963229,2.15943711190992,0.693666565806121,8.89506654088163e-05,0.00193647572446552
"ENSG00000246375.3","PPM1K-DT"," lncRNA","chr4",19.4021388986879,-1.9298781438148,0.766227967072369,0.000304768977812632,0.00478345054852383
"ENSG00000246859.3","STARD4-AS1"," lncRNA","chr5",72.8604883886637,3.07537417436929,0.388821793513887,1.39716753960054e-16,4.307019472805e-13
"ENSG00000246889.2","AP000487.1"," lncRNA","chr11",16.9352277346363,1.21089518446795,0.478577465588801,0.000352505203040289,0.00530555279011229
"ENSG00000247903.1","AC024896.1"," lncRNA","chr12",19.112755593374,1.41692851972502,0.524544940495224,0.000212482139963622,0.00366754785625065
"ENSG00000248240.1","AC114956.1"," lncRNA","chr5",15.4396304877133,3.78122165641885,0.677163548792116,1.76871902482935e-09,4.13785013093347e-07
"ENSG00000248268.1","AC010275.1"," lncRNA","chr5",8.12423151555195,3.18758524636482,1.54621995672565,0.0006246054915966,0.00807658453058137
"ENSG00000248329.6","APELA"," protein_coding","chr4",36.3424559311911,4.08816320347607,0.673650684849182,5.04736415261125e-11,2.01980902596534e-08
"ENSG00000248347.3","AC120036.1"," unprocessed_pseudogene","chr8",2.747623166928,4.1658246167496,1.77456419623011,0.0069407638037248,0.0438259405868495
"ENSG00000248445.5","SEMA6A-AS1"," lncRNA","chr5",7.07065552686143,1.17361859277409,0.658735285705129,0.00171846051208888,0.0163938329843661
"ENSG00000248458.2","AL139147.1"," lncRNA","chr1",2.7961127250755,4.91517763858076,1.07608669297771,6.00740856563812e-05,0.00146500171703336
"ENSG00000248540.3","AC010931.1"," lncRNA","chr15",5.04428865861477,2.01670098629293,0.700008722442991,0.000133986283786971,0.00264949600052871
"ENSG00000248554.1","C5orf34-AS1"," lncRNA","chr5",39.4574014441691,4.5411521003537,0.572392773889544,1.41617711925986e-16,4.307019472805e-13
"ENSG00000248693.1","LINC02100"," lncRNA","chr5",4.37188071850799,1.38127550840794,1.77280278333936,0.00309879137387335,0.0249606067213896
"ENSG00000248858.7","FLJ46284"," lncRNA","chr8",9.09269413726249,1.0388617002891,1.03089635646086,0.00389832764082271,0.0292957347517522
"ENSG00000248898.3","AC022126.1"," lncRNA","chr5",37.0042253636874,4.41787249052953,0.877232543435289,2.49988118326291e-08,3.40936710433071e-06
"ENSG00000248964.7","AC131254.1"," lncRNA","chr8",2.99576246405193,2.31892606995938,0.963563675496544,0.000602536099514073,0.00785388036473095
"ENSG00000248996.1","AC145098.1"," lncRNA","chr5",7.56702794706428,1.16980517823447,0.7053933390876,0.00208886079076935,0.0188344272842183
"ENSG00000249001.5","AC093895.1"," lncRNA","chr4",22.4238516641583,3.76725706462731,1.19557489239248,4.53961905230091e-05,0.00118713185071047
"ENSG00000249307.7","LINC01088"," lncRNA","chr4",20.3107397115759,3.18979498166541,0.420763418014803,0.0016003909346937,0.0156274547261185
"ENSG00000249326.1","CTD-2194D22.4"," lncRNA","chr5",2.08757084080438,2.88663479862761,1.31539621731325,0.000940668345647049,0.010799753263935
"ENSG00000249395.4","CASC9"," lncRNA","chr8",136.7693954454,4.88426875655091,1.08850229410041,2.30554482815676e-07,1.97516999602061e-05
"ENSG00000249459.11","ZNF286B"," transcribed_unprocessed_pseudogene","chr17",47.9415315102483,1.46409686450123,0.540982453601354,0.000199666268296877,0.00351502266317718
"ENSG00000249502.3","AC006160.1"," lncRNA","chr4",6.7458471960674,1.84840188618029,0.551897144327908,3.42925588423702e-05,0.000960349532295586
"ENSG00000249916.1","AC119150.1"," lncRNA","chr5",4.15659487181863,2.45896098563181,1.00809890163784,0.000512453310427025,0.00700775293615877
"ENSG00000250081.1","AC025176.1"," lncRNA","chr5",3.43062507737193,1.69709196017069,1.1440783843266,0.00212899631938813,0.0190719190166572
"ENSG00000250116.2","RHOQ-AS1"," lncRNA","chr2",3.96567679864011,1.04858976661419,1.59123285386298,0.00517543499073323,0.0356998195448332
"ENSG00000250133.2","HOXC-AS2"," lncRNA","chr12",20.003762734883,5.27600240977512,0.757435341535299,1.2839282004049e-13,1.44622623551534e-10
"ENSG00000250274.2","AC034199.1"," lncRNA","chr5",3.84606529347709,2.13091579612494,0.785301527248496,0.000228119946703916,0.00387309161086792
"ENSG00000250390.2","AP001790.1"," lncRNA","chr11",2.10437121052362,2.21732857877517,0.983198028920507,0.000835007961558389,0.00989476239443665
"ENSG00000250451.5","HOXC-AS1"," lncRNA","chr12",9.37914009676581,2.83428826848135,1.18702234355107,0.000408589712657466,0.00595421127506061
"ENSG00000250479.9","CHCHD10"," protein_coding","chr22",1344.0045103038,-1.29779841122726,0.332437441285565,3.47178225216038e-06,0.000175429437382483
"ENSG00000250548.7","LINC01303"," lncRNA","chr14",10.2704051122702,1.72355591974003,0.659746706734945,0.000266728692928829,0.0043310302926025
"ENSG00000250564.2","AC109454.3"," lncRNA","chr5",7.27414176848892,6.45017221826684,1.68818312953655,0.000382921539328983,0.00567096890875283
"ENSG00000250654.7","AC023794.3"," transcribed_unprocessed_pseudogene","chr12",3.06831475415278,1.55828084315002,1.02162902426259,0.00289337662277529,0.023819055816956
"ENSG00000250656.2","ST3GAL1P1"," processed_pseudogene","chr4",2.15085383837901,1.11537802892141,1.40351286915355,0.00534544561409239,0.0364427342437552
"ENSG00000250697.2","AC010343.3"," lncRNA","chr5",40.3838475342368,4.09156984181322,1.09417539490933,6.15275000964541e-06,0.000271346257939432
"ENSG00000250803.6","AC010255.2"," protein_coding","chr5",17.869751119116,-4.8837383044195,0.792772556519961,0.000272354098838435,0.0043988875241494
"ENSG00000251003.9","ZFPM2-AS1"," lncRNA","chr8",46.7168001631385,4.47371343459193,0.821062536467674,3.05149477263627e-09,6.53557116339344e-07
"ENSG00000251144.1","AC113346.1"," lncRNA","chr5",2.58126852602885,9.00858570929306,2.82599778679345,2.15868577338404e-06,0.000121129355029389
"ENSG00000251151.2","HOXC-AS3"," lncRNA","chr12",9.53203736145341,3.8987070454474,1.63541293007413,0.000460676458031884,0.00648754647969709
"ENSG00000251281.1","AC034223.2"," lncRNA","chr5",13.2264306555577,4.60946368176076,1.31706680474122,1.73102932130028e-05,0.000587564673534658
"ENSG00000251301.7","LINC02384"," lncRNA","chr12",21.0478539167114,1.79362352243751,0.77313306396934,0.000510269781774759,0.0069895137639115
"ENSG00000251493.5","FOXD1"," protein_coding","chr5",154.819232369076,2.12251150241569,0.76043594130954,0.000147473698855297,0.00284227984999122
"ENSG00000251593.1","MSNP1"," processed_pseudogene","chr5",11.0935300836837,1.10756177343599,0.649301620951574,0.00182210888129849,0.017114205499361
"ENSG00000251615.3","AC104825.1"," lncRNA","chr4",271.803563596894,-1.31674150382025,0.423795162221779,6.01122079082709e-05,0.00146500171703336
"ENSG00000252516.1","RNA5SP82"," rRNA_pseudogene","chr1",1.64365025053559,1.29706913447254,1.364364151471,0.00594364097978237,0.0392820961953286
"ENSG00000252690.3","AC105339.2"," lncRNA","chr15",3.97111196300957,3.04445323172219,0.784603640397841,7.35987367755746e-06,0.000313057116301475
"ENSG00000253154.2","AC100801.1"," lncRNA","chr8",21.4206658697837,3.07932648932216,1.22647380748003,0.000252369914003868,0.00415106879102198
"ENSG00000253167.1","WASHC5-AS1"," lncRNA","chr8",2.2077704142668,2.37386485531202,0.977029364066418,0.000581324725125678,0.00766355824241319
"ENSG00000253180.1","AC104986.1"," processed_pseudogene","chr8",1.49682577966482,1.18516631026036,1.42074500207454,0.00659703055360441,0.0422746502795556
"ENSG00000253214.2","AC079209.1"," lncRNA","chr8",3.9605729556936,2.78870625434345,0.742547548594376,1.10873144425745e-05,0.000420447000177082
"ENSG00000253293.5","HOXA10"," protein_coding","chr7",57.5556747112401,3.42932915781285,0.880127995452281,3.67744824094883e-06,0.000183347923527831
"ENSG00000253304.2","TMEM200B"," protein_coding","chr1",152.161624615673,1.28908293214826,0.557898025773547,0.00054779176990801,0.00734243768101027
"ENSG00000253368.4","TRNP1"," protein_coding","chr1",2668.20052798904,-2.29197965385596,0.643877373771687,1.19763921670233e-05,0.000445916823469357
"ENSG00000253451.1","IGLV2-28"," IG_V_pseudogene","chr22",132.241571473691,2.73021066009747,1.36406465305691,0.000814933215781166,0.00975152509064286
"ENSG00000253476.1","AC091185.1"," lncRNA","chr8",4.30233226683543,1.93034625767426,0.719136452574856,0.000313239184695096,0.00488040129310038
"ENSG00000253497.1","IGKV1-13"," IG_V_pseudogene","chr2",8.790570372389,2.96565171414448,1.59032697712606,0.00123618993498346,0.0130514879456439
"ENSG00000253616.5","AC107959.3"," lncRNA","chr8",18.9205421192245,2.39021219476876,0.691686414920801,2.04205355639574e-05,0.000665648175891356
"ENSG00000253667.2","AC100821.1"," processed_pseudogene","chr8",8.48670069282115,1.07237665117778,0.757333001286776,0.00281075108844993,0.0233433568686586
"ENSG00000253669.4","GASAL1"," lncRNA","chr8",109.659911037485,1.11794133968565,0.637026430391718,0.00157825055028997,0.0154736731095967
"ENSG00000253755.1","IGHGP"," IG_C_pseudogene","chr14",9957.45803472788,3.79133363099168,1.05378365948174,9.81997934978611e-06,0.000388131445447713
"ENSG00000253818.1","IGLV1-41"," IG_V_pseudogene","chr22",166.352916327257,4.33812245885086,1.37859759530308,4.10666251501212e-05,0.00110269443898177
"ENSG00000253831.3","ETV3L"," protein_coding","chr1",4.23383019878539,2.48109439055695,1.11269759762606,0.000738719609619263,0.00909950566518859
"ENSG00000253837.1","AC090197.1"," lncRNA","chr8",7.71509423146973,1.33075081025914,1.05351154857988,0.0028965142825781,0.0238263895744523
"ENSG00000253854.1","AC010834.3"," lncRNA","chr8",15.6482133031678,1.36181991615689,0.443223588095954,8.38959210990821e-05,0.00185565574428101
"ENSG00000253931.1","AC105118.1"," lncRNA","chr8",5.13565136459016,2.39397319761607,1.14573833678118,0.00100556527531544,0.0113225682036906
"ENSG00000254338.1","MAFA-AS1"," lncRNA","chr8",4.68425010545477,2.04096132658194,1.04747578714535,0.00137526564759304,0.0140544200740078
"ENSG00000254413.8","CHKB-CPT1B"," protein_coding","chr22",2.06088747953428,2.82723483958745,1.19700624087711,0.000401002558886736,0.00587178181195104
"ENSG00000254415.3","SIGLEC14"," protein_coding","chr19",58.3018046550097,1.81290389807528,0.78942613578053,0.000531823969513443,0.00719500106085958
"ENSG00000254417.1","LINC02584"," lncRNA","chr11",5.89567659820205,3.17896338176688,1.38923436733905,0.00062146771804104,0.00803942905520295
"ENSG00000254428.1","AP003392.1"," lncRNA","chr11",9.7562878921584,1.16294940890896,0.72382500924492,0.0021489587288587,0.0191829415382388
"ENSG00000254503.1","AC010319.1"," processed_pseudogene","chr19",9.2784723996512,1.86596408966314,0.82361040081879,0.000703528036116822,0.00879424503182117
"ENSG00000254585.5","MAGEL2"," protein_coding","chr15",16.1401422266707,1.93121839238606,0.737968490426055,0.000253116496643613,0.00415885035787261
"ENSG00000254605.1","AP003555.1"," lncRNA","chr11",6.24406602427448,2.74540929649953,0.674845907058194,0.00478986078561694,0.0337990802953522
"ENSG00000254732.2","AP001931.1"," protein_coding","chr11",4.78307894148966,1.09762142871472,0.874509637160031,0.00330619508746467,0.0261172236870294
"ENSG00000254756.1","AP001107.6"," lncRNA","chr11",2.61845599504612,1.92780983859411,0.859991182920631,0.000957502268908658,0.0109229244202247
"ENSG00000254838.5","GVINP1"," transcribed_unprocessed_pseudogene","chr11",165.310126862841,1.75811539080823,0.646769986664019,0.00019513470762841,0.00345714634312968
"ENSG00000254842.6","LINC02551"," lncRNA","chr11",23.7313710296005,4.20948708844594,0.891897972498931,7.93395740620917e-08,8.61769452125141e-06
"ENSG00000255262.3","ELOBP2"," processed_pseudogene","chr11",5.67528798615615,2.06079401400879,1.14712836301577,0.00156491703012354,0.0154115372989579
"ENSG00000255267.4","LINC02687"," lncRNA","chr11",7.65295277451566,1.58622759866247,1.03709990461519,0.00207677224389251,0.0187573981001793
"ENSG00000255282.6","WTAPP1"," transcribed_processed_pseudogene","chr11",27.1170825647457,2.81072940006212,0.796671038087123,1.55699087934725e-05,0.000543659742980342
"ENSG00000255438.2","AL354813.1"," lncRNA","chr20",3.39279634090759,2.30890713244545,0.847092174699634,0.000241640454764712,0.00403127325878178
"ENSG00000255535.2","AP003041.2"," processed_pseudogene","chr11",2.12628907057592,5.36099944391155,1.55328108145503,0.00319257513676759,0.0254177454540609
"ENSG00000255571.9","MIR9-3HG"," lncRNA","chr15",228.258066348843,3.44226808957835,0.688969854364992,2.30573143931123e-08,3.20201873350559e-06
"ENSG00000255624.3","C10orf88B"," transcribed_processed_pseudogene","chr10",18.9873706257604,1.83519786540812,0.684887013728557,0.000210067941544148,0.0036382666891698
"ENSG00000255650.6","FAM222A-AS1"," lncRNA","chr12",6.6902676789002,-1.44579334428675,0.659443021592704,0.000844848185952099,0.00996678350634647
"ENSG00000255710.2","AP003170.1"," processed_pseudogene","chr11",1.96359849016669,1.59365839759625,1.06951535578863,0.00380136452729022,0.0287517780075796
"ENSG00000255733.6","IFNG-AS1"," lncRNA","chr12",8.64045477436749,2.50058006277459,1.03192414646714,0.000410159660077151,0.00596836707453065
"ENSG00000255833.2","TIFAB"," protein_coding","chr5",64.4839591857866,1.44589837937449,0.929308143885482,0.00200670634455833,0.0183273153324482
"ENSG00000255837.1","TAS2R20"," protein_coding","chr12",6.80601736534719,2.30405117641917,0.616413531808544,1.07928108139002e-05,0.000412364014174809
"ENSG00000255893.1","AP000786.1"," lncRNA","chr11",6.86250442173685,1.58131053819118,0.569740880123878,0.000192587462797448,0.00342524123161333
"ENSG00000255921.1","AC026310.1"," lncRNA","chr12",1.84558016198269,2.53087642171163,1.35707743475708,0.00157342741997468,0.0154512909666419
"ENSG00000255987.1","TOMM20P2"," processed_pseudogene","chr17",8.38501234723479,2.06641832263161,1.1099967848997,0.00134921872618766,0.0138812788586107
"ENSG00000256037.1","MRPL40P1"," processed_pseudogene","chr12",2.62543311025203,2.04518400262431,1.36614733037946,0.00304882405390559,0.0246934449937233
"ENSG00000256039.2","LINC02446"," lncRNA","chr12",97.7058133349445,2.73737570847302,1.0721490872043,0.000259978526233842,0.00424408315531392
"ENSG00000256083.1","AC090673.1"," lncRNA","chr12",1.99954793137893,2.09168502902728,1.20194747655279,0.00255591053390301,0.021853502127521
"ENSG00000256128.6","LINC00944"," lncRNA","chr12",11.0358294659704,3.57059090586503,0.691638602250485,2.24442536246671e-08,3.13117929122478e-06
"ENSG00000256209.2","AC073578.1"," lncRNA","chr12",5.6508948454736,2.2325280862814,1.84450359706932,0.00225804223157243,0.0198938936242138
"ENSG00000256268.2","LINC02454"," lncRNA","chr12",22.497434679528,3.72481584837566,0.867907748949617,5.75912847209405e-07,4.17885197407885e-05
"ENSG00000256282.1","AC112694.1"," transcribed_processed_pseudogene","chr11",4.01627689888955,2.20897868853993,0.595380076977405,1.2723265962258e-05,0.000466511849471864
"ENSG00000256540.1","AC007406.3"," lncRNA","chr12",12.0444237558494,2.93942615595174,0.645961091365106,1.76098091788535e-07,1.63781995888829e-05
"ENSG00000256553.1","TRAV1-2"," TR_V_gene","chr14",7.7735092494869,2.10938860723636,0.871840112086329,0.000455179496610829,0.00643279462380351
"ENSG00000256633.1","PDE2A-AS2"," lncRNA","chr11",8.02598088883441,1.86884099075237,0.866681443536046,0.000794055611141314,0.00958698424042905
"ENSG00000256663.1","AC112777.1"," processed_pseudogene","chr12",46.3424043360179,1.49526166024881,0.471619287637166,5.22634330475302e-05,0.0013158011500617
"ENSG00000256694.1","AC026369.2"," lncRNA","chr12",10.0547318346819,2.43913676009396,0.645802941913732,4.85484197707008e-06,0.00022391075246474
"ENSG00000256967.1","AC018653.3"," lncRNA","chr12",29.062505630995,1.90797286619559,0.457690232432742,1.33703668393497e-06,8.14895724819922e-05
"ENSG00000256973.1","AC053513.2"," lncRNA","chr12",2.94144697347039,1.53127301250358,0.761248993728426,0.00150671501429477,0.015028463940657
"ENSG00000257017.9","HP"," protein_coding","chr16",188.633058600442,-2.18319544250583,1.38672783667785,0.00160201906686676,0.0156327228644174
"ENSG00000257042.1","AC008011.2"," lncRNA","chr12",10.1745914668245,5.00184658356337,1.26012247221469,1.95214830416168e-06,0.000110973245559755
"ENSG00000257084.1","MIR200CHG"," lncRNA","chr12",142.325422708803,-1.50939722350425,0.478964343336109,5.14176252177714e-05,0.00129772965622248
"ENSG00000257114.3","LINC02450"," lncRNA","chr12",9.01419165490727,3.95341874016853,1.17401617311577,1.21283966931108e-05,0.000450379644233919
"ENSG00000257253.2","AC131157.1"," lncRNA","chr12",5.34976807838733,2.39960187412311,1.47414691978542,0.00215989489448927,0.019230043723308
"ENSG00000257270.1","AL928654.2"," lncRNA","chr14",19.5145020046576,1.76268572140205,0.548932328499793,4.87790755901932e-05,0.00124560707466377
"ENSG00000257298.1","AC008147.2"," lncRNA","chr12",11.5765025554162,1.94582842571266,0.541971772762737,1.37496539680906e-05,0.000496047717831009
"ENSG00000257500.1","AC055736.1"," lncRNA","chr12",6.3377360280009,2.90323736028413,1.00007264885954,0.000140132485129864,0.00274003868626605
"ENSG00000257636.6","G2E3-AS1"," lncRNA","chr14",8.66114304976916,3.82966178706873,1.65961069759821,0.00052902461548151,0.00717308320581327
"ENSG00000257702.3","LBX2-AS1"," lncRNA","chr2",160.109033613466,1.10096223391514,0.820629028373124,0.00272256449669505,0.0228606720149052
"ENSG00000257763.1","OR5BK1P"," unprocessed_pseudogene","chr12",1.5409262080486,3.95400689999802,1.38101813145678,2.31311816029836e-05,0.000719313523610981
"ENSG00000257844.2","KRT90P"," unprocessed_pseudogene","chr12",2.60099469212854,3.54133967042413,1.49016697468755,0.000322080823736224,0.00496566601521518
"ENSG00000257900.2","AL162632.1"," lncRNA","chr14",1.15037233473421,5.01752137528275,1.5194749462507,0.0021632010581509,0.0192394001802756
"ENSG00000257906.3","LINC02156"," lncRNA","chr12",12.1636855464388,3.30833378317408,0.747043781393963,5.63191991499435e-07,4.1075199130629e-05
"ENSG00000257924.1","LINC02416"," lncRNA","chr12",4.82440880764384,2.91394930791477,0.940435066003771,7.91477557639361e-05,0.00177909881452224
"ENSG00000258018.2","LINC02457"," lncRNA","chr12",11.9557133215356,1.83879726287439,0.677287827017754,0.000176979231766716,0.00323366575866397
"ENSG00000258053.1","AC025575.2"," lncRNA","chr12",21.3110493314525,2.50215795930235,1.56536170210074,0.00156308859786066,0.0154094695386503
"ENSG00000258073.1","AC128657.1"," processed_pseudogene","chr12",2.70109874865656,3.46968881367563,1.48443174552457,0.000237906436402311,0.00399811803713052
"ENSG00000258101.2","AC010173.1"," lncRNA","chr12",13.206626777692,1.5316134559268,0.745169014242533,0.000786522253615968,0.00953387855688419
"ENSG00000258116.1","PPIAP45"," processed_pseudogene","chr12",5.91009366054755,3.26828024247868,0.799575268889234,2.6585976079786e-06,0.00014210180852628
"ENSG00000258168.6","AC025569.1"," lncRNA","chr12",11.2600756406634,1.42675035590526,0.897525687175959,0.00204387132049195,0.018565425924428
"ENSG00000258352.1","IFITM3P6"," transcribed_processed_pseudogene","chr12",8.05670397693378,1.38256330252639,0.675011439991475,0.00102087006127721,0.0114314142760029
"ENSG00000258366.9","RTEL1"," protein_coding","chr20",15.3608417443221,1.00757159446477,0.306609951761361,4.07046711241034e-05,0.00109747443519269
"ENSG00000258521.1","AL157871.2"," lncRNA","chr14",9.67120001793902,3.69954886761697,0.902277331588918,1.62092224761724e-06,9.5908771044325e-05
"ENSG00000258559.2","AC005519.1"," lncRNA","chr14",5.96942210686415,1.68972610416851,0.559545468526348,0.000102931953239578,0.00217092197910908
"ENSG00000258646.1","AL049780.1"," lncRNA","chr14",2.40667374070082,1.32148177215564,1.20940171087823,0.00472304757573092,0.0334260852104738
"ENSG00000258654.1","AC026495.1"," lncRNA","chr15",4.13397369361217,5.37003020131711,1.69823440360649,2.10666592514681e-05,0.000677273052658455
"ENSG00000258659.7","TRIM34"," protein_coding","chr11",3.84986749140173,1.65289148685704,0.989642362019477,0.00181634408257147,0.017070603394081
"ENSG00000258673.1","LINC01397"," lncRNA","chr1",3.72969277005464,1.80516214451147,1.11158512295783,0.0020255248386391,0.0184548492862585
"ENSG00000258682.1","AL132989.1"," lncRNA","chr14",15.3059149044257,1.18609689830591,0.364220043940723,4.07542503381458e-05,0.00109783792341367
"ENSG00000258711.2","AL358334.2"," lncRNA","chr14",47.7938169859237,4.5980667465776,0.910265180917031,1.61966875978059e-08,2.42655103404961e-06
"ENSG00000258732.1","AC025884.1"," unprocessed_pseudogene","chr15",25.1671486553651,4.83498160180109,0.988943027429909,4.43313599981456e-08,5.49913606709283e-06
"ENSG00000258818.4","RNASE4"," protein_coding","chr14",12.8827267824179,-1.66816576333713,0.621204700428711,0.000220361961307889,0.003779959576569
"ENSG00000258884.2","LINC02321"," lncRNA","chr14",9.31580606602707,1.50752007610764,0.646410568995809,0.000467902447248522,0.00655137203456079
"ENSG00000258904.1","AL157871.5"," lncRNA","chr14",2.33394101026745,1.40691868232311,0.902954032559454,0.00303351252969168,0.0246218885950128
"ENSG00000258938.1","AL162311.3"," lncRNA","chr14",27.818268667534,2.60676245013579,0.575206966325955,2.50576758355456e-07,2.10867420543602e-05
"ENSG00000259107.2","LINC00911"," lncRNA","chr14",7.37023821378862,2.93713309925057,1.48801467663442,0.000629981833177771,0.00812882371337953
"ENSG00000259318.1","HMGN1P1"," processed_pseudogene","chr14",2.47010426333541,1.47945648770019,1.56083224204403,0.00460336321845565,0.0328359765886095
"ENSG00000259341.2","AC015660.1"," lncRNA","chr15",272.410031434885,1.33537207735034,1.23871524945464,0.00321791961908399,0.0255659846852668
"ENSG00000259408.2","AC010809.2"," lncRNA","chr15",5.23563966768346,1.22870315652465,0.640750107079003,0.0012185019812181,0.0129114684943194
"ENSG00000259488.2","AC023355.1"," lncRNA","chr15",5.71110368794793,1.17690842581397,0.91142326005552,0.00346577695771907,0.0270268396449
"ENSG00000259562.2","AC090607.2"," transcribed_processed_pseudogene","chr15",9.04138694648167,1.23625575435572,0.552312867466433,0.000683732933325324,0.00860694110149962
"ENSG00000259668.6","AC066613.1"," lncRNA","chr15",7.7267061940059,1.39404750103033,0.430413775813792,4.70626021247027e-05,0.00121607044895377
"ENSG00000259672.3","AC087612.1"," lncRNA","chr15",32.8742089464129,5.99331646893985,1.32609974416985,3.2944944393139e-07,2.65770449291389e-05
"ENSG00000259712.1","AC023906.5"," lncRNA","chr15",6.75972435228453,1.9845884865855,0.546620410641787,1.25057210448255e-05,0.000460455804039077
"ENSG00000259807.2","AC009093.1"," lncRNA","chr16",27.0937356456986,1.76975043477109,1.15354640581657,0.00203515058135275,0.0185203574598089
"ENSG00000259831.1","LINC00567"," lncRNA","chr13",4.48629933362636,3.35449165004601,0.982891573648996,3.33182556159624e-05,0.000939988968504884
"ENSG00000259834.1","AL365361.1"," lncRNA","chr1",85.980876900373,1.62437233335561,0.831547633315039,0.00109650563623413,0.0119956927751038
"ENSG00000259883.2","EHD4-AS1"," lncRNA","chr15",4.91227829024468,-1.22714022038541,0.681285642903187,0.0016434366430358,0.0158773312022389
"ENSG00000260027.5","HOXB7"," protein_coding","chr17",185.367453073365,3.01323316631714,0.943912798638082,4.209806084583e-05,0.00112014726553301
"ENSG00000260051.1","AL031600.1"," lncRNA","chr16",5.38584293991439,2.46138063077057,0.58447670898616,1.51212610795201e-06,9.05281325219381e-05
"ENSG00000260084.1","AC126773.3"," lncRNA","chr16",5.96274580081387,4.18001512970021,1.08710842370264,2.22847399758275e-06,0.000123676240307453
"ENSG00000260086.3","AC007611.1"," lncRNA","chr16",18.2035379667082,1.62386424944406,0.481598933934978,2.53633668149683e-05,0.000769836402139351
"ENSG00000260097.3","SPDYE6"," protein_coding","chr7",16.0507624751038,1.07982628872421,0.551859149822611,0.00113277581736013,0.0122601818268234
"ENSG00000260121.1","AC138028.4"," lncRNA","chr16",5.45473998625927,1.11325603616101,0.749716103188464,0.00269167231646584,0.0226519257205172
"ENSG00000260139.6","CSPG4P13"," transcribed_unprocessed_pseudogene","chr15",9.52591020291333,2.04395160244852,0.690800101710993,8.0215259051081e-05,0.0017938137305298
"ENSG00000260314.3","MRC1"," protein_coding","chr10",605.964216940785,1.40158471552708,0.705739380560168,0.00106603243665601,0.0117977166549003
"ENSG00000260361.1","AC106028.3"," lncRNA","chr15",14.5961668767964,1.26889410278035,0.332205232037786,5.36071057943975e-06,0.000242251546586183
"ENSG00000260589.1","STAM-AS1"," lncRNA","chr10",7.96047007595627,2.16298713217834,0.482140979737817,2.95273687830219e-07,2.41402114730657e-05
"ENSG00000260597.1","AC012531.1"," lncRNA","chr12",4.61886483891759,7.70595854150179,2.72289937733457,4.61919102451621e-08,5.63937136860703e-06
"ENSG00000260661.1","AC116903.2"," lncRNA","chr15",1.63945874227332,2.11585682011027,1.08734912191149,0.00156582627282555,0.0154115372989579
"ENSG00000260830.1","AL135744.1"," lncRNA","chr14",4.49983103850351,1.25548048964402,0.498107447112639,0.000444972119965024,0.00633267996466836
"ENSG00000260853.2","AC109460.2"," lncRNA","chr16",43.8329292929278,1.68474456885094,0.443612691513665,5.03367919778911e-06,0.000230556152774639
"ENSG00000260884.1","AC009120.3"," lncRNA","chr16",5.18758870947328,1.29966858042151,0.707749066614047,0.00178686620634012,0.0168612975282104
"ENSG00000260920.2","AL031985.3"," lncRNA","chr1",114.535313751777,1.03391985526694,0.546133831687412,0.00128446601012538,0.0134149947685244
"ENSG00000260941.1","LINC00622"," lncRNA","chr1",16.9475874713829,1.62645626385473,1.28804493857939,0.00284102271638591,0.023517698386893
"ENSG00000260976.2","LINC01633"," lncRNA","chr1",2.95982117801697,3.4260155012909,1.42024006010919,0.000556993844610868,0.00741858319512192
"ENSG00000261008.7","LINC01572"," lncRNA","chr16",48.722449083725,1.88913355824679,0.538507884776951,1.47219215829973e-05,0.000521838929025289
"ENSG00000261039.3","LINC02544"," lncRNA","chr6",5.46677643664767,2.13834806409793,0.732574935100292,0.000120188353071178,0.00242553973586844
"ENSG00000261072.2","AC084783.1"," processed_pseudogene","chr15",3.40902783313285,2.99635710938968,1.25262427614436,0.000299118279977693,0.00471351515490237
"ENSG00000261136.1","AC023908.3"," lncRNA","chr15",7.15535241756691,2.66885892125396,0.678769917131477,3.22662244090596e-06,0.000166042755152746
"ENSG00000261207.1","AL031717.1"," lncRNA","chr16",5.27390146321331,1.2871247371566,0.761932447777601,0.00178132420215898,0.016824662410019
"ENSG00000261213.1","AC099786.3"," lncRNA","chr1",5.47088607689597,1.55658164703306,2.36832613951429,0.00306746015250877,0.0247652417356648
"ENSG00000261241.7","LINC02128"," lncRNA","chr16",10.1212650112002,1.74904897155787,0.681347615420024,0.000328152631622192,0.00502841624829534
"ENSG00000261308.3","FIGNL2"," protein_coding","chr12",3.90837758365616,1.4340743101856,0.845324624108955,0.00207723397236063,0.0187573981001793
"ENSG00000261327.5","AC134312.5"," lncRNA","chr16",28.2998408231413,3.9660442732739,0.756626656428909,5.02319585790599e-09,9.79297792477532e-07
"ENSG00000261534.1","AL596244.1"," lncRNA","chr9",226.361930808378,1.55323493858672,0.513740585447871,7.99494542603187e-05,0.00179182221991089
"ENSG00000261654.1","AL360270.2"," lncRNA","chr1",18.8355470302877,1.64403695782499,0.394010995351748,1.36220777515689e-06,8.26922656004922e-05
"ENSG00000261655.1","AC100803.3"," lncRNA","chr8",9.04037719540036,1.2041253668382,0.766379101044859,0.00197747081482056,0.0181498381252324
"ENSG00000261730.1","AL034346.1"," lncRNA","chr6",9.74458832865206,3.11054935248126,0.660639948193248,0.00214486323365557,0.0191576286417524
"ENSG00000261780.3","LINC02582"," lncRNA","chr18",3.97405538872976,3.36496645212791,1.27420582203231,0.000494353458595168,0.00683709492326278
"ENSG00000261787.2","TCF24"," protein_coding","chr8",10.0341239644751,1.76272152674682,2.553473151934,0.0037814282661696,0.0286584776811701
"ENSG00000261997.1","AC007336.1"," lncRNA","chr16",7.37951832160014,1.90721502928674,0.822319134857233,0.000594589026728572,0.00778754156014263
"ENSG00000262188.2","LINC01978"," lncRNA","chr17",14.1984361639922,-1.80323141626691,1.10958264636021,0.00162301330062362,0.0157601224495103
"ENSG00000262312.2","AC004494.1"," lncRNA","chr16",6.09176711219502,1.57856679207926,0.944805948353278,0.00195939706278119,0.0180579220819286
"ENSG00000262406.3","MMP12"," protein_coding","chr11",1177.11485440015,3.9573611215444,0.673345447184292,1.76488711185966e-10,5.8984078827459e-08
"ENSG00000262663.1","AC087222.1"," lncRNA","chr17",4.17786829856062,2.28369896738545,0.872417905616707,0.000356438066589368,0.00535855211032252
"ENSG00000262668.2","AJ003147.2"," lncRNA","chr16",6.18697961858893,2.18507378642888,1.87880941111069,0.00268006225418192,0.0225911123438012
"ENSG00000262703.1","AC009121.2"," lncRNA","chr16",3.71163031194147,3.13326427382159,0.908134464875893,3.39992828555532e-05,0.000955656367362236
"ENSG00000262874.2","C19orf84"," protein_coding","chr19",10.3543847011089,2.57729846646077,0.647896990603232,2.73281379183567e-06,0.000145557033014183
"ENSG00000262902.1","MTCO1P40"," processed_pseudogene","chr17",35.080856589753,-1.1657184516691,0.325406901929888,1.14282560153846e-05,0.000430690892436048
"ENSG00000263155.6","MYZAP"," protein_coding","chr15",310.602338112871,-2.13423672234492,0.652056987789959,3.30517376867212e-05,0.000934997388308007
"ENSG00000263513.5","FAM72C"," protein_coding","chr1",14.4123656942482,1.12696736627753,0.436736939437997,0.000294855282436176,0.004658407119341
"ENSG00000263745.7","AP005230.1"," lncRNA","chr18",65.8262608342029,1.55796693622406,0.782439341568553,0.00100888611432722,0.011335411666465
"ENSG00000263834.1","MIR4635"," miRNA","chr5",1.79123680108372,4.14600141642583,1.33521736692306,2.80891051088518e-06,0.000148564407466609
"ENSG00000263961.8","RHEX"," protein_coding","chr1",85.5889580474967,3.15121792812809,0.640627700289649,2.96703889826445e-08,3.87281347694921e-06
"ENSG00000263990.1","AC004253.1"," lncRNA","chr17",4.94248262782715,1.20225816508093,0.779393692766864,0.00261115049811576,0.0221761854507664
"ENSG00000265182.1","SRP72P1"," processed_pseudogene","chr18",2.36537035013062,1.75162479788193,1.24427351404257,0.00279793706040022,0.0232750710661794
"ENSG00000265205.1","AC010761.3"," lncRNA","chr17",4.81268358553171,1.65223447406726,0.59507865992553,0.0002489852019694,0.00410427476829016
"ENSG00000265612.1","MIR4539"," miRNA","chr14",2.06843291147198,3.33039791385969,1.52651905930148,0.00094298254956543,0.0108184319266402
"ENSG00000265917.1","MIR3685"," miRNA","chr12",3.96775384022834,1.25856586988721,0.787673116265492,0.00239646236410247,0.0207823238892069
"ENSG00000266173.7","STRADA"," protein_coding","chr17",76.4949041185682,1.37529920546874,0.3469580931158,2.78315938153611e-06,0.000147721162776017
"ENSG00000266235.1","MIR3176"," miRNA","chr16",3.9683202329389,2.05588413444451,0.762844297197146,0.000286959653629485,0.00456687804596207
"ENSG00000266289.1","AC012213.3"," lncRNA","chr8",2.4487270017578,2.17484030600256,0.908482839580124,0.000576111559036799,0.00760625405522063
"ENSG00000266302.6","AC098850.3"," protein_coding","chr17",4.14362021177476,1.83759331310566,0.92323669824196,0.00139469025360514,0.0142099546676358
"ENSG00000266313.2","AC026254.2"," lncRNA","chr17",2.72305566522285,1.8066052416828,0.787173366828074,0.000791794914529089,0.00957870275878011
"ENSG00000266718.2","AC079336.5"," lncRNA","chr17",12.3240877682907,2.18566703828642,0.37476488800098,0.00119151931713115,0.012704375978406
"ENSG00000266869.2","AC005993.1"," lncRNA","chr14",15.9628225916003,4.09959387691904,1.36954587713579,7.82497844237936e-05,0.00176282273605988
"ENSG00000266934.1","AC005746.1"," lncRNA","chr17",2.45545326733081,1.27406249595161,0.889725329180047,0.00338170648897034,0.0265482290782279
"ENSG00000267013.6","LINC01929"," lncRNA","chr18",14.7738985183788,4.20997168269596,1.07199134321542,3.93502969415523e-06,0.00019117581164272
"ENSG00000267046.1","E2F3P1"," processed_pseudogene","chr17",4.02726481694537,2.03636952215856,0.845811973939681,0.000499815611044359,0.00688871944984802
"ENSG00000267048.1","AC092143.3"," lncRNA","chr16",4.64387194474549,1.34986095384575,0.664025503273039,0.00119715497379873,0.0127482752864639
"ENSG00000267074.1","AC015911.3"," lncRNA","chr17",14.4613332162133,2.43297896041195,0.713344954445232,2.16173299896545e-05,0.000683417730743621
"ENSG00000267102.1","AC060766.1"," transcribed_processed_pseudogene","chr17",30.4229962452198,1.08758789791491,0.311688432530501,1.90224975433856e-05,0.000630895548295513
"ENSG00000267123.7","SCAT1"," lncRNA","chr17",49.5648832115271,5.62644263922758,0.852798962956922,1.27569059546182e-12,9.94809694353345e-10
"ENSG00000267151.5","MIR2117HG"," lncRNA","chr17",13.3775481272369,2.50812626830744,0.940265374910631,0.000240422504963557,0.0040219855024514
"ENSG00000267197.1","AC011461.1"," lncRNA","chr19",2.67222469551912,1.74271156712718,0.778081103889656,0.000907373408305324,0.0105167482724047
"ENSG00000267201.1","LINC01775"," lncRNA","chr19",4.48346391917589,1.82402191600107,0.695626699281637,0.000300929222984831,0.00473397511944827
"ENSG00000267284.2","AC022031.2"," lncRNA","chr18",29.9609224038001,3.79803055454129,1.0898312137183,1.70999803623789e-05,0.000581724499732695
"ENSG00000267369.1","TAF5LP1"," processed_pseudogene","chr17",34.9359187852129,2.28498240343267,0.566199362978254,1.99308942827464e-06,0.000113089232802456
"ENSG00000267421.6","AC005498.2"," lncRNA","chr19",4.7555151321129,-1.55948658908923,0.861130068100637,0.0015713171314242,0.0154455293852632
"ENSG00000267432.6","DNAH17-AS1"," lncRNA","chr17",6.79022302531753,3.68091055467702,0.86075107328284,1.25791285532929e-06,7.82207465148536e-05
"ENSG00000267523.1","AC008735.2"," lncRNA","chr19",19.5395840850481,1.562069946124,0.513115161674123,7.32287632616742e-05,0.00167091404877073
"ENSG00000267554.1","AC015911.7"," processed_pseudogene","chr17",11.5705725509451,1.69686648236351,0.63110287899998,0.000245197714247635,0.00405944370354562
"ENSG00000267577.1","AC010327.4"," lncRNA","chr19",12.9726846568622,5.12477112445958,1.5034197720824,2.85705041946092e-05,0.00083872079543499
"ENSG00000267648.1","AC060766.5"," transcribed_processed_pseudogene","chr17",4.20834705897746,1.96701161051818,0.649418346278981,0.000128875090899729,0.00256146981644272
"ENSG00000267709.1","AC024592.2"," lncRNA","chr19",76.5304948781857,-3.79925320541342,0.961859835982385,2.55611231396282e-06,0.000137348133930303
"ENSG00000267745.1","AC060766.7"," lncRNA","chr17",13.2954731926106,1.01808877576875,0.519415318714708,0.00118703756394108,0.012676044042184
"ENSG00000268041.2","ERFL"," protein_coding","chr19",10.1751451848693,1.57385538064479,0.732700702534278,0.000829652916963432,0.00985634147015971
"ENSG00000268104.3","SLC6A14"," protein_coding","chrX",2400.16891906473,-1.5516809105597,1.37313532327302,0.00277346409506083,0.0231284243276899
"ENSG00000268108.1","AC008687.2"," lncRNA","chr19",2.08136418845205,2.25250899900611,1.38329671765164,0.00238901477919286,0.020735475593491
"ENSG00000268499.1","AC011479.2"," lncRNA","chr19",1.88252426462978,2.14865960504776,0.880588724280034,0.000610338433066115,0.00792117653633582
"ENSG00000268520.1","AC008750.4"," lncRNA","chr19",2.00849476684101,1.41404157359283,1.19461708415834,0.0034639355662887,0.0270263397582191
"ENSG00000268555.2","AC123912.4"," lncRNA","chr19",13.9244667706393,-3.19108074510504,0.566425246746131,1.00307244804701e-09,2.579894840624e-07
"ENSG00000268583.2","AC011466.1"," lncRNA","chr19",5.46479652884233,1.06433304465511,0.570594141939268,0.00145855930250661,0.0146496578821445
"ENSG00000268628.2","AL121761.1"," lncRNA","chr20",84.3872811693603,-3.36691217452323,0.738670919247983,1.93153953028803e-07,1.72269535878739e-05
"ENSG00000268655.2","AC008687.4"," protein_coding","chr19",11.6999561478129,4.22051014556278,0.754480842160087,7.11547540684483e-05,0.0016423365641751
"ENSG00000268916.6","CSAG3"," protein_coding","chrX",13.2323581068666,5.19098036726302,1.01229155504776,8.89185353948773e-09,1.5192580994182e-06
"ENSG00000268947.1","AC002128.1"," lncRNA","chr19",8.75272077070562,1.33157287130864,0.575433243906086,0.000571956510975774,0.00756300581230705
"ENSG00000269053.1","AC010319.3"," lncRNA","chr19",4.03890765220997,1.13117091820078,1.32730841735039,0.0048892428745054,0.0342697726532225
"ENSG00000269069.1","AC007842.1"," processed_pseudogene","chr19",13.8700900849199,1.3750478000261,0.681099654719818,0.0011228900593164,0.0121852876301916
"ENSG00000269155.2","AL009178.2"," lncRNA","chr6",12.9935585923982,1.82230050886344,0.471659207441249,3.71355583956288e-06,0.0001845430943605
"ENSG00000269220.1","LINC00528"," lncRNA","chr22",11.7095885592078,2.46974026399476,0.594120261616244,1.61175867458855e-06,9.55524689478782e-05
"ENSG00000269243.1","AC008894.2"," lncRNA","chr19",3.95077336718146,1.60547320542961,0.676611459525873,0.000587069766547075,0.00772255744376998
"ENSG00000269313.5","MAGIX"," protein_coding","chrX",231.780355824745,-1.16970159602354,0.361403333405788,4.00196115287517e-05,0.00108477401552934
"ENSG00000269720.2","CCDC194"," protein_coding","chr19",3.3121174244695,2.00616142443654,1.49982021290038,0.00193801161540496,0.0179614060958783
"ENSG00000269858.6","EGLN2"," protein_coding","chr19",69.4983530196853,1.16720769325563,0.409516075353597,0.000140186768678853,0.00274003868626605
"ENSG00000269927.1","AC004817.3"," lncRNA","chr14",1.71530526861341,6.09998020679253,0.901444637191574,0.00510374219359407,0.0352933404578846
"ENSG00000269956.2","MKNK1-AS1"," lncRNA","chr1",5.46683902466523,2.87326890033706,0.63689269548409,4.47984633260208e-07,3.38919319685142e-05
"ENSG00000269984.1","AC078795.1"," lncRNA","chr3",8.94434609389626,1.44933166328942,0.744558023426321,0.0013168101625888,0.0136496753492887
"ENSG00000269985.1","AL021328.1"," lncRNA","chr6",53.6210070957471,-1.32463204573466,0.98990276240057,0.00252904897837352,0.0216664694589504
"ENSG00000270011.7","ZNF559-ZNF177"," protein_coding","chr19",2.08247973001764,2.09314470029845,1.26694787570881,0.00144701805074246,0.014577065245853
"ENSG00000270019.1","AC110769.2"," lncRNA","chr2",4.4749098460963,1.20655487511716,0.700168638588591,0.00194175662429577,0.0179715898401422
"ENSG00000270130.1","AC068790.7"," lncRNA","chr12",2.03828705237034,2.04569719991624,1.17730329153911,0.0010986809982749,0.012010850179919
"ENSG00000270165.1","AC010530.1"," lncRNA","chr16",1.86482891142273,2.17629470341908,0.85217118717476,0.000477981529000446,0.00666522340279255
"ENSG00000270195.2","AC016773.1"," lncRNA","chr4",5.60219658701212,1.09482715666375,0.672403892106168,0.00194970807799958,0.0180122939781899
"ENSG00000270257.1","AC096720.1"," processed_pseudogene","chr4",2.39253322593917,1.05302725271567,1.53580588438634,0.00565937072126864,0.0379868553842293
"ENSG00000270300.2","PHACTR2P1"," transcribed_processed_pseudogene","chr10",3.18754658111162,1.43897172606596,1.07342441747054,0.00333186821229082,0.0262586441928999
"ENSG00000270427.1","NRBF2P5"," processed_pseudogene","chr10",4.01960284061334,2.48042993491631,0.642478671159947,6.83148868338328e-06,0.000295963056022416
"ENSG00000270550.1","IGHV3-30"," IG_V_gene","chr14",1904.95726200352,2.55310096453471,1.5082712932169,0.00138276198984351,0.0141167977163849
"ENSG00000270557.1","AC013731.1"," lncRNA","chr2",3.2194163036213,1.07287653693527,0.817083389431795,0.00360427037462027,0.0276600239473445
"ENSG00000270765.6","GAS2L2"," protein_coding","chr17",13.6959906199723,-6.12518121464242,0.666429775009589,6.2316525827242e-05,0.00149889314215135
"ENSG00000270903.1","HNRNPA3P9"," processed_pseudogene","chr11",2.61575058578231,1.99872845006057,0.980274988063025,0.00132136501280945,0.0136836177290665
"ENSG00000270977.2","AC015849.5"," transcribed_processed_pseudogene","chr17",8.86931095723276,1.5634612496602,0.807764288978229,0.00112305136709391,0.0121852876301916
"ENSG00000271013.1","LRRC37A9P"," processed_pseudogene","chr17",3.8451902030445,2.27508328129798,1.23485850337691,0.00105749829931962,0.0117292836532486
"ENSG00000271134.1","IFITM3P9"," processed_pseudogene","chr2",18.0192544992443,2.12456157035871,0.896777971891308,0.000458638183913913,0.00646664955371991
"ENSG00000271161.1","BOLA2P2"," transcribed_processed_pseudogene","chr3",1.96076696170522,1.25601049474958,1.04950874178744,0.00481627656887572,0.0339395215991884
"ENSG00000271503.6","CCL5"," protein_coding","chr17",2835.51687841863,2.13619798090921,0.60758557170509,1.56081128608181e-05,0.000543745173466279
"ENSG00000271533.1","Z83843.1"," lncRNA","chrX",69.9451699519615,1.34517465385554,0.438848979755969,6.86327336914579e-05,0.0015994845438761
"ENSG00000271580.1","AL583832.1"," processed_pseudogene","chr1",2.56706694383884,1.8218132084428,0.824122902967881,0.000949352749926156,0.0108543854073324
"ENSG00000271615.1","ACTG1P22"," transcribed_processed_pseudogene","chr2",3.93746279052774,3.11819328889234,1.29065310372953,0.000505275910381033,0.00693454704982777
"ENSG00000271788.1","AC008875.1"," lncRNA","chr5",3.59625404638789,2.30899344100284,1.00390881545907,0.000677806140692976,0.00854648348129995
"ENSG00000271826.5","PLS3-AS1"," lncRNA","chrX",10.6922436426058,1.46803735433174,0.611827616269954,0.000467507043973305,0.00654919010979278
"ENSG00000271862.1","AC104118.1"," lncRNA","chr5",17.0128622837251,1.02173986334053,0.428207999058592,0.000490127081044733,0.00680028965137475
"ENSG00000271936.1","AC012073.1"," lncRNA","chr2",45.278203153876,1.61233399564956,0.481307815158476,2.60860741449557e-05,0.000785102836866837
"ENSG00000271947.1","AC017076.1"," lncRNA","chr2",3.07241653451688,2.68487476439505,0.912054111353455,0.000150013983436485,0.00287665528263166
"ENSG00000272143.1","FGF14-AS2"," lncRNA","chr13",55.1995258091885,-1.02091577399169,0.76478818004034,0.00274183756256354,0.0229654381135348
"ENSG00000272145.1","NFYC-AS1"," lncRNA","chr1",10.5471017430128,1.36429864547534,0.39843429192161,2.62403500616986e-05,0.000787806284725015
"ENSG00000272168.8","CASC15"," lncRNA","chr6",165.061360541493,1.37106206877573,0.66659586377631,0.000909088646983409,0.0105326144840786
"ENSG00000272183.1","AC005041.3"," lncRNA","chr2",10.9156298862828,1.71971379809116,0.656207338342294,0.000256620776359805,0.00420280434648936
"ENSG00000272211.1","AC114760.2"," lncRNA","chr2",4.59948248864907,2.09857830599342,0.463465026830069,0.00655642506977143,0.0420942697164785
"ENSG00000272235.1","AL590438.1"," lncRNA","chr1",2.46930707433395,1.84790630799101,1.3460746291003,0.00385261805886599,0.0290455312405283
"ENSG00000272398.6","CD24"," protein_coding","chr6",48863.6158238062,-1.2830810496474,0.497460228253339,0.000271326500006302,0.00438928342802748
"ENSG00000272476.1","AL024507.2"," lncRNA","chr6",42.4639545294803,1.70423727780596,0.425611329786552,2.18993937873985e-06,0.000122431298392675
"ENSG00000272482.1","AC254633.1"," lncRNA","chr1",22.9471997247052,-1.69769830862523,0.665502708307104,0.000300524463724764,0.00473322139578521
"ENSG00000272620.2","AFAP1-AS1"," lncRNA","chr4",210.529007208849,4.29275747452917,1.16715548940596,7.03894592304724e-06,0.000303360322384078
"ENSG00000272666.1","KLHDC7B-DT"," lncRNA","chr22",25.833973490879,2.53458797742169,0.478333462606792,4.99240198053009e-09,9.79297792477532e-07
"ENSG00000272763.1","AC103702.2"," lncRNA","chr17",55.6645091173065,5.11835864192317,1.06064643387004,6.59523569245738e-08,7.40150934002606e-06
"ENSG00000272849.1","AC084018.1"," lncRNA","chr12",17.4172107438603,2.50578639341723,0.49754470533148,1.61282127352758e-08,2.42655103404961e-06
"ENSG00000272872.1","AP000525.1"," lncRNA","chr22",4.70824514551422,2.79258707879221,1.0532639039377,0.000274740877704477,0.00442803090282261
"ENSG00000272941.1","AC083862.1"," lncRNA","chr7",8.24009631664426,1.53254217145277,0.517766342512415,8.63357087456234e-05,0.0018972022471681
"ENSG00000272953.1","AC092171.4"," lncRNA","chr7",3.1305503297709,1.54443650225378,0.739914348966509,0.00117759893572881,0.0126018002928642
"ENSG00000273002.1","AL355388.1"," lncRNA","chr1",6.60738241404012,1.95566478842014,0.72341244957439,0.000226162524365666,0.00385553859502971
"ENSG00000273004.1","AL078644.1"," lncRNA","chr1",15.8377886359204,1.02171616110388,0.621936242573083,0.00198094449157333,0.0181543508912781
"ENSG00000273045.7","C2orf15"," protein_coding","chr2",54.3049029005521,-1.11574954249321,0.441879545764572,0.000337792079773796,0.00514692911931887
"ENSG00000273064.1","AC017083.1"," lncRNA","chr2",3.24216273449911,1.27155185803434,1.20961026582999,0.00388542906134642,0.0292276908342144
"ENSG00000273129.1","PACERR"," lncRNA","chr1",2.24113558725892,4.77276271480869,1.16107720767421,0.00051168137033744,0.00700034436170606
"ENSG00000273272.2","U62317.3"," lncRNA","chr22",4.01916772113617,2.1111200548402,0.715955921612175,0.000144472780098296,0.00280577947709418
"ENSG00000273302.1","AC016747.3"," lncRNA","chr2",2.76481295115517,1.28560074303373,0.89775744655228,0.00322609484463972,0.0256041812395689
"ENSG00000273343.1","AC007663.4"," lncRNA","chr22",6.31172716626852,1.87455431042673,0.588846294899992,5.59098597345663e-05,0.00138693846990813
"ENSG00000273542.2","H4C12"," protein_coding","chr6",7.99520086133914,1.40852814412646,1.33418233278853,0.00361581888985634,0.0277276600850229
"ENSG00000273551.1","AC120498.8"," lncRNA","chr16",2.6269946929205,3.36047467457277,1.18898687313007,0.000149934691585547,0.00287665528263166
"ENSG00000273706.5","LHX1"," protein_coding","chr17",46.1667134669269,7.27394681247721,1.0876301146562,9.62283606304446e-13,7.90971116717219e-10
"ENSG00000273747.1","AC022558.3"," lncRNA","chr15",2.07824392561708,1.41309016248108,0.927072120778262,0.00280344742707858,0.0233017891773
"ENSG00000273983.1","H3C8"," protein_coding","chr6",33.2680249272814,1.76256316429217,0.669362425415113,0.000243094182718316,0.00404443292068499
"ENSG00000274024.1","AL590282.1"," processed_pseudogene","chrX",2.59221729700347,2.21755428994958,1.12873896963041,0.00157787820598983,0.0154736731095967
"ENSG00000274184.1","AC011815.2"," lncRNA","chr18",2.47552565462596,1.525230541419,1.26855154197745,0.00424224374706566,0.0311287212276092
"ENSG00000274460.1","AC092119.2"," lncRNA","chr16",7.01997383756623,2.54978708260201,0.668902273189811,5.45411813215475e-06,0.000245378838392341
"ENSG00000274641.2","H2BC17"," protein_coding","chr6",4.69192290391846,1.12122394969853,0.800730101244723,0.00301670910032027,0.0245182185644149
"ENSG00000274752.1","TRBV12-3"," TR_V_gene","chr7",5.2737496966619,1.93996959486114,1.58878340244851,0.00295529940733642,0.0241676582079383
"ENSG00000275216.2","AL161431.1"," lncRNA","chr13",1266.11118577169,2.65957468503132,1.07963358404873,0.000326636941224622,0.00501211366976005
"ENSG00000275302.2","CCL4"," protein_coding","chr17",346.280954630043,1.60057543926677,0.565831397041466,0.000144590081774351,0.00280626557562433
"ENSG00000275385.2","CCL18"," protein_coding","chr17",1744.90062224646,1.91454811926909,1.14201857990679,0.00164860666970719,0.015914308875254
"ENSG00000275437.1","AL121832.3"," lncRNA","chr20",12.0394104105411,1.82044981658158,0.396106517163767,1.80627368349419e-07,1.65964355093984e-05
"ENSG00000275468.1","AC004678.1"," processed_pseudogene","chr19",1.84965515603087,1.64201549306743,1.03160215322431,0.0031162016342267,0.0250258886458243
"ENSG00000275481.1","AC025031.4"," lncRNA","chr12",4.38774416375446,1.51364938465161,0.72530555068531,0.000935493902387809,0.0107769606262577
"ENSG00000275560.1","AC008115.3"," lncRNA","chr12",9.89458707728395,1.95727286457277,0.556082800182182,1.4541808474604e-05,0.000517263182617696
"ENSG00000275582.1","AL031670.1"," lncRNA","chr20",9.12682093839801,1.47530081322767,0.678635280805277,0.00080043501346558,0.00962579282899513
"ENSG00000275791.1","TRBV10-3"," TR_V_gene","chr7",7.30852903963922,2.00791445638145,0.949979211720723,0.000848085388599655,0.00999721741220206
"ENSG00000275793.1","RIMBP3"," protein_coding","chr22",8.54558921493923,2.13471204771977,0.548504738331583,3.89197974847212e-06,0.000189690352708786
"ENSG00000275895.7","U2AF1L5"," protein_coding","chr21",12.4433617251586,1.50751200497365,1.0524424162945,0.00244106449295244,0.0210784524333411
"ENSG00000276043.5","UHRF1"," protein_coding","chr19",1073.72335752952,1.34314306128895,0.414240768829384,4.05480174331082e-05,0.00109422081117402
"ENSG00000276071.1","AC074138.1"," lncRNA","chr19",2.73235797598415,1.63244667104664,1.15358968250317,0.00348704057020055,0.0271026363190577
"ENSG00000276180.1","H4C9"," protein_coding","chr6",306.067060062548,1.04487219440159,0.427872580726627,0.000410542331237238,0.00596836707453065
"ENSG00000276488.1","AC008735.4"," lncRNA","chr19",11.2643319730469,1.15303731705011,0.429339791074047,0.00023065391110776,0.00390366021064012
"ENSG00000276509.1","AC239799.1"," lncRNA","chr1",4.14215228967402,2.34990823726398,0.847819971073841,0.000216754803176014,0.0037307095806407
"ENSG00000276557.1","TRBV18"," TR_V_gene","chr7",10.3304738939826,2.41671314158474,0.845809633272633,0.000144735854694523,0.00280730328368911
"ENSG00000276566.1","IGKV1D-13"," IG_V_gene","chr2",84.8658552275915,4.51699139851373,1.30999072987144,1.62304567581392e-05,0.000560802385211937
"ENSG00000276603.1","AL109614.1"," lncRNA","chr20",10.0810463942607,1.47248114887901,0.68303620507321,0.000666652643217597,0.00844084381272972
"ENSG00000276855.1","AC015922.3"," lncRNA","chr17",114.184783186498,-1.35781508885592,0.66275205649166,0.000905579787231207,0.0105000438325791
"ENSG00000276931.1","AC009041.3"," lncRNA","chr16",17.2957423859707,1.21180588875313,0.468830487289588,0.00030703709311489,0.00480840325072252
"ENSG00000276953.1","TRBV12-4"," TR_V_gene","chr7",10.0405299537198,1.58229996462507,1.22844847246794,0.00279952491033411,0.0232819117030329
"ENSG00000277049.1","RNA5SP530"," rRNA","chr9",1.79376231037213,1.26129707146301,1.26030491259443,0.00575099413329336,0.038381607324084
"ENSG00000277128.2","AL589743.3"," lncRNA","chr14",5.81978499916156,5.88839603792134,1.80404841521053,1.85732409372466e-05,0.000619372781386493
"ENSG00000277156.1","TOMM40P1"," processed_pseudogene","chr14",3.67244940581708,3.26959945413006,1.1042243968431,0.000141309980700763,0.00275844701094499
"ENSG00000277218.1","AL139123.1"," lncRNA","chr10",2.7065350666189,1.73054613341258,1.07377086169656,0.00187751800931783,0.0175210049761839
"ENSG00000277268.2","LHX1-DT"," lncRNA","chr17",30.049405274418,5.66722451236415,1.17107119225963,2.7878953515074e-08,3.71727694563893e-06
"ENSG00000277290.1","AC136475.10"," processed_pseudogene","chr11",5.90485088379158,1.97759658967081,0.846982519654213,0.000600050764697028,0.0078356994017736
"ENSG00000277639.2","AC007906.2"," protein_coding","chr16",224.200407108265,-2.92689813216168,0.566782508737582,0.00012013146201249,0.00242553973586844
"ENSG00000277734.8","TRAC"," TR_C_gene","chr14",1309.1960104244,1.54640705618793,0.524157398313846,0.000101679798887379,0.00215047825004303
"ENSG00000277883.1","NLRP3P1"," unprocessed_pseudogene","chrX",19.9743705868881,1.95047546738706,0.843543389367815,0.000519098996727195,0.00706842205966362
"ENSG00000278399.1","AC026120.1"," unprocessed_pseudogene","chr12",6.81062222396621,4.08765488311291,1.47500927191692,0.00022251394970007,0.00380613990564017
"ENSG00000278492.1","AC006213.5"," lncRNA","chr19",2.80788221958571,1.33059912242419,0.958882375259891,0.00341946260353572,0.0267617385901523
"ENSG00000278535.5","DHRS11"," protein_coding","chr17",545.201681008004,-1.02971433017161,0.309298223527672,3.02097247399716e-05,0.00087747460329075
"ENSG00000278709.2","NKILA"," lncRNA","chr20",44.7532318067579,3.6835504485954,0.543664710844819,2.63061547667884e-05,0.000788169984252416
"ENSG00000278811.4","LINC00624"," lncRNA","chr1",5.20339743582638,1.74988143996252,0.640014875319109,0.000228041060392255,0.00387309161086792
"ENSG00000278828.1","H3C10"," protein_coding","chr6",142.529904908061,1.29570347753636,0.765692985614682,0.00170203180761754,0.0162677708385734
"ENSG00000278861.1","AC117503.2"," TEC","chr12",2.71172431362865,1.18649254961031,1.07567371416326,0.00441688582066824,0.0319335291079147
"ENSG00000278966.2","AL031602.1"," TEC","chr1",21.36182830642,3.47614577476539,0.706272634846425,4.21313966017032e-08,5.2730130240642e-06
"ENSG00000279044.1","AC007787.2"," TEC","chr19",2.90356474332613,1.34495924346395,1.03640777697989,0.0037050592040496,0.0282057485789138
"ENSG00000279277.2","AC012020.1"," lncRNA","chr3",16.2315078852641,1.67408071351814,0.46395408767027,9.12922128216322e-06,0.000369177032771112
"ENSG00000279296.1","PRAL"," TEC","chr17",4.29306975068342,3.08873161205009,0.787607863524243,5.19427786283033e-06,0.000236487384194998
"ENSG00000279331.1","RBM12B-AS1"," TEC","chr8",8.02904705506665,1.86415185734353,0.491331654865094,7.24883886227454e-06,0.000309784173452437
"ENSG00000279345.1","Z98885.3"," lncRNA","chr22",3.0693499702589,2.29593259470003,0.823600858313608,0.000177972004093523,0.00324305725613919
"ENSG00000279347.1","AC021945.1"," TEC","chr8",2.89375805998731,2.12781397935967,0.857288994721719,0.000540141853374095,0.00728484886326667
"ENSG00000279369.1","AC046185.3"," TEC","chr17",83.6439380264008,2.07604029622705,0.655035498512325,4.75583907200453e-05,0.00122471916762806
"ENSG00000279400.1","AC008957.3"," TEC","chr5",18.0955508274843,2.05398752596876,0.781367915621183,0.000238584257079046,0.00399811803713052
"ENSG00000279407.1","AC007191.1"," TEC","chr19",25.8305799624622,1.01480154850342,0.638097902390052,0.0021345091201515,0.0190827342824516
"ENSG00000279500.1","AC108704.2"," TEC","chr12",6.53339440652698,1.79861482761732,0.601888532682042,0.000115622051903136,0.00236377642502574
"ENSG00000279520.1","AC093525.8"," TEC","chr16",19.9967437376722,1.42808060984866,0.437733572068748,3.91378184094848e-05,0.0010646676845149
"ENSG00000279529.1","AC008764.8"," lncRNA","chr19",13.5626988704979,1.53864887220145,0.366357175084156,1.19431549014637e-06,7.50469359541765e-05
"ENSG00000279555.1","AC091181.1"," TEC","chr17",1.52435195547165,2.82457321504411,1.30103701263896,0.000510430081532484,0.0069895137639115
"ENSG00000279569.1","AC020763.4"," TEC","chr16",4.85764289222723,1.62910698782322,0.701354016016436,0.000666302681896973,0.00843992647419102
"ENSG00000279608.1","AL353795.3"," TEC","chr9",1.80611002482907,2.19532318981503,1.42178993871419,0.0016413994078484,0.0158626883352061
"ENSG00000279649.1","AC020978.9"," TEC","chr16",4.39967771626221,1.78492238792401,0.795469453707657,0.000700154596085658,0.00875927673005064
"ENSG00000279670.1","AL359922.3"," TEC","chr9",9.40518188166329,2.20401466694275,0.845567057942516,0.000287336430069246,0.00457048266092886
"ENSG00000279692.1","AC110285.6"," TEC","chr17",20.6459811496481,1.6765783478222,0.549162900766904,7.80332652688008e-05,0.00176055318740359
"ENSG00000279700.1","AC131212.2"," TEC","chr12",5.81668435635852,1.37550090919834,0.634952635437438,0.000873040588324557,0.0102279597121397
"ENSG00000279789.1","AC120114.3"," TEC","chr16",28.8220857981445,1.41746545080125,0.540503834662088,0.000244252303157442,0.00405704276129289
"ENSG00000279822.1","AC016397.2"," TEC","chr10",4.42946677120992,2.40911738902415,0.68902034674034,2.28241496213325e-05,0.000711949602495984
"ENSG00000279861.1","AC073548.1"," TEC","chr19",19.5625245101854,1.07180460785972,0.463938494093998,0.000529683490580042,0.00717561870779992
"ENSG00000279873.2","LINC01126"," lncRNA","chr2",6.82202899037978,1.4069566842449,0.826648065335593,0.00197484808947089,0.0181343764930792
"ENSG00000279881.1","AC041040.1"," TEC","chr8",6.90835816097405,1.34020922584405,1.00619356748996,0.00265407670793462,0.0224282590497372
"ENSG00000279900.1","AP001767.3"," TEC","chr11",1.94580882558355,1.54010790382475,0.943864956456877,0.0023432465836968,0.0204432468014833
"ENSG00000279926.1","AL138831.3"," TEC","chr6",5.52358927040569,1.88021095285434,0.656475024886445,0.000157921252074276,0.00299430114671756
"ENSG00000279989.1","AC011815.3"," TEC","chr18",4.25942779960713,2.07327249127638,0.639877900232329,6.3497176928564e-05,0.00151819154239655
"ENSG00000280062.1","AL031719.1"," TEC","chr16",2.3952221263838,1.64700879171113,1.19805625036498,0.00318984862774353,0.0254129850761975
"ENSG00000280063.1","AC012676.5"," TEC","chr16",24.6356142195653,1.79789383058629,0.42926045585934,1.15171532506108e-06,7.29731628772554e-05
"ENSG00000280107.1","AL022393.1"," TEC","chr6",6.09565254420575,2.03350097480175,0.834081783919885,0.000457492346488341,0.00645348549802872
"ENSG00000280129.1","AL132780.5"," TEC","chr14",3.67880606601203,1.52045144603702,0.706819874031689,0.000936761477283528,0.0107874770195471
"ENSG00000280135.1","AL096816.1"," TEC","chr6",14.3140573328567,1.3486406423109,0.881562536818036,0.00227471364491579,0.0199944699661341
"ENSG00000280356.1","AL021877.2"," lncRNA","chr22",6.2365493783648,3.35957621955429,1.22921264539615,9.87679295782693e-05,0.00209618216487363
"ENSG00000280411.1","IGHV1-69D"," IG_V_gene","chr14",754.203637680276,2.21741821525342,1.64118258335583,0.00213102922853132,0.0190821803710545
"ENSG00000280721.1","LINC01943"," lncRNA","chr2",19.7613659720799,2.50062006215479,0.56517620094002,3.96321087694557e-07,3.05147170634293e-05
"ENSG00000280832.1","GSEC"," lncRNA","chr11",65.9786236644141,1.51424021042783,0.584937647560947,0.000278023511068286,0.00446673483471726
"ENSG00000281103.2","TRG-AS1"," lncRNA","chr7",59.976937403485,1.19374263252511,0.623744565122438,0.00121884805994775,0.0129114684943194
"ENSG00000281183.1","NPTN-IT1"," lncRNA","chr15",22.6715549031442,1.69037717191345,0.460620383733521,9.14800084840489e-06,0.000369177032771112
"ENSG00000281327.2","LINC01338"," lncRNA","chr5",11.2409839571639,1.49821447373226,0.815058640923336,0.00140801132115124,0.0143025545458158
"ENSG00000281386.1","AP003500.1"," lncRNA","chr11",37.7154350457039,-1.6918198460141,0.95472982346518,0.00140189773846798,0.0142595036521828
"ENSG00000281530.1","AC004461.2"," lncRNA","chr22",3.52859577715196,1.46593192234575,0.716160468962647,0.00119142986585572,0.012704375978406
"ENSG00000282122.1","IGHV7-4-1"," IG_V_gene","chr14",52.6135769734774,4.79238336913741,0.920558703529713,9.92617689956184e-09,1.64067835894769e-06
"ENSG00000282431.1","TRBD1"," TR_D_gene","chr7",4.15034924484239,2.42948977675635,1.36489223174089,0.00160578126759933,0.015652764644711
"ENSG00000282780.1","TRBJ1-6"," TR_J_gene","chr7",4.14987472792669,3.8458152317444,1.39867294045277,0.000128382374256348,0.00255609016296928
"ENSG00000282851.2","BISPR"," lncRNA","chr19",119.913870598227,1.41517581253711,0.394243756566338,1.19788920782055e-05,0.000445916823469357
"ENSG00000282939.1","TRBV7-2"," TR_V_gene","chr7",32.4028936689124,1.20070349041643,1.56735132986742,0.00384590929165052,0.0290021421490125
"ENSG00000283064.1","AL353759.1"," lncRNA","chr6",6.67469625447814,1.24830242733534,0.778628639768618,0.00224137374071806,0.0197642503845921
"ENSG00000283128.2","AC009403.2"," lncRNA","chr7",6.10144229177035,1.26039415916373,1.61815012391393,0.00369333074428131,0.0281446424269174
"ENSG00000283154.2","IQCJ-SCHIP1"," protein_coding","chr3",86.9402604038867,1.34224139004041,0.348054478294628,4.48189905834902e-06,0.000212317750874718
"ENSG00000283178.1","BX119927.1"," unprocessed_pseudogene","chrX",11.5837714355568,4.06699990128858,1.10806194073048,1.09690950332662e-05,0.000417003859058407
"ENSG00000283208.2","AC001226.2"," protein_coding","chr13",4.86650146303669,1.23274801088548,0.577178994907376,0.00103696834307399,0.0115521312153513
"ENSG00000283297.2","TEX52"," protein_coding","chr12",9.83105948629617,1.45258036276341,0.619741552622637,0.000543935683878647,0.0073114112711111
"ENSG00000283554.1","LINC02341"," lncRNA","chr13",7.32736956562806,2.35747671295609,0.96346298917521,0.000433608277109982,0.00619979705257449
"ENSG00000283632.4","EXOC3L2"," protein_coding","chr19",163.335438016208,1.0373221642772,0.380994822306698,0.000195211477067003,0.00345714634312968
"ENSG00000283633.1","AP000547.3"," lncRNA","chr22",88.4807795038865,-1.62922439023867,0.88506542571491,0.00125584109569034,0.0132204552589928
"ENSG00000284095.1","AC055733.4"," TEC","chr3",16.7173702401489,4.42101943808448,1.22214686681321,1.17352095666808e-05,0.000440077593774922
"ENSG00000284194.3","SCO2"," protein_coding","chr22",29.7626478296694,1.98341530568308,0.70844209635962,0.000143447113915073,0.00279478352049911
"ENSG00000284523.2","AC004834.1"," lncRNA","chr7",4.34283807886291,1.41984517207427,1.1807084318398,0.00363325268708754,0.0278402907463828
"ENSG00000284526.1","AC015802.6"," protein_coding","chr17",34.9161738633345,1.26871632107592,0.469759397482233,0.000204174832942086,0.00357488151656169
"ENSG00000284719.1","AL033527.3"," lncRNA","chr1",7.96043273149371,1.29020076910401,0.604305065857385,0.000939314757138093,0.0107939205605856
"ENSG00000284946.1","AC068831.6"," protein_coding","chr15",27.5323418449701,1.6309866275679,0.545968482151833,9.37795468596244e-05,0.00201602312515495
"ENSG00000284948.1","AC107959.4"," lncRNA","chr8",3.39955633524827,2.65834194081219,1.487402457808,0.00135450949378631,0.0139124272997376
"ENSG00000285018.1","AC245140.3"," lncRNA","chrX",7.02087590630473,1.69737731393457,0.807312822834687,0.000975316998789386,0.0110804317834074
"ENSG00000285053.1","AL357556.3"," protein_coding","chr1",29.74357124033,1.11240631862049,0.419476746895565,0.000254368895731094,0.00417491701342135
"ENSG00000285103.2","AL451123.1"," lncRNA","chr9",81.0765324761329,2.43439098877674,0.464402541145628,6.40040378327309e-09,1.16560167820769e-06
"ENSG00000285278.1","TFAP2A-AS2"," lncRNA","chr6",24.7664653125795,1.12340704377829,0.39657391221417,0.000138491962177737,0.00271388920471102
"ENSG00000285437.1","POLR2J3"," protein_coding","chr7",6.68054784874397,1.5754499628109,0.935117746341836,0.00152044218525963,0.0151213892021913
"ENSG00000285517.1","AC010198.2"," lncRNA","chr12",48.7089380380261,3.34473567714485,0.655007513214675,1.10854570525344e-08,1.80289842427127e-06
"ENSG00000285520.1","AL353586.1"," lncRNA","chr10",3.83343979327248,1.39894380200006,0.967023087788121,0.00270475350376899,0.022742512665227
"ENSG00000285600.1","AC023593.1"," lncRNA","chr3",1.72687660136416,3.81783868866394,1.59701834423058,0.000273498986087392,0.00441035241987054
"ENSG00000285728.2","AC098484.4"," lncRNA","chr1",24.6730557967505,1.71371474612979,0.532920972583483,4.73835905134893e-05,0.00122228764909818
"ENSG00000285851.1","AL359762.3"," lncRNA","chr1",3.23393441129061,1.4160598532237,0.747188373394558,0.00161474599993175,0.0157024783115629
"ENSG00000285873.1","AL445253.1"," lncRNA","chr1",63.6360229827633,-2.27077929591894,0.468033327603388,4.44805666164086e-08,5.49913606709283e-06
"ENSG00000285881.1","AC105206.3"," lncRNA","chr8",2.07958590933995,1.26796462051009,1.02796689377435,0.00430334097706376,0.031408089545342
"ENSG00000285897.1","AC004687.2"," protein_coding","chr17",2.36886034573997,2.97366885664112,0.912086515881829,4.1474632403845e-05,0.00111035915079061
"ENSG00000285979.1","AC009090.6"," lncRNA","chr16",26.3202663928311,1.59635239981419,0.412736540222742,4.44174116058566e-06,0.000210743641055993
"ENSG00000286004.1","AC124944.3"," lncRNA","chr3",15.9388693992093,1.58051088197366,0.428971427355104,8.87570172431632e-06,0.000361361066320793
"ENSG00000286042.1","LCAL1"," lncRNA","chr6",163.766736212627,4.96179513695585,0.936548625649657,4.52755794167854e-09,9.05898813685984e-07
"ENSG00000286067.1","AC004263.2"," lncRNA","chr12",33.8593261662912,1.08112821179119,0.547996964445057,0.00114076564699636,0.0123378753990399
"ENSG00000286196.1","AL162586.2"," lncRNA","chr9",2.04914969674259,2.36140419851686,1.16491521201885,0.00113019298661993,0.012245300784493
"ENSG00000286276.1","AL390066.2"," lncRNA","chr1",2.12711656933557,2.12657405697309,1.00430186872112,0.00105827939895173,0.0117336680132406
"ENSG00000286337.1","AC025370.2"," lncRNA","chr8",4.25246045218311,1.36373547920681,0.600785933359512,0.000796549650622455,0.00959804458176733
"ENSG00000286555.1","AP003065.1"," lncRNA","chr11",11.7546870215919,1.62419277103264,0.481957370908012,2.60030155282953e-05,0.000783775729694792
"ENSG00000286561.1","AC011092.3"," lncRNA","chr11",7.84504299633505,2.37455760481665,0.746992198660422,4.50163564965166e-05,0.00117922691656207
"ENSG00000286563.1","AC078983.1"," lncRNA","chr12",3.02539361496161,1.78771304708487,0.946834275209393,0.00179437311443921,0.0169006718889563
"ENSG00000286656.1","AC008875.2"," lncRNA","chr5",7.9684690232412,1.52568850936022,0.668088446828749,0.000648745085422823,0.00829352008531497
"ENSG00000286677.1","AP006545.3"," lncRNA","chr8",3.05005145387957,1.68946782035084,1.26263372203875,0.00311059119392121,0.025000636887084
"ENSG00000286782.1","AL355377.3"," lncRNA","chr9",5.26570258227523,2.55725950490146,0.431686494582854,0.00785956744567609,0.0479408392950957
"ENSG00000286828.1","AC008883.3"," lncRNA","chr5",5.84289390964993,1.72010520452216,0.870331365131318,0.00123635737255121,0.0130514879456439
"ENSG00000286878.1","AC100805.1"," lncRNA","chr8",5.98111515276498,4.7643875600536,1.21288989977502,2.01633286399995e-06,0.000114195030526686
"ENSG00000286940.1","MICB-DT"," lncRNA","chr6",40.1567109870159,1.89039690028275,0.586920258759726,4.41754635305053e-05,0.00116321071199416
"ENSG00000286990.1","AC016026.2"," lncRNA","chr22",4.32786994162148,2.64629951224683,0.695614551518327,9.38685116221364e-06,0.000376625731393672
"ENSG00000287023.1","AC018978.1"," lncRNA","chr10",32.9314816194193,1.77931516910659,2.18296898434048,0.00304688554734584,0.0246862518799418
"ENSG00000287030.1","AC107032.3"," lncRNA","chr12",2.18192778648522,1.95996221644308,1.39547134548711,0.00316211159895775,0.0252751969401344
"ENSG00000287055.1","AL359813.1"," lncRNA","chr6",18.3642420626258,3.77223536720281,0.936557971225955,1.90964660407753e-06,0.000108964506885197
"ENSG00000287110.1","AC112484.5"," lncRNA","chr3",11.4648164690239,1.06016113509976,0.852402681120629,0.00312939002652107,0.0250920482142329
"ENSG00000287126.1","AC108488.3"," lncRNA","chr2",130.486653297093,2.19076809090027,0.47214384852696,1.35828083121423e-07,1.31978897507087e-05
"ENSG00000287151.1","C2orf27A"," lncRNA","chr2",126.537652996277,1.01126739145485,0.510061941165545,0.00109402356575535,0.011981468745163
"ENSG00000287188.1","AC068989.1"," lncRNA","chr4",9.42953332637785,3.49203537513398,0.795162800379069,5.02900191621061e-07,3.73953631485851e-05
"ENSG00000287202.1","AC008119.1"," lncRNA","chr12",5.84169373170595,2.07058292560327,0.664436973116052,8.14470504459843e-05,0.00181335954993684
"ENSG00000287263.1","AC008875.3"," lncRNA","chr5",389.436203949881,1.83037319975976,0.445461101022067,1.48984193526571e-06,8.95465667534309e-05
"ENSG00000287331.1","AC106045.1"," lncRNA","chr4",20.8292063018461,-3.6592927927725,0.730543453656381,2.0031630471915e-08,2.88730795043768e-06
"ENSG00000287335.1","AL139351.3"," lncRNA","chr20",34.8710382555049,2.45553775572825,1.05265599661851,0.000396875223265193,0.00583099814742237
"ENSG00000287349.1","AC108477.2"," lncRNA","chr4",7.85554194557064,1.30495779802076,0.772158204612601,0.00188155280201715,0.0175449990525873
"ENSG00000287394.1","AC244102.4"," lncRNA","chrX",17.3119376647433,4.35328509652169,1.46926032039079,9.37978075853831e-05,0.00201602312515495
"ENSG00000287511.1","AL109984.1"," lncRNA","chr20",4.14854898247944,2.48230984628853,0.66579537220277,1.36441658782216e-05,0.000492983440952757
"ENSG00000287543.1","AC013486.1"," lncRNA","chr15",31.2324190042622,1.69227328709964,0.588961562581312,0.000119809616498407,0.00242328899740191
"ENSG00000287625.1","AC022210.1"," lncRNA","chr2",19.1323269733845,1.35755727871688,0.705019881002032,0.00103925874198645,0.0115721323480027
"ENSG00000287626.1","AL021978.1"," lncRNA","chr6",28.9495155675532,3.57945113931925,1.09778786521447,3.25700389156531e-05,0.000927496866366577
"ENSG00000287670.1","AC108479.1"," lncRNA","chr2",19.2114198456674,2.13008688040976,0.650830971730259,3.87406736785294e-05,0.00105680323120734
"ENSG00000287692.1","AC053545.1"," lncRNA","chr4",4.11059573031257,1.84097416942688,1.19292262928678,0.00257848742959432,0.0219847317623359
"ENSG00000287721.1","AC061975.8"," lncRNA","chr17",17.0124122465255,3.04899451381673,0.644108459274763,7.90990565464386e-08,8.61769452125141e-06
"ENSG00000287727.1","AL139423.2"," lncRNA","chr1",3.09077683045458,1.97885944286083,0.726311528018657,0.000300992139593617,0.00473397511944827
"ENSG00000287733.1","AC083862.2"," lncRNA","chr7",31.3775635151711,1.47565077083724,0.437872895023,2.56454591837481e-05,0.000775857835627297
"ENSG00000287735.1","AL355075.6"," lncRNA","chr14",6.25601408952798,1.75094816506344,0.527025584290349,3.32538848975285e-05,0.000939044012431321
"ENSG00000287743.1","AL031289.2"," lncRNA","chr1",3.69202063869009,2.74307659350653,1.0892493243858,0.000360955138754996,0.00541842479514101
"ENSG00000287828.1","AL354743.2"," lncRNA","chr1",7.19565684749083,1.214718964125,0.858990526518962,0.00287262999870422,0.0236954966505537
"ENSG00000287839.1","AL353807.5"," lncRNA","chr1",59.5529258920073,2.22752036249941,0.477480617111812,1.18444222335171e-07,1.19675884846497e-05
"ENSG00000287892.1","AC090907.3"," lncRNA","chr15",2.62875788166884,1.45236635009367,0.814605278053464,0.00230908438805095,0.0202264353380742
"ENSG00000287895.1","AL136379.1"," lncRNA","chr1",38.8603916552224,3.2308312335188,1.05787255552704,6.22829251484181e-05,0.00149889314215135
"ENSG00000287944.1","AC027584.1"," lncRNA","chr18",5.83219721359862,5.62726579838301,1.88549397356892,4.5956047564902e-05,0.00119560416988141
"ENSG00000287987.1","AL390839.2"," lncRNA","chr1",17.4046994665791,3.46980278429063,1.31783099787833,0.000177137643571308,0.00323366575866397
"ENSG00000288033.1","AC137894.4"," lncRNA","chr11",1.91541033718971,1.22830590522806,1.25242167099045,0.00526013354129261,0.0360632194299667
"ENSG00000288062.1","AL136981.3"," lncRNA","chr9",19.8104851341678,5.74435964893007,1.00315728886403,0.00023851606103239,0.00399811803713052
"ENSG00000288065.1","AC007881.4"," lncRNA","chr2",9.62160293357137,2.41887896474893,0.541981539831114,3.96108435082037e-07,3.05147170634293e-05
"ENSG00000288534.1","AP001931.2"," protein_coding","chr11",2.20325737075349,2.06752598148623,1.02192595094212,0.0015769789448491,0.0154711808547405
"ENSG00000288611.1","NPBWR1"," protein_coding","chr8",92.9959095356558,1.94763071049999,1.21974627756887,0.00176053674757411,0.0167061479263561
